# WaveFront *.obj file (generated by Autodesk ATF)

mtllib 73487944-77f8-4c4f-be55-c71e6a2ba945.mtl

g Body1

v -74.893257 -0.088075 126.504080
v -74.893257 0.507472 126.579796
v -74.893257 1.056992 126.793433
v -74.893257 1.556311 127.143795
v -74.893257 1.956855 127.572624
v -74.893257 2.282145 128.091907
v -74.893257 2.506770 128.634280
v -74.893257 2.644948 129.229197
v -74.893257 2.696466 129.823712
v -74.893257 2.653687 130.420933
v -74.893257 2.525545 131.017307
v -74.893257 2.310834 131.564211
v -74.893257 1.997260 132.090678
v -74.893257 1.607811 132.529544
v -74.893257 1.118279 132.893580
v -74.893257 0.574945 133.121916
v -74.893257 -0.018541 133.211510
v -74.893257 -0.613756 133.134239
v -74.893257 -1.161707 132.917216
v -74.893257 -1.658681 132.563407
v -74.893257 -2.057145 132.132709
v -74.893257 -2.381565 131.612855
v -74.893257 -2.607568 131.070521
v -74.893257 -2.748047 130.476931
v -74.893257 -2.803197 129.880725
v -74.893257 -2.764015 129.285270
v -74.893257 -2.638200 128.687617
v -74.893257 -2.424867 128.140703
v -74.893257 -2.110413 127.614789
v -74.893257 -1.718845 127.177747
v -74.893257 -1.226897 126.817109
v -74.893257 -0.681923 126.592126
v 74.893257 -0.080991 127.187346
v 74.893257 -0.677010 127.276485
v 74.893257 -1.223103 127.504217
v 74.893257 -1.715434 127.868478
v 74.893257 -2.106205 128.309104
v 74.893257 -2.419781 128.838458
v 74.893257 -2.631918 129.387997
v 74.893257 -2.757050 129.988444
v 74.893257 -2.795883 130.586104
v 74.893257 -2.740886 131.184608
v 74.893257 -2.600925 131.780968
v 74.893257 -2.375991 132.325919
v 74.893257 -2.052386 132.849251
v 74.893257 -1.654730 133.283595
v 74.893257 -1.157422 133.641159
v 74.893257 -0.608380 133.861075
v 74.893257 -0.306132 133.920366
v 74.893257 -0.010994 133.939476
v 74.893257 0.283684 133.914251
v 74.893257 0.584638 133.848707
v 74.893257 1.129002 133.617456
v 74.893257 1.618791 133.249660
v 74.893257 2.007357 132.807165
v 74.893257 2.320044 132.277237
v 74.893257 2.533631 131.727739
v 74.893257 2.661199 131.128606
v 74.893257 2.703776 130.529091
v 74.893257 2.652562 129.932364
v 74.893257 2.515009 129.334640
v 74.893257 2.291525 128.789617
v 74.893257 1.967042 128.266878
v 74.893257 1.567221 127.834448
v 74.893257 1.067444 127.480472
v 74.893257 0.516747 127.264110
v -127.750000 1.051646 236.444549
v -126.393944 1.243707 254.971302
v -122.354676 1.431675 273.103190
v -115.718288 1.611544 290.453762
v -106.626222 1.779479 306.653222
v -95.272260 1.931901 321.356305
v -81.898392 2.065563 334.249642
v -66.789658 2.177614 345.058434
v -50.268076 2.265668 353.552308
v -32.685773 2.327847 359.550235
v -14.417486 2.362825 362.924377
v 4.147427 2.369859 363.602821
v 22.613289 2.348796 361.571108
v 40.586532 2.300088 356.872539
v 57.684086 2.224771 349.607257
v 73.541547 2.124450 339.930108
v 87.820941 2.001265 328.047344
v 100.217928 1.857841 314.212226
v 110.468287 1.697233 298.719624
v 118.353550 1.522867 281.899737
v 123.705655 1.338456 264.111052
v 126.410533 1.147934 245.732704
v 126.410533 0.955358 227.156394
v 123.705655 0.764835 208.778046
v 118.353550 0.580425 190.989361
v 110.468287 0.406058 174.169474
v 100.217928 0.245451 158.676873
v 87.820941 0.102027 144.841754
v -126.393944 0.859585 217.917796
v -122.354676 0.671617 199.785908
v -115.718288 0.491748 182.435336
v -106.626222 0.323813 166.235877
v -95.272260 0.171391 151.532793
v -81.898392 0.037729 138.639456
v -127.843704 1.763360 236.437171
v -128.118430 2.426572 236.430296
v -128.555456 2.996085 236.424392
v -129.125000 3.433088 236.419861
v -129.788248 3.707799 236.417014
v -130.500000 3.801498 236.416042
v -131.211752 3.707799 236.417014
v -131.875000 3.433088 236.419861
v -132.444544 2.996085 236.424392
v -132.881570 2.426572 236.430296
v -133.156296 1.763360 236.437171
v -133.250000 1.051646 236.444549
v -133.156296 0.339932 236.451927
v -132.881570 -0.323280 236.458803
v -132.444544 -0.892793 236.464707
v -131.875000 -1.329796 236.469237
v -131.211752 -1.604507 236.472085
v -130.500000 -1.698206 236.473056
v -129.788248 -1.604507 236.472085
v -129.125000 -1.329796 236.469237
v -128.555456 -0.892793 236.464707
v -128.118430 -0.323280 236.458803
v -127.843704 0.339932 236.451927
v 75.182917 2.705815 130.723585
v 75.597283 2.606118 130.145888
v 75.983410 2.325816 129.609503
v 76.314984 1.884013 129.150984
v 76.569411 1.310817 128.801577
v 76.729350 0.645289 128.585095
v 76.783902 -0.067215 128.516290
v 76.729350 -0.778139 128.599851
v 76.569411 -1.439036 128.830084
v 76.314984 -2.004865 129.191299
v 75.983410 -2.437068 129.658879
v 75.597283 -2.706189 130.200959
v 75.182917 -2.793889 130.780599
v 87.885979 0.813041 144.766922
v 88.076659 1.474203 144.562281
v 88.379988 2.040455 144.241777
v 88.775293 2.473207 143.827252
v 89.235636 2.742969 143.346956
v 89.729645 2.831357 142.833619
v 90.223654 2.732346 142.322225
v 90.683997 2.452685 141.847624
v 91.079303 2.011432 141.442160
v 91.382632 1.438658 141.133464
v 91.573312 0.773396 140.942574
v 91.638349 0.060982 140.882498
v 91.573312 -0.650033 140.957330
v 91.382632 -1.311195 141.161971
v 91.079303 -1.877446 141.482475
v 90.683997 -2.310199 141.897000
v 90.223654 -2.579960 142.377296
v 89.729645 -2.668348 142.890633
v 89.235636 -2.569337 143.402027
v 88.775293 -2.289676 143.876628
v 88.379988 -1.848423 144.282092
v 88.076659 -1.275649 144.590788
v 87.885979 -0.610387 144.781678
v -81.958332 -0.674732 138.574813
v -82.134067 -1.340133 138.370532
v -82.413621 -1.913128 138.040535
v -82.777942 -2.354669 137.607311
v -83.202204 -2.634665 137.100382
v -83.657493 -2.734035 136.554297
v -84.112782 -2.646007 136.006268
v -84.537043 -2.376580 135.493645
v -84.901365 -1.944116 135.051360
v -85.180919 -1.378085 134.709555
v -85.356654 -0.717062 134.491523
v -85.416594 -0.006094 134.412124
v -85.356654 0.706366 134.476767
v -85.180919 1.371767 134.681048
v -84.901365 1.944763 135.011045
v -84.537043 2.386303 135.444269
v -84.112782 2.666300 135.951197
v -83.657493 2.765670 136.497283
v -83.202204 2.677642 137.045311
v -82.777942 2.408215 137.557935
v -82.413621 1.975751 138.000220
v -82.134067 1.409720 138.342025
v -81.958332 0.748697 138.560056
v -126.486649 0.532135 254.992323
v -126.758448 -0.130663 255.039197
v -127.190816 -0.699516 255.108729
v -127.754291 -1.135659 255.196181
v -128.410470 -1.409370 255.295593
v -129.114638 -1.501994 255.400191
v -129.818805 -1.407221 255.502846
v -130.474985 -1.131509 255.596562
v -131.038459 -0.693646 255.674954
v -131.470828 -0.123474 255.732678
v -131.742627 0.540153 255.765801
v -131.835332 1.252009 255.772066
v -131.742627 1.963581 255.751045
v -131.470828 2.626379 255.704171
v -131.038459 3.195232 255.634639
v -130.474985 3.631375 255.547187
v -129.818805 3.905086 255.447775
v -129.114638 3.997710 255.343177
v -128.410470 3.902937 255.240522
v -127.754291 3.627225 255.146805
v -127.190816 3.189362 255.068414
v -126.758448 2.619190 255.010690
v -126.486649 1.955563 254.977567
v -126.486649 1.571157 217.896775
v -126.758448 2.233955 217.849902
v -127.190816 2.802808 217.780369
v -127.754291 3.238951 217.692917
v -128.410470 3.512661 217.593505
v -129.114638 3.605286 217.488907
v -129.818805 3.510513 217.386252
v -130.474985 3.234800 217.292536
v -131.038459 2.796938 217.214144
v -131.470828 2.226765 217.156420
v -131.742627 1.563139 217.123297
v -131.835332 0.851283 217.117033
v -131.742627 0.139711 217.138053
v -131.470828 -0.523087 217.184927
v -131.038459 -1.091940 217.254459
v -130.474985 -1.528083 217.341911
v -129.818805 -1.801794 217.441323
v -129.114638 -1.894418 217.545921
v -128.410470 -1.799645 217.648576
v -127.754291 -1.523933 217.742293
v -127.190816 -1.086070 217.820684
v -126.758448 -0.515898 217.878408
v -126.486649 0.147729 217.911531
v -122.444407 0.720241 273.137562
v -122.707485 0.057850 273.223582
v -123.125982 -0.510358 273.355386
v -123.671377 -0.945660 273.523992
v -124.306503 -1.218391 273.717911
v -124.988078 -1.309964 273.923927
v -125.669652 -1.214140 274.127999
v -126.304779 -0.937447 274.316222
v -126.850174 -0.498744 274.475768
v -127.268671 0.072075 274.595764
v -127.531749 0.736107 274.668033
v -127.621480 1.448101 274.687650
v -127.531749 2.159535 274.653277
v -127.268671 2.821927 274.567257
v -126.850174 3.390135 274.435453
v -126.304779 3.825436 274.266847
v -125.669652 4.098167 274.072928
v -124.988078 4.189740 273.866913
v -124.306503 4.093916 273.662840
v -123.671377 3.817224 273.474617
v -123.125982 3.378520 273.315071
v -122.707485 2.807702 273.195075
v -122.444407 2.143669 273.122806
v -115.803132 0.900242 290.500911
v -116.051883 0.238239 290.624390
v -116.447587 -0.329352 290.815782
v -116.963280 -0.763848 291.062046
v -117.563816 -1.035641 291.346399
v -118.208271 -1.126209 291.649462
v -118.852726 -1.029378 291.950583
v -119.453262 -0.751748 292.229239
v -119.968954 -0.312240 292.466443
v -120.364659 0.259196 292.646028
v -120.613409 0.923617 292.755755
v -120.698254 1.635744 292.788148
v -120.613409 2.347045 292.740999
v -120.364659 3.009049 292.617521
v -119.968954 3.576639 292.426128
v -119.453262 4.011135 292.179864
v -118.852726 4.282929 291.895511
v -118.208271 4.373496 291.592448
v -117.563816 4.276665 291.291328
v -116.963280 3.999036 291.012671
v -116.447587 3.559527 290.775467
v -116.051883 2.988091 290.595883
v -115.803132 2.323670 290.486155
v -106.704371 1.068301 306.712300
v -106.933492 0.406660 306.870752
v -107.297971 -0.160354 307.117780
v -107.772969 -0.594099 307.436549
v -108.326116 -0.865016 307.805336
v -108.919716 -0.954644 308.199008
v -109.513316 -0.856874 308.590738
v -110.066463 -0.578369 308.953829
v -110.541461 -0.138109 309.263538
v -110.905940 0.433904 309.498758
v -111.135061 1.098687 309.643459
v -111.213210 1.810937 309.687781
v -111.135061 2.522115 309.628703
v -110.905940 3.183756 309.470251
v -110.541461 3.750769 309.223223
v -110.066463 4.184514 308.904454
v -109.513316 4.455432 308.535667
v -108.919716 4.545060 308.141994
v -108.326116 4.447290 307.750265
v -107.772969 4.168785 307.387174
v -107.297971 3.728525 307.077465
v -106.933492 3.156512 306.842245
v -106.704371 2.491729 306.697544
v -95.342048 1.220835 321.426210
v -95.546657 0.559524 321.616406
v -95.872142 -0.006966 321.913930
v -96.296322 -0.440029 322.298507
v -96.790290 -0.710152 322.743929
v -97.320384 -0.798928 323.219840
v -97.850477 -0.700305 323.693809
v -98.344446 -0.421006 324.133535
v -98.768626 0.019937 324.509052
v -99.094111 0.592473 324.794768
v -99.298719 1.257585 324.971213
v -99.368507 1.969948 325.026362
v -99.298719 2.681014 324.956456
v -99.094111 3.342325 324.766261
v -98.768626 3.908815 324.468737
v -98.344446 4.341878 324.084160
v -97.850477 4.612001 323.638738
v -97.320384 4.700777 323.162826
v -96.790290 4.602154 322.688858
v -96.296322 4.322855 322.249132
v -95.872142 3.881912 321.873615
v -95.546657 3.309376 321.587899
v -95.342048 2.644264 321.411454
v -81.958332 1.354595 334.329042
v -82.134067 0.693572 334.547073
v -82.413621 0.127541 334.888878
v -82.777942 -0.304923 335.331163
v -83.202204 -0.574350 335.843787
v -83.657493 -0.662378 336.391815
v -84.112782 -0.563008 336.937901
v -84.537043 -0.283012 337.444829
v -84.901365 0.158529 337.878053
v -85.180919 0.731524 338.208050
v -85.356654 1.396925 338.412331
v -85.416594 2.109386 338.476974
v -85.356654 2.820354 338.397575
v -85.180919 3.481377 338.179543
v -84.901365 4.047408 337.837739
v -84.537043 4.479872 337.395454
v -84.112782 4.749299 336.882830
v -83.657493 4.837327 336.334801
v -83.202204 4.737957 335.788716
v -82.777942 4.457960 335.281788
v -82.413621 4.016420 334.848563
v -82.134067 3.443424 334.518566
v -81.958332 2.778023 334.314286
v -66.838473 1.466729 345.145792
v -66.981588 0.805948 345.387160
v -67.209253 0.240302 345.766086
v -67.505951 -0.191661 346.256749
v -67.851464 -0.460504 346.825710
v -68.222244 -0.547905 347.434195
v -68.593025 -0.447908 348.040738
v -68.938537 -0.167328 348.604004
v -69.235235 0.274715 349.085606
v -69.462900 0.848095 349.452724
v -69.606016 1.513738 349.680341
v -69.654830 2.226281 349.752943
v -69.606016 2.937166 349.665584
v -69.462900 3.597947 349.424217
v -69.235235 4.163593 349.045291
v -68.938537 4.595556 348.554628
v -68.593025 4.864399 347.985667
v -68.222244 4.951800 347.377181
v -67.851464 4.851803 346.770639
v -67.505951 4.571223 346.207373
v -67.209253 4.129180 345.725771
v -66.981588 3.555800 345.358653
v -66.838473 2.890158 345.131036
v -50.304724 1.554848 353.645922
v -50.412170 0.894257 353.905627
v -50.583093 0.328913 354.313725
v -50.805845 -0.102656 354.842404
v -51.065244 -0.371040 355.455637
v -51.343614 -0.457948 356.111631
v -51.621983 -0.357459 356.765683
v -51.881383 -0.076420 357.373220
v -52.104134 0.366017 357.892839
v -52.275057 0.939699 358.289129
v -52.382504 1.605532 358.535083
v -52.419152 2.318140 358.613940
v -52.382504 3.028960 358.520327
v -52.275057 3.689551 358.260622
v -52.104134 4.254895 357.852524
v -51.881383 4.686464 357.323845
v -51.621983 4.954848 356.710612
v -51.343614 5.041756 356.054618
v -51.065244 4.941267 355.400565
v -50.805845 4.660228 354.793029
v -50.583093 4.217791 354.273410
v -50.412170 3.644109 353.877120
v -50.304724 2.978276 353.631166
v -32.709474 1.617072 359.648265
v -32.778961 0.956615 359.920919
v -32.889500 0.391485 360.349616
v -33.033556 -0.039805 360.905141
v -33.201314 -0.307865 361.549636
v -33.381340 -0.394426 362.239179
v -33.561366 -0.293589 362.926779
v -33.729123 -0.012225 363.565578
v -33.873180 0.430489 364.112043
v -33.983718 1.004385 364.528932
v -34.053206 1.670353 364.787835
v -34.076907 2.383006 364.871109
v -34.053206 3.093781 364.773079
v -33.983718 3.754238 364.500425
v -33.873180 4.319368 364.071728
v -33.729123 4.750658 363.516203
v -33.561366 5.018718 362.871708
v -33.381340 5.105279 362.182165
v -33.201314 5.004442 361.494565
v -33.033556 4.723078 360.855766
v -32.889500 4.280364 360.309301
v -32.778961 3.706468 359.892412
v -32.709474 3.040500 359.633509
v -14.427735 1.652077 363.024892
v -14.457782 0.991695 363.304831
v -14.505580 0.426686 363.745116
v -14.567872 -0.004449 364.315743
v -14.640412 -0.272326 364.977824
v -14.718257 -0.358691 365.686240
v -14.796102 -0.257658 366.392713
v -14.868643 0.023887 367.049098
v -14.930934 0.466759 367.610665
v -14.978732 1.040775 368.039142
v -15.008779 1.706817 368.305330
v -15.019028 2.419497 368.391089
v -15.008779 3.130246 368.290574
v -14.978732 3.790627 368.010635
v -14.930934 4.355637 367.570350
v -14.868643 4.786771 366.999723
v -14.796102 5.054648 366.337642
v -14.718257 5.141013 365.629226
v -14.640412 5.039981 364.922753
v -14.567872 4.758435 364.266367
v -14.505580 4.315564 363.704801
v -14.457782 3.741548 363.276324
v -14.427735 3.075505 363.010136
v 4.150850 1.659115 363.703836
v 4.160883 0.998749 363.985239
v 4.176844 0.433763 364.427855
v 4.197645 0.002661 365.001518
v 4.221868 -0.265180 365.667135
v 4.247863 -0.351506 366.379346
v 4.273858 -0.250434 367.089614
v 4.298081 0.031148 367.749536
v 4.318882 0.474051 368.314139
v 4.334843 1.048092 368.744946
v 4.344876 1.714149 369.012599
v 4.348299 2.426834 369.098857
v 4.344876 3.137578 368.997842
v 4.334843 3.797944 368.716439
v 4.318882 4.362930 368.273824
v 4.298081 4.794032 367.700160
v 4.273858 5.061873 367.034543
v 4.247863 5.148199 366.322332
v 4.221868 5.047126 365.612064
v 4.197645 4.765544 364.952143
v 4.176844 4.322642 364.387540
v 4.160883 3.748601 363.956733
v 4.150850 3.082543 363.689080
v 22.630309 1.638037 361.670627
v 22.680210 0.977626 361.947644
v 22.759590 0.412568 362.383281
v 22.863040 -0.018629 362.947851
v 22.983510 -0.286580 363.602879
v 23.112791 -0.373023 364.303725
v 23.242071 -0.272069 365.002629
v 23.362541 0.009404 365.651961
v 23.465991 0.452212 366.207471
v 23.545371 1.026180 366.631300
v 23.595272 1.692192 366.894566
v 23.612292 2.404862 366.979329
v 23.595272 3.115621 366.879810
v 23.545371 3.776032 366.602793
v 23.465991 4.341090 366.167156
v 23.362541 4.772287 365.602586
v 23.242071 5.040238 364.947558
v 23.112791 5.126681 364.246711
v 22.983510 5.025727 363.547808
v 22.863040 4.744255 362.898476
v 22.759590 4.301446 362.342966
v 22.680210 3.727478 361.919137
v 22.630309 3.061466 361.655870
v 40.616787 1.589293 356.968598
v 40.705490 0.928776 357.235471
v 40.846598 0.363551 357.654972
v 41.030492 -0.067864 358.198512
v 41.244642 -0.336069 358.829050
v 41.474453 -0.422785 359.503616
v 41.704264 -0.322103 360.176239
v 41.918413 -0.040884 360.801081
v 42.102308 0.401706 361.335561
v 42.243415 0.975507 361.743254
v 42.332119 1.641414 361.996376
v 42.362374 2.354048 362.077678
v 42.332119 3.064843 361.981620
v 42.243415 3.725359 361.714747
v 42.102308 4.290585 361.295246
v 41.918413 4.722000 360.751706
v 41.704264 4.990204 360.121168
v 41.474453 5.076920 359.446602
v 41.244642 4.976238 358.773979
v 41.030492 4.695020 358.149136
v 40.846598 4.252429 357.614657
v 40.705490 3.678628 357.206964
v 40.616787 3.012721 356.953842
v 57.726931 1.513920 349.697966
v 57.852547 0.853241 349.949153
v 58.052374 0.287757 350.343702
v 58.312794 -0.143995 350.854724
v 58.616059 -0.412592 351.447395
v 58.941502 -0.499729 352.081323
v 59.266945 -0.399469 352.713309
v 59.570210 -0.118643 353.300284
v 59.830630 0.323611 353.802246
v 60.030457 0.897153 354.184987
v 60.156073 1.562897 354.422424
v 60.198918 2.275475 354.498376
v 60.156073 2.986326 354.407667
v 60.030457 3.647005 354.156480
v 59.830630 4.212489 353.761931
v 59.570210 4.644241 353.250909
v 59.266945 4.912838 352.658238
v 58.941502 4.999975 352.024310
v 58.616059 4.899715 351.392324
v 58.312794 4.618889 350.805349
v 58.052374 4.176635 350.303387
v 57.852547 3.603093 349.920646
v 57.726931 2.937349 349.683209
v 73.596069 1.413526 340.013691
v 73.755921 0.752630 340.243986
v 74.010209 0.186802 340.605300
v 74.341603 -0.245399 341.073009
v 74.727520 -0.514519 341.615240
v 75.141659 -0.602217 342.195042
v 75.555798 -0.502518 342.772900
v 75.941715 -0.222215 343.309436
v 76.273109 0.219589 343.768085
v 76.527397 0.792787 344.117590
v 76.687249 1.458315 344.334135
v 76.741771 2.170819 344.402961
v 76.687249 2.881743 344.319379
v 76.527397 3.542639 344.089083
v 76.273109 4.108468 343.727770
v 75.941715 4.540669 343.260060
v 75.555798 4.809789 342.717829
v 75.141659 4.897487 342.138028
v 74.727520 4.797788 341.560169
v 74.341603 4.517485 341.023634
v 74.010209 4.075680 340.564985
v 73.755921 3.502483 340.215479
v 73.596069 2.836955 339.998934
v 87.885979 1.290250 328.122176
v 88.076659 0.629089 328.326817
v 88.379988 0.062837 328.647321
v 88.775293 -0.369915 329.061846
v 89.235636 -0.639677 329.542142
v 89.729645 -0.728065 330.055479
v 90.223654 -0.629054 330.566873
v 90.683997 -0.349393 331.041474
v 91.079303 0.091860 331.446938
v 91.382632 0.664634 331.755634
v 91.573312 1.329896 331.946524
v 91.638349 2.042310 332.006600
v 91.573312 2.753325 331.931768
v 91.382632 3.414486 331.727127
v 91.079303 3.980738 331.406623
v 90.683997 4.413491 330.992099
v 90.223654 4.683252 330.511802
v 89.729645 4.771640 329.998465
v 89.235636 4.672629 329.487071
v 88.775293 4.392968 329.012470
v 88.379988 3.951715 328.607006
v 88.076659 3.378941 328.298310
v 87.885979 2.713679 328.107420
v 100.292095 1.146720 314.276870
v 100.509539 0.485249 314.451642
v 100.855444 -0.081496 314.724630
v 101.306236 -0.514890 315.077232
v 101.831194 -0.785399 315.485418
v 102.394543 -0.874589 315.921370
v 102.957893 -0.776381 316.355379
v 103.482851 -0.497467 316.757869
v 103.933643 -0.056856 317.101410
v 104.279548 0.515426 317.362591
v 104.496992 1.180378 317.523612
v 104.571159 1.892686 317.573500
v 104.496992 2.603806 317.508856
v 104.279548 3.265278 317.334084
v 103.933643 3.832022 317.061096
v 103.482851 4.265417 316.708494
v 102.957893 4.535926 316.300308
v 102.394543 4.625116 315.864356
v 101.831194 4.526907 315.430346
v 101.306236 4.247994 315.027857
v 100.855444 3.807383 314.684315
v 100.509539 3.235101 314.423135
v 100.292095 2.570148 314.262114
v 110.550002 0.985995 298.772860
v 110.789576 0.324176 298.914184
v 111.170685 -0.243119 299.133965
v 111.667355 -0.677233 299.417225
v 112.245740 -0.948579 299.744661
v 112.866423 -1.038667 300.093958
v 113.487106 -0.941357 300.441312
v 114.065491 -0.663281 300.763052
v 114.562161 -0.223389 301.037251
v 114.943270 0.348342 301.245224
v 115.182844 1.012947 301.372798
v 115.264559 1.725137 301.411278
v 115.182844 2.436376 301.358041
v 114.943270 3.098194 301.216717
v 114.562161 3.665490 300.996937
v 114.065491 4.099603 300.713676
v 113.487106 4.370949 300.386241
v 112.866423 4.461037 300.036944
v 112.245740 4.363728 299.689590
v 111.667355 4.085651 299.367850
v 111.170685 3.645759 299.093650
v 110.789576 3.074029 298.885677
v 110.550002 2.409423 298.758104
v 118.441071 0.811499 281.940588
v 118.697670 0.149305 282.045598
v 119.105859 -0.418590 282.207613
v 119.637822 -0.853484 282.415591
v 120.257306 -1.125739 282.655359
v 120.922094 -1.216802 282.910576
v 121.586882 -1.120467 283.163851
v 122.206366 -0.843300 283.397923
v 122.738329 -0.404188 283.596841
v 123.146519 0.166943 283.747048
v 123.403117 0.831173 283.838308
v 123.490638 1.543234 283.864402
v 123.403117 2.254601 283.823551
v 123.146519 2.916795 283.718541
v 122.738329 3.484690 283.556526
v 122.206366 3.919584 283.348548
v 121.586882 4.191839 283.108780
v 120.922094 4.282902 282.853563
v 120.257306 4.186568 282.600288
v 119.637822 3.909400 282.366216
v 119.105859 3.470288 282.167298
v 118.697670 2.899157 282.017091
v 118.441071 2.234928 281.925831
v 123.797118 0.626954 264.138803
v 124.065271 -0.035639 264.205409
v 124.491842 -0.604167 264.306331
v 125.047760 -1.039886 264.434690
v 125.695140 -1.313103 264.581741
v 126.389864 -1.405198 264.737460
v 127.084588 -1.309894 264.891237
v 127.731968 -1.033688 265.032591
v 128.287886 -0.595402 265.151890
v 128.714457 -0.024904 265.241004
v 128.982611 0.638928 265.293859
v 129.074073 1.350853 265.306854
v 128.982611 2.062356 265.279103
v 128.714457 2.724949 265.212497
v 128.287886 3.293477 265.111576
v 127.731968 3.729196 264.983216
v 127.084588 4.002412 264.836166
v 126.389864 4.094507 264.680446
v 125.695140 3.999204 264.526669
v 125.047760 3.722998 264.385315
v 124.491842 3.284711 264.266016
v 124.065271 2.714213 264.176902
v 123.797118 2.050382 264.124047
v 126.503987 0.436290 245.746922
v 126.777980 -0.226714 245.773849
v 127.213841 -0.795896 245.811653
v 127.781865 -1.232468 245.857755
v 128.443343 -1.506677 245.909014
v 129.153197 -1.599838 245.961937
v 129.863050 -1.505600 246.012917
v 130.524529 -1.230387 246.058481
v 131.092553 -0.792953 246.095523
v 131.528413 -0.223110 246.121518
v 131.802407 0.440310 246.134695
v 131.895861 1.152095 246.134156
v 131.802407 1.863738 246.119939
v 131.528413 2.526743 246.093011
v 131.092553 3.095925 246.055208
v 130.524529 3.532497 246.009106
v 129.863050 3.806706 245.957846
v 129.153197 3.899867 245.904923
v 128.443343 3.805629 245.853943
v 127.781865 3.530416 245.808379
v 127.213841 3.092982 245.771338
v 126.777980 2.523138 245.745343
v 126.503987 1.859719 245.732165
v 126.503987 0.243573 227.156933
v 126.777980 -0.419847 227.143756
v 127.213841 -0.989690 227.117760
v 127.781865 -1.427124 227.080719
v 128.443343 -1.702337 227.035155
v 129.153197 -1.796575 226.984175
v 129.863050 -1.703414 226.931252
v 130.524529 -1.429205 226.879993
v 131.092553 -0.992633 226.833891
v 131.528413 -0.423451 226.796087
v 131.802407 0.239553 226.769159
v 131.895861 0.951197 226.754942
v 131.802407 1.662982 226.754403
v 131.528413 2.326402 226.767580
v 131.092553 2.896245 226.793576
v 130.524529 3.333679 226.830617
v 129.863050 3.608892 226.876181
v 129.153197 3.703130 226.927161
v 128.443343 3.609969 226.980084
v 127.781865 3.335760 227.031344
v 127.213841 2.899188 227.077446
v 126.777980 2.330006 227.115249
v 126.503987 1.667002 227.142177
v 123.797118 0.052910 208.765051
v 124.065271 -0.610921 208.712196
v 124.491842 -1.181419 208.623082
v 125.047760 -1.619706 208.503783
v 125.695140 -1.895912 208.362429
v 126.389864 -1.991215 208.208652
v 127.084588 -1.899120 208.052932
v 127.731968 -1.625904 207.905882
v 128.287886 -1.190185 207.777523
v 128.714457 -0.621657 207.676601
v 128.982611 0.040936 207.609995
v 129.074073 0.752439 207.582244
v 128.982611 1.464364 207.595239
v 128.714457 2.128195 207.648094
v 128.287886 2.698693 207.737208
v 127.731968 3.136980 207.856507
v 127.084588 3.413186 207.997861
v 126.389864 3.508489 208.151638
v 125.695140 3.416395 208.307358
v 125.047760 3.143178 208.454408
v 124.491842 2.707459 208.582767
v 124.065271 2.138931 208.683689
v 123.797118 1.476338 208.750295
v 118.441071 -0.131636 190.963267
v 118.697670 -0.795865 190.872007
v 119.105859 -1.366997 190.721800
v 119.637822 -1.806108 190.522882
v 120.257306 -2.083276 190.288810
v 120.922094 -2.179610 190.035536
v 121.586882 -2.088547 189.780318
v 122.206366 -1.816292 189.540550
v 122.738329 -1.381398 189.332572
v 123.146519 -0.813504 189.170557
v 123.403117 -0.151309 189.065547
v 123.490638 0.560058 189.024696
v 123.403117 1.272119 189.050791
v 123.146519 1.936349 189.142051
v 122.738329 2.507480 189.292257
v 122.206366 2.946592 189.491175
v 121.586882 3.223759 189.725247
v 120.922094 3.320094 189.978522
v 120.257306 3.229031 190.233739
v 119.637822 2.956775 190.473507
v 119.105859 2.521882 190.681485
v 118.697670 1.953987 190.843500
v 118.441071 1.291792 190.948511
v 110.550002 -0.306131 174.130994
v 110.789576 -0.970737 174.003421
v 111.170685 -1.542467 173.795448
v 111.667355 -1.982359 173.521249
v 112.245740 -2.260436 173.199509
v 112.866423 -2.357746 172.852154
v 113.487106 -2.267658 172.502857
v 114.065491 -1.996311 172.175422
v 114.562161 -1.562198 171.892162
v 114.943270 -0.994902 171.672381
v 115.182844 -0.333084 171.531057
v 115.264559 0.378155 171.477821
v 115.182844 1.090344 171.516300
v 114.943270 1.754950 171.643874
v 114.562161 2.326680 171.851847
v 114.065491 2.766573 172.126046
v 113.487106 3.044649 172.447786
v 112.866423 3.141959 172.795140
v 112.245740 3.051871 173.144437
v 111.667355 2.780524 173.471873
v 111.170685 2.346411 173.755133
v 110.789576 1.779115 173.974914
v 110.550002 1.117297 174.116238
v 100.292095 -0.466857 158.626984
v 100.509539 -1.131809 158.465963
v 100.855444 -1.704091 158.204783
v 101.306236 -2.144702 157.861242
v 101.831194 -2.423615 157.458752
v 102.394543 -2.521824 157.024742
v 102.957893 -2.432634 156.588790
v 103.482851 -2.162125 156.180604
v 103.933643 -1.728730 155.828003
v 104.279548 -1.161986 155.555014
v 104.496992 -0.500515 155.380242
v 104.571159 0.210606 155.315598
v 104.496992 0.922914 155.365486
v 104.279548 1.587866 155.526507
v 103.933643 2.160148 155.787688
v 103.482851 2.600759 156.131229
v 102.957893 2.879673 156.533719
v 102.394543 2.977881 156.967728
v 101.831194 2.888691 157.403681
v 101.306236 2.618182 157.811866
v 100.855444 2.184787 158.164468
v 100.509539 1.618043 158.437456
v 100.292095 0.956572 158.612228
v -122.444407 1.383051 199.751536
v -122.707485 2.045442 199.665516
v -123.125982 2.613650 199.533712
v -123.671377 3.048952 199.365106
v -124.306503 3.321683 199.171187
v -124.988078 3.413256 198.965172
v -125.669652 3.317431 198.761099
v -126.304779 3.040739 198.572876
v -126.850174 2.602036 198.413330
v -127.268671 2.031217 198.293334
v -127.531749 1.367185 198.221065
v -127.621480 0.655191 198.201449
v -127.531749 -0.056243 198.235821
v -127.268671 -0.718635 198.321841
v -126.850174 -1.286843 198.453645
v -126.304779 -1.722145 198.622251
v -125.669652 -1.994875 198.816170
v -124.988078 -2.086449 199.022185
v -124.306503 -1.990624 199.226258
v -123.671377 -1.713932 199.414481
v -123.125982 -1.275228 199.574027
v -122.707485 -0.704410 199.694023
v -122.444407 -0.040377 199.766292
v -115.803132 1.203050 182.388187
v -116.051883 1.865053 182.264709
v -116.447587 2.432643 182.073316
v -116.963280 2.867140 181.827052
v -117.563816 3.138933 181.542699
v -118.208271 3.229501 181.239636
v -118.852726 3.132670 180.938516
v -119.453262 2.855040 180.659859
v -119.968954 2.415532 180.422655
v -120.364659 1.844096 180.243071
v -120.613409 1.179675 180.133343
v -120.698254 0.467548 180.100950
v -120.613409 -0.243753 180.148099
v -120.364659 -0.905757 180.271578
v -119.968954 -1.473347 180.462970
v -119.453262 -1.907844 180.709234
v -118.852726 -2.179637 180.993587
v -118.208271 -2.270204 181.296650
v -117.563816 -2.173373 181.597770
v -116.963280 -1.895744 181.876427
v -116.447587 -1.456235 182.113631
v -116.051883 -0.884799 182.293215
v -115.803132 -0.220378 182.402943
v -106.704371 1.034991 166.176798
v -106.933492 1.696632 166.018346
v -107.297971 2.263645 165.771318
v -107.772969 2.697390 165.452549
v -108.326116 2.968308 165.083762
v -108.919716 3.057936 164.690090
v -109.513316 2.960166 164.298360
v -110.066463 2.681661 163.935269
v -110.541461 2.241401 163.625561
v -110.905940 1.669388 163.390341
v -111.135061 1.004605 163.245639
v -111.213210 0.292355 163.201317
v -111.135061 -0.418823 163.260395
v -110.905940 -1.080464 163.418847
v -110.541461 -1.647477 163.665875
v -110.066463 -2.081223 163.984645
v -109.513316 -2.352140 164.353431
v -108.919716 -2.441768 164.747104
v -108.326116 -2.343998 165.138833
v -107.772969 -2.065493 165.501924
v -107.297971 -1.625233 165.811633
v -106.933492 -1.053220 166.046853
v -106.704371 -0.388437 166.191555
v -95.342048 0.882457 151.462888
v -95.546657 1.543768 151.272692
v -95.872142 2.110258 150.975168
v -96.296322 2.543321 150.590591
v -96.790290 2.813444 150.145169
v -97.320384 2.902220 149.669258
v -97.850477 2.803597 149.195289
v -98.344446 2.524298 148.755563
v -98.768626 2.083355 148.380047
v -99.094111 1.510819 148.094330
v -99.298719 0.845707 147.917886
v -99.368507 0.133344 147.862737
v -99.298719 -0.577722 147.932642
v -99.094111 -1.239033 148.122837
v -98.768626 -1.805523 148.420361
v -98.344446 -2.238586 148.804938
v -97.850477 -2.508709 149.250360
v -97.320384 -2.597485 149.726272
v -96.790290 -2.498862 150.200241
v -96.296322 -2.219563 150.639967
v -95.872142 -1.778620 151.015483
v -95.546657 -1.206084 151.301199
v -95.342048 -0.540972 151.477644
vt -2.698466 -0.068089 0.000000
vt -2.689661 -0.008704 0.000000
vt -3.086946 -0.274701 0.000000
vt -2.697233 0.050851 0.000000
vt -3.146305 -0.260653 0.000000
vt -3.200539 -0.238053 0.000000
vt -3.252524 -0.205611 0.000000
vt -3.295594 -0.165764 0.000000
vt -3.330975 -0.116067 0.000000
vt -3.352677 -0.061272 0.000000
vt -3.360404 -0.001750 0.000000
vt -3.351445 0.057598 0.000000
vt -3.328611 0.111932 0.000000
vt -3.292208 0.160885 0.000000
vt -3.248321 0.199830 0.000000
vt -3.195674 0.231187 0.000000
vt -3.140984 0.252658 0.000000
vt -3.081347 0.265472 0.000000
vt -2.718597 0.105803 0.000000
vt -2.753633 0.155735 0.000000
vt -2.796516 0.195789 0.000000
vt -2.848444 0.228318 0.000000
vt -2.902681 0.250781 0.000000
vt -2.962173 0.264598 0.000000
vt -3.021624 0.269750 0.000000
vt -3.027326 -0.280216 0.000000
vt -2.967780 -0.276298 0.000000
vt -2.908015 -0.263716 0.000000
vt -2.853324 -0.242383 0.000000
vt -2.800732 -0.210938 0.000000
vt -2.757028 -0.171781 0.000000
vt -2.720964 -0.122586 0.000000
vt -1.163590 0.051778 0.000000
vt -1.171266 -0.007995 0.000000
vt -0.771540 -0.273985 0.000000
vt -1.162352 -0.067597 0.000000
vt -1.139579 -0.122207 0.000000
vt -1.103153 -0.171440 0.000000
vt -1.059090 -0.210517 0.000000
vt -1.006155 -0.241874 0.000000
vt -0.951201 -0.263088 0.000000
vt -0.891156 -0.275601 0.000000
vt -0.831390 -0.279485 0.000000
vt -0.711904 -0.259989 0.000000
vt -0.657409 -0.237495 0.000000
vt -0.605075 -0.205135 0.000000
vt -0.561641 -0.165369 0.000000
vt -0.525885 -0.115638 0.000000
vt -0.503893 -0.060734 0.000000
vt -0.497964 -0.030510 0.000000
vt -0.496053 -0.000996 0.000000
vt -0.498575 0.028472 0.000000
vt -0.505130 0.058567 0.000000
vt -0.528255 0.113004 0.000000
vt -0.565035 0.161983 0.000000
vt -0.609284 0.200839 0.000000
vt -0.662277 0.232108 0.000000
vt -0.717227 0.253467 0.000000
vt -0.777140 0.266224 0.000000
vt -1.141953 0.106848 0.000000
vt -1.106556 0.156826 0.000000
vt -1.063313 0.196808 0.000000
vt -1.011039 0.229256 0.000000
vt -0.956537 0.251605 0.000000
vt -0.896764 0.265360 0.000000
vt -0.837091 0.270481 0.000000
vt 0.060229 12.829590 0.000000
vt 0.000000 12.834304 0.000000
vt 0.000000 12.603199 0.000000
vt -0.060229 12.829590 0.000000
vt -0.071995 12.603199 0.000000
vt -0.118178 12.816949 0.000000
vt -0.143990 12.603199 0.000000
vt -0.176042 12.796429 0.000000
vt -0.215984 12.603199 0.000000
vt -0.229518 12.771362 0.000000
vt -0.287979 12.603199 0.000000
vt -0.283283 12.740974 0.000000
vt -0.333187 12.709147 0.000000
vt -0.359974 12.603199 0.000000
vt -0.383973 12.674057 0.000000
vt -0.431969 12.603199 0.000000
vt -0.432971 12.638815 0.000000
vt -0.482061 12.603199 0.000000
vt -0.431969 10.668629 0.000000
vt -0.532535 12.567391 0.000000
vt -0.503964 10.668629 0.000000
vt -0.582122 12.534372 0.000000
vt -0.575959 10.668629 0.000000
vt -0.635431 12.502381 0.000000
vt -0.688467 12.475585 0.000000
vt -0.647953 10.668629 0.000000
vt -0.745986 12.453306 0.000000
vt -0.719948 10.668629 0.000000
vt -0.803748 12.439397 0.000000
vt -0.791943 10.668629 0.000000
vt -0.834367 12.435541 0.000000
vt -0.863938 12.434171 0.000000
vt 0.834367 12.435541 0.000000
vt 0.791943 10.668629 0.000000
vt 0.863938 12.434171 0.000000
vt 0.863938 10.668629 0.000000
vt -0.863938 10.668629 0.000000
vt -0.791943 8.728879 0.000000
vt -0.719948 8.728879 0.000000
vt -0.719948 6.789128 0.000000
vt -0.647953 6.789128 0.000000
vt -0.647953 4.849377 0.000000
vt -0.575959 4.849377 0.000000
vt -0.575959 2.909626 0.000000
vt -0.503964 2.909626 0.000000
vt -0.503964 0.969875 0.000000
vt -0.431969 0.969875 0.000000
vt -0.431969 -0.969875 0.000000
vt -0.359974 -0.969875 0.000000
vt -0.359974 -2.909626 0.000000
vt -0.287979 -2.909626 0.000000
vt -0.287979 -4.849377 0.000000
vt -0.215984 -4.849377 0.000000
vt -0.215984 -6.789128 0.000000
vt -0.143990 -6.789128 0.000000
vt -0.143990 -8.728879 0.000000
vt -0.071995 -8.728879 0.000000
vt -0.071995 -10.668629 0.000000
vt 0.000000 -10.668629 0.000000
vt 0.000000 -12.608380 0.000000
vt 0.071995 -12.608380 0.000000
vt 0.071995 -14.548131 0.000000
vt 0.143990 -14.548131 0.000000
vt 0.143990 -16.487882 0.000000
vt 0.215984 -16.487882 0.000000
vt 0.215984 -18.427633 0.000000
vt 0.287979 -18.427633 0.000000
vt 0.287979 -20.367384 0.000000
vt 0.359974 -20.367384 0.000000
vt 0.359974 -22.307134 0.000000
vt 0.431969 -22.307134 0.000000
vt 0.431969 -24.246885 0.000000
vt 0.503964 -24.246885 0.000000
vt 0.503964 -26.186636 0.000000
vt 0.575959 -26.186636 0.000000
vt 0.575959 -28.126387 0.000000
vt 0.647953 -28.126387 0.000000
vt 0.647953 -30.066138 0.000000
vt 0.719948 -30.066138 0.000000
vt 0.719948 -32.005888 0.000000
vt 0.791943 -32.005888 0.000000
vt 0.791943 -33.945639 0.000000
vt 0.863938 -33.945639 0.000000
vt 0.863938 -35.885390 0.000000
vt -0.863938 -33.945639 0.000000
vt -0.863938 -35.885390 0.000000
vt -0.791943 -35.885390 0.000000
vt -0.791943 -37.825141 0.000000
vt -0.719948 -37.825141 0.000000
vt -0.719948 -39.764892 0.000000
vt -0.647953 -39.764892 0.000000
vt -0.647953 -41.704642 0.000000
vt -0.575959 -41.704642 0.000000
vt -0.575959 41.704642 0.000000
vt -0.647953 41.704642 0.000000
vt -0.575959 39.764892 0.000000
vt -0.503964 39.764892 0.000000
vt -0.503964 37.825141 0.000000
vt -0.431969 37.825141 0.000000
vt -0.431969 35.885390 0.000000
vt -0.359974 35.885390 0.000000
vt -0.359974 33.945639 0.000000
vt -0.287979 33.945639 0.000000
vt -0.287979 32.005888 0.000000
vt -0.215984 32.005888 0.000000
vt -0.215984 30.066138 0.000000
vt -0.143990 30.066138 0.000000
vt -0.175579 28.786176 0.000000
vt -0.117810 28.766133 0.000000
vt 0.803748 12.439397 0.000000
vt 0.745986 12.453306 0.000000
vt 0.719948 10.668629 0.000000
vt 0.688467 12.475585 0.000000
vt 0.647953 10.668629 0.000000
vt 0.635431 12.502381 0.000000
vt 0.575959 10.668629 0.000000
vt 0.582122 12.534372 0.000000
vt 0.532535 12.567391 0.000000
vt 0.503964 10.668629 0.000000
vt 0.482061 12.603199 0.000000
vt 0.431969 10.668629 0.000000
vt 0.431969 12.603199 0.000000
vt 0.359974 12.603199 0.000000
vt 0.383973 12.674057 0.000000
vt 0.333187 12.709147 0.000000
vt 0.432971 12.638815 0.000000
vt 0.287979 12.603199 0.000000
vt 0.283283 12.740974 0.000000
vt 0.229518 12.771362 0.000000
vt 0.215984 12.603199 0.000000
vt 0.176042 12.796429 0.000000
vt 0.143990 12.603199 0.000000
vt 0.118178 12.816949 0.000000
vt 0.071995 12.603199 0.000000
vt -0.060006 28.753813 0.000000
vt 0.000000 28.749222 0.000000
vt 0.000000 30.066138 0.000000
vt 0.060006 28.753813 0.000000
vt 0.071995 30.066138 0.000000
vt 0.117810 28.766133 0.000000
vt 0.143990 30.066138 0.000000
vt 0.175579 28.786176 0.000000
vt 0.215984 30.066138 0.000000
vt 0.229066 28.810706 0.000000
vt 0.287979 30.066138 0.000000
vt 0.282875 28.840493 0.000000
vt 0.332896 28.871745 0.000000
vt 0.359974 30.066138 0.000000
vt 0.383787 28.906207 0.000000
vt 0.431969 30.066138 0.000000
vt 0.432930 28.940852 0.000000
vt 0.482160 28.975861 0.000000
vt 0.503964 30.066138 0.000000
vt 0.532747 29.011031 0.000000
vt 0.582464 29.043458 0.000000
vt 0.575959 30.066138 0.000000
vt 0.635834 29.074819 0.000000
vt 0.688900 29.101041 0.000000
vt 0.647953 30.066138 0.000000
vt 0.746342 29.122798 0.000000
vt 0.719948 30.066138 0.000000
vt 0.803969 29.136346 0.000000
vt 0.791943 30.066138 0.000000
vt 0.863938 29.141432 0.000000
vt 0.863938 30.066138 0.000000
vt -0.863938 30.066138 0.000000
vt -0.863938 29.141432 0.000000
vt -0.803969 29.136346 0.000000
vt -0.746342 29.122798 0.000000
vt -0.791943 30.066138 0.000000
vt -0.688900 29.101041 0.000000
vt -0.719948 30.066138 0.000000
vt -0.635834 29.074819 0.000000
vt -0.647953 30.066138 0.000000
vt -0.582464 29.043458 0.000000
vt -0.532747 29.011031 0.000000
vt -0.575959 30.066138 0.000000
vt -0.482160 28.975861 0.000000
vt -0.503964 30.066138 0.000000
vt -0.431969 30.066138 0.000000
vt -0.503964 32.005888 0.000000
vt -0.431969 32.005888 0.000000
vt -0.503964 33.945639 0.000000
vt -0.431969 33.945639 0.000000
vt -0.503964 35.885390 0.000000
vt -0.432930 28.940852 0.000000
vt -0.383787 28.906207 0.000000
vt -0.359974 30.066138 0.000000
vt -0.332896 28.871745 0.000000
vt -0.287979 30.066138 0.000000
vt -0.282875 28.840493 0.000000
vt -0.229066 28.810706 0.000000
vt -0.071995 30.066138 0.000000
vt 0.863938 -41.704642 0.000000
vt 0.863938 -39.764892 0.000000
vt 0.791943 -39.764892 0.000000
vt 0.791943 -37.825141 0.000000
vt 0.719948 -37.825141 0.000000
vt 0.719948 -35.885390 0.000000
vt 0.647953 -35.885390 0.000000
vt 0.647953 -33.945639 0.000000
vt 0.575959 -33.945639 0.000000
vt 0.575959 -32.005888 0.000000
vt 0.503964 -32.005888 0.000000
vt 0.503964 -30.066138 0.000000
vt 0.431969 -30.066138 0.000000
vt 0.431969 -28.126387 0.000000
vt 0.359974 -28.126387 0.000000
vt 0.359974 -26.186636 0.000000
vt 0.287979 -26.186636 0.000000
vt 0.287979 -24.246885 0.000000
vt 0.215984 -24.246885 0.000000
vt 0.215984 -22.307134 0.000000
vt 0.143990 -22.307134 0.000000
vt 0.143990 -20.367384 0.000000
vt 0.071995 -20.367384 0.000000
vt 0.071995 -18.427633 0.000000
vt 0.000000 -18.427633 0.000000
vt 0.000000 -16.487882 0.000000
vt -0.071995 -16.487882 0.000000
vt -0.071995 -14.548131 0.000000
vt -0.143990 -14.548131 0.000000
vt -0.143990 -12.608380 0.000000
vt -0.215984 -12.608380 0.000000
vt -0.215984 -10.668629 0.000000
vt -0.287979 -10.668629 0.000000
vt -0.287979 -8.728879 0.000000
vt -0.359974 -8.728879 0.000000
vt -0.359974 -6.789128 0.000000
vt -0.431969 -6.789128 0.000000
vt -0.431969 -4.849377 0.000000
vt -0.503964 -4.849377 0.000000
vt -0.503964 -2.909626 0.000000
vt -0.575959 -2.909626 0.000000
vt -0.575959 -0.969875 0.000000
vt -0.647953 -0.969875 0.000000
vt -0.647953 0.969875 0.000000
vt -0.719948 0.969875 0.000000
vt -0.719948 2.909626 0.000000
vt -0.791943 2.909626 0.000000
vt -0.791943 4.849377 0.000000
vt -0.863938 4.849377 0.000000
vt -0.863938 6.789128 0.000000
vt 0.863938 4.849377 0.000000
vt 0.863938 6.789128 0.000000
vt 0.791943 6.789128 0.000000
vt 0.791943 8.728879 0.000000
vt 0.719948 8.728879 0.000000
vt -0.863938 41.704642 0.000000
vt -0.863938 39.764892 0.000000
vt -0.791943 39.764892 0.000000
vt -0.791943 37.825141 0.000000
vt -0.719948 37.825141 0.000000
vt -0.719948 35.885390 0.000000
vt -0.647953 35.885390 0.000000
vt -0.647953 33.945639 0.000000
vt -0.575959 33.945639 0.000000
vt -0.575959 32.005888 0.000000
vt 0.863938 41.704642 0.000000
vt 0.791943 41.704642 0.000000
vt 0.863938 39.764892 0.000000
vt 0.791943 39.764892 0.000000
vt 0.863938 37.825141 0.000000
vt 0.791943 37.825141 0.000000
vt 0.863938 35.885390 0.000000
vt 0.791943 35.885390 0.000000
vt 0.863938 33.945639 0.000000
vt 0.791943 33.945639 0.000000
vt 0.863938 32.005888 0.000000
vt 0.791943 32.005888 0.000000
vt -0.863938 -41.704642 0.000000
vt -0.791943 -41.704642 0.000000
vt -0.863938 -39.764892 0.000000
vt -0.791943 -39.764892 0.000000
vt -0.863938 -37.825141 0.000000
vt 0.863938 -37.825141 0.000000
vt 0.791943 -35.885390 0.000000
vt 0.719948 -33.945639 0.000000
vt 0.647953 -32.005888 0.000000
vt 0.575959 -30.066138 0.000000
vt 0.503964 -28.126387 0.000000
vt 0.431969 -26.186636 0.000000
vt 0.359974 -24.246885 0.000000
vt 0.287979 -22.307134 0.000000
vt 0.215984 -20.367384 0.000000
vt 0.143990 -18.427633 0.000000
vt 0.071995 -16.487882 0.000000
vt 0.000000 -14.548131 0.000000
vt -0.071995 -12.608380 0.000000
vt -0.143990 -10.668629 0.000000
vt -0.215984 -8.728879 0.000000
vt -0.287979 -6.789128 0.000000
vt -0.359974 -4.849377 0.000000
vt -0.431969 -2.909626 0.000000
vt -0.503964 -0.969875 0.000000
vt -0.575959 0.969875 0.000000
vt -0.647953 2.909626 0.000000
vt -0.719948 4.849377 0.000000
vt -0.791943 6.789128 0.000000
vt -0.863938 8.728879 0.000000
vt 0.863938 8.728879 0.000000
vt 0.863938 -32.005888 0.000000
vt 0.791943 -30.066138 0.000000
vt 0.719948 -28.126387 0.000000
vt 0.647953 -26.186636 0.000000
vt 0.575959 -24.246885 0.000000
vt 0.503964 -22.307134 0.000000
vt 0.431969 -20.367384 0.000000
vt 0.359974 -18.427633 0.000000
vt 0.287979 -16.487882 0.000000
vt 0.215984 -14.548131 0.000000
vt 0.143990 -12.608380 0.000000
vt 0.071995 -10.668629 0.000000
vt 0.000000 -8.728879 0.000000
vt -0.071995 -6.789128 0.000000
vt -0.143990 -4.849377 0.000000
vt -0.215984 -2.909626 0.000000
vt -0.287979 -0.969875 0.000000
vt -0.359974 0.969875 0.000000
vt -0.431969 2.909626 0.000000
vt -0.503964 4.849377 0.000000
vt -0.575959 6.789128 0.000000
vt -0.647953 8.728879 0.000000
vt 0.863938 -30.066138 0.000000
vt 0.791943 -28.126387 0.000000
vt 0.719948 -26.186636 0.000000
vt 0.647953 -24.246885 0.000000
vt 0.575959 -22.307134 0.000000
vt 0.503964 -20.367384 0.000000
vt 0.431969 -18.427633 0.000000
vt 0.359974 -16.487882 0.000000
vt 0.287979 -14.548131 0.000000
vt 0.215984 -12.608380 0.000000
vt 0.143990 -10.668629 0.000000
vt 0.071995 -8.728879 0.000000
vt 0.000000 -6.789128 0.000000
vt -0.071995 -4.849377 0.000000
vt -0.143990 -2.909626 0.000000
vt -0.215984 -0.969875 0.000000
vt -0.287979 0.969875 0.000000
vt -0.359974 2.909626 0.000000
vt -0.431969 4.849377 0.000000
vt -0.503964 6.789128 0.000000
vt -0.575959 8.728879 0.000000
vt -0.863938 -32.005888 0.000000
vt -0.791943 -33.945639 0.000000
vt -0.719948 -35.885390 0.000000
vt -0.647953 -37.825141 0.000000
vt -0.575959 -39.764892 0.000000
vt -0.503964 -41.704642 0.000000
vt -0.503964 41.704642 0.000000
vt -0.431969 39.764892 0.000000
vt -0.359974 37.825141 0.000000
vt -0.287979 35.885390 0.000000
vt -0.215984 33.945639 0.000000
vt -0.143990 32.005888 0.000000
vt 0.863938 -28.126387 0.000000
vt 0.791943 -26.186636 0.000000
vt 0.719948 -24.246885 0.000000
vt 0.647953 -22.307134 0.000000
vt 0.575959 -20.367384 0.000000
vt 0.503964 -18.427633 0.000000
vt 0.431969 -16.487882 0.000000
vt 0.359974 -14.548131 0.000000
vt 0.287979 -12.608380 0.000000
vt 0.215984 -10.668629 0.000000
vt 0.143990 -8.728879 0.000000
vt 0.071995 -6.789128 0.000000
vt 0.000000 -4.849377 0.000000
vt -0.071995 -2.909626 0.000000
vt -0.143990 -0.969875 0.000000
vt -0.215984 0.969875 0.000000
vt -0.287979 2.909626 0.000000
vt -0.359974 4.849377 0.000000
vt -0.431969 6.789128 0.000000
vt -0.503964 8.728879 0.000000
vt -0.863938 -30.066138 0.000000
vt -0.791943 -32.005888 0.000000
vt -0.719948 -33.945639 0.000000
vt -0.647953 -35.885390 0.000000
vt -0.575959 -37.825141 0.000000
vt -0.503964 -39.764892 0.000000
vt -0.431969 -41.704642 0.000000
vt -0.431969 41.704642 0.000000
vt -0.359974 39.764892 0.000000
vt -0.287979 37.825141 0.000000
vt -0.215984 35.885390 0.000000
vt -0.143990 33.945639 0.000000
vt -0.071995 32.005888 0.000000
vt 0.863938 -26.186636 0.000000
vt 0.791943 -24.246885 0.000000
vt 0.719948 -22.307134 0.000000
vt 0.647953 -20.367384 0.000000
vt 0.575959 -18.427633 0.000000
vt 0.503964 -16.487882 0.000000
vt 0.431969 -14.548131 0.000000
vt 0.359974 -12.608380 0.000000
vt 0.287979 -10.668629 0.000000
vt 0.215984 -8.728879 0.000000
vt 0.143990 -6.789128 0.000000
vt 0.071995 -4.849377 0.000000
vt 0.000000 -2.909626 0.000000
vt -0.071995 -0.969875 0.000000
vt -0.143990 0.969875 0.000000
vt -0.215984 2.909626 0.000000
vt -0.287979 4.849377 0.000000
vt -0.359974 6.789128 0.000000
vt -0.431969 8.728879 0.000000
vt -0.863938 -28.126387 0.000000
vt -0.791943 -30.066138 0.000000
vt -0.719948 -32.005888 0.000000
vt -0.647953 -33.945639 0.000000
vt -0.575959 -35.885390 0.000000
vt -0.503964 -37.825141 0.000000
vt -0.431969 -39.764892 0.000000
vt -0.359974 -41.704642 0.000000
vt -0.359974 41.704642 0.000000
vt -0.287979 39.764892 0.000000
vt -0.215984 37.825141 0.000000
vt -0.143990 35.885390 0.000000
vt -0.071995 33.945639 0.000000
vt 0.000000 32.005888 0.000000
vt 0.863938 -24.246885 0.000000
vt 0.791943 -22.307134 0.000000
vt 0.719948 -20.367384 0.000000
vt 0.647953 -18.427633 0.000000
vt 0.575959 -16.487882 0.000000
vt 0.503964 -14.548131 0.000000
vt 0.431969 -12.608380 0.000000
vt 0.359974 -10.668629 0.000000
vt 0.287979 -8.728879 0.000000
vt 0.215984 -6.789128 0.000000
vt 0.143990 -4.849377 0.000000
vt 0.071995 -2.909626 0.000000
vt 0.000000 -0.969875 0.000000
vt -0.071995 0.969875 0.000000
vt -0.143990 2.909626 0.000000
vt -0.215984 4.849377 0.000000
vt -0.287979 6.789128 0.000000
vt -0.359974 8.728879 0.000000
vt -0.863938 -26.186636 0.000000
vt -0.791943 -28.126387 0.000000
vt -0.719948 -30.066138 0.000000
vt -0.647953 -32.005888 0.000000
vt -0.575959 -33.945639 0.000000
vt -0.503964 -35.885390 0.000000
vt -0.431969 -37.825141 0.000000
vt -0.359974 -39.764892 0.000000
vt -0.287979 -41.704642 0.000000
vt -0.287979 41.704642 0.000000
vt -0.215984 39.764892 0.000000
vt -0.143990 37.825141 0.000000
vt -0.071995 35.885390 0.000000
vt 0.000000 33.945639 0.000000
vt 0.071995 32.005888 0.000000
vt 0.863938 -22.307134 0.000000
vt 0.791943 -20.367384 0.000000
vt 0.719948 -18.427633 0.000000
vt 0.647953 -16.487882 0.000000
vt 0.575959 -14.548131 0.000000
vt 0.503964 -12.608380 0.000000
vt 0.431969 -10.668629 0.000000
vt 0.359974 -8.728879 0.000000
vt 0.287979 -6.789128 0.000000
vt 0.215984 -4.849377 0.000000
vt 0.143990 -2.909626 0.000000
vt 0.071995 -0.969875 0.000000
vt 0.000000 0.969875 0.000000
vt -0.071995 2.909626 0.000000
vt -0.143990 4.849377 0.000000
vt -0.215984 6.789128 0.000000
vt -0.287979 8.728879 0.000000
vt -0.359974 10.668629 0.000000
vt -0.863938 -24.246885 0.000000
vt -0.791943 -26.186636 0.000000
vt -0.719948 -28.126387 0.000000
vt -0.647953 -30.066138 0.000000
vt -0.575959 -32.005888 0.000000
vt -0.503964 -33.945639 0.000000
vt -0.431969 -35.885390 0.000000
vt -0.359974 -37.825141 0.000000
vt -0.287979 -39.764892 0.000000
vt -0.215984 -41.704642 0.000000
vt -0.215984 41.704642 0.000000
vt -0.143990 39.764892 0.000000
vt -0.071995 37.825141 0.000000
vt 0.000000 35.885390 0.000000
vt 0.071995 33.945639 0.000000
vt 0.143990 32.005888 0.000000
vt 0.863938 -20.367384 0.000000
vt 0.791943 -18.427633 0.000000
vt 0.719948 -16.487882 0.000000
vt 0.647953 -14.548131 0.000000
vt 0.575959 -12.608380 0.000000
vt 0.503964 -10.668629 0.000000
vt 0.431969 -8.728879 0.000000
vt 0.359974 -6.789128 0.000000
vt 0.287979 -4.849377 0.000000
vt 0.215984 -2.909626 0.000000
vt 0.143990 -0.969875 0.000000
vt 0.071995 0.969875 0.000000
vt 0.000000 2.909626 0.000000
vt -0.071995 4.849377 0.000000
vt -0.143990 6.789128 0.000000
vt -0.215984 8.728879 0.000000
vt -0.287979 10.668629 0.000000
vt -0.863938 -22.307134 0.000000
vt -0.791943 -24.246885 0.000000
vt -0.719948 -26.186636 0.000000
vt -0.647953 -28.126387 0.000000
vt -0.575959 -30.066138 0.000000
vt -0.503964 -32.005888 0.000000
vt -0.431969 -33.945639 0.000000
vt -0.359974 -35.885390 0.000000
vt -0.287979 -37.825141 0.000000
vt -0.215984 -39.764892 0.000000
vt -0.143990 -41.704642 0.000000
vt -0.143990 41.704642 0.000000
vt -0.071995 39.764892 0.000000
vt 0.000000 37.825141 0.000000
vt 0.071995 35.885390 0.000000
vt 0.143990 33.945639 0.000000
vt 0.215984 32.005888 0.000000
vt 0.863938 -18.427633 0.000000
vt 0.791943 -16.487882 0.000000
vt 0.719948 -14.548131 0.000000
vt 0.647953 -12.608380 0.000000
vt 0.575959 -10.668629 0.000000
vt 0.503964 -8.728879 0.000000
vt 0.431969 -6.789128 0.000000
vt 0.359974 -4.849377 0.000000
vt 0.287979 -2.909626 0.000000
vt 0.215984 -0.969875 0.000000
vt 0.143990 0.969875 0.000000
vt 0.071995 2.909626 0.000000
vt 0.000000 4.849377 0.000000
vt -0.071995 6.789128 0.000000
vt -0.143990 8.728879 0.000000
vt -0.215984 10.668629 0.000000
vt -0.863938 -20.367384 0.000000
vt -0.791943 -22.307134 0.000000
vt -0.719948 -24.246885 0.000000
vt -0.647953 -26.186636 0.000000
vt -0.575959 -28.126387 0.000000
vt -0.503964 -30.066138 0.000000
vt -0.431969 -32.005888 0.000000
vt -0.359974 -33.945639 0.000000
vt -0.287979 -35.885390 0.000000
vt -0.215984 -37.825141 0.000000
vt -0.143990 -39.764892 0.000000
vt -0.071995 -41.704642 0.000000
vt -0.071995 41.704642 0.000000
vt 0.000000 39.764892 0.000000
vt 0.071995 37.825141 0.000000
vt 0.143990 35.885390 0.000000
vt 0.215984 33.945639 0.000000
vt 0.287979 32.005888 0.000000
vt 0.863938 -16.487882 0.000000
vt 0.791943 -14.548131 0.000000
vt 0.719948 -12.608380 0.000000
vt 0.647953 -10.668629 0.000000
vt 0.575959 -8.728879 0.000000
vt 0.503964 -6.789128 0.000000
vt 0.431969 -4.849377 0.000000
vt 0.359974 -2.909626 0.000000
vt 0.287979 -0.969875 0.000000
vt 0.215984 0.969875 0.000000
vt 0.143990 2.909626 0.000000
vt 0.071995 4.849377 0.000000
vt 0.000000 6.789128 0.000000
vt -0.071995 8.728879 0.000000
vt -0.143990 10.668629 0.000000
vt -0.863938 -18.427633 0.000000
vt -0.791943 -20.367384 0.000000
vt -0.719948 -22.307134 0.000000
vt -0.647953 -24.246885 0.000000
vt -0.575959 -26.186636 0.000000
vt -0.503964 -28.126387 0.000000
vt -0.431969 -30.066138 0.000000
vt -0.359974 -32.005888 0.000000
vt -0.287979 -33.945639 0.000000
vt -0.215984 -35.885390 0.000000
vt -0.143990 -37.825141 0.000000
vt -0.071995 -39.764892 0.000000
vt 0.000000 -41.704642 0.000000
vt 0.000000 41.704642 0.000000
vt 0.071995 39.764892 0.000000
vt 0.143990 37.825141 0.000000
vt 0.215984 35.885390 0.000000
vt 0.287979 33.945639 0.000000
vt 0.359974 32.005888 0.000000
vt 0.863938 -14.548131 0.000000
vt 0.791943 -12.608380 0.000000
vt 0.719948 -10.668629 0.000000
vt 0.647953 -8.728879 0.000000
vt 0.575959 -6.789128 0.000000
vt 0.503964 -4.849377 0.000000
vt 0.431969 -2.909626 0.000000
vt 0.359974 -0.969875 0.000000
vt 0.287979 0.969875 0.000000
vt 0.215984 2.909626 0.000000
vt 0.143990 4.849377 0.000000
vt 0.071995 6.789128 0.000000
vt 0.000000 8.728879 0.000000
vt -0.071995 10.668629 0.000000
vt -0.863938 -16.487882 0.000000
vt -0.791943 -18.427633 0.000000
vt -0.719948 -20.367384 0.000000
vt -0.647953 -22.307134 0.000000
vt -0.575959 -24.246885 0.000000
vt -0.503964 -26.186636 0.000000
vt -0.431969 -28.126387 0.000000
vt -0.359974 -30.066138 0.000000
vt -0.287979 -32.005888 0.000000
vt -0.215984 -33.945639 0.000000
vt -0.143990 -35.885390 0.000000
vt -0.071995 -37.825141 0.000000
vt 0.000000 -39.764892 0.000000
vt 0.071995 -41.704642 0.000000
vt 0.071995 41.704642 0.000000
vt 0.143990 39.764892 0.000000
vt 0.215984 37.825141 0.000000
vt 0.287979 35.885390 0.000000
vt 0.359974 33.945639 0.000000
vt 0.431969 32.005888 0.000000
vt 0.863938 -12.608380 0.000000
vt 0.791943 -10.668629 0.000000
vt 0.719948 -8.728879 0.000000
vt 0.647953 -6.789128 0.000000
vt 0.575959 -4.849377 0.000000
vt 0.503964 -2.909626 0.000000
vt 0.431969 -0.969875 0.000000
vt 0.359974 0.969875 0.000000
vt 0.287979 2.909626 0.000000
vt 0.215984 4.849377 0.000000
vt 0.143990 6.789128 0.000000
vt 0.071995 8.728879 0.000000
vt 0.000000 10.668629 0.000000
vt -0.863938 -14.548131 0.000000
vt -0.791943 -16.487882 0.000000
vt -0.719948 -18.427633 0.000000
vt -0.647953 -20.367384 0.000000
vt -0.575959 -22.307134 0.000000
vt -0.503964 -24.246885 0.000000
vt -0.431969 -26.186636 0.000000
vt -0.359974 -28.126387 0.000000
vt -0.287979 -30.066138 0.000000
vt -0.215984 -32.005888 0.000000
vt -0.143990 -33.945639 0.000000
vt -0.071995 -35.885390 0.000000
vt 0.000000 -37.825141 0.000000
vt 0.071995 -39.764892 0.000000
vt 0.143990 -41.704642 0.000000
vt 0.143990 41.704642 0.000000
vt 0.215984 39.764892 0.000000
vt 0.287979 37.825141 0.000000
vt 0.359974 35.885390 0.000000
vt 0.431969 33.945639 0.000000
vt 0.503964 32.005888 0.000000
vt 0.863938 -10.668629 0.000000
vt 0.791943 -8.728879 0.000000
vt 0.719948 -6.789128 0.000000
vt 0.647953 -4.849377 0.000000
vt 0.575959 -2.909626 0.000000
vt 0.503964 -0.969875 0.000000
vt 0.431969 0.969875 0.000000
vt 0.359974 2.909626 0.000000
vt 0.287979 4.849377 0.000000
vt 0.215984 6.789128 0.000000
vt 0.143990 8.728879 0.000000
vt 0.071995 10.668629 0.000000
vt -0.863938 -12.608380 0.000000
vt -0.791943 -14.548131 0.000000
vt -0.719948 -16.487882 0.000000
vt -0.647953 -18.427633 0.000000
vt -0.575959 -20.367384 0.000000
vt -0.503964 -22.307134 0.000000
vt -0.431969 -24.246885 0.000000
vt -0.359974 -26.186636 0.000000
vt -0.287979 -28.126387 0.000000
vt -0.215984 -30.066138 0.000000
vt -0.143990 -32.005888 0.000000
vt -0.071995 -33.945639 0.000000
vt 0.000000 -35.885390 0.000000
vt 0.071995 -37.825141 0.000000
vt 0.143990 -39.764892 0.000000
vt 0.215984 -41.704642 0.000000
vt 0.215984 41.704642 0.000000
vt 0.287979 39.764892 0.000000
vt 0.359974 37.825141 0.000000
vt 0.431969 35.885390 0.000000
vt 0.503964 33.945639 0.000000
vt 0.575959 32.005888 0.000000
vt 0.863938 -8.728879 0.000000
vt 0.791943 -6.789128 0.000000
vt 0.719948 -4.849377 0.000000
vt 0.647953 -2.909626 0.000000
vt 0.575959 -0.969875 0.000000
vt 0.503964 0.969875 0.000000
vt 0.431969 2.909626 0.000000
vt 0.359974 4.849377 0.000000
vt 0.287979 6.789128 0.000000
vt 0.215984 8.728879 0.000000
vt 0.143990 10.668629 0.000000
vt -0.863938 -10.668629 0.000000
vt -0.791943 -12.608380 0.000000
vt -0.719948 -14.548131 0.000000
vt -0.647953 -16.487882 0.000000
vt -0.575959 -18.427633 0.000000
vt -0.503964 -20.367384 0.000000
vt -0.431969 -22.307134 0.000000
vt -0.359974 -24.246885 0.000000
vt -0.287979 -26.186636 0.000000
vt -0.215984 -28.126387 0.000000
vt -0.143990 -30.066138 0.000000
vt -0.071995 -32.005888 0.000000
vt 0.000000 -33.945639 0.000000
vt 0.071995 -35.885390 0.000000
vt 0.143990 -37.825141 0.000000
vt 0.215984 -39.764892 0.000000
vt 0.287979 -41.704642 0.000000
vt 0.287979 41.704642 0.000000
vt 0.359974 39.764892 0.000000
vt 0.431969 37.825141 0.000000
vt 0.503964 35.885390 0.000000
vt 0.575959 33.945639 0.000000
vt 0.647953 32.005888 0.000000
vt 0.863938 -6.789128 0.000000
vt 0.791943 -4.849377 0.000000
vt 0.719948 -2.909626 0.000000
vt 0.647953 -0.969875 0.000000
vt 0.575959 0.969875 0.000000
vt 0.503964 2.909626 0.000000
vt 0.431969 4.849377 0.000000
vt 0.359974 6.789128 0.000000
vt 0.287979 8.728879 0.000000
vt 0.215984 10.668629 0.000000
vt -0.863938 -8.728879 0.000000
vt -0.791943 -10.668629 0.000000
vt -0.719948 -12.608380 0.000000
vt -0.647953 -14.548131 0.000000
vt -0.575959 -16.487882 0.000000
vt -0.503964 -18.427633 0.000000
vt -0.431969 -20.367384 0.000000
vt -0.359974 -22.307134 0.000000
vt -0.287979 -24.246885 0.000000
vt -0.215984 -26.186636 0.000000
vt -0.143990 -28.126387 0.000000
vt -0.071995 -30.066138 0.000000
vt 0.000000 -32.005888 0.000000
vt 0.071995 -33.945639 0.000000
vt 0.143990 -35.885390 0.000000
vt 0.215984 -37.825141 0.000000
vt 0.287979 -39.764892 0.000000
vt 0.359974 -41.704642 0.000000
vt 0.359974 41.704642 0.000000
vt 0.431969 39.764892 0.000000
vt 0.503964 37.825141 0.000000
vt 0.575959 35.885390 0.000000
vt 0.647953 33.945639 0.000000
vt 0.719948 32.005888 0.000000
vt 0.863938 -4.849377 0.000000
vt 0.791943 -2.909626 0.000000
vt 0.719948 -0.969875 0.000000
vt 0.647953 0.969875 0.000000
vt 0.575959 2.909626 0.000000
vt 0.503964 4.849377 0.000000
vt 0.431969 6.789128 0.000000
vt 0.359974 8.728879 0.000000
vt 0.287979 10.668629 0.000000
vt -0.863938 -6.789128 0.000000
vt -0.791943 -8.728879 0.000000
vt -0.719948 -10.668629 0.000000
vt -0.647953 -12.608380 0.000000
vt -0.575959 -14.548131 0.000000
vt -0.503964 -16.487882 0.000000
vt -0.431969 -18.427633 0.000000
vt -0.359974 -20.367384 0.000000
vt -0.287979 -22.307134 0.000000
vt -0.215984 -24.246885 0.000000
vt -0.143990 -26.186636 0.000000
vt -0.071995 -28.126387 0.000000
vt 0.000000 -30.066138 0.000000
vt 0.071995 -32.005888 0.000000
vt 0.143990 -33.945639 0.000000
vt 0.215984 -35.885390 0.000000
vt 0.287979 -37.825141 0.000000
vt 0.359974 -39.764892 0.000000
vt 0.431969 -41.704642 0.000000
vt 0.431969 41.704642 0.000000
vt 0.503964 39.764892 0.000000
vt 0.575959 37.825141 0.000000
vt 0.647953 35.885390 0.000000
vt 0.719948 33.945639 0.000000
vt 0.863938 -2.909626 0.000000
vt 0.791943 -0.969875 0.000000
vt 0.719948 0.969875 0.000000
vt 0.647953 2.909626 0.000000
vt 0.575959 4.849377 0.000000
vt 0.503964 6.789128 0.000000
vt 0.431969 8.728879 0.000000
vt 0.359974 10.668629 0.000000
vt -0.863938 -4.849377 0.000000
vt -0.791943 -6.789128 0.000000
vt -0.719948 -8.728879 0.000000
vt -0.647953 -10.668629 0.000000
vt -0.575959 -12.608380 0.000000
vt -0.503964 -14.548131 0.000000
vt -0.431969 -16.487882 0.000000
vt -0.359974 -18.427633 0.000000
vt -0.287979 -20.367384 0.000000
vt -0.215984 -22.307134 0.000000
vt -0.143990 -24.246885 0.000000
vt -0.071995 -26.186636 0.000000
vt 0.000000 -28.126387 0.000000
vt 0.071995 -30.066138 0.000000
vt 0.143990 -32.005888 0.000000
vt 0.215984 -33.945639 0.000000
vt 0.287979 -35.885390 0.000000
vt 0.359974 -37.825141 0.000000
vt 0.431969 -39.764892 0.000000
vt 0.503964 -41.704642 0.000000
vt 0.503964 41.704642 0.000000
vt 0.575959 39.764892 0.000000
vt 0.647953 37.825141 0.000000
vt 0.719948 35.885390 0.000000
vt 0.863938 -0.969875 0.000000
vt 0.791943 0.969875 0.000000
vt 0.719948 2.909626 0.000000
vt 0.647953 4.849377 0.000000
vt 0.575959 6.789128 0.000000
vt 0.503964 8.728879 0.000000
vt -0.863938 -2.909626 0.000000
vt -0.791943 -4.849377 0.000000
vt -0.719948 -6.789128 0.000000
vt -0.647953 -8.728879 0.000000
vt -0.575959 -10.668629 0.000000
vt -0.503964 -12.608380 0.000000
vt -0.431969 -14.548131 0.000000
vt -0.359974 -16.487882 0.000000
vt -0.287979 -18.427633 0.000000
vt -0.215984 -20.367384 0.000000
vt -0.143990 -22.307134 0.000000
vt -0.071995 -24.246885 0.000000
vt 0.000000 -26.186636 0.000000
vt 0.071995 -28.126387 0.000000
vt 0.143990 -30.066138 0.000000
vt 0.215984 -32.005888 0.000000
vt 0.287979 -33.945639 0.000000
vt 0.359974 -35.885390 0.000000
vt 0.431969 -37.825141 0.000000
vt 0.503964 -39.764892 0.000000
vt 0.575959 -41.704642 0.000000
vt 0.575959 41.704642 0.000000
vt 0.647953 39.764892 0.000000
vt 0.719948 37.825141 0.000000
vt 0.863938 0.969875 0.000000
vt 0.791943 2.909626 0.000000
vt 0.719948 4.849377 0.000000
vt 0.647953 6.789128 0.000000
vt 0.575959 8.728879 0.000000
vt -0.863938 -0.969875 0.000000
vt -0.791943 -2.909626 0.000000
vt -0.719948 -4.849377 0.000000
vt -0.647953 -6.789128 0.000000
vt -0.575959 -8.728879 0.000000
vt -0.503964 -10.668629 0.000000
vt -0.431969 -12.608380 0.000000
vt -0.359974 -14.548131 0.000000
vt -0.287979 -16.487882 0.000000
vt -0.215984 -18.427633 0.000000
vt -0.143990 -20.367384 0.000000
vt -0.071995 -22.307134 0.000000
vt 0.000000 -24.246885 0.000000
vt 0.071995 -26.186636 0.000000
vt 0.143990 -28.126387 0.000000
vt 0.215984 -30.066138 0.000000
vt 0.287979 -32.005888 0.000000
vt 0.359974 -33.945639 0.000000
vt 0.431969 -35.885390 0.000000
vt 0.503964 -37.825141 0.000000
vt 0.575959 -39.764892 0.000000
vt 0.647953 -41.704642 0.000000
vt 0.647953 41.704642 0.000000
vt 0.719948 39.764892 0.000000
vt 0.863938 2.909626 0.000000
vt 0.791943 4.849377 0.000000
vt 0.719948 6.789128 0.000000
vt 0.647953 8.728879 0.000000
vt -0.863938 0.969875 0.000000
vt -0.791943 -0.969875 0.000000
vt -0.719948 -2.909626 0.000000
vt -0.647953 -4.849377 0.000000
vt -0.575959 -6.789128 0.000000
vt -0.503964 -8.728879 0.000000
vt -0.431969 -10.668629 0.000000
vt -0.359974 -12.608380 0.000000
vt -0.287979 -14.548131 0.000000
vt -0.215984 -16.487882 0.000000
vt -0.143990 -18.427633 0.000000
vt -0.071995 -20.367384 0.000000
vt 0.000000 -22.307134 0.000000
vt 0.071995 -24.246885 0.000000
vt 0.143990 -26.186636 0.000000
vt 0.215984 -28.126387 0.000000
vt 0.287979 -30.066138 0.000000
vt 0.359974 -32.005888 0.000000
vt 0.431969 -33.945639 0.000000
vt 0.503964 -35.885390 0.000000
vt 0.575959 -37.825141 0.000000
vt 0.647953 -39.764892 0.000000
vt 0.719948 -41.704642 0.000000
vt 0.719948 41.704642 0.000000
vt -0.863938 2.909626 0.000000
vt -0.791943 0.969875 0.000000
vt -0.719948 -0.969875 0.000000
vt -0.647953 -2.909626 0.000000
vt -0.575959 -4.849377 0.000000
vt -0.503964 -6.789128 0.000000
vt -0.431969 -8.728879 0.000000
vt -0.359974 -10.668629 0.000000
vt -0.287979 -12.608380 0.000000
vt -0.215984 -14.548131 0.000000
vt -0.143990 -16.487882 0.000000
vt -0.071995 -18.427633 0.000000
vt 0.000000 -20.367384 0.000000
vt 0.071995 -22.307134 0.000000
vt 0.143990 -24.246885 0.000000
vt 0.215984 -26.186636 0.000000
vt 0.287979 -28.126387 0.000000
vt 0.359974 -30.066138 0.000000
vt 0.431969 -32.005888 0.000000
vt 0.503964 -33.945639 0.000000
vt 0.575959 -35.885390 0.000000
vt 0.647953 -37.825141 0.000000
vt 0.719948 -39.764892 0.000000
vt 0.791943 -41.704642 0.000000
vt -0.863938 37.825141 0.000000
vt -0.791943 35.885390 0.000000
vt -0.719948 33.945639 0.000000
vt -0.647953 32.005888 0.000000
vt -0.863938 35.885390 0.000000
vt -0.791943 33.945639 0.000000
vt -0.719948 32.005888 0.000000
vt -0.863938 33.945639 0.000000
vt -0.791943 32.005888 0.000000
vt -0.863938 32.005888 0.000000
vt -0.719948 -41.704642 0.000000
vt -0.791943 41.704642 0.000000
vt -0.719948 39.764892 0.000000
vt -0.719948 41.704642 0.000000
vt -0.647953 39.764892 0.000000
vt -0.359974 32.005888 0.000000
vt -0.647953 37.825141 0.000000
vt -0.575959 37.825141 0.000000
vt -0.575959 35.885390 0.000000
vn 0.100000 -0.000000 -0.000000
vn 0.100000 -0.000000 -0.000000
vn 0.100000 -0.000000 -0.000000
vn 0.100000 -0.000000 -0.000000
vn 0.100000 -0.000000 -0.000000
vn 0.100000 -0.000000 -0.000000
vn 0.100000 -0.000000 -0.000000
vn 0.100000 -0.000000 -0.000000
vn 0.100000 -0.000000 -0.000000
vn 0.100000 -0.000000 -0.000000
vn 0.100000 -0.000000 -0.000000
vn 0.100000 -0.000000 -0.000000
vn 0.100000 -0.000000 -0.000000
vn 0.100000 -0.000000 -0.000000
vn 0.100000 -0.000000 -0.000000
vn 0.100000 -0.000000 -0.000000
vn 0.100000 -0.000000 -0.000000
vn 0.100000 -0.000000 -0.000000
vn 0.100000 -0.000000 -0.000000
vn 0.100000 -0.000000 -0.000000
vn 0.100000 -0.000000 -0.000000
vn 0.100000 -0.000000 -0.000000
vn 0.100000 -0.000000 -0.000000
vn 0.100000 -0.000000 -0.000000
vn 0.100000 -0.000000 -0.000000
vn 0.100000 -0.000000 -0.000000
vn 0.100000 -0.000000 -0.000000
vn 0.100000 -0.000000 -0.000000
vn 0.100000 -0.000000 -0.000000
vn 0.100000 -0.000000 -0.000000
vn 0.100000 -0.000000 -0.000000
vn 0.100000 -0.000000 -0.000000
vn -0.100000 0.000000 0.000000
vn -0.100000 0.000000 0.000000
vn -0.100000 0.000000 0.000000
vn -0.100000 0.000000 0.000000
vn -0.100000 0.000000 0.000000
vn -0.100000 0.000000 0.000000
vn -0.100000 0.000000 0.000000
vn -0.100000 0.000000 0.000000
vn -0.100000 0.000000 0.000000
vn -0.100000 0.000000 0.000000
vn -0.100000 0.000000 0.000000
vn -0.100000 0.000000 0.000000
vn -0.100000 0.000000 0.000000
vn -0.100000 0.000000 0.000000
vn -0.100000 0.000000 0.000000
vn -0.100000 0.000000 0.000000
vn -0.100000 0.000000 0.000000
vn -0.100000 0.000000 0.000000
vn -0.100000 0.000000 0.000000
vn -0.100000 0.000000 0.000000
vn -0.100000 0.000000 0.000000
vn -0.100000 0.000000 0.000000
vn -0.100000 0.000000 0.000000
vn -0.100000 0.000000 0.000000
vn -0.100000 0.000000 0.000000
vn -0.100000 0.000000 0.000000
vn -0.100000 0.000000 0.000000
vn -0.100000 0.000000 0.000000
vn -0.100000 0.000000 0.000000
vn -0.100000 0.000000 0.000000
vn -0.100000 0.000000 0.000000
vn -0.100000 0.000000 0.000000
vn -0.100000 0.000000 0.000000
vn -0.100000 0.000000 0.000000
vn 0.055465 -0.022558 -0.080092
vn 0.056793 -0.000853 -0.082303
vn 0.058218 -0.000843 -0.081302
vn 0.055465 0.020893 -0.080542
vn 0.056234 0.025066 -0.078800
vn 0.051727 0.040886 -0.075184
vn 0.050418 0.049267 -0.070928
vn 0.045737 0.059046 -0.066496
vn 0.041166 0.070111 -0.058222
vn 0.038396 0.073529 -0.055850
vn 0.029109 0.086176 -0.041549
vn 0.029530 0.085294 -0.043045
vn 0.020237 0.093315 -0.029713
vn 0.015068 0.096369 -0.022044
vn 0.010034 0.098329 -0.015192
vn 0.000000 0.099995 -0.001037
vn -0.000211 0.099997 -0.000740
vn -0.010546 0.098493 0.013708
vn 0.000000 0.099995 -0.001037
vn -0.020897 0.093683 0.028049
vn -0.017964 0.096781 0.017630
vn -0.030450 0.085892 0.041175
vn -0.034704 0.086971 0.035096
vn -0.039665 0.074417 0.053747
vn -0.047389 0.060234 0.064235
vn -0.049078 0.071235 0.050169
vn -0.053776 0.042347 0.072904
vn -0.060109 0.050644 0.061824
vn -0.057804 0.022527 0.078430
vn -0.067042 0.026601 0.069265
vn -0.058898 0.011562 0.079984
vn -0.059248 0.000835 0.080554
vn -0.058898 -0.009901 0.080206
vn -0.067042 -0.025160 0.069802
vn -0.069407 0.000746 0.071986
vn -0.076453 0.026492 0.058763
vn -0.068546 0.050546 0.052408
vn -0.075522 0.050437 0.041864
vn -0.061663 0.071066 0.033872
vn -0.066045 0.070969 0.024526
vn -0.046701 0.086783 0.016963
vn -0.048804 0.086711 0.009973
vn -0.025263 0.096646 0.004626
vn -0.025813 0.096607 0.000888
vn 0.000000 0.099995 -0.001037
vn 0.000000 0.099995 -0.001037
vn 0.025813 0.096607 0.000888
vn 0.025263 0.096646 0.004626
vn 0.048804 0.086711 0.009973
vn 0.046701 0.086783 0.016963
vn 0.066045 0.070969 0.024526
vn 0.061663 0.071066 0.033872
vn 0.075522 0.050437 0.041864
vn 0.068546 0.050546 0.052408
vn 0.076453 0.026492 0.058763
vn 0.067042 0.026601 0.069265
vn 0.069407 0.000746 0.071986
vn 0.058186 0.000843 0.081325
vn 0.056203 -0.025066 0.078822
vn 0.044166 -0.024990 0.086168
vn 0.039598 -0.049199 0.077533
vn 0.027962 -0.049148 0.082478
vn 0.022831 -0.070013 0.067653
vn 0.012844 -0.069986 0.070264
vn 0.009082 -0.086088 0.050063
vn 0.001826 -0.086080 0.050862
vn 0.000945 -0.096319 0.026865
vn -0.002831 -0.096321 0.026727
vn -0.000000 -0.099995 0.001037
vn -0.000000 -0.099995 0.001037
vn 0.006546 -0.096847 -0.024038
vn 0.010123 -0.096834 -0.022818
vn 0.019555 -0.087075 -0.045117
vn 0.026047 -0.087040 -0.041780
vn 0.036836 -0.071333 -0.059622
vn 0.045232 -0.071270 -0.053616
vn 0.055397 -0.050687 -0.066045
vn 0.064499 -0.050596 -0.057270
vn 0.071939 -0.026549 -0.064186
vn 0.080558 -0.026433 -0.053026
vn 0.083400 -0.000572 -0.055174
vn 0.090545 -0.000440 -0.042443
vn 0.087460 0.025456 -0.041265
vn 0.092497 0.025592 -0.028095
vn 0.082931 0.049739 -0.025467
vn 0.085680 0.049867 -0.013127
vn 0.069957 0.070600 -0.011028
vn 0.070711 0.070707 -0.000733
vn 0.050000 0.086598 -0.000898
vn 0.049467 0.086673 0.006382
vn 0.025606 0.096626 0.002767
vn 0.024785 0.096665 0.006455
vn -0.000000 0.099995 -0.001037
vn -0.000000 0.099995 -0.001037
vn -0.023435 0.096474 -0.011986
vn -0.021585 0.096439 -0.015281
vn -0.041700 0.086312 -0.028485
vn -0.037239 0.086252 -0.034262
vn -0.052663 0.070218 -0.047917
vn -0.045232 0.070143 -0.055082
vn -0.055397 0.049307 -0.067082
vn -0.045186 0.058905 -0.066996
vn -0.051072 0.040759 -0.075699
vn -0.057804 -0.020896 0.078880
vn -0.053776 -0.040826 0.073766
vn -0.060109 -0.049351 0.062860
vn -0.047389 -0.058890 0.065470
vn -0.049078 -0.070179 0.051635
vn -0.039665 -0.073287 0.055279
vn -0.034704 -0.086225 0.036891
vn -0.030450 -0.085020 0.042947
vn -0.020897 -0.093082 0.029985
vn -0.017964 -0.096394 0.019633
vn -0.010546 -0.098188 0.015747
vn 0.000000 -0.099995 0.001037
vn 0.000000 -0.099995 0.001037
vn 0.015068 -0.096806 -0.020041
vn 0.010034 -0.098622 -0.013151
vn 0.020237 -0.093910 -0.027772
vn -0.000211 -0.099991 0.001333
vn 0.029109 -0.087019 -0.039753
vn 0.029530 -0.086169 -0.041267
vn 0.038396 -0.074671 -0.054314
vn 0.041166 -0.071303 -0.056756
vn 0.045737 -0.060411 -0.065258
vn 0.050418 -0.050727 -0.069891
vn 0.051727 -0.042436 -0.074320
vn 0.056234 -0.026695 -0.078263
vn -0.054739 0.020808 -0.081059
vn -0.056040 -0.000859 -0.082818
vn -0.063967 -0.000797 -0.076861
vn -0.054739 -0.022484 -0.080611
vn -0.061788 -0.026650 -0.073973
vn -0.051072 -0.042320 -0.074838
vn -0.055397 -0.050687 -0.066045
vn -0.045186 -0.060282 -0.065760
vn -0.045232 -0.071270 -0.053616
vn -0.037955 -0.074565 -0.054768
vn -0.031984 -0.086996 -0.037533
vn -0.029209 -0.086096 -0.041645
vn -0.020024 -0.093876 -0.028041
vn -0.016556 -0.096794 -0.018892
vn -0.009939 -0.098612 -0.013299
vn -0.000000 -0.099995 0.001037
vn 0.000200 -0.099991 0.001323
vn 0.010426 -0.098180 0.015875
vn 0.016556 -0.096381 0.020894
vn 0.020661 -0.093052 0.030241
vn 0.030108 -0.084951 0.043322
vn 0.031984 -0.086199 0.039328
vn 0.039202 -0.073183 0.055744
vn 0.046815 -0.058758 0.065999
vn 0.045232 -0.070143 0.055082
vn 0.053094 -0.040703 0.074326
vn 0.055397 -0.049307 0.067082
vn 0.057047 -0.020812 0.079451
vn 0.061788 -0.025111 0.074510
vn 0.058462 0.000841 0.081126
vn 0.063967 0.000797 0.076861
vn 0.057047 0.022455 0.079002
vn 0.053094 0.042235 0.073466
vn 0.061788 0.026650 0.073973
vn 0.046815 0.060113 0.064767
vn 0.055397 0.050687 0.066045
vn 0.039202 0.074323 0.054215
vn 0.045232 0.071270 0.053616
vn 0.030108 0.085831 0.041552
vn 0.020661 0.093658 0.028305
vn 0.031984 0.086996 0.037533
vn 0.010426 0.098488 0.013836
vn 0.016556 0.096794 0.018892
vn -0.000000 0.099995 -0.001037
vn 0.019276 0.096766 0.016269
vn -0.000000 0.099995 -0.001037
vn 0.021585 0.096735 0.013279
vn -0.000000 0.099995 -0.001037
vn 0.023435 0.096701 0.009984
vn 0.000200 0.099997 -0.000750
vn -0.009939 0.098315 -0.015340
vn -0.016556 0.096381 -0.020894
vn -0.020024 0.093275 -0.029981
vn -0.031984 0.086199 -0.039328
vn -0.029209 0.085214 -0.043421
vn -0.037955 0.073413 -0.056302
vn -0.061788 0.025111 -0.074510
vn 0.100000 -0.000000 -0.000000
vn 0.098934 -0.000151 -0.014559
vn 0.095563 -0.026026 -0.013795
vn 0.092497 -0.026169 -0.027558
vn 0.082931 -0.050256 -0.024430
vn 0.078414 -0.050378 -0.036239
vn 0.064025 -0.071018 -0.029279
vn 0.058973 -0.071111 -0.038281
vn 0.041700 -0.086884 -0.026689
vn 0.037239 -0.086944 -0.032466
vn 0.019276 -0.096766 -0.016269
vn 0.016556 -0.096794 -0.018892
vn -0.000000 -0.099995 0.001037
vn -0.000000 -0.099995 0.001037
vn -0.013483 -0.096358 0.023093
vn -0.010123 -0.096340 0.024820
vn -0.019555 -0.086121 0.046913
vn -0.012647 -0.086096 0.049269
vn -0.017885 -0.069998 0.069141
vn -0.007734 -0.069978 0.071016
vn -0.009472 -0.049105 0.086597
vn 0.003163 -0.049100 0.087058
vn 0.003528 -0.024880 0.096791
vn 0.017545 -0.024896 0.095249
vn 0.018164 0.001019 0.098331
vn 0.032288 0.000981 0.094639
vn 0.031188 0.026828 0.091146
vn 0.044166 0.026771 0.085631
vn 0.039598 0.050796 0.076497
vn 0.050390 0.050727 0.069911
vn 0.041144 0.071303 0.056772
vn 0.049078 0.071235 0.050169
vn 0.034704 0.086971 0.035096
vn 0.039575 0.086915 0.029659
vn 0.020485 0.096751 0.014816
vn 0.022570 0.096719 0.011665
vn 0.000000 0.099995 -0.001037
vn 0.000000 0.099995 -0.001037
vn -0.024174 0.096492 -0.010247
vn -0.025263 0.096529 -0.006628
vn -0.048804 0.086485 -0.011769
vn -0.049867 0.086560 -0.004547
vn -0.070522 0.070653 -0.005894
vn -0.070522 0.070760 0.004428
vn -0.086372 0.050063 0.005803
vn -0.084531 0.050193 0.018311
vn -0.094282 0.026098 0.020733
vn -0.090219 0.026238 0.034236
vn -0.093402 0.000370 0.035721
vn -0.087205 0.000507 0.048939
vn -0.084234 -0.025390 0.047540
vn -0.076453 -0.025269 0.059300
vn -0.068546 -0.049449 0.053445
vn 0.098934 0.000151 0.014559
vn 0.095563 0.026026 0.013795
vn 0.092497 0.026169 0.027558
vn 0.082931 0.050256 0.024430
vn 0.078414 0.050378 0.036239
vn 0.064025 0.071018 0.029279
vn 0.058973 0.071111 0.038281
vn 0.041700 0.086884 0.026689
vn 0.037239 0.086944 0.032466
vn 0.096593 -0.025881 0.000268
vn 0.095563 -0.025735 0.014332
vn 0.095760 0.000299 0.028808
vn 0.092497 -0.025592 0.028095
vn 0.090545 0.000440 0.042443
vn 0.087460 -0.025456 0.041265
vn 0.083400 0.000572 0.055174
vn 0.080558 -0.025328 0.053562
vn 0.074477 0.000692 0.066728
vn 0.071939 -0.025212 0.064723
vn 0.096593 0.025881 -0.000268
vn 0.095563 0.025735 -0.014332
vn 0.095760 -0.000299 -0.028808
vn 0.087460 -0.026306 -0.040729
vn 0.072226 -0.050493 -0.047264
vn 0.052663 -0.071196 -0.046451
vn 0.031984 -0.086996 -0.037533
vn 0.013483 -0.096816 -0.021090
vn -0.000000 -0.099995 0.001037
vn -0.006546 -0.096328 0.026040
vn -0.005469 -0.086083 0.050595
vn 0.002582 -0.069974 0.071393
vn 0.015730 -0.049115 0.085676
vn 0.031188 -0.024933 0.091682
vn 0.045724 0.000922 0.088929
vn 0.056203 0.026695 0.078285
vn 0.060109 0.050644 0.061824
vn 0.055967 0.071155 0.042481
vn 0.043602 0.086852 0.023572
vn 0.024174 0.096683 0.008244
vn 0.000000 0.099995 -0.001037
vn -0.025813 0.096568 -0.002890
vn -0.049867 0.086636 0.002752
vn -0.069019 0.070866 0.014641
vn -0.080888 0.050318 0.030417
vn -0.084234 0.026371 0.047003
vn -0.079150 0.000634 0.061114
vn 0.074477 -0.000692 -0.066728
vn 0.061788 -0.026650 -0.073973
vn 0.045115 -0.050764 -0.073401
vn 0.027655 -0.071381 -0.064342
vn 0.012647 -0.087099 -0.047474
vn 0.002831 -0.096854 -0.024724
vn 0.000000 -0.099995 0.001037
vn 0.004701 -0.096324 0.026451
vn 0.016144 -0.086107 0.048217
vn 0.032332 -0.070055 0.063616
vn 0.050390 -0.049267 0.070947
vn 0.067042 -0.025160 0.069802
vn 0.079150 0.000634 0.061114
vn 0.084234 0.026371 0.047003
vn 0.080888 0.050318 0.030417
vn 0.069019 0.070866 0.014641
vn 0.049867 0.086636 0.002752
vn 0.025813 0.096568 -0.002890
vn 0.000000 0.099995 -0.001037
vn -0.024174 0.096683 0.008244
vn -0.043602 0.086852 0.023572
vn -0.055967 0.071155 0.042481
vn 0.063967 -0.000797 -0.076861
vn 0.050319 -0.026735 -0.082178
vn 0.033871 -0.050824 -0.079182
vn 0.017885 -0.071416 -0.067675
vn 0.005469 -0.087113 -0.048800
vn -0.000945 -0.096856 -0.024862
vn 0.000000 -0.099995 0.001037
vn 0.008357 -0.096333 0.025496
vn 0.022862 -0.086137 0.045362
vn 0.041144 -0.070111 0.058238
vn 0.060109 -0.049351 0.062860
vn 0.076453 -0.025269 0.059300
vn 0.087205 0.000507 0.048939
vn 0.090219 0.026238 0.034236
vn 0.084531 0.050193 0.018311
vn 0.070522 0.070760 0.004428
vn 0.049867 0.086560 -0.004547
vn 0.025263 0.096529 -0.006628
vn 0.000000 0.099995 -0.001037
vn -0.022570 0.096719 0.011665
vn -0.039575 0.086915 0.029659
vn 0.080558 0.025328 -0.053562
vn 0.078414 0.049616 -0.037275
vn 0.067713 0.070496 -0.021104
vn 0.049467 0.086522 -0.008177
vn 0.025882 0.096587 -0.001001
vn -0.000000 0.099995 -0.001037
vn -0.024785 0.096510 -0.008457
vn -0.045272 0.086378 -0.022119
vn -0.058973 0.070302 -0.039747
vn -0.064499 0.049398 -0.058307
vn 0.052094 -0.000885 -0.085355
vn 0.037778 -0.026802 -0.088626
vn 0.021905 -0.050866 -0.083264
vn 0.007734 -0.071435 -0.069550
vn -0.001826 -0.087116 -0.049066
vn -0.004701 -0.096851 -0.024449
vn 0.000000 -0.099995 0.001037
vn 0.011834 -0.096349 0.024018
vn 0.029093 -0.086176 0.041560
vn 0.049078 -0.070179 0.051635
vn 0.068546 -0.049449 0.053445
vn 0.084234 -0.025390 0.047540
vn 0.093402 0.000370 0.035721
vn 0.094282 0.026098 0.020733
vn 0.086372 0.050063 0.005803
vn 0.070522 0.070653 -0.005894
vn 0.048804 0.086485 -0.011769
vn 0.024174 0.096492 -0.010247
vn 0.000000 0.099995 -0.001037
vn -0.020485 0.096751 0.014816
vn 0.071939 0.025212 -0.064723
vn 0.072226 0.049502 -0.048300
vn 0.064025 0.070396 -0.030745
vn 0.047880 0.086449 -0.015302
vn 0.025606 0.096548 -0.004770
vn -0.000000 0.099995 -0.001037
vn -0.025606 0.096548 -0.004770
vn -0.047880 0.086449 -0.015302
vn -0.064025 0.070396 -0.030745
vn -0.072226 0.049502 -0.048300
vn -0.071939 0.025212 -0.064723
vn 0.039110 -0.000954 -0.092030
vn 0.024431 -0.026849 -0.093178
vn 0.009472 -0.050890 -0.085560
vn -0.002582 -0.071439 -0.069927
vn -0.009082 -0.087108 -0.048268
vn -0.008357 -0.096841 -0.023493
vn 0.000000 -0.099995 0.001037
vn 0.015060 -0.096369 0.022050
vn 0.034704 -0.086225 0.036891
vn 0.055967 -0.070259 0.043947
vn 0.075522 -0.049558 0.042901
vn 0.090219 -0.025523 0.034772
vn 0.097608 0.000225 0.021742
vn 0.096335 0.025954 0.006782
vn 0.086372 0.049932 -0.006840
vn 0.069019 0.070548 -0.016107
vn 0.046701 0.086413 -0.018758
vn 0.022570 0.096456 -0.013668
vn 0.000000 0.099995 -0.001037
vn 0.061788 0.025111 -0.074510
vn 0.064499 0.049398 -0.058307
vn 0.058973 0.070302 -0.039747
vn 0.045272 0.086378 -0.022119
vn 0.024785 0.096510 -0.008457
vn -0.000000 0.099995 -0.001037
vn -0.025882 0.096587 -0.001001
vn -0.049467 0.086522 -0.008177
vn -0.067713 0.070496 -0.021104
vn -0.078414 0.049616 -0.037275
vn -0.080558 0.025328 -0.053562
vn -0.074477 -0.000692 -0.066728
vn 0.025293 -0.001003 -0.096743
vn 0.010564 -0.026876 -0.095740
vn -0.003163 -0.050894 -0.086022
vn -0.012844 -0.071428 -0.068798
vn -0.016144 -0.087088 -0.046422
vn -0.011834 -0.096826 -0.022015
vn 0.000000 -0.099995 0.001037
vn 0.017964 -0.096394 0.019633
vn 0.039575 -0.086281 0.031455
vn 0.061663 -0.070348 0.035338
vn 0.080888 -0.049677 0.031454
vn 0.094282 -0.025663 0.021269
vn 0.099733 0.000076 0.007299
vn 0.096335 0.025807 -0.007319
vn 0.084531 0.049802 -0.019347
vn 0.066045 0.070445 -0.025992
vn 0.043602 0.086344 -0.025367
vn 0.020485 0.096423 -0.016819
vn 0.050319 0.025026 -0.082715
vn 0.055397 0.049307 -0.067082
vn 0.052663 0.070218 -0.047917
vn 0.041700 0.086312 -0.028485
vn 0.023435 0.096474 -0.011986
vn -0.000000 0.099995 -0.001037
vn -0.025606 0.096626 0.002767
vn -0.050000 0.086598 -0.000898
vn -0.069957 0.070600 -0.011028
vn -0.082931 0.049739 -0.025467
vn -0.087460 0.025456 -0.041265
vn -0.083400 -0.000572 -0.055174
vn -0.071939 -0.026549 -0.064186
vn 0.010937 -0.001030 -0.099395
vn -0.003528 -0.026881 -0.096255
vn -0.015730 -0.050880 -0.084639
vn -0.022831 -0.071401 -0.066187
vn -0.022862 -0.087059 -0.043567
vn -0.015060 -0.096806 -0.020047
vn 0.000000 -0.099995 0.001037
vn 0.020485 -0.096423 0.016819
vn 0.043602 -0.086344 0.025367
vn 0.066045 -0.070445 0.025992
vn 0.084531 -0.049802 0.019347
vn 0.096335 -0.025807 0.007319
vn 0.099733 -0.000076 -0.007299
vn 0.094282 0.025663 -0.021269
vn 0.080888 0.049677 -0.031454
vn 0.061663 0.070348 -0.035338
vn 0.039575 0.086281 -0.031455
vn 0.017964 0.096394 -0.019633
vn 0.037778 0.024959 -0.089162
vn 0.045115 0.049231 -0.074438
vn 0.045232 0.070143 -0.055082
vn 0.037239 0.086252 -0.034262
vn 0.021585 0.096439 -0.015281
vn -0.000000 0.099995 -0.001037
vn -0.024785 0.096665 0.006455
vn -0.049467 0.086673 0.006382
vn -0.070711 0.070707 -0.000733
vn -0.085680 0.049867 -0.013127
vn -0.092497 0.025592 -0.028095
vn -0.090545 -0.000440 -0.042443
vn -0.080558 -0.026433 -0.053026
vn -0.064499 -0.050596 -0.057270
vn -0.003652 -0.001036 -0.099928
vn -0.017545 -0.026865 -0.094712
vn -0.027962 -0.050847 -0.081441
vn -0.032332 -0.071359 -0.062150
vn -0.029093 -0.087019 -0.039765
vn -0.017964 -0.096781 -0.017630
vn 0.000000 -0.099995 0.001037
vn 0.022570 -0.096456 0.013668
vn 0.046701 -0.086413 0.018758
vn 0.069019 -0.070548 0.016107
vn 0.086372 -0.049932 0.006840
vn 0.096335 -0.025954 -0.006782
vn 0.097608 -0.000225 -0.021742
vn 0.090219 0.025523 -0.034772
vn 0.075522 0.049558 -0.042901
vn 0.055967 0.070259 -0.043947
vn 0.034704 0.086225 -0.036891
vn 0.024431 0.024912 -0.093715
vn 0.033871 0.049171 -0.080218
vn 0.036836 0.070081 -0.061088
vn 0.031984 0.086199 -0.039328
vn 0.019276 0.096408 -0.018272
vn -0.000000 0.099995 -0.001037
vn -0.023435 0.096701 0.009984
vn -0.047880 0.086747 0.013506
vn -0.069957 0.070814 0.009562
vn -0.086603 0.049997 -0.000518
vn -0.095563 0.025735 -0.014332
vn -0.095760 -0.000299 -0.028808
vn -0.087460 -0.026306 -0.040729
vn -0.072226 -0.050493 -0.047264
vn -0.052663 -0.071196 -0.046451
vn -0.018164 -0.001019 -0.098331
vn -0.031188 -0.026828 -0.091146
vn -0.039598 -0.050796 -0.076497
vn -0.041144 -0.071303 -0.056772
vn -0.034704 -0.086971 -0.035096
vn -0.020485 -0.096751 -0.014816
vn 0.000000 -0.099995 0.001037
vn 0.024174 -0.096492 0.010247
vn 0.048804 -0.086485 0.011769
vn 0.070522 -0.070653 0.005894
vn 0.086372 -0.050063 -0.005803
vn 0.094282 -0.026098 -0.020733
vn 0.093402 -0.000370 -0.035721
vn 0.084234 0.025390 -0.047540
vn 0.068546 0.049449 -0.053445
vn 0.049078 0.070179 -0.051635
vn 0.010564 0.024885 -0.096276
vn 0.021905 0.049129 -0.084300
vn 0.027655 0.070032 -0.065808
vn 0.026047 0.086155 -0.043575
vn 0.016556 0.096381 -0.020894
vn -0.000000 0.099995 -0.001037
vn -0.021585 0.096735 0.013279
vn -0.045272 0.086818 0.020324
vn -0.067713 0.070918 0.019638
vn -0.085680 0.050128 0.012090
vn -0.096593 0.025881 -0.000268
vn -0.098934 -0.000151 -0.014559
vn -0.092497 -0.026169 -0.027558
vn -0.078414 -0.050378 -0.036239
vn -0.058973 -0.071111 -0.038281
vn -0.037239 -0.086944 -0.032466
vn -0.032288 -0.000981 -0.094639
vn -0.044166 -0.026771 -0.085631
vn -0.050390 -0.050727 -0.069911
vn -0.049078 -0.071235 -0.050169
vn -0.039575 -0.086915 -0.029659
vn -0.022570 -0.096719 -0.011665
vn 0.000000 -0.099995 0.001037
vn 0.025263 -0.096529 0.006628
vn 0.049867 -0.086560 0.004547
vn 0.070522 -0.070760 -0.004428
vn 0.084531 -0.050193 -0.018311
vn 0.090219 -0.026238 -0.034236
vn 0.087205 -0.000507 -0.048939
vn 0.076453 0.025269 -0.059300
vn 0.060109 0.049351 -0.062860
vn -0.003528 0.024880 -0.096791
vn 0.009472 0.049105 -0.086597
vn 0.017885 0.069998 -0.069141
vn 0.019555 0.086121 -0.046913
vn 0.013483 0.096358 -0.023093
vn -0.000000 0.099995 -0.001037
vn -0.019276 0.096766 0.016269
vn -0.041700 0.086884 0.026689
vn -0.064025 0.071018 0.029279
vn -0.082931 0.050256 0.024430
vn -0.095563 0.026026 0.013795
vn -0.100000 0.000000 0.000000
vn -0.095563 -0.026026 -0.013795
vn -0.082931 -0.050256 -0.024430
vn -0.064025 -0.071018 -0.029279
vn -0.041700 -0.086884 -0.026689
vn -0.019276 -0.096766 -0.016269
vn -0.045724 -0.000922 -0.088929
vn -0.056203 -0.026695 -0.078285
vn -0.060109 -0.050644 -0.061824
vn -0.055967 -0.071155 -0.042481
vn -0.043602 -0.086852 -0.023572
vn -0.024174 -0.096683 -0.008244
vn 0.000000 -0.099995 0.001037
vn 0.025813 -0.096568 0.002890
vn 0.049867 -0.086636 -0.002752
vn 0.069019 -0.070866 -0.014641
vn 0.080888 -0.050318 -0.030417
vn 0.084234 -0.026371 -0.047003
vn 0.079150 -0.000634 -0.061114
vn 0.067042 0.025160 -0.069802
vn -0.017545 0.024896 -0.095249
vn -0.003163 0.049100 -0.087058
vn 0.007734 0.069978 -0.071016
vn 0.012647 0.086096 -0.049269
vn 0.010123 0.096340 -0.024820
vn -0.000000 0.099995 -0.001037
vn -0.016556 0.096794 0.018892
vn -0.037239 0.086944 0.032466
vn -0.058973 0.071111 0.038281
vn -0.078414 0.050378 0.036239
vn -0.092497 0.026169 0.027558
vn -0.098934 0.000151 0.014559
vn -0.096593 -0.025881 0.000268
vn -0.085680 -0.050128 -0.012090
vn -0.067713 -0.070918 -0.019638
vn -0.045272 -0.086818 -0.020324
vn -0.021585 -0.096735 -0.013279
vn -0.000000 -0.099995 0.001037
vn -0.058186 -0.000843 -0.081325
vn -0.067042 -0.026601 -0.069265
vn -0.068546 -0.050546 -0.052408
vn -0.061663 -0.071066 -0.033872
vn -0.046701 -0.086783 -0.016963
vn -0.025263 -0.096646 -0.004626
vn 0.000000 -0.099995 0.001037
vn 0.025813 -0.096607 -0.000888
vn 0.048804 -0.086711 -0.009973
vn 0.066045 -0.070969 -0.024526
vn 0.075522 -0.050437 -0.041864
vn 0.076453 -0.026492 -0.058763
vn 0.069407 -0.000746 -0.071986
vn -0.031188 0.024933 -0.091682
vn -0.015730 0.049115 -0.085676
vn -0.002582 0.069974 -0.071393
vn 0.005469 0.086083 -0.050595
vn 0.006546 0.096328 -0.026040
vn -0.000000 0.099995 -0.001037
vn -0.013483 0.096816 0.021090
vn -0.031984 0.086996 0.037533
vn -0.052663 0.071196 0.046451
vn -0.072226 0.050493 0.047264
vn -0.087460 0.026306 0.040729
vn -0.095760 0.000299 0.028808
vn -0.095563 -0.025735 0.014332
vn -0.086603 -0.049997 0.000518
vn -0.069957 -0.070814 -0.009562
vn -0.047880 -0.086747 -0.013506
vn -0.023435 -0.096701 -0.009984
vn -0.000000 -0.099995 0.001037
vn 0.019276 -0.096408 0.018272
vn -0.069407 -0.000746 -0.071986
vn -0.076453 -0.026492 -0.058763
vn -0.075522 -0.050437 -0.041864
vn -0.066045 -0.070969 -0.024526
vn -0.048804 -0.086711 -0.009973
vn -0.025813 -0.096607 -0.000888
vn 0.000000 -0.099995 0.001037
vn 0.025263 -0.096646 -0.004626
vn 0.046701 -0.086783 -0.016963
vn 0.061663 -0.071066 -0.033872
vn 0.068546 -0.050546 -0.052408
vn 0.067042 -0.026601 -0.069265
vn -0.044166 0.024990 -0.086168
vn -0.027962 0.049148 -0.082478
vn -0.012844 0.069986 -0.070264
vn -0.001826 0.086080 -0.050862
vn 0.002831 0.096321 -0.026727
vn -0.000000 0.099995 -0.001037
vn -0.010123 0.096834 0.022818
vn -0.026047 0.087040 0.041780
vn -0.045232 0.071270 0.053616
vn -0.064499 0.050596 0.057270
vn -0.080558 0.026433 0.053026
vn -0.090545 0.000440 0.042443
vn -0.092497 -0.025592 0.028095
vn -0.085680 -0.049867 0.013127
vn -0.070711 -0.070707 0.000733
vn -0.049467 -0.086673 -0.006382
vn -0.024785 -0.096665 -0.006455
vn -0.000000 -0.099995 0.001037
vn 0.021585 -0.096439 0.015281
vn 0.037239 -0.086252 0.034262
vn -0.079150 -0.000634 -0.061114
vn -0.084234 -0.026371 -0.047003
vn -0.080888 -0.050318 -0.030417
vn -0.069019 -0.070866 -0.014641
vn -0.049867 -0.086636 -0.002752
vn -0.025813 -0.096568 0.002890
vn 0.000000 -0.099995 0.001037
vn 0.024174 -0.096683 -0.008244
vn 0.043602 -0.086852 -0.023572
vn 0.055967 -0.071155 -0.042481
vn 0.060109 -0.050644 -0.061824
vn -0.056203 0.025066 -0.078822
vn -0.039598 0.049199 -0.077533
vn -0.022831 0.070013 -0.067653
vn -0.009082 0.086088 -0.050063
vn -0.000945 0.096319 -0.026865
vn -0.000000 0.099995 -0.001037
vn -0.006546 0.096847 0.024038
vn -0.019555 0.087075 0.045117
vn -0.036836 0.071333 0.059622
vn -0.055397 0.050687 0.066045
vn -0.071939 0.026549 0.064186
vn -0.083400 0.000572 0.055174
vn -0.087460 -0.025456 0.041265
vn -0.082931 -0.049739 0.025467
vn -0.069957 -0.070600 0.011028
vn -0.050000 -0.086598 0.000898
vn -0.025606 -0.096626 -0.002767
vn -0.000000 -0.099995 0.001037
vn 0.023435 -0.096474 0.011986
vn 0.041700 -0.086312 0.028485
vn 0.052663 -0.070218 0.047917
vn -0.087205 -0.000507 -0.048939
vn -0.090219 -0.026238 -0.034236
vn -0.084531 -0.050193 -0.018311
vn -0.070522 -0.070760 -0.004428
vn -0.049867 -0.086560 0.004547
vn -0.025263 -0.096529 0.006628
vn 0.000000 -0.099995 0.001037
vn 0.022570 -0.096719 -0.011665
vn 0.039575 -0.086915 -0.029659
vn 0.049078 -0.071235 -0.050169
vn -0.067042 0.025160 -0.069802
vn -0.050390 0.049267 -0.070947
vn -0.032332 0.070055 -0.063616
vn -0.016144 0.086107 -0.048217
vn -0.004701 0.096324 -0.026451
vn 0.000000 0.099995 -0.001037
vn -0.002831 0.096854 0.024724
vn -0.012647 0.087099 0.047474
vn -0.027655 0.071381 0.064342
vn -0.045115 0.050764 0.073401
vn -0.061788 0.026650 0.073973
vn -0.074477 0.000692 0.066728
vn -0.080558 -0.025328 0.053562
vn -0.078414 -0.049616 0.037275
vn -0.067713 -0.070496 0.021104
vn -0.049467 -0.086522 0.008177
vn -0.025882 -0.096587 0.001001
vn -0.000000 -0.099995 0.001037
vn 0.024785 -0.096510 0.008457
vn 0.045272 -0.086378 0.022119
vn 0.058973 -0.070302 0.039747
vn 0.064499 -0.049398 0.058307
vn -0.093402 -0.000370 -0.035721
vn -0.094282 -0.026098 -0.020733
vn -0.086372 -0.050063 -0.005803
vn -0.070522 -0.070653 0.005894
vn -0.048804 -0.086485 0.011769
vn -0.024174 -0.096492 0.010247
vn 0.000000 -0.099995 0.001037
vn 0.020485 -0.096751 -0.014816
vn 0.034704 -0.086971 -0.035096
vn -0.076453 0.025269 -0.059300
vn -0.060109 0.049351 -0.062860
vn -0.041144 0.070111 -0.058238
vn -0.022862 0.086137 -0.045362
vn -0.008357 0.096333 -0.025496
vn 0.000000 0.099995 -0.001037
vn 0.000945 0.096856 0.024862
vn -0.005469 0.087113 0.048800
vn -0.017885 0.071416 0.067675
vn -0.033871 0.050824 0.079182
vn -0.050319 0.026735 0.082178
vn -0.063967 0.000797 0.076861
vn -0.071939 -0.025212 0.064723
vn -0.072226 -0.049502 0.048300
vn -0.064025 -0.070396 0.030745
vn -0.047880 -0.086449 0.015302
vn -0.025606 -0.096548 0.004770
vn -0.000000 -0.099995 0.001037
vn 0.025606 -0.096548 0.004770
vn 0.047880 -0.086449 0.015302
vn 0.064025 -0.070396 0.030745
vn 0.072226 -0.049502 0.048300
vn -0.097608 -0.000225 -0.021742
vn -0.096335 -0.025954 -0.006782
vn -0.086372 -0.049932 0.006840
vn -0.069019 -0.070548 0.016107
vn -0.046701 -0.086413 0.018758
vn -0.022570 -0.096456 0.013668
vn 0.000000 -0.099995 0.001037
vn 0.017964 -0.096781 -0.017630
vn -0.084234 0.025390 -0.047540
vn -0.068546 0.049449 -0.053445
vn -0.049078 0.070179 -0.051635
vn -0.029093 0.086176 -0.041560
vn -0.011834 0.096349 -0.024018
vn 0.000000 0.099995 -0.001037
vn 0.004701 0.096851 0.024449
vn 0.001826 0.087116 0.049066
vn -0.007734 0.071435 0.069550
vn -0.021905 0.050866 0.083264
vn -0.037778 0.026802 0.088626
vn -0.052094 0.000885 0.085355
vn -0.061788 -0.025111 0.074510
vn -0.064499 -0.049398 0.058307
vn -0.058973 -0.070302 0.039747
vn -0.045272 -0.086378 0.022119
vn -0.024785 -0.096510 0.008457
vn -0.000000 -0.099995 0.001037
vn 0.025882 -0.096587 0.001001
vn 0.049467 -0.086522 0.008177
vn 0.067713 -0.070496 0.021104
vn 0.078414 -0.049616 0.037275
vn -0.099733 -0.000076 -0.007299
vn -0.096335 -0.025807 0.007319
vn -0.084531 -0.049802 0.019347
vn -0.066045 -0.070445 0.025992
vn -0.043602 -0.086344 0.025367
vn -0.020485 -0.096423 0.016819
vn -0.090219 0.025523 -0.034772
vn -0.075522 0.049558 -0.042901
vn -0.055967 0.070259 -0.043947
vn -0.034704 0.086225 -0.036891
vn -0.015060 0.096369 -0.022050
vn 0.000000 0.099995 -0.001037
vn 0.008357 0.096841 0.023493
vn 0.009082 0.087108 0.048268
vn 0.002582 0.071439 0.069927
vn -0.009472 0.050890 0.085560
vn -0.024431 0.026849 0.093178
vn -0.039110 0.000954 0.092030
vn -0.050319 -0.025026 0.082715
vn -0.055397 -0.049307 0.067082
vn -0.052663 -0.070218 0.047917
vn -0.041700 -0.086312 0.028485
vn -0.023435 -0.096474 0.011986
vn -0.000000 -0.099995 0.001037
vn 0.025606 -0.096626 -0.002767
vn 0.050000 -0.086598 0.000898
vn 0.069957 -0.070600 0.011028
vn 0.082931 -0.049739 0.025467
vn -0.099733 0.000076 0.007299
vn -0.094282 -0.025663 0.021269
vn -0.080888 -0.049677 0.031454
vn -0.061663 -0.070348 0.035338
vn -0.039575 -0.086281 0.031455
vn -0.094282 0.025663 -0.021269
vn -0.080888 0.049677 -0.031454
vn -0.061663 0.070348 -0.035338
vn -0.039575 0.086281 -0.031455
vn -0.017964 0.096394 -0.019633
vn 0.000000 0.099995 -0.001037
vn 0.011834 0.096826 0.022015
vn 0.016144 0.087088 0.046422
vn 0.012844 0.071428 0.068798
vn 0.003163 0.050894 0.086022
vn -0.010564 0.026876 0.095740
vn -0.025293 0.001003 0.096743
vn -0.037778 -0.024959 0.089162
vn -0.045115 -0.049231 0.074438
vn -0.045232 -0.070143 0.055082
vn -0.037239 -0.086252 0.034262
vn -0.021585 -0.096439 0.015281
vn -0.000000 -0.099995 0.001037
vn 0.024785 -0.096665 -0.006455
vn 0.049467 -0.086673 -0.006382
vn 0.070711 -0.070707 0.000733
vn 0.085680 -0.049867 0.013127
vn -0.097608 0.000225 0.021742
vn -0.090219 -0.025523 0.034772
vn -0.075522 -0.049558 0.042901
vn -0.055967 -0.070259 0.043947
vn -0.096335 0.025807 -0.007319
vn -0.084531 0.049802 -0.019347
vn -0.066045 0.070445 -0.025992
vn -0.043602 0.086344 -0.025367
vn -0.020485 0.096423 -0.016819
vn 0.000000 0.099995 -0.001037
vn 0.015060 0.096806 0.020047
vn 0.022862 0.087059 0.043567
vn 0.022831 0.071401 0.066187
vn 0.015730 0.050880 0.084639
vn 0.003528 0.026881 0.096255
vn -0.010937 0.001030 0.099395
vn -0.024431 -0.024912 0.093715
vn -0.033871 -0.049171 0.080218
vn -0.036836 -0.070081 0.061088
vn -0.031984 -0.086199 0.039328
vn -0.019276 -0.096408 0.018272
vn -0.000000 -0.099995 0.001037
vn 0.023435 -0.096701 -0.009984
vn 0.047880 -0.086747 -0.013506
vn 0.069957 -0.070814 -0.009562
vn 0.086603 -0.049997 0.000518
vn -0.096335 0.025954 0.006782
vn -0.086372 0.049932 -0.006840
vn -0.069019 0.070548 -0.016107
vn -0.046701 0.086413 -0.018758
vn -0.022570 0.096456 -0.013668
vn 0.000000 0.099995 -0.001037
vn 0.017964 0.096781 0.017630
vn 0.029093 0.087019 0.039765
vn 0.032332 0.071359 0.062150
vn 0.027962 0.050847 0.081441
vn 0.017545 0.026865 0.094712
vn 0.003652 0.001036 0.099928
vn -0.010564 -0.024885 0.096276
vn -0.021905 -0.049129 0.084300
vn -0.027655 -0.070032 0.065808
vn -0.026047 -0.086155 0.043575
vn -0.016556 -0.096381 0.020894
vn -0.000000 -0.099995 0.001037
vn 0.021585 -0.096735 -0.013279
vn 0.045272 -0.086818 -0.020324
vn 0.067713 -0.070918 -0.019638
vn 0.085680 -0.050128 -0.012090
vn 0.087460 0.026306 0.040729
vn 0.072226 0.050493 0.047264
vn 0.052663 0.071196 0.046451
vn 0.080558 0.026433 0.053026
vn 0.064499 0.050596 0.057270
vn 0.071939 0.026549 0.064186
vn 0.086603 0.049997 -0.000518
vn 0.085680 0.050128 0.012090
vn 0.069957 0.070814 0.009562
vn -0.019276 0.096408 -0.018272
vn 0.067713 0.070918 0.019638
vn 0.047880 0.086747 0.013506
vn 0.045272 0.086818 0.020324
usemtl Steel_-_Satin
f 32/1/1 1/2/2 24/3/3
f 24/3/3 1/2/2 2/4/4
f 24/3/3 2/4/4 23/5/5
f 23/5/5 2/4/4 22/6/6
f 22/6/6 2/4/4 21/7/7
f 21/7/7 2/4/4 20/8/8
f 20/8/8 2/4/4 19/9/9
f 19/9/9 2/4/4 18/10/10
f 18/10/10 2/4/4 17/11/11
f 17/11/11 2/4/4 16/12/12
f 16/12/12 2/4/4 15/13/13
f 15/13/13 2/4/4 14/14/14
f 14/14/14 2/4/4 13/15/15
f 13/15/15 2/4/4 12/16/16
f 12/16/16 2/4/4 11/17/17
f 11/17/17 2/4/4 10/18/18
f 10/18/18 2/4/4 3/19/19
f 10/18/18 3/19/19 4/20/20
f 4/20/20 5/21/21 10/18/18
f 10/18/18 5/21/21 6/22/22
f 10/18/18 6/22/22 7/23/23
f 7/23/23 8/24/24 10/18/18
f 10/18/18 8/24/24 9/25/25
f 25/26/26 26/27/27 24/3/3
f 24/3/3 26/27/27 27/28/28
f 24/3/3 27/28/28 28/29/29
f 28/29/29 29/30/30 24/3/3
f 24/3/3 29/30/30 30/31/31
f 24/3/3 30/31/31 31/32/32
f 31/32/32 32/1/1 24/3/3
f 66/33/33 33/34/34 42/35/35
f 42/35/35 33/34/34 34/36/36
f 42/35/35 34/36/36 35/37/37
f 35/37/37 36/38/38 42/35/35
f 42/35/35 36/38/38 37/39/39
f 42/35/35 37/39/39 38/40/40
f 38/40/40 39/41/41 42/35/35
f 42/35/35 39/41/41 40/42/42
f 42/35/35 40/42/42 41/43/43
f 42/35/35 43/44/44 66/33/33
f 66/33/33 43/44/44 44/45/45
f 66/33/33 44/45/45 45/46/46
f 45/46/46 46/47/47 66/33/33
f 66/33/33 46/47/47 47/48/48
f 66/33/33 47/48/48 48/49/49
f 48/49/49 49/50/50 66/33/33
f 66/33/33 49/50/50 50/51/51
f 66/33/33 50/51/51 51/52/52
f 51/52/52 52/53/53 66/33/33
f 66/33/33 52/53/53 53/54/54
f 66/33/33 53/54/54 54/55/55
f 54/55/55 55/56/56 66/33/33
f 66/33/33 55/56/56 56/57/57
f 66/33/33 56/57/57 57/58/58
f 57/58/58 58/59/59 66/33/33
f 66/33/33 58/59/59 65/60/60
f 65/60/60 58/59/59 64/61/61
f 64/61/61 58/59/59 63/62/62
f 63/62/62 58/59/59 62/63/63
f 62/63/63 58/59/59 61/64/64
f 61/64/64 58/59/59 60/65/65
f 60/65/65 58/59/59 59/66/66
usemtl Plastic_-_Matte_(Green)
f 34/67/67 33/68/68 130/69/69
f 130/69/69 33/68/68 66/70/70
f 130/69/69 66/70/70 129/71/71
f 129/71/71 66/70/70 65/72/72
f 129/71/71 65/72/72 128/73/73
f 128/73/73 65/72/72 64/74/74
f 128/73/73 64/74/74 127/75/75
f 127/75/75 64/74/74 63/76/76
f 127/75/75 63/76/76 126/77/77
f 126/77/77 63/76/76 62/78/78
f 126/77/77 62/78/78 61/79/79
f 126/77/77 61/79/79 125/80/80
f 125/80/80 61/79/79 60/81/81
f 125/80/80 60/81/81 124/82/82
f 124/82/82 60/81/81 59/83/83
f 124/82/82 59/83/83 58/84/84
f 124/82/82 58/84/84 142/85/85
f 142/85/85 58/84/84 57/86/86
f 142/85/85 57/86/86 141/87/87
f 141/87/87 57/86/86 56/88/88
f 141/87/87 56/88/88 140/89/89
f 140/89/89 56/88/88 55/90/90
f 140/89/89 55/90/90 54/91/91
f 140/89/89 54/91/91 139/92/92
f 139/92/92 54/91/91 53/93/93
f 139/92/92 53/93/93 138/94/94
f 138/94/94 53/93/93 52/95/95
f 138/94/94 52/95/95 137/96/96
f 137/96/96 52/95/95 51/97/97
f 137/96/96 51/97/97 50/98/98
f 49/99/99 159/100/100 50/101/98
f 50/101/98 159/100/100 94/102/101
f 50/98/98 94/103/101 137/96/96
f 137/96/96 94/103/101 803/104/102
f 137/96/96 803/104/102 802/105/103
f 802/105/103 803/104/102 779/106/104
f 802/105/103 779/106/104 778/107/105
f 778/107/105 779/106/104 755/108/106
f 778/107/105 755/108/106 754/109/107
f 754/109/107 755/108/106 731/110/108
f 754/109/107 731/110/108 730/111/109
f 730/111/109 731/110/108 707/112/110
f 730/111/109 707/112/110 706/113/111
f 706/113/111 707/112/110 683/114/112
f 706/113/111 683/114/112 682/115/113
f 682/115/113 683/114/112 659/116/114
f 682/115/113 659/116/114 658/117/115
f 658/117/115 659/116/114 635/118/116
f 658/117/115 635/118/116 634/119/117
f 634/119/117 635/118/116 611/120/118
f 634/119/117 611/120/118 610/121/119
f 610/121/119 611/120/118 587/122/120
f 610/121/119 587/122/120 586/123/121
f 586/123/121 587/122/120 563/124/122
f 586/123/121 563/124/122 562/125/123
f 562/125/123 563/124/122 539/126/124
f 562/125/123 539/126/124 538/127/125
f 538/127/125 539/126/124 515/128/126
f 538/127/125 515/128/126 514/129/127
f 514/129/127 515/128/126 491/130/128
f 514/129/127 491/130/128 490/131/129
f 490/131/129 491/130/128 467/132/130
f 490/131/129 467/132/130 466/133/131
f 466/133/131 467/132/130 443/134/132
f 466/133/131 443/134/132 442/135/133
f 442/135/133 443/134/132 419/136/134
f 442/135/133 419/136/134 418/137/135
f 418/137/135 419/136/134 395/138/136
f 418/137/135 395/138/136 394/139/137
f 394/139/137 395/138/136 371/140/138
f 394/139/137 371/140/138 370/141/139
f 370/141/139 371/140/138 347/142/140
f 370/141/139 347/142/140 346/143/141
f 346/143/141 347/142/140 323/144/142
f 346/143/141 323/144/142 322/145/143
f 322/145/143 323/144/142 299/146/144
f 322/145/143 299/146/144 298/147/145
f 298/147/145 299/146/144 275/148/146
f 298/147/145 275/148/146 71/149/147
f 71/149/147 275/148/146 70/150/148
f 71/151/147 70/152/148 274/153/149
f 274/153/149 70/152/148 251/154/150
f 274/153/149 251/154/150 250/155/151
f 250/155/151 251/154/150 204/156/152
f 250/155/151 204/156/152 203/157/153
f 203/157/153 204/156/152 103/158/154
f 203/157/153 103/158/154 104/159/155
f 104/160/155 103/161/154 209/162/156
f 104/160/155 209/162/156 210/163/157
f 210/163/157 209/162/156 808/164/158
f 210/163/157 808/164/158 809/165/159
f 809/165/159 808/164/158 832/166/160
f 809/165/159 832/166/160 833/167/161
f 833/167/161 832/166/160 856/168/162
f 833/167/161 856/168/162 857/169/163
f 857/169/163 856/168/162 880/170/164
f 857/169/163 880/170/164 881/171/165
f 881/171/165 880/170/164 174/172/166
f 881/171/165 174/172/166 173/173/167
f 173/173/167 174/172/166 4/174/168
f 173/173/167 4/174/168 3/175/169
f 49/99/99 48/176/170 159/100/100
f 159/100/100 48/176/170 47/177/171
f 159/100/100 47/177/171 158/178/172
f 158/178/172 47/177/171 46/179/173
f 158/178/172 46/179/173 157/180/174
f 157/180/174 46/179/173 45/181/175
f 157/180/174 45/181/175 156/182/176
f 156/182/176 45/181/175 44/183/177
f 156/182/176 44/183/177 43/184/178
f 156/182/176 43/184/178 155/185/179
f 155/185/179 43/184/178 42/186/180
f 155/185/179 42/186/180 154/187/181
f 154/187/181 42/186/180 136/188/182
f 154/187/181 136/188/182 135/189/183
f 135/189/183 136/188/182 40/190/184
f 135/189/183 40/190/184 39/191/185
f 42/186/180 41/192/186 136/188/182
f 136/188/182 41/192/186 40/190/184
f 135/189/183 39/191/185 134/193/187
f 134/193/187 39/191/185 38/194/188
f 134/193/187 38/194/188 37/195/189
f 134/193/187 37/195/189 133/196/190
f 133/196/190 37/195/189 36/197/191
f 133/196/190 36/197/191 132/198/192
f 132/198/192 36/197/191 35/199/193
f 132/198/192 35/199/193 131/200/194
f 131/200/194 35/199/193 34/67/67
f 131/200/194 34/67/67 130/69/69
f 2/201/195 1/202/196 171/203/197
f 171/203/197 1/202/196 32/204/198
f 171/203/197 32/204/198 170/205/199
f 170/205/199 32/204/198 31/206/200
f 170/205/199 31/206/200 169/207/201
f 169/207/201 31/206/200 30/208/202
f 169/207/201 30/208/202 168/209/203
f 168/209/203 30/208/202 29/210/204
f 168/209/203 29/210/204 167/211/205
f 167/211/205 29/210/204 28/212/206
f 167/211/205 28/212/206 27/213/207
f 167/211/205 27/213/207 166/214/208
f 166/214/208 27/213/207 26/215/209
f 166/214/208 26/215/209 165/216/210
f 165/216/210 26/215/209 25/217/211
f 165/216/210 25/217/211 24/218/212
f 165/216/210 24/218/212 164/219/213
f 164/219/213 24/218/212 23/220/214
f 164/219/213 23/220/214 22/221/215
f 164/219/213 22/221/215 163/222/216
f 163/222/216 22/221/215 21/223/217
f 163/222/216 21/223/217 20/224/218
f 163/222/216 20/224/218 162/225/219
f 162/225/219 20/224/218 19/226/220
f 162/225/219 19/226/220 161/227/221
f 161/227/221 19/226/220 18/228/222
f 161/227/221 18/228/222 160/229/223
f 160/229/223 18/228/222 17/230/224
f 160/229/223 17/230/224 100/231/225
f 100/232/225 17/233/224 16/234/226
f 100/232/225 16/234/226 15/235/227
f 100/232/225 15/235/227 182/236/228
f 182/236/228 15/235/227 14/237/229
f 182/236/228 14/237/229 181/238/230
f 181/238/230 14/237/229 13/239/231
f 181/238/230 13/239/231 180/240/232
f 180/240/232 13/239/231 12/241/233
f 180/240/232 12/241/233 11/242/234
f 180/240/232 11/242/234 179/243/235
f 179/243/235 11/242/234 10/244/236
f 179/243/235 10/244/236 178/245/237
f 178/245/237 10/244/236 177/246/238
f 178/245/237 177/246/238 877/247/239
f 877/247/239 177/246/238 878/248/240
f 877/247/239 878/248/240 854/249/241
f 854/249/241 878/248/240 855/250/242
f 854/249/241 855/250/242 831/251/243
f 831/251/243 855/250/242 832/166/160
f 831/251/243 832/166/160 808/164/158
f 10/244/236 9/252/244 177/246/238
f 177/246/238 9/252/244 8/253/245
f 177/246/238 8/253/245 176/254/246
f 176/254/246 8/253/245 7/255/247
f 176/254/246 7/255/247 175/256/248
f 175/256/248 7/255/247 6/257/249
f 175/256/248 6/257/249 5/258/250
f 175/256/248 5/258/250 174/172/166
f 174/172/166 5/258/250 4/174/168
f 173/173/167 3/175/169 172/259/251
f 172/259/251 3/175/169 2/201/195
f 172/259/251 2/201/195 171/203/197
f 67/260/252 68/261/253 183/262/254
f 183/262/254 68/261/253 229/263/255
f 183/262/254 229/263/255 230/264/256
f 230/264/256 229/263/255 253/265/257
f 230/264/256 253/265/257 254/266/258
f 254/266/258 253/265/257 277/267/259
f 254/266/258 277/267/259 278/268/260
f 278/268/260 277/267/259 301/269/261
f 278/268/260 301/269/261 302/270/262
f 302/270/262 301/269/261 325/271/263
f 302/270/262 325/271/263 326/272/264
f 326/272/264 325/271/263 349/273/265
f 326/272/264 349/273/265 350/274/266
f 350/274/266 349/273/265 373/275/267
f 350/274/266 373/275/267 374/276/268
f 374/276/268 373/275/267 397/277/269
f 374/276/268 397/277/269 398/278/270
f 398/278/270 397/277/269 421/279/271
f 398/278/270 421/279/271 422/280/272
f 422/280/272 421/279/271 445/281/273
f 422/280/272 445/281/273 446/282/274
f 446/282/274 445/281/273 469/283/275
f 446/282/274 469/283/275 470/284/276
f 470/284/276 469/283/275 493/285/277
f 470/284/276 493/285/277 494/286/278
f 494/286/278 493/285/277 517/287/279
f 494/286/278 517/287/279 518/288/280
f 518/288/280 517/287/279 541/289/281
f 518/288/280 541/289/281 542/290/282
f 542/290/282 541/289/281 565/291/283
f 542/290/282 565/291/283 566/292/284
f 566/292/284 565/291/283 589/293/285
f 566/292/284 589/293/285 590/294/286
f 590/294/286 589/293/285 613/295/287
f 590/294/286 613/295/287 614/296/288
f 614/296/288 613/295/287 637/297/289
f 614/296/288 637/297/289 638/298/290
f 638/298/290 637/297/289 661/299/291
f 638/298/290 661/299/291 662/300/292
f 662/300/292 661/299/291 685/301/293
f 662/300/292 685/301/293 686/302/294
f 686/302/294 685/301/293 709/303/295
f 686/302/294 709/303/295 710/304/296
f 710/304/296 709/303/295 733/305/297
f 710/304/296 733/305/297 734/306/298
f 734/306/298 733/305/297 757/307/299
f 734/306/298 757/307/299 91/308/300
f 91/308/300 757/307/299 92/309/301
f 91/310/300 92/311/301 758/312/302
f 758/312/302 92/311/301 781/313/303
f 758/312/302 781/313/303 782/314/304
f 782/314/304 781/313/303 158/178/172
f 782/314/304 158/178/172 157/180/174
f 67/315/252 95/316/305 206/317/306
f 206/317/306 95/316/305 804/318/307
f 206/317/306 804/318/307 805/319/308
f 805/319/308 804/318/307 828/320/309
f 805/319/308 828/320/309 829/321/310
f 829/321/310 828/320/309 852/322/311
f 829/321/310 852/322/311 853/323/312
f 853/323/312 852/322/311 876/324/313
f 853/323/312 876/324/313 877/247/239
f 877/247/239 876/324/313 178/245/237
f 67/325/252 123/326/314 95/327/305
f 95/327/305 123/326/314 228/328/315
f 95/327/305 228/328/315 96/329/316
f 96/329/316 228/328/315 826/330/317
f 96/329/316 826/330/317 97/331/318
f 97/331/318 826/330/317 849/332/319
f 97/331/318 849/332/319 98/333/320
f 98/333/320 849/332/319 872/334/321
f 98/333/320 872/334/321 99/335/322
f 99/335/322 872/334/321 895/336/323
f 99/335/322 895/336/323 100/231/225
f 100/231/225 895/336/323 160/229/223
f 67/337/252 101/338/324 68/339/253
f 68/339/253 101/338/324 205/340/325
f 68/339/253 205/340/325 69/341/326
f 69/341/326 205/340/325 251/154/150
f 69/341/326 251/154/150 70/152/148
f 68/261/253 69/342/326 229/263/255
f 229/263/255 69/342/326 252/343/327
f 229/263/255 252/343/327 253/265/257
f 253/265/257 252/343/327 276/344/328
f 253/265/257 276/344/328 277/267/259
f 277/267/259 276/344/328 300/345/329
f 277/267/259 300/345/329 301/269/261
f 301/269/261 300/345/329 324/346/330
f 301/269/261 324/346/330 325/271/263
f 325/271/263 324/346/330 348/347/331
f 325/271/263 348/347/331 349/273/265
f 349/273/265 348/347/331 372/348/332
f 349/273/265 372/348/332 373/275/267
f 373/275/267 372/348/332 396/349/333
f 373/275/267 396/349/333 397/277/269
f 397/277/269 396/349/333 420/350/334
f 397/277/269 420/350/334 421/279/271
f 421/279/271 420/350/334 444/351/335
f 421/279/271 444/351/335 445/281/273
f 445/281/273 444/351/335 468/352/336
f 445/281/273 468/352/336 469/283/275
f 469/283/275 468/352/336 492/353/337
f 469/283/275 492/353/337 493/285/277
f 493/285/277 492/353/337 516/354/338
f 493/285/277 516/354/338 517/287/279
f 517/287/279 516/354/338 540/355/339
f 517/287/279 540/355/339 541/289/281
f 541/289/281 540/355/339 564/356/340
f 541/289/281 564/356/340 565/291/283
f 565/291/283 564/356/340 588/357/341
f 565/291/283 588/357/341 589/293/285
f 589/293/285 588/357/341 612/358/342
f 589/293/285 612/358/342 613/295/287
f 613/295/287 612/358/342 636/359/343
f 613/295/287 636/359/343 637/297/289
f 637/297/289 636/359/343 660/360/344
f 637/297/289 660/360/344 661/299/291
f 661/299/291 660/360/344 684/361/345
f 661/299/291 684/361/345 685/301/293
f 685/301/293 684/361/345 708/362/346
f 685/301/293 708/362/346 709/303/295
f 709/303/295 708/362/346 732/363/347
f 709/303/295 732/363/347 733/305/297
f 733/305/297 732/363/347 756/364/348
f 733/305/297 756/364/348 757/307/299
f 757/307/299 756/364/348 780/365/349
f 757/307/299 780/365/349 92/309/301
f 92/309/301 780/365/349 93/366/350
f 92/311/301 93/367/350 781/313/303
f 781/313/303 93/367/350 159/100/100
f 781/313/303 159/100/100 158/178/172
f 69/342/326 70/150/148 252/343/327
f 252/343/327 70/150/148 275/148/146
f 252/343/327 275/148/146 276/344/328
f 276/344/328 275/148/146 299/146/144
f 276/344/328 299/146/144 300/345/329
f 300/345/329 299/146/144 323/144/142
f 300/345/329 323/144/142 324/346/330
f 324/346/330 323/144/142 347/142/140
f 324/346/330 347/142/140 348/347/331
f 348/347/331 347/142/140 371/140/138
f 348/347/331 371/140/138 372/348/332
f 372/348/332 371/140/138 395/138/136
f 372/348/332 395/138/136 396/349/333
f 396/349/333 395/138/136 419/136/134
f 396/349/333 419/136/134 420/350/334
f 420/350/334 419/136/134 443/134/132
f 420/350/334 443/134/132 444/351/335
f 444/351/335 443/134/132 467/132/130
f 444/351/335 467/132/130 468/352/336
f 468/352/336 467/132/130 491/130/128
f 468/352/336 491/130/128 492/353/337
f 492/353/337 491/130/128 515/128/126
f 492/353/337 515/128/126 516/354/338
f 516/354/338 515/128/126 539/126/124
f 516/354/338 539/126/124 540/355/339
f 540/355/339 539/126/124 563/124/122
f 540/355/339 563/124/122 564/356/340
f 564/356/340 563/124/122 587/122/120
f 564/356/340 587/122/120 588/357/341
f 588/357/341 587/122/120 611/120/118
f 588/357/341 611/120/118 612/358/342
f 612/358/342 611/120/118 635/118/116
f 612/358/342 635/118/116 636/359/343
f 636/359/343 635/118/116 659/116/114
f 636/359/343 659/116/114 660/360/344
f 660/360/344 659/116/114 683/114/112
f 660/360/344 683/114/112 684/361/345
f 684/361/345 683/114/112 707/112/110
f 684/361/345 707/112/110 708/362/346
f 708/362/346 707/112/110 731/110/108
f 708/362/346 731/110/108 732/363/347
f 732/363/347 731/110/108 755/108/106
f 732/363/347 755/108/106 756/364/348
f 756/364/348 755/108/106 779/106/104
f 756/364/348 779/106/104 780/365/349
f 780/365/349 779/106/104 803/104/102
f 780/365/349 803/104/102 93/366/350
f 93/366/350 803/104/102 94/103/101
f 93/367/350 94/102/101 159/100/100
f 71/149/147 72/368/351 298/147/145
f 298/147/145 72/368/351 321/369/352
f 298/147/145 321/369/352 322/145/143
f 322/145/143 321/369/352 345/370/353
f 322/145/143 345/370/353 346/143/141
f 346/143/141 345/370/353 369/371/354
f 346/143/141 369/371/354 370/141/139
f 370/141/139 369/371/354 393/372/355
f 370/141/139 393/372/355 394/139/137
f 394/139/137 393/372/355 417/373/356
f 394/139/137 417/373/356 418/137/135
f 418/137/135 417/373/356 441/374/357
f 418/137/135 441/374/357 442/135/133
f 442/135/133 441/374/357 465/375/358
f 442/135/133 465/375/358 466/133/131
f 466/133/131 465/375/358 489/376/359
f 466/133/131 489/376/359 490/131/129
f 490/131/129 489/376/359 513/377/360
f 490/131/129 513/377/360 514/129/127
f 514/129/127 513/377/360 537/378/361
f 514/129/127 537/378/361 538/127/125
f 538/127/125 537/378/361 561/379/362
f 538/127/125 561/379/362 562/125/123
f 562/125/123 561/379/362 585/380/363
f 562/125/123 585/380/363 586/123/121
f 586/123/121 585/380/363 609/381/364
f 586/123/121 609/381/364 610/121/119
f 610/121/119 609/381/364 633/382/365
f 610/121/119 633/382/365 634/119/117
f 634/119/117 633/382/365 657/383/366
f 634/119/117 657/383/366 658/117/115
f 658/117/115 657/383/366 681/384/367
f 658/117/115 681/384/367 682/115/113
f 682/115/113 681/384/367 705/385/368
f 682/115/113 705/385/368 706/113/111
f 706/113/111 705/385/368 729/386/369
f 706/113/111 729/386/369 730/111/109
f 730/111/109 729/386/369 753/387/370
f 730/111/109 753/387/370 754/109/107
f 754/109/107 753/387/370 777/388/371
f 754/109/107 777/388/371 778/107/105
f 778/107/105 777/388/371 801/389/372
f 778/107/105 801/389/372 802/105/103
f 802/105/103 801/389/372 138/94/94
f 802/105/103 138/94/94 137/96/96
f 72/368/351 73/390/373 321/369/352
f 321/369/352 73/390/373 344/391/374
f 321/369/352 344/391/374 345/370/353
f 345/370/353 344/391/374 368/392/375
f 345/370/353 368/392/375 369/371/354
f 369/371/354 368/392/375 392/393/376
f 369/371/354 392/393/376 393/372/355
f 393/372/355 392/393/376 416/394/377
f 393/372/355 416/394/377 417/373/356
f 417/373/356 416/394/377 440/395/378
f 417/373/356 440/395/378 441/374/357
f 441/374/357 440/395/378 464/396/379
f 441/374/357 464/396/379 465/375/358
f 465/375/358 464/396/379 488/397/380
f 465/375/358 488/397/380 489/376/359
f 489/376/359 488/397/380 512/398/381
f 489/376/359 512/398/381 513/377/360
f 513/377/360 512/398/381 536/399/382
f 513/377/360 536/399/382 537/378/361
f 537/378/361 536/399/382 560/400/383
f 537/378/361 560/400/383 561/379/362
f 561/379/362 560/400/383 584/401/384
f 561/379/362 584/401/384 585/380/363
f 585/380/363 584/401/384 608/402/385
f 585/380/363 608/402/385 609/381/364
f 609/381/364 608/402/385 632/403/386
f 609/381/364 632/403/386 633/382/365
f 633/382/365 632/403/386 656/404/387
f 633/382/365 656/404/387 657/383/366
f 657/383/366 656/404/387 680/405/388
f 657/383/366 680/405/388 681/384/367
f 681/384/367 680/405/388 704/406/389
f 681/384/367 704/406/389 705/385/368
f 705/385/368 704/406/389 728/407/390
f 705/385/368 728/407/390 729/386/369
f 729/386/369 728/407/390 752/408/391
f 729/386/369 752/408/391 753/387/370
f 753/387/370 752/408/391 776/409/392
f 753/387/370 776/409/392 777/388/371
f 777/388/371 776/409/392 800/410/393
f 777/388/371 800/410/393 801/389/372
f 801/389/372 800/410/393 139/92/92
f 801/389/372 139/92/92 138/94/94
f 72/411/351 71/151/147 297/412/394
f 297/412/394 71/151/147 274/153/149
f 297/412/394 274/153/149 273/413/395
f 273/413/395 274/153/149 250/155/151
f 273/413/395 250/155/151 249/414/396
f 249/414/396 250/155/151 203/157/153
f 249/414/396 203/157/153 202/415/397
f 202/415/397 203/157/153 104/159/155
f 202/415/397 104/159/155 105/416/398
f 105/417/398 104/160/155 210/163/157
f 105/417/398 210/163/157 211/418/399
f 211/418/399 210/163/157 809/165/159
f 211/418/399 809/165/159 810/419/400
f 810/419/400 809/165/159 833/167/161
f 810/419/400 833/167/161 834/420/401
f 834/420/401 833/167/161 857/169/163
f 834/420/401 857/169/163 858/421/402
f 858/421/402 857/169/163 881/171/165
f 858/421/402 881/171/165 882/422/403
f 882/422/403 881/171/165 173/173/167
f 882/422/403 173/173/167 172/259/251
f 73/390/373 74/423/404 344/391/374
f 344/391/374 74/423/404 367/424/405
f 344/391/374 367/424/405 368/392/375
f 368/392/375 367/424/405 391/425/406
f 368/392/375 391/425/406 392/393/376
f 392/393/376 391/425/406 415/426/407
f 392/393/376 415/426/407 416/394/377
f 416/394/377 415/426/407 439/427/408
f 416/394/377 439/427/408 440/395/378
f 440/395/378 439/427/408 463/428/409
f 440/395/378 463/428/409 464/396/379
f 464/396/379 463/428/409 487/429/410
f 464/396/379 487/429/410 488/397/380
f 488/397/380 487/429/410 511/430/411
f 488/397/380 511/430/411 512/398/381
f 512/398/381 511/430/411 535/431/412
f 512/398/381 535/431/412 536/399/382
f 536/399/382 535/431/412 559/432/413
f 536/399/382 559/432/413 560/400/383
f 560/400/383 559/432/413 583/433/414
f 560/400/383 583/433/414 584/401/384
f 584/401/384 583/433/414 607/434/415
f 584/401/384 607/434/415 608/402/385
f 608/402/385 607/434/415 631/435/416
f 608/402/385 631/435/416 632/403/386
f 632/403/386 631/435/416 655/436/417
f 632/403/386 655/436/417 656/404/387
f 656/404/387 655/436/417 679/437/418
f 656/404/387 679/437/418 680/405/388
f 680/405/388 679/437/418 703/438/419
f 680/405/388 703/438/419 704/406/389
f 704/406/389 703/438/419 727/439/420
f 704/406/389 727/439/420 728/407/390
f 728/407/390 727/439/420 751/440/421
f 728/407/390 751/440/421 752/408/391
f 752/408/391 751/440/421 775/441/422
f 752/408/391 775/441/422 776/409/392
f 776/409/392 775/441/422 799/442/423
f 776/409/392 799/442/423 800/410/393
f 800/410/393 799/442/423 140/89/89
f 800/410/393 140/89/89 139/92/92
f 73/443/373 72/411/351 320/444/424
f 320/444/424 72/411/351 297/412/394
f 320/444/424 297/412/394 296/445/425
f 296/445/425 297/412/394 273/413/395
f 296/445/425 273/413/395 272/446/426
f 272/446/426 273/413/395 249/414/396
f 272/446/426 249/414/396 248/447/427
f 248/447/427 249/414/396 202/415/397
f 248/447/427 202/415/397 201/448/428
f 201/448/428 202/415/397 105/416/398
f 201/448/428 105/416/398 106/449/429
f 106/450/429 105/417/398 211/418/399
f 106/450/429 211/418/399 212/451/430
f 212/451/430 211/418/399 810/419/400
f 212/451/430 810/419/400 811/452/431
f 811/452/431 810/419/400 834/420/401
f 811/452/431 834/420/401 835/453/432
f 835/453/432 834/420/401 858/421/402
f 835/453/432 858/421/402 859/454/433
f 859/454/433 858/421/402 882/422/403
f 859/454/433 882/422/403 883/455/434
f 883/455/434 882/422/403 172/259/251
f 883/455/434 172/259/251 171/203/197
f 74/423/404 75/456/435 367/424/405
f 367/424/405 75/456/435 390/457/436
f 367/424/405 390/457/436 391/425/406
f 391/425/406 390/457/436 414/458/437
f 391/425/406 414/458/437 415/426/407
f 415/426/407 414/458/437 438/459/438
f 415/426/407 438/459/438 439/427/408
f 439/427/408 438/459/438 462/460/439
f 439/427/408 462/460/439 463/428/409
f 463/428/409 462/460/439 486/461/440
f 463/428/409 486/461/440 487/429/410
f 487/429/410 486/461/440 510/462/441
f 487/429/410 510/462/441 511/430/411
f 511/430/411 510/462/441 534/463/442
f 511/430/411 534/463/442 535/431/412
f 535/431/412 534/463/442 558/464/443
f 535/431/412 558/464/443 559/432/413
f 559/432/413 558/464/443 582/465/444
f 559/432/413 582/465/444 583/433/414
f 583/433/414 582/465/444 606/466/445
f 583/433/414 606/466/445 607/434/415
f 607/434/415 606/466/445 630/467/446
f 607/434/415 630/467/446 631/435/416
f 631/435/416 630/467/446 654/468/447
f 631/435/416 654/468/447 655/436/417
f 655/436/417 654/468/447 678/469/448
f 655/436/417 678/469/448 679/437/418
f 679/437/418 678/469/448 702/470/449
f 679/437/418 702/470/449 703/438/419
f 703/438/419 702/470/449 726/471/450
f 703/438/419 726/471/450 727/439/420
f 727/439/420 726/471/450 750/472/451
f 727/439/420 750/472/451 751/440/421
f 751/440/421 750/472/451 774/473/452
f 751/440/421 774/473/452 775/441/422
f 775/441/422 774/473/452 798/474/453
f 775/441/422 798/474/453 799/442/423
f 799/442/423 798/474/453 141/87/87
f 799/442/423 141/87/87 140/89/89
f 74/475/404 73/443/373 343/476/454
f 343/476/454 73/443/373 320/444/424
f 343/476/454 320/444/424 319/477/455
f 319/477/455 320/444/424 296/445/425
f 319/477/455 296/445/425 295/478/456
f 295/478/456 296/445/425 272/446/426
f 295/478/456 272/446/426 271/479/457
f 271/479/457 272/446/426 248/447/427
f 271/479/457 248/447/427 247/480/458
f 247/480/458 248/447/427 201/448/428
f 247/480/458 201/448/428 200/481/459
f 200/481/459 201/448/428 106/449/429
f 200/481/459 106/449/429 107/482/460
f 107/483/460 106/450/429 212/451/430
f 107/483/460 212/451/430 213/484/461
f 213/484/461 212/451/430 811/452/431
f 213/484/461 811/452/431 812/485/462
f 812/485/462 811/452/431 835/453/432
f 812/485/462 835/453/432 836/486/463
f 836/486/463 835/453/432 859/454/433
f 836/486/463 859/454/433 860/487/464
f 860/487/464 859/454/433 883/455/434
f 860/487/464 883/455/434 884/488/465
f 884/488/465 883/455/434 171/203/197
f 884/488/465 171/203/197 170/205/199
f 75/456/435 76/489/466 390/457/436
f 390/457/436 76/489/466 413/490/467
f 390/457/436 413/490/467 414/458/437
f 414/458/437 413/490/467 437/491/468
f 414/458/437 437/491/468 438/459/438
f 438/459/438 437/491/468 461/492/469
f 438/459/438 461/492/469 462/460/439
f 462/460/439 461/492/469 485/493/470
f 462/460/439 485/493/470 486/461/440
f 486/461/440 485/493/470 509/494/471
f 486/461/440 509/494/471 510/462/441
f 510/462/441 509/494/471 533/495/472
f 510/462/441 533/495/472 534/463/442
f 534/463/442 533/495/472 557/496/473
f 534/463/442 557/496/473 558/464/443
f 558/464/443 557/496/473 581/497/474
f 558/464/443 581/497/474 582/465/444
f 582/465/444 581/497/474 605/498/475
f 582/465/444 605/498/475 606/466/445
f 606/466/445 605/498/475 629/499/476
f 606/466/445 629/499/476 630/467/446
f 630/467/446 629/499/476 653/500/477
f 630/467/446 653/500/477 654/468/447
f 654/468/447 653/500/477 677/501/478
f 654/468/447 677/501/478 678/469/448
f 678/469/448 677/501/478 701/502/479
f 678/469/448 701/502/479 702/470/449
f 702/470/449 701/502/479 725/503/480
f 702/470/449 725/503/480 726/471/450
f 726/471/450 725/503/480 749/504/481
f 726/471/450 749/504/481 750/472/451
f 750/472/451 749/504/481 773/505/482
f 750/472/451 773/505/482 774/473/452
f 774/473/452 773/505/482 797/506/483
f 774/473/452 797/506/483 798/474/453
f 798/474/453 797/506/483 142/85/85
f 798/474/453 142/85/85 141/87/87
f 75/507/435 74/475/404 366/508/484
f 366/508/484 74/475/404 343/476/454
f 366/508/484 343/476/454 342/509/485
f 342/509/485 343/476/454 319/477/455
f 342/509/485 319/477/455 318/510/486
f 318/510/486 319/477/455 295/478/456
f 318/510/486 295/478/456 294/511/487
f 294/511/487 295/478/456 271/479/457
f 294/511/487 271/479/457 270/512/488
f 270/512/488 271/479/457 247/480/458
f 270/512/488 247/480/458 246/513/489
f 246/513/489 247/480/458 200/481/459
f 246/513/489 200/481/459 199/514/490
f 199/514/490 200/481/459 107/482/460
f 199/514/490 107/482/460 108/515/491
f 108/516/491 107/483/460 213/484/461
f 108/516/491 213/484/461 214/517/492
f 214/517/492 213/484/461 812/485/462
f 214/517/492 812/485/462 813/518/493
f 813/518/493 812/485/462 836/486/463
f 813/518/493 836/486/463 837/519/494
f 837/519/494 836/486/463 860/487/464
f 837/519/494 860/487/464 861/520/495
f 861/520/495 860/487/464 884/488/465
f 861/520/495 884/488/465 885/521/496
f 885/521/496 884/488/465 170/205/199
f 885/521/496 170/205/199 169/207/201
f 76/489/466 77/522/497 413/490/467
f 413/490/467 77/522/497 436/523/498
f 413/490/467 436/523/498 437/491/468
f 437/491/468 436/523/498 460/524/499
f 437/491/468 460/524/499 461/492/469
f 461/492/469 460/524/499 484/525/500
f 461/492/469 484/525/500 485/493/470
f 485/493/470 484/525/500 508/526/501
f 485/493/470 508/526/501 509/494/471
f 509/494/471 508/526/501 532/527/502
f 509/494/471 532/527/502 533/495/472
f 533/495/472 532/527/502 556/528/503
f 533/495/472 556/528/503 557/496/473
f 557/496/473 556/528/503 580/529/504
f 557/496/473 580/529/504 581/497/474
f 581/497/474 580/529/504 604/530/505
f 581/497/474 604/530/505 605/498/475
f 605/498/475 604/530/505 628/531/506
f 605/498/475 628/531/506 629/499/476
f 629/499/476 628/531/506 652/532/507
f 629/499/476 652/532/507 653/500/477
f 653/500/477 652/532/507 676/533/508
f 653/500/477 676/533/508 677/501/478
f 677/501/478 676/533/508 700/534/509
f 677/501/478 700/534/509 701/502/479
f 701/502/479 700/534/509 724/535/510
f 701/502/479 724/535/510 725/503/480
f 725/503/480 724/535/510 748/536/511
f 725/503/480 748/536/511 749/504/481
f 749/504/481 748/536/511 772/537/512
f 749/504/481 772/537/512 773/505/482
f 773/505/482 772/537/512 796/538/513
f 773/505/482 796/538/513 797/506/483
f 797/506/483 796/538/513 143/539/514
f 797/506/483 143/539/514 142/85/85
f 142/85/85 143/539/514 124/82/82
f 76/540/466 75/507/435 389/541/515
f 389/541/515 75/507/435 366/508/484
f 389/541/515 366/508/484 365/542/516
f 365/542/516 366/508/484 342/509/485
f 365/542/516 342/509/485 341/543/517
f 341/543/517 342/509/485 318/510/486
f 341/543/517 318/510/486 317/544/518
f 317/544/518 318/510/486 294/511/487
f 317/544/518 294/511/487 293/545/519
f 293/545/519 294/511/487 270/512/488
f 293/545/519 270/512/488 269/546/520
f 269/546/520 270/512/488 246/513/489
f 269/546/520 246/513/489 245/547/521
f 245/547/521 246/513/489 199/514/490
f 245/547/521 199/514/490 198/548/522
f 198/548/522 199/514/490 108/515/491
f 198/548/522 108/515/491 109/549/523
f 109/550/523 108/516/491 214/517/492
f 109/550/523 214/517/492 215/551/524
f 215/551/524 214/517/492 813/518/493
f 215/551/524 813/518/493 814/552/525
f 814/552/525 813/518/493 837/519/494
f 814/552/525 837/519/494 838/553/526
f 838/553/526 837/519/494 861/520/495
f 838/553/526 861/520/495 862/554/527
f 862/554/527 861/520/495 885/521/496
f 862/554/527 885/521/496 886/555/528
f 886/555/528 885/521/496 169/207/201
f 886/555/528 169/207/201 168/209/203
f 77/522/497 78/556/529 436/523/498
f 436/523/498 78/556/529 459/557/530
f 436/523/498 459/557/530 460/524/499
f 460/524/499 459/557/530 483/558/531
f 460/524/499 483/558/531 484/525/500
f 484/525/500 483/558/531 507/559/532
f 484/525/500 507/559/532 508/526/501
f 508/526/501 507/559/532 531/560/533
f 508/526/501 531/560/533 532/527/502
f 532/527/502 531/560/533 555/561/534
f 532/527/502 555/561/534 556/528/503
f 556/528/503 555/561/534 579/562/535
f 556/528/503 579/562/535 580/529/504
f 580/529/504 579/562/535 603/563/536
f 580/529/504 603/563/536 604/530/505
f 604/530/505 603/563/536 627/564/537
f 604/530/505 627/564/537 628/531/506
f 628/531/506 627/564/537 651/565/538
f 628/531/506 651/565/538 652/532/507
f 652/532/507 651/565/538 675/566/539
f 652/532/507 675/566/539 676/533/508
f 676/533/508 675/566/539 699/567/540
f 676/533/508 699/567/540 700/534/509
f 700/534/509 699/567/540 723/568/541
f 700/534/509 723/568/541 724/535/510
f 724/535/510 723/568/541 747/569/542
f 724/535/510 747/569/542 748/536/511
f 748/536/511 747/569/542 771/570/543
f 748/536/511 771/570/543 772/537/512
f 772/537/512 771/570/543 795/571/544
f 772/537/512 795/571/544 796/538/513
f 796/538/513 795/571/544 144/572/545
f 796/538/513 144/572/545 143/539/514
f 143/539/514 144/572/545 125/80/80
f 143/539/514 125/80/80 124/82/82
f 77/573/497 76/540/466 412/574/546
f 412/574/546 76/540/466 389/541/515
f 412/574/546 389/541/515 388/575/547
f 388/575/547 389/541/515 365/542/516
f 388/575/547 365/542/516 364/576/548
f 364/576/548 365/542/516 341/543/517
f 364/576/548 341/543/517 340/577/549
f 340/577/549 341/543/517 317/544/518
f 340/577/549 317/544/518 316/578/550
f 316/578/550 317/544/518 293/545/519
f 316/578/550 293/545/519 292/579/551
f 292/579/551 293/545/519 269/546/520
f 292/579/551 269/546/520 268/580/552
f 268/580/552 269/546/520 245/547/521
f 268/580/552 245/547/521 244/581/553
f 244/581/553 245/547/521 198/548/522
f 244/581/553 198/548/522 197/582/554
f 197/582/554 198/548/522 109/549/523
f 197/582/554 109/549/523 110/583/555
f 110/584/555 109/550/523 215/551/524
f 110/584/555 215/551/524 216/585/556
f 216/585/556 215/551/524 814/552/525
f 216/585/556 814/552/525 815/586/557
f 815/586/557 814/552/525 838/553/526
f 815/586/557 838/553/526 839/587/558
f 839/587/558 838/553/526 862/554/527
f 839/587/558 862/554/527 863/588/559
f 863/588/559 862/554/527 886/555/528
f 863/588/559 886/555/528 887/589/560
f 887/589/560 886/555/528 168/209/203
f 887/589/560 168/209/203 167/211/205
f 78/556/529 79/590/561 459/557/530
f 459/557/530 79/590/561 482/591/562
f 459/557/530 482/591/562 483/558/531
f 483/558/531 482/591/562 506/592/563
f 483/558/531 506/592/563 507/559/532
f 507/559/532 506/592/563 530/593/564
f 507/559/532 530/593/564 531/560/533
f 531/560/533 530/593/564 554/594/565
f 531/560/533 554/594/565 555/561/534
f 555/561/534 554/594/565 578/595/566
f 555/561/534 578/595/566 579/562/535
f 579/562/535 578/595/566 602/596/567
f 579/562/535 602/596/567 603/563/536
f 603/563/536 602/596/567 626/597/568
f 603/563/536 626/597/568 627/564/537
f 627/564/537 626/597/568 650/598/569
f 627/564/537 650/598/569 651/565/538
f 651/565/538 650/598/569 674/599/570
f 651/565/538 674/599/570 675/566/539
f 675/566/539 674/599/570 698/600/571
f 675/566/539 698/600/571 699/567/540
f 699/567/540 698/600/571 722/601/572
f 699/567/540 722/601/572 723/568/541
f 723/568/541 722/601/572 746/602/573
f 723/568/541 746/602/573 747/569/542
f 747/569/542 746/602/573 770/603/574
f 747/569/542 770/603/574 771/570/543
f 771/570/543 770/603/574 794/604/575
f 771/570/543 794/604/575 795/571/544
f 795/571/544 794/604/575 145/605/576
f 795/571/544 145/605/576 144/572/545
f 144/572/545 145/605/576 126/77/77
f 144/572/545 126/77/77 125/80/80
f 78/606/529 77/573/497 435/607/577
f 435/607/577 77/573/497 412/574/546
f 435/607/577 412/574/546 411/608/578
f 411/608/578 412/574/546 388/575/547
f 411/608/578 388/575/547 387/609/579
f 387/609/579 388/575/547 364/576/548
f 387/609/579 364/576/548 363/610/580
f 363/610/580 364/576/548 340/577/549
f 363/610/580 340/577/549 339/611/581
f 339/611/581 340/577/549 316/578/550
f 339/611/581 316/578/550 315/612/582
f 315/612/582 316/578/550 292/579/551
f 315/612/582 292/579/551 291/613/583
f 291/613/583 292/579/551 268/580/552
f 291/613/583 268/580/552 267/614/584
f 267/614/584 268/580/552 244/581/553
f 267/614/584 244/581/553 243/615/585
f 243/615/585 244/581/553 197/582/554
f 243/615/585 197/582/554 196/616/586
f 196/616/586 197/582/554 110/583/555
f 196/616/586 110/583/555 111/617/587
f 111/618/587 110/584/555 216/585/556
f 111/618/587 216/585/556 217/619/588
f 217/619/588 216/585/556 815/586/557
f 217/619/588 815/586/557 816/620/589
f 816/620/589 815/586/557 839/587/558
f 816/620/589 839/587/558 840/621/590
f 840/621/590 839/587/558 863/588/559
f 840/621/590 863/588/559 864/622/591
f 864/622/591 863/588/559 887/589/560
f 864/622/591 887/589/560 888/623/592
f 888/623/592 887/589/560 167/211/205
f 888/623/592 167/211/205 166/214/208
f 79/590/561 80/624/593 482/591/562
f 482/591/562 80/624/593 505/625/594
f 482/591/562 505/625/594 506/592/563
f 506/592/563 505/625/594 529/626/595
f 506/592/563 529/626/595 530/593/564
f 530/593/564 529/626/595 553/627/596
f 530/593/564 553/627/596 554/594/565
f 554/594/565 553/627/596 577/628/597
f 554/594/565 577/628/597 578/595/566
f 578/595/566 577/628/597 601/629/598
f 578/595/566 601/629/598 602/596/567
f 602/596/567 601/629/598 625/630/599
f 602/596/567 625/630/599 626/597/568
f 626/597/568 625/630/599 649/631/600
f 626/597/568 649/631/600 650/598/569
f 650/598/569 649/631/600 673/632/601
f 650/598/569 673/632/601 674/599/570
f 674/599/570 673/632/601 697/633/602
f 674/599/570 697/633/602 698/600/571
f 698/600/571 697/633/602 721/634/603
f 698/600/571 721/634/603 722/601/572
f 722/601/572 721/634/603 745/635/604
f 722/601/572 745/635/604 746/602/573
f 746/602/573 745/635/604 769/636/605
f 746/602/573 769/636/605 770/603/574
f 770/603/574 769/636/605 793/637/606
f 770/603/574 793/637/606 794/604/575
f 794/604/575 793/637/606 146/638/607
f 794/604/575 146/638/607 145/605/576
f 145/605/576 146/638/607 127/75/75
f 145/605/576 127/75/75 126/77/77
f 79/639/561 78/606/529 458/640/608
f 458/640/608 78/606/529 435/607/577
f 458/640/608 435/607/577 434/641/609
f 434/641/609 435/607/577 411/608/578
f 434/641/609 411/608/578 410/642/610
f 410/642/610 411/608/578 387/609/579
f 410/642/610 387/609/579 386/643/611
f 386/643/611 387/609/579 363/610/580
f 386/643/611 363/610/580 362/644/612
f 362/644/612 363/610/580 339/611/581
f 362/644/612 339/611/581 338/645/613
f 338/645/613 339/611/581 315/612/582
f 338/645/613 315/612/582 314/646/614
f 314/646/614 315/612/582 291/613/583
f 314/646/614 291/613/583 290/647/615
f 290/647/615 291/613/583 267/614/584
f 290/647/615 267/614/584 266/648/616
f 266/648/616 267/614/584 243/615/585
f 266/648/616 243/615/585 242/649/617
f 242/649/617 243/615/585 196/616/586
f 242/649/617 196/616/586 195/650/618
f 195/650/618 196/616/586 111/617/587
f 195/650/618 111/617/587 112/651/619
f 112/652/619 111/618/587 217/619/588
f 112/652/619 217/619/588 218/653/620
f 218/653/620 217/619/588 816/620/589
f 218/653/620 816/620/589 817/654/621
f 817/654/621 816/620/589 840/621/590
f 817/654/621 840/621/590 841/655/622
f 841/655/622 840/621/590 864/622/591
f 841/655/622 864/622/591 865/656/623
f 865/656/623 864/622/591 888/623/592
f 865/656/623 888/623/592 889/657/624
f 889/657/624 888/623/592 166/214/208
f 889/657/624 166/214/208 165/216/210
f 80/624/593 81/658/625 505/625/594
f 505/625/594 81/658/625 528/659/626
f 505/625/594 528/659/626 529/626/595
f 529/626/595 528/659/626 552/660/627
f 529/626/595 552/660/627 553/627/596
f 553/627/596 552/660/627 576/661/628
f 553/627/596 576/661/628 577/628/597
f 577/628/597 576/661/628 600/662/629
f 577/628/597 600/662/629 601/629/598
f 601/629/598 600/662/629 624/663/630
f 601/629/598 624/663/630 625/630/599
f 625/630/599 624/663/630 648/664/631
f 625/630/599 648/664/631 649/631/600
f 649/631/600 648/664/631 672/665/632
f 649/631/600 672/665/632 673/632/601
f 673/632/601 672/665/632 696/666/633
f 673/632/601 696/666/633 697/633/602
f 697/633/602 696/666/633 720/667/634
f 697/633/602 720/667/634 721/634/603
f 721/634/603 720/667/634 744/668/635
f 721/634/603 744/668/635 745/635/604
f 745/635/604 744/668/635 768/669/636
f 745/635/604 768/669/636 769/636/605
f 769/636/605 768/669/636 792/670/637
f 769/636/605 792/670/637 793/637/606
f 793/637/606 792/670/637 147/671/638
f 793/637/606 147/671/638 146/638/607
f 146/638/607 147/671/638 128/73/73
f 146/638/607 128/73/73 127/75/75
f 80/672/593 79/639/561 481/673/639
f 481/673/639 79/639/561 458/640/608
f 481/673/639 458/640/608 457/674/640
f 457/674/640 458/640/608 434/641/609
f 457/674/640 434/641/609 433/675/641
f 433/675/641 434/641/609 410/642/610
f 433/675/641 410/642/610 409/676/642
f 409/676/642 410/642/610 386/643/611
f 409/676/642 386/643/611 385/677/643
f 385/677/643 386/643/611 362/644/612
f 385/677/643 362/644/612 361/678/644
f 361/678/644 362/644/612 338/645/613
f 361/678/644 338/645/613 337/679/645
f 337/679/645 338/645/613 314/646/614
f 337/679/645 314/646/614 313/680/646
f 313/680/646 314/646/614 290/647/615
f 313/680/646 290/647/615 289/681/647
f 289/681/647 290/647/615 266/648/616
f 289/681/647 266/648/616 265/682/648
f 265/682/648 266/648/616 242/649/617
f 265/682/648 242/649/617 241/683/649
f 241/683/649 242/649/617 195/650/618
f 241/683/649 195/650/618 194/684/650
f 194/684/650 195/650/618 112/651/619
f 194/684/650 112/651/619 113/685/651
f 113/686/651 112/652/619 218/653/620
f 113/686/651 218/653/620 219/687/652
f 219/687/652 218/653/620 817/654/621
f 219/687/652 817/654/621 818/688/653
f 818/688/653 817/654/621 841/655/622
f 818/688/653 841/655/622 842/689/654
f 842/689/654 841/655/622 865/656/623
f 842/689/654 865/656/623 866/690/655
f 866/690/655 865/656/623 889/657/624
f 866/690/655 889/657/624 890/691/656
f 890/691/656 889/657/624 165/216/210
f 890/691/656 165/216/210 164/219/213
f 81/658/625 82/692/657 528/659/626
f 528/659/626 82/692/657 551/693/658
f 528/659/626 551/693/658 552/660/627
f 552/660/627 551/693/658 575/694/659
f 552/660/627 575/694/659 576/661/628
f 576/661/628 575/694/659 599/695/660
f 576/661/628 599/695/660 600/662/629
f 600/662/629 599/695/660 623/696/661
f 600/662/629 623/696/661 624/663/630
f 624/663/630 623/696/661 647/697/662
f 624/663/630 647/697/662 648/664/631
f 648/664/631 647/697/662 671/698/663
f 648/664/631 671/698/663 672/665/632
f 672/665/632 671/698/663 695/699/664
f 672/665/632 695/699/664 696/666/633
f 696/666/633 695/699/664 719/700/665
f 696/666/633 719/700/665 720/667/634
f 720/667/634 719/700/665 743/701/666
f 720/667/634 743/701/666 744/668/635
f 744/668/635 743/701/666 767/702/667
f 744/668/635 767/702/667 768/669/636
f 768/669/636 767/702/667 791/703/668
f 768/669/636 791/703/668 792/670/637
f 792/670/637 791/703/668 148/704/669
f 792/670/637 148/704/669 147/671/638
f 147/671/638 148/704/669 129/71/71
f 147/671/638 129/71/71 128/73/73
f 81/705/625 80/672/593 504/706/670
f 504/706/670 80/672/593 481/673/639
f 504/706/670 481/673/639 480/707/671
f 480/707/671 481/673/639 457/674/640
f 480/707/671 457/674/640 456/708/672
f 456/708/672 457/674/640 433/675/641
f 456/708/672 433/675/641 432/709/673
f 432/709/673 433/675/641 409/676/642
f 432/709/673 409/676/642 408/710/674
f 408/710/674 409/676/642 385/677/643
f 408/710/674 385/677/643 384/711/675
f 384/711/675 385/677/643 361/678/644
f 384/711/675 361/678/644 360/712/676
f 360/712/676 361/678/644 337/679/645
f 360/712/676 337/679/645 336/713/677
f 336/713/677 337/679/645 313/680/646
f 336/713/677 313/680/646 312/714/678
f 312/714/678 313/680/646 289/681/647
f 312/714/678 289/681/647 288/715/679
f 288/715/679 289/681/647 265/682/648
f 288/715/679 265/682/648 264/716/680
f 264/716/680 265/682/648 241/683/649
f 264/716/680 241/683/649 240/717/681
f 240/717/681 241/683/649 194/684/650
f 240/717/681 194/684/650 193/718/682
f 193/718/682 194/684/650 113/685/651
f 193/718/682 113/685/651 114/719/683
f 114/720/683 113/686/651 219/687/652
f 114/720/683 219/687/652 220/721/684
f 220/721/684 219/687/652 818/688/653
f 220/721/684 818/688/653 819/722/685
f 819/722/685 818/688/653 842/689/654
f 819/722/685 842/689/654 843/723/686
f 843/723/686 842/689/654 866/690/655
f 843/723/686 866/690/655 867/724/687
f 867/724/687 866/690/655 890/691/656
f 867/724/687 890/691/656 891/725/688
f 891/725/688 890/691/656 164/219/213
f 891/725/688 164/219/213 163/222/216
f 82/692/657 83/726/689 551/693/658
f 551/693/658 83/726/689 574/727/690
f 551/693/658 574/727/690 575/694/659
f 575/694/659 574/727/690 598/728/691
f 575/694/659 598/728/691 599/695/660
f 599/695/660 598/728/691 622/729/692
f 599/695/660 622/729/692 623/696/661
f 623/696/661 622/729/692 646/730/693
f 623/696/661 646/730/693 647/697/662
f 647/697/662 646/730/693 670/731/694
f 647/697/662 670/731/694 671/698/663
f 671/698/663 670/731/694 694/732/695
f 671/698/663 694/732/695 695/699/664
f 695/699/664 694/732/695 718/733/696
f 695/699/664 718/733/696 719/700/665
f 719/700/665 718/733/696 742/734/697
f 719/700/665 742/734/697 743/701/666
f 743/701/666 742/734/697 766/735/698
f 743/701/666 766/735/698 767/702/667
f 767/702/667 766/735/698 790/736/699
f 767/702/667 790/736/699 791/703/668
f 791/703/668 790/736/699 149/737/700
f 791/703/668 149/737/700 148/704/669
f 148/704/669 149/737/700 130/69/69
f 148/704/669 130/69/69 129/71/71
f 82/738/657 81/705/625 527/739/701
f 527/739/701 81/705/625 504/706/670
f 527/739/701 504/706/670 503/740/702
f 503/740/702 504/706/670 480/707/671
f 503/740/702 480/707/671 479/741/703
f 479/741/703 480/707/671 456/708/672
f 479/741/703 456/708/672 455/742/704
f 455/742/704 456/708/672 432/709/673
f 455/742/704 432/709/673 431/743/705
f 431/743/705 432/709/673 408/710/674
f 431/743/705 408/710/674 407/744/706
f 407/744/706 408/710/674 384/711/675
f 407/744/706 384/711/675 383/745/707
f 383/745/707 384/711/675 360/712/676
f 383/745/707 360/712/676 359/746/708
f 359/746/708 360/712/676 336/713/677
f 359/746/708 336/713/677 335/747/709
f 335/747/709 336/713/677 312/714/678
f 335/747/709 312/714/678 311/748/710
f 311/748/710 312/714/678 288/715/679
f 311/748/710 288/715/679 287/749/711
f 287/749/711 288/715/679 264/716/680
f 287/749/711 264/716/680 263/750/712
f 263/750/712 264/716/680 240/717/681
f 263/750/712 240/717/681 239/751/713
f 239/751/713 240/717/681 193/718/682
f 239/751/713 193/718/682 192/752/714
f 192/752/714 193/718/682 114/719/683
f 192/752/714 114/719/683 115/753/715
f 115/754/715 114/720/683 220/721/684
f 115/754/715 220/721/684 221/755/716
f 221/755/716 220/721/684 819/722/685
f 221/755/716 819/722/685 820/756/717
f 820/756/717 819/722/685 843/723/686
f 820/756/717 843/723/686 844/757/718
f 844/757/718 843/723/686 867/724/687
f 844/757/718 867/724/687 868/758/719
f 868/758/719 867/724/687 891/725/688
f 868/758/719 891/725/688 892/759/720
f 892/759/720 891/725/688 163/222/216
f 892/759/720 163/222/216 162/225/219
f 83/726/689 84/760/721 574/727/690
f 574/727/690 84/760/721 597/761/722
f 574/727/690 597/761/722 598/728/691
f 598/728/691 597/761/722 621/762/723
f 598/728/691 621/762/723 622/729/692
f 622/729/692 621/762/723 645/763/724
f 622/729/692 645/763/724 646/730/693
f 646/730/693 645/763/724 669/764/725
f 646/730/693 669/764/725 670/731/694
f 670/731/694 669/764/725 693/765/726
f 670/731/694 693/765/726 694/732/695
f 694/732/695 693/765/726 717/766/727
f 694/732/695 717/766/727 718/733/696
f 718/733/696 717/766/727 741/767/728
f 718/733/696 741/767/728 742/734/697
f 742/734/697 741/767/728 765/768/729
f 742/734/697 765/768/729 766/735/698
f 766/735/698 765/768/729 789/769/730
f 766/735/698 789/769/730 790/736/699
f 790/736/699 789/769/730 150/770/731
f 790/736/699 150/770/731 149/737/700
f 149/737/700 150/770/731 131/200/194
f 149/737/700 131/200/194 130/69/69
f 83/771/689 82/738/657 550/772/732
f 550/772/732 82/738/657 527/739/701
f 550/772/732 527/739/701 526/773/733
f 526/773/733 527/739/701 503/740/702
f 526/773/733 503/740/702 502/774/734
f 502/774/734 503/740/702 479/741/703
f 502/774/734 479/741/703 478/775/735
f 478/775/735 479/741/703 455/742/704
f 478/775/735 455/742/704 454/776/736
f 454/776/736 455/742/704 431/743/705
f 454/776/736 431/743/705 430/777/737
f 430/777/737 431/743/705 407/744/706
f 430/777/737 407/744/706 406/778/738
f 406/778/738 407/744/706 383/745/707
f 406/778/738 383/745/707 382/779/739
f 382/779/739 383/745/707 359/746/708
f 382/779/739 359/746/708 358/780/740
f 358/780/740 359/746/708 335/747/709
f 358/780/740 335/747/709 334/781/741
f 334/781/741 335/747/709 311/748/710
f 334/781/741 311/748/710 310/782/742
f 310/782/742 311/748/710 287/749/711
f 310/782/742 287/749/711 286/783/743
f 286/783/743 287/749/711 263/750/712
f 286/783/743 263/750/712 262/784/744
f 262/784/744 263/750/712 239/751/713
f 262/784/744 239/751/713 238/785/745
f 238/785/745 239/751/713 192/752/714
f 238/785/745 192/752/714 191/786/746
f 191/786/746 192/752/714 115/753/715
f 191/786/746 115/753/715 116/787/747
f 116/788/747 115/754/715 221/755/716
f 116/788/747 221/755/716 222/789/748
f 222/789/748 221/755/716 820/756/717
f 222/789/748 820/756/717 821/790/749
f 821/790/749 820/756/717 844/757/718
f 821/790/749 844/757/718 845/791/750
f 845/791/750 844/757/718 868/758/719
f 845/791/750 868/758/719 869/792/751
f 869/792/751 868/758/719 892/759/720
f 869/792/751 892/759/720 893/793/752
f 893/793/752 892/759/720 162/225/219
f 893/793/752 162/225/219 161/227/221
f 84/760/721 85/794/753 597/761/722
f 597/761/722 85/794/753 620/795/754
f 597/761/722 620/795/754 621/762/723
f 621/762/723 620/795/754 644/796/755
f 621/762/723 644/796/755 645/763/724
f 645/763/724 644/796/755 668/797/756
f 645/763/724 668/797/756 669/764/725
f 669/764/725 668/797/756 692/798/757
f 669/764/725 692/798/757 693/765/726
f 693/765/726 692/798/757 716/799/758
f 693/765/726 716/799/758 717/766/727
f 717/766/727 716/799/758 740/800/759
f 717/766/727 740/800/759 741/767/728
f 741/767/728 740/800/759 764/801/760
f 741/767/728 764/801/760 765/768/729
f 765/768/729 764/801/760 788/802/761
f 765/768/729 788/802/761 789/769/730
f 789/769/730 788/802/761 151/803/762
f 789/769/730 151/803/762 150/770/731
f 150/770/731 151/803/762 132/198/192
f 150/770/731 132/198/192 131/200/194
f 84/804/721 83/771/689 573/805/763
f 573/805/763 83/771/689 550/772/732
f 573/805/763 550/772/732 549/806/764
f 549/806/764 550/772/732 526/773/733
f 549/806/764 526/773/733 525/807/765
f 525/807/765 526/773/733 502/774/734
f 525/807/765 502/774/734 501/808/766
f 501/808/766 502/774/734 478/775/735
f 501/808/766 478/775/735 477/809/767
f 477/809/767 478/775/735 454/776/736
f 477/809/767 454/776/736 453/810/768
f 453/810/768 454/776/736 430/777/737
f 453/810/768 430/777/737 429/811/769
f 429/811/769 430/777/737 406/778/738
f 429/811/769 406/778/738 405/812/770
f 405/812/770 406/778/738 382/779/739
f 405/812/770 382/779/739 381/813/771
f 381/813/771 382/779/739 358/780/740
f 381/813/771 358/780/740 357/814/772
f 357/814/772 358/780/740 334/781/741
f 357/814/772 334/781/741 333/815/773
f 333/815/773 334/781/741 310/782/742
f 333/815/773 310/782/742 309/816/774
f 309/816/774 310/782/742 286/783/743
f 309/816/774 286/783/743 285/817/775
f 285/817/775 286/783/743 262/784/744
f 285/817/775 262/784/744 261/818/776
f 261/818/776 262/784/744 238/785/745
f 261/818/776 238/785/745 237/819/777
f 237/819/777 238/785/745 191/786/746
f 237/819/777 191/786/746 190/820/778
f 190/820/778 191/786/746 116/787/747
f 190/820/778 116/787/747 117/821/779
f 117/822/779 116/788/747 222/789/748
f 117/822/779 222/789/748 223/823/780
f 223/823/780 222/789/748 821/790/749
f 223/823/780 821/790/749 822/824/781
f 822/824/781 821/790/749 845/791/750
f 822/824/781 845/791/750 846/825/782
f 846/825/782 845/791/750 869/792/751
f 846/825/782 869/792/751 870/826/783
f 870/826/783 869/792/751 893/793/752
f 870/826/783 893/793/752 894/827/784
f 894/827/784 893/793/752 161/227/221
f 894/827/784 161/227/221 160/229/223
f 85/794/753 86/828/785 620/795/754
f 620/795/754 86/828/785 643/829/786
f 620/795/754 643/829/786 644/796/755
f 644/796/755 643/829/786 667/830/787
f 644/796/755 667/830/787 668/797/756
f 668/797/756 667/830/787 691/831/788
f 668/797/756 691/831/788 692/798/757
f 692/798/757 691/831/788 715/832/789
f 692/798/757 715/832/789 716/799/758
f 716/799/758 715/832/789 739/833/790
f 716/799/758 739/833/790 740/800/759
f 740/800/759 739/833/790 763/834/791
f 740/800/759 763/834/791 764/801/760
f 764/801/760 763/834/791 787/835/792
f 764/801/760 787/835/792 788/802/761
f 788/802/761 787/835/792 152/836/793
f 788/802/761 152/836/793 151/803/762
f 151/803/762 152/836/793 133/196/190
f 151/803/762 133/196/190 132/198/192
f 85/837/753 84/804/721 596/838/794
f 596/838/794 84/804/721 573/805/763
f 596/838/794 573/805/763 572/839/795
f 572/839/795 573/805/763 549/806/764
f 572/839/795 549/806/764 548/840/796
f 548/840/796 549/806/764 525/807/765
f 548/840/796 525/807/765 524/841/797
f 524/841/797 525/807/765 501/808/766
f 524/841/797 501/808/766 500/842/798
f 500/842/798 501/808/766 477/809/767
f 500/842/798 477/809/767 476/843/799
f 476/843/799 477/809/767 453/810/768
f 476/843/799 453/810/768 452/844/800
f 452/844/800 453/810/768 429/811/769
f 452/844/800 429/811/769 428/845/801
f 428/845/801 429/811/769 405/812/770
f 428/845/801 405/812/770 404/846/802
f 404/846/802 405/812/770 381/813/771
f 404/846/802 381/813/771 380/847/803
f 380/847/803 381/813/771 357/814/772
f 380/847/803 357/814/772 356/848/804
f 356/848/804 357/814/772 333/815/773
f 356/848/804 333/815/773 332/849/805
f 332/849/805 333/815/773 309/816/774
f 332/849/805 309/816/774 308/850/806
f 308/850/806 309/816/774 285/817/775
f 308/850/806 285/817/775 284/851/807
f 284/851/807 285/817/775 261/818/776
f 284/851/807 261/818/776 260/852/808
f 260/852/808 261/818/776 237/819/777
f 260/852/808 237/819/777 236/853/809
f 236/853/809 237/819/777 190/820/778
f 236/853/809 190/820/778 189/854/810
f 189/854/810 190/820/778 117/821/779
f 189/854/810 117/821/779 118/855/811
f 118/856/811 117/822/779 223/823/780
f 118/856/811 223/823/780 224/857/812
f 224/857/812 223/823/780 822/824/781
f 224/857/812 822/824/781 823/858/813
f 823/858/813 822/824/781 846/825/782
f 823/858/813 846/825/782 847/859/814
f 847/859/814 846/825/782 870/826/783
f 847/859/814 870/826/783 871/860/815
f 871/860/815 870/826/783 894/827/784
f 871/860/815 894/827/784 895/336/323
f 895/336/323 894/827/784 160/229/223
f 86/828/785 87/861/816 643/829/786
f 643/829/786 87/861/816 666/862/817
f 643/829/786 666/862/817 667/830/787
f 667/830/787 666/862/817 690/863/818
f 667/830/787 690/863/818 691/831/788
f 691/831/788 690/863/818 714/864/819
f 691/831/788 714/864/819 715/832/789
f 715/832/789 714/864/819 738/865/820
f 715/832/789 738/865/820 739/833/790
f 739/833/790 738/865/820 762/866/821
f 739/833/790 762/866/821 763/834/791
f 763/834/791 762/866/821 786/867/822
f 763/834/791 786/867/822 787/835/792
f 787/835/792 786/867/822 153/868/823
f 787/835/792 153/868/823 152/836/793
f 152/836/793 153/868/823 134/193/187
f 152/836/793 134/193/187 133/196/190
f 86/869/785 85/837/753 619/870/824
f 619/870/824 85/837/753 596/838/794
f 619/870/824 596/838/794 595/871/825
f 595/871/825 596/838/794 572/839/795
f 595/871/825 572/839/795 571/872/826
f 571/872/826 572/839/795 548/840/796
f 571/872/826 548/840/796 547/873/827
f 547/873/827 548/840/796 524/841/797
f 547/873/827 524/841/797 523/874/828
f 523/874/828 524/841/797 500/842/798
f 523/874/828 500/842/798 499/875/829
f 499/875/829 500/842/798 476/843/799
f 499/875/829 476/843/799 475/876/830
f 475/876/830 476/843/799 452/844/800
f 475/876/830 452/844/800 451/877/831
f 451/877/831 452/844/800 428/845/801
f 451/877/831 428/845/801 427/878/832
f 427/878/832 428/845/801 404/846/802
f 427/878/832 404/846/802 403/879/833
f 403/879/833 404/846/802 380/847/803
f 403/879/833 380/847/803 379/880/834
f 379/880/834 380/847/803 356/848/804
f 379/880/834 356/848/804 355/881/835
f 355/881/835 356/848/804 332/849/805
f 355/881/835 332/849/805 331/882/836
f 331/882/836 332/849/805 308/850/806
f 331/882/836 308/850/806 307/883/837
f 307/883/837 308/850/806 284/851/807
f 307/883/837 284/851/807 283/884/838
f 283/884/838 284/851/807 260/852/808
f 283/884/838 260/852/808 259/885/839
f 259/885/839 260/852/808 236/853/809
f 259/885/839 236/853/809 235/886/840
f 235/886/840 236/853/809 189/854/810
f 235/886/840 189/854/810 188/887/841
f 188/887/841 189/854/810 118/855/811
f 188/887/841 118/855/811 119/888/842
f 119/889/842 118/856/811 224/857/812
f 119/889/842 224/857/812 225/890/843
f 225/890/843 224/857/812 823/858/813
f 225/890/843 823/858/813 824/891/844
f 824/891/844 823/858/813 847/859/814
f 824/891/844 847/859/814 848/892/845
f 848/892/845 847/859/814 871/860/815
f 848/892/845 871/860/815 872/334/321
f 872/334/321 871/860/815 895/336/323
f 87/861/816 88/893/846 666/862/817
f 666/862/817 88/893/846 689/894/847
f 666/862/817 689/894/847 690/863/818
f 690/863/818 689/894/847 713/895/848
f 690/863/818 713/895/848 714/864/819
f 714/864/819 713/895/848 737/896/849
f 714/864/819 737/896/849 738/865/820
f 738/865/820 737/896/849 761/897/850
f 738/865/820 761/897/850 762/866/821
f 762/866/821 761/897/850 785/898/851
f 762/866/821 785/898/851 786/867/822
f 786/867/822 785/898/851 154/187/181
f 786/867/822 154/187/181 153/868/823
f 153/868/823 154/187/181 135/189/183
f 153/868/823 135/189/183 134/193/187
f 87/899/816 86/869/785 642/900/852
f 642/900/852 86/869/785 619/870/824
f 642/900/852 619/870/824 618/901/853
f 618/901/853 619/870/824 595/871/825
f 618/901/853 595/871/825 594/902/854
f 594/902/854 595/871/825 571/872/826
f 594/902/854 571/872/826 570/903/855
f 570/903/855 571/872/826 547/873/827
f 570/903/855 547/873/827 546/904/856
f 546/904/856 547/873/827 523/874/828
f 546/904/856 523/874/828 522/905/857
f 522/905/857 523/874/828 499/875/829
f 522/905/857 499/875/829 498/906/858
f 498/906/858 499/875/829 475/876/830
f 498/906/858 475/876/830 474/907/859
f 474/907/859 475/876/830 451/877/831
f 474/907/859 451/877/831 450/908/860
f 450/908/860 451/877/831 427/878/832
f 450/908/860 427/878/832 426/909/861
f 426/909/861 427/878/832 403/879/833
f 426/909/861 403/879/833 402/910/862
f 402/910/862 403/879/833 379/880/834
f 402/910/862 379/880/834 378/911/863
f 378/911/863 379/880/834 355/881/835
f 378/911/863 355/881/835 354/912/864
f 354/912/864 355/881/835 331/882/836
f 354/912/864 331/882/836 330/913/865
f 330/913/865 331/882/836 307/883/837
f 330/913/865 307/883/837 306/914/866
f 306/914/866 307/883/837 283/884/838
f 306/914/866 283/884/838 282/915/867
f 282/915/867 283/884/838 259/885/839
f 282/915/867 259/885/839 258/916/868
f 258/916/868 259/885/839 235/886/840
f 258/916/868 235/886/840 234/917/869
f 234/917/869 235/886/840 188/887/841
f 234/917/869 188/887/841 187/918/870
f 187/918/870 188/887/841 119/888/842
f 187/918/870 119/888/842 120/919/871
f 120/920/871 119/889/842 225/890/843
f 120/920/871 225/890/843 226/921/872
f 226/921/872 225/890/843 824/891/844
f 226/921/872 824/891/844 825/922/873
f 825/922/873 824/891/844 848/892/845
f 825/922/873 848/892/845 849/332/319
f 849/332/319 848/892/845 872/334/321
f 88/893/846 89/923/874 689/894/847
f 689/894/847 89/923/874 712/924/875
f 689/894/847 712/924/875 713/895/848
f 713/895/848 712/924/875 736/925/876
f 713/895/848 736/925/876 737/896/849
f 737/896/849 736/925/876 760/926/877
f 737/896/849 760/926/877 761/897/850
f 761/897/850 760/926/877 784/927/878
f 761/897/850 784/927/878 785/898/851
f 785/898/851 784/927/878 155/185/179
f 785/898/851 155/185/179 154/187/181
f 88/928/846 87/899/816 665/929/879
f 665/929/879 87/899/816 642/900/852
f 665/929/879 642/900/852 641/930/880
f 641/930/880 642/900/852 618/901/853
f 641/930/880 618/901/853 617/931/881
f 617/931/881 618/901/853 594/902/854
f 617/931/881 594/902/854 593/932/882
f 593/932/882 594/902/854 570/903/855
f 593/932/882 570/903/855 569/933/883
f 569/933/883 570/903/855 546/904/856
f 569/933/883 546/904/856 545/934/884
f 545/934/884 546/904/856 522/905/857
f 545/934/884 522/905/857 521/935/885
f 521/935/885 522/905/857 498/906/858
f 521/935/885 498/906/858 497/936/886
f 497/936/886 498/906/858 474/907/859
f 497/936/886 474/907/859 473/937/887
f 473/937/887 474/907/859 450/908/860
f 473/937/887 450/908/860 449/938/888
f 449/938/888 450/908/860 426/909/861
f 449/938/888 426/909/861 425/939/889
f 425/939/889 426/909/861 402/910/862
f 425/939/889 402/910/862 401/940/890
f 401/940/890 402/910/862 378/911/863
f 401/940/890 378/911/863 377/941/891
f 377/941/891 378/911/863 354/912/864
f 377/941/891 354/912/864 353/942/892
f 353/942/892 354/912/864 330/913/865
f 353/942/892 330/913/865 329/943/893
f 329/943/893 330/913/865 306/914/866
f 329/943/893 306/914/866 305/944/894
f 305/944/894 306/914/866 282/915/867
f 305/944/894 282/915/867 281/945/895
f 281/945/895 282/915/867 258/916/868
f 281/945/895 258/916/868 257/946/896
f 257/946/896 258/916/868 234/917/869
f 257/946/896 234/917/869 233/947/897
f 233/947/897 234/917/869 187/918/870
f 233/947/897 187/918/870 186/948/898
f 186/948/898 187/918/870 120/919/871
f 186/948/898 120/919/871 121/949/899
f 121/950/899 120/920/871 226/921/872
f 121/950/899 226/921/872 227/951/900
f 227/951/900 226/921/872 825/922/873
f 227/951/900 825/922/873 826/330/317
f 826/330/317 825/922/873 849/332/319
f 89/923/874 90/952/901 712/924/875
f 712/924/875 90/952/901 735/953/902
f 712/924/875 735/953/902 736/925/876
f 736/925/876 735/953/902 759/954/903
f 736/925/876 759/954/903 760/926/877
f 760/926/877 759/954/903 783/955/904
f 760/926/877 783/955/904 784/927/878
f 784/927/878 783/955/904 156/182/176
f 784/927/878 156/182/176 155/185/179
f 89/956/874 88/928/846 688/957/905
f 688/957/905 88/928/846 665/929/879
f 688/957/905 665/929/879 664/958/906
f 664/958/906 665/929/879 641/930/880
f 664/958/906 641/930/880 640/959/907
f 640/959/907 641/930/880 617/931/881
f 640/959/907 617/931/881 616/960/908
f 616/960/908 617/931/881 593/932/882
f 616/960/908 593/932/882 592/961/909
f 592/961/909 593/932/882 569/933/883
f 592/961/909 569/933/883 568/962/910
f 568/962/910 569/933/883 545/934/884
f 568/962/910 545/934/884 544/963/911
f 544/963/911 545/934/884 521/935/885
f 544/963/911 521/935/885 520/964/912
f 520/964/912 521/935/885 497/936/886
f 520/964/912 497/936/886 496/965/913
f 496/965/913 497/936/886 473/937/887
f 496/965/913 473/937/887 472/966/914
f 472/966/914 473/937/887 449/938/888
f 472/966/914 449/938/888 448/967/915
f 448/967/915 449/938/888 425/939/889
f 448/967/915 425/939/889 424/968/916
f 424/968/916 425/939/889 401/940/890
f 424/968/916 401/940/890 400/969/917
f 400/969/917 401/940/890 377/941/891
f 400/969/917 377/941/891 376/970/918
f 376/970/918 377/941/891 353/942/892
f 376/970/918 353/942/892 352/971/919
f 352/971/919 353/942/892 329/943/893
f 352/971/919 329/943/893 328/972/920
f 328/972/920 329/943/893 305/944/894
f 328/972/920 305/944/894 304/973/921
f 304/973/921 305/944/894 281/945/895
f 304/973/921 281/945/895 280/974/922
f 280/974/922 281/945/895 257/946/896
f 280/974/922 257/946/896 256/975/923
f 256/975/923 257/946/896 233/947/897
f 256/975/923 233/947/897 232/976/924
f 232/976/924 233/947/897 186/948/898
f 232/976/924 186/948/898 185/977/925
f 185/977/925 186/948/898 121/949/899
f 185/977/925 121/949/899 122/978/926
f 122/979/926 121/950/899 227/951/900
f 122/979/926 227/951/900 228/328/315
f 228/328/315 227/951/900 826/330/317
f 90/952/901 91/310/300 735/953/902
f 735/953/902 91/310/300 758/312/302
f 735/953/902 758/312/302 759/954/903
f 759/954/903 758/312/302 782/314/304
f 759/954/903 782/314/304 783/955/904
f 783/955/904 782/314/304 157/180/174
f 783/955/904 157/180/174 156/182/176
f 90/980/901 89/956/874 711/981/927
f 711/981/927 89/956/874 688/957/905
f 711/981/927 688/957/905 687/982/928
f 687/982/928 688/957/905 664/958/906
f 687/982/928 664/958/906 663/983/929
f 663/983/929 664/958/906 640/959/907
f 663/983/929 640/959/907 639/984/930
f 639/984/930 640/959/907 616/960/908
f 639/984/930 616/960/908 615/985/931
f 615/985/931 616/960/908 592/961/909
f 615/985/931 592/961/909 591/986/932
f 591/986/932 592/961/909 568/962/910
f 591/986/932 568/962/910 567/987/933
f 567/987/933 568/962/910 544/963/911
f 567/987/933 544/963/911 543/988/934
f 543/988/934 544/963/911 520/964/912
f 543/988/934 520/964/912 519/989/935
f 519/989/935 520/964/912 496/965/913
f 519/989/935 496/965/913 495/990/936
f 495/990/936 496/965/913 472/966/914
f 495/990/936 472/966/914 471/991/937
f 471/991/937 472/966/914 448/967/915
f 471/991/937 448/967/915 447/992/938
f 447/992/938 448/967/915 424/968/916
f 447/992/938 424/968/916 423/993/939
f 423/993/939 424/968/916 400/969/917
f 423/993/939 400/969/917 399/994/940
f 399/994/940 400/969/917 376/970/918
f 399/994/940 376/970/918 375/995/941
f 375/995/941 376/970/918 352/971/919
f 375/995/941 352/971/919 351/996/942
f 351/996/942 352/971/919 328/972/920
f 351/996/942 328/972/920 327/997/943
f 327/997/943 328/972/920 304/973/921
f 327/997/943 304/973/921 303/998/944
f 303/998/944 304/973/921 280/974/922
f 303/998/944 280/974/922 279/999/945
f 279/999/945 280/974/922 256/975/923
f 279/999/945 256/975/923 255/1000/946
f 255/1000/946 256/975/923 232/976/924
f 255/1000/946 232/976/924 231/1001/947
f 231/1001/947 232/976/924 185/977/925
f 231/1001/947 185/977/925 184/1002/948
f 184/1002/948 185/977/925 122/978/926
f 184/1002/948 122/978/926 123/1003/314
f 123/326/314 122/979/926 228/328/315
f 91/308/300 90/980/901 734/306/298
f 734/306/298 90/980/901 711/981/927
f 734/306/298 711/981/927 710/304/296
f 710/304/296 711/981/927 687/982/928
f 710/304/296 687/982/928 686/302/294
f 686/302/294 687/982/928 663/983/929
f 686/302/294 663/983/929 662/300/292
f 662/300/292 663/983/929 639/984/930
f 662/300/292 639/984/930 638/298/290
f 638/298/290 639/984/930 615/985/931
f 638/298/290 615/985/931 614/296/288
f 614/296/288 615/985/931 591/986/932
f 614/296/288 591/986/932 590/294/286
f 590/294/286 591/986/932 567/987/933
f 590/294/286 567/987/933 566/292/284
f 566/292/284 567/987/933 543/988/934
f 566/292/284 543/988/934 542/290/282
f 542/290/282 543/988/934 519/989/935
f 542/290/282 519/989/935 518/288/280
f 518/288/280 519/989/935 495/990/936
f 518/288/280 495/990/936 494/286/278
f 494/286/278 495/990/936 471/991/937
f 494/286/278 471/991/937 470/284/276
f 470/284/276 471/991/937 447/992/938
f 470/284/276 447/992/938 446/282/274
f 446/282/274 447/992/938 423/993/939
f 446/282/274 423/993/939 422/280/272
f 422/280/272 423/993/939 399/994/940
f 422/280/272 399/994/940 398/278/270
f 398/278/270 399/994/940 375/995/941
f 398/278/270 375/995/941 374/276/268
f 374/276/268 375/995/941 351/996/942
f 374/276/268 351/996/942 350/274/266
f 350/274/266 351/996/942 327/997/943
f 350/274/266 327/997/943 326/272/264
f 326/272/264 327/997/943 303/998/944
f 326/272/264 303/998/944 302/270/262
f 302/270/262 303/998/944 279/999/945
f 302/270/262 279/999/945 278/268/260
f 278/268/260 279/999/945 255/1000/946
f 278/268/260 255/1000/946 254/266/258
f 254/266/258 255/1000/946 231/1001/947
f 254/266/258 231/1001/947 230/264/256
f 230/264/256 231/1001/947 184/1002/948
f 230/264/256 184/1002/948 183/262/254
f 183/262/254 184/1002/948 123/1003/314
f 183/262/254 123/1003/314 67/260/252
f 95/316/305 96/1004/316 804/318/307
f 804/318/307 96/1004/316 827/1005/949
f 804/318/307 827/1005/949 828/320/309
f 828/320/309 827/1005/949 851/1006/950
f 828/320/309 851/1006/950 852/322/311
f 852/322/311 851/1006/950 875/1007/951
f 852/322/311 875/1007/951 876/324/313
f 876/324/313 875/1007/951 179/243/235
f 876/324/313 179/243/235 178/245/237
f 96/1004/316 97/1008/318 827/1005/949
f 827/1005/949 97/1008/318 850/1009/952
f 827/1005/949 850/1009/952 851/1006/950
f 851/1006/950 850/1009/952 874/1010/953
f 851/1006/950 874/1010/953 875/1007/951
f 875/1007/951 874/1010/953 180/240/232
f 875/1007/951 180/240/232 179/243/235
f 97/1008/318 98/1011/320 850/1009/952
f 850/1009/952 98/1011/320 873/1012/954
f 850/1009/952 873/1012/954 874/1010/953
f 874/1010/953 873/1012/954 181/238/230
f 874/1010/953 181/238/230 180/240/232
f 98/1011/320 99/1013/322 873/1012/954
f 873/1012/954 99/1013/322 182/236/228
f 873/1012/954 182/236/228 181/238/230
f 99/1013/322 100/232/225 182/236/228
f 101/338/324 102/1014/955 205/340/325
f 205/340/325 102/1014/955 204/156/152
f 205/340/325 204/156/152 251/154/150
f 67/315/252 206/317/306 101/1015/324
f 101/1015/324 206/317/306 207/1016/956
f 101/1015/324 207/1016/956 102/1017/955
f 102/1017/955 207/1016/956 208/1018/957
f 102/1017/955 208/1018/957 103/161/154
f 103/161/154 208/1018/957 209/162/156
f 102/1014/955 103/158/154 204/156/152
f 174/172/166 880/170/164 175/256/248
f 175/256/248 880/170/164 879/1019/958
f 175/256/248 879/1019/958 176/254/246
f 176/254/246 879/1019/958 878/248/240
f 176/254/246 878/248/240 177/246/238
f 206/317/306 805/319/308 207/1016/956
f 207/1016/956 805/319/308 806/1020/959
f 207/1016/956 806/1020/959 208/1018/957
f 208/1018/957 806/1020/959 807/1021/960
f 208/1018/957 807/1021/960 209/162/156
f 209/162/156 807/1021/960 808/164/158
f 805/319/308 829/321/310 806/1020/959
f 806/1020/959 829/321/310 830/1022/961
f 806/1020/959 830/1022/961 807/1021/960
f 807/1021/960 830/1022/961 831/251/243
f 807/1021/960 831/251/243 808/164/158
f 854/249/241 831/251/243 830/1022/961
f 854/249/241 830/1022/961 853/323/312
f 853/323/312 830/1022/961 829/321/310
f 856/168/162 832/166/160 855/250/242
f 877/247/239 854/249/241 853/323/312
f 878/248/240 879/1019/958 855/250/242
f 855/250/242 879/1019/958 856/168/162
f 879/1019/958 880/170/164 856/168/162
g Body1:1

v 74.893257 -2.553650 131.921222
v 76.432959 -2.760256 132.104477
v 77.286604 -2.775533 132.119397
v 78.115621 -2.683866 132.033745
v 78.509819 -2.580345 131.943556
v 78.875987 -2.428987 131.821768
v 79.202993 -2.225473 131.676238
v 79.485868 -1.967444 131.517394
v 79.716534 -1.662592 131.361949
v 79.896795 -1.315237 131.222498
v 80.026274 -0.936696 131.111427
v 80.106709 -0.535162 131.035962
v 80.139618 -0.120696 131.002005
v 80.124887 0.295525 131.011030
v 80.062465 0.704853 131.062659
v 79.951887 1.095124 131.153016
v 79.790965 1.458224 131.275274
v 79.579375 1.783316 131.419616
v 79.316790 2.062504 131.572769
v 78.996201 2.295783 131.724565
v 78.593188 2.486921 131.867158
v 78.102502 2.624469 131.981030
v 77.048899 2.719704 132.066874
v 74.893257 2.489275 131.868944
v 74.893257 2.663974 131.111286
v 74.893257 2.697907 130.349511
v 74.893257 2.580774 129.573113
v 74.893257 2.326097 128.858695
v 74.893257 1.910438 128.193314
v 74.893257 1.658541 127.917601
v 74.893257 1.356837 127.666408
v 74.893257 1.027004 127.458477
v 74.893257 0.682201 127.312111
v 74.893257 0.299613 127.218616
v 74.893257 -0.080991 127.187346
v 74.893257 -0.460866 127.226500
v 74.893257 -0.841433 127.327906
v 74.893257 -1.183128 127.481388
v 74.893257 -1.508579 127.696113
v 74.893257 -1.805011 127.953507
v 74.893257 -2.051139 128.234382
v 74.893257 -2.452914 128.908237
v 74.893257 -2.692725 129.627782
v 74.893257 -2.793738 130.406442
v 74.893257 -2.744019 131.167349
v 74.933543 2.120561 132.666841
v 74.950709 1.870863 133.027675
v 74.965010 1.575734 133.341836
v 74.977256 1.223091 133.620728
v 74.986026 0.847381 133.827199
v 74.991514 0.423409 133.961083
v 74.993508 -0.010229 134.013279
v 74.991514 -0.444856 133.970084
v 74.986026 -0.871512 133.845018
v 74.977256 -1.251422 133.646381
v 74.965010 -1.609771 133.374859
v 74.950709 -1.911350 133.066885
v 74.933543 -2.168475 132.711305
v 74.893257 -2.160832 132.694238
v 74.893257 -1.901718 133.036665
v 74.893257 -1.595929 133.334307
v 74.893257 -1.237806 133.593706
v 74.893257 -0.860888 133.781045
v 74.893257 -0.438544 133.899069
v 74.893257 -0.010994 133.939476
v 74.893257 0.415626 133.890214
v 74.893257 0.835432 133.763459
v 74.893257 1.208385 133.568347
v 74.893257 1.561054 133.301580
v 74.893257 1.860607 132.997662
v 74.893257 2.112566 132.649937
v -74.893257 2.248693 131.691922
v -76.626967 2.614264 131.972437
v -78.347500 2.712684 132.060015
v -79.181212 2.607635 131.966675
v -79.571553 2.494962 131.873285
v -79.935418 2.330709 131.749154
v -80.256224 2.114049 131.604205
v -80.530750 1.843234 131.450018
v -80.753844 1.524815 131.302218
v -80.924802 1.167312 131.174137
v -81.045768 0.778657 131.076676
v -81.117137 0.371011 131.017388
v -81.140333 -0.047421 131.000309
v -81.115901 -0.464595 131.027273
v -81.042954 -0.870940 131.095991
v -80.920834 -1.256656 131.202665
v -80.748320 -1.610492 131.338644
v -80.523126 -1.925326 131.493838
v -80.248186 -2.190346 131.652981
v -79.923263 -2.404174 131.803147
v -79.506110 -2.581566 131.944933
v -78.945160 -2.714365 132.061925
v -78.187109 -2.778718 132.122119
v -77.166322 -2.738424 132.084346
v -74.893257 -2.316790 131.739251
v -74.893257 -2.637378 130.971861
v -74.893257 -2.791154 130.127659
v -74.893257 -2.765626 129.297060
v -74.893257 -2.569089 128.476025
v -74.893257 -2.183362 127.720138
v -74.893257 -1.932017 127.391366
v -74.893257 -1.629903 127.100593
v -74.893257 -1.281207 126.849414
v -74.893257 -0.914686 126.668001
v -74.893257 -0.503335 126.549846
v -74.893257 -0.088075 126.504080
v -74.893257 0.328046 126.541227
v -74.893257 0.741757 126.650830
v -74.893257 1.111961 126.824605
v -74.893257 1.465788 127.068501
v -74.893257 1.773865 127.352948
v -74.893257 2.031973 127.676439
v -74.893257 2.433287 128.424167
v -74.893257 2.646803 129.240951
v -74.893257 2.689544 130.070842
v -74.893257 2.553304 130.918051
v -74.893257 -1.900782 132.324645
v -74.893257 -1.359492 132.794720
v -74.893257 -1.052027 132.974907
v -74.893257 -0.726929 133.102413
v -74.893257 -0.370565 133.184363
v -74.893257 -0.018541 133.211510
v -74.893257 0.332845 133.177071
v -74.893257 0.687433 133.087751
v -74.893257 1.009818 132.953532
v -74.893257 1.313482 132.767010
v -74.893257 1.844911 132.285814
v -74.928701 -1.906131 132.343633
v -74.955996 -1.370855 132.831668
v -74.966393 -1.061668 133.022363
v -74.973702 -0.735488 133.157713
v -74.978441 -0.375213 133.244986
v -74.980139 -0.017891 133.274168
v -74.978441 0.338749 133.237585
v -74.973702 0.697137 133.142862
v -74.966393 1.020441 133.000779
v -74.955996 1.325608 132.803714
v -74.928701 1.850652 132.304687
v -74.893257 -3.060320 132.424259
v -74.893257 -3.608358 133.273803
v -74.893257 -3.925896 134.233616
v -74.893257 -3.992649 135.242386
v -74.893257 -3.804355 136.235672
v -74.893257 -3.373040 137.150024
v -74.893257 -2.726257 137.927033
v -74.893257 -1.905322 138.517065
v -74.893257 -0.962676 138.882429
v -74.893257 0.041465 138.999785
v -74.893257 1.042957 138.861637
v -74.893257 1.977826 138.476810
v -74.893257 2.786352 137.869885
v -74.893257 3.416888 137.079634
v -74.893257 3.829154 136.156537
v -74.893257 3.996816 135.159561
v -74.893257 3.909164 134.152393
v -74.893257 3.571796 133.199369
v -74.893257 3.006264 132.361368
v 74.893257 3.207911 132.610584
v 74.893257 3.712726 133.511489
v 74.893257 3.970072 134.511610
v 74.893257 3.962796 135.544284
v 74.893257 3.691383 136.540679
v 74.893257 3.173923 137.434382
v 74.893257 2.444907 138.165822
v 74.893257 1.552928 138.686247
v 74.893257 0.557440 138.960967
v 74.893257 -0.475204 138.971672
v 74.893257 -1.476174 138.717648
v 74.893257 -2.378751 138.215827
v 74.893257 -3.122773 137.499658
v 74.893257 -3.658649 136.616875
v 74.893257 -3.950661 135.626321
v 74.893257 -3.979344 134.594019
v 74.893257 -3.742787 133.588779
v 74.893257 -3.256757 132.677602
v 81.500000 -4.500000 135.000000
v 81.500000 -4.346666 133.835314
v 81.500000 -3.897114 132.750000
v 81.500000 -3.181981 131.818019
v 81.500000 -2.250000 131.102886
v 81.500000 -1.164686 130.653334
v 81.500000 0.000000 130.500000
v 81.500000 1.164686 130.653334
v 81.500000 2.250000 131.102886
v 81.500000 3.181981 131.818019
v 81.500000 3.897114 132.750000
v 81.500000 4.346666 133.835314
v 81.500000 4.500000 135.000000
v 81.500000 4.346666 136.164686
v 81.500000 3.897114 137.250000
v 81.500000 3.181981 138.181981
v 81.500000 2.250000 138.897114
v 81.500000 1.164686 139.346666
v 81.500000 0.000000 139.500000
v 81.500000 -1.164686 139.346666
v 81.500000 -2.250000 138.897114
v 81.500000 -3.181981 138.181981
v 81.500000 -3.897114 137.250000
v 81.500000 -4.346666 136.164686
v 81.500000 -1.051716 138.859261
v 81.500000 -0.017029 138.999964
v 81.500000 1.018818 138.868076
v 81.500000 1.985234 138.472585
v 81.500000 2.816360 137.840443
v 81.500000 3.455556 137.014730
v 81.500000 3.859261 136.051716
v 81.500000 3.999964 135.017029
v 81.500000 3.868076 133.981182
v 81.500000 3.472585 133.014766
v 81.500000 2.840443 132.183640
v 81.500000 2.014730 131.544444
v 81.500000 1.051716 131.140739
v 81.500000 0.017029 131.000036
v 81.500000 -1.018818 131.131924
v 81.500000 -1.985234 131.527415
v 81.500000 -2.816360 132.159557
v 81.500000 -3.455556 132.985270
v 81.500000 -3.859261 133.948284
v 81.500000 -3.999964 134.982971
v 81.500000 -3.868076 136.018818
v 81.500000 -3.472585 136.985234
v 81.500000 -2.840443 137.816360
v 81.500000 -2.014730 138.455556
v 44.799738 0.000000 63.500000
v 43.273224 11.595026 63.500000
v 38.797712 22.399869 63.500000
v 31.678199 31.678199 63.500000
v 22.399869 38.797712 63.500000
v 11.595026 43.273224 63.500000
v -0.000000 44.799738 63.500000
v -11.595026 43.273224 63.500000
v -22.399869 38.797712 63.500000
v -31.678199 31.678199 63.500000
v -38.797712 22.399869 63.500000
v -43.273224 11.595026 63.500000
v -44.799738 0.000000 63.500000
v -43.273224 -11.595026 63.500000
v -38.797712 -22.399869 63.500000
v -31.678199 -31.678199 63.500000
v -22.399869 -38.797712 63.500000
v -11.595026 -43.273224 63.500000
v -0.000000 -44.799738 63.500000
v 11.595026 -43.273224 63.500000
v 22.399869 -38.797712 63.500000
v 31.678199 -31.678199 63.500000
v 38.797712 -22.399869 63.500000
v 43.273224 -11.595026 63.500000
v 42.815165 0.000000 73.421906
v 41.356274 -11.081380 73.421906
v 37.079021 -21.407582 73.421906
v 30.274893 -30.274893 73.421906
v 21.407582 -37.079021 73.421906
v 11.081380 -41.356274 73.421906
v -0.000000 -42.815165 73.421906
v -11.081380 -41.356274 73.421906
v -21.407582 -37.079021 73.421906
v -30.274893 -30.274893 73.421906
v -37.079021 -21.407582 73.421906
v -41.356274 -11.081380 73.421906
v -42.815165 0.000000 73.421906
v -41.356274 11.081380 73.421906
v -37.079021 21.407582 73.421906
v -30.274893 30.274893 73.421906
v -21.407582 37.079021 73.421906
v -11.081380 41.356274 73.421906
v -0.000000 42.815165 73.421906
v 11.081380 41.356274 73.421906
v 21.407582 37.079021 73.421906
v 30.274893 30.274893 73.421906
v 37.079021 21.407582 73.421906
v 41.356274 11.081380 73.421906
v 43.599961 -0.000000 63.500000
v 42.114329 11.284500 63.500000
v 37.758674 21.799981 63.500000
v 30.829828 30.829828 63.500000
v 21.799981 37.758674 63.500000
v 11.284500 42.114329 63.500000
v -0.000000 43.599961 63.500000
v -11.284500 42.114329 63.500000
v -21.799981 37.758674 63.500000
v -30.829828 30.829828 63.500000
v -37.758674 21.799981 63.500000
v -42.114329 11.284500 63.500000
v -43.599961 0.000000 63.500000
v -42.114329 -11.284500 63.500000
v -37.758674 -21.799981 63.500000
v -30.829828 -30.829828 63.500000
v -21.799981 -37.758674 63.500000
v -11.284500 -42.114329 63.500000
v -0.000000 -43.599961 63.500000
v 11.284500 -42.114329 63.500000
v 21.799981 -37.758674 63.500000
v 30.829828 -30.829828 63.500000
v 37.758674 -21.799981 63.500000
v 42.114329 -11.284500 63.500000
v 20.000000 0.000000 270.000000
v 19.318517 5.176381 270.000000
v 17.320508 10.000000 270.000000
v 14.142136 14.142136 270.000000
v 10.000000 17.320508 270.000000
v 5.176381 19.318517 270.000000
v -0.000000 20.000000 270.000000
v -5.176381 19.318517 270.000000
v -10.000000 17.320508 270.000000
v -14.142136 14.142136 270.000000
v -17.320508 10.000000 270.000000
v -19.318517 5.176381 270.000000
v -20.000000 0.000000 270.000000
v -19.318517 -5.176381 270.000000
v -17.320508 -10.000000 270.000000
v -14.142136 -14.142136 270.000000
v -10.000000 -17.320508 270.000000
v -5.176381 -19.318517 270.000000
v -0.000000 -20.000000 270.000000
v 5.176381 -19.318517 270.000000
v 10.000000 -17.320508 270.000000
v 14.142136 -14.142136 270.000000
v 17.320508 -10.000000 270.000000
v 19.318517 -5.176381 270.000000
v 20.000000 0.000000 268.000000
v 19.318517 -5.176381 268.000000
v 17.320508 -10.000000 268.000000
v 14.142136 -14.142136 268.000000
v 10.000000 -17.320508 268.000000
v 5.176381 -19.318517 268.000000
v -0.000000 -20.000000 268.000000
v -5.176381 -19.318517 268.000000
v -10.000000 -17.320508 268.000000
v -14.142136 -14.142136 268.000000
v -17.320508 -10.000000 268.000000
v -19.318517 -5.176381 268.000000
v -20.000000 0.000000 268.000000
v -19.318517 5.176381 268.000000
v -17.320508 10.000000 268.000000
v -14.142136 14.142136 268.000000
v -10.000000 17.320508 268.000000
v -5.176381 19.318517 268.000000
v -0.000000 20.000000 268.000000
v 5.176381 19.318517 268.000000
v 10.000000 17.320508 268.000000
v 14.142136 14.142136 268.000000
v 17.320508 10.000000 268.000000
v 19.318517 5.176381 268.000000
v 35.000000 -27.500000 268.000000
v 21.650635 -27.500000 268.000000
v 21.650635 -27.500000 270.000000
v 35.000000 -27.500000 270.000000
v 40.620192 -47.500000 268.000000
v 40.620192 -47.500000 270.000000
v -40.620192 -47.500000 268.000000
v -40.620192 -47.500000 270.000000
v -35.000000 -27.500000 268.000000
v -35.000000 -27.500000 270.000000
v -21.650635 -27.500000 268.000000
v -21.650635 -27.500000 270.000000
v -21.650635 27.500000 268.000000
v -27.955711 21.058922 268.000000
v -32.406777 13.221225 268.000000
v -34.708639 4.506703 268.000000
v -34.708639 -4.506703 268.000000
v -32.406777 -13.221225 268.000000
v -27.955711 -21.058922 268.000000
v -27.955711 -21.058922 270.000000
v -32.406777 -13.221225 270.000000
v -34.708639 -4.506703 270.000000
v -34.708639 4.506703 270.000000
v -32.406777 13.221225 270.000000
v -27.955711 21.058922 270.000000
v -21.650635 27.500000 270.000000
v -35.000000 27.500000 268.000000
v -35.000000 27.500000 270.000000
v -40.620192 47.500000 268.000000
v -40.620192 47.500000 270.000000
v 40.620192 47.500000 268.000000
v 40.620192 47.500000 270.000000
v 35.000000 27.500000 268.000000
v 35.000000 27.500000 270.000000
v 21.650635 27.500000 268.000000
v 21.650635 27.500000 270.000000
v 27.955711 -21.058922 268.000000
v 32.406777 -13.221225 268.000000
v 34.708639 -4.506703 268.000000
v 34.708639 4.506703 268.000000
v 32.406777 13.221225 268.000000
v 27.955711 21.058922 268.000000
v 27.955711 21.058922 270.000000
v 32.406777 13.221225 270.000000
v 34.708639 4.506703 270.000000
v 34.708639 -4.506703 270.000000
v 32.406777 -13.221225 270.000000
v 27.955711 -21.058922 270.000000
v -30.256842 54.687965 268.000000
v -18.661408 59.648989 268.000000
v -6.306066 62.181054 268.000000
v 6.306066 62.181054 268.000000
v 18.661408 59.648989 268.000000
v 30.256842 54.687965 268.000000
v 30.256842 54.687965 270.000000
v 18.661408 59.648989 270.000000
v 6.306066 62.181054 270.000000
v -6.306066 62.181054 270.000000
v -18.661408 59.648989 270.000000
v -30.256842 54.687965 270.000000
v 49.850214 -37.698888 270.000000
v 56.767121 -26.148499 270.000000
v 61.049959 -13.384785 270.000000
v 62.500000 -0.000000 270.000000
v 61.049959 13.384785 270.000000
v 56.767121 26.148499 270.000000
v 49.850214 37.698888 270.000000
v 49.850214 37.698888 268.000000
v 56.767121 26.148499 268.000000
v 61.049959 13.384785 268.000000
v 62.500000 -0.000000 268.000000
v 61.049959 -13.384785 268.000000
v 56.767121 -26.148499 268.000000
v 49.850214 -37.698888 268.000000
v -49.850214 -37.698888 268.000000
v -56.767121 -26.148499 268.000000
v -61.049959 -13.384785 268.000000
v -62.500000 0.000000 268.000000
v -61.049959 13.384785 268.000000
v -56.767121 26.148499 268.000000
v -49.850214 37.698888 268.000000
v -49.850214 37.698888 270.000000
v -56.767121 26.148499 270.000000
v -61.049959 13.384785 270.000000
v -62.500000 0.000000 270.000000
v -61.049959 -13.384785 270.000000
v -56.767121 -26.148499 270.000000
v -49.850214 -37.698888 270.000000
v -30.256842 -54.687965 268.000000
v -18.661408 -59.648989 268.000000
v -6.306066 -62.181054 268.000000
v 6.306066 -62.181054 268.000000
v 18.661408 -59.648989 268.000000
v 30.256842 -54.687965 268.000000
v 72.811910 0.000000 117.015958
v 72.811910 -4.654613 117.628749
v 72.811910 -8.992021 119.425363
v 72.811910 -12.716638 122.283362
v 72.811910 -15.574637 126.007979
v 72.811910 -17.371251 130.345387
v 72.811910 -17.984042 135.000000
v 72.811910 -17.371251 139.654613
v 72.811910 -15.574637 143.992021
v 72.811910 -12.716638 147.716638
v 72.811910 -8.992021 150.574637
v 72.811910 -4.654613 152.371251
v 72.811910 0.000000 152.984042
v 72.811910 4.654613 152.371251
v 72.811910 8.992021 150.574637
v 72.811910 12.716638 147.716638
v 72.811910 15.574637 143.992021
v 72.811910 17.371251 139.654613
v 72.811910 17.984042 135.000000
v 72.811910 17.371251 130.345387
v 72.811910 15.574637 126.007979
v 72.811910 12.716638 122.283362
v 72.811910 8.992021 119.425363
v 72.811910 4.654613 117.628749
v 40.000000 63.442888 135.000000
v 38.637033 63.442888 145.352762
v 34.641016 63.442888 155.000000
v 28.284271 63.442888 163.284271
v 20.000000 63.442888 169.641016
v 10.352762 63.442888 173.637033
v -0.000000 63.442888 175.000000
v -10.352762 63.442888 173.637033
v -20.000000 63.442888 169.641016
v -28.284271 63.442888 163.284271
v -34.641016 63.442888 155.000000
v -38.637033 63.442888 145.352762
v -40.000000 63.442888 135.000000
v -38.637033 63.442888 124.647238
v -34.641016 63.442888 115.000000
v -28.284271 63.442888 106.715729
v -20.000000 63.442888 100.358984
v -10.352762 63.442888 96.362967
v -0.000000 63.442888 95.000000
v 10.352762 63.442888 96.362967
v 20.000000 63.442888 100.358984
v 28.284271 63.442888 106.715729
v 34.641016 63.442888 115.000000
v 38.637033 63.442888 124.647238
v 42.815165 0.000000 196.578094
v 41.356274 -11.081380 196.578094
v 37.079021 -21.407582 196.578094
v 30.274893 -30.274893 196.578094
v 21.407582 -37.079021 196.578094
v 11.081380 -41.356274 196.578094
v -0.000000 -42.815165 196.578094
v -11.081380 -41.356274 196.578094
v -21.407582 -37.079021 196.578094
v -30.274893 -30.274893 196.578094
v -37.079021 -21.407582 196.578094
v -41.356274 -11.081380 196.578094
v -42.815165 0.000000 196.578094
v -41.356274 11.081380 196.578094
v -37.079021 21.407582 196.578094
v -30.274893 30.274893 196.578094
v -21.407582 37.079021 196.578094
v -11.081380 41.356274 196.578094
v -0.000000 42.815165 196.578094
v 11.081380 41.356274 196.578094
v 21.407582 37.079021 196.578094
v 30.274893 30.274893 196.578094
v 37.079021 21.407582 196.578094
v 41.356274 11.081380 196.578094
v 40.000000 -63.442888 135.000000
v 38.637033 -63.442888 124.647238
v 34.641016 -63.442888 115.000000
v 28.284271 -63.442888 106.715729
v 20.000000 -63.442888 100.358984
v 10.352762 -63.442888 96.362967
v -0.000000 -63.442888 95.000000
v -10.352762 -63.442888 96.362967
v -20.000000 -63.442888 100.358984
v -28.284271 -63.442888 106.715729
v -34.641016 -63.442888 115.000000
v -38.637033 -63.442888 124.647238
v -40.000000 -63.442888 135.000000
v -38.637033 -63.442888 145.352762
v -34.641016 -63.442888 155.000000
v -28.284271 -63.442888 163.284271
v -20.000000 -63.442888 169.641016
v -10.352762 -63.442888 173.637033
v -0.000000 -63.442888 175.000000
v 10.352762 -63.442888 173.637033
v 20.000000 -63.442888 169.641016
v 28.284271 -63.442888 163.284271
v 34.641016 -63.442888 155.000000
v 38.637033 -63.442888 145.352762
v -72.811910 0.000000 152.984042
v -72.811910 -4.654613 152.371251
v -72.811910 -8.992021 150.574637
v -72.811910 -12.716638 147.716638
v -72.811910 -15.574637 143.992021
v -72.811910 -17.371251 139.654613
v -72.811910 -17.984042 135.000000
v -72.811910 -17.371251 130.345387
v -72.811910 -15.574637 126.007979
v -72.811910 -12.716638 122.283362
v -72.811910 -8.992021 119.425363
v -72.811910 -4.654613 117.628749
v -72.811910 0.000000 117.015958
v -72.811910 4.654613 117.628749
v -72.811910 8.992021 119.425363
v -72.811910 12.716638 122.283362
v -72.811910 15.574637 126.007979
v -72.811910 17.371251 130.345387
v -72.811910 17.984042 135.000000
v -72.811910 17.371251 139.654613
v -72.811910 15.574637 143.992021
v -72.811910 12.716638 147.716638
v -72.811910 8.992021 150.574637
v -72.811910 4.654613 152.371251
v -53.812691 0.000000 82.758309
v -62.819253 0.000000 94.027553
v -69.501625 0.000000 106.812696
v -69.501625 0.000000 163.187304
v -62.819253 0.000000 175.972447
v -53.812691 0.000000 187.241691
v 32.939070 42.553771 82.758309
v -28.464977 -45.667831 187.241691
v -35.505810 -40.436903 82.758309
v 2.725568 -53.743623 187.241691
v 2.725568 -53.743623 82.758309
v 51.344801 -16.109535 187.241691
v 51.344801 -16.109535 82.758309
v 51.344801 16.109535 187.241691
v 51.344801 16.109535 82.758309
v 2.725568 53.743623 187.241691
v 2.725568 53.743623 82.758309
v -28.464977 45.667831 187.241691
v -28.464977 45.667831 82.758309
v 53.536596 5.444140 82.758309
v 62.496948 6.355318 94.027553
v 69.145035 7.031363 106.812696
v 69.145035 -7.031363 106.812696
v 62.496948 -6.355318 94.027553
v 53.536596 -5.444140 82.758309
v 59.938315 18.805768 94.027553
v 66.314229 20.806224 106.812696
v 70.236646 22.036890 120.640715
v 71.560444 22.452234 135.000000
v 70.236646 22.036890 149.359285
v 66.314229 20.806224 163.187304
v 59.938315 18.805768 175.972447
v 53.536596 5.444140 187.241691
v 62.496948 6.355318 175.972447
v 69.145035 7.031363 163.187304
v 40.830817 35.052106 82.758309
v 47.664618 40.918733 94.027553
v 52.734923 45.271446 106.812696
v 55.854138 47.949205 120.640715
v 56.906859 48.852936 135.000000
v 55.854138 47.949205 149.359285
v 52.734923 45.271446 163.187304
v 47.664618 40.918733 175.972447
v 40.830817 35.052106 187.241691
v 47.050944 26.115405 187.241691
v 54.925801 30.486307 175.972447
v 60.768511 33.729275 163.187304
v 64.362904 35.724326 149.359285
v 65.575996 36.397647 135.000000
v 64.362904 35.724326 120.640715
v 60.768511 33.729275 106.812696
v 54.925801 30.486307 94.027553
v 47.050944 26.115405 82.758309
v 38.452041 49.675941 94.027553
v 42.542361 54.960199 106.812696
v 45.058697 58.211037 120.640715
v 45.907949 59.308180 135.000000
v 45.058697 58.211037 149.359285
v 42.542361 54.960199 163.187304
v 38.452041 49.675941 175.972447
v 32.939070 42.553771 187.241691
v 23.698794 48.313278 82.758309
v 27.665232 56.399411 94.027553
v 30.608109 62.398875 106.812696
v 40.450572 61.502538 120.640715
v 39.301495 57.322495 106.812696
v 36.512828 51.118215 94.027553
v 32.114421 43.179505 82.758309
v 13.488287 52.094835 82.758309
v 15.745805 60.813881 94.027553
v -8.148736 53.192141 82.758309
v -9.512580 62.094842 94.027553
v 3.181743 62.738625 94.027553
v -18.689430 50.462966 82.758309
v -21.817457 58.908888 94.027553
v -33.229124 53.311198 94.027553
v -36.763858 58.982155 106.812696
v -38.938402 62.470888 120.640715
v -44.167490 30.741480 82.758309
v -51.559746 35.886643 94.027553
v -57.044393 39.704069 106.812696
v -60.418509 42.052523 120.640715
v -61.557258 42.845116 135.000000
v -60.418509 42.052523 149.359285
v -57.044393 39.704069 163.187304
v -51.559746 35.886643 175.972447
v -44.167490 30.741480 187.241691
v -37.075164 39.003050 187.241691
v -43.280387 45.530941 175.972447
v -47.884321 50.374277 163.187304
v -50.716628 53.353862 149.359285
v -51.672519 54.359459 135.000000
v -50.716628 53.353862 120.640715
v -47.884321 50.374277 106.812696
v -43.280387 45.530941 94.027553
v -37.075164 39.003050 82.758309
v -49.451593 21.221350 82.758309
v -57.728243 24.773140 94.027553
v -63.869061 27.408373 106.812696
v -67.646849 29.029549 120.640715
v -68.921836 29.576689 135.000000
v -67.646849 29.029549 149.359285
v -63.869061 27.408373 163.187304
v -57.728243 24.773140 175.972447
v -49.451593 21.221350 187.241691
v -52.711142 10.832415 82.758309
v -61.533339 12.645423 94.027553
v -68.078923 13.990574 106.812696
v -72.105720 14.818102 120.640715
v -71.395030 17.932114 120.640715
v -67.340855 17.195500 106.812696
v -60.804675 15.781321 94.027553
v -52.033410 13.723336 82.758309
v -52.711142 -10.832415 82.758309
v -61.533339 -12.645423 94.027553
v -68.078923 -13.990574 106.812696
v -72.105720 -14.818102 120.640715
v -49.451593 -21.221350 82.758309
v -57.728243 -24.773140 94.027553
v -63.869061 -27.408373 106.812696
v -67.646849 -29.029549 120.640715
v -68.921836 -29.576689 135.000000
v -67.646849 -29.029549 149.359285
v -63.869061 -27.408373 163.187304
v -57.728243 -24.773140 175.972447
v -49.451593 -21.221350 187.241691
v -52.711142 -10.832415 187.241691
v -61.533339 -12.645423 175.972447
v -68.078923 -13.990574 163.187304
v -72.105720 -14.818102 149.359285
v -44.167490 -30.741480 82.758309
v -51.559746 -35.886643 94.027553
v -57.044393 -39.704069 106.812696
v -60.418509 -42.052523 120.640715
v -61.557258 -42.845116 135.000000
v -60.418509 -42.052523 149.359285
v -57.044393 -39.704069 163.187304
v -51.559746 -35.886643 175.972447
v -44.167490 -30.741480 187.241691
v -37.075164 -39.003050 82.758309
v -43.280387 -45.530941 94.027553
v -47.884321 -50.374277 106.812696
v -50.716628 -53.353862 120.640715
v -51.672519 -54.359459 135.000000
v -50.716628 -53.353862 149.359285
v -47.884321 -50.374277 163.187304
v -43.280387 -45.530941 175.972447
v -37.075164 -39.003050 187.241691
v -18.689430 -50.462966 82.758309
v -21.817457 -58.908888 94.027553
v -36.763858 -58.982155 106.812696
v -41.688733 -60.670096 120.640715
v -33.229124 -53.311198 94.027553
v -28.464977 -45.667831 82.758309
v -38.938402 -62.470888 120.640715
v -8.148736 -53.192141 82.758309
v -9.512580 -62.094842 94.027553
v 3.181743 -62.738625 94.027553
v 23.698794 -48.313278 82.758309
v 27.665232 -56.399411 94.027553
v 30.608109 -62.398875 106.812696
v 15.745805 -60.813881 94.027553
v 13.488287 -52.094835 82.758309
v 32.939070 -42.553771 82.758309
v 38.452041 -49.675941 94.027553
v 42.542361 -54.960199 106.812696
v 45.058697 -58.211037 120.640715
v 45.907949 -59.308180 135.000000
v 45.058697 -58.211037 149.359285
v 42.542361 -54.960199 163.187304
v 38.452041 -49.675941 175.972447
v 32.939070 -42.553771 187.241691
v 23.698794 -48.313278 187.241691
v 27.665232 -56.399411 175.972447
v 30.608109 -62.398875 163.187304
v 40.830817 -35.052106 82.758309
v 47.664618 -40.918733 94.027553
v 52.734923 -45.271446 106.812696
v 55.854138 -47.949205 120.640715
v 56.906859 -48.852936 135.000000
v 55.854138 -47.949205 149.359285
v 52.734923 -45.271446 163.187304
v 47.664618 -40.918733 175.972447
v 40.830817 -35.052106 187.241691
v 47.050944 -26.115405 82.758309
v 54.925801 -30.486307 94.027553
v 60.768511 -33.729275 106.812696
v 64.362904 -35.724326 120.640715
v 65.575996 -36.397647 135.000000
v 64.362904 -35.724326 149.359285
v 60.768511 -33.729275 163.187304
v 54.925801 -30.486307 175.972447
v 47.050944 -26.115405 187.241691
v 71.395030 -17.932114 120.640715
v 71.560444 -22.452234 135.000000
v 67.340855 -17.195500 106.812696
v 60.804675 -15.781321 94.027553
v 52.033410 -13.723336 82.758309
v 59.938315 -18.805768 175.972447
v 66.314229 -20.806224 163.187304
v 70.236646 -22.036890 149.359285
v 70.236646 -22.036890 120.640715
v 66.314229 -20.806224 106.812696
v 59.938315 -18.805768 94.027553
v 69.145035 -7.031363 163.187304
v 62.496948 -6.355318 175.972447
v 53.536596 -5.444140 187.241691
v 30.608109 62.398875 163.187304
v 27.665232 56.399411 175.972447
v 23.698794 48.313278 187.241691
v 15.745805 60.813881 175.972447
v 13.488287 52.094835 187.241691
v 3.181743 62.738625 175.972447
v -9.512580 62.094842 175.972447
v -8.148736 53.192141 187.241691
v -21.817457 58.908888 175.972447
v -18.689430 50.462966 187.241691
v -38.938402 62.470888 149.359285
v -36.763858 58.982155 163.187304
v -33.229124 53.311198 175.972447
v 13.488287 -52.094835 187.241691
v 15.745805 -60.813881 175.972447
v -8.148736 -53.192141 187.241691
v -9.512580 -62.094842 175.972447
v 3.181743 -62.738625 175.972447
v -18.689430 -50.462966 187.241691
v -21.817457 -58.908888 175.972447
v -33.229124 -53.311198 175.972447
v -36.763858 -58.982155 163.187304
v -38.938402 -62.470888 149.359285
v -52.711142 10.832415 187.241691
v -61.533339 12.645423 175.972447
v -68.078923 13.990574 163.187304
v -72.105720 14.818102 149.359285
v -39.551680 -48.804950 94.027553
v -41.592236 -55.682689 106.812696
v -33.293934 -67.205015 135.000000
v -32.159470 -67.205015 126.382896
v -28.833392 -67.205015 118.353033
v -23.542366 -67.205015 111.457634
v -16.646967 -67.205015 106.166608
v -8.617104 -67.205015 102.840530
v 0.000000 -67.205015 101.706066
v 8.617104 -67.205015 102.840530
v 16.646967 -67.205015 106.166608
v 23.542366 -67.205015 111.457634
v 28.833392 -67.205015 118.353033
v 32.159470 -67.205015 126.382896
v 33.293934 -67.205015 135.000000
v 32.159470 -67.205015 143.617104
v 28.833392 -67.205015 151.646967
v 23.542366 -67.205015 158.542366
v 16.646967 -67.205015 163.833392
v 8.617104 -67.205015 167.159470
v 0.000000 -67.205015 168.293934
v -8.617104 -67.205015 167.159470
v -16.646967 -67.205015 163.833392
v -23.542366 -67.205015 158.542366
v -28.833392 -67.205015 151.646967
v -32.159470 -67.205015 143.617104
v -19.663431 -69.431168 114.563209
v -20.350376 -71.856754 128.110213
v -20.350376 -71.856754 141.889787
v -19.663431 -69.431168 155.436791
v -6.629067 -71.856754 114.563209
v -6.860654 -74.367078 128.110213
v -6.860654 -74.367078 141.889787
v -6.629067 -71.856754 155.436791
v 6.629067 -71.856754 114.563209
v 6.860654 -74.367078 128.110213
v 6.860654 -74.367078 141.889787
v 6.629067 -71.856754 155.436791
v 19.663431 -69.431168 114.563209
v 20.350376 -71.856754 128.110213
v 20.350376 -71.856754 141.889787
v 19.663431 -69.431168 155.436791
v -33.293934 67.205015 135.000000
v -32.159470 67.205015 143.617104
v -28.833392 67.205015 151.646967
v -23.542366 67.205015 158.542366
v -16.646967 67.205015 163.833392
v -8.617104 67.205015 167.159470
v 0.000000 67.205015 168.293934
v 8.617104 67.205015 167.159470
v 16.646967 67.205015 163.833392
v 23.542366 67.205015 158.542366
v 28.833392 67.205015 151.646967
v 32.159470 67.205015 143.617104
v 33.293934 67.205015 135.000000
v 32.159470 67.205015 126.382896
v 28.833392 67.205015 118.353033
v 23.542366 67.205015 111.457634
v 16.646967 67.205015 106.166608
v 8.617104 67.205015 102.840530
v 0.000000 67.205015 101.706066
v -8.617104 67.205015 102.840530
v -16.646967 67.205015 106.166608
v -23.542366 67.205015 111.457634
v -28.833392 67.205015 118.353033
v -32.159470 67.205015 126.382896
v -19.663431 69.431168 155.436791
v -20.350376 71.856754 141.889787
v -20.350376 71.856754 128.110213
v -19.663431 69.431168 114.563209
v -6.629067 71.856754 155.436791
v -6.860654 74.367078 141.889787
v -6.860654 74.367078 128.110213
v -6.629067 71.856754 114.563209
v 6.629067 71.856754 155.436791
v 6.860654 74.367078 141.889787
v 6.860654 74.367078 128.110213
v 6.629067 71.856754 114.563209
v 19.663431 69.431168 155.436791
v 20.350376 71.856754 141.889787
v 20.350376 71.856754 128.110213
v 19.663431 69.431168 114.563209
v -74.500000 8.999997 135.007289
v -76.274352 10.586347 135.008574
v -78.326891 11.791303 135.009550
v -80.576871 12.567462 135.010179
v -80.576871 12.567465 135.005089
v -80.576871 12.567466 135.000000
v -80.576871 12.323689 132.548161
v -80.576871 11.610595 130.190091
v -80.576871 10.446779 128.017901
v -80.576871 8.885685 126.112618
v -80.576871 6.978811 124.551018
v -80.576871 4.807671 123.388500
v -80.576871 2.447961 122.675524
v -80.576871 -0.002452 122.432573
v -80.576871 -2.455723 122.677057
v -80.576871 -4.812198 123.390416
v -80.576871 -6.985405 124.555387
v -80.576871 -8.889133 126.116173
v -80.576871 -10.451214 128.024445
v -80.576871 -11.612411 130.194767
v -80.576871 -12.325301 132.555895
v -80.576871 -12.567319 135.005101
v -80.576871 -12.322240 137.459597
v -80.576871 -11.608439 139.814643
v -80.576871 -10.442493 141.988715
v -80.576871 -8.881790 143.890977
v -80.576871 -6.972341 145.453464
v -80.576871 -4.802598 146.613341
v -80.576871 -2.440286 147.326158
v -80.576871 0.007936 147.567158
v -80.576871 2.463445 147.321582
v -80.576871 4.817342 146.607337
v -80.576871 6.993079 145.441964
v -80.576871 8.894893 143.878461
v -80.576871 10.456642 141.971161
v -80.576871 11.614289 139.800552
v -80.576871 12.325954 137.450531
v -74.500000 8.691443 137.336412
v -74.500000 7.790581 139.506311
v -74.500000 6.358805 141.369113
v -74.500000 4.493686 142.797871
v -74.500000 2.322330 143.695216
v -74.500000 -0.007289 143.999997
v -74.500000 -2.336412 143.691443
v -74.500000 -4.506311 142.790581
v -74.500000 -6.369113 141.358805
v -74.500000 -7.797871 139.493686
v -74.500000 -8.695216 137.322330
v -74.500000 -8.999997 134.992711
v -74.500000 -8.691443 132.663588
v -74.500000 -7.790581 130.493689
v -74.500000 -6.358805 128.630887
v -74.500000 -4.493686 127.202129
v -74.500000 -2.322330 126.304784
v -74.500000 0.007289 126.000003
v -74.500000 2.336412 126.308557
v -74.500000 4.506311 127.209419
v -74.500000 6.369113 128.641195
v -74.500000 7.797871 130.506314
v -74.500000 8.695216 132.677670
v -78.544438 11.888863 135.000000
v -76.665050 10.724246 133.302219
v -76.665050 10.859600 135.000000
v -76.665050 9.684155 139.913526
v -78.544438 9.630279 141.971524
v -76.665050 8.796550 141.367974
v -76.665050 3.373137 145.322235
v -78.544438 1.876910 146.737625
v -76.665050 1.714419 145.721455
v -76.665050 -4.915818 144.682957
v -78.544438 -6.975079 144.625119
v -76.665050 -6.371220 143.791836
v -76.665050 -10.323555 138.368578
v -78.544438 -11.738609 136.870815
v -76.665050 -10.722354 136.708852
v -76.665050 -9.680619 130.079965
v -76.665050 -3.363870 124.675107
v -76.665050 4.924367 125.321805
v -76.665050 10.326256 131.640973
v -78.544438 11.740680 133.141305
v -78.544438 11.304969 131.322607
v -78.544438 10.592756 129.604043
v -76.665050 9.675702 130.071191
v -78.544438 9.614464 128.009878
v -76.665050 8.782104 128.615039
v -76.665050 7.682329 127.324547
v -78.544438 8.408170 126.594791
v -78.544438 6.985111 125.382031
v -76.665050 6.380384 126.214695
v -78.544438 5.391094 124.404514
v -78.544438 3.671962 123.693505
v -76.665050 3.354066 124.672350
v -78.544438 1.852700 123.258243
v -76.665050 1.692305 124.274770
v -76.665050 0.004430 124.140432
v -78.544438 0.001265 123.111173
v -78.544438 -1.864738 123.260372
v -76.665050 -1.703301 124.276715
v -78.544438 -3.682694 123.696523
v -78.544438 -5.400931 124.410034
v -76.665050 -4.933352 125.326846
v -78.544438 -6.995110 125.388984
v -76.665050 -6.389517 126.221045
v -76.665050 -7.676033 127.318338
v -78.544438 -8.406355 126.593074
v -78.544438 -9.621523 128.019908
v -76.665050 -8.788552 128.624200
v -78.544438 -10.598139 129.613649
v -78.544438 -11.308059 131.333583
v -76.665050 -10.329079 131.650999
v -78.544438 -11.742855 133.153232
v -76.665050 -10.726232 133.313114
v -76.665050 -10.859469 135.007053
v -78.544438 -11.888722 135.006273
v -78.544438 -11.302012 138.687848
v -78.544438 -10.587131 140.406008
v -76.665050 -9.670563 139.937990
v -78.544438 -9.607629 142.000059
v -76.665050 -8.775861 141.394038
v -76.665050 -7.672449 142.685066
v -78.544438 -8.400919 143.412171
v -78.544438 -5.381734 145.600699
v -78.544438 -3.660775 146.309666
v -76.665050 -3.343848 145.330546
v -78.544438 -1.840914 146.743965
v -76.665050 -1.681539 145.727247
v -76.665050 0.010829 145.859326
v -78.544438 0.009681 146.888568
v -78.544438 3.692840 146.300567
v -78.544438 5.411756 145.585129
v -76.665050 4.943241 144.668735
v -78.544438 7.005770 144.605428
v -76.665050 6.399254 143.773851
v -76.665050 7.689924 142.668096
v -78.544438 8.417417 143.396226
v -78.544438 10.602010 140.379225
v -78.544438 11.311634 138.659492
v -76.665050 10.332344 138.342676
v -78.544438 11.743553 136.851049
v -76.665050 10.726870 136.690796
v -80.500000 4.500000 135.000000
v -80.500000 4.346666 136.164686
v -80.500000 3.897114 137.250000
v -80.500000 3.181981 138.181981
v -80.500000 2.250000 138.897114
v -80.500000 1.164686 139.346666
v -80.500000 0.000000 139.500000
v -80.500000 -1.164686 139.346666
v -80.500000 -2.250000 138.897114
v -80.500000 -3.181981 138.181981
v -80.500000 -3.897114 137.250000
v -80.500000 -4.346666 136.164686
v -80.500000 -4.500000 135.000000
v -80.500000 -4.346666 133.835314
v -80.500000 -3.897114 132.750000
v -80.500000 -3.181981 131.818019
v -80.500000 -2.250000 131.102886
v -80.500000 -1.164686 130.653334
v -80.500000 -0.000000 130.500000
v -80.500000 1.164686 130.653334
v -80.500000 2.250000 131.102886
v -80.500000 3.181981 131.818019
v -80.500000 3.897114 132.750000
v -80.500000 4.346666 133.835314
v -76.050828 8.699785 135.000000
v -77.494856 8.059490 135.000000
v -78.758550 7.111718 135.000000
v -79.777562 5.904734 135.000000
v -79.777562 5.703288 136.529182
v -78.758550 6.868796 136.842874
v -77.494856 7.783855 137.089732
v -76.050828 8.401887 137.257115
v -76.050828 7.537052 130.654990
v -77.494856 6.981680 130.973648
v -78.758550 6.160080 131.446136
v -79.777562 5.114128 132.048461
v -79.777562 5.703783 133.472666
v -78.758550 6.869988 133.161577
v -77.494856 7.785882 132.917834
v -76.050828 8.404804 132.753775
v -76.050828 6.155662 128.852310
v -77.494856 5.701689 129.303850
v -78.758550 5.030373 129.972885
v -79.777562 4.175954 130.825399
v -76.050828 4.354773 127.468585
v -77.494856 4.033136 128.022236
v -78.758550 3.557854 128.842224
v -79.777562 2.953195 129.886828
v -76.050828 2.257115 126.598113
v -77.494856 2.089732 127.216145
v -78.758550 1.842874 128.131204
v -79.777562 1.529182 129.296712
v -76.050828 0.005637 126.300217
v -77.494856 0.003917 126.940511
v -78.758550 0.002304 127.888282
v -79.777562 0.000956 129.095266
v -76.050828 -2.246225 126.595196
v -77.494856 -2.082166 127.214118
v -78.758550 -1.838423 128.130012
v -79.777562 -1.527334 129.296217
v -76.050828 -4.345010 127.462948
v -77.494856 -4.026352 128.018320
v -78.758550 -3.553864 128.839920
v -79.777562 -2.951539 129.885872
v -76.050828 -6.147690 128.844338
v -77.494856 -5.696150 129.298311
v -78.758550 -5.027115 129.969627
v -79.777562 -4.174601 130.824046
v -76.050828 -7.531415 130.645227
v -77.494856 -6.977764 130.966864
v -78.758550 -6.157776 131.442146
v -79.777562 -5.113172 132.046805
v -76.050828 -8.401887 132.742885
v -77.494856 -7.783855 132.910268
v -78.758550 -6.868796 133.157126
v -79.777562 -5.703288 133.470818
v -76.050828 -8.699783 134.994363
v -77.494856 -8.059489 134.996083
v -78.758550 -7.111718 134.997696
v -79.777562 -5.904734 134.999044
v -76.050828 -8.404804 137.246225
v -77.494856 -7.785882 137.082166
v -78.758550 -6.869988 136.838423
v -79.777562 -5.703783 136.527334
v -76.050828 -7.537052 139.345010
v -77.494856 -6.981680 139.026352
v -78.758550 -6.160080 138.553864
v -79.777562 -5.114128 137.951539
v -76.050828 -6.155662 141.147690
v -77.494856 -5.701689 140.696150
v -78.758550 -5.030373 140.027115
v -79.777562 -4.175954 139.174601
v -76.050828 -4.354773 142.531415
v -77.494856 -4.033136 141.977764
v -78.758550 -3.557854 141.157776
v -79.777562 -2.953195 140.113172
v -76.050828 -2.257115 143.401887
v -77.494856 -2.089732 142.783855
v -78.758550 -1.842874 141.868796
v -79.777562 -1.529182 140.703288
v -76.050828 -0.005637 143.699783
v -77.494856 -0.003917 143.059489
v -78.758550 -0.002304 142.111718
v -79.777562 -0.000956 140.904734
v -76.050828 2.246225 143.404804
v -77.494856 2.082166 142.785882
v -78.758550 1.838423 141.869988
v -79.777562 1.527334 140.703783
v -76.050828 4.345010 142.537052
v -77.494856 4.026352 141.981680
v -78.758550 3.553864 141.160080
v -79.777562 2.951539 140.114128
v -76.050828 6.147690 141.155662
v -77.494856 5.696150 140.701689
v -78.758550 5.027115 140.030373
v -79.777562 4.174601 139.175954
v -76.050828 7.531415 139.354773
v -77.494856 6.977764 139.033136
v -78.758550 6.157776 138.557854
v -79.777562 5.113172 137.953195
v -81.500000 -4.000000 135.000000
v -81.500000 -3.863703 136.035276
v -81.500000 -3.464102 137.000000
v -81.500000 -2.828427 137.828427
v -81.500000 -2.000000 138.464102
v -81.500000 -1.035276 138.863703
v -81.500000 0.000000 139.000000
v -81.500000 1.035276 138.863703
v -81.500000 2.000000 138.464102
v -81.500000 2.828427 137.828427
v -81.500000 3.464102 137.000000
v -81.500000 3.863703 136.035276
v -81.500000 4.000000 135.000000
v -81.500000 3.863703 133.964724
v -81.500000 3.464102 133.000000
v -81.500000 2.828427 132.171573
v -81.500000 2.000000 131.535898
v -81.500000 1.035276 131.136297
v -81.500000 0.000000 131.000000
v -81.500000 -1.035276 131.136297
v -81.500000 -2.000000 131.535898
v -81.500000 -2.828427 132.171573
v -81.500000 -3.464102 133.000000
v -81.500000 -3.863703 133.964724
v -81.500000 -4.500000 135.000000
v -81.500000 -4.346666 133.835314
v -81.500000 -3.897114 132.750000
v -81.500000 -3.181981 131.818019
v -81.500000 -2.250000 131.102886
v -81.500000 -1.164686 130.653334
v -81.500000 0.000000 130.500000
v -81.500000 1.164686 130.653334
v -81.500000 2.250000 131.102886
v -81.500000 3.181981 131.818019
v -81.500000 3.897114 132.750000
v -81.500000 4.346666 133.835314
v -81.500000 4.500000 135.000000
v -81.500000 4.346666 136.164686
v -81.500000 3.897114 137.250000
v -81.500000 3.181981 138.181981
v -81.500000 2.250000 138.897114
v -81.500000 1.164686 139.346666
v -81.500000 0.000000 139.500000
v -81.500000 -1.164686 139.346666
v -81.500000 -2.250000 138.897114
v -81.500000 -3.181981 138.181981
v -81.500000 -3.897114 137.250000
v -81.500000 -4.346666 136.164686
v -80.000000 -17.500000 135.000000
v -80.000000 -16.903702 139.529333
v -80.000000 -15.155445 143.750000
v -80.000000 -12.374369 147.374369
v -80.000000 -8.750000 150.155445
v -80.000000 -4.529333 151.903702
v -80.000000 0.000000 152.500000
v -80.000000 4.529333 151.903702
v -80.000000 8.750000 150.155445
v -80.000000 12.374369 147.374369
v -80.000000 15.155445 143.750000
v -80.000000 16.903702 139.529333
v -80.000000 17.500000 135.000000
v -80.000000 16.903702 130.470667
v -80.000000 15.155445 126.250000
v -80.000000 12.374369 122.625631
v -80.000000 8.750000 119.844555
v -80.000000 4.529333 118.096298
v -80.000000 0.000000 117.500000
v -80.000000 -4.529333 118.096298
v -80.000000 -8.750000 119.844555
v -80.000000 -12.374369 122.625631
v -80.000000 -15.155445 126.250000
v -80.000000 -16.903702 130.470667
v -80.600114 -0.000000 152.426904
v -81.165135 -0.000000 152.211891
v -81.662023 -0.000000 151.867533
v -82.061721 -0.000000 151.413969
v -82.340856 -0.000000 150.877720
v -82.483106 -0.000000 150.290144
v -82.480152 -0.000000 149.685602
v -82.332167 -0.000000 149.099446
v -82.047804 -0.000000 148.565950
v -81.643692 -0.000000 148.116313
v -81.143463 0.000000 147.776828
v -80.600114 -16.833097 139.510415
v -81.165135 -16.625410 139.454765
v -81.662023 -16.292786 139.365639
v -82.061721 -15.854676 139.248248
v -82.340856 -15.336699 139.109456
v -82.483106 -14.769145 138.957381
v -82.480152 -14.185203 138.800914
v -82.332167 -13.619019 138.649205
v -82.047804 -13.103702 138.511126
v -81.643692 -12.669386 138.394752
v -81.143463 -12.341468 138.306886
v -81.143463 -12.776827 135.004754
v -81.643692 -13.116312 135.004437
v -82.047804 -13.565950 135.004130
v -82.332167 -14.099445 135.003816
v -82.480152 -14.685602 135.003477
v -82.483106 -15.290144 135.003103
v -82.340856 -15.877719 135.002685
v -82.061721 -16.413968 135.002221
v -81.662023 -16.867533 135.001712
v -81.165135 -17.211891 135.001164
v -80.600114 -17.426904 135.000590
v -80.600114 -15.092142 143.713452
v -81.165135 -14.905935 143.605945
v -81.662023 -14.607712 143.433767
v -82.061721 -14.214914 143.206984
v -82.340856 -13.750508 142.938860
v -82.483106 -13.241653 142.645072
v -82.480152 -12.718105 142.342801
v -82.332167 -12.210478 142.049723
v -82.047804 -11.748457 141.782975
v -81.643692 -11.359060 141.558157
v -81.143463 -11.065058 141.388414
v -80.600114 -12.322151 147.323213
v -81.165135 -12.169596 147.171693
v -81.662023 -11.925606 146.928688
v -82.061721 -11.604428 146.608428
v -82.340856 -11.224825 146.229661
v -82.483106 -10.808970 145.814559
v -82.480152 -10.381157 145.387420
v -82.332167 -9.966377 144.973249
v -82.047804 -9.588855 144.596294
v -81.643692 -9.270638 144.278629
v -81.143463 -9.030300 144.038862
v -80.600114 -8.713452 150.092142
v -81.165135 -8.605945 149.905935
v -81.662023 -8.433767 149.607712
v -82.061721 -8.206984 149.214914
v -82.340856 -7.938860 148.750508
v -82.483106 -7.645072 148.241653
v -82.480152 -7.342801 147.718105
v -82.332167 -7.049723 147.210478
v -82.047804 -6.782975 146.748457
v -81.643692 -6.558157 146.359060
v -81.143463 -6.388414 146.065058
v -80.600114 -4.510415 151.833097
v -81.165135 -4.454765 151.625410
v -81.662023 -4.365639 151.292786
v -82.061721 -4.248248 150.854676
v -82.340856 -4.109456 150.336699
v -82.483106 -3.957381 149.769145
v -82.480152 -3.800914 149.185203
v -82.332167 -3.649205 148.619019
v -82.047804 -3.511126 148.103702
v -81.643692 -3.394752 147.669386
v -81.143463 -3.306886 147.341468
v -80.600114 4.510415 151.833097
v -81.165135 4.454765 151.625410
v -81.662023 4.365639 151.292786
v -82.061721 4.248248 150.854676
v -82.340856 4.109456 150.336699
v -82.483106 3.957381 149.769145
v -82.480152 3.800914 149.185203
v -82.332167 3.649205 148.619019
v -82.047804 3.511126 148.103702
v -81.643692 3.394752 147.669386
v -81.143463 3.306886 147.341468
v -80.600114 8.713452 150.092142
v -81.165135 8.605945 149.905935
v -81.662023 8.433767 149.607712
v -82.061721 8.206984 149.214914
v -82.340856 7.938860 148.750508
v -82.483106 7.645072 148.241653
v -82.480152 7.342801 147.718105
v -82.332167 7.049723 147.210478
v -82.047804 6.782975 146.748457
v -81.643692 6.558157 146.359060
v -81.143463 6.388414 146.065058
v -80.600114 12.323631 147.321733
v -81.165135 12.172520 147.168769
v -81.662023 11.929904 146.924390
v -82.061721 11.610005 146.602851
v -82.340856 11.231568 146.222917
v -82.483106 10.816762 145.806765
v -82.480152 10.389888 145.378687
v -82.332167 9.975957 144.963666
v -82.047804 9.599225 144.585921
v -81.643692 9.281777 144.267485
v -81.143463 9.042236 144.026921
v -80.600114 15.092142 143.713452
v -81.165135 14.905935 143.605945
v -81.662023 14.607712 143.433767
v -82.061721 14.214914 143.206984
v -82.340856 13.750508 142.938860
v -82.483106 13.241653 142.645072
v -82.480152 12.718105 142.342801
v -82.332167 12.210478 142.049723
v -82.047804 11.748457 141.782975
v -81.643692 11.359060 141.558157
v -81.143463 11.065058 141.388414
v -80.600114 16.833097 139.510415
v -81.165135 16.625410 139.454765
v -81.662023 16.292786 139.365639
v -82.061721 15.854676 139.248248
v -82.340856 15.336699 139.109456
v -82.483106 14.769145 138.957381
v -82.480152 14.185203 138.800914
v -82.332167 13.619019 138.649205
v -82.047804 13.103702 138.511126
v -81.643692 12.669386 138.394752
v -81.143463 12.341468 138.306886
v -80.600114 17.426904 135.000000
v -81.165135 17.211891 135.000000
v -81.662023 16.867533 135.000000
v -82.061721 16.413969 135.000000
v -82.340856 15.877720 135.000000
v -82.483106 15.290144 135.000000
v -82.480152 14.685602 135.000000
v -82.332167 14.099446 135.000000
v -82.047804 13.565950 135.000000
v -81.643692 13.116313 135.000000
v -81.143463 12.776828 135.000000
v -80.600114 16.833097 130.489585
v -81.165135 16.625410 130.545235
v -81.662023 16.292786 130.634361
v -82.061721 15.854676 130.751752
v -82.340856 15.336699 130.890544
v -82.483106 14.769145 131.042619
v -82.480152 14.185203 131.199086
v -82.332167 13.619019 131.350795
v -82.047804 13.103702 131.488874
v -81.643692 12.669386 131.605248
v -81.143463 12.341468 131.693114
v -80.600114 15.092142 126.286548
v -81.165135 14.905935 126.394055
v -81.662023 14.607712 126.566233
v -82.061721 14.214914 126.793016
v -82.340856 13.750508 127.061140
v -82.483106 13.241653 127.354928
v -82.480152 12.718105 127.657199
v -82.332167 12.210478 127.950277
v -82.047804 11.748457 128.217025
v -81.643692 11.359060 128.441843
v -81.143463 11.065058 128.611586
v -80.600114 12.322584 122.677220
v -81.165135 12.170451 122.829162
v -81.662023 11.926862 123.072568
v -82.061721 11.606059 123.393202
v -82.340856 11.226796 123.772310
v -82.483106 10.811248 124.187719
v -82.480152 10.383710 124.615132
v -82.332167 9.969179 125.029552
v -82.047804 9.591888 125.406737
v -81.643692 9.273896 125.724628
v -81.143463 9.033791 125.964627
v -80.600114 8.713452 119.907858
v -81.165135 8.605945 120.094065
v -81.662023 8.433767 120.392288
v -82.061721 8.206984 120.785086
v -82.340856 7.938860 121.249492
v -82.483106 7.645072 121.758347
v -82.480152 7.342801 122.281895
v -82.332167 7.049723 122.789522
v -82.047804 6.782975 123.251543
v -81.643692 6.558157 123.640940
v -81.143463 6.388414 123.934942
v -80.600114 4.510415 118.166903
v -81.165135 4.454765 118.374590
v -81.662023 4.365639 118.707214
v -82.061721 4.248248 119.145324
v -82.340856 4.109456 119.663301
v -82.483106 3.957381 120.230855
v -82.480152 3.800914 120.814797
v -82.332167 3.649205 121.380981
v -82.047804 3.511126 121.896298
v -81.643692 3.394752 122.330614
v -81.143463 3.306886 122.658532
v -80.600114 -0.000283 117.573096
v -81.165135 -0.000560 117.788109
v -81.662023 -0.000823 118.132467
v -82.061721 -0.001067 118.586032
v -82.340856 -0.001291 119.122281
v -82.483106 -0.001492 119.709856
v -82.480152 -0.001671 120.314398
v -82.332167 -0.001834 120.900555
v -82.047804 -0.001985 121.434050
v -81.643692 -0.002132 121.883687
v -81.143463 -0.002285 122.223172
v -80.600114 -4.510415 118.166903
v -81.165135 -4.454765 118.374590
v -81.662023 -4.365639 118.707214
v -82.061721 -4.248248 119.145324
v -82.340856 -4.109456 119.663301
v -82.483106 -3.957381 120.230855
v -82.480152 -3.800914 120.814797
v -82.332167 -3.649205 121.380981
v -82.047804 -3.511126 121.896298
v -81.643692 -3.394752 122.330614
v -81.143463 -3.306886 122.658532
v -80.600114 -8.713452 119.907858
v -81.165135 -8.605945 120.094065
v -81.662023 -8.433767 120.392288
v -82.061721 -8.206984 120.785086
v -82.340856 -7.938860 121.249492
v -82.483106 -7.645072 121.758347
v -82.480152 -7.342801 122.281895
v -82.332167 -7.049723 122.789522
v -82.047804 -6.782975 123.251543
v -81.643692 -6.558157 123.640940
v -81.143463 -6.388414 123.934942
v -80.600114 -12.322989 122.677625
v -81.165135 -12.171250 122.829961
v -81.662023 -11.928037 123.073743
v -82.061721 -11.607584 123.394727
v -82.340856 -11.228640 123.774154
v -82.483106 -10.813379 124.189850
v -82.480152 -10.386098 124.617520
v -82.332167 -9.971798 125.032171
v -82.047804 -9.594723 125.409573
v -81.643692 -9.276942 125.727674
v -81.143463 -9.037054 125.967891
v -80.600114 -15.092142 126.286548
v -81.165135 -14.905935 126.394055
v -81.662023 -14.607712 126.566233
v -82.061721 -14.214914 126.793016
v -82.340856 -13.750508 127.061140
v -82.483106 -13.241653 127.354928
v -82.480152 -12.718105 127.657199
v -82.332167 -12.210478 127.950277
v -82.047804 -11.748457 128.217025
v -81.643692 -11.359060 128.441843
v -81.143463 -11.065058 128.611586
v -80.600114 -16.833097 130.489585
v -81.165135 -16.625410 130.545235
v -81.662023 -16.292786 130.634361
v -82.061721 -15.854676 130.751752
v -82.340856 -15.336699 130.890544
v -82.483106 -14.769145 131.042619
v -82.480152 -14.185203 131.199086
v -82.332167 -13.619019 131.350795
v -82.047804 -13.103702 131.488874
v -81.643692 -12.669386 131.605248
v -81.143463 -12.341468 131.693114
v -73.500000 -17.500000 135.000000
v -73.500000 -16.903702 139.529333
v -73.500000 -15.155445 143.750000
v -73.500000 -12.374369 147.374369
v -73.500000 -8.750000 150.155445
v -73.500000 -4.529333 151.903702
v -73.500000 0.000000 152.500000
v -73.500000 4.529333 151.903702
v -73.500000 8.750000 150.155445
v -73.500000 12.374369 147.374369
v -73.500000 15.155445 143.750000
v -73.500000 16.903702 139.529333
v -73.500000 17.500000 135.000000
v -73.500000 16.903702 130.470667
v -73.500000 15.155445 126.250000
v -73.500000 12.374369 122.625631
v -73.500000 8.750000 119.844555
v -73.500000 4.529333 118.096298
v -73.500000 0.000000 117.500000
v -73.500000 -4.529333 118.096298
v -73.500000 -8.750000 119.844555
v -73.500000 -12.374369 122.625631
v -73.500000 -15.155445 126.250000
v -73.500000 -16.903702 130.470667
v -73.371987 17.674787 135.000000
v -73.209333 17.817901 135.000000
v -73.019674 17.922625 135.000000
v -73.371987 -17.072533 130.425428
v -73.209333 -17.210771 130.388388
v -73.019674 -17.311926 130.361283
v -73.019674 -17.922625 135.000000
v -73.209333 -17.817901 135.000000
v -73.371987 -17.674787 135.000000
v -73.371987 -15.306815 126.162606
v -73.209333 -15.430755 126.091049
v -73.019674 -15.521448 126.038688
v -73.371987 -12.497962 122.502038
v -73.209333 -12.599159 122.400841
v -73.019674 -12.673209 122.326791
v -73.371987 -8.837394 119.693185
v -73.209333 -8.908951 119.569245
v -73.019674 -8.961312 119.478552
v -73.371987 -4.574572 117.927467
v -73.209333 -4.611612 117.789229
v -73.019674 -4.638717 117.688074
v -73.371987 0.000000 117.325213
v -73.209333 0.000000 117.182099
v -73.019674 -0.000000 117.077375
v -73.371987 4.574572 117.927467
v -73.209333 4.611612 117.789229
v -73.019674 4.638717 117.688074
v -73.371987 8.837394 119.693185
v -73.209333 8.908951 119.569245
v -73.019674 8.961312 119.478552
v -73.371987 12.497962 122.502038
v -73.209333 12.599159 122.400841
v -73.019674 12.673209 122.326791
v -73.371987 15.306815 126.162606
v -73.209333 15.430755 126.091049
v -73.019674 15.521448 126.038688
v -73.371987 17.072533 130.425428
v -73.209333 17.210771 130.388388
v -73.019674 17.311926 130.361283
v -73.371987 17.072533 139.574572
v -73.209333 17.210771 139.611612
v -73.019674 17.311926 139.638717
v -73.371987 15.306815 143.837394
v -73.209333 15.430755 143.908951
v -73.019674 15.521448 143.961312
v -73.371987 12.497962 147.497962
v -73.209333 12.599159 147.599159
v -73.019674 12.673209 147.673209
v -73.371987 8.837394 150.306815
v -73.209333 8.908951 150.430755
v -73.019674 8.961312 150.521448
v -73.371987 4.574572 152.072533
v -73.209333 4.611612 152.210771
v -73.019674 4.638717 152.311926
v -73.371987 0.000000 152.674787
v -73.209333 0.000000 152.817901
v -73.019674 0.000000 152.922625
v -73.371987 -4.574572 152.072533
v -73.209333 -4.611612 152.210771
v -73.019674 -4.638717 152.311926
v -73.371987 -8.837394 150.306815
v -73.209333 -8.908951 150.430755
v -73.019674 -8.961312 150.521448
v -73.371987 -12.497962 147.497962
v -73.209333 -12.599159 147.599159
v -73.019674 -12.673209 147.673209
v -73.371987 -15.306815 143.837394
v -73.209333 -15.430755 143.908951
v -73.019674 -15.521448 143.961312
v -73.371987 -17.072533 139.574572
v -73.209333 -17.210771 139.611612
v -73.019674 -17.311926 139.638717
v -61.846816 -113.982145 135.000000
v -60.296187 -113.982145 148.762211
v -55.722056 -113.982145 161.834328
v -48.353788 -113.982145 173.560859
v -38.560859 -113.982145 183.353788
v -26.834328 -113.982145 190.722056
v -13.762211 -113.982145 195.296187
v 0.000000 -113.982145 196.846816
v 13.762211 -113.982145 195.296187
v 26.834328 -113.982145 190.722056
v 38.560859 -113.982145 183.353788
v 48.353788 -113.982145 173.560859
v 55.722056 -113.982145 161.834328
v 60.296187 -113.982145 148.762211
v 61.846816 -113.982145 135.000000
v 60.296187 -113.982145 121.237789
v 55.722056 -113.982145 108.165672
v 48.353788 -113.982145 96.439141
v 38.560859 -113.982145 86.646212
v 26.834328 -113.982145 79.277944
v 13.762211 -113.982145 74.703813
v 0.000000 -113.982145 73.153184
v -13.762211 -113.982145 74.703813
v -26.834328 -113.982145 79.277944
v -38.560859 -113.982145 86.646212
v -48.353788 -113.982145 96.439141
v -55.722056 -113.982145 108.165672
v -60.296187 -113.982145 121.237789
v -63.660612 -115.000000 135.000000
v -62.172262 -115.000000 121.314850
v -57.776806 -115.000000 108.269603
v -50.679772 -115.000000 96.474239
v -41.213007 -115.000000 86.480297
v -29.819168 -115.000000 78.755083
v -17.031018 -115.000000 73.659818
v -3.446516 -115.000000 71.432752
v 10.299141 -115.000000 72.178020
v 23.563221 -115.000000 75.860774
v 35.725512 -115.000000 82.308812
v 46.217317 -115.000000 91.220632
v 54.548052 -115.000000 102.179526
v 60.328181 -115.000000 114.673069
v 63.287430 -115.000000 128.117077
v 63.287430 -115.000000 141.882923
v 60.328181 -115.000000 155.326931
v 54.548052 -115.000000 167.820474
v 46.217317 -115.000000 178.779368
v 35.725512 -115.000000 187.691188
v 23.563221 -115.000000 194.139226
v 10.299141 -115.000000 197.821980
v -3.446516 -115.000000 198.567248
v -17.031018 -115.000000 196.340182
v -29.819168 -115.000000 191.244917
v -41.213007 -115.000000 183.519703
v -50.679772 -115.000000 173.525761
v -57.776806 -115.000000 161.730397
v -62.172262 -115.000000 148.685150
v 0.000000 -114.404885 72.814203
v 0.000000 -114.728147 72.379326
v -0.000000 -114.930914 71.876830
v -61.366594 -114.404885 145.060542
v -61.795742 -114.728147 145.130898
v -62.291618 -114.930914 145.212192
v -63.030594 -114.930914 131.582580
v -62.528835 -114.728147 131.609785
v -62.094596 -114.404885 131.633329
v -57.769158 -114.404885 158.017336
v -58.173148 -114.728147 158.178301
v -58.639955 -114.930914 158.364294
v -51.470500 -114.404885 169.897865
v -51.830443 -114.728147 170.141912
v -52.246353 -114.930914 170.423907
v -42.765139 -114.404885 180.146608
v -43.064204 -114.728147 180.462327
v -43.409770 -114.930914 180.827137
v -32.060128 -114.404885 188.284347
v -32.284330 -114.728147 188.656974
v -32.543394 -114.930914 189.087541
v -19.856020 -114.404885 193.930568
v -19.994877 -114.728147 194.342680
v -20.155325 -114.930914 194.818872
v -6.723467 -114.404885 196.821261
v -6.770486 -114.728147 197.253589
v -6.824815 -114.930914 197.753139
v 6.723467 -114.404885 196.821261
v 6.770486 -114.728147 197.253589
v 6.824815 -114.930914 197.753139
v 19.856020 -114.404885 193.930568
v 19.994877 -114.728147 194.342680
v 20.155325 -114.930914 194.818872
v 32.060128 -114.404885 188.284347
v 32.284330 -114.728147 188.656974
v 32.543394 -114.930914 189.087541
v 42.765139 -114.404885 180.146608
v 43.064204 -114.728147 180.462327
v 43.409770 -114.930914 180.827137
v 51.470500 -114.404885 169.897865
v 51.830443 -114.728147 170.141912
v 52.246353 -114.930914 170.423907
v 57.769158 -114.404885 158.017336
v 58.173148 -114.728147 158.178301
v 58.639955 -114.930914 158.364294
v 61.366594 -114.404885 145.060542
v 61.795742 -114.728147 145.130898
v 62.291618 -114.930914 145.212192
v 62.094596 -114.404885 131.633329
v 62.528835 -114.728147 131.609785
v 63.030594 -114.930914 131.582580
v 59.919124 -114.404885 118.363537
v 60.338150 -114.728147 118.247195
v 60.822330 -114.930914 118.112763
v 54.941901 -114.404885 105.871648
v 55.326120 -114.728147 105.667948
v 55.770081 -114.930914 105.432574
v 47.395655 -114.404885 94.741768
v 47.727102 -114.728147 94.460235
v 48.110085 -114.930914 94.134926
v 37.633241 -114.404885 85.494318
v 37.896417 -114.728147 85.148116
v 38.200515 -114.930914 84.748082
v 26.111139 -114.404885 78.561699
v 26.293739 -114.728147 78.167016
v 26.504731 -114.930914 77.710963
v 13.368108 -114.404885 74.268072
v 13.461594 -114.728147 73.843363
v 13.569616 -114.930914 73.352615
v -13.368108 -114.404885 74.268072
v -13.461594 -114.728147 73.843363
v -13.569616 -114.930914 73.352615
v -26.111139 -114.404885 78.561699
v -26.293739 -114.728147 78.167016
v -26.504731 -114.930914 77.710963
v -37.633241 -114.404885 85.494318
v -37.896417 -114.728147 85.148116
v -38.200515 -114.930914 84.748082
v -47.395655 -114.404885 94.741768
v -47.727102 -114.728147 94.460235
v -48.110085 -114.930914 94.134926
v -54.941901 -114.404885 105.871648
v -55.326120 -114.728147 105.667948
v -55.770081 -114.930914 105.432574
v -59.919124 -114.404885 118.363537
v -60.338150 -114.728147 118.247195
v -60.822330 -114.930914 118.112763
v -63.713295 -115.000000 135.000000
v -62.223713 -115.000000 121.303525
v -57.824620 -115.000000 108.247482
v -50.721712 -115.000000 96.442357
v -41.247113 -115.000000 86.440144
v -29.843845 -115.000000 78.708537
v -17.045112 -115.000000 73.609056
v -3.449368 -115.000000 71.380146
v 10.307664 -115.000000 72.126031
v 23.582721 -115.000000 75.811833
v 35.755077 -115.000000 82.265207
v 46.255565 -115.000000 91.184402
v 54.593194 -115.000000 102.152365
v 60.378106 -115.000000 114.656248
v 63.339804 -115.000000 128.111381
v 63.339804 -115.000000 141.888619
v 60.378106 -115.000000 155.343752
v 54.593194 -115.000000 167.847635
v 46.255565 -115.000000 178.815598
v 35.755077 -115.000000 187.734793
v 23.582721 -115.000000 194.188167
v 10.307664 -115.000000 197.873969
v -3.449368 -115.000000 198.619854
v -17.045112 -115.000000 196.390944
v -29.843845 -115.000000 191.291463
v -41.247113 -115.000000 183.559856
v -50.721712 -115.000000 173.557643
v -57.824620 -115.000000 161.752518
v -62.223713 -115.000000 148.696475
v -65.527090 -111.767855 135.000000
v -63.995103 -111.767855 120.913613
v -59.470776 -111.767855 107.485889
v -52.165662 -111.767855 95.344695
v -42.421339 -111.767855 85.057738
v -30.693442 -111.767855 77.106027
v -17.530354 -111.767855 71.861373
v -3.547565 -111.767855 69.569011
v 10.601103 -111.767855 70.336130
v 24.254076 -111.767855 74.126859
v 36.772955 -111.767855 80.763949
v 47.572372 -111.767855 89.937056
v 56.147357 -111.767855 101.217256
v 62.096955 -111.767855 114.077100
v 65.142967 -111.767855 127.915275
v 65.142967 -111.767855 142.084725
v 62.096955 -111.767855 155.922900
v 56.147357 -111.767855 168.782744
v 47.572372 -111.767855 180.062944
v 36.772955 -111.767855 189.236051
v 24.254076 -111.767855 195.873141
v 10.601103 -111.767855 199.663870
v -3.547565 -111.767855 200.430989
v -17.530354 -111.767855 198.138627
v -30.693442 -111.767855 192.893973
v -42.421339 -111.767855 184.942262
v -52.165662 -111.767855 174.655305
v -59.470776 -111.767855 162.514111
v -63.995103 -111.767855 149.086387
v 0.000000 -114.925903 70.730448
v 0.000000 -114.708779 70.212984
v 0.000000 -114.363771 69.770399
v 0.000000 -113.914938 69.433558
v 0.000000 -113.393581 69.225954
v 0.000000 -112.836060 69.162062
v -0.000000 -112.281254 69.246340
v -63.422898 -114.925903 145.397656
v -63.933546 -114.708779 145.481373
v -64.370301 -114.363771 145.552975
v -64.702704 -113.914938 145.607470
v -64.907574 -113.393581 145.641057
v -64.970623 -112.836060 145.651393
v -64.887455 -112.281254 145.637758
v -65.657226 -112.281254 131.440169
v -65.741381 -112.836060 131.435606
v -65.677583 -113.393581 131.439065
v -65.470283 -113.914938 131.450304
v -65.133937 -114.363771 131.468541
v -64.692001 -114.708779 131.492502
v -64.175295 -114.925903 131.520517
v -59.704917 -114.925903 158.788613
v -60.185630 -114.708779 158.980147
v -60.596781 -114.363771 159.143964
v -60.909698 -113.914938 159.268642
v -61.102558 -113.393581 159.345484
v -61.161911 -112.836060 159.369133
v -61.083619 -112.281254 159.337938
v -53.195201 -114.925903 171.067241
v -53.623501 -114.708779 171.357636
v -53.989824 -114.363771 171.606009
v -54.268622 -113.914938 171.795039
v -54.440455 -113.393581 171.911544
v -54.493337 -112.836060 171.947399
v -54.423581 -112.281254 171.900103
v -44.198136 -114.925903 181.659405
v -44.553996 -114.708779 182.035082
v -44.858362 -114.363771 182.356397
v -45.090007 -113.914938 182.600941
v -45.232776 -113.393581 182.751661
v -45.276714 -112.836060 182.798046
v -45.218756 -112.281254 182.736861
v -33.134415 -114.925903 190.069827
v -33.401196 -114.708779 190.513220
v -33.629373 -114.363771 190.892452
v -33.803032 -113.914938 191.181076
v -33.910063 -113.393581 191.358964
v -33.943003 -112.836060 191.413709
v -33.899553 -112.281254 191.341495
v -20.521366 -114.925903 195.905244
v -20.686593 -114.708779 196.395622
v -20.827912 -114.363771 196.815039
v -20.935465 -113.914938 197.134246
v -21.001754 -113.393581 197.330984
v -21.022154 -112.836060 197.391530
v -20.995244 -112.281254 197.311664
v -6.948761 -114.925903 198.892801
v -7.004709 -114.708779 199.407232
v -7.052560 -114.363771 199.847223
v -7.088979 -113.914938 200.182088
v -7.111425 -113.393581 200.388476
v -7.118333 -112.836060 200.451993
v -7.109221 -112.281254 200.368209
v 6.948761 -114.925903 198.892801
v 7.004709 -114.708779 199.407232
v 7.052560 -114.363771 199.847223
v 7.088979 -113.914938 200.182088
v 7.111425 -113.393581 200.388476
v 7.118333 -112.836060 200.451993
v 7.109221 -112.281254 200.368209
v 20.521366 -114.925903 195.905244
v 20.686593 -114.708779 196.395622
v 20.827912 -114.363771 196.815039
v 20.935465 -113.914938 197.134246
v 21.001754 -113.393581 197.330984
v 21.022154 -112.836060 197.391530
v 20.995244 -112.281254 197.311664
v 33.134415 -114.925903 190.069827
v 33.401196 -114.708779 190.513220
v 33.629373 -114.363771 190.892452
v 33.803032 -113.914938 191.181076
v 33.910063 -113.393581 191.358964
v 33.943003 -112.836060 191.413709
v 33.899553 -112.281254 191.341495
v 44.198136 -114.925903 181.659405
v 44.553996 -114.708779 182.035082
v 44.858362 -114.363771 182.356397
v 45.090007 -113.914938 182.600941
v 45.232776 -113.393581 182.751661
v 45.276714 -112.836060 182.798046
v 45.218756 -112.281254 182.736861
v 53.195201 -114.925903 171.067241
v 53.623501 -114.708779 171.357636
v 53.989824 -114.363771 171.606009
v 54.268622 -113.914938 171.795039
v 54.440455 -113.393581 171.911544
v 54.493337 -112.836060 171.947399
v 54.423581 -112.281254 171.900103
v 59.704917 -114.925903 158.788613
v 60.185630 -114.708779 158.980147
v 60.596781 -114.363771 159.143964
v 60.909698 -113.914938 159.268642
v 61.102558 -113.393581 159.345484
v 61.161911 -112.836060 159.369133
v 61.083619 -112.281254 159.337938
v 63.422898 -114.925903 145.397656
v 63.933546 -114.708779 145.481373
v 64.370301 -114.363771 145.552975
v 64.702704 -113.914938 145.607470
v 64.907574 -113.393581 145.641057
v 64.970623 -112.836060 145.651393
v 64.887455 -112.281254 145.637758
v 64.175295 -114.925903 131.520517
v 64.692001 -114.708779 131.492502
v 65.133937 -114.363771 131.468541
v 65.470283 -113.914938 131.450304
v 65.677583 -113.393581 131.439065
v 65.741381 -112.836060 131.435606
v 65.657226 -112.281254 131.440169
v 61.926926 -114.925903 117.806074
v 62.425529 -114.708779 117.667637
v 62.851982 -114.363771 117.549233
v 63.176544 -113.914938 117.459119
v 63.376582 -113.393581 117.403579
v 63.438144 -112.836060 117.386486
v 63.356938 -112.281254 117.409033
v 56.782923 -114.925903 104.895599
v 57.240109 -114.708779 104.653215
v 57.631139 -114.363771 104.445904
v 57.928741 -113.914938 104.288125
v 58.112162 -113.393581 104.190881
v 58.168611 -112.836060 104.160954
v 58.094150 -112.281254 104.200431
v 48.983814 -114.925903 93.392774
v 49.378206 -114.708779 93.057774
v 49.715527 -114.363771 92.771251
v 49.972254 -113.914938 92.553185
v 50.130482 -113.393581 92.418784
v 50.179178 -112.836060 92.377422
v 50.114944 -112.281254 92.431983
v 38.894276 -114.925903 83.835456
v 39.207432 -114.708779 83.423505
v 39.475273 -114.363771 83.071167
v 39.679120 -113.914938 82.803010
v 39.804757 -113.393581 82.637738
v 39.843422 -112.836060 82.586874
v 39.792419 -112.281254 82.653967
v 26.986084 -114.925903 76.670535
v 27.203362 -114.708779 76.200896
v 27.389199 -114.363771 75.799217
v 27.530634 -113.914938 75.493509
v 27.617805 -113.393581 75.305092
v 27.644633 -112.836060 75.247106
v 27.609245 -112.281254 75.323595
v 13.816054 -114.925903 72.233035
v 13.927293 -114.708779 71.727668
v 14.022436 -114.363771 71.295430
v 14.094847 -113.914938 70.966465
v 14.139476 -113.393581 70.763714
v 14.153210 -112.836060 70.701317
v 14.135093 -112.281254 70.783624
v -13.816054 -114.925903 72.233035
v -13.927293 -114.708779 71.727668
v -14.022436 -114.363771 71.295430
v -14.094847 -113.914938 70.966465
v -14.139476 -113.393581 70.763714
v -14.153210 -112.836060 70.701317
v -14.135093 -112.281254 70.783624
v -26.986084 -114.925903 76.670535
v -27.203362 -114.708779 76.200896
v -27.389199 -114.363771 75.799217
v -27.530634 -113.914938 75.493509
v -27.617805 -113.393581 75.305092
v -27.644633 -112.836060 75.247106
v -27.609245 -112.281254 75.323595
v -38.894276 -114.925903 83.835456
v -39.207432 -114.708779 83.423505
v -39.475273 -114.363771 83.071167
v -39.679120 -113.914938 82.803010
v -39.804757 -113.393581 82.637738
v -39.843422 -112.836060 82.586874
v -39.792419 -112.281254 82.653967
v -48.983814 -114.925903 93.392774
v -49.378206 -114.708779 93.057774
v -49.715527 -114.363771 92.771251
v -49.972254 -113.914938 92.553185
v -50.130482 -113.393581 92.418784
v -50.179178 -112.836060 92.377422
v -50.114944 -112.281254 92.431983
v -56.782923 -114.925903 104.895599
v -57.240109 -114.708779 104.653215
v -57.631139 -114.363771 104.445904
v -57.928741 -113.914938 104.288125
v -58.112162 -113.393581 104.190881
v -58.168611 -112.836060 104.160954
v -58.094150 -112.281254 104.200431
v -61.926926 -114.925903 117.806074
v -62.425529 -114.708779 117.667637
v -62.851982 -114.363771 117.549233
v -63.176544 -113.914938 117.459119
v -63.376582 -113.393581 117.403579
v -63.438144 -112.836060 117.386486
v -63.356938 -112.281254 117.409033
v -40.031883 -70.000000 135.000000
v -39.262681 -70.000000 127.190167
v -36.984637 -70.000000 119.680462
v -33.285294 -70.000000 112.759478
v -28.306816 -70.000000 106.693184
v -22.240522 -70.000000 101.714706
v -15.319538 -70.000000 98.015363
v -7.809833 -70.000000 95.737319
v 0.000000 -70.000000 94.968117
v 7.809833 -70.000000 95.737319
v 15.319538 -70.000000 98.015363
v 22.240522 -70.000000 101.714706
v 28.306816 -70.000000 106.693184
v 33.285294 -70.000000 112.759478
v 36.984637 -70.000000 119.680462
v 39.262681 -70.000000 127.190167
v 40.031883 -70.000000 135.000000
v 39.262681 -70.000000 142.809833
v 36.984637 -70.000000 150.319538
v 33.285294 -70.000000 157.240522
v 28.306816 -70.000000 163.306816
v 22.240522 -70.000000 168.285294
v 15.319538 -70.000000 171.984637
v 7.809833 -70.000000 174.262681
v 0.000000 -70.000000 175.031883
v -7.809833 -70.000000 174.262681
v -15.319538 -70.000000 171.984637
v -22.240522 -70.000000 168.285294
v -28.306816 -70.000000 163.306816
v -33.285294 -70.000000 157.240522
v -36.984637 -70.000000 150.319538
v -39.262681 -70.000000 142.809833
v 40.000000 -70.000000 135.000000
v 39.231411 -70.000000 127.196387
v 36.955181 -70.000000 119.692663
v 33.258784 -70.000000 112.777191
v 28.284271 -70.000000 106.715729
v 22.222809 -70.000000 101.741216
v 15.307337 -70.000000 98.044819
v 7.803613 -70.000000 95.768589
v -0.000000 -70.000000 95.000000
v -7.803613 -70.000000 95.768589
v -15.307337 -70.000000 98.044819
v -22.222809 -70.000000 101.741216
v -28.284271 -70.000000 106.715729
v -33.258784 -70.000000 112.777191
v -36.955181 -70.000000 119.692663
v -39.231411 -70.000000 127.196387
v -40.000000 -70.000000 135.000000
v -39.231411 -70.000000 142.803613
v -36.955181 -70.000000 150.307337
v -33.258784 -70.000000 157.222809
v -28.284271 -70.000000 163.284271
v -22.222809 -70.000000 168.258784
v -15.307337 -70.000000 171.955181
v -7.803613 -70.000000 174.231411
v -0.000000 -70.000000 175.000000
v 7.803613 -70.000000 174.231411
v 15.307337 -70.000000 171.955181
v 22.222809 -70.000000 168.258784
v 28.284271 -70.000000 163.284271
v 33.258784 -70.000000 157.222809
v 36.955181 -70.000000 150.307337
v 39.231411 -70.000000 142.803613
v 45.199777 -0.000000 208.500000
v 43.659632 -11.698563 208.500000
v 39.144155 -22.599889 208.500000
v 31.961069 -31.961069 208.500000
v 22.599889 -39.144155 208.500000
v 11.698563 -43.659632 208.500000
v -0.000000 -45.199777 208.500000
v -11.698563 -43.659632 208.500000
v -22.599889 -39.144155 208.500000
v -31.961069 -31.961069 208.500000
v -39.144155 -22.599889 208.500000
v -43.659632 -11.698563 208.500000
v -45.199777 0.000000 208.500000
v -43.659632 11.698563 208.500000
v -39.144155 22.599889 208.500000
v -31.961069 31.961069 208.500000
v -22.599889 39.144155 208.500000
v -11.698563 43.659632 208.500000
v -0.000000 45.199777 208.500000
v 11.698563 43.659632 208.500000
v 22.599889 39.144155 208.500000
v 31.961069 31.961069 208.500000
v 39.144155 22.599889 208.500000
v 43.659632 11.698563 208.500000
v 44.000000 0.000000 208.500000
v 42.500736 11.388038 208.500000
v 38.105118 22.000000 208.500000
v 31.112698 31.112698 208.500000
v 22.000000 38.105118 208.500000
v 11.388038 42.500736 208.500000
v -0.000000 44.000000 208.500000
v -11.388038 42.500736 208.500000
v -22.000000 38.105118 208.500000
v -31.112698 31.112698 208.500000
v -38.105118 22.000000 208.500000
v -42.500736 11.388038 208.500000
v -44.000000 0.000000 208.500000
v -42.500736 -11.388038 208.500000
v -38.105118 -22.000000 208.500000
v -31.112698 -31.112698 208.500000
v -22.000000 -38.105118 208.500000
v -11.388038 -42.500736 208.500000
v -0.000000 -44.000000 208.500000
v 11.388038 -42.500736 208.500000
v 22.000000 -38.105118 208.500000
v 31.112698 -31.112698 208.500000
v 38.105118 -22.000000 208.500000
v 42.500736 -11.388038 208.500000
v 47.500000 0.000000 220.000000
v 46.007700 -11.812770 220.000000
v 41.624567 -22.883300 220.000000
v 34.626010 -32.515988 220.000000
v 25.451773 -40.105576 220.000000
v 14.678307 -45.175185 220.000000
v 2.982550 -47.406270 220.000000
v -8.900612 -46.658644 220.000000
v -20.224516 -42.979285 220.000000
v -30.277640 -36.599379 220.000000
v -38.428307 -27.919799 220.000000
v -44.164383 -17.485916 220.000000
v -47.125448 -5.953329 220.000000
v -47.125448 5.953329 220.000000
v -44.164383 17.485916 220.000000
v -38.428307 27.919799 220.000000
v -30.277640 36.599379 220.000000
v -20.224516 42.979285 220.000000
v -8.900612 46.658644 220.000000
v 2.982550 47.406270 220.000000
v 14.678307 45.175185 220.000000
v 25.451773 40.105576 220.000000
v 34.626010 32.515988 220.000000
v 41.624567 22.883300 220.000000
v 46.007700 11.812770 220.000000
v -30.256842 -54.687965 270.000000
v -18.661408 -59.648989 270.000000
v -6.306066 -62.181054 270.000000
v 6.306066 -62.181054 270.000000
v 18.661408 -59.648989 270.000000
v 30.256842 -54.687965 270.000000
v -67.500000 -0.000000 268.000000
v -66.024963 -14.034039 268.000000
v -61.664318 -27.454723 268.000000
v -54.608647 -39.675505 268.000000
v -45.166316 -50.162276 268.000000
v -33.750000 -58.456715 268.000000
v -20.858647 -64.196315 268.000000
v -7.055671 -67.130228 268.000000
v 7.055671 -67.130228 268.000000
v 20.858647 -64.196315 268.000000
v 33.750000 -58.456715 268.000000
v 45.166316 -50.162276 268.000000
v 54.608647 -39.675505 268.000000
v 61.664318 -27.454723 268.000000
v 66.024963 -14.034039 268.000000
v 67.500000 0.000000 268.000000
v 66.024963 14.034039 268.000000
v 61.664318 27.454723 268.000000
v 54.608647 39.675505 268.000000
v 45.166316 50.162276 268.000000
v 33.750000 58.456715 268.000000
v 20.858647 64.196315 268.000000
v 7.055671 67.130228 268.000000
v -7.055671 67.130228 268.000000
v -20.858647 64.196315 268.000000
v -33.750000 58.456715 268.000000
v -45.166316 50.162276 268.000000
v -54.608647 39.675505 268.000000
v -61.664318 27.454723 268.000000
v -66.024963 14.034039 268.000000
v -67.500000 -0.000000 270.000000
v -66.024963 14.034039 270.000000
v -61.664318 27.454723 270.000000
v -54.608647 39.675505 270.000000
v -45.166316 50.162276 270.000000
v -33.750000 58.456715 270.000000
v -20.858647 64.196315 270.000000
v -7.055671 67.130228 270.000000
v 7.055671 67.130228 270.000000
v 20.858647 64.196315 270.000000
v 33.750000 58.456715 270.000000
v 45.166316 50.162276 270.000000
v 54.608647 39.675505 270.000000
v 61.664318 27.454723 270.000000
v 66.024963 14.034039 270.000000
v 67.500000 0.000000 270.000000
v 66.024963 -14.034039 270.000000
v 61.664318 -27.454723 270.000000
v 54.608647 -39.675505 270.000000
v 45.166316 -50.162276 270.000000
v 33.750000 -58.456715 270.000000
v 20.858647 -64.196315 270.000000
v 7.055671 -67.130228 270.000000
v -7.055671 -67.130228 270.000000
v -20.858647 -64.196315 270.000000
v -33.750000 -58.456715 270.000000
v -45.166316 -50.162276 270.000000
v -54.608647 -39.675505 270.000000
v -61.664318 -27.454723 270.000000
v -66.024963 -14.034039 270.000000
v -69.311345 -0.000000 268.000000
v -67.796726 -14.410639 268.000000
v -63.319064 -28.191464 268.000000
v -56.074056 -40.740186 268.000000
v -46.378342 -51.508367 268.000000
v -34.655672 -60.025385 268.000000
v -21.418383 -65.919006 268.000000
v -7.245008 -68.931650 268.000000
v 7.245008 -68.931650 268.000000
v 21.418383 -65.919006 268.000000
v 34.655672 -60.025385 268.000000
v 46.378342 -51.508367 268.000000
v 56.074056 -40.740186 268.000000
v 63.319064 -28.191464 268.000000
v 67.796726 -14.410639 268.000000
v 69.311345 0.000000 268.000000
v 67.796726 14.410639 268.000000
v 63.319064 28.191464 268.000000
v 56.074056 40.740186 268.000000
v 46.378342 51.508367 268.000000
v 34.655672 60.025385 268.000000
v 21.418383 65.919006 268.000000
v 7.245008 68.931650 268.000000
v -7.245008 68.931650 268.000000
v -21.418383 65.919006 268.000000
v -34.655672 60.025385 268.000000
v -46.378342 51.508367 268.000000
v -56.074056 40.740186 268.000000
v -63.319064 28.191464 268.000000
v -67.796726 14.410639 268.000000
v -52.783619 0.000000 220.000000
v -51.249823 -12.631947 220.000000
v -46.737574 -24.529771 220.000000
v -39.509106 -35.002014 220.000000
v -29.984513 -43.440067 220.000000
v -18.717329 -49.353541 220.000000
v -6.362362 -52.398767 220.000000
v 6.362362 -52.398767 220.000000
v 18.717329 -49.353541 220.000000
v 29.984513 -43.440067 220.000000
v 39.509106 -35.002014 220.000000
v 46.737574 -24.529771 220.000000
v 51.249823 -12.631947 220.000000
v 52.783619 0.000000 220.000000
v 51.249823 12.631947 220.000000
v 46.737574 24.529771 220.000000
v 39.509106 35.002014 220.000000
v 29.984513 43.440067 220.000000
v 18.717329 49.353541 220.000000
v 6.362362 52.398767 220.000000
v -6.362362 52.398767 220.000000
v -18.717329 49.353541 220.000000
v -29.984513 43.440067 220.000000
v -39.509106 35.002014 220.000000
v -46.737574 24.529771 220.000000
v -51.249823 12.631947 220.000000
v 43.599961 -0.000000 206.500000
v 42.114329 11.284500 206.500000
v 37.758674 21.799981 206.500000
v 30.829828 30.829828 206.500000
v 21.799981 37.758674 206.500000
v 11.284500 42.114329 206.500000
v -0.000000 43.599961 206.500000
v -11.284500 42.114329 206.500000
v -21.799981 37.758674 206.500000
v -30.829828 30.829828 206.500000
v -37.758674 21.799981 206.500000
v -42.114329 11.284500 206.500000
v -43.599961 0.000000 206.500000
v -42.114329 -11.284500 206.500000
v -37.758674 -21.799981 206.500000
v -30.829828 -30.829828 206.500000
v -21.799981 -37.758674 206.500000
v -11.284500 -42.114329 206.500000
v -0.000000 -43.599961 206.500000
v 11.284500 -42.114329 206.500000
v 21.799981 -37.758674 206.500000
v 30.829828 -30.829828 206.500000
v 37.758674 -21.799981 206.500000
v 42.114329 -11.284500 206.500000
v 44.799738 0.000000 206.500000
v 43.273224 -11.595026 206.500000
v 38.797712 -22.399869 206.500000
v 31.678199 -31.678199 206.500000
v 22.399869 -38.797712 206.500000
v 11.595026 -43.273224 206.500000
v -0.000000 -44.799738 206.500000
v -11.595026 -43.273224 206.500000
v -22.399869 -38.797712 206.500000
v -31.678199 -31.678199 206.500000
v -38.797712 -22.399869 206.500000
v -43.273224 -11.595026 206.500000
v -44.799738 0.000000 206.500000
v -43.273224 11.595026 206.500000
v -38.797712 22.399869 206.500000
v -31.678199 31.678199 206.500000
v -22.399869 38.797712 206.500000
v -11.595026 43.273224 206.500000
v -0.000000 44.799738 206.500000
v 11.595026 43.273224 206.500000
v 22.399869 38.797712 206.500000
v 31.678199 31.678199 206.500000
v 38.797712 22.399869 206.500000
v 43.273224 11.595026 206.500000
v 44.000000 0.000000 61.500000
v 42.500736 11.388038 61.500000
v 38.105118 22.000000 61.500000
v 31.112698 31.112698 61.500000
v 22.000000 38.105118 61.500000
v 11.388038 42.500736 61.500000
v -0.000000 44.000000 61.500000
v -11.388038 42.500736 61.500000
v -22.000000 38.105118 61.500000
v -31.112698 31.112698 61.500000
v -38.105118 22.000000 61.500000
v -42.500736 11.388038 61.500000
v -44.000000 0.000000 61.500000
v -42.500736 -11.388038 61.500000
v -38.105118 -22.000000 61.500000
v -31.112698 -31.112698 61.500000
v -22.000000 -38.105118 61.500000
v -11.388038 -42.500736 61.500000
v -0.000000 -44.000000 61.500000
v 11.388038 -42.500736 61.500000
v 22.000000 -38.105118 61.500000
v 31.112698 -31.112698 61.500000
v 38.105118 -22.000000 61.500000
v 42.500736 -11.388038 61.500000
v 45.199777 -0.000000 61.500000
v 43.659632 11.698563 61.500000
v 39.144155 22.599889 61.500000
v 31.961069 31.961069 61.500000
v 22.599889 39.144155 61.500000
v 11.698563 43.659632 61.500000
v -0.000000 45.199777 61.500000
v -11.698563 43.659632 61.500000
v -22.599889 39.144155 61.500000
v -31.961069 31.961069 61.500000
v -39.144155 22.599889 61.500000
v -43.659632 11.698563 61.500000
v -45.199777 0.000000 61.500000
v -43.659632 -11.698563 61.500000
v -39.144155 -22.599889 61.500000
v -31.961069 -31.961069 61.500000
v -22.599889 -39.144155 61.500000
v -11.698563 -43.659632 61.500000
v -0.000000 -45.199777 61.500000
v 11.698563 -43.659632 61.500000
v 22.599889 -39.144155 61.500000
v 31.961069 -31.961069 61.500000
v 39.144155 -22.599889 61.500000
v 43.659632 -11.698563 61.500000
v 47.500000 0.000000 50.000000
v 46.007700 11.812770 50.000000
v 41.624567 22.883300 50.000000
v 34.626010 32.515988 50.000000
v 25.451773 40.105576 50.000000
v 14.678307 45.175185 50.000000
v 2.982550 47.406270 50.000000
v -8.900612 46.658644 50.000000
v -20.224516 42.979285 50.000000
v -30.277640 36.599379 50.000000
v -38.428307 27.919799 50.000000
v -44.164383 17.485916 50.000000
v -47.125448 5.953329 50.000000
v -47.125448 -5.953329 50.000000
v -44.164383 -17.485916 50.000000
v -38.428307 -27.919799 50.000000
v -30.277640 -36.599379 50.000000
v -20.224516 -42.979285 50.000000
v -8.900612 -46.658644 50.000000
v 2.982550 -47.406270 50.000000
v 14.678307 -45.175185 50.000000
v 25.451773 -40.105576 50.000000
v 34.626010 -32.515988 50.000000
v 41.624567 -22.883300 50.000000
v 46.007700 -11.812770 50.000000
v -49.000000 25.000000 -0.500000
v -48.863703 26.035276 -0.500000
v -48.464102 27.000000 -0.500000
v -47.828427 27.828427 -0.500000
v -47.000000 28.464102 -0.500000
v -46.035276 28.863703 -0.500000
v -45.000000 29.000000 -0.500000
v -43.964724 28.863703 -0.500000
v -43.000000 28.464102 -0.500000
v -42.171573 27.828427 -0.500000
v -41.535898 27.000000 -0.500000
v -41.136297 26.035276 -0.500000
v -41.000000 25.000000 -0.500000
v -41.136297 23.964724 -0.500000
v -41.535898 23.000000 -0.500000
v -42.171573 22.171573 -0.500000
v -43.000000 21.535898 -0.500000
v -43.964724 21.136297 -0.500000
v -45.000000 21.000000 -0.500000
v -46.035276 21.136297 -0.500000
v -47.000000 21.535898 -0.500000
v -47.828427 22.171573 -0.500000
v -48.464102 23.000000 -0.500000
v -48.863703 23.964724 -0.500000
v 41.000000 -25.000000 -0.500000
v 41.136297 -23.964724 -0.500000
v 41.535898 -23.000000 -0.500000
v 42.171573 -22.171573 -0.500000
v 43.000000 -21.535898 -0.500000
v 43.964724 -21.136297 -0.500000
v 45.000000 -21.000000 -0.500000
v 46.035276 -21.136297 -0.500000
v 47.000000 -21.535898 -0.500000
v 47.828427 -22.171573 -0.500000
v 48.464102 -23.000000 -0.500000
v 48.863703 -23.964724 -0.500000
v 49.000000 -25.000000 -0.500000
v 48.863703 -26.035276 -0.500000
v 48.464102 -27.000000 -0.500000
v 47.828427 -27.828427 -0.500000
v 47.000000 -28.464102 -0.500000
v 46.035276 -28.863703 -0.500000
v 45.000000 -29.000000 -0.500000
v 43.964724 -28.863703 -0.500000
v 43.000000 -28.464102 -0.500000
v 42.171573 -27.828427 -0.500000
v 41.535898 -27.000000 -0.500000
v 41.136297 -26.035276 -0.500000
v 41.000000 25.000000 -0.500000
v 41.136297 26.035276 -0.500000
v 41.535898 27.000000 -0.500000
v 42.171573 27.828427 -0.500000
v 43.000000 28.464102 -0.500000
v 43.964724 28.863703 -0.500000
v 45.000000 29.000000 -0.500000
v 46.035276 28.863703 -0.500000
v 47.000000 28.464102 -0.500000
v 47.828427 27.828427 -0.500000
v 48.464102 27.000000 -0.500000
v 48.863703 26.035276 -0.500000
v 49.000000 25.000000 -0.500000
v 48.863703 23.964724 -0.500000
v 48.464102 23.000000 -0.500000
v 47.828427 22.171573 -0.500000
v 47.000000 21.535898 -0.500000
v 46.035276 21.136297 -0.500000
v 45.000000 21.000000 -0.500000
v 43.964724 21.136297 -0.500000
v 43.000000 21.535898 -0.500000
v 42.171573 22.171573 -0.500000
v 41.535898 23.000000 -0.500000
v 41.136297 23.964724 -0.500000
v -49.000000 -25.000000 -0.500000
v -48.863703 -23.964724 -0.500000
v -48.464102 -23.000000 -0.500000
v -47.828427 -22.171573 -0.500000
v -47.000000 -21.535898 -0.500000
v -46.035276 -21.136297 -0.500000
v -45.000000 -21.000000 -0.500000
v -43.964724 -21.136297 -0.500000
v -43.000000 -21.535898 -0.500000
v -42.171573 -22.171573 -0.500000
v -41.535898 -23.000000 -0.500000
v -41.136297 -23.964724 -0.500000
v -41.000000 -25.000000 -0.500000
v -41.136297 -26.035276 -0.500000
v -41.535898 -27.000000 -0.500000
v -42.171573 -27.828427 -0.500000
v -43.000000 -28.464102 -0.500000
v -43.964724 -28.863703 -0.500000
v -45.000000 -29.000000 -0.500000
v -46.035276 -28.863703 -0.500000
v -47.000000 -28.464102 -0.500000
v -47.828427 -27.828427 -0.500000
v -48.464102 -27.000000 -0.500000
v -48.863703 -26.035276 -0.500000
v -49.000000 -25.000000 0.000000
v -48.863703 -23.964724 0.000000
v -48.464102 -23.000000 0.000000
v -47.828427 -22.171573 0.000000
v -47.000000 -21.535898 0.000000
v -46.035276 -21.136297 0.000000
v -45.000000 -21.000000 0.000000
v -43.964724 -21.136297 0.000000
v -43.000000 -21.535898 0.000000
v -42.171573 -22.171573 0.000000
v -41.535898 -23.000000 0.000000
v -41.136297 -23.964724 0.000000
v -41.000000 -25.000000 0.000000
v -41.136297 -26.035276 0.000000
v -41.535898 -27.000000 0.000000
v -42.171573 -27.828427 0.000000
v -43.000000 -28.464102 0.000000
v -43.964724 -28.863703 0.000000
v -45.000000 -29.000000 0.000000
v -46.035276 -28.863703 0.000000
v -47.000000 -28.464102 0.000000
v -47.828427 -27.828427 0.000000
v -48.464102 -27.000000 0.000000
v -48.863703 -26.035276 0.000000
v 41.000000 -25.000000 0.000000
v 41.136297 -23.964724 0.000000
v 41.535898 -23.000000 0.000000
v 42.171573 -22.171573 0.000000
v 43.000000 -21.535898 0.000000
v 43.964724 -21.136297 0.000000
v 45.000000 -21.000000 0.000000
v 46.035276 -21.136297 0.000000
v 47.000000 -21.535898 0.000000
v 47.828427 -22.171573 0.000000
v 48.464102 -23.000000 0.000000
v 48.863703 -23.964724 0.000000
v 49.000000 -25.000000 0.000000
v 48.863703 -26.035276 0.000000
v 48.464102 -27.000000 0.000000
v 47.828427 -27.828427 0.000000
v 47.000000 -28.464102 0.000000
v 46.035276 -28.863703 0.000000
v 45.000000 -29.000000 0.000000
v 43.964724 -28.863703 0.000000
v 43.000000 -28.464102 0.000000
v 42.171573 -27.828427 0.000000
v 41.535898 -27.000000 0.000000
v 41.136297 -26.035276 0.000000
v -49.000000 25.000000 0.000000
v -48.863703 26.035276 0.000000
v -48.464102 27.000000 0.000000
v -47.828427 27.828427 0.000000
v -47.000000 28.464102 0.000000
v -46.035276 28.863703 0.000000
v -45.000000 29.000000 0.000000
v -43.964724 28.863703 0.000000
v -43.000000 28.464102 0.000000
v -42.171573 27.828427 0.000000
v -41.535898 27.000000 0.000000
v -41.136297 26.035276 0.000000
v -41.000000 25.000000 0.000000
v -41.136297 23.964724 0.000000
v -41.535898 23.000000 0.000000
v -42.171573 22.171573 0.000000
v -43.000000 21.535898 0.000000
v -43.964724 21.136297 0.000000
v -45.000000 21.000000 0.000000
v -46.035276 21.136297 0.000000
v -47.000000 21.535898 0.000000
v -47.828427 22.171573 0.000000
v -48.464102 23.000000 0.000000
v -48.863703 23.964724 0.000000
v 41.000000 25.000000 0.000000
v 41.136297 26.035276 0.000000
v 41.535898 27.000000 0.000000
v 42.171573 27.828427 0.000000
v 43.000000 28.464102 0.000000
v 43.964724 28.863703 0.000000
v 45.000000 29.000000 0.000000
v 46.035276 28.863703 0.000000
v 47.000000 28.464102 0.000000
v 47.828427 27.828427 0.000000
v 48.464102 27.000000 0.000000
v 48.863703 26.035276 0.000000
v 49.000000 25.000000 0.000000
v 48.863703 23.964724 0.000000
v 48.464102 23.000000 0.000000
v 47.828427 22.171573 0.000000
v 47.000000 21.535898 0.000000
v 46.035276 21.136297 0.000000
v 45.000000 21.000000 0.000000
v 43.964724 21.136297 0.000000
v 43.000000 21.535898 0.000000
v 42.171573 22.171573 0.000000
v 41.535898 23.000000 0.000000
v 41.136297 23.964724 0.000000
v -67.500000 -0.000000 2.000000
v -66.024963 14.034039 2.000000
v -61.664318 27.454723 2.000000
v -54.608647 39.675505 2.000000
v -45.166316 50.162276 2.000000
v -33.750000 58.456715 2.000000
v -20.858647 64.196315 2.000000
v -7.055671 67.130228 2.000000
v 7.055671 67.130228 2.000000
v 20.858647 64.196315 2.000000
v 33.750000 58.456715 2.000000
v 45.166316 50.162276 2.000000
v 54.608647 39.675505 2.000000
v 61.664318 27.454723 2.000000
v 66.024963 14.034039 2.000000
v 67.500000 0.000000 2.000000
v 66.024963 -14.034039 2.000000
v 61.664318 -27.454723 2.000000
v 54.608647 -39.675505 2.000000
v 45.166316 -50.162276 2.000000
v 33.750000 -58.456715 2.000000
v 20.858647 -64.196315 2.000000
v 7.055671 -67.130228 2.000000
v -7.055671 -67.130228 2.000000
v -20.858647 -64.196315 2.000000
v -33.750000 -58.456715 2.000000
v -45.166316 -50.162276 2.000000
v -54.608647 -39.675505 2.000000
v -61.664318 -27.454723 2.000000
v -66.024963 -14.034039 2.000000
v -67.500000 -0.000000 0.000000
v -66.024963 -14.034039 0.000000
v -61.664318 -27.454723 0.000000
v -54.608647 -39.675505 0.000000
v -45.166316 -50.162276 0.000000
v -33.750000 -58.456715 0.000000
v -20.858647 -64.196315 0.000000
v -7.055671 -67.130228 0.000000
v 7.055671 -67.130228 0.000000
v 20.858647 -64.196315 0.000000
v 33.750000 -58.456715 0.000000
v 45.166316 -50.162276 0.000000
v 54.608647 -39.675505 0.000000
v 61.664318 -27.454723 0.000000
v 66.024963 -14.034039 0.000000
v 67.500000 0.000000 0.000000
v 66.024963 14.034039 0.000000
v 61.664318 27.454723 0.000000
v 54.608647 39.675505 0.000000
v 45.166316 50.162276 0.000000
v 33.750000 58.456715 0.000000
v 20.858647 64.196315 0.000000
v 7.055671 67.130228 0.000000
v -7.055671 67.130228 0.000000
v -20.858647 64.196315 0.000000
v -33.750000 58.456715 0.000000
v -45.166316 50.162276 0.000000
v -54.608647 39.675505 0.000000
v -61.664318 27.454723 0.000000
v -66.024963 14.034039 0.000000
v -69.311345 -0.000000 2.000000
v -67.796726 14.410639 2.000000
v -63.319064 28.191464 2.000000
v -56.074056 40.740186 2.000000
v -46.378342 51.508367 2.000000
v -34.655672 60.025385 2.000000
v -21.418383 65.919006 2.000000
v -7.245008 68.931650 2.000000
v 7.245008 68.931650 2.000000
v 21.418383 65.919006 2.000000
v 34.655672 60.025385 2.000000
v 46.378342 51.508367 2.000000
v 56.074056 40.740186 2.000000
v 63.319064 28.191464 2.000000
v 67.796726 14.410639 2.000000
v 69.311345 0.000000 2.000000
v 67.796726 -14.410639 2.000000
v 63.319064 -28.191464 2.000000
v 56.074056 -40.740186 2.000000
v 46.378342 -51.508367 2.000000
v 34.655672 -60.025385 2.000000
v 21.418383 -65.919006 2.000000
v 7.245008 -68.931650 2.000000
v -7.245008 -68.931650 2.000000
v -21.418383 -65.919006 2.000000
v -34.655672 -60.025385 2.000000
v -46.378342 -51.508367 2.000000
v -56.074056 -40.740186 2.000000
v -63.319064 -28.191464 2.000000
v -67.796726 -14.410639 2.000000
v -52.783619 0.000000 50.000000
v -51.249823 12.631947 50.000000
v -46.737574 24.529771 50.000000
v -39.509106 35.002014 50.000000
v -29.984513 43.440067 50.000000
v -18.717329 49.353541 50.000000
v -6.362362 52.398767 50.000000
v 6.362362 52.398767 50.000000
v 18.717329 49.353541 50.000000
v 29.984513 43.440067 50.000000
v 39.509106 35.002014 50.000000
v 46.737574 24.529771 50.000000
v 51.249823 12.631947 50.000000
v 52.783619 0.000000 50.000000
v 51.249823 -12.631947 50.000000
v 46.737574 -24.529771 50.000000
v 39.509106 -35.002014 50.000000
v 29.984513 -43.440067 50.000000
v 18.717329 -49.353541 50.000000
v 6.362362 -52.398767 50.000000
v -6.362362 -52.398767 50.000000
v -18.717329 -49.353541 50.000000
v -29.984513 -43.440067 50.000000
v -39.509106 -35.002014 50.000000
v -46.737574 -24.529771 50.000000
v -51.249823 -12.631947 50.000000
v -61.846816 113.982145 135.000000
v -60.296187 113.982145 121.237789
v -55.722056 113.982145 108.165672
v -48.353788 113.982145 96.439141
v -38.560859 113.982145 86.646212
v -26.834328 113.982145 79.277944
v -13.762211 113.982145 74.703813
v 0.000000 113.982145 73.153184
v 13.762211 113.982145 74.703813
v 26.834328 113.982145 79.277944
v 38.560859 113.982145 86.646212
v 48.353788 113.982145 96.439141
v 55.722056 113.982145 108.165672
v 60.296187 113.982145 121.237789
v 61.846816 113.982145 135.000000
v 60.296187 113.982145 148.762211
v 55.722056 113.982145 161.834328
v 48.353788 113.982145 173.560859
v 38.560859 113.982145 183.353788
v 26.834328 113.982145 190.722056
v 13.762211 113.982145 195.296187
v 0.000000 113.982145 196.846816
v -13.762211 113.982145 195.296187
v -26.834328 113.982145 190.722056
v -38.560859 113.982145 183.353788
v -48.353788 113.982145 173.560859
v -55.722056 113.982145 161.834328
v -60.296187 113.982145 148.762211
v -63.660612 115.000000 135.000000
v -62.172262 115.000000 148.685150
v -57.776806 115.000000 161.730397
v -50.679772 115.000000 173.525761
v -41.213007 115.000000 183.519703
v -29.819168 115.000000 191.244917
v -17.031018 115.000000 196.340182
v -3.446516 115.000000 198.567248
v 10.299141 115.000000 197.821980
v 23.563221 115.000000 194.139226
v 35.725512 115.000000 187.691188
v 46.217317 115.000000 178.779368
v 54.548052 115.000000 167.820474
v 60.328181 115.000000 155.326931
v 63.287430 115.000000 141.882923
v 63.287430 115.000000 128.117077
v 60.328181 115.000000 114.673069
v 54.548052 115.000000 102.179526
v 46.217317 115.000000 91.220632
v 35.725512 115.000000 82.308812
v 23.563221 115.000000 75.860774
v 10.299141 115.000000 72.178020
v -3.446516 115.000000 71.432752
v -17.031018 115.000000 73.659818
v -29.819168 115.000000 78.755083
v -41.213007 115.000000 86.480297
v -50.679772 115.000000 96.474239
v -57.776806 115.000000 108.269603
v -62.172262 115.000000 121.314850
v -0.000000 114.404885 72.814203
v -0.000000 114.728147 72.379326
v 0.000000 114.930914 71.876830
v -62.094596 114.404885 131.633329
v -62.528835 114.728147 131.609785
v -63.030594 114.930914 131.582580
v -62.291618 114.930914 145.212192
v -61.795742 114.728147 145.130898
v -61.366594 114.404885 145.060542
v -59.919124 114.404885 118.363537
v -60.338150 114.728147 118.247195
v -60.822330 114.930914 118.112763
v -54.941901 114.404885 105.871648
v -55.326120 114.728147 105.667948
v -55.770081 114.930914 105.432574
v -47.395655 114.404885 94.741768
v -47.727102 114.728147 94.460235
v -48.110085 114.930914 94.134926
v -37.633241 114.404885 85.494318
v -37.896417 114.728147 85.148116
v -38.200515 114.930914 84.748082
v -26.111139 114.404885 78.561699
v -26.293739 114.728147 78.167016
v -26.504731 114.930914 77.710963
v -13.368108 114.404885 74.268072
v -13.461594 114.728147 73.843363
v -13.569616 114.930914 73.352615
v 13.368108 114.404885 74.268072
v 13.461594 114.728147 73.843363
v 13.569616 114.930914 73.352615
v 26.111139 114.404885 78.561699
v 26.293739 114.728147 78.167016
v 26.504731 114.930914 77.710963
v 37.633241 114.404885 85.494318
v 37.896417 114.728147 85.148116
v 38.200515 114.930914 84.748082
v 47.395655 114.404885 94.741768
v 47.727102 114.728147 94.460235
v 48.110085 114.930914 94.134926
v 54.941901 114.404885 105.871648
v 55.326120 114.728147 105.667948
v 55.770081 114.930914 105.432574
v 59.919124 114.404885 118.363537
v 60.338150 114.728147 118.247195
v 60.822330 114.930914 118.112763
v 62.094596 114.404885 131.633329
v 62.528835 114.728147 131.609785
v 63.030594 114.930914 131.582580
v 61.366594 114.404885 145.060542
v 61.795742 114.728147 145.130898
v 62.291618 114.930914 145.212192
v 57.769158 114.404885 158.017336
v 58.173148 114.728147 158.178301
v 58.639955 114.930914 158.364294
v 51.470500 114.404885 169.897865
v 51.830443 114.728147 170.141912
v 52.246353 114.930914 170.423907
v 42.765139 114.404885 180.146608
v 43.064204 114.728147 180.462327
v 43.409770 114.930914 180.827137
v 32.060128 114.404885 188.284347
v 32.284330 114.728147 188.656974
v 32.543394 114.930914 189.087541
v 19.856020 114.404885 193.930568
v 19.994877 114.728147 194.342680
v 20.155325 114.930914 194.818872
v 6.723467 114.404885 196.821261
v 6.770486 114.728147 197.253589
v 6.824815 114.930914 197.753139
v -6.723467 114.404885 196.821261
v -6.770486 114.728147 197.253589
v -6.824815 114.930914 197.753139
v -19.856020 114.404885 193.930568
v -19.994877 114.728147 194.342680
v -20.155325 114.930914 194.818872
v -32.060128 114.404885 188.284347
v -32.284330 114.728147 188.656974
v -32.543394 114.930914 189.087541
v -42.765139 114.404885 180.146608
v -43.064204 114.728147 180.462327
v -43.409770 114.930914 180.827137
v -51.470500 114.404885 169.897865
v -51.830443 114.728147 170.141912
v -52.246353 114.930914 170.423907
v -57.769158 114.404885 158.017336
v -58.173148 114.728147 158.178301
v -58.639955 114.930914 158.364294
v -63.713295 115.000000 135.000000
v -62.223713 115.000000 148.696475
v -57.824620 115.000000 161.752518
v -50.721712 115.000000 173.557643
v -41.247113 115.000000 183.559856
v -29.843845 115.000000 191.291463
v -17.045112 115.000000 196.390944
v -3.449368 115.000000 198.619854
v 10.307664 115.000000 197.873969
v 23.582721 115.000000 194.188167
v 35.755077 115.000000 187.734793
v 46.255565 115.000000 178.815598
v 54.593194 115.000000 167.847635
v 60.378106 115.000000 155.343752
v 63.339804 115.000000 141.888619
v 63.339804 115.000000 128.111381
v 60.378106 115.000000 114.656248
v 54.593194 115.000000 102.152365
v 46.255565 115.000000 91.184402
v 35.755077 115.000000 82.265207
v 23.582721 115.000000 75.811833
v 10.307664 115.000000 72.126031
v -3.449368 115.000000 71.380146
v -17.045112 115.000000 73.609056
v -29.843845 115.000000 78.708537
v -41.247113 115.000000 86.440144
v -50.721712 115.000000 96.442357
v -57.824620 115.000000 108.247482
v -62.223713 115.000000 121.303525
v -65.527090 111.767855 135.000000
v -63.995103 111.767855 149.086387
v -59.470776 111.767855 162.514111
v -52.165662 111.767855 174.655305
v -42.421339 111.767855 184.942262
v -30.693442 111.767855 192.893973
v -17.530354 111.767855 198.138627
v -3.547565 111.767855 200.430989
v 10.601103 111.767855 199.663870
v 24.254076 111.767855 195.873141
v 36.772955 111.767855 189.236051
v 47.572372 111.767855 180.062944
v 56.147357 111.767855 168.782744
v 62.096955 111.767855 155.922900
v 65.142967 111.767855 142.084725
v 65.142967 111.767855 127.915275
v 62.096955 111.767855 114.077100
v 56.147357 111.767855 101.217256
v 47.572372 111.767855 89.937056
v 36.772955 111.767855 80.763949
v 24.254076 111.767855 74.126859
v 10.601103 111.767855 70.336130
v -3.547565 111.767855 69.569011
v -17.530354 111.767855 71.861373
v -30.693442 111.767855 77.106027
v -42.421339 111.767855 85.057738
v -52.165662 111.767855 95.344695
v -59.470776 111.767855 107.485889
v -63.995103 111.767855 120.913613
v -0.000000 114.925903 70.730448
v -0.000000 114.708779 70.212984
v -0.000000 114.363771 69.770399
v -0.000000 113.914938 69.433558
v -0.000000 113.393581 69.225954
v -0.000000 112.836060 69.162062
v 0.000000 112.281254 69.246340
v -64.175295 114.925903 131.520517
v -64.692001 114.708779 131.492502
v -65.133937 114.363771 131.468541
v -65.470283 113.914938 131.450304
v -65.677583 113.393581 131.439065
v -65.741381 112.836060 131.435606
v -65.657226 112.281254 131.440169
v -64.887455 112.281254 145.637758
v -64.970623 112.836060 145.651393
v -64.907574 113.393581 145.641057
v -64.702704 113.914938 145.607470
v -64.370301 114.363771 145.552975
v -63.933546 114.708779 145.481373
v -63.422898 114.925903 145.397656
v -61.926926 114.925903 117.806074
v -62.425529 114.708779 117.667637
v -62.851982 114.363771 117.549233
v -63.176544 113.914938 117.459119
v -63.376582 113.393581 117.403579
v -63.438144 112.836060 117.386486
v -63.356938 112.281254 117.409033
v -56.782923 114.925903 104.895599
v -57.240109 114.708779 104.653215
v -57.631139 114.363771 104.445904
v -57.928741 113.914938 104.288125
v -58.112162 113.393581 104.190881
v -58.168611 112.836060 104.160954
v -58.094150 112.281254 104.200431
v -48.983814 114.925903 93.392774
v -49.378206 114.708779 93.057774
v -49.715527 114.363771 92.771251
v -49.972254 113.914938 92.553185
v -50.130482 113.393581 92.418784
v -50.179178 112.836060 92.377422
v -50.114944 112.281254 92.431983
v -38.894276 114.925903 83.835456
v -39.207432 114.708779 83.423505
v -39.475273 114.363771 83.071167
v -39.679120 113.914938 82.803010
v -39.804757 113.393581 82.637738
v -39.843422 112.836060 82.586874
v -39.792419 112.281254 82.653967
v -26.986084 114.925903 76.670535
v -27.203362 114.708779 76.200896
v -27.389199 114.363771 75.799217
v -27.530634 113.914938 75.493509
v -27.617805 113.393581 75.305092
v -27.644633 112.836060 75.247106
v -27.609245 112.281254 75.323595
v -13.816054 114.925903 72.233035
v -13.927293 114.708779 71.727668
v -14.022436 114.363771 71.295430
v -14.094847 113.914938 70.966465
v -14.139476 113.393581 70.763714
v -14.153210 112.836060 70.701317
v -14.135093 112.281254 70.783624
v 13.816054 114.925903 72.233035
v 13.927293 114.708779 71.727668
v 14.022436 114.363771 71.295430
v 14.094847 113.914938 70.966465
v 14.139476 113.393581 70.763714
v 14.153210 112.836060 70.701317
v 14.135093 112.281254 70.783624
v 26.986084 114.925903 76.670535
v 27.203362 114.708779 76.200896
v 27.389199 114.363771 75.799217
v 27.530634 113.914938 75.493509
v 27.617805 113.393581 75.305092
v 27.644633 112.836060 75.247106
v 27.609245 112.281254 75.323595
v 38.894276 114.925903 83.835456
v 39.207432 114.708779 83.423505
v 39.475273 114.363771 83.071167
v 39.679120 113.914938 82.803010
v 39.804757 113.393581 82.637738
v 39.843422 112.836060 82.586874
v 39.792419 112.281254 82.653967
v 48.983814 114.925903 93.392774
v 49.378206 114.708779 93.057774
v 49.715527 114.363771 92.771251
v 49.972254 113.914938 92.553185
v 50.130482 113.393581 92.418784
v 50.179178 112.836060 92.377422
v 50.114944 112.281254 92.431983
v 56.782923 114.925903 104.895599
v 57.240109 114.708779 104.653215
v 57.631139 114.363771 104.445904
v 57.928741 113.914938 104.288125
v 58.112162 113.393581 104.190881
v 58.168611 112.836060 104.160954
v 58.094150 112.281254 104.200431
v 61.926926 114.925903 117.806074
v 62.425529 114.708779 117.667637
v 62.851982 114.363771 117.549233
v 63.176544 113.914938 117.459119
v 63.376582 113.393581 117.403579
v 63.438144 112.836060 117.386486
v 63.356938 112.281254 117.409033
v 64.175295 114.925903 131.520517
v 64.692001 114.708779 131.492502
v 65.133937 114.363771 131.468541
v 65.470283 113.914938 131.450304
v 65.677583 113.393581 131.439065
v 65.741381 112.836060 131.435606
v 65.657226 112.281254 131.440169
v 63.422898 114.925903 145.397656
v 63.933546 114.708779 145.481373
v 64.370301 114.363771 145.552975
v 64.702704 113.914938 145.607470
v 64.907574 113.393581 145.641057
v 64.970623 112.836060 145.651393
v 64.887455 112.281254 145.637758
v 59.704917 114.925903 158.788613
v 60.185630 114.708779 158.980147
v 60.596781 114.363771 159.143964
v 60.909698 113.914938 159.268642
v 61.102558 113.393581 159.345484
v 61.161911 112.836060 159.369133
v 61.083619 112.281254 159.337938
v 53.195201 114.925903 171.067241
v 53.623501 114.708779 171.357636
v 53.989824 114.363771 171.606009
v 54.268622 113.914938 171.795039
v 54.440455 113.393581 171.911544
v 54.493337 112.836060 171.947399
v 54.423581 112.281254 171.900103
v 44.198136 114.925903 181.659405
v 44.553996 114.708779 182.035082
v 44.858362 114.363771 182.356397
v 45.090007 113.914938 182.600941
v 45.232776 113.393581 182.751661
v 45.276714 112.836060 182.798046
v 45.218756 112.281254 182.736861
v 33.134415 114.925903 190.069827
v 33.401196 114.708779 190.513220
v 33.629373 114.363771 190.892452
v 33.803032 113.914938 191.181076
v 33.910063 113.393581 191.358964
v 33.943003 112.836060 191.413709
v 33.899553 112.281254 191.341495
v 20.521366 114.925903 195.905244
v 20.686593 114.708779 196.395622
v 20.827912 114.363771 196.815039
v 20.935465 113.914938 197.134246
v 21.001754 113.393581 197.330984
v 21.022154 112.836060 197.391530
v 20.995244 112.281254 197.311664
v 6.948761 114.925903 198.892801
v 7.004709 114.708779 199.407232
v 7.052560 114.363771 199.847223
v 7.088979 113.914938 200.182088
v 7.111425 113.393581 200.388476
v 7.118333 112.836060 200.451993
v 7.109221 112.281254 200.368209
v -6.948761 114.925903 198.892801
v -7.004709 114.708779 199.407232
v -7.052560 114.363771 199.847223
v -7.088979 113.914938 200.182088
v -7.111425 113.393581 200.388476
v -7.118333 112.836060 200.451993
v -7.109221 112.281254 200.368209
v -20.521366 114.925903 195.905244
v -20.686593 114.708779 196.395622
v -20.827912 114.363771 196.815039
v -20.935465 113.914938 197.134246
v -21.001754 113.393581 197.330984
v -21.022154 112.836060 197.391530
v -20.995244 112.281254 197.311664
v -33.134415 114.925903 190.069827
v -33.401196 114.708779 190.513220
v -33.629373 114.363771 190.892452
v -33.803032 113.914938 191.181076
v -33.910063 113.393581 191.358964
v -33.943003 112.836060 191.413709
v -33.899553 112.281254 191.341495
v -44.198136 114.925903 181.659405
v -44.553996 114.708779 182.035082
v -44.858362 114.363771 182.356397
v -45.090007 113.914938 182.600941
v -45.232776 113.393581 182.751661
v -45.276714 112.836060 182.798046
v -45.218756 112.281254 182.736861
v -53.195201 114.925903 171.067241
v -53.623501 114.708779 171.357636
v -53.989824 114.363771 171.606009
v -54.268622 113.914938 171.795039
v -54.440455 113.393581 171.911544
v -54.493337 112.836060 171.947399
v -54.423581 112.281254 171.900103
v -59.704917 114.925903 158.788613
v -60.185630 114.708779 158.980147
v -60.596781 114.363771 159.143964
v -60.909698 113.914938 159.268642
v -61.102558 113.393581 159.345484
v -61.161911 112.836060 159.369133
v -61.083619 112.281254 159.337938
v -40.031883 70.000000 135.000000
v -39.262681 70.000000 142.809833
v -36.984637 70.000000 150.319538
v -33.285294 70.000000 157.240522
v -28.306816 70.000000 163.306816
v -22.240522 70.000000 168.285294
v -15.319538 70.000000 171.984637
v -7.809833 70.000000 174.262681
v 0.000000 70.000000 175.031883
v 7.809833 70.000000 174.262681
v 15.319538 70.000000 171.984637
v 22.240522 70.000000 168.285294
v 28.306816 70.000000 163.306816
v 33.285294 70.000000 157.240522
v 36.984637 70.000000 150.319538
v 39.262681 70.000000 142.809833
v 40.031883 70.000000 135.000000
v 39.262681 70.000000 127.190167
v 36.984637 70.000000 119.680462
v 33.285294 70.000000 112.759478
v 28.306816 70.000000 106.693184
v 22.240522 70.000000 101.714706
v 15.319538 70.000000 98.015363
v 7.809833 70.000000 95.737319
v 0.000000 70.000000 94.968117
v -7.809833 70.000000 95.737319
v -15.319538 70.000000 98.015363
v -22.240522 70.000000 101.714706
v -28.306816 70.000000 106.693184
v -33.285294 70.000000 112.759478
v -36.984637 70.000000 119.680462
v -39.262681 70.000000 127.190167
v 40.000000 70.000000 135.000000
v 39.231411 70.000000 142.803613
v 36.955181 70.000000 150.307337
v 33.258784 70.000000 157.222809
v 28.284271 70.000000 163.284271
v 22.222809 70.000000 168.258784
v 15.307337 70.000000 171.955181
v 7.803613 70.000000 174.231411
v -0.000000 70.000000 175.000000
v -7.803613 70.000000 174.231411
v -15.307337 70.000000 171.955181
v -22.222809 70.000000 168.258784
v -28.284271 70.000000 163.284271
v -33.258784 70.000000 157.222809
v -36.955181 70.000000 150.307337
v -39.231411 70.000000 142.803613
v -40.000000 70.000000 135.000000
v -39.231411 70.000000 127.196387
v -36.955181 70.000000 119.692663
v -33.258784 70.000000 112.777191
v -28.284271 70.000000 106.715729
v -22.222809 70.000000 101.741216
v -15.307337 70.000000 98.044819
v -7.803613 70.000000 95.768589
v -0.000000 70.000000 95.000000
v 7.803613 70.000000 95.768589
v 15.307337 70.000000 98.044819
v 22.222809 70.000000 101.741216
v 28.284271 70.000000 106.715729
v 33.258784 70.000000 112.777191
v 36.955181 70.000000 119.692663
v 39.231411 70.000000 127.196387
v 80.576871 12.567462 135.010179
v 78.326891 11.791303 135.009550
v 76.274352 10.586347 135.008574
v 74.500000 8.999997 135.007289
v 74.500000 8.695216 132.677670
v 74.500000 7.797871 130.506314
v 74.500000 6.369113 128.641195
v 74.500000 4.506311 127.209419
v 74.500000 2.336412 126.308557
v 74.500000 0.007289 126.000003
v 74.500000 -2.322330 126.304784
v 74.500000 -4.493686 127.202129
v 74.500000 -6.358805 128.630887
v 74.500000 -7.790581 130.493689
v 74.500000 -8.691443 132.663588
v 74.500000 -8.999997 134.992711
v 74.500000 -8.695216 137.322330
v 74.500000 -7.797871 139.493686
v 74.500000 -6.369113 141.358805
v 74.500000 -4.506311 142.790581
v 74.500000 -2.336412 143.691443
v 74.500000 -0.007289 143.999997
v 74.500000 2.322330 143.695216
v 74.500000 4.493686 142.797871
v 74.500000 6.358805 141.369113
v 74.500000 7.790581 139.506311
v 74.500000 8.691443 137.336412
v 80.576871 12.325954 137.450531
v 80.576871 11.614289 139.800552
v 80.576871 10.456642 141.971161
v 80.576871 8.894893 143.878461
v 80.576871 6.993079 145.441964
v 80.576871 4.817342 146.607337
v 80.576871 2.463445 147.321582
v 80.576871 0.007936 147.567158
v 80.576871 -2.440286 147.326158
v 80.576871 -4.802598 146.613341
v 80.576871 -6.972341 145.453464
v 80.576871 -8.881790 143.890977
v 80.576871 -10.442493 141.988715
v 80.576871 -11.608439 139.814643
v 80.576871 -12.322240 137.459597
v 80.576871 -12.567319 135.005101
v 80.576871 -12.325301 132.555895
v 80.576871 -11.612411 130.194767
v 80.576871 -10.451214 128.024445
v 80.576871 -8.889133 126.116173
v 80.576871 -6.985405 124.555387
v 80.576871 -4.812198 123.390416
v 80.576871 -2.455723 122.677057
v 80.576871 -0.002452 122.432573
v 80.576871 2.447961 122.675524
v 80.576871 4.807671 123.388500
v 80.576871 6.978811 124.551018
v 80.576871 8.885685 126.112618
v 80.576871 10.446779 128.017901
v 80.576871 11.610595 130.190091
v 80.576871 12.323689 132.548161
v 80.576871 12.567466 135.000000
v 80.576871 12.567465 135.005089
v 76.665050 10.859600 135.000000
v 78.544438 11.888863 135.000000
v 76.665050 10.726870 136.690796
v 76.665050 9.684155 139.913526
v 76.665050 8.796550 141.367974
v 76.665050 3.373137 145.322235
v 76.665050 1.714419 145.721455
v 76.665050 -4.915818 144.682957
v 76.665050 -6.371220 143.791836
v 76.665050 -10.323555 138.368578
v 76.665050 -10.722354 136.708852
v 76.665050 -9.680619 130.079965
v 76.665050 -8.788552 128.624200
v 76.665050 -3.363870 124.675107
v 76.665050 -1.703301 124.276715
v 76.665050 4.924367 125.321805
v 76.665050 6.380384 126.214695
v 76.665050 10.326256 131.640973
v 76.665050 10.724246 133.302219
v 78.544438 11.304969 131.322607
v 78.544438 11.740680 133.141305
v 76.665050 8.782104 128.615039
v 78.544438 9.614464 128.009878
v 78.544438 10.592756 129.604043
v 76.665050 9.675702 130.071191
v 78.544438 6.985111 125.382031
v 78.544438 8.408170 126.594791
v 76.665050 7.682329 127.324547
v 78.544438 5.391094 124.404514
v 76.665050 1.692305 124.274770
v 78.544438 1.852700 123.258243
v 78.544438 3.671962 123.693505
v 76.665050 3.354066 124.672350
v 78.544438 -1.864738 123.260372
v 78.544438 0.001265 123.111173
v 76.665050 0.004430 124.140432
v 78.544438 -3.682694 123.696523
v 76.665050 -6.389517 126.221045
v 78.544438 -6.995110 125.388984
v 78.544438 -5.400931 124.410034
v 76.665050 -4.933352 125.326846
v 78.544438 -9.621523 128.019908
v 78.544438 -8.406355 126.593074
v 76.665050 -7.676033 127.318338
v 78.544438 -10.598139 129.613649
v 76.665050 -10.726232 133.313114
v 78.544438 -11.742855 133.153232
v 78.544438 -11.308059 131.333583
v 76.665050 -10.329079 131.650999
v 76.665050 -10.859469 135.007053
v 78.544438 -11.888722 135.006273
v 78.544438 -11.302012 138.687848
v 78.544438 -11.738609 136.870815
v 76.665050 -8.775861 141.394038
v 78.544438 -9.607629 142.000059
v 78.544438 -10.587131 140.406008
v 76.665050 -9.670563 139.937990
v 76.665050 -7.672449 142.685066
v 78.544438 -8.400919 143.412171
v 78.544438 -5.381734 145.600699
v 78.544438 -6.975079 144.625119
v 76.665050 -1.681539 145.727247
v 78.544438 -1.840914 146.743965
v 78.544438 -3.660775 146.309666
v 76.665050 -3.343848 145.330546
v 76.665050 0.010829 145.859326
v 78.544438 0.009681 146.888568
v 78.544438 3.692840 146.300567
v 78.544438 1.876910 146.737625
v 76.665050 6.399254 143.773851
v 78.544438 7.005770 144.605428
v 78.544438 5.411756 145.585129
v 76.665050 4.943241 144.668735
v 76.665050 7.689924 142.668096
v 78.544438 8.417417 143.396226
v 78.544438 10.602010 140.379225
v 78.544438 9.630279 141.971524
v 78.544438 11.743553 136.851049
v 78.544438 11.311634 138.659492
v 76.665050 10.332344 138.342676
v 80.500000 4.500000 135.000000
v 80.500000 4.346666 133.835314
v 80.500000 3.897114 132.750000
v 80.500000 3.181981 131.818019
v 80.500000 2.250000 131.102886
v 80.500000 1.164686 130.653334
v 80.500000 -0.000000 130.500000
v 80.500000 -1.164686 130.653334
v 80.500000 -2.250000 131.102886
v 80.500000 -3.181981 131.818019
v 80.500000 -3.897114 132.750000
v 80.500000 -4.346666 133.835314
v 80.500000 -4.500000 135.000000
v 80.500000 -4.346666 136.164686
v 80.500000 -3.897114 137.250000
v 80.500000 -3.181981 138.181981
v 80.500000 -2.250000 138.897114
v 80.500000 -1.164686 139.346666
v 80.500000 0.000000 139.500000
v 80.500000 1.164686 139.346666
v 80.500000 2.250000 138.897114
v 80.500000 3.181981 138.181981
v 80.500000 3.897114 137.250000
v 80.500000 4.346666 136.164686
v 76.050828 8.699785 135.000000
v 77.494856 8.059490 135.000000
v 78.758550 7.111718 135.000000
v 79.777562 5.904734 135.000000
v 76.050828 8.401887 137.257115
v 77.494856 7.783855 137.089732
v 78.758550 6.868796 136.842874
v 79.777562 5.703288 136.529182
v 76.050828 7.531415 139.354773
v 77.494856 6.977764 139.033136
v 78.758550 6.157776 138.557854
v 79.777562 5.113172 137.953195
v 76.050828 6.147690 141.155662
v 77.494856 5.696150 140.701689
v 78.758550 5.027115 140.030373
v 79.777562 4.174601 139.175954
v 76.050828 4.345010 142.537052
v 77.494856 4.026352 141.981680
v 78.758550 3.553864 141.160080
v 79.777562 2.951539 140.114128
v 76.050828 2.246225 143.404804
v 77.494856 2.082166 142.785882
v 78.758550 1.838423 141.869988
v 79.777562 1.527334 140.703783
v 76.050828 -0.005637 143.699783
v 77.494856 -0.003917 143.059489
v 78.758550 -0.002304 142.111718
v 79.777562 -0.000956 140.904734
v 76.050828 -2.257115 143.401887
v 77.494856 -2.089732 142.783855
v 78.758550 -1.842874 141.868796
v 79.777562 -1.529182 140.703288
v 76.050828 -4.354773 142.531415
v 77.494856 -4.033136 141.977764
v 78.758550 -3.557854 141.157776
v 79.777562 -2.953195 140.113172
v 76.050828 -6.155662 141.147690
v 77.494856 -5.701689 140.696150
v 78.758550 -5.030373 140.027115
v 79.777562 -4.175954 139.174601
v 76.050828 -7.537052 139.345010
v 77.494856 -6.981680 139.026352
v 78.758550 -6.160080 138.553864
v 79.777562 -5.114128 137.951539
v 76.050828 -8.404804 137.246225
v 77.494856 -7.785882 137.082166
v 78.758550 -6.869988 136.838423
v 79.777562 -5.703783 136.527334
v 76.050828 -8.699783 134.994363
v 77.494856 -8.059489 134.996083
v 78.758550 -7.111718 134.997696
v 79.777562 -5.904734 134.999044
v 76.050828 -8.401887 132.742885
v 77.494856 -7.783855 132.910268
v 78.758550 -6.868796 133.157126
v 79.777562 -5.703288 133.470818
v 76.050828 -7.531415 130.645227
v 77.494856 -6.977764 130.966864
v 78.758550 -6.157776 131.442146
v 79.777562 -5.113172 132.046805
v 76.050828 -6.147690 128.844338
v 77.494856 -5.696150 129.298311
v 78.758550 -5.027115 129.969627
v 79.777562 -4.174601 130.824046
v 76.050828 -4.345010 127.462948
v 77.494856 -4.026352 128.018320
v 78.758550 -3.553864 128.839920
v 79.777562 -2.951539 129.885872
v 76.050828 -2.246225 126.595196
v 77.494856 -2.082166 127.214118
v 78.758550 -1.838423 128.130012
v 79.777562 -1.527334 129.296217
v 76.050828 0.005637 126.300217
v 77.494856 0.003917 126.940511
v 78.758550 0.002304 127.888282
v 79.777562 0.000956 129.095266
v 76.050828 2.257115 126.598113
v 77.494856 2.089732 127.216145
v 78.758550 1.842874 128.131204
v 79.777562 1.529182 129.296712
v 76.050828 4.354773 127.468585
v 77.494856 4.033136 128.022236
v 78.758550 3.557854 128.842224
v 79.777562 2.953195 129.886828
v 76.050828 6.155662 128.852310
v 77.494856 5.701689 129.303850
v 78.758550 5.030373 129.972885
v 79.777562 4.175954 130.825399
v 76.050828 7.537052 130.654990
v 77.494856 6.981680 130.973648
v 78.758550 6.160080 131.446136
v 79.777562 5.114128 132.048461
v 76.050828 8.404804 132.753775
v 77.494856 7.785882 132.917834
v 78.758550 6.869988 133.161577
v 79.777562 5.703783 133.472666
v 80.000000 -17.500000 135.000000
v 80.000000 -16.903702 130.470667
v 80.000000 -15.155445 126.250000
v 80.000000 -12.374369 122.625631
v 80.000000 -8.750000 119.844555
v 80.000000 -4.529333 118.096298
v 80.000000 0.000000 117.500000
v 80.000000 4.529333 118.096298
v 80.000000 8.750000 119.844555
v 80.000000 12.374369 122.625631
v 80.000000 15.155445 126.250000
v 80.000000 16.903702 130.470667
v 80.000000 17.500000 135.000000
v 80.000000 16.903702 139.529333
v 80.000000 15.155445 143.750000
v 80.000000 12.374369 147.374369
v 80.000000 8.750000 150.155445
v 80.000000 4.529333 151.903702
v 80.000000 0.000000 152.500000
v 80.000000 -4.529333 151.903702
v 80.000000 -8.750000 150.155445
v 80.000000 -12.374369 147.374369
v 80.000000 -15.155445 143.750000
v 80.000000 -16.903702 139.529333
v 80.600114 0.000000 152.426904
v 81.165135 0.000000 152.211891
v 81.662023 0.000000 151.867533
v 82.061721 0.000000 151.413969
v 82.340856 0.000000 150.877720
v 82.483106 0.000000 150.290144
v 82.480152 0.000000 149.685602
v 82.332167 0.000000 149.099446
v 82.047804 0.000000 148.565950
v 81.643692 0.000000 148.116313
v 81.143463 -0.000000 147.776828
v 80.600114 -16.833097 130.489585
v 81.165135 -16.625410 130.545235
v 81.662023 -16.292786 130.634361
v 82.061721 -15.854676 130.751752
v 82.340856 -15.336699 130.890544
v 82.483106 -14.769145 131.042619
v 82.480152 -14.185203 131.199086
v 82.332167 -13.619019 131.350795
v 82.047804 -13.103702 131.488874
v 81.643692 -12.669386 131.605248
v 81.143463 -12.341468 131.693114
v 81.143463 -12.776827 135.004754
v 81.643692 -13.116312 135.004437
v 82.047804 -13.565950 135.004130
v 82.332167 -14.099445 135.003816
v 82.480152 -14.685602 135.003477
v 82.483106 -15.290144 135.003103
v 82.340856 -15.877719 135.002685
v 82.061721 -16.413968 135.002221
v 81.662023 -16.867533 135.001712
v 81.165135 -17.211891 135.001164
v 80.600114 -17.426904 135.000590
v 80.600114 -15.092142 126.286548
v 81.165135 -14.905935 126.394055
v 81.662023 -14.607712 126.566233
v 82.061721 -14.214914 126.793016
v 82.340856 -13.750508 127.061140
v 82.483106 -13.241653 127.354928
v 82.480152 -12.718105 127.657199
v 82.332167 -12.210478 127.950277
v 82.047804 -11.748457 128.217025
v 81.643692 -11.359060 128.441843
v 81.143463 -11.065058 128.611586
v 80.600114 -12.322989 122.677625
v 81.165135 -12.171250 122.829961
v 81.662023 -11.928037 123.073743
v 82.061721 -11.607584 123.394727
v 82.340856 -11.228640 123.774154
v 82.483106 -10.813379 124.189850
v 82.480152 -10.386098 124.617520
v 82.332167 -9.971798 125.032171
v 82.047804 -9.594723 125.409573
v 81.643692 -9.276942 125.727674
v 81.143463 -9.037054 125.967891
v 80.600114 -8.713452 119.907858
v 81.165135 -8.605945 120.094065
v 81.662023 -8.433767 120.392288
v 82.061721 -8.206984 120.785086
v 82.340856 -7.938860 121.249492
v 82.483106 -7.645072 121.758347
v 82.480152 -7.342801 122.281895
v 82.332167 -7.049723 122.789522
v 82.047804 -6.782975 123.251543
v 81.643692 -6.558157 123.640940
v 81.143463 -6.388414 123.934942
v 80.600114 -4.510415 118.166903
v 81.165135 -4.454765 118.374590
v 81.662023 -4.365639 118.707214
v 82.061721 -4.248248 119.145324
v 82.340856 -4.109456 119.663301
v 82.483106 -3.957381 120.230855
v 82.480152 -3.800914 120.814797
v 82.332167 -3.649205 121.380981
v 82.047804 -3.511126 121.896298
v 81.643692 -3.394752 122.330614
v 81.143463 -3.306886 122.658532
v 80.600114 -0.000283 117.573096
v 81.165135 -0.000560 117.788109
v 81.662023 -0.000823 118.132467
v 82.061721 -0.001067 118.586032
v 82.340856 -0.001291 119.122281
v 82.483106 -0.001492 119.709856
v 82.480152 -0.001671 120.314398
v 82.332167 -0.001834 120.900555
v 82.047804 -0.001985 121.434050
v 81.643692 -0.002132 121.883687
v 81.143463 -0.002285 122.223172
v 80.600114 4.510415 118.166903
v 81.165135 4.454765 118.374590
v 81.662023 4.365639 118.707214
v 82.061721 4.248248 119.145324
v 82.340856 4.109456 119.663301
v 82.483106 3.957381 120.230855
v 82.480152 3.800914 120.814797
v 82.332167 3.649205 121.380981
v 82.047804 3.511126 121.896298
v 81.643692 3.394752 122.330614
v 81.143463 3.306886 122.658532
v 80.600114 8.713452 119.907858
v 81.165135 8.605945 120.094065
v 81.662023 8.433767 120.392288
v 82.061721 8.206984 120.785086
v 82.340856 7.938860 121.249492
v 82.483106 7.645072 121.758347
v 82.480152 7.342801 122.281895
v 82.332167 7.049723 122.789522
v 82.047804 6.782975 123.251543
v 81.643692 6.558157 123.640940
v 81.143463 6.388414 123.934942
v 80.600114 12.322584 122.677220
v 81.165135 12.170451 122.829162
v 81.662023 11.926862 123.072568
v 82.061721 11.606059 123.393202
v 82.340856 11.226796 123.772310
v 82.483106 10.811248 124.187719
v 82.480152 10.383710 124.615132
v 82.332167 9.969179 125.029552
v 82.047804 9.591888 125.406737
v 81.643692 9.273896 125.724628
v 81.143463 9.033791 125.964627
v 80.600114 15.092142 126.286548
v 81.165135 14.905935 126.394055
v 81.662023 14.607712 126.566233
v 82.061721 14.214914 126.793016
v 82.340856 13.750508 127.061140
v 82.483106 13.241653 127.354928
v 82.480152 12.718105 127.657199
v 82.332167 12.210478 127.950277
v 82.047804 11.748457 128.217025
v 81.643692 11.359060 128.441843
v 81.143463 11.065058 128.611586
v 80.600114 16.833097 130.489585
v 81.165135 16.625410 130.545235
v 81.662023 16.292786 130.634361
v 82.061721 15.854676 130.751752
v 82.340856 15.336699 130.890544
v 82.483106 14.769145 131.042619
v 82.480152 14.185203 131.199086
v 82.332167 13.619019 131.350795
v 82.047804 13.103702 131.488874
v 81.643692 12.669386 131.605248
v 81.143463 12.341468 131.693114
v 80.600114 17.426904 135.000000
v 81.165135 17.211891 135.000000
v 81.662023 16.867533 135.000000
v 82.061721 16.413969 135.000000
v 82.340856 15.877720 135.000000
v 82.483106 15.290144 135.000000
v 82.480152 14.685602 135.000000
v 82.332167 14.099446 135.000000
v 82.047804 13.565950 135.000000
v 81.643692 13.116313 135.000000
v 81.143463 12.776828 135.000000
v 80.600114 16.833097 139.510415
v 81.165135 16.625410 139.454765
v 81.662023 16.292786 139.365639
v 82.061721 15.854676 139.248248
v 82.340856 15.336699 139.109456
v 82.483106 14.769145 138.957381
v 82.480152 14.185203 138.800914
v 82.332167 13.619019 138.649205
v 82.047804 13.103702 138.511126
v 81.643692 12.669386 138.394752
v 81.143463 12.341468 138.306886
v 80.600114 15.092142 143.713452
v 81.165135 14.905935 143.605945
v 81.662023 14.607712 143.433767
v 82.061721 14.214914 143.206984
v 82.340856 13.750508 142.938860
v 82.483106 13.241653 142.645072
v 82.480152 12.718105 142.342801
v 82.332167 12.210478 142.049723
v 82.047804 11.748457 141.782975
v 81.643692 11.359060 141.558157
v 81.143463 11.065058 141.388414
v 80.600114 12.323631 147.321733
v 81.165135 12.172520 147.168769
v 81.662023 11.929904 146.924390
v 82.061721 11.610005 146.602851
v 82.340856 11.231568 146.222917
v 82.483106 10.816762 145.806765
v 82.480152 10.389888 145.378687
v 82.332167 9.975957 144.963666
v 82.047804 9.599225 144.585921
v 81.643692 9.281777 144.267485
v 81.143463 9.042236 144.026921
v 80.600114 8.713452 150.092142
v 81.165135 8.605945 149.905935
v 81.662023 8.433767 149.607712
v 82.061721 8.206984 149.214914
v 82.340856 7.938860 148.750508
v 82.483106 7.645072 148.241653
v 82.480152 7.342801 147.718105
v 82.332167 7.049723 147.210478
v 82.047804 6.782975 146.748457
v 81.643692 6.558157 146.359060
v 81.143463 6.388414 146.065058
v 80.600114 4.510415 151.833097
v 81.165135 4.454765 151.625410
v 81.662023 4.365639 151.292786
v 82.061721 4.248248 150.854676
v 82.340856 4.109456 150.336699
v 82.483106 3.957381 149.769145
v 82.480152 3.800914 149.185203
v 82.332167 3.649205 148.619019
v 82.047804 3.511126 148.103702
v 81.643692 3.394752 147.669386
v 81.143463 3.306886 147.341468
v 80.600114 -4.510415 151.833097
v 81.165135 -4.454765 151.625410
v 81.662023 -4.365639 151.292786
v 82.061721 -4.248248 150.854676
v 82.340856 -4.109456 150.336699
v 82.483106 -3.957381 149.769145
v 82.480152 -3.800914 149.185203
v 82.332167 -3.649205 148.619019
v 82.047804 -3.511126 148.103702
v 81.643692 -3.394752 147.669386
v 81.143463 -3.306886 147.341468
v 80.600114 -8.713452 150.092142
v 81.165135 -8.605945 149.905935
v 81.662023 -8.433767 149.607712
v 82.061721 -8.206984 149.214914
v 82.340856 -7.938860 148.750508
v 82.483106 -7.645072 148.241653
v 82.480152 -7.342801 147.718105
v 82.332167 -7.049723 147.210478
v 82.047804 -6.782975 146.748457
v 81.643692 -6.558157 146.359060
v 81.143463 -6.388414 146.065058
v 80.600114 -12.322151 147.323213
v 81.165135 -12.169596 147.171693
v 81.662023 -11.925606 146.928688
v 82.061721 -11.604428 146.608428
v 82.340856 -11.224825 146.229661
v 82.483106 -10.808970 145.814559
v 82.480152 -10.381157 145.387420
v 82.332167 -9.966377 144.973249
v 82.047804 -9.588855 144.596294
v 81.643692 -9.270638 144.278629
v 81.143463 -9.030300 144.038862
v 80.600114 -15.092142 143.713452
v 81.165135 -14.905935 143.605945
v 81.662023 -14.607712 143.433767
v 82.061721 -14.214914 143.206984
v 82.340856 -13.750508 142.938860
v 82.483106 -13.241653 142.645072
v 82.480152 -12.718105 142.342801
v 82.332167 -12.210478 142.049723
v 82.047804 -11.748457 141.782975
v 81.643692 -11.359060 141.558157
v 81.143463 -11.065058 141.388414
v 80.600114 -16.833097 139.510415
v 81.165135 -16.625410 139.454765
v 81.662023 -16.292786 139.365639
v 82.061721 -15.854676 139.248248
v 82.340856 -15.336699 139.109456
v 82.483106 -14.769145 138.957381
v 82.480152 -14.185203 138.800914
v 82.332167 -13.619019 138.649205
v 82.047804 -13.103702 138.511126
v 81.643692 -12.669386 138.394752
v 81.143463 -12.341468 138.306886
v 73.500000 -17.500000 135.000000
v 73.500000 -16.903702 130.470667
v 73.500000 -15.155445 126.250000
v 73.500000 -12.374369 122.625631
v 73.500000 -8.750000 119.844555
v 73.500000 -4.529333 118.096298
v 73.500000 0.000000 117.500000
v 73.500000 4.529333 118.096298
v 73.500000 8.750000 119.844555
v 73.500000 12.374369 122.625631
v 73.500000 15.155445 126.250000
v 73.500000 16.903702 130.470667
v 73.500000 17.500000 135.000000
v 73.500000 16.903702 139.529333
v 73.500000 15.155445 143.750000
v 73.500000 12.374369 147.374369
v 73.500000 8.750000 150.155445
v 73.500000 4.529333 151.903702
v 73.500000 0.000000 152.500000
v 73.500000 -4.529333 151.903702
v 73.500000 -8.750000 150.155445
v 73.500000 -12.374369 147.374369
v 73.500000 -15.155445 143.750000
v 73.500000 -16.903702 139.529333
v 73.371987 17.674787 135.000000
v 73.209333 17.817901 135.000000
v 73.019674 17.922625 135.000000
v 73.371987 -17.072533 139.574572
v 73.209333 -17.210771 139.611612
v 73.019674 -17.311926 139.638717
v 73.019674 -17.922625 135.000000
v 73.209333 -17.817901 135.000000
v 73.371987 -17.674787 135.000000
v 73.371987 -15.306815 143.837394
v 73.209333 -15.430755 143.908951
v 73.019674 -15.521448 143.961312
v 73.371987 -12.497962 147.497962
v 73.209333 -12.599159 147.599159
v 73.019674 -12.673209 147.673209
v 73.371987 -8.837394 150.306815
v 73.209333 -8.908951 150.430755
v 73.019674 -8.961312 150.521448
v 73.371987 -4.574572 152.072533
v 73.209333 -4.611612 152.210771
v 73.019674 -4.638717 152.311926
v 73.371987 0.000000 152.674787
v 73.209333 0.000000 152.817901
v 73.019674 -0.000000 152.922625
v 73.371987 4.574572 152.072533
v 73.209333 4.611612 152.210771
v 73.019674 4.638717 152.311926
v 73.371987 8.837394 150.306815
v 73.209333 8.908951 150.430755
v 73.019674 8.961312 150.521448
v 73.371987 12.497962 147.497962
v 73.209333 12.599159 147.599159
v 73.019674 12.673209 147.673209
v 73.371987 15.306815 143.837394
v 73.209333 15.430755 143.908951
v 73.019674 15.521448 143.961312
v 73.371987 17.072533 139.574572
v 73.209333 17.210771 139.611612
v 73.019674 17.311926 139.638717
v 73.371987 17.072533 130.425428
v 73.209333 17.210771 130.388388
v 73.019674 17.311926 130.361283
v 73.371987 15.306815 126.162606
v 73.209333 15.430755 126.091049
v 73.019674 15.521448 126.038688
v 73.371987 12.497962 122.502038
v 73.209333 12.599159 122.400841
v 73.019674 12.673209 122.326791
v 73.371987 8.837394 119.693185
v 73.209333 8.908951 119.569245
v 73.019674 8.961312 119.478552
v 73.371987 4.574572 117.927467
v 73.209333 4.611612 117.789229
v 73.019674 4.638717 117.688074
v 73.371987 0.000000 117.325213
v 73.209333 0.000000 117.182099
v 73.019674 0.000000 117.077375
v 73.371987 -4.574572 117.927467
v 73.209333 -4.611612 117.789229
v 73.019674 -4.638717 117.688074
v 73.371987 -8.837394 119.693185
v 73.209333 -8.908951 119.569245
v 73.019674 -8.961312 119.478552
v 73.371987 -12.497962 122.502038
v 73.209333 -12.599159 122.400841
v 73.019674 -12.673209 122.326791
v 73.371987 -15.306815 126.162606
v 73.209333 -15.430755 126.091049
v 73.019674 -15.521448 126.038688
v 73.371987 -17.072533 130.425428
v 73.209333 -17.210771 130.388388
v 73.019674 -17.311926 130.361283
vt -0.544840 12.558921 0.000000
vt -0.465700 12.420214 0.000000
vt -0.480624 12.604231 0.000000
vt -0.418325 12.649442 0.000000
vt -0.415970 12.349238 0.000000
vt -0.358637 12.286879 0.000000
vt -0.353751 12.695172 0.000000
vt -0.326047 12.260401 0.000000
vt -0.289906 12.736949 0.000000
vt -0.290853 12.238204 0.000000
vt -0.253493 12.220672 0.000000
vt -0.221257 12.775630 0.000000
vt -0.214114 12.207532 0.000000
vt -0.187430 12.791611 0.000000
vt -0.173827 12.198379 0.000000
vt -0.150893 12.806166 0.000000
vt -0.132691 12.192277 0.000000
vt -0.113754 12.818226 0.000000
vt -0.091304 12.188488 0.000000
vt -0.077238 12.826763 0.000000
vt -0.049674 12.186426 0.000000
vt -0.038184 12.832304 0.000000
vt -0.007926 12.185614 0.000000
vt 0.000000 12.834304 0.000000
vt 0.033771 12.185973 0.000000
vt 0.038184 12.832304 0.000000
vt 0.075509 12.187540 0.000000
vt 0.077238 12.826763 0.000000
vt 0.113754 12.818226 0.000000
vt 0.116994 12.190597 0.000000
vt 0.150893 12.806166 0.000000
vt 0.158269 12.195749 0.000000
vt 0.187430 12.791611 0.000000
vt 0.198940 12.203644 0.000000
vt 0.221257 12.775630 0.000000
vt 0.238635 12.215147 0.000000
vt 0.289906 12.736949 0.000000
vt 0.277916 12.231474 0.000000
vt 0.318523 12.255123 0.000000
vt 0.353751 12.695172 0.000000
vt 0.359647 12.287802 0.000000
vt 0.418325 12.649442 0.000000
vt 0.430526 12.368426 0.000000
vt 0.480624 12.604231 0.000000
vt 0.544840 12.558921 0.000000
vt 0.617610 12.086458 0.000000
vt 0.618876 12.090716 0.000000
vt 0.655384 12.063956 0.000000
vt 0.656761 12.070387 0.000000
vt 0.693894 12.044385 0.000000
vt 0.695623 12.052595 0.000000
vt 0.735498 12.027041 0.000000
vt 0.737094 12.036978 0.000000
vt 0.776509 12.014258 0.000000
vt 0.777690 12.025594 0.000000
vt 0.820297 12.006080 0.000000
vt 0.821011 12.018293 0.000000
vt 0.863938 12.003066 0.000000
vt 0.863938 12.015616 0.000000
vt 0.906865 12.018293 0.000000
vt 0.907579 12.006080 0.000000
vt 0.950185 12.025594 0.000000
vt 0.951367 12.014258 0.000000
vt 0.990782 12.036978 0.000000
vt 0.992377 12.027041 0.000000
vt 1.032253 12.052595 0.000000
vt 1.033982 12.044385 0.000000
vt 1.071115 12.070387 0.000000
vt 1.072492 12.063956 0.000000
vt 1.109000 12.090716 0.000000
vt 1.110266 12.086458 0.000000
vt 1.183036 12.136167 0.000000
vt 0.594618 29.051055 0.000000
vt 0.508080 29.213141 0.000000
vt 0.524159 29.005163 0.000000
vt 0.453212 28.955313 0.000000
vt 0.412122 29.360232 0.000000
vt 0.384771 28.906890 0.000000
vt 0.353520 29.422337 0.000000
vt 0.314123 28.859621 0.000000
vt 0.320492 29.448151 0.000000
vt 0.284555 29.469802 0.000000
vt 0.240447 28.816651 0.000000
vt 0.246686 29.486590 0.000000
vt 0.206993 29.499002 0.000000
vt 0.203333 28.798136 0.000000
vt 0.166255 29.507615 0.000000
vt 0.164603 28.781871 0.000000
vt 0.124946 29.513220 0.000000
vt 0.123875 28.767919 0.000000
vt 0.083193 29.516674 0.000000
vt 0.084161 28.757936 0.000000
vt 0.041773 28.751546 0.000000
vt 0.041384 29.518487 0.000000
vt 0.000000 28.749222 0.000000
vt -0.000596 29.519029 0.000000
vt -0.041773 28.751546 0.000000
vt -0.042509 29.518463 0.000000
vt -0.084161 28.757936 0.000000
vt -0.084359 29.516585 0.000000
vt -0.123875 28.767919 0.000000
vt -0.126097 29.513110 0.000000
vt -0.164603 28.781871 0.000000
vt -0.167395 29.507413 0.000000
vt -0.203333 28.798136 0.000000
vt -0.208220 29.498682 0.000000
vt -0.240447 28.816651 0.000000
vt -0.247724 29.486199 0.000000
vt -0.285861 29.469123 0.000000
vt -0.314123 28.859621 0.000000
vt -0.326402 29.444025 0.000000
vt -0.371484 29.405623 0.000000
vt -0.384771 28.906890 0.000000
vt -0.422137 29.347429 0.000000
vt -0.453212 28.955313 0.000000
vt -0.480068 29.261220 0.000000
vt -0.524159 29.005163 0.000000
vt -0.594618 29.051055 0.000000
vt 3.271718 -0.189975 0.000000
vt 2.749313 -0.162887 0.000000
vt 3.213178 -0.231575 0.000000
vt 2.778390 -0.193098 0.000000
vt 2.811267 -0.218233 0.000000
vt 3.318725 -0.135846 0.000000
vt 2.724195 -0.128017 0.000000
vt 2.706053 -0.091365 0.000000
vt 2.694238 -0.050230 0.000000
vt 3.336744 -0.105099 0.000000
vt 3.349495 -0.072589 0.000000
vt 3.357690 -0.036953 0.000000
vt 2.693376 0.032908 0.000000
vt 2.689661 -0.008704 0.000000
vt 3.360404 -0.001750 0.000000
vt 3.356960 0.033388 0.000000
vt 3.348028 0.068847 0.000000
vt 2.704336 0.074279 0.000000
vt 3.334606 0.101085 0.000000
vt 3.315954 0.131452 0.000000
vt 3.267835 0.184595 0.000000
vt 2.806897 0.203301 0.000000
vt 2.774548 0.177490 0.000000
vt 2.746103 0.146683 0.000000
vt 3.208445 0.224973 0.000000
vt 2.881670 0.243432 0.000000
vt 2.963348 0.264784 0.000000
vt 3.131058 0.255434 0.000000
vt 3.046337 0.269058 0.000000
vt 2.721714 0.111300 0.000000
vt 3.136439 -0.263634 0.000000
vt 2.886856 -0.256805 0.000000
vt 2.968959 -0.276459 0.000000
vt 3.052019 -0.279012 0.000000
vt 0.778872 0.266501 0.000000
vt 0.703106 0.249031 0.000000
vt 1.004131 0.232713 0.000000
vt 0.625007 0.211360 0.000000
vt 1.070669 0.191148 0.000000
vt 1.098240 0.165958 0.000000
vt 0.590234 0.186164 0.000000
vt 0.559843 0.156209 0.000000
vt 1.123360 0.135787 0.000000
vt 0.533166 0.120942 0.000000
vt 0.513655 0.083647 0.000000
vt 0.500979 0.041666 0.000000
vt 1.144153 0.102804 0.000000
vt 1.158789 0.068324 0.000000
vt 1.168139 0.030065 0.000000
vt 0.496053 -0.000996 0.000000
vt 0.500094 -0.043751 0.000000
vt 0.511896 -0.085985 0.000000
vt 1.167351 -0.045983 0.000000
vt 1.171266 -0.007995 0.000000
vt 0.530630 -0.123677 0.000000
vt 0.556570 -0.159489 0.000000
vt 1.157210 -0.084040 0.000000
vt 1.141862 -0.118209 0.000000
vt 1.120389 -0.150754 0.000000
vt 0.586334 -0.190068 0.000000
vt 0.620577 -0.215979 0.000000
vt 0.697878 -0.255261 0.000000
vt 0.927222 -0.269169 0.000000
vt 0.999177 -0.245188 0.000000
vt 1.066562 -0.205010 0.000000
vt 0.773266 -0.274298 0.000000
vt 0.849356 -0.279270 0.000000
vt 1.094650 -0.180397 0.000000
vt 0.932689 0.258181 0.000000
vt 0.855049 0.269894 0.000000
vt -0.594618 28.113695 0.000000
vt -0.657140 28.151969 0.000000
vt -0.657901 28.147970 0.000000
vt -0.722868 28.183100 0.000000
vt -0.724221 28.175806 0.000000
vt -0.757153 28.195354 0.000000
vt -0.758253 28.186582 0.000000
vt -0.792361 28.194288 0.000000
vt -0.791421 28.204128 0.000000
vt -0.828106 28.209888 0.000000
vt -0.828638 28.199338 0.000000
vt -0.863938 28.211970 0.000000
vt -0.863938 28.201155 0.000000
vt -0.899238 28.199338 0.000000
vt -0.899770 28.209888 0.000000
vt -0.935515 28.194288 0.000000
vt -0.936455 28.204128 0.000000
vt -0.970723 28.195354 0.000000
vt -0.969623 28.186582 0.000000
vt -1.005008 28.183100 0.000000
vt -1.003655 28.175806 0.000000
vt -1.070735 28.151969 0.000000
vt -1.069975 28.147970 0.000000
vt -1.133258 28.113695 0.000000
vt 0.330915 23.336574 0.000000
vt 0.269589 23.376492 0.000000
vt 0.263918 23.260804 0.000000
vt 0.219660 23.429070 0.000000
vt -0.287059 23.282793 0.000000
vt 0.199946 23.459611 0.000000
vt 0.185733 23.491958 0.000000
vt 0.176258 23.527810 0.000000
vt 0.172598 23.563483 0.000000
vt -0.347806 23.363677 0.000000
vt -0.386335 23.457257 0.000000
vt -0.400168 23.557541 0.000000
vt -0.388416 23.658092 0.000000
vt -0.351836 23.752454 0.000000
vt -0.292778 23.834585 0.000000
vt 0.175518 23.599225 0.000000
vt -0.215032 23.899247 0.000000
vt -0.123573 23.942340 0.000000
vt 0.184247 23.635265 0.000000
vt -0.024239 23.961145 0.000000
vt 0.197787 23.667900 0.000000
vt 0.076640 23.954479 0.000000
vt 0.216864 23.698843 0.000000
vt 0.172635 23.922761 0.000000
vt 0.265692 23.752445 0.000000
vt 0.257625 23.867988 0.000000
vt 0.326178 23.793627 0.000000
vt -0.207990 23.219759 0.000000
vt 0.180080 23.204280 0.000000
vt -0.115658 23.178570 0.000000
vt 0.084763 23.170579 0.000000
vt -0.015956 23.161826 0.000000
vt 0.307964 -0.255626 0.000000
vt 0.228906 -0.216976 0.000000
vt 0.232277 -0.325929 0.000000
vt 0.193333 -0.191216 0.000000
vt 0.162527 -0.161025 0.000000
vt -0.161700 -0.366090 0.000000
vt 0.135369 -0.125167 0.000000
vt 0.115503 -0.087162 0.000000
vt 0.102995 -0.044489 0.000000
vt -0.250012 -0.312536 0.000000
vt -0.321681 -0.238130 0.000000
vt 0.098675 -0.001023 0.000000
vt -0.371917 -0.147806 0.000000
vt -0.397353 -0.047587 0.000000
vt -0.396281 0.055822 0.000000
vt -0.368773 0.155489 0.000000
vt -0.316676 0.244748 0.000000
vt 0.103895 0.042345 0.000000
vt -0.054429 0.396468 0.000000
vt 0.117285 0.084749 0.000000
vt 0.137935 0.122333 0.000000
vt 0.048839 0.397195 0.000000
vt 0.165830 0.157621 0.000000
vt 0.148861 0.371492 0.000000
vt 0.197255 0.187168 0.000000
vt 0.238982 0.321047 0.000000
vt 0.233354 0.212184 0.000000
vt 0.313197 0.249187 0.000000
vt -0.154079 0.369360 0.000000
vt -0.243481 0.317650 0.000000
vt 0.141130 -0.374495 0.000000
vt -0.062633 -0.395257 0.000000
vt 0.040598 -0.398121 0.000000
vt -0.434667 -0.116469 0.000000
vt -0.399996 -0.001703 0.000000
vt -0.450000 0.000000 0.000000
vt -0.386808 0.101882 0.000000
vt -0.434667 0.116469 0.000000
vt -0.347258 0.198523 0.000000
vt -0.389711 0.225000 0.000000
vt -0.284044 0.281636 0.000000
vt -0.318198 0.318198 0.000000
vt -0.201473 0.345556 0.000000
vt -0.225000 0.389711 0.000000
vt -0.105172 0.385926 0.000000
vt -0.116469 0.434667 0.000000
vt -0.001703 0.399996 0.000000
vt 0.000000 0.450000 0.000000
vt 0.101882 0.386808 0.000000
vt 0.116469 0.434667 0.000000
vt 0.198523 0.347258 0.000000
vt 0.225000 0.389711 0.000000
vt 0.281636 0.284044 0.000000
vt 0.318198 0.318198 0.000000
vt 0.345556 0.201473 0.000000
vt 0.389711 0.225000 0.000000
vt 0.385926 0.105172 0.000000
vt 0.434667 0.116469 0.000000
vt 0.399996 0.001703 0.000000
vt 0.450000 0.000000 0.000000
vt 0.386808 -0.101882 0.000000
vt 0.434667 -0.116469 0.000000
vt 0.347258 -0.198523 0.000000
vt 0.389711 -0.225000 0.000000
vt 0.284044 -0.281636 0.000000
vt 0.318198 -0.318198 0.000000
vt 0.201473 -0.345556 0.000000
vt 0.225000 -0.389711 0.000000
vt 0.105172 -0.385926 0.000000
vt 0.116469 -0.434667 0.000000
vt 0.001703 -0.399996 0.000000
vt 0.000000 -0.450000 0.000000
vt -0.101882 -0.386808 0.000000
vt -0.116469 -0.434667 0.000000
vt -0.198523 -0.347258 0.000000
vt -0.225000 -0.389711 0.000000
vt -0.281636 -0.284044 0.000000
vt -0.318198 -0.318198 0.000000
vt -0.345556 -0.201473 0.000000
vt -0.389711 -0.225000 0.000000
vt -0.385926 -0.105172 0.000000
vt -1.376740 -12.615640 0.000000
vt -2.388584 -12.615640 0.000000
vt -1.376740 -13.762517 0.000000
vt -2.388584 -13.762517 0.000000
vt -1.376740 13.762517 0.000000
vt -2.388584 13.762517 0.000000
vt -1.376740 12.615640 0.000000
vt -2.388584 12.615640 0.000000
vt -1.376740 11.468764 0.000000
vt -2.388584 11.468764 0.000000
vt -1.376740 10.321888 0.000000
vt -2.388584 10.321888 0.000000
vt -1.376740 9.175011 0.000000
vt -2.388584 9.175011 0.000000
vt -1.376740 8.028135 0.000000
vt -2.388584 8.028135 0.000000
vt -1.376740 6.881258 0.000000
vt -2.388584 6.881258 0.000000
vt -1.376740 5.734382 0.000000
vt -2.388584 5.734382 0.000000
vt -1.376740 4.587506 0.000000
vt -2.388584 4.587506 0.000000
vt -1.376740 3.440629 0.000000
vt -2.388584 3.440629 0.000000
vt -1.376740 2.293753 0.000000
vt -2.388584 2.293753 0.000000
vt -1.376740 1.146876 0.000000
vt -2.388584 1.146876 0.000000
vt -1.376740 0.000000 0.000000
vt -2.388584 0.000000 0.000000
vt -1.376740 -1.146876 0.000000
vt -2.388584 -1.146876 0.000000
vt -1.376740 -2.293753 0.000000
vt -2.388584 -2.293753 0.000000
vt -1.376740 -3.440629 0.000000
vt -2.388584 -3.440629 0.000000
vt -1.376740 -4.587506 0.000000
vt -2.388584 -4.587506 0.000000
vt -1.376740 -5.734382 0.000000
vt -2.388584 -5.734382 0.000000
vt -1.376740 -6.881258 0.000000
vt -2.388584 -6.881258 0.000000
vt -1.376740 -8.028135 0.000000
vt -2.388584 -8.028135 0.000000
vt -1.376740 -9.175011 0.000000
vt -2.388584 -9.175011 0.000000
vt -1.376740 -10.321888 0.000000
vt -2.388584 -10.321888 0.000000
vt -1.376740 -11.468764 0.000000
vt -2.388584 -11.468764 0.000000
vt -5.986968 5.788567 0.000000
vt -6.018021 5.672678 0.000000
vt -4.858518 5.640004 0.000000
vt -4.858518 5.520026 0.000000
vt -3.699016 5.672678 0.000000
vt -7.098505 6.120229 0.000000
vt -7.038516 6.224133 0.000000
vt -8.026338 6.832180 0.000000
vt -7.941501 6.917017 0.000000
vt -8.738290 7.760013 0.000000
vt -8.634386 7.820002 0.000000
vt -9.185841 8.840497 0.000000
vt -9.069951 8.871550 0.000000
vt -9.338492 10.000000 0.000000
vt -9.218515 10.000000 0.000000
vt -9.069951 11.128450 0.000000
vt -9.185841 11.159503 0.000000
vt -8.634386 12.179998 0.000000
vt -8.738290 12.239987 0.000000
vt -7.941501 13.082983 0.000000
vt -8.026338 13.167820 0.000000
vt -7.038516 13.775867 0.000000
vt -7.098505 13.879771 0.000000
vt -5.986968 14.211433 0.000000
vt -6.018021 14.327322 0.000000
vt -4.858518 14.359996 0.000000
vt -4.858518 14.479974 0.000000
vt -3.699016 14.327322 0.000000
vt -3.730068 14.211433 0.000000
vt -2.618531 13.879771 0.000000
vt -2.678520 13.775867 0.000000
vt -1.690699 13.167820 0.000000
vt -1.775536 13.082983 0.000000
vt -0.978747 12.239987 0.000000
vt -1.082651 12.179998 0.000000
vt -0.531196 11.159503 0.000000
vt -0.647086 11.128450 0.000000
vt -0.378545 10.000000 0.000000
vt -0.498522 10.000000 0.000000
vt -0.531196 8.840497 0.000000
vt -0.647086 8.871550 0.000000
vt -1.082651 7.820002 0.000000
vt -0.978747 7.760013 0.000000
vt -1.775536 6.917017 0.000000
vt -1.690699 6.832180 0.000000
vt -2.678520 6.224133 0.000000
vt -2.618531 6.120229 0.000000
vt -3.730068 5.788567 0.000000
vt 0.200000 -5.759587 0.000000
vt 0.000000 -5.759587 0.000000
vt 0.200000 -6.283185 0.000000
vt 0.000000 -6.283185 0.000000
vt 0.200000 6.283185 0.000000
vt 0.000000 6.283185 0.000000
vt 0.200000 5.759587 0.000000
vt 0.000000 5.759587 0.000000
vt 0.200000 5.235988 0.000000
vt 0.000000 5.235988 0.000000
vt 0.200000 4.712389 0.000000
vt 0.000000 4.712389 0.000000
vt 0.200000 4.188790 0.000000
vt 0.000000 4.188790 0.000000
vt 0.200000 3.665191 0.000000
vt 0.000000 3.665191 0.000000
vt 0.200000 3.141593 0.000000
vt 0.000000 3.141593 0.000000
vt 0.200000 2.617994 0.000000
vt 0.000000 2.617994 0.000000
vt 0.200000 2.094395 0.000000
vt 0.000000 2.094395 0.000000
vt 0.200000 1.570796 0.000000
vt 0.000000 1.570796 0.000000
vt 0.200000 1.047198 0.000000
vt 0.000000 1.047198 0.000000
vt 0.200000 0.523599 0.000000
vt 0.000000 0.523599 0.000000
vt 0.200000 0.000000 0.000000
vt 0.000000 0.000000 0.000000
vt 0.200000 -0.523599 0.000000
vt 0.000000 -0.523599 0.000000
vt 0.200000 -1.047198 0.000000
vt 0.000000 -1.047198 0.000000
vt 0.200000 -1.570796 0.000000
vt 0.000000 -1.570796 0.000000
vt 0.200000 -2.094395 0.000000
vt 0.000000 -2.094395 0.000000
vt 0.200000 -2.617994 0.000000
vt 0.000000 -2.617994 0.000000
vt 0.200000 -3.141593 0.000000
vt 0.000000 -3.141593 0.000000
vt 0.200000 -3.665191 0.000000
vt 0.000000 -3.665191 0.000000
vt 0.200000 -4.188790 0.000000
vt 0.000000 -4.188790 0.000000
vt 0.200000 -4.712389 0.000000
vt 0.000000 -4.712389 0.000000
vt 0.200000 -5.235988 0.000000
vt 0.000000 -5.235988 0.000000
vt -0.000000 0.000000 0.000000
vt 1.334936 0.000000 0.000000
vt -0.000000 0.200000 0.000000
vt 1.334936 0.200000 0.000000
vt 0.000000 0.000000 0.000000
vt 2.077466 0.000000 0.000000
vt 0.000000 0.200000 0.000000
vt 2.077466 0.200000 0.000000
vt 0.000000 0.000000 0.000000
vt 8.124038 0.000000 0.000000
vt 0.000000 0.200000 0.000000
vt 8.124038 0.200000 0.000000
vt 0.000000 0.000000 0.000000
vt 2.077466 0.000000 0.000000
vt 0.000000 0.200000 0.000000
vt 2.077466 0.200000 0.000000
vt 0.000000 0.000000 0.000000
vt 1.334936 0.000000 0.000000
vt -0.000000 0.200000 0.000000
vt 1.334936 0.200000 0.000000
vt -0.200000 -3.163475 0.000000
vt -0.000000 -3.163475 0.000000
vt -0.200000 -2.259625 0.000000
vt -0.000000 -2.259625 0.000000
vt -0.200000 -1.355775 0.000000
vt -0.000000 -1.355775 0.000000
vt -0.200000 -0.451925 0.000000
vt -0.000000 -0.451925 0.000000
vt -0.200000 0.451925 0.000000
vt -0.000000 0.451925 0.000000
vt -0.200000 1.355775 0.000000
vt -0.000000 1.355775 0.000000
vt -0.200000 2.259625 0.000000
vt -0.000000 2.259625 0.000000
vt -0.200000 3.163475 0.000000
vt -0.000000 3.163475 0.000000
vt 0.000000 0.000000 0.000000
vt 1.334936 0.000000 0.000000
vt 0.000000 0.200000 0.000000
vt 1.334936 0.200000 0.000000
vt 0.000000 0.000000 0.000000
vt 2.077466 0.000000 0.000000
vt 0.000000 0.200000 0.000000
vt 2.077466 0.200000 0.000000
vt -0.000000 0.000000 0.000000
vt 8.124038 0.000000 0.000000
vt -0.000000 0.200000 0.000000
vt 8.124038 0.200000 0.000000
vt 0.000000 0.000000 0.000000
vt 2.077466 0.000000 0.000000
vt 0.000000 0.200000 0.000000
vt 2.077466 0.200000 0.000000
vt 0.000000 0.000000 0.000000
vt 1.334936 0.000000 0.000000
vt 0.000000 0.200000 0.000000
vt 1.334936 0.200000 0.000000
vt -0.200000 7.832099 0.000000
vt -0.000000 7.832099 0.000000
vt -0.200000 8.735949 0.000000
vt -0.000000 8.735949 0.000000
vt -0.200000 9.639799 0.000000
vt -0.000000 9.639799 0.000000
vt -0.200000 10.543649 0.000000
vt -0.000000 10.543649 0.000000
vt -0.200000 11.447499 0.000000
vt -0.000000 11.447499 0.000000
vt -0.200000 12.351349 0.000000
vt -0.000000 12.351349 0.000000
vt -0.200000 13.255199 0.000000
vt -0.000000 13.255199 0.000000
vt -0.200000 14.159049 0.000000
vt -0.000000 14.159049 0.000000
vt -1.931852 0.517638 0.000000
vt -3.470864 0.450670 0.000000
vt -2.000000 -0.000000 0.000000
vt -3.470864 -0.450670 0.000000
vt -1.931852 -0.517638 0.000000
vt -3.240678 -1.322123 0.000000
vt -1.732051 -1.000000 0.000000
vt -2.795571 -2.105892 0.000000
vt -1.414214 -1.414214 0.000000
vt -2.165064 -2.750000 0.000000
vt -1.000000 -1.732051 0.000000
vt -0.517638 -1.931852 0.000000
vt 0.000000 -2.000000 0.000000
vt 2.165064 -2.750000 0.000000
vt 0.517638 -1.931852 0.000000
vt 1.000000 -1.732051 0.000000
vt 1.414214 -1.414214 0.000000
vt 2.795571 -2.105892 0.000000
vt 1.732051 -1.000000 0.000000
vt 3.240678 -1.322123 0.000000
vt 1.931852 -0.517638 0.000000
vt 3.470864 -0.450670 0.000000
vt 2.000000 0.000000 0.000000
vt 3.470864 0.450670 0.000000
vt 1.931852 0.517638 0.000000
vt 3.240678 1.322123 0.000000
vt 1.732051 1.000000 0.000000
vt 2.795571 2.105892 0.000000
vt 1.414214 1.414214 0.000000
vt 2.165064 2.750000 0.000000
vt 1.000000 1.732051 0.000000
vt 0.517638 1.931852 0.000000
vt 0.000000 2.000000 0.000000
vt -2.165064 2.750000 0.000000
vt -0.517638 1.931852 0.000000
vt -1.000000 1.732051 0.000000
vt -1.414214 1.414214 0.000000
vt -2.795571 2.105892 0.000000
vt -1.732051 1.000000 0.000000
vt -3.240678 1.322123 0.000000
vt -3.500000 -2.750000 0.000000
vt -4.062019 -4.750000 0.000000
vt 4.062019 -4.750000 0.000000
vt 3.500000 -2.750000 0.000000
vt 3.500000 2.750000 0.000000
vt 4.062019 4.750000 0.000000
vt -4.062019 4.750000 0.000000
vt -3.500000 2.750000 0.000000
vt 0.000000 5.395707 0.000000
vt 0.200000 5.395707 0.000000
vt 0.000000 6.659070 0.000000
vt 0.200000 6.659070 0.000000
vt 0.000000 7.922433 0.000000
vt 0.200000 7.922433 0.000000
vt 0.000000 9.185796 0.000000
vt 0.200000 9.185796 0.000000
vt 0.000000 10.449158 0.000000
vt 0.200000 10.449158 0.000000
vt 0.000000 11.712521 0.000000
vt 0.200000 11.712521 0.000000
vt 0.000000 12.975884 0.000000
vt 0.200000 12.975884 0.000000
vt 0.000000 14.239247 0.000000
vt 0.200000 14.239247 0.000000
vt 0.200000 -14.239247 0.000000
vt 0.000000 -14.239247 0.000000
vt 0.200000 -15.588174 0.000000
vt 0.000000 -15.588174 0.000000
vt 0.200000 -16.937101 0.000000
vt 0.000000 -16.937101 0.000000
vt 0.200000 -18.286027 0.000000
vt 0.000000 -18.286027 0.000000
vt 0.200000 -19.634954 0.000000
vt 0.000000 -19.634954 0.000000
vt 0.200000 -20.983881 0.000000
vt 0.000000 -20.983881 0.000000
vt 0.200000 -22.332808 0.000000
vt 0.000000 -22.332808 0.000000
vt 0.200000 -23.681734 0.000000
vt 0.000000 -23.681734 0.000000
vt 0.200000 -25.030661 0.000000
vt 0.000000 -25.030661 0.000000
vt -0.000000 -5.395707 0.000000
vt 0.200000 -5.395707 0.000000
vt -0.000000 -4.046780 0.000000
vt 0.200000 -4.046780 0.000000
vt -0.000000 -2.697853 0.000000
vt 0.200000 -2.697853 0.000000
vt -0.000000 -1.348927 0.000000
vt 0.200000 -1.348927 0.000000
vt 0.000000 0.000000 0.000000
vt 0.200000 0.000000 0.000000
vt 0.000000 1.348927 0.000000
vt 0.200000 1.348927 0.000000
vt 0.000000 2.697853 0.000000
vt 0.200000 2.697853 0.000000
vt 0.000000 4.046780 0.000000
vt 0.200000 4.046780 0.000000
vt 0.000000 5.395707 0.000000
vt 0.200000 5.395707 0.000000
vt -4.062019 4.750000 0.000000
vt -4.985021 3.769889 0.000000
vt -3.500000 2.750000 0.000000
vt -3.470864 0.450670 0.000000
vt -3.240678 1.322123 0.000000
vt -5.676712 2.614850 0.000000
vt -6.104996 1.338479 0.000000
vt -3.470864 -0.450670 0.000000
vt -6.250000 0.000000 0.000000
vt -6.104996 -1.338479 0.000000
vt -5.676712 -2.614850 0.000000
vt -4.985021 -3.769889 0.000000
vt -3.500000 -2.750000 0.000000
vt -4.062019 -4.750000 0.000000
vt -2.165064 -2.750000 0.000000
vt -2.795571 -2.105892 0.000000
vt -3.240678 -1.322123 0.000000
vt -2.795571 2.105892 0.000000
vt -2.165064 2.750000 0.000000
vt 4.062019 4.750000 0.000000
vt -3.025684 5.468796 0.000000
vt 3.025684 5.468796 0.000000
vt -1.866141 5.964899 0.000000
vt 1.866141 5.964899 0.000000
vt -0.630607 6.218105 0.000000
vt 0.630607 6.218105 0.000000
vt 3.500000 2.750000 0.000000
vt 4.985021 3.769889 0.000000
vt 3.470864 0.450670 0.000000
vt 5.676712 2.614850 0.000000
vt 6.104996 1.338479 0.000000
vt 3.470864 -0.450670 0.000000
vt 6.250000 0.000000 0.000000
vt 6.104996 -1.338479 0.000000
vt 5.676712 -2.614850 0.000000
vt 4.985021 -3.769889 0.000000
vt 3.500000 -2.750000 0.000000
vt 4.062019 -4.750000 0.000000
vt 2.165064 2.750000 0.000000
vt 2.795571 2.105892 0.000000
vt 3.240678 1.322123 0.000000
vt 3.240678 -1.322123 0.000000
vt 2.795571 -2.105892 0.000000
vt 2.165064 -2.750000 0.000000
vt -4.062019 -4.750000 0.000000
vt 3.025684 -5.468796 0.000000
vt -3.025684 -5.468796 0.000000
vt 1.866141 -5.964899 0.000000
vt -1.866141 -5.964899 0.000000
vt 0.630607 -6.218105 0.000000
vt -0.630607 -6.218105 0.000000
vt 7.224245 1.963495 0.000000
vt 5.779396 0.760063 0.000000
vt 7.224245 0.000000 0.000000
vt 5.779396 -0.760063 0.000000
vt 7.224245 -1.963495 0.000000
vt 5.779396 -1.934016 0.000000
vt 5.779396 -2.280188 0.000000
vt 4.334547 -2.280188 0.000000
vt 5.779396 -3.800314 0.000000
vt 4.334547 -3.800314 0.000000
vt 5.779396 -5.320439 0.000000
vt 4.334547 -5.320439 0.000000
vt 5.779396 -6.840565 0.000000
vt 4.334547 -6.840565 0.000000
vt 5.779396 -8.360690 0.000000
vt 4.334547 -8.360690 0.000000
vt 5.779396 -9.880816 0.000000
vt 4.334547 -9.880816 0.000000
vt 5.779396 -11.400941 0.000000
vt 4.334547 -11.400941 0.000000
vt 5.779396 -12.921067 0.000000
vt 4.334547 -12.921067 0.000000
vt 5.779396 -14.441192 0.000000
vt 4.334547 -14.441192 0.000000
vt 5.779396 -15.961318 0.000000
vt 4.334547 -15.961318 0.000000
vt 4.334547 -16.888864 0.000000
vt 2.889698 -16.592574 0.000000
vt 2.889698 -17.481443 0.000000
vt 1.444849 -17.481443 0.000000
vt 2.889698 -19.001568 0.000000
vt 1.444849 -19.001568 0.000000
vt 2.889698 -20.521694 0.000000
vt 1.444849 -20.521694 0.000000
vt 2.889698 -22.041819 0.000000
vt 1.444849 -22.041819 0.000000
vt 1.568881 -22.640387 0.000000
vt 1.277837 -22.265146 0.000000
vt 0.901370 -21.981494 0.000000
vt 0.465761 -21.805452 0.000000
vt 0.000000 -20.521694 0.000000
vt 0.000000 -19.001568 0.000000
vt -1.444849 -19.001568 0.000000
vt -1.444849 -17.481443 0.000000
vt -2.889698 -17.481443 0.000000
vt -2.889698 -15.961318 0.000000
vt -4.334547 -15.961318 0.000000
vt -2.900165 -14.926282 0.000000
vt -4.334547 -14.441192 0.000000
vt -3.600854 -14.071344 0.000000
vt -4.058961 -12.994147 0.000000
vt 5.779396 2.280188 0.000000
vt 7.224245 3.926991 0.000000
vt 5.779396 3.800314 0.000000
vt 5.779396 5.320439 0.000000
vt 4.334547 5.320439 0.000000
vt 4.334547 6.840565 0.000000
vt 2.889698 6.840565 0.000000
vt 4.334547 7.129119 0.000000
vt 2.889698 7.273396 0.000000
vt 4.334547 8.360690 0.000000
vt 2.889698 8.360690 0.000000
vt 2.900165 8.635663 0.000000
vt 2.024496 8.032611 0.000000
vt 7.224245 5.890486 0.000000
vt 5.779396 6.840565 0.000000
vt 5.779396 6.984842 0.000000
vt 5.779396 8.360690 0.000000
vt 4.334547 9.880816 0.000000
vt 3.600854 9.490600 0.000000
vt 4.058961 10.567797 0.000000
vt 4.334547 11.400941 0.000000
vt 4.219022 11.780972 0.000000
vt 4.334547 12.921067 0.000000
vt 4.058961 12.994147 0.000000
vt 3.600854 14.071344 0.000000
vt 4.334547 14.441192 0.000000
vt 2.900165 14.926282 0.000000
vt 4.334547 15.961318 0.000000
vt 2.889698 15.961318 0.000000
vt 2.889698 17.481443 0.000000
vt 1.444849 17.481443 0.000000
vt 1.444849 19.001568 0.000000
vt 0.000000 19.001568 0.000000
vt 0.000000 20.521694 0.000000
vt -1.444849 20.521694 0.000000
vt -0.465761 21.805452 0.000000
vt -0.901370 21.981494 0.000000
vt 7.224245 7.853982 0.000000
vt 7.224245 9.817477 0.000000
vt 5.779396 9.880816 0.000000
vt 5.779396 11.400941 0.000000
vt 7.224245 11.780972 0.000000
vt 5.779396 12.921067 0.000000
vt 7.224245 13.744468 0.000000
vt 5.779396 14.441192 0.000000
vt 7.224245 15.707963 0.000000
vt 5.779396 15.961318 0.000000
vt 4.334547 17.481443 0.000000
vt 2.889698 19.001568 0.000000
vt 1.444849 20.521694 0.000000
vt 0.465761 21.805452 0.000000
vt -0.000000 21.745845 0.000000
vt 7.224245 17.671459 0.000000
vt 5.779396 17.481443 0.000000
vt 4.334547 19.001568 0.000000
vt 2.889698 20.521694 0.000000
vt 2.889698 21.686887 0.000000
vt 1.444849 21.716366 0.000000
vt 2.889698 22.041819 0.000000
vt 1.444849 22.041819 0.000000
vt 1.568881 22.640387 0.000000
vt 1.277837 22.265146 0.000000
vt 5.779396 19.001568 0.000000
vt 7.224245 19.634954 0.000000
vt 5.779396 20.521694 0.000000
vt 7.224245 21.598449 0.000000
vt 5.779396 21.627929 0.000000
vt 5.779396 22.041819 0.000000
vt 4.334547 21.657408 0.000000
vt 4.334547 22.041819 0.000000
vt 7.224245 23.561945 0.000000
vt 5.779396 23.561945 0.000000
vt 4.334547 23.561945 0.000000
vt 4.334547 -23.561945 0.000000
vt 5.779396 -23.561945 0.000000
vt 4.334547 -22.041819 0.000000
vt 7.224245 -23.561945 0.000000
vt 5.779396 -22.041819 0.000000
vt 7.224245 -21.598449 0.000000
vt 5.779396 -20.521694 0.000000
vt 7.224245 -19.634954 0.000000
vt 5.779396 -19.001568 0.000000
vt 7.224245 -17.671459 0.000000
vt 5.779396 -17.481443 0.000000
vt 5.779396 -17.185153 0.000000
vt 4.334547 -17.481443 0.000000
vt 7.224245 -15.707963 0.000000
vt 7.224245 -13.744468 0.000000
vt 7.224245 -11.780972 0.000000
vt 7.224245 -9.817477 0.000000
vt 7.224245 -7.853982 0.000000
vt 7.224245 -5.890486 0.000000
vt 7.224245 -3.926991 0.000000
vt 1.753044 -0.478797 0.000000
vt 2.889698 -0.760063 0.000000
vt 1.816100 0.000000 0.000000
vt 2.889698 0.760063 0.000000
vt 1.753044 0.478797 0.000000
vt 1.568881 0.921558 0.000000
vt 2.889698 2.280188 0.000000
vt 1.444849 2.280188 0.000000
vt 1.444849 3.800314 0.000000
vt 0.000000 3.800314 0.000000
vt 0.000000 5.320439 0.000000
vt -1.444849 5.320439 0.000000
vt -1.444849 6.840565 0.000000
vt -2.889698 6.840565 0.000000
vt -2.024496 8.032611 0.000000
vt -2.889698 8.360690 0.000000
vt -2.900165 8.635663 0.000000
vt -4.334547 8.360690 0.000000
vt -3.600854 9.490600 0.000000
vt -4.334547 9.880816 0.000000
vt -4.058961 10.567797 0.000000
vt -4.334547 11.400941 0.000000
vt -4.219022 11.780972 0.000000
vt -4.334547 12.921067 0.000000
vt -4.058961 12.994147 0.000000
vt -3.600854 14.071344 0.000000
vt 1.568881 -0.921558 0.000000
vt 2.889698 -1.875058 0.000000
vt 4.334547 -0.760063 0.000000
vt 4.334547 -1.904537 0.000000
vt 1.444849 -1.845579 0.000000
vt 1.277837 -1.296799 0.000000
vt 0.901370 -1.580451 0.000000
vt 1.444849 -2.280188 0.000000
vt 0.465761 -1.756493 0.000000
vt 0.000000 -2.280188 0.000000
vt -0.000000 -1.816100 0.000000
vt -0.465761 -1.756493 0.000000
vt -1.444849 -2.280188 0.000000
vt -0.901370 -1.580451 0.000000
vt -1.277837 -1.296799 0.000000
vt -1.568881 -0.921558 0.000000
vt -2.889698 -2.280188 0.000000
vt -1.444849 -3.800314 0.000000
vt -2.889698 -3.800314 0.000000
vt -1.444849 -5.320439 0.000000
vt -2.889698 -5.320439 0.000000
vt -1.444849 -6.840565 0.000000
vt -2.889698 -6.840565 0.000000
vt -2.024496 -8.032611 0.000000
vt -2.889698 -8.360690 0.000000
vt -2.900165 -8.635663 0.000000
vt -4.334547 -8.360690 0.000000
vt -3.600854 -9.490600 0.000000
vt -4.334547 -9.880816 0.000000
vt -4.058961 -10.567797 0.000000
vt -4.334547 -11.400941 0.000000
vt -4.219022 -11.780972 0.000000
vt -4.334547 -12.921067 0.000000
vt -2.889698 -0.760063 0.000000
vt -1.753044 -0.478797 0.000000
vt -1.816100 0.000000 0.000000
vt -2.889698 0.760063 0.000000
vt -1.753044 0.478797 0.000000
vt -1.568881 0.921558 0.000000
vt -1.277837 1.296799 0.000000
vt -2.889698 2.280188 0.000000
vt -4.334547 2.280188 0.000000
vt -4.334547 3.800314 0.000000
vt -5.779396 3.800314 0.000000
vt -5.779396 5.320439 0.000000
vt -7.224245 3.926991 0.000000
vt -7.224245 5.890486 0.000000
vt -5.779396 6.840565 0.000000
vt -7.224245 7.853982 0.000000
vt -5.779396 8.360690 0.000000
vt -7.224245 9.817477 0.000000
vt -5.779396 9.880816 0.000000
vt -5.779396 11.400941 0.000000
vt -1.444849 2.280188 0.000000
vt -0.901370 1.580451 0.000000
vt -0.465761 1.756493 0.000000
vt 0.000000 2.280188 0.000000
vt -0.000000 1.816100 0.000000
vt 0.465761 1.756493 0.000000
vt 0.901370 1.580451 0.000000
vt 1.277837 1.296799 0.000000
vt 1.038592 7.678364 0.000000
vt -0.000000 7.561951 0.000000
vt 0.000000 6.840565 0.000000
vt -1.038592 7.678364 0.000000
vt -4.334547 14.441192 0.000000
vt -2.900165 14.926282 0.000000
vt -4.334547 15.961318 0.000000
vt -2.889698 15.961318 0.000000
vt -4.334547 17.481443 0.000000
vt -2.889698 17.481443 0.000000
vt -4.334547 19.001568 0.000000
vt -2.889698 19.001568 0.000000
vt -4.334547 20.521694 0.000000
vt -2.889698 20.521694 0.000000
vt -4.334547 22.041819 0.000000
vt -2.889698 22.041819 0.000000
vt -4.334547 23.561945 0.000000
vt -2.889698 23.561945 0.000000
vt -4.334547 -23.561945 0.000000
vt -2.889698 -23.561945 0.000000
vt -4.334547 -22.041819 0.000000
vt -2.889698 -22.041819 0.000000
vt -4.334547 -20.521694 0.000000
vt -2.889698 -20.521694 0.000000
vt -4.334547 -19.001568 0.000000
vt -2.889698 -19.001568 0.000000
vt -4.334547 -17.481443 0.000000
vt -2.024496 15.529334 0.000000
vt -1.444849 15.961318 0.000000
vt -1.444849 17.481443 0.000000
vt -1.444849 19.001568 0.000000
vt -1.444849 22.041819 0.000000
vt -1.568881 22.640387 0.000000
vt -1.277837 22.265146 0.000000
vt -1.038592 15.883581 0.000000
vt -0.000000 15.999994 0.000000
vt 0.000000 17.481443 0.000000
vt 1.038592 15.883581 0.000000
vt 1.444849 15.961318 0.000000
vt 2.024496 15.529334 0.000000
vt 1.444849 7.417673 0.000000
vt -7.224245 -1.963495 0.000000
vt -5.779396 -0.760063 0.000000
vt -7.224245 0.000000 0.000000
vt -5.779396 0.760063 0.000000
vt -7.224245 1.963495 0.000000
vt -5.779396 2.280188 0.000000
vt -5.779396 -2.280188 0.000000
vt -7.224245 -3.926991 0.000000
vt -5.779396 -3.800314 0.000000
vt -5.779396 -5.320439 0.000000
vt -4.334547 -5.320439 0.000000
vt -4.334547 -6.840565 0.000000
vt -7.224245 -5.890486 0.000000
vt -5.779396 -6.840565 0.000000
vt -7.224245 -7.853982 0.000000
vt -5.779396 -8.360690 0.000000
vt -7.224245 -9.817477 0.000000
vt -5.779396 -9.880816 0.000000
vt -5.779396 -11.400941 0.000000
vt -7.224245 -11.780972 0.000000
vt -5.779396 -12.921067 0.000000
vt -7.224245 -13.744468 0.000000
vt -5.779396 -14.441192 0.000000
vt -7.224245 -15.707963 0.000000
vt -5.779396 -15.961318 0.000000
vt -7.224245 -17.671459 0.000000
vt -5.779396 -17.481443 0.000000
vt -5.779396 -19.001568 0.000000
vt -7.224245 -19.634954 0.000000
vt -5.779396 -20.521694 0.000000
vt -7.224245 -21.598449 0.000000
vt -5.779396 -22.041819 0.000000
vt -7.224245 -23.561945 0.000000
vt -5.779396 -23.561945 0.000000
vt -5.779396 23.561945 0.000000
vt -7.224245 23.561945 0.000000
vt -5.779396 22.041819 0.000000
vt -7.224245 21.598449 0.000000
vt -5.779396 20.521694 0.000000
vt -7.224245 19.634954 0.000000
vt -5.779396 19.001568 0.000000
vt -7.224245 17.671459 0.000000
vt -5.779396 17.481443 0.000000
vt -5.779396 15.961318 0.000000
vt -7.224245 15.707963 0.000000
vt -5.779396 14.441192 0.000000
vt -7.224245 13.744468 0.000000
vt -5.779396 12.921067 0.000000
vt -7.224245 11.780972 0.000000
vt -1.038592 -7.678364 0.000000
vt -0.000000 -7.561951 0.000000
vt 0.000000 -6.840565 0.000000
vt 1.038592 -7.678364 0.000000
vt 1.444849 -6.840565 0.000000
vt 2.024496 -8.032611 0.000000
vt 2.889698 -6.840565 0.000000
vt 2.889698 -8.360690 0.000000
vt 2.900165 -8.635663 0.000000
vt 3.600854 -9.490600 0.000000
vt 4.058961 -10.567797 0.000000
vt 4.219022 -11.780972 0.000000
vt 4.058961 -12.994147 0.000000
vt 3.600854 -14.071344 0.000000
vt 2.900165 -14.926282 0.000000
vt 2.024496 -15.529334 0.000000
vt 2.889698 -15.961318 0.000000
vt 1.038592 -15.883581 0.000000
vt 1.444849 -15.961318 0.000000
vt 1.444849 -16.296284 0.000000
vt -0.000000 -15.999994 0.000000
vt 0.000000 -17.481443 0.000000
vt -1.444849 -15.961318 0.000000
vt -1.038592 -15.883581 0.000000
vt -2.024496 -15.529334 0.000000
vt 0.000000 -5.320439 0.000000
vt 0.000000 -3.800314 0.000000
vt -1.753044 23.083147 0.000000
vt -1.816100 23.561945 0.000000
vt -1.816100 -23.561945 0.000000
vt -1.753044 -23.083147 0.000000
vt -1.568881 -22.640387 0.000000
vt -1.444849 -22.041819 0.000000
vt -1.277837 -22.265146 0.000000
vt -0.901370 -21.981494 0.000000
vt -0.465761 -21.805452 0.000000
vt -1.444849 -20.521694 0.000000
vt -0.000000 -21.745845 0.000000
vt 1.753044 -23.083147 0.000000
vt 2.889698 -23.561945 0.000000
vt 2.889698 23.561945 0.000000
vt 1.816100 -23.561945 0.000000
vt 1.816100 23.561945 0.000000
vt 1.753044 23.083147 0.000000
vt 0.901370 21.981494 0.000000
vt 1.444849 6.840565 0.000000
vt 1.444849 5.320439 0.000000
vt 2.889698 5.320439 0.000000
vt 2.889698 3.800314 0.000000
vt 4.334547 3.800314 0.000000
vt 4.334547 2.280188 0.000000
vt 4.334547 0.760063 0.000000
vt -1.444849 3.800314 0.000000
vt -2.889698 3.800314 0.000000
vt -4.334547 0.760063 0.000000
vt -4.334547 -0.760063 0.000000
vt -4.334547 -2.280188 0.000000
vt -4.334547 -3.800314 0.000000
vt -2.889698 5.320439 0.000000
vt -4.334547 5.320439 0.000000
vt -4.334547 6.840565 0.000000
vt 4.334547 20.521694 0.000000
vt 4.334547 -20.521694 0.000000
vt 4.334547 -19.001568 0.000000
vt 2.889698 -5.320439 0.000000
vt 2.889698 -3.800314 0.000000
vt 2.889698 -2.280188 0.000000
vt 1.444849 -5.320439 0.000000
vt 1.444849 -3.800314 0.000000
vt 0.863618 -15.128393 0.000000
vt 0.689951 -13.850827 0.000000
vt -0.000000 -15.230730 0.000000
vt -0.689951 -13.850827 0.000000
vt -0.863618 -15.128393 0.000000
vt -1.678678 -14.820606 0.000000
vt -2.069854 -13.850827 0.000000
vt -2.394720 -14.308083 0.000000
vt -2.959551 -13.602098 0.000000
vt -2.069854 -12.470924 0.000000
vt -3.323672 -12.737412 0.000000
vt -3.449757 -11.780972 0.000000
vt -2.069854 -11.091021 0.000000
vt -3.323672 -10.824533 0.000000
vt -2.959551 -9.959847 0.000000
vt -2.069854 -9.711118 0.000000
vt -2.394720 -9.253862 0.000000
vt -1.678678 -8.741339 0.000000
vt -0.689951 -9.711118 0.000000
vt -0.863618 -8.433551 0.000000
vt -0.000000 -8.331215 0.000000
vt 0.689951 -9.711118 0.000000
vt 0.863618 -8.433551 0.000000
vt 1.678678 -8.741339 0.000000
vt 2.069854 -9.711118 0.000000
vt 2.394720 -9.253862 0.000000
vt 2.959551 -9.959847 0.000000
vt 2.069854 -11.091021 0.000000
vt 3.323672 -10.824533 0.000000
vt 3.449757 -11.780972 0.000000
vt 2.069854 -12.470924 0.000000
vt 3.323672 -12.737412 0.000000
vt 2.959551 -13.602098 0.000000
vt 2.069854 -13.850827 0.000000
vt 2.394720 -14.308083 0.000000
vt 1.678678 -14.820606 0.000000
vt 0.689951 -12.470924 0.000000
vt 0.689951 -11.091021 0.000000
vt -0.689951 -12.470924 0.000000
vt -0.689951 -11.091021 0.000000
vt -0.863618 15.128393 0.000000
vt -0.689951 13.850827 0.000000
vt -0.000000 15.230730 0.000000
vt 0.689951 13.850827 0.000000
vt 0.863618 15.128393 0.000000
vt 1.678678 14.820606 0.000000
vt 2.069854 13.850827 0.000000
vt 2.394720 14.308083 0.000000
vt 2.959551 13.602098 0.000000
vt 2.069854 12.470924 0.000000
vt 3.323672 12.737412 0.000000
vt 3.449757 11.780972 0.000000
vt 2.069854 11.091021 0.000000
vt 3.323672 10.824533 0.000000
vt 2.959551 9.959847 0.000000
vt 2.069854 9.711118 0.000000
vt 2.394720 9.253862 0.000000
vt 1.678678 8.741339 0.000000
vt 0.689951 9.711118 0.000000
vt 0.863618 8.433551 0.000000
vt -0.000000 8.331215 0.000000
vt -0.689951 9.711118 0.000000
vt -0.863618 8.433551 0.000000
vt -1.678678 8.741339 0.000000
vt -2.069854 9.711118 0.000000
vt -2.394720 9.253862 0.000000
vt -2.959551 9.959847 0.000000
vt -2.069854 11.091021 0.000000
vt -3.323672 10.824533 0.000000
vt -3.449757 11.780972 0.000000
vt -2.069854 12.470924 0.000000
vt -3.323672 12.737412 0.000000
vt -2.959551 13.602098 0.000000
vt -2.069854 13.850827 0.000000
vt -2.394720 14.308083 0.000000
vt -1.678678 14.820606 0.000000
vt -0.689951 12.470924 0.000000
vt -0.689951 11.091021 0.000000
vt 0.689951 12.470924 0.000000
vt 0.689951 11.091021 0.000000
vt 0.000000 -7.378675 0.000000
vt -0.000000 -7.083777 0.000000
vt -0.286081 -7.261813 0.000000
vt -0.238401 -7.083777 0.000000
vt -0.286081 -7.084695 0.000000
vt -0.476802 -7.083777 0.000000
vt -0.500644 -7.084695 0.000000
vt -0.715203 -7.083777 0.000000
vt -0.715203 -7.084236 0.000000
vt -0.715203 -7.084695 0.000000
vt -0.500644 0.000000 0.000000
vt -0.715203 -0.000000 0.000000
vt -0.500644 -0.177117 0.000000
vt -0.286081 -0.177117 0.000000
vt -0.286081 -0.354235 0.000000
vt -0.000000 -0.293979 0.000000
vt -0.000000 -0.589502 0.000000
vt -0.286081 -0.531352 0.000000
vt -0.286081 -0.708470 0.000000
vt -0.500644 -0.531352 0.000000
vt -0.500644 -0.708470 0.000000
vt -0.715151 -0.664104 0.000000
vt -0.715203 -0.885472 0.000000
vt -0.715151 -0.221368 0.000000
vt -0.500644 -0.354235 0.000000
vt -0.715203 -0.442736 0.000000
vt -0.715151 -1.106840 0.000000
vt -0.500644 -1.062704 0.000000
vt -0.500644 -0.885164 0.000000
vt -0.286081 -0.884856 0.000000
vt -0.000000 -0.884446 0.000000
vt -0.500644 -1.239822 0.000000
vt -0.715202 -1.328208 0.000000
vt -0.500644 -1.416939 0.000000
vt -0.715152 -1.549576 0.000000
vt -0.500644 -1.594056 0.000000
vt -0.715202 -1.770944 0.000000
vt -0.500644 -1.770603 0.000000
vt -0.500644 -1.948291 0.000000
vt -0.286081 -1.948291 0.000000
vt -0.286081 -2.125409 0.000000
vt -0.000000 -2.064590 0.000000
vt -0.000000 -2.360103 0.000000
vt -0.286081 -2.302526 0.000000
vt -0.286081 -2.479643 0.000000
vt -0.500644 -2.302526 0.000000
vt -0.500644 -2.479643 0.000000
vt -0.715152 -2.435048 0.000000
vt -0.715201 -2.656416 0.000000
vt -0.715152 -1.992312 0.000000
vt -0.500644 -2.125409 0.000000
vt -0.715202 -2.213680 0.000000
vt -0.715152 -2.877784 0.000000
vt -0.500644 -2.833878 0.000000
vt -0.500644 -2.656040 0.000000
vt -0.286081 -2.655663 0.000000
vt -0.000000 -2.655161 0.000000
vt -0.500644 -3.010996 0.000000
vt -0.715200 -3.099152 0.000000
vt -0.500644 -3.188113 0.000000
vt -0.715153 -3.320520 0.000000
vt -0.500644 -3.365230 0.000000
vt -0.715200 -3.541888 0.000000
vt -0.500644 -3.542026 0.000000
vt -0.500644 -3.719465 0.000000
vt -0.286081 -3.542164 0.000000
vt -0.286081 -3.719465 0.000000
vt -0.000000 -3.540512 0.000000
vt -0.000000 -3.835209 0.000000
vt -0.286081 -3.896582 0.000000
vt -0.000000 -4.130700 0.000000
vt -0.286081 -4.073700 0.000000
vt -0.286081 -4.250817 0.000000
vt -0.500644 -4.073700 0.000000
vt -0.500644 -4.250817 0.000000
vt -0.715154 -4.205992 0.000000
vt -0.715198 -4.427360 0.000000
vt -0.715153 -3.763256 0.000000
vt -0.500644 -3.896582 0.000000
vt -0.715199 -3.984624 0.000000
vt -0.715154 -4.648729 0.000000
vt -0.500644 -4.605052 0.000000
vt -0.500644 -4.427533 0.000000
vt -0.286081 -4.427705 0.000000
vt -0.000000 -4.425860 0.000000
vt -0.500644 -4.782169 0.000000
vt -0.715197 -4.870096 0.000000
vt -0.500644 -4.959287 0.000000
vt -0.715155 -5.091465 0.000000
vt -0.500644 -5.136404 0.000000
vt -0.715196 -5.312832 0.000000
vt -0.500644 -5.313039 0.000000
vt -0.500644 -5.490639 0.000000
vt -0.286081 -5.313246 0.000000
vt -0.286081 -5.490639 0.000000
vt -0.000000 -5.311203 0.000000
vt -0.000000 -5.605837 0.000000
vt -0.286081 -5.667756 0.000000
vt -0.000000 -5.901294 0.000000
vt -0.286081 -5.844874 0.000000
vt -0.286081 -6.021991 0.000000
vt -0.500644 -5.844874 0.000000
vt -0.500644 -6.021991 0.000000
vt -0.715200 -5.976939 0.000000
vt -0.715208 -6.198502 0.000000
vt -0.715156 -5.534201 0.000000
vt -0.500644 -5.667756 0.000000
vt -0.715199 -5.755572 0.000000
vt -0.715200 -6.419571 0.000000
vt -0.500644 -6.376226 0.000000
vt -0.500644 -6.198684 0.000000
vt -0.286081 -6.198866 0.000000
vt -0.000000 -6.196542 0.000000
vt -0.500644 -6.553343 0.000000
vt -0.715199 -6.641034 0.000000
vt -0.500644 -6.730461 0.000000
vt -0.715197 -6.862564 0.000000
vt -0.500644 -6.907578 0.000000
vt -0.286081 -6.907578 0.000000
vt -0.000000 -6.787354 0.000000
vt -0.286081 -6.730461 0.000000
vt -0.286081 -6.553343 0.000000
vt -0.000000 -6.491155 0.000000
vt -0.286081 -6.376226 0.000000
vt -0.286081 -5.136404 0.000000
vt -0.000000 -5.015998 0.000000
vt -0.286081 -4.959287 0.000000
vt -0.286081 -4.782169 0.000000
vt -0.000000 -4.720522 0.000000
vt -0.286081 -4.605052 0.000000
vt -0.286081 -3.365230 0.000000
vt -0.000000 -3.245403 0.000000
vt -0.286081 -3.188113 0.000000
vt -0.286081 -3.010996 0.000000
vt -0.000000 -2.949899 0.000000
vt -0.286081 -2.833878 0.000000
vt -0.000000 -1.769805 0.000000
vt -0.286081 -1.770261 0.000000
vt -0.286081 -1.594056 0.000000
vt -0.000000 -1.474803 0.000000
vt -0.286081 -1.416939 0.000000
vt -0.286081 -1.239822 0.000000
vt -0.000000 -1.179284 0.000000
vt -0.286081 -1.062704 0.000000
vt -0.286081 0.000000 0.000000
vt 0.054703 2.195413 0.000000
vt 0.213002 2.394322 0.000000
vt 0.054703 2.394939 0.000000
vt 0.054703 -2.393705 0.000000
vt 0.213002 -2.394322 0.000000
vt 0.213002 -2.194301 0.000000
vt 0.054703 -2.194178 0.000000
vt 0.213002 -1.994775 0.000000
vt 0.054703 -1.994651 0.000000
vt 0.213002 -1.795248 0.000000
vt 0.054703 -1.795124 0.000000
vt 0.213002 -1.595721 0.000000
vt 0.054703 -1.595597 0.000000
vt 0.213002 -1.396194 0.000000
vt 0.054703 -1.396071 0.000000
vt 0.213002 -1.196667 0.000000
vt 0.054703 -1.196544 0.000000
vt 0.213002 -0.997140 0.000000
vt 0.054703 -0.997017 0.000000
vt 0.213002 -0.797614 0.000000
vt 0.054703 -0.797490 0.000000
vt 0.213002 -0.598087 0.000000
vt 0.054703 -0.597963 0.000000
vt 0.213002 -0.398560 0.000000
vt 0.054703 -0.398436 0.000000
vt 0.213002 -0.199033 0.000000
vt 0.054703 -0.198910 0.000000
vt 0.213002 0.000494 0.000000
vt 0.054703 0.000617 0.000000
vt 0.213002 0.200021 0.000000
vt 0.054703 0.200144 0.000000
vt 0.213002 0.399547 0.000000
vt 0.054703 0.399671 0.000000
vt 0.213002 0.599074 0.000000
vt 0.054703 0.599198 0.000000
vt 0.213002 0.798601 0.000000
vt 0.054703 0.798725 0.000000
vt 0.213002 0.998128 0.000000
vt 0.054703 0.998251 0.000000
vt 0.213002 1.197655 0.000000
vt 0.054703 1.197778 0.000000
vt 0.213002 1.397182 0.000000
vt 0.054703 1.397305 0.000000
vt 0.213002 1.596709 0.000000
vt 0.054703 1.596832 0.000000
vt 0.213002 1.796235 0.000000
vt 0.054703 1.796359 0.000000
vt 0.213002 1.995762 0.000000
vt 0.054703 1.995886 0.000000
vt 0.213002 2.195289 0.000000
vt 0.846198 -2.194795 0.000000
vt 0.687899 -2.394322 0.000000
vt 0.846198 -2.394322 0.000000
vt 0.846198 2.394322 0.000000
vt 0.687899 2.394322 0.000000
vt 0.687899 2.194919 0.000000
vt 0.846198 2.194795 0.000000
vt 0.687899 1.995392 0.000000
vt 0.846198 1.995268 0.000000
vt 0.687899 1.795865 0.000000
vt 0.846198 1.795742 0.000000
vt 0.687899 1.596338 0.000000
vt 0.846198 1.596215 0.000000
vt 0.687899 1.396811 0.000000
vt 0.846198 1.396688 0.000000
vt 0.687899 1.197284 0.000000
vt 0.846198 1.197161 0.000000
vt 0.687899 0.997758 0.000000
vt 0.846198 0.997634 0.000000
vt 0.687899 0.798231 0.000000
vt 0.846198 0.798107 0.000000
vt 0.687899 0.598704 0.000000
vt 0.846198 0.598581 0.000000
vt 0.687899 0.399177 0.000000
vt 0.846198 0.399054 0.000000
vt 0.687899 0.199650 0.000000
vt 0.846198 0.199527 0.000000
vt 0.687899 0.000123 0.000000
vt 0.846198 0.000000 0.000000
vt 0.687899 -0.199403 0.000000
vt 0.846198 -0.199527 0.000000
vt 0.687899 -0.398930 0.000000
vt 0.846198 -0.399054 0.000000
vt 0.687899 -0.598457 0.000000
vt 0.846198 -0.598581 0.000000
vt 0.687899 -0.797984 0.000000
vt 0.846198 -0.798107 0.000000
vt 0.687899 -0.997511 0.000000
vt 0.846198 -0.997634 0.000000
vt 0.687899 -1.197038 0.000000
vt 0.846198 -1.197161 0.000000
vt 0.687899 -1.396564 0.000000
vt 0.846198 -1.396688 0.000000
vt 0.687899 -1.596091 0.000000
vt 0.846198 -1.596215 0.000000
vt 0.687899 -1.795618 0.000000
vt 0.846198 -1.795742 0.000000
vt 0.687899 -1.995145 0.000000
vt 0.846198 -1.995268 0.000000
vt 0.687899 -2.194672 0.000000
vt 0.371301 -2.394322 0.000000
vt 0.371301 -2.194425 0.000000
vt 0.529600 -2.194548 0.000000
vt 0.529600 -1.995021 0.000000
vt 0.529600 -2.394322 0.000000
vt 0.371301 2.394322 0.000000
vt 0.371301 2.195166 0.000000
vt 0.529600 2.394322 0.000000
vt 0.529600 2.195042 0.000000
vt 0.371301 -1.994898 0.000000
vt 0.371301 -1.795371 0.000000
vt 0.371301 -1.595844 0.000000
vt 0.371301 -1.396318 0.000000
vt 0.371301 -1.196791 0.000000
vt 0.371301 -0.997264 0.000000
vt 0.371301 -0.797737 0.000000
vt 0.371301 -0.598210 0.000000
vt 0.371301 -0.398683 0.000000
vt 0.371301 -0.199156 0.000000
vt 0.371301 0.000370 0.000000
vt 0.371301 0.199897 0.000000
vt 0.371301 0.399424 0.000000
vt 0.371301 0.598951 0.000000
vt 0.371301 0.798478 0.000000
vt 0.371301 0.998005 0.000000
vt 0.371301 1.197531 0.000000
vt 0.371301 1.397058 0.000000
vt 0.371301 1.596585 0.000000
vt 0.371301 1.796112 0.000000
vt 0.371301 1.995639 0.000000
vt 0.529600 1.995515 0.000000
vt 0.529600 1.795988 0.000000
vt 0.529600 1.596462 0.000000
vt 0.529600 1.396935 0.000000
vt 0.529600 1.197408 0.000000
vt 0.529600 0.997881 0.000000
vt 0.529600 0.798354 0.000000
vt 0.529600 0.598827 0.000000
vt 0.529600 0.399301 0.000000
vt 0.529600 0.199774 0.000000
vt 0.529600 0.000247 0.000000
vt 0.529600 -0.199280 0.000000
vt 0.529600 -0.398807 0.000000
vt 0.529600 -0.598334 0.000000
vt 0.529600 -0.797860 0.000000
vt 0.529600 -0.997387 0.000000
vt 0.529600 -1.196914 0.000000
vt 0.529600 -1.396441 0.000000
vt 0.529600 -1.595968 0.000000
vt 0.529600 -1.795495 0.000000
vt 0.560674 -0.875416 0.000000
vt 0.333368 -0.929944 0.000000
vt 0.560674 -0.976785 0.000000
vt 0.231289 -0.935466 0.000000
vt -0.100000 -0.942478 0.000000
vt 0.155484 -0.926655 0.000000
vt 0.099389 -0.908955 0.000000
vt 0.057674 -0.886242 0.000000
vt -0.100000 -0.837758 0.000000
vt 0.025181 -0.860108 0.000000
vt -0.002313 -0.829187 0.000000
vt -0.024832 -0.794075 0.000000
vt -0.042083 -0.756153 0.000000
vt -0.100000 -0.733038 0.000000
vt -0.054295 -0.716116 0.000000
vt -0.061590 -0.674885 0.000000
vt -0.100000 -0.628319 0.000000
vt -0.064033 -0.633061 0.000000
vt -0.061714 -0.591163 0.000000
vt -0.100000 -0.523599 0.000000
vt -0.054577 -0.549949 0.000000
vt -0.042480 -0.509863 0.000000
vt -0.025384 -0.471872 0.000000
vt -0.100000 -0.418879 0.000000
vt -0.003075 -0.436755 0.000000
vt 0.024378 -0.405585 0.000000
vt 0.056458 -0.379513 0.000000
vt 0.092845 -0.358923 0.000000
vt -0.100000 -0.314159 0.000000
vt 0.131879 -0.344288 0.000000
vt 0.215250 -0.330235 0.000000
vt 0.560674 -0.288145 0.000000
vt 0.387303 -0.343409 0.000000
vt 0.560674 -0.389514 0.000000
vt -0.100000 -0.209440 0.000000
vt 0.560674 -0.186777 0.000000
vt -0.100000 -0.104720 0.000000
vt 0.560674 -0.085408 0.000000
vt -0.100000 0.000000 0.000000
vt 0.560674 0.015960 0.000000
vt -0.100000 0.104720 0.000000
vt 0.560674 0.117329 0.000000
vt -0.100000 0.209440 0.000000
vt 0.560674 0.218698 0.000000
vt -0.100000 0.314159 0.000000
vt 0.560674 0.320066 0.000000
vt -0.100000 0.418879 0.000000
vt 0.560674 0.421435 0.000000
vt -0.100000 0.523599 0.000000
vt 0.560674 0.522803 0.000000
vt 0.560674 0.624172 0.000000
vt -0.100000 0.628319 0.000000
vt 0.560674 0.725541 0.000000
vt -0.100000 0.733038 0.000000
vt 0.560674 0.826909 0.000000
vt -0.100000 0.837758 0.000000
vt 0.560674 0.928278 0.000000
vt -0.100000 0.942478 0.000000
vt 0.560674 1.029646 0.000000
vt -0.100000 1.047198 0.000000
vt 0.560674 1.131015 0.000000
vt -0.100000 1.151917 0.000000
vt 0.560674 1.232384 0.000000
vt -0.100000 1.256637 0.000000
vt -0.100000 -1.256637 0.000000
vt 0.560674 -1.280891 0.000000
vt 0.560674 -1.179522 0.000000
vt -0.100000 -1.151917 0.000000
vt 0.560674 -1.078153 0.000000
vt -0.100000 -1.047198 0.000000
vt 0.100000 -1.295907 0.000000
vt -0.000000 -1.295907 0.000000
vt 0.100000 -1.413717 0.000000
vt -0.000000 -1.413717 0.000000
vt 0.100000 1.413717 0.000000
vt -0.000000 1.413717 0.000000
vt 0.100000 1.295907 0.000000
vt -0.000000 1.295907 0.000000
vt 0.100000 1.178097 0.000000
vt -0.000000 1.178097 0.000000
vt 0.100000 1.060288 0.000000
vt -0.000000 1.060288 0.000000
vt 0.100000 0.942478 0.000000
vt -0.000000 0.942478 0.000000
vt 0.100000 0.824668 0.000000
vt -0.000000 0.824668 0.000000
vt 0.100000 0.706858 0.000000
vt -0.000000 0.706858 0.000000
vt 0.100000 0.589049 0.000000
vt -0.000000 0.589049 0.000000
vt 0.100000 0.471239 0.000000
vt -0.000000 0.471239 0.000000
vt 0.100000 0.353429 0.000000
vt -0.000000 0.353429 0.000000
vt 0.100000 0.235619 0.000000
vt -0.000000 0.235619 0.000000
vt 0.100000 0.117810 0.000000
vt -0.000000 0.117810 0.000000
vt 0.100000 0.000000 0.000000
vt -0.000000 0.000000 0.000000
vt 0.100000 -0.117810 0.000000
vt -0.000000 -0.117810 0.000000
vt 0.100000 -0.235619 0.000000
vt -0.000000 -0.235619 0.000000
vt 0.100000 -0.353429 0.000000
vt -0.000000 -0.353429 0.000000
vt 0.100000 -0.471239 0.000000
vt -0.000000 -0.471239 0.000000
vt 0.100000 -0.589049 0.000000
vt -0.000000 -0.589049 0.000000
vt 0.100000 -0.706858 0.000000
vt -0.000000 -0.706858 0.000000
vt 0.100000 -0.824668 0.000000
vt -0.000000 -0.824668 0.000000
vt 0.100000 -0.942478 0.000000
vt -0.000000 -0.942478 0.000000
vt 0.100000 -1.060288 0.000000
vt -0.000000 -1.060288 0.000000
vt 0.100000 -1.178097 0.000000
vt -0.000000 -1.178097 0.000000
vt 0.386370 -0.103528 0.000000
vt 0.434667 -0.116469 0.000000
vt 0.400000 0.000000 0.000000
vt 0.450000 0.000000 0.000000
vt 0.386370 0.103528 0.000000
vt 0.434667 0.116469 0.000000
vt 0.346410 0.200000 0.000000
vt 0.389711 0.225000 0.000000
vt 0.282843 0.282843 0.000000
vt 0.318198 0.318198 0.000000
vt 0.200000 0.346410 0.000000
vt 0.225000 0.389711 0.000000
vt 0.103528 0.386370 0.000000
vt 0.116469 0.434667 0.000000
vt -0.000000 0.400000 0.000000
vt -0.000000 0.450000 0.000000
vt -0.116469 0.434667 0.000000
vt 0.346410 -0.200000 0.000000
vt 0.389711 -0.225000 0.000000
vt 0.282843 -0.282843 0.000000
vt 0.318198 -0.318198 0.000000
vt 0.200000 -0.346410 0.000000
vt 0.225000 -0.389711 0.000000
vt 0.103528 -0.386370 0.000000
vt 0.116469 -0.434667 0.000000
vt -0.000000 -0.400000 0.000000
vt -0.000000 -0.450000 0.000000
vt -0.116469 -0.434667 0.000000
vt -0.103528 -0.386370 0.000000
vt -0.225000 -0.389711 0.000000
vt -0.200000 -0.346410 0.000000
vt -0.318198 -0.318198 0.000000
vt -0.282843 -0.282843 0.000000
vt -0.389711 -0.225000 0.000000
vt -0.346410 -0.200000 0.000000
vt -0.434667 -0.116469 0.000000
vt -0.386370 -0.103528 0.000000
vt -0.450000 0.000000 0.000000
vt -0.400000 0.000000 0.000000
vt -0.386370 0.103528 0.000000
vt -0.434667 0.116469 0.000000
vt -0.346410 0.200000 0.000000
vt -0.389711 0.225000 0.000000
vt -0.282843 0.282843 0.000000
vt -0.318198 0.318198 0.000000
vt -0.200000 0.346410 0.000000
vt -0.225000 0.389711 0.000000
vt -0.103528 0.386370 0.000000
vt 0.000000 -2.802065 0.000000
vt 0.060603 -2.401822 0.000000
vt 0.000000 -2.401770 0.000000
vt 0.060603 -2.001475 0.000000
vt -0.000000 -2.001475 0.000000
vt -0.000000 -1.601180 0.000000
vt 0.060603 -1.601180 0.000000
vt 0.060603 -1.200923 0.000000
vt 0.121206 -1.200961 0.000000
vt 0.121206 -0.800590 0.000000
vt 0.181810 -0.800590 0.000000
vt 0.121206 -0.400295 0.000000
vt 0.181810 -0.400295 0.000000
vt 0.181810 -0.000075 0.000000
vt 0.242413 -0.000099 0.000000
vt 0.242413 0.400295 0.000000
vt 0.303016 0.400295 0.000000
vt 0.242413 0.800590 0.000000
vt 0.303016 0.800590 0.000000
vt 0.303016 1.200824 0.000000
vt 0.363619 1.200812 0.000000
vt 0.363619 1.601180 0.000000
vt 0.424222 1.601180 0.000000
vt 0.363619 2.001475 0.000000
vt 0.424222 2.001475 0.000000
vt 0.363619 2.401770 0.000000
vt 0.424222 2.401770 0.000000
vt 0.363619 2.802065 0.000000
vt 0.424222 2.802065 0.000000
vt 0.363619 3.202360 0.000000
vt 0.424222 3.202360 0.000000
vt 0.424222 3.601831 0.000000
vt 0.484825 3.601713 0.000000
vt 0.484825 4.002950 0.000000
vt 0.545429 4.002950 0.000000
vt 0.484825 4.403245 0.000000
vt 0.545429 4.403245 0.000000
vt 0.484825 4.803541 0.000000
vt 0.545429 4.803541 0.000000
vt 0.484825 -4.803541 0.000000
vt 0.545429 -4.803541 0.000000
vt 0.484825 -4.403245 0.000000
vt 0.545429 -4.403245 0.000000
vt 0.484825 -4.002950 0.000000
vt 0.545429 -4.002950 0.000000
vt 0.545429 -3.603248 0.000000
vt 0.606032 -3.603314 0.000000
vt 0.606032 -3.202360 0.000000
vt 0.666635 -3.202360 0.000000
vt 0.606032 -2.802065 0.000000
vt 0.666635 -2.802065 0.000000
vt 0.666635 -2.402339 0.000000
vt 0.727236 -2.703012 0.000000
vt 0.727190 -2.402391 0.000000
vt 0.000000 -3.202360 0.000000
vt 0.060603 -3.202360 0.000000
vt 0.060603 -2.802065 0.000000
vt 0.121206 -2.401874 0.000000
vt 0.121206 -2.001475 0.000000
vt 0.181810 -2.001475 0.000000
vt 0.121206 -1.601180 0.000000
vt 0.181810 -1.601180 0.000000
vt 0.181810 -1.200999 0.000000
vt 0.242413 -1.201037 0.000000
vt 0.242413 -0.800590 0.000000
vt 0.303016 -0.800590 0.000000
vt 0.242413 -0.400295 0.000000
vt 0.303016 -0.400295 0.000000
vt 0.303016 -0.000124 0.000000
vt 0.363619 -0.000149 0.000000
vt 0.363619 0.400295 0.000000
vt 0.424222 0.400295 0.000000
vt 0.363619 0.800590 0.000000
vt 0.424222 0.800590 0.000000
vt 0.424222 1.200800 0.000000
vt 0.484825 1.200788 0.000000
vt 0.484825 1.601180 0.000000
vt 0.545429 1.601180 0.000000
vt 0.484825 2.001475 0.000000
vt 0.545429 2.001475 0.000000
vt 0.484825 2.401770 0.000000
vt 0.545429 2.401770 0.000000
vt 0.484825 2.802065 0.000000
vt 0.545429 2.802065 0.000000
vt 0.484825 3.202360 0.000000
vt 0.545429 3.202360 0.000000
vt 0.545429 3.601595 0.000000
vt 0.606032 3.601477 0.000000
vt 0.606032 4.002950 0.000000
vt 0.666635 4.002950 0.000000
vt 0.606032 4.403245 0.000000
vt 0.666635 4.403245 0.000000
vt 0.606032 4.803541 0.000000
vt 0.666635 4.803541 0.000000
vt 0.606032 -4.803541 0.000000
vt 0.666635 -4.803541 0.000000
vt 0.606032 -4.403245 0.000000
vt 0.666635 -4.403245 0.000000
vt 0.606032 -4.002950 0.000000
vt 0.666635 -4.002950 0.000000
vt 0.666635 -3.603380 0.000000
vt 0.727235 -3.904135 0.000000
vt 0.727192 -3.603446 0.000000
vt 0.000000 -3.602655 0.000000
vt 0.060603 -3.602721 0.000000
vt 0.121206 -3.202360 0.000000
vt 0.121206 -3.602787 0.000000
vt 0.181810 -3.202360 0.000000
vt 0.181810 -3.602853 0.000000
vt 0.242413 -3.202360 0.000000
vt 0.242413 -3.602919 0.000000
vt 0.303016 -3.202360 0.000000
vt 0.303016 -3.602985 0.000000
vt 0.363619 -3.202360 0.000000
vt 0.363619 -3.603051 0.000000
vt 0.424222 -3.202360 0.000000
vt 0.424222 -3.603116 0.000000
vt 0.484825 -3.202360 0.000000
vt 0.484825 -3.603182 0.000000
vt 0.545429 -3.202360 0.000000
vt 0.000000 -4.002950 0.000000
vt 0.060603 -4.002950 0.000000
vt 0.121206 -4.002950 0.000000
vt 0.181810 -4.002950 0.000000
vt 0.242413 -4.002950 0.000000
vt 0.303016 -4.002950 0.000000
vt 0.363619 -4.002950 0.000000
vt 0.424222 -4.002950 0.000000
vt 0.060603 -4.403245 0.000000
vt 0.000000 -4.403245 0.000000
vt 0.060603 -4.803541 0.000000
vt 0.000000 -4.803541 0.000000
vt 0.060603 4.803541 0.000000
vt 0.000000 4.803541 0.000000
vt 0.060603 4.403245 0.000000
vt 0.000000 4.403245 0.000000
vt 0.060603 4.002950 0.000000
vt 0.000000 4.002950 0.000000
vt 0.000000 3.602655 0.000000
vt 0.060603 3.602538 0.000000
vt 0.000000 3.202360 0.000000
vt 0.060603 3.202360 0.000000
vt 0.060603 2.802065 0.000000
vt 0.121206 2.802065 0.000000
vt 0.121206 2.401770 0.000000
vt 0.181810 2.401770 0.000000
vt 0.181810 2.001475 0.000000
vt 0.242413 2.001475 0.000000
vt 0.242413 1.601180 0.000000
vt 0.303016 1.601180 0.000000
vt 0.242413 1.200836 0.000000
vt 0.000000 2.802065 0.000000
vt 0.060603 2.401770 0.000000
vt 0.121206 2.001475 0.000000
vt 0.181810 1.601180 0.000000
vt 0.181810 1.200849 0.000000
vt 0.181810 0.800590 0.000000
vt 0.000000 2.401770 0.000000
vt 0.060603 2.001475 0.000000
vt 0.121206 1.601180 0.000000
vt 0.121206 1.200861 0.000000
vt 0.121206 0.800590 0.000000
vt 0.181810 0.400295 0.000000
vt 0.000000 2.001475 0.000000
vt 0.060603 1.601180 0.000000
vt 0.060603 1.200873 0.000000
vt 0.060603 0.800590 0.000000
vt 0.121206 0.400295 0.000000
vt 0.121206 -0.000050 0.000000
vt 0.000000 1.601180 0.000000
vt 0.000000 1.200885 0.000000
vt 0.000000 0.800590 0.000000
vt 0.060603 0.400295 0.000000
vt 0.060603 -0.000025 0.000000
vt 0.060603 -0.400295 0.000000
vt 0.000000 0.400295 0.000000
vt 0.000000 0.000000 0.000000
vt -0.000000 -0.400295 0.000000
vt 0.060603 -0.800590 0.000000
vt -0.000000 -0.800590 0.000000
vt -0.000000 -1.200885 0.000000
vt 0.727187 2.402389 0.000000
vt 0.727187 2.403009 0.000000
vt 0.666635 2.401770 0.000000
vt 0.727193 2.701842 0.000000
vt 0.666635 2.802065 0.000000
vt 0.727190 3.001061 0.000000
vt 0.666635 3.202360 0.000000
vt 0.727189 3.300841 0.000000
vt 0.666635 3.601359 0.000000
vt 0.727182 3.601242 0.000000
vt 0.727190 3.901260 0.000000
vt 0.727190 4.202038 0.000000
vt 0.727234 4.501824 0.000000
vt 0.727194 4.802575 0.000000
vt 0.727194 -4.804506 0.000000
vt 0.727234 -4.504696 0.000000
vt 0.727193 -4.203975 0.000000
vt 0.727236 -3.303574 0.000000
vt 0.727191 -3.002918 0.000000
vt 0.727237 -2.102450 0.000000
vt 0.666635 -2.001475 0.000000
vt 0.606032 -2.402287 0.000000
vt 0.606032 -2.001475 0.000000
vt 0.545429 -2.402236 0.000000
vt 0.545429 -2.001475 0.000000
vt 0.484825 -2.402184 0.000000
vt 0.484825 -2.001475 0.000000
vt 0.424222 -2.402132 0.000000
vt 0.424222 -2.001475 0.000000
vt 0.363619 -2.402081 0.000000
vt 0.363619 -2.001475 0.000000
vt 0.303016 -2.402029 0.000000
vt 0.303016 -2.001475 0.000000
vt 0.242413 -2.401977 0.000000
vt 0.242413 -2.001475 0.000000
vt 0.181810 -2.401925 0.000000
vt 0.727189 -1.801866 0.000000
vt 0.666635 -1.601180 0.000000
vt 0.606032 -1.601180 0.000000
vt 0.666635 -1.201304 0.000000
vt 0.606032 -1.201266 0.000000
vt 0.666635 -0.800590 0.000000
vt 0.606032 -0.800590 0.000000
vt 0.606032 -0.400295 0.000000
vt 0.545429 -0.400295 0.000000
vt 0.606032 -0.000249 0.000000
vt 0.545429 -0.000224 0.000000
vt 0.606032 0.400295 0.000000
vt 0.545429 0.400295 0.000000
vt 0.545429 0.800590 0.000000
vt 0.484825 0.800590 0.000000
vt 0.545429 1.200776 0.000000
vt 0.727237 -1.501888 0.000000
vt 0.727188 -1.201342 0.000000
vt 0.727237 -0.901325 0.000000
vt 0.727188 -0.600819 0.000000
vt 0.666635 -0.400295 0.000000
vt 0.727238 -0.300763 0.000000
vt 0.666635 -0.000273 0.000000
vt 0.727187 -0.000298 0.000000
vt 0.727238 0.299800 0.000000
vt 0.666635 0.400295 0.000000
vt 0.727187 0.600221 0.000000
vt 0.666635 0.800590 0.000000
vt 0.727238 0.900363 0.000000
vt 0.666635 1.200751 0.000000
vt 0.727187 1.200739 0.000000
vt 0.727238 1.500926 0.000000
vt 0.666635 1.601180 0.000000
vt 0.727187 1.801255 0.000000
vt 0.666635 2.001475 0.000000
vt 0.727238 2.101489 0.000000
vt 0.727187 2.401770 0.000000
vt 0.121206 -4.803541 0.000000
vt 0.121206 -4.403245 0.000000
vt 0.181810 -4.803541 0.000000
vt 0.181810 -4.403245 0.000000
vt 0.121206 4.803541 0.000000
vt 0.121206 4.403245 0.000000
vt 0.121206 4.002950 0.000000
vt 0.242413 -4.803541 0.000000
vt 0.242413 -4.403245 0.000000
vt 0.181810 4.803541 0.000000
vt 0.181810 4.403245 0.000000
vt 0.181810 4.002950 0.000000
vt 0.121206 3.602420 0.000000
vt 0.303016 -4.803541 0.000000
vt 0.303016 -4.403245 0.000000
vt 0.242413 4.803541 0.000000
vt 0.242413 4.403245 0.000000
vt 0.242413 4.002950 0.000000
vt 0.181810 3.602302 0.000000
vt 0.121206 3.202360 0.000000
vt 0.363619 -4.803541 0.000000
vt 0.363619 -4.403245 0.000000
vt 0.303016 4.803541 0.000000
vt 0.303016 4.403245 0.000000
vt 0.303016 4.002950 0.000000
vt 0.242413 3.602184 0.000000
vt 0.181810 3.202360 0.000000
vt 0.181810 2.802065 0.000000
vt 0.424222 -4.803541 0.000000
vt 0.424222 -4.403245 0.000000
vt 0.363619 4.803541 0.000000
vt 0.363619 4.403245 0.000000
vt 0.363619 4.002950 0.000000
vt 0.303016 3.602066 0.000000
vt 0.242413 3.202360 0.000000
vt 0.242413 2.802065 0.000000
vt 0.242413 2.401770 0.000000
vt 0.424222 4.803541 0.000000
vt 0.424222 4.403245 0.000000
vt 0.424222 4.002950 0.000000
vt 0.363619 3.601949 0.000000
vt 0.303016 3.202360 0.000000
vt 0.303016 2.802065 0.000000
vt 0.303016 2.401770 0.000000
vt 0.303016 2.001475 0.000000
vt 0.121206 -2.802065 0.000000
vt 0.181810 -2.802065 0.000000
vt 0.242413 -2.802065 0.000000
vt 0.303016 -2.802065 0.000000
vt 0.363619 -2.802065 0.000000
vt 0.424222 -2.802065 0.000000
vt 0.484825 -2.802065 0.000000
vt 0.545429 -2.802065 0.000000
vt 0.606032 3.202360 0.000000
vt 0.606032 2.802065 0.000000
vt 0.606032 2.401770 0.000000
vt 0.606032 2.001475 0.000000
vt 0.606032 1.601180 0.000000
vt 0.606032 1.200763 0.000000
vt 0.606032 0.800590 0.000000
vt 0.484825 0.400295 0.000000
vt 0.424222 -0.000174 0.000000
vt 0.363619 -0.400295 0.000000
vt 0.363619 -0.800590 0.000000
vt 0.303016 -1.201075 0.000000
vt 0.242413 -1.601180 0.000000
vt 0.484825 -0.000199 0.000000
vt 0.484825 -0.400295 0.000000
vt 0.545429 -0.800590 0.000000
vt 0.545429 -1.201228 0.000000
vt 0.545429 -1.601180 0.000000
vt 0.424222 -0.400295 0.000000
vt 0.424222 -0.800590 0.000000
vt 0.363619 -1.201113 0.000000
vt 0.303016 -1.601180 0.000000
vt 0.484825 -0.800590 0.000000
vt 0.484825 -1.201190 0.000000
vt 0.484825 -1.601180 0.000000
vt 0.424222 -1.201151 0.000000
vt 0.363619 -1.601180 0.000000
vt 0.424222 -1.601180 0.000000
vt 0.100000 5.039638 0.000000
vt 0.750000 5.039638 0.000000
vt 0.100000 5.497787 0.000000
vt 0.750000 5.497787 0.000000
vt 0.100000 -5.497787 0.000000
vt 0.750000 -5.497787 0.000000
vt 0.100000 -5.039638 0.000000
vt 0.750000 -5.039638 0.000000
vt 0.100000 -4.581489 0.000000
vt 0.750000 -4.581489 0.000000
vt 0.100000 -4.123340 0.000000
vt 0.750000 -4.123340 0.000000
vt 0.100000 -3.665191 0.000000
vt 0.750000 -3.665191 0.000000
vt 0.100000 -3.207042 0.000000
vt 0.750000 -3.207042 0.000000
vt 0.100000 -2.748894 0.000000
vt 0.750000 -2.748894 0.000000
vt 0.100000 -2.290745 0.000000
vt 0.750000 -2.290745 0.000000
vt 0.100000 -1.832596 0.000000
vt 0.750000 -1.832596 0.000000
vt 0.100000 -1.374447 0.000000
vt 0.750000 -1.374447 0.000000
vt 0.100000 -0.916298 0.000000
vt 0.750000 -0.916298 0.000000
vt 0.100000 -0.458149 0.000000
vt 0.750000 -0.458149 0.000000
vt 0.100000 0.000000 0.000000
vt 0.750000 0.000000 0.000000
vt 0.100000 0.458149 0.000000
vt 0.750000 0.458149 0.000000
vt 0.100000 0.916298 0.000000
vt 0.750000 0.916298 0.000000
vt 0.100000 1.374447 0.000000
vt 0.750000 1.374447 0.000000
vt 0.100000 1.832596 0.000000
vt 0.750000 1.832596 0.000000
vt 0.100000 2.290745 0.000000
vt 0.750000 2.290745 0.000000
vt 0.100000 2.748894 0.000000
vt 0.750000 2.748894 0.000000
vt 0.100000 3.207042 0.000000
vt 0.750000 3.207042 0.000000
vt 0.100000 3.665191 0.000000
vt 0.750000 3.665191 0.000000
vt 0.100000 4.123340 0.000000
vt 0.750000 4.123340 0.000000
vt 0.100000 4.581489 0.000000
vt 0.750000 4.581489 0.000000
vt 0.104720 0.466472 0.000000
vt 0.083012 0.466472 0.000000
vt 0.104720 0.000000 0.000000
vt 0.083012 0.000000 0.000000
vt 0.104720 -0.466472 0.000000
vt 0.083012 -0.466472 0.000000
vt 0.104720 -0.932943 0.000000
vt 0.083012 -0.932943 0.000000
vt 0.104720 -1.399415 0.000000
vt 0.083012 -1.399415 0.000000
vt 0.104720 -1.865886 0.000000
vt 0.083012 -1.865886 0.000000
vt 0.104720 -2.332358 0.000000
vt 0.083012 -2.332358 0.000000
vt 0.104720 -2.798829 0.000000
vt 0.083012 -2.798829 0.000000
vt 0.104720 -3.265301 0.000000
vt 0.083012 -3.265301 0.000000
vt 0.104720 -3.731772 0.000000
vt 0.083012 -3.731772 0.000000
vt 0.104720 -4.198244 0.000000
vt 0.083012 -4.198244 0.000000
vt 0.104720 -4.664716 0.000000
vt 0.083012 -4.664716 0.000000
vt 0.104720 -5.131187 0.000000
vt 0.083012 -5.131187 0.000000
vt 0.104720 -5.597659 0.000000
vt 0.083012 -5.597659 0.000000
vt 0.104720 5.597659 0.000000
vt 0.083012 5.597659 0.000000
vt 0.104720 5.131187 0.000000
vt 0.083012 5.131187 0.000000
vt 0.104720 4.664716 0.000000
vt 0.083012 4.664716 0.000000
vt 0.104720 4.198244 0.000000
vt 0.083012 4.198244 0.000000
vt 0.104720 3.731772 0.000000
vt 0.083012 3.731772 0.000000
vt 0.104720 3.265301 0.000000
vt 0.083012 3.265301 0.000000
vt 0.104720 2.798829 0.000000
vt 0.083012 2.798829 0.000000
vt 0.104720 2.332358 0.000000
vt 0.083012 2.332358 0.000000
vt 0.104720 1.865886 0.000000
vt 0.083012 1.865886 0.000000
vt 0.104720 1.399415 0.000000
vt 0.083012 1.399415 0.000000
vt 0.104720 0.932943 0.000000
vt 0.083012 0.932943 0.000000
vt 0.017889 -3.265301 0.000000
vt 0.039597 -3.265301 0.000000
vt 0.017889 -2.798829 0.000000
vt 0.039597 -2.798829 0.000000
vt 0.017889 -2.332358 0.000000
vt 0.039597 -2.332358 0.000000
vt 0.017889 -1.865886 0.000000
vt 0.039597 -1.865886 0.000000
vt 0.017889 -1.399415 0.000000
vt 0.039597 -1.399415 0.000000
vt 0.017889 -0.932943 0.000000
vt 0.039597 -0.932943 0.000000
vt 0.017889 -0.466472 0.000000
vt 0.039597 -0.466472 0.000000
vt 0.017889 0.000000 0.000000
vt 0.039597 0.000000 0.000000
vt 0.017889 0.466472 0.000000
vt 0.039597 0.466472 0.000000
vt 0.017889 0.932943 0.000000
vt 0.039597 0.932943 0.000000
vt 0.017889 1.399415 0.000000
vt 0.039597 1.399415 0.000000
vt 0.017889 1.865886 0.000000
vt 0.039597 1.865886 0.000000
vt 0.017889 2.332358 0.000000
vt 0.039597 2.332358 0.000000
vt 0.017889 2.798829 0.000000
vt 0.039597 2.798829 0.000000
vt 0.017889 3.265301 0.000000
vt 0.039597 3.265301 0.000000
vt 0.017889 3.731772 0.000000
vt 0.039597 3.731772 0.000000
vt 0.017889 4.198244 0.000000
vt 0.039597 4.198244 0.000000
vt 0.017889 4.664716 0.000000
vt 0.039597 4.664716 0.000000
vt 0.017889 5.131187 0.000000
vt 0.039597 5.131187 0.000000
vt 0.017889 5.597659 0.000000
vt 0.039597 5.597659 0.000000
vt 0.017889 -5.597659 0.000000
vt 0.039597 -5.597659 0.000000
vt 0.017889 -5.131187 0.000000
vt 0.039597 -5.131187 0.000000
vt 0.017889 -4.664716 0.000000
vt 0.039597 -4.664716 0.000000
vt 0.017889 -4.198244 0.000000
vt 0.039597 -4.198244 0.000000
vt 0.017889 -3.731772 0.000000
vt 0.039597 -3.731772 0.000000
vt 0.061304 5.597659 0.000000
vt 0.061304 5.131187 0.000000
vt 0.061304 4.664716 0.000000
vt 0.061304 4.198244 0.000000
vt 0.061304 3.731772 0.000000
vt 0.061304 3.265301 0.000000
vt 0.061304 2.798829 0.000000
vt 0.061304 2.332358 0.000000
vt 0.061304 1.865886 0.000000
vt 0.061304 1.399415 0.000000
vt 0.061304 0.932943 0.000000
vt 0.061304 0.466472 0.000000
vt 0.061304 0.000000 0.000000
vt 0.061304 -0.466472 0.000000
vt 0.061304 -0.932943 0.000000
vt 0.061304 -1.399415 0.000000
vt 0.061304 -1.865886 0.000000
vt 0.061304 -2.332358 0.000000
vt 0.061304 -2.798829 0.000000
vt 0.061304 -3.265301 0.000000
vt 0.061304 -3.731772 0.000000
vt 0.061304 -4.198244 0.000000
vt 0.061304 -4.664716 0.000000
vt 0.061304 -5.131187 0.000000
vt 0.061304 -5.597659 0.000000
vt 0.551131 -8.431228 0.000000
vt 0.496797 -8.818870 0.000000
vt 0.551131 -9.836432 0.000000
vt 0.496797 -10.175620 0.000000
vt 0.551131 -11.241637 0.000000
vt 0.496797 -11.532369 0.000000
vt 0.551131 -12.646842 0.000000
vt 0.496797 -12.889118 0.000000
vt 0.551131 -14.052046 0.000000
vt 0.496797 -14.245868 0.000000
vt 0.551131 -15.457251 0.000000
vt 0.496797 -15.602617 0.000000
vt 0.551131 -16.862456 0.000000
vt 0.496797 -16.959366 0.000000
vt 0.551131 -18.267660 0.000000
vt 0.496797 -18.316116 0.000000
vt 0.551131 -19.672865 0.000000
vt 0.496797 -19.672865 0.000000
vt 0.551131 19.672865 0.000000
vt 0.496797 19.672865 0.000000
vt 0.496797 18.316116 0.000000
vt 0.442463 19.672865 0.000000
vt 0.442463 18.316116 0.000000
vt 0.388129 19.672865 0.000000
vt 0.388129 18.316116 0.000000
vt 0.333794 18.655303 0.000000
vt 0.333794 17.298554 0.000000
vt 0.496797 -7.462121 0.000000
vt 0.551131 -7.026023 0.000000
vt 0.496797 -6.105372 0.000000
vt 0.551131 -5.620819 0.000000
vt 0.496797 -4.748623 0.000000
vt 0.551131 -4.215614 0.000000
vt 0.496797 -3.391873 0.000000
vt 0.551131 -2.810409 0.000000
vt 0.496797 -2.035124 0.000000
vt 0.551131 -1.405205 0.000000
vt 0.496797 -0.678375 0.000000
vt 0.551131 0.000000 0.000000
vt 0.496797 0.678375 0.000000
vt 0.551131 1.405205 0.000000
vt 0.496797 2.035124 0.000000
vt 0.551131 2.810409 0.000000
vt 0.496797 3.391873 0.000000
vt 0.551131 4.215614 0.000000
vt 0.496797 4.748623 0.000000
vt 0.551131 5.620819 0.000000
vt 0.496797 6.105372 0.000000
vt 0.551131 7.026023 0.000000
vt 0.496797 7.462121 0.000000
vt 0.551131 8.431228 0.000000
vt 0.496797 8.818870 0.000000
vt 0.551131 9.836432 0.000000
vt 0.496797 10.175620 0.000000
vt 0.551131 11.241637 0.000000
vt 0.496797 11.532369 0.000000
vt 0.551131 12.646842 0.000000
vt 0.496797 12.889118 0.000000
vt 0.551131 14.052046 0.000000
vt 0.496797 14.245868 0.000000
vt 0.551131 15.457251 0.000000
vt 0.496797 15.602617 0.000000
vt 0.551131 16.862456 0.000000
vt 0.496797 16.959366 0.000000
vt 0.551131 18.267660 0.000000
vt 0.333794 -11.193182 0.000000
vt 0.388129 -10.175620 0.000000
vt 0.333794 -9.836432 0.000000
vt 0.388129 -8.818870 0.000000
vt 0.333794 -8.479683 0.000000
vt 0.388129 -7.462121 0.000000
vt 0.333794 -7.122934 0.000000
vt 0.388129 -6.105372 0.000000
vt 0.333794 -5.766185 0.000000
vt 0.388129 -4.748623 0.000000
vt 0.333794 -4.409435 0.000000
vt 0.388129 -3.391873 0.000000
vt 0.333794 -3.052686 0.000000
vt 0.388129 -2.035124 0.000000
vt 0.333794 -1.695937 0.000000
vt 0.388129 -0.678375 0.000000
vt 0.333794 -0.339187 0.000000
vt 0.388129 0.678375 0.000000
vt 0.333794 1.017562 0.000000
vt 0.388129 2.035124 0.000000
vt 0.333794 2.374311 0.000000
vt 0.388129 3.391873 0.000000
vt 0.333794 3.731061 0.000000
vt 0.388129 4.748623 0.000000
vt 0.333794 5.087810 0.000000
vt 0.388129 6.105372 0.000000
vt 0.333794 6.444559 0.000000
vt 0.388129 7.462121 0.000000
vt 0.333794 7.801309 0.000000
vt 0.388129 8.818870 0.000000
vt 0.333794 9.158058 0.000000
vt 0.388129 10.175620 0.000000
vt 0.333794 10.514807 0.000000
vt 0.388129 11.532369 0.000000
vt 0.333794 11.871556 0.000000
vt 0.388129 12.889118 0.000000
vt 0.333794 13.228306 0.000000
vt 0.388129 14.245868 0.000000
vt 0.333794 14.585055 0.000000
vt 0.388129 15.602617 0.000000
vt 0.333794 15.941804 0.000000
vt 0.388129 16.959366 0.000000
vt 0.388129 -11.532369 0.000000
vt 0.333794 -12.549931 0.000000
vt 0.388129 -12.889118 0.000000
vt 0.333794 -13.906680 0.000000
vt 0.388129 -14.245868 0.000000
vt 0.333794 -15.263430 0.000000
vt 0.388129 -15.602617 0.000000
vt 0.333794 -16.620179 0.000000
vt 0.388129 -16.959366 0.000000
vt 0.333794 -17.976928 0.000000
vt 0.388129 -18.316116 0.000000
vt 0.333794 -19.333678 0.000000
vt 0.388129 -19.672865 0.000000
vt 0.333794 20.012052 0.000000
vt 0.442463 -19.672865 0.000000
vt 0.442463 -18.316116 0.000000
vt 0.442463 -16.959366 0.000000
vt 0.442463 -15.602617 0.000000
vt 0.442463 -14.245868 0.000000
vt 0.442463 -12.889118 0.000000
vt 0.442463 -11.532369 0.000000
vt 0.442463 -10.175620 0.000000
vt 0.442463 -8.818870 0.000000
vt 0.442463 -7.462121 0.000000
vt 0.442463 -6.105372 0.000000
vt 0.442463 -4.748623 0.000000
vt 0.442463 -3.391873 0.000000
vt 0.442463 -2.035124 0.000000
vt 0.442463 -0.678375 0.000000
vt 0.442463 0.678375 0.000000
vt 0.442463 2.035124 0.000000
vt 0.442463 3.391873 0.000000
vt 0.442463 4.748623 0.000000
vt 0.442463 6.105372 0.000000
vt 0.442463 7.462121 0.000000
vt 0.442463 8.818870 0.000000
vt 0.442463 10.175620 0.000000
vt 0.442463 11.532369 0.000000
vt 0.442463 12.889118 0.000000
vt 0.442463 14.245868 0.000000
vt 0.442463 15.602617 0.000000
vt 0.442463 16.959366 0.000000
vt 6.222371 -1.369647 0.000000
vt 6.371329 0.000000 0.000000
vt 6.366061 0.000000 0.000000
vt 6.222371 1.369647 0.000000
vt 6.217226 1.368515 0.000000
vt 5.782462 2.675252 0.000000
vt 5.777681 2.673040 0.000000
vt 5.072171 3.855764 0.000000
vt 5.067977 3.852576 0.000000
vt 4.124711 4.855986 0.000000
vt 4.121301 4.851970 0.000000
vt 2.984384 5.629146 0.000000
vt 2.981917 5.624492 0.000000
vt 1.704511 6.139094 0.000000
vt 1.703102 6.134018 0.000000
vt 0.344937 6.361985 0.000000
vt 0.344652 6.356725 0.000000
vt -1.029914 6.282198 0.000000
vt -1.030766 6.287397 0.000000
vt -2.356322 5.913923 0.000000
vt -2.358272 5.918817 0.000000
vt -3.572551 5.269119 0.000000
vt -3.575508 5.273479 0.000000
vt -4.621732 4.377937 0.000000
vt -4.625556 4.381560 0.000000
vt -5.454805 3.282047 0.000000
vt -5.459319 3.284763 0.000000
vt -6.032818 2.032693 0.000000
vt -6.037811 2.034375 0.000000
vt -6.328743 0.688292 0.000000
vt -6.333980 0.688862 0.000000
vt -6.333980 -0.688862 0.000000
vt -6.328743 -0.688292 0.000000
vt -6.037811 -2.034375 0.000000
vt -6.032818 -2.032693 0.000000
vt -5.459319 -3.284763 0.000000
vt -5.454805 -3.282047 0.000000
vt -4.625556 -4.381560 0.000000
vt -4.621732 -4.377937 0.000000
vt -3.575508 -5.273479 0.000000
vt -3.572551 -5.269119 0.000000
vt -2.358272 -5.918817 0.000000
vt -2.356322 -5.913923 0.000000
vt -1.030766 -6.287397 0.000000
vt -1.029914 -6.282198 0.000000
vt 0.344937 -6.361985 0.000000
vt 0.344652 -6.356725 0.000000
vt 1.703102 -6.134018 0.000000
vt 1.704511 -6.139094 0.000000
vt 2.981917 -5.624492 0.000000
vt 2.984384 -5.629146 0.000000
vt 4.121301 -4.851970 0.000000
vt 4.124711 -4.855986 0.000000
vt 5.067977 -3.852576 0.000000
vt 5.072171 -3.855764 0.000000
vt 5.777681 -2.673040 0.000000
vt 5.782462 -2.675252 0.000000
vt 6.217226 -1.368515 0.000000
vt 0.327454 -13.699285 0.000000
vt -5.152845 -13.877197 0.000000
vt 0.327454 -14.944674 0.000000
vt -5.152845 -14.944674 0.000000
vt 0.327454 14.944674 0.000000
vt -5.152845 14.944674 0.000000
vt -5.152845 13.877197 0.000000
vt -5.152845 -12.809721 0.000000
vt 0.327454 -12.453895 0.000000
vt -5.152845 -11.742244 0.000000
vt 0.327454 -11.208506 0.000000
vt -5.152845 -10.674767 0.000000
vt 0.327454 -9.963116 0.000000
vt -5.152845 -9.607290 0.000000
vt 0.327454 -8.717727 0.000000
vt -5.152845 -8.539814 0.000000
vt 0.327454 -7.472337 0.000000
vt -5.152845 -7.472337 0.000000
vt -5.152845 -6.404860 0.000000
vt 0.327454 -6.226948 0.000000
vt -5.152845 -5.337384 0.000000
vt 0.327454 -4.981558 0.000000
vt -5.152845 -4.269907 0.000000
vt 0.327454 -3.736169 0.000000
vt -5.152845 -3.202430 0.000000
vt 0.327454 -2.490779 0.000000
vt -5.152845 -2.134953 0.000000
vt 0.327454 -1.245390 0.000000
vt -5.152845 -1.067477 0.000000
vt 0.327454 0.000000 0.000000
vt -5.152845 0.000000 0.000000
vt -5.152845 1.067477 0.000000
vt 0.327454 1.245390 0.000000
vt -5.152845 2.134953 0.000000
vt 0.327454 2.490779 0.000000
vt -5.152845 3.202430 0.000000
vt 0.327454 3.736169 0.000000
vt -5.152845 4.269907 0.000000
vt 0.327454 4.981558 0.000000
vt -5.152845 5.337384 0.000000
vt 0.327454 6.226948 0.000000
vt -5.152845 6.404860 0.000000
vt 0.327454 7.472337 0.000000
vt -5.152845 7.472337 0.000000
vt -5.152845 8.539814 0.000000
vt 0.327454 8.717727 0.000000
vt -5.152845 9.607290 0.000000
vt 0.327454 9.963116 0.000000
vt -5.152845 10.674767 0.000000
vt 0.327454 11.208506 0.000000
vt -5.152845 11.742244 0.000000
vt 0.327454 12.453895 0.000000
vt -5.152845 12.809721 0.000000
vt 0.327454 13.699285 0.000000
vt 0.333794 -8.878580 0.000000
vt 0.277513 -9.233723 0.000000
vt 0.333794 -10.299153 0.000000
vt 0.277513 -10.654296 0.000000
vt 0.333794 -11.719725 0.000000
vt 0.277513 -12.074869 0.000000
vt 0.333794 -13.140298 0.000000
vt 0.277513 -13.495441 0.000000
vt 0.333794 -14.560871 0.000000
vt 0.277513 -14.916014 0.000000
vt 0.333794 -15.981444 0.000000
vt 0.277513 -16.336587 0.000000
vt 0.333794 -17.402016 0.000000
vt 0.277513 -17.757160 0.000000
vt 0.333794 -18.822589 0.000000
vt 0.277513 -19.177732 0.000000
vt 0.333794 -20.243162 0.000000
vt 0.277513 -20.598305 0.000000
vt 0.333794 -21.663735 0.000000
vt 0.333794 19.532876 0.000000
vt 0.277513 20.598305 0.000000
vt 0.277513 19.177732 0.000000
vt 0.333794 18.112303 0.000000
vt 0.277513 17.757160 0.000000
vt 0.333794 16.691730 0.000000
vt 0.277513 16.336587 0.000000
vt 0.333794 15.271157 0.000000
vt 0.277513 14.916014 0.000000
vt 0.333794 13.850585 0.000000
vt 0.277513 13.495441 0.000000
vt 0.333794 12.430012 0.000000
vt 0.277513 12.074869 0.000000
vt 0.333794 11.009439 0.000000
vt 0.277513 10.654296 0.000000
vt 0.333794 9.588866 0.000000
vt 0.277513 9.233723 0.000000
vt 0.333794 8.168293 0.000000
vt 0.277513 7.813150 0.000000
vt 0.333794 6.747721 0.000000
vt 0.277513 6.392577 0.000000
vt 0.333794 5.327148 0.000000
vt 0.277513 4.972005 0.000000
vt 0.333794 3.906575 0.000000
vt 0.277513 3.551432 0.000000
vt 0.333794 2.486002 0.000000
vt 0.277513 2.130859 0.000000
vt 0.333794 1.065430 0.000000
vt 0.277513 0.710286 0.000000
vt 0.333794 -0.355143 0.000000
vt 0.277513 -0.710286 0.000000
vt 0.333794 -1.775716 0.000000
vt 0.277513 -2.130859 0.000000
vt 0.333794 -3.196289 0.000000
vt 0.277513 -3.551432 0.000000
vt 0.333794 -4.616862 0.000000
vt 0.277513 -4.972005 0.000000
vt 0.333794 -6.037434 0.000000
vt 0.277513 -6.392577 0.000000
vt 0.333794 -7.458007 0.000000
vt 0.277513 -7.813150 0.000000
vt -0.116457 -11.719725 0.000000
vt -0.060176 -10.654296 0.000000
vt -0.116457 -10.299153 0.000000
vt -0.060176 -9.233723 0.000000
vt -0.116457 -8.878580 0.000000
vt -0.060176 -7.813150 0.000000
vt -0.116457 -7.458007 0.000000
vt -0.060176 -6.392577 0.000000
vt -0.116457 -6.037434 0.000000
vt -0.060176 -4.972005 0.000000
vt -0.116457 -4.616862 0.000000
vt -0.060176 -3.551432 0.000000
vt -0.116457 -3.196289 0.000000
vt -0.060176 -2.130859 0.000000
vt -0.116457 -1.775716 0.000000
vt -0.060176 -0.710286 0.000000
vt -0.116457 -0.355143 0.000000
vt -0.060176 0.710286 0.000000
vt -0.116457 1.065430 0.000000
vt -0.060176 2.130859 0.000000
vt -0.116457 2.486002 0.000000
vt -0.060176 3.551432 0.000000
vt -0.116457 3.906575 0.000000
vt -0.060176 4.972005 0.000000
vt -0.116457 5.327148 0.000000
vt -0.060176 6.392577 0.000000
vt -0.116457 6.747721 0.000000
vt -0.060176 7.813150 0.000000
vt -0.116457 8.168293 0.000000
vt -0.060176 9.233723 0.000000
vt -0.116457 9.588866 0.000000
vt -0.060176 10.654296 0.000000
vt -0.116457 11.009439 0.000000
vt -0.060176 12.074869 0.000000
vt -0.116457 12.430012 0.000000
vt -0.060176 13.495441 0.000000
vt -0.116457 13.850585 0.000000
vt -0.060176 14.916014 0.000000
vt -0.116457 15.271157 0.000000
vt -0.060176 16.336587 0.000000
vt -0.116457 16.691730 0.000000
vt -0.060176 17.757160 0.000000
vt -0.116457 18.112303 0.000000
vt -0.060176 19.177732 0.000000
vt -0.116457 19.532876 0.000000
vt -0.060176 20.598305 0.000000
vt -0.116457 20.953448 0.000000
vt -0.116457 -20.243162 0.000000
vt -0.060176 -20.598305 0.000000
vt -0.060176 -19.177732 0.000000
vt -0.116457 -18.822589 0.000000
vt -0.060176 -17.757160 0.000000
vt -0.116457 -17.402016 0.000000
vt -0.060176 -16.336587 0.000000
vt -0.116457 -15.981444 0.000000
vt -0.060176 -14.916014 0.000000
vt -0.116457 -14.560871 0.000000
vt -0.060176 -13.495441 0.000000
vt -0.116457 -13.140298 0.000000
vt -0.060176 -12.074869 0.000000
vt 0.221231 20.598305 0.000000
vt 0.221231 19.177732 0.000000
vt 0.221231 17.757160 0.000000
vt 0.221231 16.336587 0.000000
vt 0.221231 14.916014 0.000000
vt 0.221231 13.495441 0.000000
vt 0.221231 12.074869 0.000000
vt 0.221231 10.654296 0.000000
vt 0.221231 9.233723 0.000000
vt 0.221231 7.813150 0.000000
vt 0.221231 6.392577 0.000000
vt 0.221231 4.972005 0.000000
vt 0.221231 3.551432 0.000000
vt 0.221231 2.130859 0.000000
vt 0.221231 0.710286 0.000000
vt 0.221231 -0.710286 0.000000
vt 0.221231 -2.130859 0.000000
vt 0.221231 -3.551432 0.000000
vt 0.221231 -4.972005 0.000000
vt 0.221231 -6.392577 0.000000
vt 0.221231 -7.813150 0.000000
vt 0.221231 -9.233723 0.000000
vt 0.221231 -10.654296 0.000000
vt 0.221231 -12.074869 0.000000
vt 0.221231 -13.495441 0.000000
vt 0.221231 -14.916014 0.000000
vt 0.221231 -16.336587 0.000000
vt 0.221231 -17.757160 0.000000
vt 0.221231 -19.177732 0.000000
vt 0.221231 -20.598305 0.000000
vt 0.164950 20.598305 0.000000
vt 0.164950 19.177732 0.000000
vt 0.164950 17.757160 0.000000
vt 0.164950 16.336587 0.000000
vt 0.164950 14.916014 0.000000
vt 0.164950 13.495441 0.000000
vt 0.164950 12.074869 0.000000
vt 0.164950 10.654296 0.000000
vt 0.164950 9.233723 0.000000
vt 0.164950 7.813150 0.000000
vt 0.164950 6.392577 0.000000
vt 0.164950 4.972005 0.000000
vt 0.164950 3.551432 0.000000
vt 0.164950 2.130859 0.000000
vt 0.164950 0.710286 0.000000
vt 0.164950 -0.710286 0.000000
vt 0.164950 -2.130859 0.000000
vt 0.164950 -3.551432 0.000000
vt 0.164950 -4.972005 0.000000
vt 0.164950 -6.392577 0.000000
vt 0.164950 -7.813150 0.000000
vt 0.164950 -9.233723 0.000000
vt 0.164950 -10.654296 0.000000
vt 0.164950 -12.074869 0.000000
vt 0.164950 -13.495441 0.000000
vt 0.164950 -14.916014 0.000000
vt 0.164950 -16.336587 0.000000
vt 0.164950 -17.757160 0.000000
vt 0.164950 -19.177732 0.000000
vt 0.164950 -20.598305 0.000000
vt 0.108669 20.598305 0.000000
vt 0.108669 19.177732 0.000000
vt 0.108669 17.757160 0.000000
vt 0.108669 16.336587 0.000000
vt 0.108669 14.916014 0.000000
vt 0.108669 13.495441 0.000000
vt 0.108669 12.074869 0.000000
vt 0.108669 10.654296 0.000000
vt 0.108669 9.233723 0.000000
vt 0.108669 7.813150 0.000000
vt 0.108669 6.392577 0.000000
vt 0.108669 4.972005 0.000000
vt 0.108669 3.551432 0.000000
vt 0.108669 2.130859 0.000000
vt 0.108669 0.710286 0.000000
vt 0.108669 -0.710286 0.000000
vt 0.108669 -2.130859 0.000000
vt 0.108669 -3.551432 0.000000
vt 0.108669 -4.972005 0.000000
vt 0.108669 -6.392577 0.000000
vt 0.108669 -7.813150 0.000000
vt 0.108669 -9.233723 0.000000
vt 0.108669 -10.654296 0.000000
vt 0.108669 -12.074869 0.000000
vt 0.108669 -13.495441 0.000000
vt 0.108669 -14.916014 0.000000
vt 0.108669 -16.336587 0.000000
vt 0.108669 -17.757160 0.000000
vt 0.108669 -19.177732 0.000000
vt 0.108669 -20.598305 0.000000
vt 0.052387 20.598305 0.000000
vt 0.052387 19.177732 0.000000
vt 0.052387 17.757160 0.000000
vt 0.052387 16.336587 0.000000
vt 0.052387 14.916014 0.000000
vt 0.052387 13.495441 0.000000
vt 0.052387 12.074869 0.000000
vt 0.052387 10.654296 0.000000
vt 0.052387 9.233723 0.000000
vt 0.052387 7.813150 0.000000
vt 0.052387 6.392577 0.000000
vt 0.052387 4.972005 0.000000
vt 0.052387 3.551432 0.000000
vt 0.052387 2.130859 0.000000
vt 0.052387 0.710286 0.000000
vt 0.052387 -0.710286 0.000000
vt 0.052387 -2.130859 0.000000
vt 0.052387 -3.551432 0.000000
vt 0.052387 -4.972005 0.000000
vt 0.052387 -6.392577 0.000000
vt 0.052387 -7.813150 0.000000
vt 0.052387 -9.233723 0.000000
vt 0.052387 -10.654296 0.000000
vt 0.052387 -12.074869 0.000000
vt 0.052387 -13.495441 0.000000
vt 0.052387 -14.916014 0.000000
vt 0.052387 -16.336587 0.000000
vt 0.052387 -17.757160 0.000000
vt 0.052387 -19.177732 0.000000
vt 0.052387 -20.598305 0.000000
vt -0.003894 20.598305 0.000000
vt -0.003894 19.177732 0.000000
vt -0.003894 17.757160 0.000000
vt -0.003894 16.336587 0.000000
vt -0.003894 14.916014 0.000000
vt -0.003894 13.495441 0.000000
vt -0.003894 12.074869 0.000000
vt -0.003894 10.654296 0.000000
vt -0.003894 9.233723 0.000000
vt -0.003894 7.813150 0.000000
vt -0.003894 6.392577 0.000000
vt -0.003894 4.972005 0.000000
vt -0.003894 3.551432 0.000000
vt -0.003894 2.130859 0.000000
vt -0.003894 0.710286 0.000000
vt -0.003894 -0.710286 0.000000
vt -0.003894 -2.130859 0.000000
vt -0.003894 -3.551432 0.000000
vt -0.003894 -4.972005 0.000000
vt -0.003894 -6.392577 0.000000
vt -0.003894 -7.813150 0.000000
vt -0.003894 -9.233723 0.000000
vt -0.003894 -10.654296 0.000000
vt -0.003894 -12.074869 0.000000
vt -0.003894 -13.495441 0.000000
vt -0.003894 -14.916014 0.000000
vt -0.003894 -16.336587 0.000000
vt -0.003894 -17.757160 0.000000
vt -0.003894 -19.177732 0.000000
vt -0.003894 -20.598305 0.000000
vt -5.272094 -15.544842 0.000000
vt -5.272094 -16.581165 0.000000
vt -0.378671 -16.581165 0.000000
vt -0.378671 16.581165 0.000000
vt -5.272094 16.581165 0.000000
vt -5.272094 15.544842 0.000000
vt -0.378671 15.437636 0.000000
vt -5.272094 14.508519 0.000000
vt -0.378671 14.294107 0.000000
vt -5.272094 13.472196 0.000000
vt -0.378671 13.150579 0.000000
vt -5.272094 12.435873 0.000000
vt -0.378671 12.007050 0.000000
vt -5.272094 11.399551 0.000000
vt -0.378671 10.863522 0.000000
vt -5.272094 10.363228 0.000000
vt -0.378671 9.719993 0.000000
vt -5.272094 9.326905 0.000000
vt -0.378671 8.576464 0.000000
vt -5.272094 8.290582 0.000000
vt -0.378671 7.432936 0.000000
vt -5.272094 7.254260 0.000000
vt -0.378671 6.289407 0.000000
vt -5.272094 6.217937 0.000000
vt -0.378671 5.145879 0.000000
vt -5.272094 5.181614 0.000000
vt -5.272094 4.145291 0.000000
vt -0.378671 4.002350 0.000000
vt -5.272094 3.108968 0.000000
vt -0.378671 2.858821 0.000000
vt -5.272094 2.072646 0.000000
vt -0.378671 1.715293 0.000000
vt -5.272094 1.036323 0.000000
vt -0.378671 0.571764 0.000000
vt -5.272094 0.000000 0.000000
vt -0.378671 -0.571764 0.000000
vt -5.272094 -1.036323 0.000000
vt -0.378671 -1.715293 0.000000
vt -5.272094 -2.072646 0.000000
vt -0.378671 -2.858821 0.000000
vt -5.272094 -3.108968 0.000000
vt -0.378671 -4.002350 0.000000
vt -5.272094 -4.145291 0.000000
vt -0.378671 -5.145879 0.000000
vt -5.272094 -5.181614 0.000000
vt -5.272094 -6.217937 0.000000
vt -0.378671 -6.289407 0.000000
vt -5.272094 -7.254260 0.000000
vt -0.378671 -7.432936 0.000000
vt -5.272094 -8.290582 0.000000
vt -0.378671 -8.576464 0.000000
vt -5.272094 -9.326905 0.000000
vt -0.378671 -9.719993 0.000000
vt -5.272094 -10.363228 0.000000
vt -0.378671 -10.863522 0.000000
vt -5.272094 -11.399551 0.000000
vt -0.378671 -12.007050 0.000000
vt -5.272094 -12.435873 0.000000
vt -0.378671 -13.150579 0.000000
vt -5.272094 -13.472196 0.000000
vt -0.378671 -14.294107 0.000000
vt -5.272094 -14.508519 0.000000
vt -0.378671 -15.437636 0.000000
vt -0.655711 11.519173 0.000000
vt -0.000000 11.780972 0.000000
vt -0.655711 12.566371 0.000000
vt -0.000000 12.566371 0.000000
vt -0.655711 -12.566371 0.000000
vt -0.000000 -12.566371 0.000000
vt -0.000000 -11.780972 0.000000
vt -0.000000 10.995574 0.000000
vt -0.655711 10.471976 0.000000
vt -0.000000 10.210176 0.000000
vt -0.655711 9.424778 0.000000
vt -0.000000 9.424778 0.000000
vt -0.000000 8.639380 0.000000
vt -0.655711 8.377580 0.000000
vt -0.000000 7.853982 0.000000
vt -0.655711 7.330383 0.000000
vt -0.000000 7.068583 0.000000
vt -0.655711 6.283185 0.000000
vt -0.000000 6.283185 0.000000
vt -0.000000 5.497787 0.000000
vt -0.655711 5.235988 0.000000
vt -0.000000 4.712389 0.000000
vt -0.655711 4.188790 0.000000
vt -0.000000 3.926991 0.000000
vt -0.655711 3.141593 0.000000
vt -0.000000 3.141593 0.000000
vt -0.000000 2.356194 0.000000
vt -0.655711 2.094395 0.000000
vt -0.000000 1.570796 0.000000
vt -0.655711 1.047198 0.000000
vt -0.000000 0.785398 0.000000
vt -0.655711 0.000000 0.000000
vt -0.000000 0.000000 0.000000
vt -0.000000 -0.785398 0.000000
vt -0.655711 -1.047198 0.000000
vt -0.000000 -1.570796 0.000000
vt -0.655711 -2.094395 0.000000
vt -0.000000 -2.356194 0.000000
vt -0.655711 -3.141593 0.000000
vt -0.000000 -3.141593 0.000000
vt -0.000000 -3.926991 0.000000
vt -0.655711 -4.188790 0.000000
vt -0.000000 -4.712389 0.000000
vt -0.655711 -5.235988 0.000000
vt -0.000000 -5.497787 0.000000
vt -0.655711 -6.283185 0.000000
vt -0.000000 -6.283185 0.000000
vt -0.000000 -7.068583 0.000000
vt -0.655711 -7.330383 0.000000
vt -0.000000 -7.853982 0.000000
vt -0.655711 -8.377580 0.000000
vt -0.000000 -8.639380 0.000000
vt -0.655711 -9.424778 0.000000
vt -0.000000 -9.424778 0.000000
vt -0.000000 -10.210176 0.000000
vt -0.655711 -10.471976 0.000000
vt -0.000000 -10.995574 0.000000
vt -0.655711 -11.519173 0.000000
vt 3.923141 -0.780361 0.000000
vt 3.926268 -0.780983 0.000000
vt 4.000000 0.000000 0.000000
vt 4.003188 0.000000 0.000000
vt 3.923141 0.780361 0.000000
vt 3.926268 0.780983 0.000000
vt 3.695518 1.530734 0.000000
vt 3.698464 1.531954 0.000000
vt 3.325878 2.222281 0.000000
vt 3.328529 2.224052 0.000000
vt 2.828427 2.828427 0.000000
vt 2.830682 2.830682 0.000000
vt 2.222281 3.325878 0.000000
vt 2.224052 3.328529 0.000000
vt 1.530734 3.695518 0.000000
vt 1.531954 3.698464 0.000000
vt 0.780361 3.923141 0.000000
vt 0.780983 3.926268 0.000000
vt -0.000000 4.000000 0.000000
vt 0.000000 4.003188 0.000000
vt -0.780983 3.926268 0.000000
vt 3.695518 -1.530734 0.000000
vt 3.698464 -1.531954 0.000000
vt 3.325878 -2.222281 0.000000
vt 3.328529 -2.224052 0.000000
vt 2.828427 -2.828427 0.000000
vt 2.830682 -2.830682 0.000000
vt 2.222281 -3.325878 0.000000
vt 2.224052 -3.328529 0.000000
vt 1.530734 -3.695518 0.000000
vt 1.531954 -3.698464 0.000000
vt 0.780361 -3.923141 0.000000
vt 0.780983 -3.926268 0.000000
vt -0.000000 -4.000000 0.000000
vt 0.000000 -4.003188 0.000000
vt -0.780983 -3.926268 0.000000
vt -0.780361 -3.923141 0.000000
vt -1.531954 -3.698464 0.000000
vt -1.530734 -3.695518 0.000000
vt -2.224052 -3.328529 0.000000
vt -2.222281 -3.325878 0.000000
vt -2.830682 -2.830682 0.000000
vt -2.828427 -2.828427 0.000000
vt -3.328529 -2.224052 0.000000
vt -3.325878 -2.222281 0.000000
vt -3.698464 -1.531954 0.000000
vt -3.695518 -1.530734 0.000000
vt -3.926268 -0.780983 0.000000
vt -3.923141 -0.780361 0.000000
vt -4.003188 0.000000 0.000000
vt -4.000000 0.000000 0.000000
vt -3.923141 0.780361 0.000000
vt -3.926268 0.780983 0.000000
vt -3.695518 1.530734 0.000000
vt -3.698464 1.531954 0.000000
vt -3.325878 2.222281 0.000000
vt -3.328529 2.224052 0.000000
vt -2.828427 2.828427 0.000000
vt -2.830682 2.830682 0.000000
vt -2.222281 3.325878 0.000000
vt -2.224052 3.328529 0.000000
vt -1.530734 3.695518 0.000000
vt -1.531954 3.698464 0.000000
vt -0.780361 3.923141 0.000000
vt 3.514372 5.634037 0.000000
vt 4.684228 5.480022 0.000000
vt 4.684228 5.600000 0.000000
vt 5.854084 5.634037 0.000000
vt 5.823032 5.749926 0.000000
vt 6.944217 6.085584 0.000000
vt 6.884228 6.189488 0.000000
vt 7.880335 6.803893 0.000000
vt 7.795498 6.888730 0.000000
vt 8.598644 7.740011 0.000000
vt 8.494740 7.800000 0.000000
vt 9.050191 8.830144 0.000000
vt 8.934302 8.861196 0.000000
vt 9.084228 10.000000 0.000000
vt 9.204206 10.000000 0.000000
vt 8.934302 11.138804 0.000000
vt 9.050191 11.169856 0.000000
vt 8.494740 12.200000 0.000000
vt 8.598644 12.259989 0.000000
vt 7.795498 13.111270 0.000000
vt 7.880335 13.196107 0.000000
vt 6.884228 13.810512 0.000000
vt 6.944217 13.914416 0.000000
vt 5.823032 14.250074 0.000000
vt 5.854084 14.365963 0.000000
vt 4.684228 14.400000 0.000000
vt 4.684228 14.519978 0.000000
vt 3.514372 14.365963 0.000000
vt 3.545424 14.250074 0.000000
vt 2.424239 13.914416 0.000000
vt 2.484228 13.810512 0.000000
vt 1.488121 13.196107 0.000000
vt 1.572958 13.111270 0.000000
vt 0.769812 12.259989 0.000000
vt 0.873716 12.200000 0.000000
vt 0.318265 11.169856 0.000000
vt 0.434154 11.138804 0.000000
vt 0.164250 10.000000 0.000000
vt 0.284228 10.000000 0.000000
vt 0.434154 8.861196 0.000000
vt 0.318265 8.830144 0.000000
vt 0.873716 7.800000 0.000000
vt 0.769812 7.740011 0.000000
vt 1.572958 6.888730 0.000000
vt 1.488121 6.803893 0.000000
vt 2.484228 6.189488 0.000000
vt 2.424239 6.085584 0.000000
vt 3.545424 5.749926 0.000000
vt 1.172779 -13.347810 0.000000
vt -0.000000 -13.396347 0.000000
vt 1.172779 -14.561247 0.000000
vt -0.000000 -14.561247 0.000000
vt 1.172779 14.561247 0.000000
vt -0.000000 14.561247 0.000000
vt -0.000000 13.396347 0.000000
vt -0.000000 -12.231447 0.000000
vt 1.172779 -12.134372 0.000000
vt -0.000000 -11.066548 0.000000
vt 1.172779 -10.920935 0.000000
vt -0.000000 -9.901648 0.000000
vt 1.172779 -9.707498 0.000000
vt -0.000000 -8.736748 0.000000
vt 1.172779 -8.494061 0.000000
vt -0.000000 -7.571848 0.000000
vt 1.172779 -7.280623 0.000000
vt -0.000000 -6.406949 0.000000
vt 1.172779 -6.067186 0.000000
vt -0.000000 -5.242049 0.000000
vt 1.172779 -4.853749 0.000000
vt -0.000000 -4.077149 0.000000
vt 1.172779 -3.640312 0.000000
vt -0.000000 -2.912249 0.000000
vt 1.172779 -2.426874 0.000000
vt -0.000000 -1.747350 0.000000
vt 1.172779 -1.213437 0.000000
vt -0.000000 -0.582450 0.000000
vt 1.172779 -0.000000 0.000000
vt -0.000000 0.582450 0.000000
vt 1.172779 1.213437 0.000000
vt -0.000000 1.747350 0.000000
vt 1.172779 2.426874 0.000000
vt -0.000000 2.912249 0.000000
vt 1.172779 3.640312 0.000000
vt -0.000000 4.077149 0.000000
vt 1.172779 4.853749 0.000000
vt -0.000000 5.242049 0.000000
vt 1.172779 6.067186 0.000000
vt -0.000000 6.406949 0.000000
vt 1.172779 7.280623 0.000000
vt -0.000000 7.571848 0.000000
vt 1.172779 8.494061 0.000000
vt -0.000000 8.736748 0.000000
vt 1.172779 9.707498 0.000000
vt -0.000000 9.901648 0.000000
vt 1.172779 10.920935 0.000000
vt -0.000000 11.066548 0.000000
vt 1.172779 12.134372 0.000000
vt -0.000000 12.231447 0.000000
vt 1.172779 13.347810 0.000000
vt 0.200000 -5.395707 0.000000
vt -0.000000 -5.395707 0.000000
vt 0.200000 -6.659070 0.000000
vt -0.000000 -6.659070 0.000000
vt 0.200000 -7.922433 0.000000
vt -0.000000 -7.922433 0.000000
vt 0.200000 -9.185796 0.000000
vt -0.000000 -9.185796 0.000000
vt 0.200000 -10.449158 0.000000
vt 0.000000 -10.449158 0.000000
vt 0.200000 -11.712521 0.000000
vt 0.000000 -11.712521 0.000000
vt 0.200000 -12.975884 0.000000
vt 0.000000 -12.975884 0.000000
vt 0.200000 -14.239247 0.000000
vt 0.000000 -14.239247 0.000000
vt -1.931852 -0.517638 0.000000
vt 1.931852 -0.517638 0.000000
vt -2.000000 -0.000000 0.000000
vt 2.000000 0.000000 0.000000
vt -1.931852 0.517638 0.000000
vt 1.931852 0.517638 0.000000
vt -1.732051 1.000000 0.000000
vt 1.732051 1.000000 0.000000
vt -1.414214 1.414214 0.000000
vt 1.414214 1.414214 0.000000
vt -1.000000 1.732051 0.000000
vt 1.000000 1.732051 0.000000
vt -0.517638 1.931852 0.000000
vt 0.517638 1.931852 0.000000
vt 0.000000 2.000000 0.000000
vt 1.732051 -1.000000 0.000000
vt -1.732051 -1.000000 0.000000
vt 1.414214 -1.414214 0.000000
vt -1.414214 -1.414214 0.000000
vt 1.000000 -1.732051 0.000000
vt -1.000000 -1.732051 0.000000
vt 0.517638 -1.931852 0.000000
vt -0.517638 -1.931852 0.000000
vt 0.000000 -2.000000 0.000000
vt 0.200000 -19.792034 0.000000
vt 0.000000 -19.792034 0.000000
vt 0.200000 -21.205750 0.000000
vt 0.000000 -21.205750 0.000000
vt 0.200000 21.205750 0.000000
vt 0.000000 21.205750 0.000000
vt 0.200000 19.792034 0.000000
vt 0.000000 19.792034 0.000000
vt 0.200000 18.378317 0.000000
vt 0.000000 18.378317 0.000000
vt 0.200000 16.964600 0.000000
vt 0.000000 16.964600 0.000000
vt 0.200000 15.550884 0.000000
vt 0.000000 15.550884 0.000000
vt 0.200000 14.137167 0.000000
vt -0.000000 14.137167 0.000000
vt 0.200000 12.723450 0.000000
vt 0.000000 12.723450 0.000000
vt 0.200000 11.309734 0.000000
vt 0.000000 11.309734 0.000000
vt 0.200000 9.896017 0.000000
vt 0.000000 9.896017 0.000000
vt 0.200000 8.482300 0.000000
vt 0.000000 8.482300 0.000000
vt 0.200000 7.068583 0.000000
vt 0.000000 7.068583 0.000000
vt 0.200000 5.654867 0.000000
vt 0.000000 5.654867 0.000000
vt 0.200000 4.241150 0.000000
vt 0.000000 4.241150 0.000000
vt 0.200000 2.827433 0.000000
vt 0.000000 2.827433 0.000000
vt 0.200000 1.413717 0.000000
vt 0.000000 1.413717 0.000000
vt 0.200000 0.000000 0.000000
vt 0.000000 0.000000 0.000000
vt 0.200000 -1.413717 0.000000
vt 0.000000 -1.413717 0.000000
vt 0.200000 -2.827433 0.000000
vt 0.000000 -2.827433 0.000000
vt 0.200000 -4.241150 0.000000
vt 0.000000 -4.241150 0.000000
vt 0.200000 -5.654867 0.000000
vt 0.000000 -5.654867 0.000000
vt 0.200000 -7.068583 0.000000
vt 0.000000 -7.068583 0.000000
vt 0.200000 -8.482300 0.000000
vt 0.000000 -8.482300 0.000000
vt 0.200000 -9.896017 0.000000
vt 0.000000 -9.896017 0.000000
vt 0.200000 -11.309734 0.000000
vt 0.000000 -11.309734 0.000000
vt 0.200000 -12.723450 0.000000
vt 0.000000 -12.723450 0.000000
vt 0.200000 -14.137167 0.000000
vt 0.000000 -14.137167 0.000000
vt 0.200000 -15.550884 0.000000
vt 0.000000 -15.550884 0.000000
vt 0.200000 -16.964600 0.000000
vt 0.000000 -16.964600 0.000000
vt 0.200000 -18.378317 0.000000
vt 0.000000 -18.378317 0.000000
vt -6.779673 -1.441064 0.000000
vt -6.602496 -1.403404 0.000000
vt -6.931134 -0.000000 0.000000
vt -6.750000 -0.000000 0.000000
vt -6.602496 1.403404 0.000000
vt -6.166432 -2.745472 0.000000
vt -6.331906 -2.819146 0.000000
vt -5.460865 -3.967550 0.000000
vt -5.607406 -4.074019 0.000000
vt -4.516632 -5.016228 0.000000
vt -4.637834 -5.150837 0.000000
vt -3.375000 -5.845671 0.000000
vt -3.465567 -6.002539 0.000000
vt -2.085865 -6.419631 0.000000
vt -2.141838 -6.591901 0.000000
vt -0.705567 -6.713023 0.000000
vt -0.724501 -6.893165 0.000000
vt 0.724501 -6.893165 0.000000
vt 0.705567 -6.713023 0.000000
vt 2.141838 -6.591901 0.000000
vt 2.085865 -6.419631 0.000000
vt 3.465567 -6.002539 0.000000
vt 3.375000 -5.845671 0.000000
vt 4.637834 -5.150837 0.000000
vt 4.516632 -5.016228 0.000000
vt 5.607406 -4.074019 0.000000
vt 5.460865 -3.967550 0.000000
vt 6.331906 -2.819146 0.000000
vt 6.166432 -2.745472 0.000000
vt 6.779673 -1.441064 0.000000
vt 6.602496 -1.403404 0.000000
vt 6.931134 0.000000 0.000000
vt 6.750000 0.000000 0.000000
vt 6.602496 1.403404 0.000000
vt 6.779673 1.441064 0.000000
vt 6.166432 2.745472 0.000000
vt 6.331906 2.819146 0.000000
vt 5.460865 3.967550 0.000000
vt 5.607406 4.074019 0.000000
vt 4.516632 5.016228 0.000000
vt 4.637834 5.150837 0.000000
vt 3.375000 5.845671 0.000000
vt 3.465567 6.002539 0.000000
vt 2.085865 6.419631 0.000000
vt 2.141838 6.591901 0.000000
vt 0.705567 6.713023 0.000000
vt 0.724501 6.893165 0.000000
vt -0.724501 6.893165 0.000000
vt -0.705567 6.713023 0.000000
vt -2.141838 6.591901 0.000000
vt -2.085865 6.419631 0.000000
vt -3.465567 6.002539 0.000000
vt -3.375000 5.845671 0.000000
vt -4.637834 5.150837 0.000000
vt -4.516632 5.016228 0.000000
vt -5.607406 4.074019 0.000000
vt -5.460865 3.967550 0.000000
vt -6.331906 2.819146 0.000000
vt -6.166432 2.745472 0.000000
vt -6.779673 1.441064 0.000000
vt 0.211524 -17.900057 0.000000
vt 0.211524 -19.178632 0.000000
vt 5.288103 -19.178632 0.000000
vt 5.288103 19.178632 0.000000
vt 0.211524 19.178632 0.000000
vt 0.211524 17.900057 0.000000
vt 5.288103 17.703353 0.000000
vt 0.211524 16.621481 0.000000
vt 5.288103 16.228073 0.000000
vt 0.211524 15.342906 0.000000
vt 5.288103 14.752794 0.000000
vt 0.211524 14.064330 0.000000
vt 5.288103 13.277515 0.000000
vt 0.211524 12.785755 0.000000
vt 5.288103 11.802235 0.000000
vt 0.211524 11.507179 0.000000
vt 5.288103 10.326956 0.000000
vt 0.211524 10.228604 0.000000
vt 0.211524 8.950028 0.000000
vt 5.288103 8.851676 0.000000
vt 0.211524 7.671453 0.000000
vt 5.288103 7.376397 0.000000
vt 0.211524 6.392877 0.000000
vt 5.288103 5.901118 0.000000
vt 0.211524 5.114302 0.000000
vt 5.288103 4.425838 0.000000
vt 0.211524 3.835726 0.000000
vt 5.288103 2.950559 0.000000
vt 0.211524 2.557151 0.000000
vt 5.288103 1.475279 0.000000
vt 0.211524 1.278575 0.000000
vt 5.288103 0.000000 0.000000
vt 0.211524 0.000000 0.000000
vt 0.211524 -1.278575 0.000000
vt 5.288103 -1.475279 0.000000
vt 0.211524 -2.557151 0.000000
vt 5.288103 -2.950559 0.000000
vt 0.211524 -3.835726 0.000000
vt 5.288103 -4.425838 0.000000
vt 0.211524 -5.114302 0.000000
vt 5.288103 -5.901118 0.000000
vt 0.211524 -6.392877 0.000000
vt 5.288103 -7.376397 0.000000
vt 0.211524 -7.671453 0.000000
vt 5.288103 -8.851676 0.000000
vt 0.211524 -8.950028 0.000000
vt 0.211524 -10.228604 0.000000
vt 5.288103 -10.326956 0.000000
vt 0.211524 -11.507179 0.000000
vt 5.288103 -11.802235 0.000000
vt 0.211524 -12.785755 0.000000
vt 5.288103 -13.277515 0.000000
vt 0.211524 -14.064330 0.000000
vt 5.288103 -14.752794 0.000000
vt 0.211524 -15.342906 0.000000
vt 5.288103 -16.228073 0.000000
vt 0.211524 -16.621481 0.000000
vt 5.288103 -17.703353 0.000000
vt -4.600770 1.181277 0.000000
vt -5.124982 1.263195 0.000000
vt -4.750000 0.000000 0.000000
vt -5.278362 0.000000 0.000000
vt -5.124982 -1.263195 0.000000
vt -4.673757 2.452977 0.000000
vt -4.162457 2.288330 0.000000
vt -3.950911 3.500201 0.000000
vt -3.462601 3.251599 0.000000
vt -2.998451 4.344007 0.000000
vt -2.545177 4.010558 0.000000
vt -1.871733 4.935354 0.000000
vt -1.467831 4.517518 0.000000
vt -0.636236 5.239877 0.000000
vt -0.298255 4.740627 0.000000
vt 0.636236 5.239877 0.000000
vt 0.890061 4.665864 0.000000
vt 1.871733 4.935354 0.000000
vt 2.022452 4.297928 0.000000
vt 2.998451 4.344007 0.000000
vt 3.027764 3.659938 0.000000
vt 3.950911 3.500201 0.000000
vt 3.842831 2.791980 0.000000
vt 4.673757 2.452977 0.000000
vt 4.416438 1.748592 0.000000
vt 5.124982 1.263195 0.000000
vt 4.712545 0.595333 0.000000
vt 5.278362 0.000000 0.000000
vt 4.712545 -0.595333 0.000000
vt 5.124982 -1.263195 0.000000
vt 4.416438 -1.748592 0.000000
vt 4.673757 -2.452977 0.000000
vt 3.842831 -2.791980 0.000000
vt 3.950911 -3.500201 0.000000
vt 3.027764 -3.659938 0.000000
vt 2.998451 -4.344007 0.000000
vt 2.022452 -4.297928 0.000000
vt 1.871733 -4.935354 0.000000
vt 0.890061 -4.665864 0.000000
vt 0.636236 -5.239877 0.000000
vt -0.298255 -4.740627 0.000000
vt -0.636236 -5.239877 0.000000
vt -1.467831 -4.517518 0.000000
vt -1.871733 -4.935354 0.000000
vt -2.545177 -4.010558 0.000000
vt -2.998451 -4.344007 0.000000
vt -3.462601 -3.251599 0.000000
vt -3.950911 -3.500201 0.000000
vt -4.162457 -2.288330 0.000000
vt -4.673757 -2.452977 0.000000
vt -4.600770 -1.181277 0.000000
vt 4.985021 3.769889 0.000000
vt 4.516632 5.016228 0.000000
vt 4.062019 4.750000 0.000000
vt 3.375000 5.845671 0.000000
vt 3.025684 5.468796 0.000000
vt 2.085865 6.419631 0.000000
vt 1.866141 5.964899 0.000000
vt 0.705567 6.713023 0.000000
vt 0.630607 6.218105 0.000000
vt -0.705567 6.713023 0.000000
vt -0.630607 6.218105 0.000000
vt -1.866141 5.964899 0.000000
vt -2.085865 6.419631 0.000000
vt -3.025684 5.468796 0.000000
vt -3.375000 5.845671 0.000000
vt -4.062019 4.750000 0.000000
vt -4.516632 5.016228 0.000000
vt -4.985021 3.769889 0.000000
vt -5.460865 3.967550 0.000000
vt -5.676712 2.614850 0.000000
vt -6.166432 2.745472 0.000000
vt -6.104996 1.338479 0.000000
vt -6.602496 1.403404 0.000000
vt -6.250000 0.000000 0.000000
vt -6.750000 -0.000000 0.000000
vt -6.602496 -1.403404 0.000000
vt 5.460865 3.967550 0.000000
vt 5.676712 2.614850 0.000000
vt 6.166432 2.745472 0.000000
vt 6.104996 1.338479 0.000000
vt 6.602496 1.403404 0.000000
vt 6.250000 -0.000000 0.000000
vt 6.750000 0.000000 0.000000
vt 6.602496 -1.403404 0.000000
vt 6.104996 -1.338479 0.000000
vt 6.166432 -2.745472 0.000000
vt 5.676712 -2.614850 0.000000
vt 5.460865 -3.967550 0.000000
vt 4.985021 -3.769889 0.000000
vt 4.516632 -5.016228 0.000000
vt 4.062019 -4.750000 0.000000
vt 3.375000 -5.845671 0.000000
vt 3.025684 -5.468796 0.000000
vt 2.085865 -6.419631 0.000000
vt 1.866141 -5.964899 0.000000
vt 0.705567 -6.713023 0.000000
vt 0.630607 -6.218105 0.000000
vt -0.630607 -6.218105 0.000000
vt -0.705567 -6.713023 0.000000
vt -1.866141 -5.964899 0.000000
vt -2.085865 -6.419631 0.000000
vt -3.025684 -5.468796 0.000000
vt -3.375000 -5.845671 0.000000
vt -4.062019 -4.750000 0.000000
vt -4.516632 -5.016228 0.000000
vt -4.985021 -3.769889 0.000000
vt -5.460865 -3.967550 0.000000
vt -5.676712 -2.614850 0.000000
vt -6.166432 -2.745472 0.000000
vt -6.104996 -1.338479 0.000000
vt 0.203962 -12.613489 0.000000
vt -0.000000 -12.613489 0.000000
vt 0.203962 -13.760170 0.000000
vt -0.000000 -13.760170 0.000000
vt 0.203962 13.760170 0.000000
vt -0.000000 13.760170 0.000000
vt 0.203962 12.613489 0.000000
vt -0.000000 12.613489 0.000000
vt 0.203962 11.466808 0.000000
vt -0.000000 11.466808 0.000000
vt 0.203962 10.320127 0.000000
vt -0.000000 10.320127 0.000000
vt 0.203962 9.173446 0.000000
vt -0.000000 9.173446 0.000000
vt 0.203962 8.026766 0.000000
vt -0.000000 8.026766 0.000000
vt 0.203962 6.880085 0.000000
vt -0.000000 6.880085 0.000000
vt 0.203962 5.733404 0.000000
vt -0.000000 5.733404 0.000000
vt 0.203962 4.586723 0.000000
vt -0.000000 4.586723 0.000000
vt 0.203962 3.440042 0.000000
vt -0.000000 3.440042 0.000000
vt 0.203962 2.293362 0.000000
vt -0.000000 2.293362 0.000000
vt 0.203962 1.146681 0.000000
vt -0.000000 1.146681 0.000000
vt 0.203962 -0.000000 0.000000
vt -0.000000 0.000000 0.000000
vt 0.203962 -1.146681 0.000000
vt -0.000000 -1.146681 0.000000
vt 0.203962 -2.293362 0.000000
vt -0.000000 -2.293362 0.000000
vt 0.203962 -3.440042 0.000000
vt -0.000000 -3.440042 0.000000
vt 0.203962 -4.586723 0.000000
vt -0.000000 -4.586723 0.000000
vt 0.203962 -5.733404 0.000000
vt -0.000000 -5.733404 0.000000
vt 0.203962 -6.880085 0.000000
vt -0.000000 -6.880085 0.000000
vt 0.203962 -8.026766 0.000000
vt -0.000000 -8.026766 0.000000
vt 0.203962 -9.173446 0.000000
vt -0.000000 -9.173446 0.000000
vt 0.203962 -10.320127 0.000000
vt -0.000000 -10.320127 0.000000
vt 0.203962 -11.466808 0.000000
vt -0.000000 -11.466808 0.000000
vt 2.388584 -12.615640 0.000000
vt 1.376740 -12.615640 0.000000
vt 2.388584 -13.762517 0.000000
vt 1.376740 -13.762517 0.000000
vt 2.388584 13.762517 0.000000
vt 1.376740 13.762517 0.000000
vt 2.388584 12.615640 0.000000
vt 1.376740 12.615640 0.000000
vt 2.388584 11.468764 0.000000
vt 1.376740 11.468764 0.000000
vt 2.388584 10.321888 0.000000
vt 1.376740 10.321888 0.000000
vt 2.388584 9.175011 0.000000
vt 1.376740 9.175011 0.000000
vt 2.388584 8.028135 0.000000
vt 1.376740 8.028135 0.000000
vt 2.388584 6.881258 0.000000
vt 1.376740 6.881258 0.000000
vt 2.388584 5.734382 0.000000
vt 1.376740 5.734382 0.000000
vt 2.388584 4.587506 0.000000
vt 1.376740 4.587506 0.000000
vt 2.388584 3.440629 0.000000
vt 1.376740 3.440629 0.000000
vt 2.388584 2.293753 0.000000
vt 1.376740 2.293753 0.000000
vt 2.388584 1.146876 0.000000
vt 1.376740 1.146876 0.000000
vt 2.388584 -0.000000 0.000000
vt 1.376740 -0.000000 0.000000
vt 2.388584 -1.146876 0.000000
vt 1.376740 -1.146876 0.000000
vt 2.388584 -2.293753 0.000000
vt 1.376740 -2.293753 0.000000
vt 2.388584 -3.440629 0.000000
vt 1.376740 -3.440629 0.000000
vt 2.388584 -4.587506 0.000000
vt 1.376740 -4.587506 0.000000
vt 2.388584 -5.734382 0.000000
vt 1.376740 -5.734382 0.000000
vt 2.388584 -6.881258 0.000000
vt 1.376740 -6.881258 0.000000
vt 2.388584 -8.028135 0.000000
vt 1.376740 -8.028135 0.000000
vt 2.388584 -9.175011 0.000000
vt 1.376740 -9.175011 0.000000
vt 2.388584 -10.321888 0.000000
vt 1.376740 -10.321888 0.000000
vt 2.388584 -11.468764 0.000000
vt 1.376740 -11.468764 0.000000
vt 3.730068 5.788567 0.000000
vt 3.699016 5.672678 0.000000
vt 4.858518 5.640004 0.000000
vt 4.858518 5.520026 0.000000
vt 6.018021 5.672678 0.000000
vt 2.618531 6.120229 0.000000
vt 2.678520 6.224133 0.000000
vt 1.690699 6.832180 0.000000
vt 1.775536 6.917017 0.000000
vt 0.978747 7.760013 0.000000
vt 1.082651 7.820002 0.000000
vt 0.531196 8.840497 0.000000
vt 0.647086 8.871550 0.000000
vt 0.378545 10.000000 0.000000
vt 0.498522 10.000000 0.000000
vt 0.647086 11.128450 0.000000
vt 0.531196 11.159503 0.000000
vt 1.082651 12.179998 0.000000
vt 0.978747 12.239987 0.000000
vt 1.775536 13.082983 0.000000
vt 1.690699 13.167820 0.000000
vt 2.678520 13.775867 0.000000
vt 2.618531 13.879771 0.000000
vt 3.730068 14.211433 0.000000
vt 3.699016 14.327322 0.000000
vt 4.858518 14.359996 0.000000
vt 4.858518 14.479974 0.000000
vt 6.018021 14.327322 0.000000
vt 5.986968 14.211433 0.000000
vt 7.098505 13.879771 0.000000
vt 7.038516 13.775867 0.000000
vt 8.026338 13.167820 0.000000
vt 7.941501 13.082983 0.000000
vt 8.738290 12.239987 0.000000
vt 8.634386 12.179998 0.000000
vt 9.185841 11.159503 0.000000
vt 9.069951 11.128450 0.000000
vt 9.338492 10.000000 0.000000
vt 9.218515 10.000000 0.000000
vt 9.185841 8.840497 0.000000
vt 9.069951 8.871550 0.000000
vt 8.634386 7.820002 0.000000
vt 8.738290 7.760013 0.000000
vt 7.941501 6.917017 0.000000
vt 8.026338 6.832180 0.000000
vt 7.038516 6.224133 0.000000
vt 7.098505 6.120229 0.000000
vt 5.986968 5.788567 0.000000
vt -0.203962 12.613489 0.000000
vt -0.000000 12.613489 0.000000
vt -0.203962 13.760170 0.000000
vt -0.000000 13.760170 0.000000
vt -0.203962 -13.760170 0.000000
vt -0.000000 -13.760170 0.000000
vt -0.203962 -12.613489 0.000000
vt -0.000000 -12.613489 0.000000
vt -0.203962 -11.466808 0.000000
vt -0.000000 -11.466808 0.000000
vt -0.203962 -10.320127 0.000000
vt -0.000000 -10.320127 0.000000
vt -0.203962 -9.173446 0.000000
vt -0.000000 -9.173446 0.000000
vt -0.203962 -8.026766 0.000000
vt -0.000000 -8.026766 0.000000
vt -0.203962 -6.880085 0.000000
vt -0.000000 -6.880085 0.000000
vt -0.203962 -5.733404 0.000000
vt -0.000000 -5.733404 0.000000
vt -0.203962 -4.586723 0.000000
vt -0.000000 -4.586723 0.000000
vt -0.203962 -3.440042 0.000000
vt -0.000000 -3.440042 0.000000
vt -0.203962 -2.293362 0.000000
vt -0.000000 -2.293362 0.000000
vt -0.203962 -1.146681 0.000000
vt -0.000000 -1.146681 0.000000
vt -0.203962 0.000000 0.000000
vt -0.000000 0.000000 0.000000
vt -0.203962 1.146681 0.000000
vt -0.000000 1.146681 0.000000
vt -0.203962 2.293362 0.000000
vt -0.000000 2.293362 0.000000
vt -0.203962 3.440042 0.000000
vt -0.000000 3.440042 0.000000
vt -0.203962 4.586723 0.000000
vt -0.000000 4.586723 0.000000
vt -0.203962 5.733404 0.000000
vt -0.000000 5.733404 0.000000
vt -0.203962 6.880085 0.000000
vt -0.000000 6.880085 0.000000
vt -0.203962 8.026766 0.000000
vt 0.000000 8.026766 0.000000
vt -0.203962 9.173446 0.000000
vt -0.000000 9.173446 0.000000
vt -0.203962 10.320127 0.000000
vt -0.000000 10.320127 0.000000
vt -0.203962 11.466808 0.000000
vt -0.000000 11.466808 0.000000
vt -5.823032 5.749926 0.000000
vt -5.854084 5.634037 0.000000
vt -4.684228 5.600000 0.000000
vt -4.684228 5.480022 0.000000
vt -3.514372 5.634037 0.000000
vt -6.944217 6.085584 0.000000
vt -6.884228 6.189488 0.000000
vt -7.880335 6.803893 0.000000
vt -7.795498 6.888730 0.000000
vt -8.598644 7.740011 0.000000
vt -8.494740 7.800000 0.000000
vt -9.050191 8.830144 0.000000
vt -8.934302 8.861196 0.000000
vt -9.204206 10.000000 0.000000
vt -9.084228 10.000000 0.000000
vt -8.934302 11.138804 0.000000
vt -9.050191 11.169856 0.000000
vt -8.494740 12.200000 0.000000
vt -8.598644 12.259989 0.000000
vt -7.795498 13.111270 0.000000
vt -7.880335 13.196107 0.000000
vt -6.884228 13.810512 0.000000
vt -6.944217 13.914416 0.000000
vt -5.823032 14.250074 0.000000
vt -5.854084 14.365963 0.000000
vt -4.684228 14.400000 0.000000
vt -4.684228 14.519978 0.000000
vt -3.514372 14.365963 0.000000
vt -3.545424 14.250074 0.000000
vt -2.424239 13.914416 0.000000
vt -2.484228 13.810512 0.000000
vt -1.488121 13.196107 0.000000
vt -1.572958 13.111270 0.000000
vt -0.769812 12.259989 0.000000
vt -0.873716 12.200000 0.000000
vt -0.318265 11.169856 0.000000
vt -0.434154 11.138804 0.000000
vt -0.164250 10.000000 0.000000
vt -0.284228 10.000000 0.000000
vt -0.318265 8.830144 0.000000
vt -0.434154 8.861196 0.000000
vt -0.873716 7.800000 0.000000
vt -0.769812 7.740011 0.000000
vt -1.572958 6.888730 0.000000
vt -1.488121 6.803893 0.000000
vt -2.484228 6.189488 0.000000
vt -2.424239 6.085584 0.000000
vt -3.545424 5.749926 0.000000
vt -1.172779 13.347810 0.000000
vt -0.000000 13.396347 0.000000
vt -1.172779 14.561247 0.000000
vt -0.000000 14.561247 0.000000
vt -1.172779 -14.561247 0.000000
vt -0.000000 -14.561247 0.000000
vt -0.000000 -13.396347 0.000000
vt -0.000000 12.231447 0.000000
vt -1.172779 12.134372 0.000000
vt -0.000000 11.066548 0.000000
vt -1.172779 10.920935 0.000000
vt -0.000000 9.901648 0.000000
vt -1.172779 9.707498 0.000000
vt -0.000000 8.736748 0.000000
vt -1.172779 8.494061 0.000000
vt -0.000000 7.571848 0.000000
vt -1.172779 7.280623 0.000000
vt -0.000000 6.406949 0.000000
vt -1.172779 6.067186 0.000000
vt -0.000000 5.242049 0.000000
vt -1.172779 4.853749 0.000000
vt -0.000000 4.077149 0.000000
vt -1.172779 3.640312 0.000000
vt -0.000000 2.912249 0.000000
vt -1.172779 2.426874 0.000000
vt 0.000000 1.747350 0.000000
vt -1.172779 1.213437 0.000000
vt -0.000000 0.582450 0.000000
vt -1.172779 0.000000 0.000000
vt -0.000000 -0.582450 0.000000
vt -1.172779 -1.213437 0.000000
vt -0.000000 -1.747350 0.000000
vt -1.172779 -2.426874 0.000000
vt -0.000000 -2.912249 0.000000
vt -1.172779 -3.640312 0.000000
vt -0.000000 -4.077149 0.000000
vt -1.172779 -4.853749 0.000000
vt -0.000000 -5.242049 0.000000
vt -1.172779 -6.067186 0.000000
vt -0.000000 -6.406949 0.000000
vt -1.172779 -7.280623 0.000000
vt -0.000000 -7.571848 0.000000
vt -1.172779 -8.494061 0.000000
vt -0.000000 -8.736748 0.000000
vt -1.172779 -9.707498 0.000000
vt -0.000000 -9.901648 0.000000
vt -1.172779 -10.920935 0.000000
vt -0.000000 -11.066548 0.000000
vt -1.172779 -12.134372 0.000000
vt -0.000000 -12.231447 0.000000
vt -1.172779 -13.347810 0.000000
vt -0.386370 -0.103528 0.000000
vt 0.386370 -0.103528 0.000000
vt -0.400000 0.000000 0.000000
vt 0.400000 0.000000 0.000000
vt -0.386370 0.103528 0.000000
vt 0.386370 0.103528 0.000000
vt -0.346410 0.200000 0.000000
vt 0.346410 0.200000 0.000000
vt -0.282843 0.282843 0.000000
vt 0.282843 0.282843 0.000000
vt -0.200000 0.346410 0.000000
vt 0.200000 0.346410 0.000000
vt -0.103528 0.386370 0.000000
vt 0.103528 0.386370 0.000000
vt 0.000000 0.400000 0.000000
vt 0.346410 -0.200000 0.000000
vt -0.346410 -0.200000 0.000000
vt 0.282843 -0.282843 0.000000
vt -0.282843 -0.282843 0.000000
vt 0.200000 -0.346410 0.000000
vt -0.200000 -0.346410 0.000000
vt 0.103528 -0.386370 0.000000
vt -0.103528 -0.386370 0.000000
vt 0.000000 -0.400000 0.000000
vt -0.386370 -0.103528 0.000000
vt 0.386370 -0.103528 0.000000
vt -0.400000 0.000000 0.000000
vt 0.400000 0.000000 0.000000
vt -0.386370 0.103528 0.000000
vt 0.386370 0.103528 0.000000
vt -0.346410 0.200000 0.000000
vt 0.346410 0.200000 0.000000
vt -0.282843 0.282843 0.000000
vt 0.282843 0.282843 0.000000
vt -0.200000 0.346410 0.000000
vt 0.200000 0.346410 0.000000
vt -0.103528 0.386370 0.000000
vt 0.103528 0.386370 0.000000
vt 0.000000 0.400000 0.000000
vt 0.346410 -0.200000 0.000000
vt -0.346410 -0.200000 0.000000
vt 0.282843 -0.282843 0.000000
vt -0.282843 -0.282843 0.000000
vt 0.200000 -0.346410 0.000000
vt -0.200000 -0.346410 0.000000
vt 0.103528 -0.386370 0.000000
vt -0.103528 -0.386370 0.000000
vt 0.000000 -0.400000 0.000000
vt -0.386370 -0.103528 0.000000
vt 0.386370 -0.103528 0.000000
vt -0.400000 0.000000 0.000000
vt 0.400000 0.000000 0.000000
vt -0.386370 0.103528 0.000000
vt 0.386370 0.103528 0.000000
vt -0.346410 0.200000 0.000000
vt 0.346410 0.200000 0.000000
vt -0.282843 0.282843 0.000000
vt 0.282843 0.282843 0.000000
vt -0.200000 0.346410 0.000000
vt 0.200000 0.346410 0.000000
vt -0.103528 0.386370 0.000000
vt 0.103528 0.386370 0.000000
vt 0.000000 0.400000 0.000000
vt 0.346410 -0.200000 0.000000
vt -0.346410 -0.200000 0.000000
vt 0.282843 -0.282843 0.000000
vt -0.282843 -0.282843 0.000000
vt 0.200000 -0.346410 0.000000
vt -0.200000 -0.346410 0.000000
vt 0.103528 -0.386370 0.000000
vt -0.103528 -0.386370 0.000000
vt 0.000000 -0.400000 0.000000
vt -0.386370 -0.103528 0.000000
vt 0.386370 -0.103528 0.000000
vt -0.400000 0.000000 0.000000
vt 0.400000 0.000000 0.000000
vt -0.386370 0.103528 0.000000
vt 0.386370 0.103528 0.000000
vt -0.346410 0.200000 0.000000
vt 0.346410 0.200000 0.000000
vt -0.282843 0.282843 0.000000
vt 0.282843 0.282843 0.000000
vt -0.200000 0.346410 0.000000
vt 0.200000 0.346410 0.000000
vt -0.103528 0.386370 0.000000
vt 0.103528 0.386370 0.000000
vt 0.000000 0.400000 0.000000
vt 0.346410 -0.200000 0.000000
vt -0.346410 -0.200000 0.000000
vt 0.282843 -0.282843 0.000000
vt -0.282843 -0.282843 0.000000
vt 0.200000 -0.346410 0.000000
vt -0.200000 -0.346410 0.000000
vt 0.103528 -0.386370 0.000000
vt -0.103528 -0.386370 0.000000
vt 0.000000 -0.400000 0.000000
vt -0.050000 1.151917 0.000000
vt 0.000000 1.151917 0.000000
vt -0.050000 1.256637 0.000000
vt -0.000000 1.256637 0.000000
vt -0.050000 -1.256637 0.000000
vt -0.000000 -1.256637 0.000000
vt -0.050000 -1.151917 0.000000
vt -0.000000 -1.151917 0.000000
vt -0.050000 -1.047198 0.000000
vt -0.000000 -1.047198 0.000000
vt -0.050000 -0.942478 0.000000
vt -0.000000 -0.942478 0.000000
vt -0.050000 -0.837758 0.000000
vt -0.000000 -0.837758 0.000000
vt -0.050000 -0.733038 0.000000
vt -0.000000 -0.733038 0.000000
vt -0.050000 -0.628319 0.000000
vt -0.000000 -0.628319 0.000000
vt -0.050000 -0.523599 0.000000
vt -0.000000 -0.523599 0.000000
vt -0.050000 -0.418879 0.000000
vt -0.000000 -0.418879 0.000000
vt -0.050000 -0.314159 0.000000
vt -0.000000 -0.314159 0.000000
vt -0.050000 -0.209440 0.000000
vt -0.000000 -0.209440 0.000000
vt -0.050000 -0.104720 0.000000
vt -0.000000 -0.104720 0.000000
vt -0.050000 0.000000 0.000000
vt -0.000000 0.000000 0.000000
vt -0.050000 0.104720 0.000000
vt -0.000000 0.104720 0.000000
vt -0.050000 0.209440 0.000000
vt -0.000000 0.209440 0.000000
vt -0.050000 0.314159 0.000000
vt -0.000000 0.314159 0.000000
vt -0.050000 0.418879 0.000000
vt -0.000000 0.418879 0.000000
vt -0.050000 0.523599 0.000000
vt -0.000000 0.523599 0.000000
vt -0.050000 0.628319 0.000000
vt -0.000000 0.628319 0.000000
vt -0.050000 0.733038 0.000000
vt 0.000000 0.733038 0.000000
vt -0.050000 0.837758 0.000000
vt -0.000000 0.837758 0.000000
vt -0.050000 0.942478 0.000000
vt -0.000000 0.942478 0.000000
vt -0.050000 1.047198 0.000000
vt 0.000000 1.047198 0.000000
vt -0.050000 1.151917 0.000000
vt 0.000000 1.151917 0.000000
vt -0.050000 1.256637 0.000000
vt -0.000000 1.256637 0.000000
vt -0.050000 -1.256637 0.000000
vt -0.000000 -1.256637 0.000000
vt -0.050000 -1.151917 0.000000
vt -0.000000 -1.151917 0.000000
vt -0.050000 -1.047198 0.000000
vt -0.000000 -1.047198 0.000000
vt -0.050000 -0.942478 0.000000
vt -0.000000 -0.942478 0.000000
vt -0.050000 -0.837758 0.000000
vt -0.000000 -0.837758 0.000000
vt -0.050000 -0.733038 0.000000
vt -0.000000 -0.733038 0.000000
vt -0.050000 -0.628319 0.000000
vt -0.000000 -0.628319 0.000000
vt -0.050000 -0.523599 0.000000
vt -0.000000 -0.523599 0.000000
vt -0.050000 -0.418879 0.000000
vt -0.000000 -0.418879 0.000000
vt -0.050000 -0.314159 0.000000
vt -0.000000 -0.314159 0.000000
vt -0.050000 -0.209440 0.000000
vt -0.000000 -0.209440 0.000000
vt -0.050000 -0.104720 0.000000
vt -0.000000 -0.104720 0.000000
vt -0.050000 0.000000 0.000000
vt -0.000000 0.000000 0.000000
vt -0.050000 0.104720 0.000000
vt -0.000000 0.104720 0.000000
vt -0.050000 0.209440 0.000000
vt -0.000000 0.209440 0.000000
vt -0.050000 0.314159 0.000000
vt -0.000000 0.314159 0.000000
vt -0.050000 0.418879 0.000000
vt -0.000000 0.418879 0.000000
vt -0.050000 0.523599 0.000000
vt -0.000000 0.523599 0.000000
vt -0.050000 0.628319 0.000000
vt -0.000000 0.628319 0.000000
vt -0.050000 0.733038 0.000000
vt 0.000000 0.733038 0.000000
vt -0.050000 0.837758 0.000000
vt -0.000000 0.837758 0.000000
vt -0.050000 0.942478 0.000000
vt -0.000000 0.942478 0.000000
vt -0.050000 1.047198 0.000000
vt 0.000000 1.047198 0.000000
vt -0.050000 1.151917 0.000000
vt 0.000000 1.151917 0.000000
vt -0.050000 1.256637 0.000000
vt -0.000000 1.256637 0.000000
vt -0.050000 -1.256637 0.000000
vt -0.000000 -1.256637 0.000000
vt -0.050000 -1.151917 0.000000
vt -0.000000 -1.151917 0.000000
vt -0.050000 -1.047198 0.000000
vt -0.000000 -1.047198 0.000000
vt -0.050000 -0.942478 0.000000
vt -0.000000 -0.942478 0.000000
vt -0.050000 -0.837758 0.000000
vt -0.000000 -0.837758 0.000000
vt -0.050000 -0.733038 0.000000
vt -0.000000 -0.733038 0.000000
vt -0.050000 -0.628319 0.000000
vt -0.000000 -0.628319 0.000000
vt -0.050000 -0.523599 0.000000
vt -0.000000 -0.523599 0.000000
vt -0.050000 -0.418879 0.000000
vt -0.000000 -0.418879 0.000000
vt -0.050000 -0.314159 0.000000
vt -0.000000 -0.314159 0.000000
vt -0.050000 -0.209440 0.000000
vt -0.000000 -0.209440 0.000000
vt -0.050000 -0.104720 0.000000
vt -0.000000 -0.104720 0.000000
vt -0.050000 0.000000 0.000000
vt -0.000000 0.000000 0.000000
vt -0.050000 0.104720 0.000000
vt -0.000000 0.104720 0.000000
vt -0.050000 0.209440 0.000000
vt -0.000000 0.209440 0.000000
vt -0.050000 0.314159 0.000000
vt -0.000000 0.314159 0.000000
vt -0.050000 0.418879 0.000000
vt -0.000000 0.418879 0.000000
vt -0.050000 0.523599 0.000000
vt -0.000000 0.523599 0.000000
vt -0.050000 0.628319 0.000000
vt -0.000000 0.628319 0.000000
vt -0.050000 0.733038 0.000000
vt 0.000000 0.733038 0.000000
vt -0.050000 0.837758 0.000000
vt -0.000000 0.837758 0.000000
vt -0.050000 0.942478 0.000000
vt -0.000000 0.942478 0.000000
vt -0.050000 1.047198 0.000000
vt 0.000000 1.047198 0.000000
vt -0.050000 1.151917 0.000000
vt 0.000000 1.151917 0.000000
vt -0.050000 1.256637 0.000000
vt -0.000000 1.256637 0.000000
vt -0.050000 -1.256637 0.000000
vt -0.000000 -1.256637 0.000000
vt -0.050000 -1.151917 0.000000
vt -0.000000 -1.151917 0.000000
vt -0.050000 -1.047198 0.000000
vt -0.000000 -1.047198 0.000000
vt -0.050000 -0.942478 0.000000
vt -0.000000 -0.942478 0.000000
vt -0.050000 -0.837758 0.000000
vt -0.000000 -0.837758 0.000000
vt -0.050000 -0.733038 0.000000
vt -0.000000 -0.733038 0.000000
vt -0.050000 -0.628319 0.000000
vt -0.000000 -0.628319 0.000000
vt -0.050000 -0.523599 0.000000
vt -0.000000 -0.523599 0.000000
vt -0.050000 -0.418879 0.000000
vt -0.000000 -0.418879 0.000000
vt -0.050000 -0.314159 0.000000
vt -0.000000 -0.314159 0.000000
vt -0.050000 -0.209440 0.000000
vt -0.000000 -0.209440 0.000000
vt -0.050000 -0.104720 0.000000
vt -0.000000 -0.104720 0.000000
vt -0.050000 0.000000 0.000000
vt -0.000000 0.000000 0.000000
vt -0.050000 0.104720 0.000000
vt -0.000000 0.104720 0.000000
vt -0.050000 0.209440 0.000000
vt -0.000000 0.209440 0.000000
vt -0.050000 0.314159 0.000000
vt -0.000000 0.314159 0.000000
vt -0.050000 0.418879 0.000000
vt -0.000000 0.418879 0.000000
vt -0.050000 0.523599 0.000000
vt -0.000000 0.523599 0.000000
vt -0.050000 0.628319 0.000000
vt -0.000000 0.628319 0.000000
vt -0.050000 0.733038 0.000000
vt 0.000000 0.733038 0.000000
vt -0.050000 0.837758 0.000000
vt -0.000000 0.837758 0.000000
vt -0.050000 0.942478 0.000000
vt -0.000000 0.942478 0.000000
vt -0.050000 1.047198 0.000000
vt 0.000000 1.047198 0.000000
vt -0.200000 19.792034 0.000000
vt -0.000000 19.792034 0.000000
vt -0.200000 21.205750 0.000000
vt -0.000000 21.205750 0.000000
vt -0.200000 -21.205750 0.000000
vt -0.000000 -21.205750 0.000000
vt -0.200000 -19.792034 0.000000
vt -0.000000 -19.792034 0.000000
vt -0.200000 -18.378317 0.000000
vt -0.000000 -18.378317 0.000000
vt -0.200000 -16.964600 0.000000
vt -0.000000 -16.964600 0.000000
vt -0.200000 -15.550884 0.000000
vt -0.000000 -15.550884 0.000000
vt -0.200000 -14.137167 0.000000
vt -0.000000 -14.137167 0.000000
vt -0.200000 -12.723450 0.000000
vt -0.000000 -12.723450 0.000000
vt -0.200000 -11.309734 0.000000
vt -0.000000 -11.309734 0.000000
vt -0.200000 -9.896017 0.000000
vt -0.000000 -9.896017 0.000000
vt -0.200000 -8.482300 0.000000
vt -0.000000 -8.482300 0.000000
vt -0.200000 -7.068583 0.000000
vt -0.000000 -7.068583 0.000000
vt -0.200000 -5.654867 0.000000
vt -0.000000 -5.654867 0.000000
vt -0.200000 -4.241150 0.000000
vt -0.000000 -4.241150 0.000000
vt -0.200000 -2.827433 0.000000
vt -0.000000 -2.827433 0.000000
vt -0.200000 -1.413717 0.000000
vt -0.000000 -1.413717 0.000000
vt -0.200000 0.000000 0.000000
vt -0.000000 0.000000 0.000000
vt -0.200000 1.413717 0.000000
vt -0.000000 1.413717 0.000000
vt -0.200000 2.827433 0.000000
vt -0.000000 2.827433 0.000000
vt -0.200000 4.241150 0.000000
vt -0.000000 4.241150 0.000000
vt -0.200000 5.654867 0.000000
vt -0.000000 5.654867 0.000000
vt -0.200000 7.068583 0.000000
vt -0.000000 7.068583 0.000000
vt -0.200000 8.482300 0.000000
vt -0.000000 8.482300 0.000000
vt -0.200000 9.896017 0.000000
vt -0.000000 9.896017 0.000000
vt -0.200000 11.309734 0.000000
vt -0.000000 11.309734 0.000000
vt -0.200000 12.723450 0.000000
vt -0.000000 12.723450 0.000000
vt -0.200000 14.137167 0.000000
vt 0.000000 14.137167 0.000000
vt -0.200000 15.550884 0.000000
vt -0.000000 15.550884 0.000000
vt -0.200000 16.964600 0.000000
vt -0.000000 16.964600 0.000000
vt -0.200000 18.378317 0.000000
vt -0.000000 18.378317 0.000000
vt 6.779673 1.441064 0.000000
vt 6.602496 1.403404 0.000000
vt 6.931134 -0.000000 0.000000
vt 6.750000 -0.000000 0.000000
vt 6.602496 -1.403404 0.000000
vt 6.166432 2.745472 0.000000
vt 6.331906 2.819146 0.000000
vt 5.460865 3.967550 0.000000
vt 5.607406 4.074019 0.000000
vt 4.516632 5.016228 0.000000
vt 4.637834 5.150837 0.000000
vt 3.375000 5.845671 0.000000
vt 3.465567 6.002539 0.000000
vt 2.085865 6.419631 0.000000
vt 2.141838 6.591901 0.000000
vt 0.705567 6.713023 0.000000
vt 0.724501 6.893165 0.000000
vt -0.724501 6.893165 0.000000
vt -0.705567 6.713023 0.000000
vt -2.141838 6.591901 0.000000
vt -2.085865 6.419631 0.000000
vt -3.465567 6.002539 0.000000
vt -3.375000 5.845671 0.000000
vt -4.637834 5.150837 0.000000
vt -4.516632 5.016228 0.000000
vt -5.607406 4.074019 0.000000
vt -5.460865 3.967550 0.000000
vt -6.331906 2.819146 0.000000
vt -6.166432 2.745472 0.000000
vt -6.779673 1.441064 0.000000
vt -6.602496 1.403404 0.000000
vt -6.931134 0.000000 0.000000
vt -6.750000 0.000000 0.000000
vt -6.602496 -1.403404 0.000000
vt -6.779673 -1.441064 0.000000
vt -6.166432 -2.745472 0.000000
vt -6.331906 -2.819146 0.000000
vt -5.460865 -3.967550 0.000000
vt -5.607406 -4.074019 0.000000
vt -4.516632 -5.016228 0.000000
vt -4.637834 -5.150837 0.000000
vt -3.375000 -5.845671 0.000000
vt -3.465567 -6.002539 0.000000
vt -2.085865 -6.419631 0.000000
vt -2.141838 -6.591901 0.000000
vt -0.705567 -6.713023 0.000000
vt -0.724501 -6.893165 0.000000
vt 0.724501 -6.893165 0.000000
vt 0.705567 -6.713023 0.000000
vt 2.141838 -6.591901 0.000000
vt 2.085865 -6.419631 0.000000
vt 3.465567 -6.002539 0.000000
vt 3.375000 -5.845671 0.000000
vt 4.637834 -5.150837 0.000000
vt 4.516632 -5.016228 0.000000
vt 5.607406 -4.074019 0.000000
vt 5.460865 -3.967550 0.000000
vt 6.331906 -2.819146 0.000000
vt 6.166432 -2.745472 0.000000
vt 6.779673 -1.441064 0.000000
vt -0.211524 17.900057 0.000000
vt -0.211524 19.178632 0.000000
vt -5.288103 19.178632 0.000000
vt -5.288103 -19.178632 0.000000
vt -0.211524 -19.178632 0.000000
vt -0.211524 -17.900057 0.000000
vt -5.288103 -17.703353 0.000000
vt -0.211524 -16.621481 0.000000
vt -5.288103 -16.228073 0.000000
vt -0.211524 -15.342906 0.000000
vt -5.288103 -14.752794 0.000000
vt -0.211524 -14.064330 0.000000
vt -5.288103 -13.277515 0.000000
vt -0.211524 -12.785755 0.000000
vt -5.288103 -11.802235 0.000000
vt -0.211524 -11.507179 0.000000
vt -5.288103 -10.326956 0.000000
vt -0.211524 -10.228604 0.000000
vt -0.211524 -8.950028 0.000000
vt -5.288103 -8.851676 0.000000
vt -0.211524 -7.671453 0.000000
vt -5.288103 -7.376397 0.000000
vt -0.211524 -6.392877 0.000000
vt -5.288103 -5.901118 0.000000
vt -0.211524 -5.114302 0.000000
vt -5.288103 -4.425838 0.000000
vt -0.211524 -3.835726 0.000000
vt -5.288103 -2.950559 0.000000
vt -0.211524 -2.557151 0.000000
vt -5.288103 -1.475279 0.000000
vt -0.211524 -1.278575 0.000000
vt -5.288103 0.000000 0.000000
vt -0.211524 0.000000 0.000000
vt -0.211524 1.278575 0.000000
vt -5.288103 1.475279 0.000000
vt -0.211524 2.557151 0.000000
vt -5.288103 2.950559 0.000000
vt -0.211524 3.835726 0.000000
vt -5.288103 4.425838 0.000000
vt -0.211524 5.114302 0.000000
vt -5.288103 5.901118 0.000000
vt -0.211524 6.392877 0.000000
vt -5.288103 7.376397 0.000000
vt -0.211524 7.671453 0.000000
vt -5.288103 8.851676 0.000000
vt -0.211524 8.950028 0.000000
vt -0.211524 10.228604 0.000000
vt -5.288103 10.326956 0.000000
vt -0.211524 11.507179 0.000000
vt -5.288103 11.802235 0.000000
vt -0.211524 12.785755 0.000000
vt -5.288103 13.277515 0.000000
vt -0.211524 14.064330 0.000000
vt -5.288103 14.752794 0.000000
vt -0.211524 15.342906 0.000000
vt -5.288103 16.228073 0.000000
vt -0.211524 16.621481 0.000000
vt -5.288103 17.703353 0.000000
vt 4.600770 -1.181277 0.000000
vt 5.124982 -1.263195 0.000000
vt 4.750000 0.000000 0.000000
vt 5.278362 0.000000 0.000000
vt 5.124982 1.263195 0.000000
vt 4.673757 -2.452977 0.000000
vt 4.162457 -2.288330 0.000000
vt 3.950911 -3.500201 0.000000
vt 3.462601 -3.251599 0.000000
vt 2.998451 -4.344007 0.000000
vt 2.545177 -4.010558 0.000000
vt 1.871733 -4.935354 0.000000
vt 1.467831 -4.517518 0.000000
vt 0.636236 -5.239877 0.000000
vt 0.298255 -4.740627 0.000000
vt -0.636236 -5.239877 0.000000
vt -0.890061 -4.665864 0.000000
vt -1.871733 -4.935354 0.000000
vt -2.022452 -4.297928 0.000000
vt -2.998451 -4.344007 0.000000
vt -3.027764 -3.659938 0.000000
vt -3.950911 -3.500201 0.000000
vt -3.842831 -2.791980 0.000000
vt -4.673757 -2.452977 0.000000
vt -4.416438 -1.748592 0.000000
vt -5.124982 -1.263195 0.000000
vt -4.712545 -0.595333 0.000000
vt -5.278362 0.000000 0.000000
vt -4.712545 0.595333 0.000000
vt -5.124982 1.263195 0.000000
vt -4.416438 1.748592 0.000000
vt -4.673757 2.452977 0.000000
vt -3.842831 2.791980 0.000000
vt -3.950911 3.500201 0.000000
vt -3.027764 3.659938 0.000000
vt -2.998451 4.344007 0.000000
vt -2.022452 4.297928 0.000000
vt -1.871733 4.935354 0.000000
vt -0.890061 4.665864 0.000000
vt -0.636236 5.239877 0.000000
vt 0.298255 4.740627 0.000000
vt 0.636236 5.239877 0.000000
vt 1.467831 4.517518 0.000000
vt 1.871733 4.935354 0.000000
vt 2.545177 4.010558 0.000000
vt 2.998451 4.344007 0.000000
vt 3.462601 3.251599 0.000000
vt 3.950911 3.500201 0.000000
vt 4.162457 2.288330 0.000000
vt 4.673757 2.452977 0.000000
vt 4.600770 1.181277 0.000000
vt 4.886370 -2.396472 0.000000
vt 4.900000 -2.500000 0.000000
vt 6.166432 -2.745472 0.000000
vt 4.886370 -2.603528 0.000000
vt 4.846410 -2.700000 0.000000
vt 5.460865 -3.967550 0.000000
vt 4.782843 -2.782843 0.000000
vt 4.700000 -2.846410 0.000000
vt 4.603528 -2.886370 0.000000
vt 4.500000 -2.900000 0.000000
vt 4.516632 -5.016228 0.000000
vt 4.396472 -2.886370 0.000000
vt 4.300000 -2.846410 0.000000
vt 4.217157 -2.782843 0.000000
vt 3.375000 -5.845671 0.000000
vt 4.153590 -2.700000 0.000000
vt 2.085865 -6.419631 0.000000
vt 4.113630 -2.603528 0.000000
vt 0.705567 -6.713023 0.000000
vt 4.100000 -2.500000 0.000000
vt -4.100000 -2.500000 0.000000
vt -4.113630 -2.396472 0.000000
vt 4.113630 -2.396472 0.000000
vt -4.153590 -2.300000 0.000000
vt 4.153590 -2.300000 0.000000
vt -4.153590 2.300000 0.000000
vt 4.153590 2.300000 0.000000
vt -4.113630 2.396472 0.000000
vt 4.113630 2.396472 0.000000
vt -4.100000 2.500000 0.000000
vt 4.100000 2.500000 0.000000
vt -0.705567 6.713023 0.000000
vt 0.705567 6.713023 0.000000
vt 4.113630 2.603528 0.000000
vt 2.085865 6.419631 0.000000
vt 4.153590 2.700000 0.000000
vt 3.375000 5.845671 0.000000
vt 4.217157 2.782843 0.000000
vt 4.516632 5.016228 0.000000
vt 4.300000 2.846410 0.000000
vt 4.396472 2.886370 0.000000
vt 4.217157 2.217157 0.000000
vt 4.217157 -2.217157 0.000000
vt 4.300000 2.153590 0.000000
vt 4.300000 -2.153590 0.000000
vt 4.396472 2.113630 0.000000
vt 4.396472 -2.113630 0.000000
vt 4.500000 2.100000 0.000000
vt 4.500000 -2.100000 0.000000
vt 6.750000 -0.000000 0.000000
vt 4.603528 -2.113630 0.000000
vt 6.602496 -1.403404 0.000000
vt 4.700000 -2.153590 0.000000
vt 4.782843 -2.217157 0.000000
vt 4.846410 -2.300000 0.000000
vt -0.705567 -6.713023 0.000000
vt -4.113630 -2.603528 0.000000
vt -2.085865 -6.419631 0.000000
vt -4.153590 -2.700000 0.000000
vt -3.375000 -5.845671 0.000000
vt -4.217157 -2.782843 0.000000
vt -4.516632 -5.016228 0.000000
vt -4.300000 -2.846410 0.000000
vt -4.396472 -2.886370 0.000000
vt -4.500000 -2.900000 0.000000
vt -5.460865 -3.967550 0.000000
vt -4.603528 -2.886370 0.000000
vt -4.700000 -2.846410 0.000000
vt -4.782843 -2.782843 0.000000
vt -4.846410 -2.700000 0.000000
vt -6.166432 -2.745472 0.000000
vt -4.886370 -2.603528 0.000000
vt -4.900000 -2.500000 0.000000
vt -4.886370 -2.396472 0.000000
vt -4.846410 -2.300000 0.000000
vt -6.602496 -1.403404 0.000000
vt -4.782843 -2.217157 0.000000
vt -4.700000 -2.153590 0.000000
vt -4.603528 -2.113630 0.000000
vt -6.750000 0.000000 0.000000
vt -4.500000 -2.100000 0.000000
vt -4.500000 2.100000 0.000000
vt -4.396472 -2.113630 0.000000
vt -4.396472 2.113630 0.000000
vt -4.300000 -2.153590 0.000000
vt -4.300000 2.153590 0.000000
vt -4.217157 -2.217157 0.000000
vt -4.217157 2.217157 0.000000
vt 4.886370 2.603528 0.000000
vt 4.900000 2.500000 0.000000
vt 6.166432 2.745472 0.000000
vt 4.886370 2.396472 0.000000
vt 4.846410 2.300000 0.000000
vt 6.602496 1.403404 0.000000
vt 4.782843 2.217157 0.000000
vt 4.700000 2.153590 0.000000
vt 4.603528 2.113630 0.000000
vt 4.500000 2.900000 0.000000
vt 5.460865 3.967550 0.000000
vt 4.603528 2.886370 0.000000
vt 4.700000 2.846410 0.000000
vt 4.782843 2.782843 0.000000
vt 4.846410 2.700000 0.000000
vt -4.603528 2.113630 0.000000
vt -6.602496 1.403404 0.000000
vt -4.700000 2.153590 0.000000
vt -4.782843 2.217157 0.000000
vt -4.846410 2.300000 0.000000
vt -6.166432 2.745472 0.000000
vt -4.886370 2.396472 0.000000
vt -4.900000 2.500000 0.000000
vt -4.886370 2.603528 0.000000
vt -4.846410 2.700000 0.000000
vt -5.460865 3.967550 0.000000
vt -4.782843 2.782843 0.000000
vt -4.700000 2.846410 0.000000
vt -4.603528 2.886370 0.000000
vt -4.500000 2.900000 0.000000
vt -4.516632 5.016228 0.000000
vt -4.396472 2.886370 0.000000
vt -4.300000 2.846410 0.000000
vt -4.217157 2.782843 0.000000
vt -3.375000 5.845671 0.000000
vt -4.153590 2.700000 0.000000
vt -2.085865 6.419631 0.000000
vt -4.113630 2.603528 0.000000
vt -0.551131 -11.241637 0.000000
vt -0.496797 -10.175620 0.000000
vt -0.551131 -9.836432 0.000000
vt -0.496797 -8.818870 0.000000
vt -0.551131 -8.431228 0.000000
vt -0.496797 -7.462121 0.000000
vt -0.551131 -7.026023 0.000000
vt -0.496797 -6.105372 0.000000
vt -0.551131 -5.620819 0.000000
vt -0.496797 -4.748623 0.000000
vt -0.551131 -4.215614 0.000000
vt -0.496797 -3.391873 0.000000
vt -0.551131 -2.810409 0.000000
vt -0.496797 -2.035124 0.000000
vt -0.551131 -1.405205 0.000000
vt -0.496797 -0.678375 0.000000
vt -0.551131 0.000000 0.000000
vt -0.496797 0.678375 0.000000
vt -0.551131 1.405205 0.000000
vt -0.496797 2.035124 0.000000
vt -0.551131 2.810409 0.000000
vt -0.496797 3.391873 0.000000
vt -0.551131 4.215614 0.000000
vt -0.496797 4.748623 0.000000
vt -0.551131 5.620819 0.000000
vt -0.496797 6.105372 0.000000
vt -0.551131 7.026023 0.000000
vt -0.496797 7.462121 0.000000
vt -0.551131 8.431228 0.000000
vt -0.496797 8.818870 0.000000
vt -0.551131 9.836432 0.000000
vt -0.496797 10.175620 0.000000
vt -0.551131 11.241637 0.000000
vt -0.496797 11.532369 0.000000
vt -0.551131 12.646842 0.000000
vt -0.496797 12.889118 0.000000
vt -0.551131 14.052046 0.000000
vt -0.496797 14.245868 0.000000
vt -0.551131 15.457251 0.000000
vt -0.496797 15.602617 0.000000
vt -0.551131 16.862456 0.000000
vt -0.496797 16.959366 0.000000
vt -0.551131 18.267660 0.000000
vt -0.496797 18.316116 0.000000
vt -0.551131 19.672865 0.000000
vt -0.496797 19.672865 0.000000
vt -0.551131 -19.672865 0.000000
vt -0.496797 -19.672865 0.000000
vt -0.496797 -18.316116 0.000000
vt -0.442463 -19.672865 0.000000
vt -0.442463 -18.316116 0.000000
vt -0.388129 -19.672865 0.000000
vt -0.388129 -18.316116 0.000000
vt -0.333794 -19.333678 0.000000
vt -0.333794 -17.976928 0.000000
vt -0.496797 -11.532369 0.000000
vt -0.551131 -12.646842 0.000000
vt -0.496797 -12.889118 0.000000
vt -0.551131 -14.052046 0.000000
vt -0.496797 -14.245868 0.000000
vt -0.551131 -15.457251 0.000000
vt -0.496797 -15.602617 0.000000
vt -0.551131 -16.862456 0.000000
vt -0.496797 -16.959366 0.000000
vt -0.551131 -18.267660 0.000000
vt -0.333794 -8.479683 0.000000
vt -0.388129 -8.818870 0.000000
vt -0.333794 -9.836432 0.000000
vt -0.388129 -10.175620 0.000000
vt -0.333794 -11.193182 0.000000
vt -0.388129 -11.532369 0.000000
vt -0.333794 -12.549931 0.000000
vt -0.388129 -12.889118 0.000000
vt -0.333794 -13.906680 0.000000
vt -0.388129 -14.245868 0.000000
vt -0.333794 -15.263430 0.000000
vt -0.388129 -15.602617 0.000000
vt -0.333794 -16.620179 0.000000
vt -0.388129 -16.959366 0.000000
vt -0.388129 -7.462121 0.000000
vt -0.333794 -7.122934 0.000000
vt -0.388129 -6.105372 0.000000
vt -0.333794 -5.766185 0.000000
vt -0.388129 -4.748623 0.000000
vt -0.333794 -4.409435 0.000000
vt -0.388129 -3.391873 0.000000
vt -0.333794 -3.052686 0.000000
vt -0.388129 -2.035124 0.000000
vt -0.333794 -1.695937 0.000000
vt -0.388129 -0.678375 0.000000
vt -0.333794 -0.339187 0.000000
vt -0.388129 0.678375 0.000000
vt -0.333794 1.017562 0.000000
vt -0.388129 2.035124 0.000000
vt -0.333794 2.374311 0.000000
vt -0.388129 3.391873 0.000000
vt -0.333794 3.731061 0.000000
vt -0.388129 4.748623 0.000000
vt -0.333794 5.087810 0.000000
vt -0.388129 6.105372 0.000000
vt -0.333794 6.444559 0.000000
vt -0.388129 7.462121 0.000000
vt -0.333794 7.801309 0.000000
vt -0.388129 8.818870 0.000000
vt -0.333794 9.158058 0.000000
vt -0.388129 10.175620 0.000000
vt -0.333794 10.514807 0.000000
vt -0.388129 11.532369 0.000000
vt -0.333794 11.871556 0.000000
vt -0.388129 12.889118 0.000000
vt -0.333794 13.228306 0.000000
vt -0.388129 14.245868 0.000000
vt -0.333794 14.585055 0.000000
vt -0.388129 15.602617 0.000000
vt -0.333794 15.941804 0.000000
vt -0.388129 16.959366 0.000000
vt -0.333794 17.298554 0.000000
vt -0.388129 18.316116 0.000000
vt -0.333794 18.655303 0.000000
vt -0.388129 19.672865 0.000000
vt -0.333794 -20.690427 0.000000
vt -0.442463 19.672865 0.000000
vt -0.442463 18.316116 0.000000
vt -0.442463 16.959366 0.000000
vt -0.442463 15.602617 0.000000
vt -0.442463 14.245868 0.000000
vt -0.442463 12.889118 0.000000
vt -0.442463 11.532369 0.000000
vt -0.442463 10.175620 0.000000
vt -0.442463 8.818870 0.000000
vt -0.442463 7.462121 0.000000
vt -0.442463 6.105372 0.000000
vt -0.442463 4.748623 0.000000
vt -0.442463 3.391873 0.000000
vt -0.442463 2.035124 0.000000
vt -0.442463 0.678375 0.000000
vt -0.442463 -0.678375 0.000000
vt -0.442463 -2.035124 0.000000
vt -0.442463 -3.391873 0.000000
vt -0.442463 -4.748623 0.000000
vt -0.442463 -6.105372 0.000000
vt -0.442463 -7.462121 0.000000
vt -0.442463 -8.818870 0.000000
vt -0.442463 -10.175620 0.000000
vt -0.442463 -11.532369 0.000000
vt -0.442463 -12.889118 0.000000
vt -0.442463 -14.245868 0.000000
vt -0.442463 -15.602617 0.000000
vt -0.442463 -16.959366 0.000000
vt -6.222371 1.369647 0.000000
vt -6.371329 -0.000000 0.000000
vt -6.366061 -0.000000 0.000000
vt -6.222371 -1.369647 0.000000
vt -6.217226 -1.368515 0.000000
vt -5.782462 -2.675252 0.000000
vt -5.777681 -2.673040 0.000000
vt -5.072171 -3.855764 0.000000
vt -5.067977 -3.852576 0.000000
vt -4.124711 -4.855986 0.000000
vt -4.121301 -4.851970 0.000000
vt -2.984384 -5.629146 0.000000
vt -2.981917 -5.624492 0.000000
vt -1.704511 -6.139094 0.000000
vt -1.703102 -6.134018 0.000000
vt -0.344937 -6.361985 0.000000
vt -0.344652 -6.356725 0.000000
vt 1.029914 -6.282198 0.000000
vt 1.030766 -6.287397 0.000000
vt 2.356322 -5.913923 0.000000
vt 2.358272 -5.918817 0.000000
vt 3.572551 -5.269119 0.000000
vt 3.575508 -5.273479 0.000000
vt 4.621732 -4.377937 0.000000
vt 4.625556 -4.381560 0.000000
vt 5.454805 -3.282047 0.000000
vt 5.459319 -3.284763 0.000000
vt 6.032818 -2.032693 0.000000
vt 6.037811 -2.034375 0.000000
vt 6.328743 -0.688292 0.000000
vt 6.333980 -0.688862 0.000000
vt 6.328743 0.688292 0.000000
vt 6.333980 0.688862 0.000000
vt 6.037811 2.034375 0.000000
vt 6.032818 2.032693 0.000000
vt 5.459319 3.284763 0.000000
vt 5.454805 3.282047 0.000000
vt 4.625556 4.381560 0.000000
vt 4.621732 4.377937 0.000000
vt 3.575508 5.273479 0.000000
vt 3.572551 5.269119 0.000000
vt 2.358272 5.918817 0.000000
vt 2.356322 5.913923 0.000000
vt 1.030766 6.287397 0.000000
vt 1.029914 6.282198 0.000000
vt -0.344937 6.361985 0.000000
vt -0.344652 6.356725 0.000000
vt -1.703102 6.134018 0.000000
vt -1.704511 6.139094 0.000000
vt -2.981917 5.624492 0.000000
vt -2.984384 5.629146 0.000000
vt -4.121301 4.851970 0.000000
vt -4.124711 4.855986 0.000000
vt -5.067977 3.852576 0.000000
vt -5.072171 3.855764 0.000000
vt -5.777681 2.673040 0.000000
vt -5.782462 2.675252 0.000000
vt -6.217226 1.368515 0.000000
vt -0.327454 13.699285 0.000000
vt 5.152845 13.877197 0.000000
vt -0.327454 14.944674 0.000000
vt 5.152845 14.944674 0.000000
vt -0.327454 -14.944674 0.000000
vt 5.152845 -14.944674 0.000000
vt 5.152845 -13.877197 0.000000
vt 5.152845 12.809721 0.000000
vt -0.327454 12.453895 0.000000
vt 5.152845 11.742244 0.000000
vt -0.327454 11.208506 0.000000
vt 5.152845 10.674767 0.000000
vt -0.327454 9.963116 0.000000
vt 5.152845 9.607290 0.000000
vt -0.327454 8.717727 0.000000
vt 5.152845 8.539814 0.000000
vt -0.327454 7.472337 0.000000
vt 5.152845 7.472337 0.000000
vt 5.152845 6.404860 0.000000
vt -0.327454 6.226948 0.000000
vt 5.152845 5.337384 0.000000
vt -0.327454 4.981558 0.000000
vt 5.152845 4.269907 0.000000
vt -0.327454 3.736169 0.000000
vt 5.152845 3.202430 0.000000
vt -0.327454 2.490779 0.000000
vt 5.152845 2.134953 0.000000
vt -0.327454 1.245390 0.000000
vt 5.152845 1.067477 0.000000
vt -0.327454 0.000000 0.000000
vt 5.152845 0.000000 0.000000
vt 5.152845 -1.067477 0.000000
vt -0.327454 -1.245390 0.000000
vt 5.152845 -2.134953 0.000000
vt -0.327454 -2.490779 0.000000
vt 5.152845 -3.202430 0.000000
vt -0.327454 -3.736169 0.000000
vt 5.152845 -4.269907 0.000000
vt -0.327454 -4.981558 0.000000
vt 5.152845 -5.337384 0.000000
vt -0.327454 -6.226948 0.000000
vt 5.152845 -6.404860 0.000000
vt -0.327454 -7.472337 0.000000
vt 5.152845 -7.472337 0.000000
vt 5.152845 -8.539814 0.000000
vt -0.327454 -8.717727 0.000000
vt 5.152845 -9.607290 0.000000
vt -0.327454 -9.963116 0.000000
vt 5.152845 -10.674767 0.000000
vt -0.327454 -11.208506 0.000000
vt 5.152845 -11.742244 0.000000
vt -0.327454 -12.453895 0.000000
vt 5.152845 -12.809721 0.000000
vt -0.327454 -13.699285 0.000000
vt -0.333794 -11.719725 0.000000
vt -0.277513 -10.654296 0.000000
vt -0.333794 -10.299153 0.000000
vt -0.277513 -9.233723 0.000000
vt -0.333794 -8.878580 0.000000
vt -0.277513 -7.813150 0.000000
vt -0.333794 -7.458007 0.000000
vt -0.277513 -6.392577 0.000000
vt -0.333794 -6.037434 0.000000
vt -0.277513 -4.972005 0.000000
vt -0.333794 -4.616862 0.000000
vt -0.277513 -3.551432 0.000000
vt -0.333794 -3.196289 0.000000
vt -0.277513 -2.130859 0.000000
vt -0.333794 -1.775716 0.000000
vt -0.277513 -0.710286 0.000000
vt -0.333794 -0.355143 0.000000
vt -0.277513 0.710286 0.000000
vt -0.333794 1.065430 0.000000
vt -0.277513 2.130859 0.000000
vt -0.333794 2.486002 0.000000
vt -0.277513 3.551432 0.000000
vt -0.333794 3.906575 0.000000
vt -0.277513 4.972005 0.000000
vt -0.333794 5.327148 0.000000
vt -0.277513 6.392577 0.000000
vt -0.333794 6.747721 0.000000
vt -0.277513 7.813150 0.000000
vt -0.333794 8.168293 0.000000
vt -0.277513 9.233723 0.000000
vt -0.333794 9.588866 0.000000
vt -0.277513 10.654296 0.000000
vt -0.333794 11.009439 0.000000
vt -0.277513 12.074869 0.000000
vt -0.333794 12.430012 0.000000
vt -0.277513 13.495441 0.000000
vt -0.333794 13.850585 0.000000
vt -0.277513 14.916014 0.000000
vt -0.333794 15.271157 0.000000
vt -0.277513 16.336587 0.000000
vt -0.333794 16.691730 0.000000
vt -0.277513 17.757160 0.000000
vt -0.333794 18.112303 0.000000
vt -0.277513 19.177732 0.000000
vt -0.333794 19.532876 0.000000
vt -0.277513 20.598305 0.000000
vt -0.333794 20.953448 0.000000
vt -0.333794 -20.243162 0.000000
vt -0.277513 -20.598305 0.000000
vt -0.277513 -19.177732 0.000000
vt -0.333794 -18.822589 0.000000
vt -0.277513 -17.757160 0.000000
vt -0.333794 -17.402016 0.000000
vt -0.277513 -16.336587 0.000000
vt -0.333794 -15.981444 0.000000
vt -0.277513 -14.916014 0.000000
vt -0.333794 -14.560871 0.000000
vt -0.277513 -13.495441 0.000000
vt -0.333794 -13.140298 0.000000
vt -0.277513 -12.074869 0.000000
vt 0.116457 -8.878580 0.000000
vt 0.060176 -9.233723 0.000000
vt 0.116457 -10.299153 0.000000
vt 0.060176 -10.654296 0.000000
vt 0.116457 -11.719725 0.000000
vt 0.060176 -12.074869 0.000000
vt 0.116457 -13.140298 0.000000
vt 0.060176 -13.495441 0.000000
vt 0.116457 -14.560871 0.000000
vt 0.060176 -14.916014 0.000000
vt 0.116457 -15.981444 0.000000
vt 0.060176 -16.336587 0.000000
vt 0.116457 -17.402016 0.000000
vt 0.060176 -17.757160 0.000000
vt 0.116457 -18.822589 0.000000
vt 0.060176 -19.177732 0.000000
vt 0.116457 -20.243162 0.000000
vt 0.060176 -20.598305 0.000000
vt 0.116457 -21.663735 0.000000
vt 0.116457 19.532876 0.000000
vt 0.060176 20.598305 0.000000
vt 0.060176 19.177732 0.000000
vt 0.116457 18.112303 0.000000
vt 0.060176 17.757160 0.000000
vt 0.116457 16.691730 0.000000
vt 0.060176 16.336587 0.000000
vt 0.116457 15.271157 0.000000
vt 0.060176 14.916014 0.000000
vt 0.116457 13.850585 0.000000
vt 0.060176 13.495441 0.000000
vt 0.116457 12.430012 0.000000
vt 0.060176 12.074869 0.000000
vt 0.116457 11.009439 0.000000
vt 0.060176 10.654296 0.000000
vt 0.116457 9.588866 0.000000
vt 0.060176 9.233723 0.000000
vt 0.116457 8.168293 0.000000
vt 0.060176 7.813150 0.000000
vt 0.116457 6.747721 0.000000
vt 0.060176 6.392577 0.000000
vt 0.116457 5.327148 0.000000
vt 0.060176 4.972005 0.000000
vt 0.116457 3.906575 0.000000
vt 0.060176 3.551432 0.000000
vt 0.116457 2.486002 0.000000
vt 0.060176 2.130859 0.000000
vt 0.116457 1.065430 0.000000
vt 0.060176 0.710286 0.000000
vt 0.116457 -0.355143 0.000000
vt 0.060176 -0.710286 0.000000
vt 0.116457 -1.775716 0.000000
vt 0.060176 -2.130859 0.000000
vt 0.116457 -3.196289 0.000000
vt 0.060176 -3.551432 0.000000
vt 0.116457 -4.616862 0.000000
vt 0.060176 -4.972005 0.000000
vt 0.116457 -6.037434 0.000000
vt 0.060176 -6.392577 0.000000
vt 0.116457 -7.458007 0.000000
vt 0.060176 -7.813150 0.000000
vt -0.221231 -20.598305 0.000000
vt -0.221231 -19.177732 0.000000
vt -0.221231 -17.757160 0.000000
vt -0.221231 -16.336587 0.000000
vt -0.221231 -14.916014 0.000000
vt -0.221231 -13.495441 0.000000
vt -0.221231 -12.074869 0.000000
vt -0.221231 -10.654296 0.000000
vt -0.221231 -9.233723 0.000000
vt -0.221231 -7.813150 0.000000
vt -0.221231 -6.392577 0.000000
vt -0.221231 -4.972005 0.000000
vt -0.221231 -3.551432 0.000000
vt -0.221231 -2.130859 0.000000
vt -0.221231 -0.710286 0.000000
vt -0.221231 0.710286 0.000000
vt -0.221231 2.130859 0.000000
vt -0.221231 3.551432 0.000000
vt -0.221231 4.972005 0.000000
vt -0.221231 6.392577 0.000000
vt -0.221231 7.813150 0.000000
vt -0.221231 9.233723 0.000000
vt -0.221231 10.654296 0.000000
vt -0.221231 12.074869 0.000000
vt -0.221231 13.495441 0.000000
vt -0.221231 14.916014 0.000000
vt -0.221231 16.336587 0.000000
vt -0.221231 17.757160 0.000000
vt -0.221231 19.177732 0.000000
vt -0.221231 20.598305 0.000000
vt -0.164950 -20.598305 0.000000
vt -0.164950 -19.177732 0.000000
vt -0.164950 -17.757160 0.000000
vt -0.164950 -16.336587 0.000000
vt -0.164950 -14.916014 0.000000
vt -0.164950 -13.495441 0.000000
vt -0.164950 -12.074869 0.000000
vt -0.164950 -10.654296 0.000000
vt -0.164950 -9.233723 0.000000
vt -0.164950 -7.813150 0.000000
vt -0.164950 -6.392577 0.000000
vt -0.164950 -4.972005 0.000000
vt -0.164950 -3.551432 0.000000
vt -0.164950 -2.130859 0.000000
vt -0.164950 -0.710286 0.000000
vt -0.164950 0.710286 0.000000
vt -0.164950 2.130859 0.000000
vt -0.164950 3.551432 0.000000
vt -0.164950 4.972005 0.000000
vt -0.164950 6.392577 0.000000
vt -0.164950 7.813150 0.000000
vt -0.164950 9.233723 0.000000
vt -0.164950 10.654296 0.000000
vt -0.164950 12.074869 0.000000
vt -0.164950 13.495441 0.000000
vt -0.164950 14.916014 0.000000
vt -0.164950 16.336587 0.000000
vt -0.164950 17.757160 0.000000
vt -0.164950 19.177732 0.000000
vt -0.164950 20.598305 0.000000
vt -0.108669 -20.598305 0.000000
vt -0.108669 -19.177732 0.000000
vt -0.108669 -17.757160 0.000000
vt -0.108669 -16.336587 0.000000
vt -0.108669 -14.916014 0.000000
vt -0.108669 -13.495441 0.000000
vt -0.108669 -12.074869 0.000000
vt -0.108669 -10.654296 0.000000
vt -0.108669 -9.233723 0.000000
vt -0.108669 -7.813150 0.000000
vt -0.108669 -6.392577 0.000000
vt -0.108669 -4.972005 0.000000
vt -0.108669 -3.551432 0.000000
vt -0.108669 -2.130859 0.000000
vt -0.108669 -0.710286 0.000000
vt -0.108669 0.710286 0.000000
vt -0.108669 2.130859 0.000000
vt -0.108669 3.551432 0.000000
vt -0.108669 4.972005 0.000000
vt -0.108669 6.392577 0.000000
vt -0.108669 7.813150 0.000000
vt -0.108669 9.233723 0.000000
vt -0.108669 10.654296 0.000000
vt -0.108669 12.074869 0.000000
vt -0.108669 13.495441 0.000000
vt -0.108669 14.916014 0.000000
vt -0.108669 16.336587 0.000000
vt -0.108669 17.757160 0.000000
vt -0.108669 19.177732 0.000000
vt -0.108669 20.598305 0.000000
vt -0.052387 -20.598305 0.000000
vt -0.052387 -19.177732 0.000000
vt -0.052387 -17.757160 0.000000
vt -0.052387 -16.336587 0.000000
vt -0.052387 -14.916014 0.000000
vt -0.052387 -13.495441 0.000000
vt -0.052387 -12.074869 0.000000
vt -0.052387 -10.654296 0.000000
vt -0.052387 -9.233723 0.000000
vt -0.052387 -7.813150 0.000000
vt -0.052387 -6.392577 0.000000
vt -0.052387 -4.972005 0.000000
vt -0.052387 -3.551432 0.000000
vt -0.052387 -2.130859 0.000000
vt -0.052387 -0.710286 0.000000
vt -0.052387 0.710286 0.000000
vt -0.052387 2.130859 0.000000
vt -0.052387 3.551432 0.000000
vt -0.052387 4.972005 0.000000
vt -0.052387 6.392577 0.000000
vt -0.052387 7.813150 0.000000
vt -0.052387 9.233723 0.000000
vt -0.052387 10.654296 0.000000
vt -0.052387 12.074869 0.000000
vt -0.052387 13.495441 0.000000
vt -0.052387 14.916014 0.000000
vt -0.052387 16.336587 0.000000
vt -0.052387 17.757160 0.000000
vt -0.052387 19.177732 0.000000
vt -0.052387 20.598305 0.000000
vt 0.003894 -20.598305 0.000000
vt 0.003894 -19.177732 0.000000
vt 0.003894 -17.757160 0.000000
vt 0.003894 -16.336587 0.000000
vt 0.003894 -14.916014 0.000000
vt 0.003894 -13.495441 0.000000
vt 0.003894 -12.074869 0.000000
vt 0.003894 -10.654296 0.000000
vt 0.003894 -9.233723 0.000000
vt 0.003894 -7.813150 0.000000
vt 0.003894 -6.392577 0.000000
vt 0.003894 -4.972005 0.000000
vt 0.003894 -3.551432 0.000000
vt 0.003894 -2.130859 0.000000
vt 0.003894 -0.710286 0.000000
vt 0.003894 0.710286 0.000000
vt 0.003894 2.130859 0.000000
vt 0.003894 3.551432 0.000000
vt 0.003894 4.972005 0.000000
vt 0.003894 6.392577 0.000000
vt 0.003894 7.813150 0.000000
vt 0.003894 9.233723 0.000000
vt 0.003894 10.654296 0.000000
vt 0.003894 12.074869 0.000000
vt 0.003894 13.495441 0.000000
vt 0.003894 14.916014 0.000000
vt 0.003894 16.336587 0.000000
vt 0.003894 17.757160 0.000000
vt 0.003894 19.177732 0.000000
vt 0.003894 20.598305 0.000000
vt 5.272094 15.544842 0.000000
vt 5.272094 16.581165 0.000000
vt 0.378671 16.581165 0.000000
vt 0.378671 -16.581165 0.000000
vt 5.272094 -16.581165 0.000000
vt 5.272094 -15.544842 0.000000
vt 0.378671 -15.437636 0.000000
vt 5.272094 -14.508519 0.000000
vt 0.378671 -14.294107 0.000000
vt 5.272094 -13.472196 0.000000
vt 0.378671 -13.150579 0.000000
vt 5.272094 -12.435873 0.000000
vt 0.378671 -12.007050 0.000000
vt 5.272094 -11.399551 0.000000
vt 0.378671 -10.863522 0.000000
vt 5.272094 -10.363228 0.000000
vt 0.378671 -9.719993 0.000000
vt 5.272094 -9.326905 0.000000
vt 0.378671 -8.576464 0.000000
vt 5.272094 -8.290582 0.000000
vt 0.378671 -7.432936 0.000000
vt 5.272094 -7.254260 0.000000
vt 0.378671 -6.289407 0.000000
vt 5.272094 -6.217937 0.000000
vt 0.378671 -5.145879 0.000000
vt 5.272094 -5.181614 0.000000
vt 5.272094 -4.145291 0.000000
vt 0.378671 -4.002350 0.000000
vt 5.272094 -3.108968 0.000000
vt 0.378671 -2.858821 0.000000
vt 5.272094 -2.072646 0.000000
vt 0.378671 -1.715293 0.000000
vt 5.272094 -1.036323 0.000000
vt 0.378671 -0.571764 0.000000
vt 5.272094 0.000000 0.000000
vt 0.378671 0.571764 0.000000
vt 5.272094 1.036323 0.000000
vt 0.378671 1.715293 0.000000
vt 5.272094 2.072646 0.000000
vt 0.378671 2.858821 0.000000
vt 5.272094 3.108968 0.000000
vt 0.378671 4.002350 0.000000
vt 5.272094 4.145291 0.000000
vt 0.378671 5.145879 0.000000
vt 5.272094 5.181614 0.000000
vt 5.272094 6.217937 0.000000
vt 0.378671 6.289407 0.000000
vt 5.272094 7.254260 0.000000
vt 0.378671 7.432936 0.000000
vt 5.272094 8.290582 0.000000
vt 0.378671 8.576464 0.000000
vt 5.272094 9.326905 0.000000
vt 0.378671 9.719993 0.000000
vt 5.272094 10.363228 0.000000
vt 0.378671 10.863522 0.000000
vt 5.272094 11.399551 0.000000
vt 0.378671 12.007050 0.000000
vt 5.272094 12.435873 0.000000
vt 0.378671 13.150579 0.000000
vt 5.272094 13.472196 0.000000
vt 0.378671 14.294107 0.000000
vt 5.272094 14.508519 0.000000
vt 0.378671 15.437636 0.000000
vt 0.655711 -11.519173 0.000000
vt -0.000000 -11.780972 0.000000
vt 0.655711 -12.566371 0.000000
vt -0.000000 -12.566371 0.000000
vt 0.655711 12.566371 0.000000
vt -0.000000 12.566371 0.000000
vt -0.000000 11.780972 0.000000
vt -0.000000 -10.995574 0.000000
vt 0.655711 -10.471976 0.000000
vt -0.000000 -10.210176 0.000000
vt 0.655711 -9.424778 0.000000
vt -0.000000 -9.424778 0.000000
vt -0.000000 -8.639380 0.000000
vt 0.655711 -8.377580 0.000000
vt -0.000000 -7.853982 0.000000
vt 0.655711 -7.330383 0.000000
vt -0.000000 -7.068583 0.000000
vt 0.655711 -6.283185 0.000000
vt -0.000000 -6.283185 0.000000
vt -0.000000 -5.497787 0.000000
vt 0.655711 -5.235988 0.000000
vt -0.000000 -4.712389 0.000000
vt 0.655711 -4.188790 0.000000
vt -0.000000 -3.926991 0.000000
vt 0.655711 -3.141593 0.000000
vt -0.000000 -3.141593 0.000000
vt -0.000000 -2.356194 0.000000
vt 0.655711 -2.094395 0.000000
vt -0.000000 -1.570796 0.000000
vt 0.655711 -1.047198 0.000000
vt -0.000000 -0.785398 0.000000
vt 0.655711 0.000000 0.000000
vt -0.000000 0.000000 0.000000
vt -0.000000 0.785398 0.000000
vt 0.655711 1.047198 0.000000
vt -0.000000 1.570796 0.000000
vt 0.655711 2.094395 0.000000
vt -0.000000 2.356194 0.000000
vt 0.655711 3.141593 0.000000
vt -0.000000 3.141593 0.000000
vt -0.000000 3.926991 0.000000
vt 0.655711 4.188790 0.000000
vt -0.000000 4.712389 0.000000
vt 0.655711 5.235988 0.000000
vt -0.000000 5.497787 0.000000
vt 0.655711 6.283185 0.000000
vt -0.000000 6.283185 0.000000
vt -0.000000 7.068583 0.000000
vt 0.655711 7.330383 0.000000
vt -0.000000 7.853982 0.000000
vt 0.655711 8.377580 0.000000
vt -0.000000 8.639380 0.000000
vt 0.655711 9.424778 0.000000
vt -0.000000 9.424778 0.000000
vt -0.000000 10.210176 0.000000
vt 0.655711 10.471976 0.000000
vt -0.000000 10.995574 0.000000
vt 0.655711 11.519173 0.000000
vt -3.923141 -0.780361 0.000000
vt -4.000000 0.000000 0.000000
vt -4.003188 0.000000 0.000000
vt -3.923141 0.780361 0.000000
vt -3.926268 0.780983 0.000000
vt -3.695518 1.530734 0.000000
vt -3.698464 1.531954 0.000000
vt -3.325878 2.222281 0.000000
vt -3.328529 2.224052 0.000000
vt -2.828427 2.828427 0.000000
vt -2.830682 2.830682 0.000000
vt -2.222281 3.325878 0.000000
vt -2.224052 3.328529 0.000000
vt -1.530734 3.695518 0.000000
vt -1.531954 3.698464 0.000000
vt -0.780361 3.923141 0.000000
vt -0.780983 3.926268 0.000000
vt 0.000000 4.000000 0.000000
vt -0.000000 4.003188 0.000000
vt 0.780983 3.926268 0.000000
vt 0.780361 3.923141 0.000000
vt 1.531954 3.698464 0.000000
vt 1.530734 3.695518 0.000000
vt 2.224052 3.328529 0.000000
vt 2.222281 3.325878 0.000000
vt 2.830682 2.830682 0.000000
vt 2.828427 2.828427 0.000000
vt 3.328529 2.224052 0.000000
vt 3.325878 2.222281 0.000000
vt 3.698464 1.531954 0.000000
vt 3.695518 1.530734 0.000000
vt 3.926268 0.780983 0.000000
vt 3.923141 0.780361 0.000000
vt 4.003188 -0.000000 0.000000
vt 4.000000 -0.000000 0.000000
vt 3.926268 -0.780983 0.000000
vt 3.923141 -0.780361 0.000000
vt 3.695518 -1.530734 0.000000
vt 3.698464 -1.531954 0.000000
vt 3.325878 -2.222281 0.000000
vt 3.328529 -2.224052 0.000000
vt 2.828427 -2.828427 0.000000
vt 2.830682 -2.830682 0.000000
vt 2.222281 -3.325878 0.000000
vt 2.224052 -3.328529 0.000000
vt 1.530734 -3.695518 0.000000
vt 1.531954 -3.698464 0.000000
vt 0.780361 -3.923141 0.000000
vt 0.780983 -3.926268 0.000000
vt 0.000000 -4.000000 0.000000
vt -0.000000 -4.003188 0.000000
vt -0.780983 -3.926268 0.000000
vt -0.780361 -3.923141 0.000000
vt -1.531954 -3.698464 0.000000
vt -1.530734 -3.695518 0.000000
vt -2.224052 -3.328529 0.000000
vt -2.222281 -3.325878 0.000000
vt -2.830682 -2.830682 0.000000
vt -2.828427 -2.828427 0.000000
vt -3.328529 -2.224052 0.000000
vt -3.325878 -2.222281 0.000000
vt -3.698464 -1.531954 0.000000
vt -3.695518 -1.530734 0.000000
vt -3.926268 -0.780983 0.000000
vt 0.715203 -7.035610 0.000000
vt 0.715203 -7.035154 0.000000
vt 0.500644 -7.036066 0.000000
vt 0.476802 -7.035154 0.000000
vt 0.286081 -7.036066 0.000000
vt 0.238401 -7.035154 0.000000
vt 0.000000 -7.035154 0.000000
vt 0.286081 0.000000 0.000000
vt 0.000000 0.000912 0.000000
vt 0.286081 -0.175902 0.000000
vt 0.000000 -0.291962 0.000000
vt 0.286081 -0.351803 0.000000
vt 0.000000 -0.585455 0.000000
vt 0.286081 -0.527705 0.000000
vt 0.286081 -0.703607 0.000000
vt 0.500644 -0.703607 0.000000
vt 0.286081 -0.878783 0.000000
vt 0.500644 -0.879088 0.000000
vt 0.286081 -1.055410 0.000000
vt 0.500644 -1.055410 0.000000
vt 0.500644 -1.231312 0.000000
vt 0.715151 -1.099243 0.000000
vt 0.715202 -1.319091 0.000000
vt 0.500644 -1.407213 0.000000
vt 0.715152 -1.538940 0.000000
vt 0.500644 -1.583115 0.000000
vt 0.715202 -1.758788 0.000000
vt 0.500644 -1.758449 0.000000
vt 0.500644 -1.934918 0.000000
vt 0.286081 -1.934918 0.000000
vt 0.500644 -2.110820 0.000000
vt 0.286081 -2.110820 0.000000
vt 0.500644 -2.286722 0.000000
vt 0.286081 -2.286722 0.000000
vt 0.500644 -2.462623 0.000000
vt 0.286081 -2.462623 0.000000
vt 0.286081 -2.637435 0.000000
vt 0.000000 -2.636936 0.000000
vt 0.286081 -2.814427 0.000000
vt 0.000000 -2.929651 0.000000
vt 0.286081 -2.990328 0.000000
vt 0.000000 -3.223126 0.000000
vt 0.286081 -3.166230 0.000000
vt 0.286081 -3.342132 0.000000
vt 0.500644 -3.342132 0.000000
vt 0.500644 -3.517714 0.000000
vt 0.715200 -3.517577 0.000000
vt 0.500644 -3.693935 0.000000
vt 0.715153 -3.737426 0.000000
vt 0.500644 -3.869837 0.000000
vt 0.715199 -3.957274 0.000000
vt 0.500644 -4.045738 0.000000
vt 0.715154 -4.177123 0.000000
vt 0.500644 -4.221640 0.000000
vt 0.715198 -4.396971 0.000000
vt 0.500644 -4.397142 0.000000
vt 0.500644 -4.573443 0.000000
vt 0.286081 -4.397313 0.000000
vt 0.286081 -4.573443 0.000000
vt 0.000000 -4.395481 0.000000
vt 0.000000 -4.688120 0.000000
vt 0.000000 -0.878375 0.000000
vt 0.000000 -1.171189 0.000000
vt 0.286081 -1.231312 0.000000
vt 0.000000 -1.464680 0.000000
vt 0.286081 -1.407213 0.000000
vt 0.286081 -1.583115 0.000000
vt 0.286081 -1.758110 0.000000
vt 0.000000 -1.757658 0.000000
vt 0.000000 -2.050419 0.000000
vt 0.000000 -2.343904 0.000000
vt 0.000000 -3.516210 0.000000
vt 0.286081 -3.517851 0.000000
vt 0.286081 -3.693935 0.000000
vt 0.000000 -3.808884 0.000000
vt 0.286081 -3.869837 0.000000
vt 0.000000 -4.102348 0.000000
vt 0.286081 -4.045738 0.000000
vt 0.286081 -4.221640 0.000000
vt 0.286081 -4.749345 0.000000
vt 0.000000 -4.981568 0.000000
vt 0.286081 -4.925246 0.000000
vt 0.286081 -5.101148 0.000000
vt 0.500644 -5.101148 0.000000
vt 0.500644 -5.276571 0.000000
vt 0.715196 -5.276365 0.000000
vt 0.500644 -5.452951 0.000000
vt 0.715156 -5.496214 0.000000
vt 0.500644 -5.628853 0.000000
vt 0.715199 -5.716066 0.000000
vt 0.500644 -5.804755 0.000000
vt 0.715200 -5.935914 0.000000
vt 0.500644 -5.980656 0.000000
vt 0.715208 -6.155956 0.000000
vt 0.500644 -6.156137 0.000000
vt 0.500644 -6.332460 0.000000
vt 0.286081 -6.156317 0.000000
vt 0.286081 -6.332460 0.000000
vt 0.000000 -6.154010 0.000000
vt 0.000000 -6.446600 0.000000
vt 0.000000 -5.274747 0.000000
vt 0.286081 -5.276776 0.000000
vt 0.286081 -5.452951 0.000000
vt 0.000000 -5.567359 0.000000
vt 0.286081 -5.628853 0.000000
vt 0.000000 -5.860788 0.000000
vt 0.286081 -5.804755 0.000000
vt 0.286081 -5.980656 0.000000
vt 0.286081 -6.508361 0.000000
vt 0.000000 -6.740766 0.000000
vt 0.286081 -6.684263 0.000000
vt 0.286081 -6.860165 0.000000
vt 0.500644 -6.860165 0.000000
vt 0.715197 -6.815460 0.000000
vt 0.500644 -6.684263 0.000000
vt 0.715199 -6.595450 0.000000
vt 0.500644 -6.508361 0.000000
vt 0.715200 -6.375508 0.000000
vt 0.715155 -5.056517 0.000000
vt 0.500644 -4.925246 0.000000
vt 0.715197 -4.836668 0.000000
vt 0.500644 -4.749345 0.000000
vt 0.715154 -4.616820 0.000000
vt 0.715153 -3.297729 0.000000
vt 0.500644 -3.166230 0.000000
vt 0.715200 -3.077880 0.000000
vt 0.500644 -2.990328 0.000000
vt 0.715152 -2.858031 0.000000
vt 0.500644 -2.814427 0.000000
vt 0.500644 -2.637809 0.000000
vt 0.715201 -2.638183 0.000000
vt 0.715152 -2.418334 0.000000
vt 0.715202 -2.198486 0.000000
vt 0.715152 -1.978637 0.000000
vt 0.715203 -0.879394 0.000000
vt 0.715151 -0.659546 0.000000
vt 0.500644 -0.527705 0.000000
vt 0.715203 -0.439697 0.000000
vt 0.500644 -0.351803 0.000000
vt 0.715151 -0.219849 0.000000
vt 0.500644 -0.175902 0.000000
vt 0.715203 -0.000000 0.000000
vt 0.500644 0.000000 0.000000
vt 0.715203 -7.036066 0.000000
vt -0.054703 -2.194178 0.000000
vt -0.213002 -2.194301 0.000000
vt -0.054703 -2.393705 0.000000
vt -0.213002 -2.394322 0.000000
vt -0.054703 -2.593232 0.000000
vt -0.054703 2.195413 0.000000
vt -0.213002 2.394322 0.000000
vt -0.213002 2.195289 0.000000
vt -0.054703 1.995886 0.000000
vt -0.213002 1.995762 0.000000
vt -0.054703 1.796359 0.000000
vt -0.213002 1.796235 0.000000
vt -0.054703 1.596832 0.000000
vt -0.213002 1.596709 0.000000
vt -0.054703 1.397305 0.000000
vt -0.213002 1.397182 0.000000
vt -0.054703 1.197778 0.000000
vt -0.213002 1.197655 0.000000
vt -0.054703 0.998251 0.000000
vt -0.213002 0.998128 0.000000
vt -0.054703 0.798725 0.000000
vt -0.213002 0.798601 0.000000
vt -0.054703 0.599198 0.000000
vt -0.213002 0.599074 0.000000
vt -0.054703 0.399671 0.000000
vt -0.213002 0.399547 0.000000
vt -0.054703 0.200144 0.000000
vt -0.213002 0.200021 0.000000
vt -0.054703 0.000617 0.000000
vt -0.213002 0.000494 0.000000
vt -0.054703 -0.198910 0.000000
vt -0.213002 -0.199033 0.000000
vt -0.054703 -0.398436 0.000000
vt -0.213002 -0.398560 0.000000
vt -0.054703 -0.597963 0.000000
vt -0.213002 -0.598087 0.000000
vt -0.054703 -0.797490 0.000000
vt -0.213002 -0.797614 0.000000
vt -0.054703 -0.997017 0.000000
vt -0.213002 -0.997140 0.000000
vt -0.054703 -1.196544 0.000000
vt -0.213002 -1.196667 0.000000
vt -0.054703 -1.396071 0.000000
vt -0.213002 -1.396194 0.000000
vt -0.054703 -1.595597 0.000000
vt -0.213002 -1.595721 0.000000
vt -0.054703 -1.795124 0.000000
vt -0.213002 -1.795248 0.000000
vt -0.054703 -1.994651 0.000000
vt -0.213002 -1.994775 0.000000
vt -0.846198 2.194795 0.000000
vt -0.687899 2.194919 0.000000
vt -0.846198 2.394322 0.000000
vt -0.687899 2.394322 0.000000
vt -0.846198 -2.394322 0.000000
vt -0.687899 -2.394322 0.000000
vt -0.846198 -2.194795 0.000000
vt -0.687899 -2.194672 0.000000
vt -0.846198 -1.995268 0.000000
vt -0.687899 -1.995145 0.000000
vt -0.846198 -1.795742 0.000000
vt -0.687899 -1.795618 0.000000
vt -0.846198 -1.596215 0.000000
vt -0.687899 -1.596091 0.000000
vt -0.846198 -1.396688 0.000000
vt -0.687899 -1.396564 0.000000
vt -0.846198 -1.197161 0.000000
vt -0.687899 -1.197038 0.000000
vt -0.846198 -0.997634 0.000000
vt -0.687899 -0.997511 0.000000
vt -0.846198 -0.798107 0.000000
vt -0.687899 -0.797984 0.000000
vt -0.846198 -0.598581 0.000000
vt -0.687899 -0.598457 0.000000
vt -0.846198 -0.399054 0.000000
vt -0.687899 -0.398930 0.000000
vt -0.846198 -0.199527 0.000000
vt -0.687899 -0.199403 0.000000
vt -0.846198 -0.000000 0.000000
vt -0.687899 0.000123 0.000000
vt -0.846198 0.199527 0.000000
vt -0.687899 0.199650 0.000000
vt -0.846198 0.399054 0.000000
vt -0.687899 0.399177 0.000000
vt -0.846198 0.598581 0.000000
vt -0.687899 0.598704 0.000000
vt -0.846198 0.798107 0.000000
vt -0.687899 0.798231 0.000000
vt -0.846198 0.997634 0.000000
vt -0.687899 0.997758 0.000000
vt -0.846198 1.197161 0.000000
vt -0.687899 1.197284 0.000000
vt -0.846198 1.396688 0.000000
vt -0.687899 1.396811 0.000000
vt -0.846198 1.596215 0.000000
vt -0.687899 1.596338 0.000000
vt -0.846198 1.795742 0.000000
vt -0.687899 1.795865 0.000000
vt -0.846198 1.995268 0.000000
vt -0.687899 1.995392 0.000000
vt -0.371301 2.394322 0.000000
vt -0.371301 2.195166 0.000000
vt -0.371301 1.995639 0.000000
vt -0.371301 1.796112 0.000000
vt -0.371301 1.596585 0.000000
vt -0.371301 1.397058 0.000000
vt -0.371301 1.197531 0.000000
vt -0.371301 0.998005 0.000000
vt -0.371301 0.798478 0.000000
vt -0.371301 0.598951 0.000000
vt -0.371301 0.399424 0.000000
vt -0.371301 0.199897 0.000000
vt -0.371301 0.000370 0.000000
vt -0.371301 -0.199156 0.000000
vt -0.371301 -0.398683 0.000000
vt -0.371301 -0.598210 0.000000
vt -0.371301 -0.797737 0.000000
vt -0.371301 -0.997264 0.000000
vt -0.371301 -1.196791 0.000000
vt -0.371301 -1.396318 0.000000
vt -0.371301 -1.595844 0.000000
vt -0.371301 -1.795371 0.000000
vt -0.371301 -1.994898 0.000000
vt -0.371301 -2.194425 0.000000
vt -0.371301 -2.394322 0.000000
vt -0.529600 2.394322 0.000000
vt -0.529600 2.195042 0.000000
vt -0.529600 1.995515 0.000000
vt -0.529600 1.795988 0.000000
vt -0.529600 1.596462 0.000000
vt -0.529600 1.396935 0.000000
vt -0.529600 1.197408 0.000000
vt -0.529600 0.997881 0.000000
vt -0.529600 0.798354 0.000000
vt -0.529600 0.598827 0.000000
vt -0.529600 0.399301 0.000000
vt -0.529600 0.199774 0.000000
vt -0.529600 0.000247 0.000000
vt -0.529600 -0.199280 0.000000
vt -0.529600 -0.398807 0.000000
vt -0.529600 -0.598334 0.000000
vt -0.529600 -0.797860 0.000000
vt -0.529600 -0.997387 0.000000
vt -0.529600 -1.196914 0.000000
vt -0.529600 -1.396441 0.000000
vt -0.529600 -1.595968 0.000000
vt -0.529600 -1.795495 0.000000
vt -0.529600 -1.995021 0.000000
vt -0.529600 -2.194548 0.000000
vt -0.529600 -2.394322 0.000000
vt -0.560674 -0.359638 0.000000
vt -0.345110 -0.329254 0.000000
vt -0.560674 -0.256079 0.000000
vt 0.100000 -0.312456 0.000000
vt 0.100000 -0.207737 0.000000
vt -0.239750 -0.342076 0.000000
vt -0.190681 -0.359933 0.000000
vt 0.100000 -0.417176 0.000000
vt -0.150380 -0.383784 0.000000
vt -0.118321 -0.411622 0.000000
vt -0.092062 -0.443475 0.000000
vt -0.070903 -0.479056 0.000000
vt 0.100000 -0.521896 0.000000
vt -0.054811 -0.517385 0.000000
vt -0.043754 -0.557462 0.000000
vt 0.100000 -0.626616 0.000000
vt -0.037511 -0.598738 0.000000
vt -0.036038 -0.640391 0.000000
vt -0.039329 -0.681996 0.000000
vt 0.100000 -0.731335 0.000000
vt -0.047373 -0.722871 0.000000
vt -0.060321 -0.762338 0.000000
vt 0.100000 -0.836055 0.000000
vt -0.078347 -0.799783 0.000000
vt -0.101413 -0.834013 0.000000
vt -0.129701 -0.864321 0.000000
vt 0.100000 -0.940775 0.000000
vt -0.162401 -0.889344 0.000000
vt -0.199018 -0.908773 0.000000
vt -0.238438 -0.922503 0.000000
vt -0.321340 -0.935048 0.000000
vt -0.560674 -1.008851 0.000000
vt -0.406704 -0.932913 0.000000
vt -0.560674 -0.905292 0.000000
vt 0.100000 -1.045495 0.000000
vt -0.560674 -1.112410 0.000000
vt 0.100000 -1.150214 0.000000
vt -0.560674 -1.215969 0.000000
vt 0.100000 -1.254934 0.000000
vt 0.100000 1.258340 0.000000
vt -0.560674 1.297305 0.000000
vt -0.560674 1.193746 0.000000
vt 0.100000 1.153620 0.000000
vt -0.560674 1.090187 0.000000
vt 0.100000 1.048900 0.000000
vt -0.560674 0.986628 0.000000
vt 0.100000 0.944181 0.000000
vt -0.560674 0.883069 0.000000
vt 0.100000 0.839461 0.000000
vt -0.560674 0.779510 0.000000
vt 0.100000 0.734741 0.000000
vt -0.560674 0.675951 0.000000
vt 0.100000 0.630021 0.000000
vt -0.560674 0.572393 0.000000
vt 0.100000 0.525302 0.000000
vt -0.560674 0.468834 0.000000
vt 0.100000 0.420582 0.000000
vt -0.560674 0.365275 0.000000
vt 0.100000 0.315862 0.000000
vt -0.560674 0.261716 0.000000
vt 0.100000 0.211142 0.000000
vt -0.560674 0.158157 0.000000
vt 0.100000 0.106423 0.000000
vt -0.560674 0.054598 0.000000
vt 0.100000 0.001703 0.000000
vt -0.560674 -0.048961 0.000000
vt 0.100000 -0.103017 0.000000
vt -0.560674 -0.152520 0.000000
vt -0.100000 1.295907 0.000000
vt -0.000000 1.295907 0.000000
vt -0.100000 1.413717 0.000000
vt -0.000000 1.413717 0.000000
vt -0.100000 -1.413717 0.000000
vt -0.000000 -1.413717 0.000000
vt -0.100000 -1.295907 0.000000
vt -0.000000 -1.295907 0.000000
vt -0.100000 -1.178097 0.000000
vt -0.000000 -1.178097 0.000000
vt -0.100000 -1.060288 0.000000
vt -0.000000 -1.060288 0.000000
vt -0.100000 -0.942478 0.000000
vt -0.000000 -0.942478 0.000000
vt -0.100000 -0.824668 0.000000
vt -0.000000 -0.824668 0.000000
vt -0.100000 -0.706858 0.000000
vt -0.000000 -0.706858 0.000000
vt -0.100000 -0.589049 0.000000
vt -0.000000 -0.589049 0.000000
vt -0.100000 -0.471239 0.000000
vt -0.000000 -0.471239 0.000000
vt -0.100000 -0.353429 0.000000
vt -0.000000 -0.353429 0.000000
vt -0.100000 -0.235619 0.000000
vt -0.000000 -0.235619 0.000000
vt -0.100000 -0.117810 0.000000
vt -0.000000 -0.117810 0.000000
vt -0.100000 0.000000 0.000000
vt -0.000000 0.000000 0.000000
vt -0.100000 0.117810 0.000000
vt -0.000000 0.117810 0.000000
vt -0.100000 0.235619 0.000000
vt -0.000000 0.235619 0.000000
vt -0.100000 0.353429 0.000000
vt -0.000000 0.353429 0.000000
vt -0.100000 0.471239 0.000000
vt -0.000000 0.471239 0.000000
vt -0.100000 0.589049 0.000000
vt -0.000000 0.589049 0.000000
vt -0.100000 0.706858 0.000000
vt -0.000000 0.706858 0.000000
vt -0.100000 0.824668 0.000000
vt -0.000000 0.824668 0.000000
vt -0.100000 0.942478 0.000000
vt -0.000000 0.942478 0.000000
vt -0.100000 1.060288 0.000000
vt -0.000000 1.060288 0.000000
vt -0.100000 1.178097 0.000000
vt -0.000000 1.178097 0.000000
vt -0.000000 -2.001475 0.000000
vt -0.060603 -2.001475 0.000000
vt -0.000000 -2.401770 0.000000
vt -0.060603 -2.401822 0.000000
vt -0.000000 -2.802065 0.000000
vt -0.060603 -2.802065 0.000000
vt -0.000000 -3.202360 0.000000
vt -0.060603 -3.202360 0.000000
vt -0.000000 -3.602655 0.000000
vt -0.060603 -3.602721 0.000000
vt -0.000000 -4.002950 0.000000
vt -0.060603 -4.002950 0.000000
vt -0.000000 -4.403245 0.000000
vt -0.060603 -4.403245 0.000000
vt -0.000000 -4.803541 0.000000
vt -0.060603 -4.803541 0.000000
vt -0.000000 4.803541 0.000000
vt -0.060603 4.803541 0.000000
vt -0.000000 4.403245 0.000000
vt -0.060603 4.403245 0.000000
vt -0.000000 4.002950 0.000000
vt -0.060603 4.002950 0.000000
vt -0.000000 3.602655 0.000000
vt -0.060603 3.602538 0.000000
vt -0.000000 3.202360 0.000000
vt -0.060603 3.202360 0.000000
vt -0.000000 2.802065 0.000000
vt -0.060603 2.802065 0.000000
vt -0.000000 2.401770 0.000000
vt -0.060603 2.401770 0.000000
vt -0.000000 2.001475 0.000000
vt -0.060603 2.001475 0.000000
vt -0.000000 1.601180 0.000000
vt -0.060603 1.601180 0.000000
vt -0.000000 1.200885 0.000000
vt -0.060603 1.200873 0.000000
vt -0.000000 0.800590 0.000000
vt -0.060603 0.800590 0.000000
vt -0.000000 0.400295 0.000000
vt -0.060603 0.400295 0.000000
vt -0.000000 0.000000 0.000000
vt -0.060603 -0.000025 0.000000
vt -0.000000 -0.400295 0.000000
vt -0.060603 -0.400295 0.000000
vt -0.000000 -0.800590 0.000000
vt -0.060603 -0.800590 0.000000
vt -0.000000 -1.200885 0.000000
vt -0.060603 -1.200923 0.000000
vt -0.000000 -1.601180 0.000000
vt -0.060603 -1.601180 0.000000
vt -0.727187 2.402389 0.000000
vt -0.727187 2.401770 0.000000
vt -0.666635 2.401770 0.000000
vt -0.727238 2.101489 0.000000
vt -0.666635 2.001475 0.000000
vt -0.727187 1.801255 0.000000
vt -0.666635 1.601180 0.000000
vt -0.727238 1.500926 0.000000
vt -0.666635 1.200751 0.000000
vt -0.727187 1.200739 0.000000
vt -0.727238 0.900363 0.000000
vt -0.666635 0.800590 0.000000
vt -0.727187 0.600221 0.000000
vt -0.666635 0.400295 0.000000
vt -0.727238 0.299800 0.000000
vt -0.666635 -0.000273 0.000000
vt -0.727187 -0.000298 0.000000
vt -0.727238 -0.300763 0.000000
vt -0.666635 -0.400295 0.000000
vt -0.727188 -0.600819 0.000000
vt -0.666635 -0.800590 0.000000
vt -0.727237 -0.901325 0.000000
vt -0.666635 -1.201304 0.000000
vt -0.727188 -1.201342 0.000000
vt -0.727237 -1.501888 0.000000
vt -0.666635 -1.601180 0.000000
vt -0.727189 -1.801866 0.000000
vt -0.666635 -2.001475 0.000000
vt -0.727237 -2.102450 0.000000
vt -0.666635 -2.402339 0.000000
vt -0.727190 -2.402391 0.000000
vt -0.727236 -2.703012 0.000000
vt -0.666635 -2.802065 0.000000
vt -0.727191 -3.002918 0.000000
vt -0.666635 -3.202360 0.000000
vt -0.727236 -3.303574 0.000000
vt -0.666635 -3.603380 0.000000
vt -0.727192 -3.603446 0.000000
vt -0.727235 -3.904135 0.000000
vt -0.666635 -4.002950 0.000000
vt -0.727193 -4.203975 0.000000
vt -0.666635 -4.403245 0.000000
vt -0.727234 -4.504696 0.000000
vt -0.666635 -4.803541 0.000000
vt -0.666635 4.803541 0.000000
vt -0.727234 5.102385 0.000000
vt -0.727194 4.802575 0.000000
vt -0.727234 4.501824 0.000000
vt -0.666635 4.403245 0.000000
vt -0.727190 4.202038 0.000000
vt -0.666635 4.002950 0.000000
vt -0.727190 3.901260 0.000000
vt -0.666635 3.601359 0.000000
vt -0.727182 3.601242 0.000000
vt -0.727189 3.300841 0.000000
vt -0.666635 3.202360 0.000000
vt -0.727190 3.001061 0.000000
vt -0.666635 2.802065 0.000000
vt -0.727193 2.701842 0.000000
vt -0.727187 2.403009 0.000000
vt -0.121206 4.803541 0.000000
vt -0.121206 4.403245 0.000000
vt -0.121206 4.002950 0.000000
vt -0.121206 3.602420 0.000000
vt -0.121206 3.202360 0.000000
vt -0.121206 2.802065 0.000000
vt -0.121206 2.401770 0.000000
vt -0.121206 2.001475 0.000000
vt -0.121206 1.601180 0.000000
vt -0.121206 1.200861 0.000000
vt -0.121206 0.800590 0.000000
vt -0.121206 0.400295 0.000000
vt -0.121206 -0.000050 0.000000
vt -0.121206 -0.400295 0.000000
vt -0.121206 -0.800590 0.000000
vt -0.121206 -1.200961 0.000000
vt -0.121206 -1.601180 0.000000
vt -0.121206 -2.001475 0.000000
vt -0.121206 -2.401874 0.000000
vt -0.121206 -2.802065 0.000000
vt -0.121206 -3.202360 0.000000
vt -0.121206 -3.602787 0.000000
vt -0.121206 -4.002950 0.000000
vt -0.121206 -4.403245 0.000000
vt -0.121206 -4.803541 0.000000
vt -0.181810 4.803541 0.000000
vt -0.181810 4.403245 0.000000
vt -0.181810 4.002950 0.000000
vt -0.181810 3.602302 0.000000
vt -0.181810 3.202360 0.000000
vt -0.181810 2.802065 0.000000
vt -0.181810 2.401770 0.000000
vt -0.181810 2.001475 0.000000
vt -0.181810 1.601180 0.000000
vt -0.181810 1.200849 0.000000
vt -0.181810 0.800590 0.000000
vt -0.181810 0.400295 0.000000
vt -0.181810 -0.000075 0.000000
vt -0.181810 -0.400295 0.000000
vt -0.181810 -0.800590 0.000000
vt -0.181810 -1.200999 0.000000
vt -0.181810 -1.601180 0.000000
vt -0.181810 -2.001475 0.000000
vt -0.181810 -2.401925 0.000000
vt -0.181810 -2.802065 0.000000
vt -0.181810 -3.202360 0.000000
vt -0.181810 -3.602853 0.000000
vt -0.181810 -4.002950 0.000000
vt -0.181810 -4.403245 0.000000
vt -0.181810 -4.803541 0.000000
vt -0.242413 4.803541 0.000000
vt -0.242413 4.403245 0.000000
vt -0.242413 4.002950 0.000000
vt -0.242413 3.602184 0.000000
vt -0.242413 3.202360 0.000000
vt -0.242413 2.802065 0.000000
vt -0.242413 2.401770 0.000000
vt -0.242413 2.001475 0.000000
vt -0.242413 1.601180 0.000000
vt -0.242413 1.200836 0.000000
vt -0.242413 0.800590 0.000000
vt -0.242413 0.400295 0.000000
vt -0.242413 -0.000099 0.000000
vt -0.242413 -0.400295 0.000000
vt -0.242413 -0.800590 0.000000
vt -0.242413 -1.201037 0.000000
vt -0.242413 -1.601180 0.000000
vt -0.242413 -2.001475 0.000000
vt -0.242413 -2.401977 0.000000
vt -0.242413 -2.802065 0.000000
vt -0.242413 -3.202360 0.000000
vt -0.242413 -3.602919 0.000000
vt -0.242413 -4.002950 0.000000
vt -0.242413 -4.403245 0.000000
vt -0.242413 -4.803541 0.000000
vt -0.303016 4.803541 0.000000
vt -0.303016 4.403245 0.000000
vt -0.303016 4.002950 0.000000
vt -0.303016 3.602066 0.000000
vt -0.303016 3.202360 0.000000
vt -0.303016 2.802065 0.000000
vt -0.303016 2.401770 0.000000
vt -0.303016 2.001475 0.000000
vt -0.303016 1.601180 0.000000
vt -0.303016 1.200824 0.000000
vt -0.303016 0.800590 0.000000
vt -0.303016 0.400295 0.000000
vt -0.303016 -0.000124 0.000000
vt -0.303016 -0.400295 0.000000
vt -0.303016 -0.800590 0.000000
vt -0.303016 -1.201075 0.000000
vt -0.303016 -1.601180 0.000000
vt -0.303016 -2.001475 0.000000
vt -0.303016 -2.402029 0.000000
vt -0.303016 -2.802065 0.000000
vt -0.303016 -3.202360 0.000000
vt -0.303016 -3.602985 0.000000
vt -0.303016 -4.002950 0.000000
vt -0.303016 -4.403245 0.000000
vt -0.303016 -4.803541 0.000000
vt -0.363619 4.803541 0.000000
vt -0.363619 4.403245 0.000000
vt -0.363619 4.002950 0.000000
vt -0.363619 3.601949 0.000000
vt -0.363619 3.202360 0.000000
vt -0.363619 2.802065 0.000000
vt -0.363619 2.401770 0.000000
vt -0.363619 2.001475 0.000000
vt -0.363619 1.601180 0.000000
vt -0.363619 1.200812 0.000000
vt -0.363619 0.800590 0.000000
vt -0.363619 0.400295 0.000000
vt -0.363619 -0.000149 0.000000
vt -0.363619 -0.400295 0.000000
vt -0.363619 -0.800590 0.000000
vt -0.363619 -1.201113 0.000000
vt -0.363619 -1.601180 0.000000
vt -0.363619 -2.001475 0.000000
vt -0.363619 -2.402081 0.000000
vt -0.363619 -2.802065 0.000000
vt -0.363619 -3.202360 0.000000
vt -0.363619 -3.603051 0.000000
vt -0.363619 -4.002950 0.000000
vt -0.363619 -4.403245 0.000000
vt -0.363619 -4.803541 0.000000
vt -0.424222 4.803541 0.000000
vt -0.424222 4.403245 0.000000
vt -0.424222 4.002950 0.000000
vt -0.424222 3.601831 0.000000
vt -0.424222 3.202360 0.000000
vt -0.424222 2.802065 0.000000
vt -0.424222 2.401770 0.000000
vt -0.424222 2.001475 0.000000
vt -0.424222 1.601180 0.000000
vt -0.424222 1.200800 0.000000
vt -0.424222 0.800590 0.000000
vt -0.424222 0.400295 0.000000
vt -0.424222 -0.000174 0.000000
vt -0.424222 -0.400295 0.000000
vt -0.424222 -0.800590 0.000000
vt -0.424222 -1.201151 0.000000
vt -0.424222 -1.601180 0.000000
vt -0.424222 -2.001475 0.000000
vt -0.424222 -2.402132 0.000000
vt -0.424222 -2.802065 0.000000
vt -0.424222 -3.202360 0.000000
vt -0.424222 -3.603116 0.000000
vt -0.424222 -4.002950 0.000000
vt -0.424222 -4.403245 0.000000
vt -0.424222 -4.803541 0.000000
vt -0.484825 4.803541 0.000000
vt -0.484825 4.403245 0.000000
vt -0.484825 4.002950 0.000000
vt -0.484825 3.601713 0.000000
vt -0.484825 3.202360 0.000000
vt -0.484825 2.802065 0.000000
vt -0.484825 2.401770 0.000000
vt -0.484825 2.001475 0.000000
vt -0.484825 1.601180 0.000000
vt -0.484825 1.200788 0.000000
vt -0.484825 0.800590 0.000000
vt -0.484825 0.400295 0.000000
vt -0.484825 -0.000199 0.000000
vt -0.484825 -0.400295 0.000000
vt -0.484825 -0.800590 0.000000
vt -0.484825 -1.201190 0.000000
vt -0.484825 -1.601180 0.000000
vt -0.484825 -2.001475 0.000000
vt -0.484825 -2.402184 0.000000
vt -0.484825 -2.802065 0.000000
vt -0.484825 -3.202360 0.000000
vt -0.484825 -3.603182 0.000000
vt -0.484825 -4.002950 0.000000
vt -0.484825 -4.403245 0.000000
vt -0.484825 -4.803541 0.000000
vt -0.545429 4.803541 0.000000
vt -0.545429 4.403245 0.000000
vt -0.545429 4.002950 0.000000
vt -0.545429 3.601595 0.000000
vt -0.545429 3.202360 0.000000
vt -0.545429 2.802065 0.000000
vt -0.545429 2.401770 0.000000
vt -0.545429 2.001475 0.000000
vt -0.545429 1.601180 0.000000
vt -0.545429 1.200776 0.000000
vt -0.545429 0.800590 0.000000
vt -0.545429 0.400295 0.000000
vt -0.545429 -0.000224 0.000000
vt -0.545429 -0.400295 0.000000
vt -0.545429 -0.800590 0.000000
vt -0.545429 -1.201228 0.000000
vt -0.545429 -1.601180 0.000000
vt -0.545429 -2.001475 0.000000
vt -0.545429 -2.402236 0.000000
vt -0.545429 -2.802065 0.000000
vt -0.545429 -3.202360 0.000000
vt -0.545429 -3.603248 0.000000
vt -0.545429 -4.002950 0.000000
vt -0.545429 -4.403245 0.000000
vt -0.545429 -4.803541 0.000000
vt -0.606032 4.803541 0.000000
vt -0.606032 4.403245 0.000000
vt -0.606032 4.002950 0.000000
vt -0.606032 3.601477 0.000000
vt -0.606032 3.202360 0.000000
vt -0.606032 2.802065 0.000000
vt -0.606032 2.401770 0.000000
vt -0.606032 2.001475 0.000000
vt -0.606032 1.601180 0.000000
vt -0.606032 1.200763 0.000000
vt -0.606032 0.800590 0.000000
vt -0.606032 0.400295 0.000000
vt -0.606032 -0.000249 0.000000
vt -0.606032 -0.400295 0.000000
vt -0.606032 -0.800590 0.000000
vt -0.606032 -1.201266 0.000000
vt -0.606032 -1.601180 0.000000
vt -0.606032 -2.001475 0.000000
vt -0.606032 -2.402287 0.000000
vt -0.606032 -2.802065 0.000000
vt -0.606032 -3.202360 0.000000
vt -0.606032 -3.603314 0.000000
vt -0.606032 -4.002950 0.000000
vt -0.606032 -4.403245 0.000000
vt -0.606032 -4.803541 0.000000
vt -0.100000 -5.039638 0.000000
vt -0.750000 -5.039638 0.000000
vt -0.100000 -5.497787 0.000000
vt -0.750000 -5.497787 0.000000
vt -0.100000 5.497787 0.000000
vt -0.750000 5.497787 0.000000
vt -0.100000 5.039638 0.000000
vt -0.750000 5.039638 0.000000
vt -0.100000 4.581489 0.000000
vt -0.750000 4.581489 0.000000
vt -0.100000 4.123340 0.000000
vt -0.750000 4.123340 0.000000
vt -0.100000 3.665191 0.000000
vt -0.750000 3.665191 0.000000
vt -0.100000 3.207042 0.000000
vt -0.750000 3.207042 0.000000
vt -0.100000 2.748894 0.000000
vt -0.750000 2.748894 0.000000
vt -0.100000 2.290745 0.000000
vt -0.750000 2.290745 0.000000
vt -0.100000 1.832596 0.000000
vt -0.750000 1.832596 0.000000
vt -0.100000 1.374447 0.000000
vt -0.750000 1.374447 0.000000
vt -0.100000 0.916298 0.000000
vt -0.750000 0.916298 0.000000
vt -0.100000 0.458149 0.000000
vt -0.750000 0.458149 0.000000
vt -0.100000 0.000000 0.000000
vt -0.750000 0.000000 0.000000
vt -0.100000 -0.458149 0.000000
vt -0.750000 -0.458149 0.000000
vt -0.100000 -0.916298 0.000000
vt -0.750000 -0.916298 0.000000
vt -0.100000 -1.374447 0.000000
vt -0.750000 -1.374447 0.000000
vt -0.100000 -1.832596 0.000000
vt -0.750000 -1.832596 0.000000
vt -0.100000 -2.290745 0.000000
vt -0.750000 -2.290745 0.000000
vt -0.100000 -2.748894 0.000000
vt -0.750000 -2.748894 0.000000
vt -0.100000 -3.207042 0.000000
vt -0.750000 -3.207042 0.000000
vt -0.100000 -3.665191 0.000000
vt -0.750000 -3.665191 0.000000
vt -0.100000 -4.123340 0.000000
vt -0.750000 -4.123340 0.000000
vt -0.100000 -4.581489 0.000000
vt -0.750000 -4.581489 0.000000
vt -0.104720 -0.466472 0.000000
vt -0.083012 -0.466472 0.000000
vt -0.104720 -0.000000 0.000000
vt -0.083012 0.000000 0.000000
vt -0.104720 0.466472 0.000000
vt -0.083012 0.466472 0.000000
vt -0.104720 0.932943 0.000000
vt -0.083012 0.932943 0.000000
vt -0.104720 1.399415 0.000000
vt -0.083012 1.399415 0.000000
vt -0.104720 1.865886 0.000000
vt -0.083012 1.865886 0.000000
vt -0.104720 2.332358 0.000000
vt -0.083012 2.332358 0.000000
vt -0.104720 2.798829 0.000000
vt -0.083012 2.798829 0.000000
vt -0.104720 3.265301 0.000000
vt -0.083012 3.265301 0.000000
vt -0.104720 3.731772 0.000000
vt -0.083012 3.731772 0.000000
vt -0.104720 4.198244 0.000000
vt -0.083012 4.198244 0.000000
vt -0.104720 4.664716 0.000000
vt -0.083012 4.664716 0.000000
vt -0.104720 5.131187 0.000000
vt -0.083012 5.131187 0.000000
vt -0.104720 5.597659 0.000000
vt -0.083012 5.597659 0.000000
vt -0.104720 -5.597659 0.000000
vt -0.083012 -5.597659 0.000000
vt -0.104720 -5.131187 0.000000
vt -0.083012 -5.131187 0.000000
vt -0.104720 -4.664716 0.000000
vt -0.083012 -4.664716 0.000000
vt -0.104720 -4.198244 0.000000
vt -0.083012 -4.198244 0.000000
vt -0.104720 -3.731772 0.000000
vt -0.083012 -3.731772 0.000000
vt -0.104720 -3.265301 0.000000
vt -0.083012 -3.265301 0.000000
vt -0.104720 -2.798829 0.000000
vt -0.083012 -2.798829 0.000000
vt -0.104720 -2.332358 0.000000
vt -0.083012 -2.332358 0.000000
vt -0.104720 -1.865886 0.000000
vt -0.083012 -1.865886 0.000000
vt -0.104720 -1.399415 0.000000
vt -0.083012 -1.399415 0.000000
vt -0.104720 -0.932943 0.000000
vt -0.083012 -0.932943 0.000000
vt -0.017889 3.265301 0.000000
vt -0.039597 3.265301 0.000000
vt -0.017889 2.798829 0.000000
vt -0.039597 2.798829 0.000000
vt -0.017889 2.332358 0.000000
vt -0.039597 2.332358 0.000000
vt -0.017889 1.865886 0.000000
vt -0.039597 1.865886 0.000000
vt -0.017889 1.399415 0.000000
vt -0.039597 1.399415 0.000000
vt -0.017889 0.932943 0.000000
vt -0.039597 0.932943 0.000000
vt -0.017889 0.466472 0.000000
vt -0.039597 0.466472 0.000000
vt -0.017889 -0.000000 0.000000
vt -0.039597 0.000000 0.000000
vt -0.017889 -0.466472 0.000000
vt -0.039597 -0.466472 0.000000
vt -0.017889 -0.932943 0.000000
vt -0.039597 -0.932943 0.000000
vt -0.017889 -1.399415 0.000000
vt -0.039597 -1.399415 0.000000
vt -0.017889 -1.865886 0.000000
vt -0.039597 -1.865886 0.000000
vt -0.017889 -2.332358 0.000000
vt -0.039597 -2.332358 0.000000
vt -0.017889 -2.798829 0.000000
vt -0.039597 -2.798829 0.000000
vt -0.017889 -3.265301 0.000000
vt -0.039597 -3.265301 0.000000
vt -0.017889 -3.731772 0.000000
vt -0.039597 -3.731772 0.000000
vt -0.017889 -4.198244 0.000000
vt -0.039597 -4.198244 0.000000
vt -0.017889 -4.664716 0.000000
vt -0.039597 -4.664716 0.000000
vt -0.017889 -5.131187 0.000000
vt -0.039597 -5.131187 0.000000
vt -0.017889 -5.597659 0.000000
vt -0.039597 -5.597659 0.000000
vt -0.017889 5.597659 0.000000
vt -0.039597 5.597659 0.000000
vt -0.017889 5.131187 0.000000
vt -0.039597 5.131187 0.000000
vt -0.017889 4.664716 0.000000
vt -0.039597 4.664716 0.000000
vt -0.017889 4.198244 0.000000
vt -0.039597 4.198244 0.000000
vt -0.017889 3.731772 0.000000
vt -0.039597 3.731772 0.000000
vt -0.061304 -5.597659 0.000000
vt -0.061304 -5.131187 0.000000
vt -0.061304 -4.664716 0.000000
vt -0.061304 -4.198244 0.000000
vt -0.061304 -3.731772 0.000000
vt -0.061304 -3.265301 0.000000
vt -0.061304 -2.798829 0.000000
vt -0.061304 -2.332358 0.000000
vt -0.061304 -1.865886 0.000000
vt -0.061304 -1.399415 0.000000
vt -0.061304 -0.932943 0.000000
vt -0.061304 -0.466472 0.000000
vt -0.061304 0.000000 0.000000
vt -0.061304 0.466472 0.000000
vt -0.061304 0.932943 0.000000
vt -0.061304 1.399415 0.000000
vt -0.061304 1.865886 0.000000
vt -0.061304 2.332358 0.000000
vt -0.061304 2.798829 0.000000
vt -0.061304 3.265301 0.000000
vt -0.061304 3.731772 0.000000
vt -0.061304 4.198244 0.000000
vt -0.061304 4.664716 0.000000
vt -0.061304 5.131187 0.000000
vt -0.061304 5.597659 0.000000
vn 0.023338 0.091354 -0.033313
vn 0.007259 0.099141 -0.010877
vn 0.010245 0.098285 -0.015331
vn -0.002873 0.099913 0.003007
vn -0.003475 0.099874 0.003627
vn -0.015847 0.096679 0.020052
vn -0.016178 0.096215 0.021932
vn -0.022655 0.092979 0.029011
vn -0.028349 0.087365 0.039543
vn -0.029667 0.087521 0.038209
vn -0.036588 0.080163 0.047278
vn -0.039634 0.072639 0.056149
vn -0.043152 0.070811 0.055890
vn -0.044311 0.063658 0.063120
vn -0.048948 0.059745 0.063519
vn -0.048605 0.052882 0.069577
vn -0.053775 0.047128 0.069908
vn -0.052095 0.040974 0.074882
vn -0.057412 0.033372 0.074767
vn -0.054613 0.028537 0.078760
vn -0.059753 0.018774 0.077956
vn -0.056259 0.014685 0.081359
vn -0.060721 0.003705 0.079368
vn -0.056793 0.000853 0.082303
vn -0.060286 -0.011432 0.078961
vn -0.056259 -0.012995 0.081646
vn -0.058459 -0.026320 0.076745
vn -0.054613 -0.026898 0.079334
vn -0.052095 -0.039413 0.075715
vn -0.055304 -0.040519 0.072799
vn -0.048605 -0.051428 0.070659
vn -0.050909 -0.053733 0.067238
vn -0.044311 -0.062336 0.064427
vn -0.045451 -0.065574 0.060285
vn -0.039634 -0.071460 0.057643
vn -0.039160 -0.075751 0.052233
vn -0.028349 -0.086527 0.041346
vn -0.032131 -0.084272 0.043195
vn -0.024188 -0.091274 0.032923
vn -0.016178 -0.095739 0.023922
vn -0.015633 -0.096341 0.021771
vn -0.002873 -0.099830 0.005077
vn -0.000313 -0.099989 0.001458
vn 0.010245 -0.098582 -0.013290
vn 0.023338 -0.092025 -0.031412
vn 0.036748 -0.078587 -0.049736
vn 0.036942 -0.078302 -0.050041
vn 0.042791 -0.069379 -0.057927
vn 0.042964 -0.069018 -0.058230
vn 0.048130 -0.058647 -0.065146
vn 0.048303 -0.058137 -0.065475
vn 0.052839 -0.045769 -0.071507
vn 0.052936 -0.045253 -0.071763
vn 0.056287 -0.032051 -0.076187
vn 0.056298 -0.031644 -0.076349
vn 0.058563 -0.016626 -0.079335
vn 0.058511 -0.016371 -0.079426
vn 0.059327 -0.000834 -0.080496
vn 0.059248 -0.000835 -0.080554
vn 0.058511 0.014721 -0.079748
vn 0.058563 0.014978 -0.079662
vn 0.056298 0.030055 -0.076988
vn 0.056287 0.030465 -0.076835
vn 0.052936 0.043756 -0.072685
vn 0.052839 0.044277 -0.072441
vn 0.048303 0.056767 -0.066666
vn 0.048130 0.057284 -0.066348
vn 0.042964 0.067796 -0.059648
vn 0.042791 0.068163 -0.059353
vn 0.036942 0.077247 -0.051654
vn 0.036748 0.077539 -0.051355
vn -0.032288 -0.083480 -0.044594
vn -0.016094 -0.096418 -0.021084
vn -0.018959 -0.094707 -0.025907
vn -0.004423 -0.099762 -0.005290
vn 0.004311 -0.099674 0.006813
vn 0.009738 -0.098380 0.015051
vn 0.016932 -0.095720 0.023472
vn 0.023572 -0.090598 0.035162
vn 0.023788 -0.091565 0.032404
vn 0.030875 -0.085547 0.041575
vn 0.036219 -0.076160 0.053739
vn 0.037780 -0.077629 0.050461
vn 0.044248 -0.067756 0.058747
vn 0.041632 -0.066747 0.061738
vn 0.049923 -0.056159 0.065984
vn 0.046466 -0.055634 0.068890
vn 0.054552 -0.043145 0.071851
vn 0.050555 -0.042763 0.074937
vn 0.057974 -0.029005 0.076143
vn 0.053488 -0.029309 0.079247
vn 0.055409 -0.014282 0.082011
vn 0.060056 -0.014177 0.078691
vn 0.056040 0.000859 0.082818
vn 0.060746 0.001040 0.079428
vn 0.055409 0.015979 0.081698
vn 0.060018 0.016209 0.078327
vn 0.053488 0.030945 0.078622
vn 0.057896 0.030981 0.075420
vn 0.050555 0.044307 0.074034
vn 0.054439 0.045000 0.070791
vn 0.046466 0.057050 0.067722
vn 0.049778 0.057854 0.064615
vn 0.041632 0.068013 0.060341
vn 0.044061 0.069282 0.057085
vn 0.036219 0.077258 0.052148
vn 0.037599 0.078891 0.048605
vn 0.030626 0.086629 0.039466
vn 0.023572 0.091308 0.033276
vn 0.022582 0.093027 0.028915
vn 0.013105 0.097767 0.016431
vn 0.009738 0.098671 0.013008
vn 0.002135 0.099960 0.001831
vn -0.004423 0.099631 -0.007357
vn -0.010300 0.098324 -0.015046
vn -0.018959 0.094149 -0.027865
vn -0.032288 0.082538 -0.046315
vn -0.100000 0.000000 -0.000000
vn -0.100000 0.000000 -0.000000
vn -0.100000 0.000000 -0.000000
vn -0.100000 0.000000 -0.000000
vn -0.100000 0.000000 -0.000000
vn -0.100000 0.000000 -0.000000
vn -0.100000 0.000000 -0.000000
vn -0.100000 0.000000 -0.000000
vn -0.100000 0.000000 -0.000000
vn -0.100000 0.000000 -0.000000
vn -0.100000 0.000000 -0.000000
vn -0.100000 0.000000 -0.000000
vn -0.100000 0.000000 -0.000000
vn -0.100000 0.000000 -0.000000
vn -0.100000 0.000000 -0.000000
vn -0.100000 0.000000 -0.000000
vn -0.100000 0.000000 -0.000000
vn -0.100000 0.000000 -0.000000
vn -0.100000 0.000000 -0.000000
vn -0.100000 0.000000 -0.000000
vn -0.100000 0.000000 -0.000000
vn -0.100000 0.000000 -0.000000
vn -0.100000 0.000000 -0.000000
vn -0.100000 0.000000 -0.000000
vn -0.100000 0.000000 -0.000000
vn -0.100000 0.000000 -0.000000
vn -0.100000 0.000000 -0.000000
vn -0.100000 0.000000 -0.000000
vn -0.100000 0.000000 -0.000000
vn -0.100000 0.000000 -0.000000
vn -0.100000 0.000000 -0.000000
vn -0.100000 0.000000 -0.000000
vn -0.100000 0.000000 -0.000000
vn -0.100000 0.000000 -0.000000
vn 0.100000 -0.000000 0.000000
vn 0.100000 -0.000000 0.000000
vn 0.100000 -0.000000 0.000000
vn 0.100000 -0.000000 0.000000
vn 0.100000 -0.000000 0.000000
vn 0.100000 -0.000000 0.000000
vn 0.100000 -0.000000 0.000000
vn 0.100000 -0.000000 0.000000
vn 0.100000 -0.000000 0.000000
vn 0.100000 -0.000000 0.000000
vn 0.100000 -0.000000 0.000000
vn 0.100000 -0.000000 0.000000
vn 0.100000 -0.000000 0.000000
vn 0.100000 -0.000000 0.000000
vn 0.100000 -0.000000 0.000000
vn 0.100000 -0.000000 0.000000
vn 0.100000 -0.000000 0.000000
vn 0.100000 -0.000000 0.000000
vn 0.100000 -0.000000 0.000000
vn 0.100000 -0.000000 0.000000
vn 0.100000 -0.000000 0.000000
vn 0.100000 -0.000000 0.000000
vn 0.100000 -0.000000 0.000000
vn 0.100000 -0.000000 0.000000
vn 0.100000 -0.000000 0.000000
vn 0.100000 -0.000000 0.000000
vn 0.100000 -0.000000 0.000000
vn 0.100000 -0.000000 0.000000
vn 0.100000 -0.000000 0.000000
vn 0.100000 -0.000000 0.000000
vn 0.100000 -0.000000 0.000000
vn 0.100000 -0.000000 0.000000
vn 0.100000 -0.000000 0.000000
vn 0.100000 -0.000000 0.000000
vn 0.100000 -0.000000 0.000000
vn 0.100000 -0.000000 0.000000
vn -0.042470 0.067690 -0.060120
vn -0.042561 0.067486 -0.060285
vn -0.050838 0.048342 -0.071264
vn -0.050938 0.047910 -0.071484
vn -0.054076 0.037082 -0.075503
vn -0.054113 0.036710 -0.075659
vn -0.056451 0.024921 -0.078691
vn -0.056460 0.025252 -0.078579
vn -0.058021 0.012159 -0.080534
vn -0.057970 0.011966 -0.080600
vn -0.058531 -0.000841 -0.081077
vn -0.058462 -0.000841 -0.081126
vn -0.057970 -0.013635 -0.080334
vn -0.058021 -0.013826 -0.080264
vn -0.056451 -0.026547 -0.078157
vn -0.056460 -0.026876 -0.078039
vn -0.054076 -0.038639 -0.074718
vn -0.054113 -0.038270 -0.074881
vn -0.050838 -0.049809 -0.070247
vn -0.050938 -0.049382 -0.070475
vn -0.042470 -0.068922 -0.058704
vn -0.042561 -0.068721 -0.058873
vn -0.099858 0.002998 -0.004411
vn -0.099905 0.002468 -0.003594
vn -0.099858 0.004008 -0.003518
vn -0.099941 0.001767 -0.002928
vn -0.099858 0.003715 0.003827
vn -0.099955 0.001361 -0.002666
vn -0.099965 0.000930 -0.002476
vn -0.099971 0.000452 -0.002350
vn -0.099974 -0.000024 -0.002301
vn -0.099858 0.002637 0.004636
vn -0.099858 0.001391 0.005149
vn -0.099858 0.000055 0.005333
vn -0.099858 -0.001284 0.005177
vn -0.099858 -0.002540 0.004689
vn -0.099858 -0.003635 0.003903
vn -0.099971 -0.000500 -0.002340
vn -0.099858 -0.004497 0.002867
vn -0.099858 -0.005072 0.001648
vn -0.099965 -0.000981 -0.002456
vn -0.099858 -0.005324 0.000323
vn -0.099955 -0.001416 -0.002637
vn -0.099858 -0.005235 -0.001022
vn -0.099941 -0.001828 -0.002891
vn -0.099858 -0.004811 -0.002302
vn -0.099905 -0.002542 -0.003542
vn -0.099858 -0.004080 -0.003434
vn -0.099858 -0.003089 -0.004348
vn -0.099858 0.004556 0.002773
vn -0.099858 0.004762 -0.002401
vn -0.099858 0.005106 0.001542
vn -0.099858 0.005212 -0.001130
vn -0.099858 0.005329 0.000213
vn 0.099858 -0.003405 -0.004105
vn 0.099912 -0.002891 -0.003052
vn 0.099858 -0.004342 -0.003097
vn 0.099934 -0.002548 -0.002577
vn 0.099953 -0.002146 -0.002167
vn 0.099858 -0.004878 0.002156
vn 0.099970 -0.001669 -0.001805
vn 0.099981 -0.001162 -0.001540
vn 0.099989 -0.000593 -0.001373
vn 0.099858 -0.004164 0.003333
vn 0.099858 -0.003172 0.004288
vn 0.099991 -0.000014 -0.001316
vn 0.099858 -0.001968 0.004957
vn 0.099858 -0.000634 0.005296
vn 0.099858 0.000743 0.005281
vn 0.099858 0.002071 0.004915
vn 0.099858 0.003260 0.004221
vn 0.099989 0.000565 -0.001385
vn 0.099858 0.005284 0.000726
vn 0.099981 0.001130 -0.001564
vn 0.099970 0.001631 -0.001839
vn 0.099858 0.005293 -0.000651
vn 0.099953 0.002101 -0.002211
vn 0.099858 0.004950 -0.001985
vn 0.099934 0.002494 -0.002630
vn 0.099858 0.004277 -0.003186
vn 0.099912 0.002827 -0.003111
vn 0.099858 0.003319 -0.004175
vn 0.099858 0.004922 0.002054
vn 0.099858 0.004232 0.003246
vn 0.099858 -0.004990 -0.001882
vn 0.099858 -0.005268 0.000835
vn 0.099858 -0.005306 -0.000541
vn 0.100000 0.000000 0.000000
vn 0.100000 0.000000 0.000000
vn 0.100000 0.000000 0.000000
vn 0.100000 0.000000 0.000000
vn 0.100000 0.000000 0.000000
vn 0.100000 0.000000 0.000000
vn 0.100000 0.000000 0.000000
vn 0.100000 0.000000 0.000000
vn 0.100000 0.000000 0.000000
vn 0.100000 0.000000 0.000000
vn 0.100000 0.000000 0.000000
vn 0.100000 0.000000 0.000000
vn 0.100000 0.000000 0.000000
vn 0.100000 0.000000 0.000000
vn 0.100000 0.000000 0.000000
vn 0.100000 0.000000 0.000000
vn 0.100000 0.000000 0.000000
vn 0.100000 0.000000 0.000000
vn 0.100000 0.000000 0.000000
vn 0.100000 0.000000 0.000000
vn 0.100000 0.000000 0.000000
vn 0.100000 0.000000 0.000000
vn 0.100000 0.000000 0.000000
vn 0.100000 0.000000 0.000000
vn 0.100000 0.000000 0.000000
vn 0.100000 0.000000 0.000000
vn 0.100000 0.000000 0.000000
vn 0.100000 0.000000 0.000000
vn 0.100000 0.000000 0.000000
vn 0.100000 0.000000 0.000000
vn 0.100000 0.000000 0.000000
vn 0.100000 0.000000 0.000000
vn 0.100000 0.000000 0.000000
vn 0.100000 0.000000 0.000000
vn 0.100000 0.000000 0.000000
vn 0.100000 0.000000 0.000000
vn 0.100000 0.000000 0.000000
vn 0.100000 0.000000 0.000000
vn 0.100000 0.000000 0.000000
vn 0.100000 0.000000 0.000000
vn 0.100000 0.000000 0.000000
vn 0.100000 0.000000 0.000000
vn 0.100000 0.000000 0.000000
vn 0.100000 0.000000 0.000000
vn 0.100000 0.000000 0.000000
vn 0.100000 0.000000 0.000000
vn 0.100000 0.000000 0.000000
vn 0.100000 0.000000 0.000000
vn 0.094716 0.025379 0.019613
vn 0.094716 0.025379 0.019613
vn 0.098058 0.000000 0.019613
vn 0.098058 0.000000 0.019613
vn 0.094716 -0.025379 0.019613
vn 0.094716 -0.025379 0.019613
vn 0.084920 -0.049029 0.019613
vn 0.084920 -0.049029 0.019613
vn 0.069337 -0.069337 0.019613
vn 0.069337 -0.069337 0.019613
vn 0.049029 -0.084920 0.019613
vn 0.049029 -0.084920 0.019613
vn 0.025379 -0.094716 0.019613
vn 0.025379 -0.094716 0.019613
vn -0.000000 -0.098058 0.019613
vn -0.000000 -0.098058 0.019613
vn -0.025379 -0.094716 0.019613
vn -0.025379 -0.094716 0.019613
vn -0.049029 -0.084920 0.019613
vn -0.049029 -0.084920 0.019613
vn -0.069337 -0.069337 0.019613
vn -0.069337 -0.069337 0.019613
vn -0.084920 -0.049029 0.019613
vn -0.084920 -0.049029 0.019613
vn -0.094716 -0.025379 0.019613
vn -0.094716 -0.025379 0.019613
vn -0.098058 0.000000 0.019613
vn -0.098058 0.000000 0.019613
vn -0.094716 0.025379 0.019613
vn -0.094716 0.025379 0.019613
vn -0.084920 0.049029 0.019613
vn -0.084920 0.049029 0.019613
vn -0.069337 0.069337 0.019613
vn -0.069337 0.069337 0.019613
vn -0.049029 0.084920 0.019613
vn -0.049029 0.084920 0.019613
vn -0.025379 0.094716 0.019613
vn -0.025379 0.094716 0.019613
vn -0.000000 0.098058 0.019613
vn -0.000000 0.098058 0.019613
vn 0.025379 0.094716 0.019613
vn 0.025379 0.094716 0.019613
vn 0.049029 0.084920 0.019613
vn 0.049029 0.084920 0.019613
vn 0.069337 0.069337 0.019613
vn 0.069337 0.069337 0.019613
vn 0.084920 0.049029 0.019613
vn 0.084920 0.049029 0.019613
vn 0.000000 0.000000 -0.100000
vn 0.000000 0.000000 -0.100000
vn 0.000000 0.000000 -0.100000
vn 0.000000 0.000000 -0.100000
vn 0.000000 0.000000 -0.100000
vn 0.000000 0.000000 -0.100000
vn 0.000000 0.000000 -0.100000
vn 0.000000 0.000000 -0.100000
vn 0.000000 0.000000 -0.100000
vn 0.000000 0.000000 -0.100000
vn 0.000000 0.000000 -0.100000
vn 0.000000 0.000000 -0.100000
vn 0.000000 0.000000 -0.100000
vn 0.000000 0.000000 -0.100000
vn 0.000000 0.000000 -0.100000
vn 0.000000 0.000000 -0.100000
vn 0.000000 0.000000 -0.100000
vn 0.000000 0.000000 -0.100000
vn 0.000000 0.000000 -0.100000
vn 0.000000 0.000000 -0.100000
vn 0.000000 0.000000 -0.100000
vn 0.000000 0.000000 -0.100000
vn 0.000000 0.000000 -0.100000
vn 0.000000 0.000000 -0.100000
vn 0.000000 0.000000 -0.100000
vn 0.000000 0.000000 -0.100000
vn 0.000000 0.000000 -0.100000
vn 0.000000 0.000000 -0.100000
vn 0.000000 0.000000 -0.100000
vn 0.000000 0.000000 -0.100000
vn 0.000000 0.000000 -0.100000
vn 0.000000 0.000000 -0.100000
vn 0.000000 0.000000 -0.100000
vn 0.000000 0.000000 -0.100000
vn 0.000000 0.000000 -0.100000
vn 0.000000 0.000000 -0.100000
vn 0.000000 0.000000 -0.100000
vn 0.000000 0.000000 -0.100000
vn 0.000000 0.000000 -0.100000
vn 0.000000 0.000000 -0.100000
vn 0.000000 0.000000 -0.100000
vn 0.000000 0.000000 -0.100000
vn 0.000000 0.000000 -0.100000
vn 0.000000 0.000000 -0.100000
vn 0.000000 0.000000 -0.100000
vn 0.000000 0.000000 -0.100000
vn 0.000000 0.000000 -0.100000
vn 0.000000 0.000000 -0.100000
vn -0.096593 -0.025882 0.000000
vn -0.096593 -0.025882 0.000000
vn -0.100000 -0.000000 0.000000
vn -0.100000 -0.000000 0.000000
vn -0.096593 0.025882 0.000000
vn -0.096593 0.025882 0.000000
vn -0.086603 0.050000 0.000000
vn -0.086603 0.050000 0.000000
vn -0.070711 0.070711 0.000000
vn -0.070711 0.070711 0.000000
vn -0.050000 0.086603 0.000000
vn -0.050000 0.086603 0.000000
vn -0.025882 0.096593 0.000000
vn -0.025882 0.096593 0.000000
vn 0.000000 0.100000 0.000000
vn 0.000000 0.100000 0.000000
vn 0.025882 0.096593 0.000000
vn 0.025882 0.096593 0.000000
vn 0.050000 0.086603 0.000000
vn 0.050000 0.086603 0.000000
vn 0.070711 0.070711 0.000000
vn 0.070711 0.070711 0.000000
vn 0.086603 0.050000 0.000000
vn 0.086603 0.050000 0.000000
vn 0.096593 0.025882 0.000000
vn 0.096593 0.025882 0.000000
vn 0.100000 0.000000 0.000000
vn 0.100000 0.000000 0.000000
vn 0.096593 -0.025882 0.000000
vn 0.096593 -0.025882 0.000000
vn 0.086603 -0.050000 0.000000
vn 0.086603 -0.050000 0.000000
vn 0.070711 -0.070711 0.000000
vn 0.070711 -0.070711 0.000000
vn 0.050000 -0.086603 0.000000
vn 0.050000 -0.086603 0.000000
vn 0.025882 -0.096593 0.000000
vn 0.025882 -0.096593 0.000000
vn 0.000000 -0.100000 0.000000
vn 0.000000 -0.100000 0.000000
vn -0.025882 -0.096593 0.000000
vn -0.025882 -0.096593 0.000000
vn -0.050000 -0.086603 0.000000
vn -0.050000 -0.086603 0.000000
vn -0.070711 -0.070711 0.000000
vn -0.070711 -0.070711 0.000000
vn -0.086603 -0.050000 0.000000
vn -0.086603 -0.050000 0.000000
vn 0.000000 0.100000 0.000000
vn 0.000000 0.100000 0.000000
vn 0.000000 0.100000 0.000000
vn 0.000000 0.100000 0.000000
vn 0.096271 0.027053 0.000000
vn 0.096271 0.027053 0.000000
vn 0.096271 0.027053 0.000000
vn 0.096271 0.027053 0.000000
vn 0.000000 -0.100000 0.000000
vn 0.000000 -0.100000 0.000000
vn 0.000000 -0.100000 0.000000
vn 0.000000 -0.100000 0.000000
vn -0.096271 0.027053 0.000000
vn -0.096271 0.027053 0.000000
vn -0.096271 0.027053 0.000000
vn -0.096271 0.027053 0.000000
vn 0.000000 0.100000 0.000000
vn 0.000000 0.100000 0.000000
vn 0.000000 0.100000 0.000000
vn 0.000000 0.100000 0.000000
vn -0.061859 0.078571 -0.000000
vn -0.061859 0.078571 -0.000000
vn -0.079873 0.060168 -0.000000
vn -0.079873 0.060168 -0.000000
vn -0.092591 0.037775 -0.000000
vn -0.092591 0.037775 -0.000000
vn -0.099168 0.012876 -0.000000
vn -0.099168 0.012876 -0.000000
vn -0.099168 -0.012876 0.000000
vn -0.099168 -0.012876 0.000000
vn -0.092591 -0.037775 0.000000
vn -0.092591 -0.037775 0.000000
vn -0.079873 -0.060168 0.000000
vn -0.079873 -0.060168 0.000000
vn -0.061859 -0.078571 0.000000
vn -0.061859 -0.078571 0.000000
vn 0.000000 -0.100000 0.000000
vn 0.000000 -0.100000 0.000000
vn 0.000000 -0.100000 0.000000
vn 0.000000 -0.100000 0.000000
vn -0.096271 -0.027053 0.000000
vn -0.096271 -0.027053 0.000000
vn -0.096271 -0.027053 0.000000
vn -0.096271 -0.027053 0.000000
vn 0.000000 0.100000 0.000000
vn 0.000000 0.100000 0.000000
vn 0.000000 0.100000 0.000000
vn 0.000000 0.100000 0.000000
vn 0.096271 -0.027053 0.000000
vn 0.096271 -0.027053 0.000000
vn 0.096271 -0.027053 0.000000
vn 0.096271 -0.027053 0.000000
vn 0.000000 -0.100000 0.000000
vn 0.000000 -0.100000 0.000000
vn 0.000000 -0.100000 0.000000
vn 0.000000 -0.100000 0.000000
vn 0.061859 -0.078571 0.000000
vn 0.061859 -0.078571 0.000000
vn 0.079873 -0.060168 0.000000
vn 0.079873 -0.060168 0.000000
vn 0.092591 -0.037775 0.000000
vn 0.092591 -0.037775 0.000000
vn 0.099168 -0.012876 0.000000
vn 0.099168 -0.012876 0.000000
vn 0.099168 0.012876 0.000000
vn 0.099168 0.012876 0.000000
vn 0.092591 0.037775 0.000000
vn 0.092591 0.037775 0.000000
vn 0.079873 0.060168 0.000000
vn 0.079873 0.060168 0.000000
vn 0.061859 0.078571 0.000000
vn 0.061859 0.078571 0.000000
vn 0.000000 0.000000 0.100000
vn 0.000000 0.000000 0.100000
vn 0.000000 0.000000 0.100000
vn 0.000000 0.000000 0.100000
vn 0.000000 0.000000 0.100000
vn 0.000000 0.000000 0.100000
vn 0.000000 0.000000 0.100000
vn 0.000000 0.000000 0.100000
vn 0.000000 0.000000 0.100000
vn 0.000000 0.000000 0.100000
vn 0.000000 0.000000 0.100000
vn 0.000000 0.000000 0.100000
vn 0.000000 0.000000 0.100000
vn 0.000000 0.000000 0.100000
vn 0.000000 0.000000 0.100000
vn 0.000000 0.000000 0.100000
vn 0.000000 0.000000 0.100000
vn 0.000000 0.000000 0.100000
vn 0.000000 0.000000 0.100000
vn 0.000000 0.000000 0.100000
vn 0.000000 0.000000 0.100000
vn 0.000000 0.000000 0.100000
vn 0.000000 0.000000 0.100000
vn 0.000000 0.000000 0.100000
vn 0.000000 0.000000 0.100000
vn 0.000000 0.000000 0.100000
vn 0.000000 0.000000 0.100000
vn 0.000000 0.000000 0.100000
vn 0.000000 0.000000 0.100000
vn 0.000000 0.000000 0.100000
vn 0.000000 0.000000 0.100000
vn 0.000000 0.000000 0.100000
vn 0.000000 0.000000 0.100000
vn 0.000000 0.000000 0.100000
vn 0.000000 0.000000 0.100000
vn 0.000000 0.000000 0.100000
vn 0.000000 0.000000 0.100000
vn 0.000000 0.000000 0.100000
vn 0.000000 0.000000 0.100000
vn 0.000000 0.000000 0.100000
vn 0.000000 0.000000 0.100000
vn 0.000000 0.000000 0.100000
vn 0.000000 0.000000 0.100000
vn 0.000000 0.000000 0.100000
vn 0.000000 0.000000 0.100000
vn 0.000000 0.000000 0.100000
vn 0.000000 0.000000 0.100000
vn 0.000000 0.000000 0.100000
vn 0.064992 -0.076000 0.000000
vn 0.064992 -0.076000 0.000000
vn 0.048411 -0.087501 0.000000
vn 0.048411 -0.087501 0.000000
vn 0.029858 -0.095438 0.000000
vn 0.029858 -0.095438 0.000000
vn 0.010090 -0.099490 0.000000
vn 0.010090 -0.099490 0.000000
vn -0.010090 -0.099490 0.000000
vn -0.010090 -0.099490 0.000000
vn -0.029858 -0.095438 0.000000
vn -0.029858 -0.095438 0.000000
vn -0.048411 -0.087501 0.000000
vn -0.048411 -0.087501 0.000000
vn -0.064992 -0.076000 0.000000
vn -0.064992 -0.076000 0.000000
vn -0.064992 0.076000 0.000000
vn -0.064992 0.076000 0.000000
vn -0.079760 0.060318 0.000000
vn -0.079760 0.060318 0.000000
vn -0.090827 0.041838 0.000000
vn -0.090827 0.041838 0.000000
vn -0.097680 0.021416 0.000000
vn -0.097680 0.021416 0.000000
vn -0.100000 0.000000 0.000000
vn -0.100000 0.000000 0.000000
vn -0.097680 -0.021416 0.000000
vn -0.097680 -0.021416 0.000000
vn -0.090827 -0.041838 0.000000
vn -0.090827 -0.041838 0.000000
vn -0.079760 -0.060318 0.000000
vn -0.079760 -0.060318 0.000000
vn 0.064992 0.076000 0.000000
vn 0.064992 0.076000 0.000000
vn 0.079760 0.060318 0.000000
vn 0.079760 0.060318 0.000000
vn 0.090827 0.041838 0.000000
vn 0.090827 0.041838 0.000000
vn 0.097680 0.021416 0.000000
vn 0.097680 0.021416 0.000000
vn 0.100000 -0.000000 0.000000
vn 0.100000 -0.000000 0.000000
vn 0.097680 -0.021416 0.000000
vn 0.097680 -0.021416 0.000000
vn 0.090827 -0.041838 0.000000
vn 0.090827 -0.041838 0.000000
vn 0.079760 -0.060318 0.000000
vn 0.079760 -0.060318 0.000000
vn 0.000000 0.000000 0.100000
vn 0.000000 0.000000 0.100000
vn 0.000000 0.000000 0.100000
vn 0.000000 0.000000 0.100000
vn 0.000000 0.000000 0.100000
vn 0.000000 0.000000 0.100000
vn 0.000000 0.000000 0.100000
vn 0.000000 0.000000 0.100000
vn 0.000000 0.000000 0.100000
vn 0.000000 0.000000 0.100000
vn 0.000000 0.000000 0.100000
vn 0.000000 0.000000 0.100000
vn 0.000000 0.000000 0.100000
vn 0.000000 0.000000 0.100000
vn 0.000000 0.000000 0.100000
vn 0.000000 0.000000 0.100000
vn 0.000000 0.000000 0.100000
vn 0.000000 0.000000 0.100000
vn 0.000000 0.000000 0.100000
vn 0.000000 0.000000 0.100000
vn 0.000000 0.000000 0.100000
vn 0.000000 0.000000 0.100000
vn 0.000000 0.000000 0.100000
vn 0.000000 0.000000 0.100000
vn 0.000000 0.000000 0.100000
vn 0.000000 0.000000 0.100000
vn 0.000000 0.000000 0.100000
vn 0.000000 0.000000 0.100000
vn 0.000000 0.000000 0.100000
vn 0.000000 0.000000 0.100000
vn 0.000000 0.000000 0.100000
vn 0.000000 0.000000 0.100000
vn 0.000000 0.000000 0.100000
vn 0.000000 0.000000 0.100000
vn 0.000000 0.000000 0.100000
vn 0.000000 0.000000 0.100000
vn 0.000000 0.000000 0.100000
vn 0.000000 0.000000 0.100000
vn 0.000000 0.000000 0.100000
vn 0.000000 0.000000 0.100000
vn 0.000000 0.000000 0.100000
vn 0.000000 0.000000 0.100000
vn 0.000000 0.000000 0.100000
vn 0.000000 0.000000 0.100000
vn 0.000000 0.000000 0.100000
vn 0.000000 0.000000 0.100000
vn 0.000000 0.000000 0.100000
vn 0.000000 0.000000 0.100000
vn 0.000000 0.000000 0.100000
vn 0.000000 0.000000 0.100000
vn 0.055142 0.014775 -0.082104
vn 0.071382 0.007259 -0.069656
vn 0.057087 0.000000 -0.082104
vn 0.071382 -0.007259 -0.069656
vn 0.055142 -0.014775 -0.082104
vn 0.069378 -0.018298 -0.069656
vn 0.068460 -0.021479 -0.069656
vn 0.079918 -0.025074 -0.054630
vn 0.062735 -0.034821 -0.069656
vn 0.073234 -0.040648 -0.054630
vn 0.054441 -0.046736 -0.069656
vn 0.063553 -0.054558 -0.054630
vn 0.043919 -0.056738 -0.069656
vn 0.051269 -0.066235 -0.054630
vn 0.031598 -0.064418 -0.069656
vn 0.036887 -0.075199 -0.054630
vn 0.017984 -0.069460 -0.069656
vn 0.020994 -0.081085 -0.054630
vn 0.003634 -0.071658 -0.069656
vn 0.004242 -0.083651 -0.054630
vn -0.010865 -0.070923 -0.069656
vn -0.012683 -0.082793 -0.054630
vn -0.024919 -0.067284 -0.069656
vn -0.029090 -0.078545 -0.054630
vn -0.037953 -0.060890 -0.069656
vn -0.044305 -0.071082 -0.054630
vn -0.052736 -0.065073 -0.054630
vn -0.055456 -0.074244 -0.037583
vn -0.063846 -0.067166 -0.037583
vn -0.067622 -0.071138 -0.019146
vn -0.076059 -0.052939 -0.037583
vn -0.080558 -0.056070 -0.019146
vn -0.085159 -0.036544 -0.037583
vn -0.090196 -0.038706 -0.019146
vn -0.090772 -0.018654 -0.037583
vn -0.096141 -0.019757 -0.019146
vn -0.097083 -0.011989 -0.020766
vn -0.097083 -0.016956 -0.016956
vn -0.097083 -0.020766 -0.011989
vn -0.097083 -0.023162 -0.006206
vn -0.091896 -0.039436 0.000000
vn -0.082076 -0.057127 0.000000
vn -0.080558 -0.056070 0.019146
vn -0.067622 -0.071138 0.019146
vn -0.063846 -0.067166 0.037583
vn -0.049018 -0.078643 0.037583
vn -0.044305 -0.071082 0.054630
vn -0.037712 -0.084591 0.037712
vn -0.029090 -0.078545 0.054630
vn -0.026667 -0.084591 0.046188
vn -0.013804 -0.084591 0.051516
vn 0.068460 0.021479 -0.069656
vn 0.049439 0.028543 -0.082104
vn 0.062735 0.034821 -0.069656
vn 0.054441 0.046736 -0.069656
vn 0.063553 0.054558 -0.054630
vn 0.051269 0.066235 -0.054630
vn 0.056723 0.073280 -0.037583
vn 0.048684 0.068158 -0.054630
vn 0.052402 0.076430 -0.037583
vn 0.036887 0.075199 -0.054630
vn 0.040811 0.083198 -0.037583
vn 0.037712 0.084591 -0.037712
vn 0.046188 0.084591 -0.026667
vn 0.040367 0.040367 -0.082104
vn 0.043919 0.056738 -0.069656
vn 0.042819 0.057573 -0.069656
vn 0.031598 0.064418 -0.069656
vn 0.020994 0.081085 -0.054630
vn 0.026667 0.084591 -0.046188
vn 0.013804 0.084591 -0.051516
vn 0.004242 0.083651 -0.054630
vn 0.000000 0.084591 -0.053333
vn -0.012683 0.082793 -0.054630
vn -0.013804 0.084591 -0.051516
vn -0.026667 0.084591 -0.046188
vn -0.029090 0.078545 -0.054630
vn -0.037712 0.084591 -0.037712
vn -0.044305 0.071082 -0.054630
vn -0.049018 0.078643 -0.037583
vn -0.063846 0.067166 -0.037583
vn -0.067622 0.071138 -0.019146
vn -0.080558 0.056070 -0.019146
vn -0.082076 0.057127 0.000000
vn -0.091896 0.039436 0.000000
vn -0.090196 0.038706 0.019146
vn -0.097083 0.023162 0.006206
vn -0.097083 0.020766 0.011989
vn 0.028543 0.049439 -0.082104
vn 0.014775 0.055142 -0.082104
vn 0.017984 0.069460 -0.069656
vn 0.003634 0.071658 -0.069656
vn -0.000000 0.057087 -0.082104
vn -0.010865 0.070923 -0.069656
vn -0.014775 0.055142 -0.082104
vn -0.024919 0.067284 -0.069656
vn -0.028543 0.049439 -0.082104
vn -0.037953 0.060890 -0.069656
vn -0.057707 0.060708 -0.054630
vn -0.076059 0.052939 -0.037583
vn -0.090196 0.038706 -0.019146
vn -0.097083 0.023162 -0.006206
vn -0.097083 0.023979 0.000000
vn -0.040367 0.040367 -0.082104
vn -0.049434 0.052004 -0.069656
vn -0.068746 0.047849 -0.054630
vn -0.085159 0.036544 -0.037583
vn -0.089788 0.022927 -0.037583
vn -0.095193 0.023909 -0.019146
vn -0.090772 0.018654 -0.037583
vn -0.096141 0.019757 -0.019146
vn -0.097083 0.011989 -0.020766
vn -0.097083 0.016956 -0.016956
vn -0.058890 0.040989 -0.069656
vn -0.049439 0.028543 -0.082104
vn -0.065935 0.028295 -0.069656
vn -0.055142 0.014775 -0.082104
vn -0.069378 0.018298 -0.069656
vn -0.070282 0.014443 -0.069656
vn -0.081073 0.021042 -0.054630
vn -0.082044 0.016861 -0.054630
vn -0.057087 0.000000 -0.082104
vn -0.071750 0.000000 -0.069656
vn -0.083759 0.000000 -0.054630
vn -0.082044 -0.016861 -0.054630
vn -0.070282 -0.014443 -0.069656
vn -0.055142 -0.014775 -0.082104
vn -0.065935 -0.028295 -0.069656
vn -0.049439 -0.028543 -0.082104
vn -0.058890 -0.040989 -0.069656
vn -0.040367 -0.040367 -0.082104
vn -0.049434 -0.052004 -0.069656
vn -0.047341 -0.053916 -0.069656
vn -0.057707 -0.060708 -0.054630
vn -0.028543 -0.049439 -0.082104
vn -0.014775 -0.055142 -0.082104
vn -0.000000 -0.057087 -0.082104
vn 0.014775 -0.055142 -0.082104
vn 0.028543 -0.049439 -0.082104
vn 0.040367 -0.040367 -0.082104
vn 0.049439 -0.028543 -0.082104
vn 0.097083 -0.006206 -0.023162
vn 0.092193 -0.009375 -0.037583
vn 0.097083 0.000000 -0.023979
vn 0.092193 0.009375 -0.037583
vn 0.097083 0.006206 -0.023162
vn 0.097083 0.011989 -0.020766
vn 0.088419 0.027742 -0.037583
vn 0.093649 0.029383 -0.019146
vn 0.085817 0.047632 -0.019146
vn 0.087435 0.048530 0.000000
vn 0.075876 0.065137 0.000000
vn 0.074472 0.063932 0.019146
vn 0.060078 0.077615 0.019146
vn 0.056723 0.073280 0.037583
vn 0.046188 0.084591 0.026667
vn 0.040811 0.083198 0.037583
vn 0.037712 0.084591 0.037712
vn 0.036887 0.075199 0.054630
vn 0.026667 0.084591 0.046188
vn 0.020994 0.081085 0.054630
vn 0.013804 0.084591 0.051516
vn 0.004242 0.083651 0.054630
vn 0.000000 0.084591 0.053333
vn -0.012683 0.082793 0.054630
vn -0.013804 0.084591 0.051516
vn -0.026667 0.084591 0.046188
vn 0.097083 -0.011989 -0.020766
vn 0.089788 -0.022927 -0.037583
vn 0.083329 -0.008474 -0.054630
vn 0.081073 -0.021042 -0.054630
vn 0.095193 -0.023909 -0.019146
vn 0.097083 -0.016956 -0.016956
vn 0.097083 -0.020766 -0.011989
vn 0.093649 -0.029383 -0.019146
vn 0.097083 -0.023162 -0.006206
vn 0.095414 -0.029936 0.000000
vn 0.097083 -0.023979 0.000000
vn 0.097083 -0.023162 0.006206
vn 0.093649 -0.029383 0.019146
vn 0.097083 -0.020766 0.011989
vn 0.097083 -0.016956 0.016956
vn 0.097083 -0.011989 0.020766
vn 0.088419 -0.027742 0.037583
vn 0.085817 -0.047632 0.019146
vn 0.081025 -0.044972 0.037583
vn 0.074472 -0.063932 0.019146
vn 0.070313 -0.060362 0.037583
vn 0.060078 -0.077615 0.019146
vn 0.056723 -0.073280 0.037583
vn 0.046188 -0.084591 0.026667
vn 0.040811 -0.083198 0.037583
vn 0.037712 -0.084591 0.037712
vn 0.036887 -0.075199 0.054630
vn 0.026667 -0.084591 0.046188
vn 0.020994 -0.081085 0.054630
vn 0.013804 -0.084591 0.051516
vn 0.004242 -0.083651 0.054630
vn 0.000000 -0.084591 0.053333
vn -0.012683 -0.082793 0.054630
vn 0.092193 -0.009375 0.037583
vn 0.097083 -0.006206 0.023162
vn 0.097083 0.000000 0.023979
vn 0.092193 0.009375 0.037583
vn 0.097083 0.006206 0.023162
vn 0.097083 0.011989 0.020766
vn 0.097083 0.016956 0.016956
vn 0.088419 0.027742 0.037583
vn 0.079918 0.025074 0.054630
vn 0.073234 0.040648 0.054630
vn 0.062735 0.034821 0.069656
vn 0.054441 0.046736 0.069656
vn 0.049439 0.028543 0.082104
vn 0.040367 0.040367 0.082104
vn 0.043919 0.056738 0.069656
vn 0.028543 0.049439 0.082104
vn 0.031598 0.064418 0.069656
vn 0.014775 0.055142 0.082104
vn 0.017984 0.069460 0.069656
vn 0.003634 0.071658 0.069656
vn 0.093649 0.029383 0.019146
vn 0.097083 0.020766 0.011989
vn 0.097083 0.023162 0.006206
vn 0.095414 0.029936 0.000000
vn 0.097083 0.023979 0.000000
vn 0.097083 0.023162 -0.006206
vn 0.097083 0.020766 -0.011989
vn 0.097083 0.016956 -0.016956
vn 0.051516 0.084591 -0.013804
vn 0.053333 0.084591 0.000000
vn 0.061211 0.079078 0.000000
vn 0.051516 0.084591 0.013804
vn -0.029090 0.078545 0.054630
vn -0.037712 0.084591 0.037712
vn -0.044305 0.071082 0.054630
vn -0.049018 0.078643 0.037583
vn -0.057707 0.060708 0.054630
vn -0.063846 0.067166 0.037583
vn -0.068746 0.047849 0.054630
vn -0.076059 0.052939 0.037583
vn -0.076971 0.033031 0.054630
vn -0.085159 0.036544 0.037583
vn -0.082044 0.016861 0.054630
vn -0.090772 0.018654 0.037583
vn -0.083759 0.000000 0.054630
vn -0.092669 0.000000 0.037583
vn -0.082044 -0.016861 0.054630
vn -0.090772 -0.018654 0.037583
vn -0.076971 -0.033031 0.054630
vn -0.085159 -0.036544 0.037583
vn -0.068746 -0.047849 0.054630
vn -0.076059 -0.052939 0.037583
vn -0.057707 -0.060708 0.054630
vn -0.046188 0.084591 0.026667
vn -0.051918 0.083295 0.019146
vn -0.067622 0.071138 0.019146
vn -0.080558 0.056070 0.019146
vn -0.096141 0.019757 0.019146
vn -0.097083 0.011989 0.020766
vn -0.097083 0.016956 0.016956
vn -0.051516 0.084591 0.013804
vn -0.053333 0.084591 0.000000
vn -0.068897 0.072479 0.000000
vn -0.051516 0.084591 -0.013804
vn -0.051918 0.083295 -0.019146
vn -0.046188 0.084591 -0.026667
vn 0.053934 0.082003 -0.019146
vn 0.055142 -0.014775 0.082104
vn 0.071382 -0.007259 0.069656
vn 0.057087 0.000000 0.082104
vn 0.071382 0.007259 0.069656
vn 0.055142 0.014775 0.082104
vn 0.068460 0.021479 0.069656
vn 0.068460 -0.021479 0.069656
vn 0.049439 -0.028543 0.082104
vn 0.062735 -0.034821 0.069656
vn 0.054441 -0.046736 0.069656
vn 0.063553 -0.054558 0.054630
vn 0.051269 -0.066235 0.054630
vn 0.040367 -0.040367 0.082104
vn 0.043919 -0.056738 0.069656
vn 0.028543 -0.049439 0.082104
vn 0.031598 -0.064418 0.069656
vn 0.014775 -0.055142 0.082104
vn 0.017984 -0.069460 0.069656
vn 0.003634 -0.071658 0.069656
vn -0.000000 -0.057087 0.082104
vn -0.010865 -0.070923 0.069656
vn -0.014775 -0.055142 0.082104
vn -0.024919 -0.067284 0.069656
vn -0.028543 -0.049439 0.082104
vn -0.037953 -0.060890 0.069656
vn -0.040367 -0.040367 0.082104
vn -0.049434 -0.052004 0.069656
vn -0.058890 -0.040989 0.069656
vn -0.049439 -0.028543 0.082104
vn -0.065935 -0.028295 0.069656
vn -0.055142 -0.014775 0.082104
vn -0.070282 -0.014443 0.069656
vn -0.057087 -0.000000 0.082104
vn -0.071750 -0.000000 0.069656
vn -0.070282 0.014443 0.069656
vn -0.055142 0.014775 0.082104
vn -0.065935 0.028295 0.069656
vn -0.049439 0.028543 0.082104
vn -0.058890 0.040989 0.069656
vn -0.040367 0.040367 0.082104
vn -0.049434 0.052004 0.069656
vn -0.037953 0.060890 0.069656
vn -0.028543 0.049439 0.082104
vn -0.024919 0.067284 0.069656
vn -0.014775 0.055142 0.082104
vn -0.010865 0.070923 0.069656
vn -0.000000 0.057087 0.082104
vn 0.051516 -0.084591 0.013804
vn 0.053333 -0.084591 0.000000
vn 0.061211 -0.079078 0.000000
vn 0.051516 -0.084591 -0.013804
vn 0.060078 -0.077615 -0.019146
vn 0.046188 -0.084591 -0.026667
vn 0.056723 -0.073280 -0.037583
vn 0.040811 -0.083198 -0.037583
vn 0.037712 -0.084591 -0.037712
vn 0.026667 -0.084591 -0.046188
vn 0.013804 -0.084591 -0.051516
vn 0.000000 -0.084591 -0.053333
vn -0.013804 -0.084591 -0.051516
vn -0.026667 -0.084591 -0.046188
vn -0.037712 -0.084591 -0.037712
vn -0.046188 -0.084591 -0.026667
vn -0.049018 -0.078643 -0.037583
vn -0.051516 -0.084591 -0.013804
vn -0.051918 -0.083295 -0.019146
vn -0.055585 -0.080893 -0.019146
vn -0.053333 -0.084591 0.000000
vn -0.068897 -0.072479 0.000000
vn -0.051918 -0.083295 0.019146
vn -0.051516 -0.084591 0.013804
vn -0.046188 -0.084591 0.026667
vn 0.075876 -0.065137 0.000000
vn 0.087435 -0.048530 0.000000
vn -0.097083 0.006206 0.023162
vn -0.097083 0.000000 0.023979
vn -0.097083 -0.006206 0.023162
vn -0.097083 -0.011989 0.020766
vn -0.096141 -0.019757 0.019146
vn -0.097083 -0.016956 0.016956
vn -0.097083 -0.020766 0.011989
vn -0.097083 -0.023162 0.006206
vn -0.090196 -0.038706 0.019146
vn -0.097083 -0.023979 0.000000
vn -0.097083 -0.006206 -0.023162
vn -0.092669 -0.000000 -0.037583
vn -0.097083 -0.000000 -0.023979
vn -0.097083 0.006206 -0.023162
vn -0.097083 0.020766 -0.011989
vn 0.060078 0.077615 -0.019146
vn 0.074472 0.063932 -0.019146
vn 0.070313 0.060362 -0.037583
vn 0.081025 0.044972 -0.037583
vn 0.073234 0.040648 -0.054630
vn 0.079918 0.025074 -0.054630
vn 0.083329 0.008474 -0.054630
vn 0.085817 0.047632 0.019146
vn 0.081025 0.044972 0.037583
vn 0.083329 0.008474 0.054630
vn 0.083329 -0.008474 0.054630
vn 0.079918 -0.025074 0.054630
vn 0.073234 -0.040648 0.054630
vn 0.070313 0.060362 0.037583
vn 0.063553 0.054558 0.054630
vn 0.051269 0.066235 0.054630
vn -0.076971 0.033031 -0.054630
vn -0.076971 -0.033031 -0.054630
vn -0.068746 -0.047849 -0.054630
vn 0.070313 -0.060362 -0.037583
vn 0.081025 -0.044972 -0.037583
vn 0.088419 -0.027742 -0.037583
vn 0.074472 -0.063932 -0.019146
vn 0.085817 -0.047632 -0.019146
vn -0.042879 -0.089607 -0.011489
vn -0.027134 -0.095809 -0.009186
vn -0.044392 -0.089607 0.000000
vn -0.027134 -0.095809 0.009186
vn -0.042879 -0.089607 0.011489
vn -0.038445 -0.089607 0.022196
vn -0.026218 -0.092575 0.027249
vn -0.031390 -0.089607 0.031390
vn -0.022196 -0.089607 0.038445
vn -0.008839 -0.095809 0.027249
vn -0.011489 -0.089607 0.042879
vn 0.000000 -0.089607 0.044392
vn 0.008839 -0.095809 0.027249
vn 0.011489 -0.089607 0.042879
vn 0.022196 -0.089607 0.038445
vn 0.026218 -0.092575 0.027249
vn 0.031390 -0.089607 0.031390
vn 0.038445 -0.089607 0.022196
vn 0.027134 -0.095809 0.009186
vn 0.042879 -0.089607 0.011489
vn 0.044392 -0.089607 0.000000
vn 0.027134 -0.095809 -0.009186
vn 0.042879 -0.089607 -0.011489
vn 0.038445 -0.089607 -0.022196
vn 0.026218 -0.092575 -0.027249
vn 0.031390 -0.089607 -0.031390
vn 0.022196 -0.089607 -0.038445
vn 0.008839 -0.095809 -0.027249
vn 0.011489 -0.089607 -0.042879
vn 0.000000 -0.089607 -0.044392
vn -0.008839 -0.095809 -0.027249
vn -0.011489 -0.089607 -0.042879
vn -0.022196 -0.089607 -0.038445
vn -0.026218 -0.092575 -0.027249
vn -0.031390 -0.089607 -0.031390
vn -0.038445 -0.089607 -0.022196
vn -0.009148 -0.099156 -0.009186
vn 0.009148 -0.099156 -0.009186
vn -0.009148 -0.099156 0.009186
vn 0.009148 -0.099156 0.009186
vn -0.042879 0.089607 0.011489
vn -0.027134 0.095809 0.009186
vn -0.044392 0.089607 0.000000
vn -0.027134 0.095809 -0.009186
vn -0.042879 0.089607 -0.011489
vn -0.038445 0.089607 -0.022196
vn -0.026218 0.092575 -0.027249
vn -0.031390 0.089607 -0.031390
vn -0.022196 0.089607 -0.038445
vn -0.008839 0.095809 -0.027249
vn -0.011489 0.089607 -0.042879
vn 0.000000 0.089607 -0.044392
vn 0.008839 0.095809 -0.027249
vn 0.011489 0.089607 -0.042879
vn 0.022196 0.089607 -0.038445
vn 0.026218 0.092575 -0.027249
vn 0.031390 0.089607 -0.031390
vn 0.038445 0.089607 -0.022196
vn 0.027134 0.095809 -0.009186
vn 0.042879 0.089607 -0.011489
vn 0.044392 0.089607 0.000000
vn 0.027134 0.095809 0.009186
vn 0.042879 0.089607 0.011489
vn 0.038445 0.089607 0.022196
vn 0.026218 0.092575 0.027249
vn 0.031390 0.089607 0.031390
vn 0.022196 0.089607 0.038445
vn 0.008839 0.095809 0.027249
vn 0.011489 0.089607 0.042879
vn 0.000000 0.089607 0.044392
vn -0.008839 0.095809 0.027249
vn -0.011489 0.089607 0.042879
vn -0.022196 0.089607 0.038445
vn -0.026218 0.092575 0.027249
vn -0.031390 0.089607 0.031390
vn -0.038445 0.089607 0.022196
vn -0.009148 0.099156 0.009186
vn 0.009148 0.099156 0.009186
vn -0.009148 0.099156 -0.009186
vn 0.009148 0.099156 -0.009186
vn -0.073711 -0.065308 0.017366
vn -0.073715 -0.067572 -0.000055
vn -0.055667 -0.082043 0.013046
vn -0.058930 -0.080791 -0.000066
vn -0.055673 -0.083069 0.000000
vn -0.041824 -0.090834 -0.000074
vn -0.040012 -0.091646 0.000000
vn -0.023075 -0.097301 -0.000080
vn -0.023075 -0.097301 -0.000040
vn -0.023075 -0.097301 0.000000
vn -0.040006 -0.090512 0.014392
vn -0.055671 -0.079033 0.025586
vn -0.073711 -0.058516 0.033802
vn -0.055670 -0.073967 0.037811
vn -0.055667 -0.067230 0.048798
vn -0.040009 -0.081604 0.041714
vn -0.040006 -0.074171 0.053835
vn -0.023075 -0.080902 0.054060
vn -0.023075 -0.068779 0.068825
vn -0.023075 -0.095432 0.018983
vn -0.040009 -0.087192 0.028228
vn -0.023075 -0.089888 0.037251
vn -0.023075 -0.054055 0.080905
vn -0.040006 -0.053814 0.074186
vn -0.040012 -0.064800 0.064807
vn -0.055673 -0.058752 0.058725
vn -0.073715 -0.047810 0.047752
vn -0.040010 -0.041673 0.081625
vn -0.023075 -0.037191 0.089913
vn -0.040009 -0.028186 0.087206
vn -0.023075 -0.018977 0.095433
vn -0.040007 -0.014366 0.090516
vn -0.023075 0.000063 0.097301
vn -0.040012 0.000031 0.091646
vn -0.040006 0.014418 0.090508
vn -0.055667 0.013069 0.082039
vn -0.055671 0.025628 0.079018
vn -0.073711 0.017356 0.065310
vn -0.073710 0.033792 0.058523
vn -0.055670 0.037844 0.073951
vn -0.055668 0.048818 0.067215
vn -0.040008 0.041751 0.081585
vn -0.040007 0.053858 0.074154
vn -0.023075 0.054065 0.080898
vn -0.023075 0.068867 0.068738
vn -0.023075 0.018989 0.095430
vn -0.040010 0.028274 0.087177
vn -0.023075 0.037307 0.089865
vn -0.023075 0.080909 0.054049
vn -0.040006 0.074201 0.053794
vn -0.040012 0.064843 0.064765
vn -0.055673 0.058754 0.058724
vn -0.073715 0.047772 0.047791
vn -0.040010 0.081648 0.041627
vn -0.023075 0.089935 0.037138
vn -0.040008 0.087218 0.028149
vn -0.023075 0.095434 0.018971
vn -0.040007 0.090520 0.014337
vn -0.023075 0.097301 -0.000118
vn -0.040011 0.091646 -0.000123
vn -0.040006 0.090504 -0.014442
vn -0.055673 0.083069 -0.000122
vn -0.055667 0.082036 -0.013091
vn -0.073715 0.067573 0.000002
vn -0.073712 0.065311 -0.017349
vn -0.055672 0.079003 -0.025674
vn -0.073710 0.058531 -0.033779
vn -0.055669 0.073936 -0.037875
vn -0.055668 0.067199 -0.048841
vn -0.040008 0.081569 -0.041785
vn -0.040007 0.074136 -0.053882
vn -0.023075 0.080894 -0.054071
vn -0.023075 0.068701 -0.068904
vn -0.023075 0.095429 -0.018996
vn -0.040011 0.087160 -0.028325
vn -0.023075 0.089845 -0.037356
vn -0.023075 0.054043 -0.080913
vn -0.040006 0.053774 -0.074215
vn -0.040011 0.064699 -0.064909
vn -0.055673 0.058634 -0.058844
vn -0.073715 0.047776 -0.047787
vn -0.040011 0.041576 -0.081673
vn -0.023075 0.037093 -0.089954
vn -0.040008 0.028115 -0.087229
vn -0.023075 0.018963 -0.095436
vn -0.040008 0.014305 -0.090525
vn -0.023075 -0.000166 -0.097301
vn -0.040011 -0.000174 -0.091647
vn -0.040006 -0.014466 -0.090500
vn -0.055672 -0.000173 -0.083070
vn -0.055666 -0.013112 -0.082032
vn -0.073715 -0.000016 -0.067573
vn -0.073712 -0.017345 -0.065312
vn -0.055673 -0.025726 -0.078986
vn -0.073714 -0.033722 -0.058558
vn -0.055672 -0.037827 -0.073958
vn -0.055673 -0.048950 -0.067115
vn -0.040010 -0.041732 -0.081594
vn -0.040012 -0.054004 -0.074045
vn -0.023075 -0.054106 -0.080871
vn -0.023075 -0.068881 -0.068723
vn -0.023075 -0.019004 -0.095427
vn -0.040011 -0.028383 -0.087141
vn -0.023075 -0.037342 -0.089850
vn -0.023075 -0.080965 -0.053965
vn -0.040012 -0.074243 -0.053731
vn -0.040012 -0.064888 -0.064719
vn -0.055674 -0.058825 -0.058652
vn -0.073716 -0.047752 -0.047809
vn -0.040011 -0.081728 -0.041469
vn -0.023075 -0.089915 -0.037186
vn -0.040012 -0.087195 -0.028215
vn -0.023075 -0.095440 -0.018941
vn -0.040011 -0.090530 -0.014267
vn -0.055672 -0.082057 -0.012931
vn -0.073715 -0.065260 -0.017525
vn -0.055673 -0.079034 -0.025574
vn -0.055672 -0.074079 -0.037588
vn -0.073715 -0.058490 -0.033839
vn -0.055673 -0.067295 -0.048702
vn -0.055668 0.012966 -0.082054
vn -0.073710 0.017509 -0.065271
vn -0.055669 0.025484 -0.079067
vn -0.055672 0.037685 -0.074030
vn -0.073712 0.033916 -0.058448
vn -0.055666 0.048743 -0.067271
vn -0.055668 0.082050 0.012995
vn -0.073710 0.065275 0.017495
vn -0.055669 0.079057 0.025515
vn -0.055672 0.074007 0.037732
vn -0.073711 0.058452 0.033912
vn -0.055667 0.067258 0.048760
vn -0.073715 -0.000026 0.067573
vn -0.055673 0.000002 0.083069
vn -0.055667 -0.013021 0.082046
vn -0.073710 -0.017481 0.065278
vn -0.055670 -0.025548 0.079045
vn -0.055671 -0.037773 0.073986
vn -0.073711 -0.033905 0.058456
vn -0.055667 -0.048779 0.067245
vn -0.007807 0.096319 -0.025725
vn -0.029961 0.095406 -0.000000
vn -0.007807 0.099695 0.000081
vn -0.029961 0.092139 0.024753
vn -0.007807 0.096277 0.025881
vn -0.029961 0.082593 0.047757
vn -0.007807 0.086298 0.049917
vn -0.029961 0.067419 0.067506
vn -0.007807 0.070438 0.070552
vn -0.029961 0.047649 0.082655
vn -0.007807 0.049777 0.086379
vn -0.029961 0.024633 0.092171
vn -0.007807 0.025725 0.096319
vn -0.029961 -0.000062 0.095406
vn -0.007807 -0.000081 0.099695
vn -0.029961 -0.024753 0.092139
vn -0.007807 -0.025881 0.096277
vn -0.029961 -0.047757 0.082593
vn -0.007807 -0.049917 0.086298
vn -0.029961 -0.067506 0.067419
vn -0.007807 -0.070552 0.070438
vn -0.029961 -0.082655 0.047649
vn -0.007807 -0.086379 0.049777
vn -0.029961 -0.092171 0.024633
vn -0.007807 -0.096319 0.025725
vn -0.029961 -0.095406 -0.000062
vn -0.007807 -0.099695 -0.000081
vn -0.029961 -0.092139 -0.024753
vn -0.007807 -0.096277 -0.025881
vn -0.029961 -0.082593 -0.047757
vn -0.007807 -0.086298 -0.049917
vn -0.029961 -0.067419 -0.067506
vn -0.007807 -0.070438 -0.070552
vn -0.029961 -0.047649 -0.082655
vn -0.007807 -0.049777 -0.086379
vn -0.029961 -0.024633 -0.092171
vn -0.007807 -0.025725 -0.096319
vn -0.029961 0.000062 -0.095406
vn -0.007807 0.000081 -0.099695
vn -0.029961 0.024753 -0.092139
vn -0.007807 0.025881 -0.096277
vn -0.029961 0.047757 -0.082593
vn -0.007807 0.049917 -0.086298
vn -0.029961 0.067506 -0.067419
vn -0.007807 0.070552 -0.070438
vn -0.029961 0.082655 -0.047649
vn -0.007807 0.086379 -0.049777
vn -0.029961 0.092171 -0.024633
vn -0.093521 0.034203 0.009165
vn -0.083201 0.055477 0.000000
vn -0.093521 0.035409 0.000000
vn -0.083201 0.053589 -0.014350
vn -0.093521 0.034203 -0.009165
vn -0.083201 0.048049 -0.027731
vn -0.093521 0.030665 -0.017705
vn -0.083201 0.039234 -0.039222
vn -0.093521 0.025038 -0.025038
vn -0.083201 0.027746 -0.048040
vn -0.093521 0.017705 -0.030665
vn -0.083201 0.014367 -0.053584
vn -0.093521 0.009165 -0.034203
vn -0.083201 0.000009 -0.055477
vn -0.093521 -0.000000 -0.035409
vn -0.083201 -0.014350 -0.053589
vn -0.093521 -0.009165 -0.034203
vn -0.083201 -0.027731 -0.048049
vn -0.093521 -0.017705 -0.030665
vn -0.083201 -0.039222 -0.039234
vn -0.093521 -0.025038 -0.025038
vn -0.083201 -0.048040 -0.027746
vn -0.093521 -0.030665 -0.017705
vn -0.083201 -0.053584 -0.014367
vn -0.093521 -0.034203 -0.009165
vn -0.083201 -0.055477 -0.000009
vn -0.093521 -0.035409 0.000000
vn -0.083201 -0.053589 0.014350
vn -0.093521 -0.034203 0.009165
vn -0.083201 -0.048049 0.027731
vn -0.093521 -0.030665 0.017705
vn -0.083201 -0.039234 0.039222
vn -0.093521 -0.025038 0.025038
vn -0.083201 -0.027746 0.048040
vn -0.093521 -0.017705 0.030665
vn -0.083201 -0.014367 0.053584
vn -0.093521 -0.009165 0.034203
vn -0.083201 -0.000009 0.055477
vn -0.093521 0.000000 0.035409
vn -0.083201 0.014350 0.053589
vn -0.093521 0.009165 0.034203
vn -0.083201 0.027731 0.048049
vn -0.093521 0.017705 0.030665
vn -0.083201 0.039222 0.039234
vn -0.093521 0.025038 0.025038
vn -0.083201 0.048040 0.027746
vn -0.093521 0.030665 0.017705
vn -0.083201 0.053584 0.014367
vn -0.050590 0.086259 0.000000
vn -0.050590 0.083309 0.022366
vn -0.068643 0.070235 0.018844
vn -0.068643 0.062965 0.036380
vn -0.068643 0.072719 0.000000
vn -0.050590 0.083331 -0.022285
vn -0.068643 0.070248 -0.018798
vn -0.050590 0.074681 0.043166
vn -0.050590 0.060965 0.061024
vn -0.050590 0.043093 0.074723
vn -0.050590 0.022285 0.083331
vn -0.050590 -0.000042 0.086259
vn -0.050590 -0.022366 0.083309
vn -0.050590 -0.043166 0.074681
vn -0.050590 -0.061024 0.060965
vn -0.050590 -0.074723 0.043093
vn -0.050590 -0.083331 0.022285
vn -0.050590 -0.086259 -0.000042
vn -0.050590 -0.083309 -0.022366
vn -0.050590 -0.074681 -0.043166
vn -0.050590 -0.060965 -0.061024
vn -0.050590 -0.043093 -0.074723
vn -0.050590 -0.022285 -0.083331
vn -0.050590 0.000042 -0.086259
vn -0.050590 0.022366 -0.083309
vn -0.050590 0.043166 -0.074681
vn -0.050590 0.061024 -0.060965
vn -0.050590 0.074723 -0.043093
vn -0.068643 0.062989 -0.036339
vn -0.068643 0.051437 -0.051404
vn -0.068643 0.036380 -0.062965
vn -0.068643 0.018844 -0.070235
vn -0.068643 0.000024 -0.072719
vn -0.068643 -0.018798 -0.070248
vn -0.068643 -0.036339 -0.062989
vn -0.068643 -0.051404 -0.051437
vn -0.068643 -0.062965 -0.036380
vn -0.068643 -0.070235 -0.018844
vn -0.068643 -0.072719 -0.000024
vn -0.068643 -0.070248 0.018798
vn -0.068643 -0.062989 0.036339
vn -0.068643 -0.051437 0.051404
vn -0.068643 -0.036380 0.062965
vn -0.068643 -0.018844 0.070235
vn -0.068643 -0.000024 0.072719
vn -0.068643 0.018798 0.070248
vn -0.068643 0.036339 0.062989
vn -0.068643 0.051404 0.051437
vn 0.000000 0.057920 0.081519
vn 0.000000 0.068461 0.072891
vn 0.000000 0.076508 0.064394
vn 0.000000 0.069460 0.071939
vn 0.000000 0.070711 0.070711
vn 0.000000 0.067859 0.073452
vn 0.000000 0.064543 0.076382
vn 0.000000 0.060104 0.079922
vn 0.000000 0.050000 0.086603
vn 0.000000 0.054758 0.083675
vn 0.000000 0.048133 0.087654
vn 0.000000 0.040263 0.091536
vn 0.000000 0.031417 0.094937
vn 0.000000 0.025882 0.096593
vn 0.000000 0.021774 0.097601
vn 0.000000 0.011615 0.099323
vn 0.000000 -0.000000 0.100000
vn 0.000000 0.001186 0.099993
vn 0.000000 -0.009276 0.099569
vn 0.000000 -0.025882 0.096593
vn 0.000000 -0.019467 0.098087
vn 0.000000 -0.029183 0.095647
vn 0.000000 -0.038122 0.092448
vn 0.000000 -0.050000 0.086603
vn 0.000000 -0.046081 0.088750
vn 0.000000 -0.052850 0.084893
vn 0.000000 -0.058267 0.081271
vn 0.000000 -0.062372 0.078165
vn 0.000000 -0.070711 0.070711
vn 0.000000 -0.065189 0.075831
vn 0.000000 -0.067813 0.073495
vn 0.000000 -0.075157 0.065966
vn 0.000000 -0.065356 0.075688
vn 0.000000 -0.056217 0.082702
vn 0.000000 -0.086603 0.050000
vn 0.000000 -0.089295 0.045016
vn 0.000000 -0.096593 0.025882
vn 0.000000 -0.097729 0.021190
vn 0.000000 -0.100000 0.000000
vn 0.000000 -0.099920 -0.003989
vn 0.000000 -0.096593 -0.025882
vn 0.000000 -0.095729 -0.028913
vn 0.000000 -0.086603 -0.050000
vn 0.000000 -0.085422 -0.051991
vn 0.000000 -0.070711 -0.070711
vn 0.000000 -0.069659 -0.071747
vn 0.000000 -0.050000 -0.086603
vn 0.000000 -0.049446 -0.086920
vn 0.000000 -0.025882 -0.096593
vn 0.000000 -0.026074 -0.096541
vn 0.000000 -0.001037 -0.099995
vn 0.000000 -0.000000 -0.100000
vn -0.000000 0.024067 -0.097061
vn -0.000000 0.025882 -0.096593
vn -0.000000 0.047633 -0.087927
vn -0.000000 0.050000 -0.086603
vn -0.000000 0.068156 -0.073176
vn -0.000000 0.070711 -0.070711
vn -0.000000 0.084326 -0.053751
vn -0.000000 0.086603 -0.050000
vn -0.000000 0.095109 -0.030892
vn -0.000000 0.096593 -0.025882
vn -0.000000 0.099816 -0.006060
vn -0.000000 0.100000 -0.000000
vn 0.000000 0.098147 0.019160
vn 0.000000 0.096593 0.025882
vn 0.000000 0.090209 0.043155
vn 0.000000 0.086603 0.050000
vn 0.000000 -0.096593 -0.025882
vn 0.000000 -0.096593 -0.025882
vn 0.000000 -0.100000 -0.000000
vn 0.000000 -0.100000 -0.000000
vn 0.000000 -0.096593 0.025882
vn 0.000000 -0.096593 0.025882
vn 0.000000 -0.086603 0.050000
vn 0.000000 -0.086603 0.050000
vn 0.000000 -0.070711 0.070711
vn 0.000000 -0.070711 0.070711
vn 0.000000 -0.050000 0.086603
vn 0.000000 -0.050000 0.086603
vn 0.000000 -0.025882 0.096593
vn 0.000000 -0.025882 0.096593
vn 0.000000 0.000000 0.100000
vn 0.000000 0.000000 0.100000
vn 0.000000 0.025882 0.096593
vn 0.000000 0.025882 0.096593
vn 0.000000 0.050000 0.086603
vn 0.000000 0.050000 0.086603
vn 0.000000 0.070711 0.070711
vn 0.000000 0.070711 0.070711
vn 0.000000 0.086603 0.050000
vn 0.000000 0.086603 0.050000
vn 0.000000 0.096593 0.025882
vn 0.000000 0.096593 0.025882
vn 0.000000 0.100000 0.000000
vn 0.000000 0.100000 0.000000
vn 0.000000 0.096593 -0.025882
vn 0.000000 0.096593 -0.025882
vn 0.000000 0.086603 -0.050000
vn 0.000000 0.086603 -0.050000
vn 0.000000 0.070711 -0.070711
vn 0.000000 0.070711 -0.070711
vn 0.000000 0.050000 -0.086603
vn 0.000000 0.050000 -0.086603
vn 0.000000 0.025882 -0.096593
vn 0.000000 0.025882 -0.096593
vn 0.000000 0.000000 -0.100000
vn 0.000000 -0.000000 -0.100000
vn 0.000000 -0.025882 -0.096593
vn 0.000000 -0.025882 -0.096593
vn 0.000000 -0.050000 -0.086603
vn 0.000000 -0.050000 -0.086603
vn 0.000000 -0.070711 -0.070711
vn 0.000000 -0.070711 -0.070711
vn 0.000000 -0.086603 -0.050000
vn 0.000000 -0.086603 -0.050000
vn -0.100000 0.000000 0.000000
vn -0.100000 0.000000 0.000000
vn -0.100000 0.000000 0.000000
vn -0.100000 0.000000 0.000000
vn -0.100000 0.000000 0.000000
vn -0.100000 0.000000 0.000000
vn -0.100000 0.000000 0.000000
vn -0.100000 0.000000 0.000000
vn -0.100000 0.000000 0.000000
vn -0.100000 0.000000 0.000000
vn -0.100000 0.000000 0.000000
vn -0.100000 0.000000 0.000000
vn -0.100000 0.000000 0.000000
vn -0.100000 0.000000 0.000000
vn -0.100000 0.000000 0.000000
vn -0.100000 0.000000 0.000000
vn -0.100000 0.000000 0.000000
vn -0.100000 0.000000 0.000000
vn -0.100000 0.000000 0.000000
vn -0.100000 0.000000 0.000000
vn -0.100000 0.000000 0.000000
vn -0.100000 0.000000 0.000000
vn -0.100000 0.000000 0.000000
vn -0.100000 0.000000 0.000000
vn -0.100000 0.000000 0.000000
vn -0.100000 0.000000 0.000000
vn -0.100000 0.000000 0.000000
vn -0.100000 0.000000 0.000000
vn -0.100000 0.000000 0.000000
vn -0.100000 0.000000 0.000000
vn -0.100000 0.000000 0.000000
vn -0.100000 0.000000 0.000000
vn -0.100000 0.000000 0.000000
vn -0.100000 0.000000 0.000000
vn -0.100000 0.000000 0.000000
vn -0.100000 0.000000 0.000000
vn -0.100000 0.000000 0.000000
vn -0.100000 0.000000 0.000000
vn -0.100000 0.000000 0.000000
vn -0.100000 0.000000 0.000000
vn -0.100000 0.000000 0.000000
vn -0.100000 0.000000 0.000000
vn -0.100000 0.000000 0.000000
vn -0.100000 0.000000 0.000000
vn -0.100000 0.000000 0.000000
vn -0.100000 0.000000 0.000000
vn -0.100000 0.000000 0.000000
vn -0.100000 0.000000 0.000000
vn 0.000000 -0.096593 0.025882
vn -0.024005 -0.097076 0.000003
vn 0.000000 -0.100000 -0.000000
vn -0.024005 -0.093768 -0.025125
vn 0.000000 -0.096593 -0.025882
vn 0.000000 -0.086603 -0.050000
vn -0.024005 -0.084070 -0.048538
vn -0.024005 -0.068645 -0.068642
vn -0.046605 -0.062565 -0.062559
vn -0.046605 -0.044238 -0.076622
vn -0.066481 -0.037351 -0.064693
vn -0.046605 -0.022899 -0.085461
vn -0.066481 -0.019334 -0.072156
vn -0.066481 -0.000004 -0.074701
vn -0.082469 -0.000004 -0.056559
vn -0.082469 0.014638 -0.054632
vn -0.093634 0.009087 -0.033912
vn -0.082469 0.028279 -0.048981
vn -0.093634 0.017554 -0.030405
vn -0.093634 0.024825 -0.024827
vn -0.099324 0.008206 -0.008207
vn -0.099324 0.010051 -0.005803
vn -0.099206 -0.010891 0.006288
vn -0.099324 0.011210 -0.003004
vn -0.099206 -0.012147 0.003255
vn -0.099324 0.011606 -0.000000
vn -0.099206 -0.012576 0.000000
vn -0.099324 0.011210 0.003004
vn -0.099206 -0.012147 -0.003255
vn -0.099324 0.010051 0.005803
vn -0.099206 -0.010891 -0.006288
vn -0.099206 -0.008897 -0.008888
vn -0.093287 -0.025487 -0.025456
vn -0.093287 -0.018011 -0.031196
vn -0.081912 -0.028681 -0.049677
vn -0.093287 -0.009323 -0.034795
vn -0.081912 -0.014846 -0.055407
vn -0.093287 -0.000000 -0.036022
vn -0.081912 -0.000000 -0.057362
vn -0.093287 0.009323 -0.034795
vn -0.081912 0.014846 -0.055407
vn -0.093287 0.018011 -0.031196
vn -0.081912 0.028681 -0.049677
vn -0.081912 0.040545 -0.040577
vn -0.065748 0.053256 -0.053302
vn -0.065748 0.065253 -0.037674
vn -0.045739 0.077013 -0.044463
vn -0.065748 0.072780 -0.019501
vn -0.045739 0.085897 -0.023016
vn -0.045739 0.088927 -0.000033
vn -0.023056 0.095424 -0.019047
vn -0.023074 0.097302 -0.000039
vn 0.000000 -0.086603 0.050000
vn -0.024005 -0.084070 0.048538
vn -0.024005 -0.093768 0.025125
vn -0.046605 -0.088476 0.000006
vn -0.046605 -0.085461 -0.022899
vn -0.066481 -0.072156 -0.019334
vn -0.046605 -0.076622 -0.044238
vn -0.066481 -0.064693 -0.037351
vn -0.066481 -0.052826 -0.052818
vn -0.082469 -0.039997 -0.039989
vn -0.082469 -0.028279 -0.048981
vn -0.093634 -0.017554 -0.030405
vn -0.082469 -0.014638 -0.054632
vn -0.093634 -0.009087 -0.033912
vn -0.093634 -0.000003 -0.035109
vn -0.099324 -0.000001 -0.011606
vn -0.099324 0.003004 -0.011210
vn -0.099206 -0.003255 0.012147
vn -0.099324 0.005803 -0.010051
vn -0.099206 -0.006288 0.010891
vn -0.099206 -0.008892 0.008893
vn -0.093287 -0.025470 0.025473
vn -0.093287 -0.031196 0.018011
vn -0.081912 -0.049677 0.028681
vn -0.093287 -0.034795 0.009323
vn -0.081912 -0.055407 0.014846
vn -0.093287 -0.036022 0.000000
vn -0.081912 -0.057362 0.000000
vn -0.093287 -0.034795 -0.009323
vn -0.081912 -0.055407 -0.014846
vn -0.093287 -0.031196 -0.018011
vn -0.081912 -0.049677 -0.028681
vn -0.081912 -0.040589 -0.040533
vn -0.065748 -0.053320 -0.053238
vn -0.065748 -0.037674 -0.065253
vn -0.045739 -0.044463 -0.077013
vn -0.065748 -0.019501 -0.072780
vn -0.045739 -0.023016 -0.085897
vn -0.065748 -0.000000 -0.075347
vn -0.045739 -0.000000 -0.088927
vn -0.065748 0.019501 -0.072780
vn -0.045739 0.023016 -0.085897
vn -0.065748 0.037674 -0.065253
vn -0.045739 0.044463 -0.077013
vn -0.045739 0.062851 -0.062911
vn -0.023056 0.053994 -0.080951
vn -0.023073 0.068767 -0.068838
vn 0.000000 -0.070711 0.070711
vn -0.024005 -0.068640 0.068646
vn -0.046605 -0.076622 0.044238
vn -0.046605 -0.062556 0.062567
vn -0.066481 -0.064693 0.037351
vn -0.066481 -0.052815 0.052829
vn -0.082469 -0.048981 0.028279
vn -0.082469 -0.039986 0.040000
vn -0.093634 -0.030405 0.017554
vn -0.093634 -0.024820 0.024831
vn -0.099324 -0.010051 0.005803
vn -0.099324 -0.008204 0.008209
vn -0.099206 0.010891 -0.006288
vn -0.099206 0.008890 -0.008895
vn -0.093287 0.031196 -0.018011
vn -0.093287 0.025463 -0.025480
vn -0.081912 0.049677 -0.028681
vn 0.000000 -0.050000 0.086603
vn -0.024005 -0.048538 0.084070
vn -0.046605 -0.044238 0.076622
vn -0.066481 -0.037351 0.064693
vn -0.082469 -0.028279 0.048981
vn -0.093634 -0.017554 0.030405
vn -0.099324 -0.005803 0.010051
vn -0.099206 0.006288 -0.010891
vn -0.024005 -0.025125 0.093768
vn 0.000000 -0.025882 0.096593
vn -0.024005 -0.000000 0.097076
vn 0.000000 -0.000000 0.100000
vn -0.024005 0.025125 0.093768
vn 0.000000 0.025882 0.096593
vn -0.024005 0.048538 0.084070
vn 0.000000 0.050000 0.086603
vn 0.000000 0.070711 0.070711
vn -0.024005 0.068649 0.068638
vn 0.000000 0.086603 0.050000
vn -0.024005 0.084070 0.048538
vn -0.024005 0.093768 0.025125
vn -0.046605 0.085461 0.022899
vn -0.046605 0.088476 -0.000000
vn -0.066481 0.074701 -0.000000
vn -0.066481 0.072156 -0.019334
vn -0.082469 0.054632 -0.014638
vn -0.082469 0.048981 -0.028279
vn -0.093634 0.030405 -0.017554
vn -0.082469 0.039992 -0.039994
vn 0.000000 0.096593 0.025882
vn -0.024005 0.097076 -0.000000
vn -0.046605 0.085461 -0.022899
vn -0.066481 0.064693 -0.037351
vn -0.066481 0.052821 -0.052823
vn -0.066481 0.037351 -0.064693
vn 0.000000 0.100000 -0.000000
vn -0.024005 0.093768 -0.025125
vn -0.046605 0.076622 -0.044238
vn -0.046605 0.062561 -0.062563
vn -0.046605 0.044238 -0.076622
vn -0.066481 0.019334 -0.072156
vn 0.000000 0.096593 -0.025882
vn -0.024005 0.084070 -0.048538
vn -0.024005 0.068643 -0.068644
vn -0.024005 0.048538 -0.084070
vn -0.046605 0.022899 -0.085461
vn -0.046605 -0.000003 -0.088476
vn 0.000000 0.086603 -0.050000
vn 0.000000 0.070711 -0.070711
vn 0.000000 0.050000 -0.086603
vn -0.024005 0.025125 -0.093768
vn -0.024005 -0.000002 -0.097076
vn -0.024005 -0.025125 -0.093768
vn 0.000000 0.025882 -0.096593
vn 0.000000 0.000000 -0.100000
vn 0.000000 -0.025882 -0.096593
vn -0.024005 -0.048538 -0.084070
vn 0.000000 -0.050000 -0.086603
vn 0.000000 -0.070711 -0.070711
vn -0.023075 -0.097301 -0.000039
vn -0.023075 -0.097301 -0.000079
vn -0.045739 -0.088927 0.000000
vn -0.023072 -0.095434 -0.018973
vn -0.045739 -0.085897 -0.023016
vn -0.023073 -0.089923 -0.037168
vn -0.045739 -0.077013 -0.044463
vn -0.023074 -0.080960 -0.053974
vn -0.045739 -0.062934 -0.062827
vn -0.023077 -0.068866 -0.068739
vn -0.023074 -0.054143 -0.080846
vn -0.023073 -0.037298 -0.089869
vn -0.023057 -0.019077 -0.095417
vn -0.023072 -0.000061 -0.097302
vn -0.023056 0.018897 -0.095453
vn -0.023072 0.037184 -0.089917
vn -0.023056 0.080867 -0.054121
vn -0.023073 0.089878 -0.037277
vn -0.023055 0.095447 0.018927
vn -0.045739 0.085897 0.023016
vn -0.065748 0.075347 -0.000025
vn -0.065748 0.072780 0.019501
vn -0.081912 0.057362 -0.000017
vn -0.081912 0.055407 0.014846
vn -0.093287 0.036022 -0.000010
vn -0.093287 0.034795 0.009323
vn -0.099206 0.012576 -0.000003
vn -0.099206 0.012147 0.003255
vn -0.099324 -0.011606 0.000002
vn -0.099324 -0.011210 -0.003004
vn -0.093634 -0.035109 0.000006
vn -0.093634 -0.033912 -0.009087
vn -0.082469 -0.056559 0.000008
vn -0.082469 -0.054632 -0.014638
vn -0.066481 -0.074701 0.000008
vn -0.023074 0.089908 0.037204
vn -0.045739 0.077013 0.044463
vn -0.065748 0.065253 0.037674
vn -0.045739 0.062898 0.062864
vn -0.065748 0.053292 0.053265
vn -0.045739 0.044463 0.077013
vn -0.065748 0.037674 0.065253
vn -0.065748 0.019501 0.072780
vn -0.081912 0.014846 0.055407
vn -0.065748 0.000012 0.075347
vn -0.081912 0.000008 0.057362
vn -0.065748 -0.019501 0.072780
vn -0.081912 -0.014846 0.055407
vn -0.081912 -0.028681 0.049677
vn -0.093287 -0.018011 0.031196
vn -0.081912 -0.040558 0.040564
vn -0.023055 0.080935 0.054019
vn -0.023074 0.068823 0.068782
vn -0.023055 0.054095 0.080884
vn -0.023074 0.037258 0.089886
vn -0.045739 0.023016 0.085897
vn -0.023055 0.019017 0.095430
vn -0.045739 0.000016 0.088927
vn -0.023074 0.000019 0.097301
vn -0.023055 -0.018957 0.095442
vn -0.045739 -0.023016 0.085897
vn -0.023075 -0.037223 0.089900
vn -0.045739 -0.044463 0.077013
vn -0.023055 -0.054044 0.080918
vn -0.045739 -0.062875 0.062886
vn -0.023075 -0.068796 0.068809
vn -0.023055 -0.080901 0.054070
vn -0.045739 -0.077013 0.044463
vn -0.023075 -0.089893 0.037240
vn -0.045739 -0.085897 0.023016
vn -0.023055 -0.095436 0.018987
vn -0.046605 -0.000000 0.088476
vn -0.046605 -0.022899 0.085461
vn -0.066481 -0.000000 0.074701
vn -0.066481 -0.019334 0.072156
vn -0.046605 0.022899 0.085461
vn -0.046605 0.044238 0.076622
vn -0.082469 -0.000000 0.056559
vn -0.082469 -0.014638 0.054632
vn -0.066481 0.019334 0.072156
vn -0.066481 0.037351 0.064693
vn -0.046605 0.062571 0.062552
vn -0.093634 -0.000000 0.035109
vn -0.093634 -0.009087 0.033912
vn -0.082469 0.014638 0.054632
vn -0.082469 0.028279 0.048981
vn -0.066481 0.052834 0.052810
vn -0.046605 0.076622 0.044238
vn -0.099324 -0.000000 0.011606
vn -0.099324 -0.003004 0.011210
vn -0.093634 0.009087 0.033912
vn -0.093634 0.017554 0.030405
vn -0.082469 0.040005 0.039981
vn -0.066481 0.064693 0.037351
vn -0.066481 0.072156 0.019334
vn -0.099206 0.000000 -0.012576
vn -0.099206 0.003255 -0.012147
vn -0.099324 0.003004 0.011210
vn -0.099324 0.005803 0.010051
vn -0.093634 0.024835 0.024816
vn -0.082469 0.048981 0.028279
vn -0.082469 0.054632 0.014638
vn -0.082469 0.056559 -0.000000
vn -0.099206 -0.003255 -0.012147
vn -0.099206 -0.006288 -0.010891
vn -0.099324 0.008210 0.008203
vn -0.093634 0.030405 0.017554
vn -0.093634 0.033912 0.009087
vn -0.093634 0.035109 -0.000000
vn -0.093634 0.033912 -0.009087
vn -0.046605 -0.085461 0.022899
vn -0.066481 -0.072156 0.019334
vn -0.082469 -0.054632 0.014638
vn -0.093634 -0.033912 0.009087
vn -0.099324 -0.011210 0.003004
vn -0.099206 0.012147 -0.003255
vn -0.093287 0.034795 -0.009323
vn -0.081912 0.055407 -0.014846
vn -0.065748 -0.065253 -0.037674
vn -0.065748 -0.072780 -0.019501
vn -0.065748 -0.075347 0.000000
vn -0.065748 -0.072780 0.019501
vn -0.065748 -0.065253 0.037674
vn -0.065748 -0.053274 0.053283
vn -0.065748 -0.037674 0.065253
vn -0.093287 -0.009323 0.034795
vn -0.099206 0.000001 0.012576
vn -0.099324 -0.003004 -0.011210
vn -0.099324 -0.005803 -0.010051
vn -0.093634 -0.024829 -0.024823
vn -0.082469 -0.048981 -0.028279
vn -0.093287 0.000005 0.036022
vn -0.093287 0.009323 0.034795
vn -0.081912 0.028681 0.049677
vn -0.081912 0.040570 0.040552
vn -0.081912 0.049677 0.028681
vn -0.099206 0.003255 0.012147
vn -0.099206 0.006288 0.010891
vn -0.099324 -0.008208 -0.008205
vn -0.093634 -0.030405 -0.017554
vn -0.093287 0.018011 0.031196
vn -0.093287 0.025477 0.025466
vn -0.093287 0.031196 0.018011
vn -0.099206 0.008894 0.008891
vn -0.099324 -0.010051 -0.005803
vn -0.099206 0.010891 0.006288
vn 0.000000 -0.096593 0.025882
vn 0.000000 -0.100000 0.000000
vn 0.000000 -0.096593 -0.025882
vn 0.000000 -0.086603 -0.050000
vn 0.000000 -0.070711 -0.070711
vn 0.000000 -0.050000 -0.086603
vn 0.000000 -0.025882 -0.096593
vn 0.000000 0.000000 -0.100000
vn 0.000000 0.025882 -0.096593
vn 0.000000 0.050000 -0.086603
vn 0.000000 0.070711 -0.070711
vn 0.000000 0.086603 -0.050000
vn 0.000000 0.096593 -0.025882
vn 0.000000 0.100000 0.000000
vn 0.000000 0.096593 0.025882
vn 0.000000 0.086603 0.050000
vn 0.000000 0.070711 0.070711
vn 0.000000 0.050000 0.086603
vn 0.000000 0.025882 0.096593
vn 0.000000 0.000000 0.100000
vn 0.000000 -0.025882 0.096593
vn 0.000000 -0.050000 0.086603
vn 0.000000 -0.070711 0.070711
vn 0.000000 -0.086603 0.050000
vn -0.086603 -0.048296 -0.012941
vn -0.073801 -0.065179 -0.017465
vn -0.086603 -0.050000 0.000000
vn -0.073801 -0.067479 0.000000
vn -0.086603 -0.048296 0.012941
vn -0.073801 -0.065179 0.017465
vn -0.086603 -0.043301 0.025000
vn -0.073801 -0.058438 0.033739
vn -0.086603 -0.035355 0.035355
vn -0.073801 -0.047715 0.047715
vn -0.086603 -0.025000 0.043301
vn -0.073801 -0.033739 0.058438
vn -0.086603 -0.012941 0.048296
vn -0.073801 -0.017465 0.065179
vn -0.086603 0.000000 0.050000
vn -0.073801 0.000000 0.067479
vn -0.086603 0.012941 0.048296
vn -0.073801 0.017465 0.065179
vn -0.086603 0.025000 0.043301
vn -0.073801 0.033739 0.058438
vn -0.086603 0.035355 0.035355
vn -0.073801 0.047715 0.047715
vn -0.086603 0.043301 0.025000
vn -0.073801 0.058438 0.033739
vn -0.086603 0.048296 0.012941
vn -0.073801 0.065179 0.017465
vn -0.086603 0.050000 0.000000
vn -0.073801 0.067479 0.000000
vn -0.086603 0.048296 -0.012941
vn -0.073801 0.065179 -0.017465
vn -0.086603 0.043301 -0.025000
vn -0.073801 0.058438 -0.033739
vn -0.086603 0.035355 -0.035355
vn -0.073801 0.047715 -0.047715
vn -0.086603 0.025000 -0.043301
vn -0.073801 0.033739 -0.058438
vn -0.086603 0.012941 -0.048296
vn -0.073801 0.017465 -0.065179
vn -0.086603 0.000000 -0.050000
vn -0.073801 0.000000 -0.067479
vn -0.086603 -0.012941 -0.048296
vn -0.073801 -0.017465 -0.065179
vn -0.086603 -0.025000 -0.043301
vn -0.073801 -0.033739 -0.058438
vn -0.086603 -0.035355 -0.035355
vn -0.073801 -0.047715 -0.047715
vn -0.086603 -0.043301 -0.025000
vn -0.073801 -0.058438 -0.033739
vn -0.017794 0.025469 0.095051
vn -0.038570 0.023879 0.089119
vn -0.017794 0.000000 0.098404
vn -0.038570 0.000000 0.092262
vn -0.017794 -0.025469 0.095051
vn -0.038570 -0.023879 0.089119
vn -0.017794 -0.049202 0.085221
vn -0.038570 -0.046131 0.079902
vn -0.017794 -0.069582 0.069582
vn -0.038570 -0.065239 0.065239
vn -0.017794 -0.085221 0.049202
vn -0.038570 -0.079902 0.046131
vn -0.017794 -0.095051 0.025469
vn -0.038570 -0.089119 0.023879
vn -0.017794 -0.098404 0.000000
vn -0.038570 -0.092262 0.000000
vn -0.017794 -0.095051 -0.025469
vn -0.038570 -0.089119 -0.023879
vn -0.017794 -0.085221 -0.049202
vn -0.038570 -0.079902 -0.046131
vn -0.017794 -0.069582 -0.069582
vn -0.038570 -0.065239 -0.065239
vn -0.017794 -0.049202 -0.085221
vn -0.038570 -0.046131 -0.079902
vn -0.017794 -0.025469 -0.095051
vn -0.038570 -0.023879 -0.089119
vn -0.017794 -0.000000 -0.098404
vn -0.038570 -0.000000 -0.092262
vn -0.017794 0.025469 -0.095051
vn -0.038570 0.023879 -0.089119
vn -0.017794 0.049202 -0.085221
vn -0.038570 0.046131 -0.079902
vn -0.017794 0.069582 -0.069582
vn -0.038570 0.065239 -0.065239
vn -0.017794 0.085221 -0.049202
vn -0.038570 0.079902 -0.046131
vn -0.017794 0.095051 -0.025469
vn -0.038570 0.089119 -0.023879
vn -0.017794 0.098404 -0.000000
vn -0.038570 0.092262 -0.000000
vn -0.017794 0.095051 0.025469
vn -0.038570 0.089119 0.023879
vn -0.017794 0.085221 0.049202
vn -0.038570 0.079902 0.046131
vn -0.017794 0.069582 0.069582
vn -0.038570 0.065239 0.065239
vn -0.017794 0.049202 0.085221
vn -0.038570 0.046131 0.079902
vn -0.057536 0.081790 -0.000000
vn -0.057536 0.079003 -0.021169
vn -0.057536 0.070832 -0.040895
vn -0.057536 0.057834 -0.057834
vn -0.057536 0.040895 -0.070832
vn -0.057536 0.021169 -0.079003
vn -0.057536 0.000000 -0.081790
vn -0.057536 -0.021169 -0.079003
vn -0.057536 -0.040895 -0.070832
vn -0.057536 -0.057834 -0.057834
vn -0.057536 -0.070832 -0.040895
vn -0.057536 -0.079003 -0.021169
vn -0.057536 -0.081790 0.000000
vn -0.057536 -0.079003 0.021169
vn -0.057536 -0.070832 0.040895
vn -0.057536 -0.057834 0.057834
vn -0.057536 -0.040895 0.070832
vn -0.057536 -0.021169 0.079003
vn -0.057536 0.000000 0.081790
vn -0.057536 0.021169 0.079003
vn -0.057536 0.040895 0.070832
vn -0.057536 0.057834 0.057834
vn -0.057536 0.070832 0.040895
vn -0.057536 0.079003 0.021169
vn 0.083215 -0.052101 -0.018993
vn 0.068489 -0.071995 -0.011228
vn 0.085355 -0.052101 -0.000000
vn 0.069301 -0.071995 0.003757
vn 0.083215 -0.052101 0.018993
vn 0.066873 -0.071995 0.018567
vn 0.076902 -0.052101 0.037034
vn 0.061318 -0.071995 0.032509
vn 0.066733 -0.052101 0.053218
vn 0.052896 -0.071995 0.044931
vn 0.053218 -0.052101 0.066733
vn 0.042001 -0.071995 0.055251
vn 0.037034 -0.052101 0.076902
vn 0.029142 -0.071995 0.062988
vn 0.018993 -0.052101 0.083215
vn 0.014920 -0.071995 0.067780
vn 0.000000 -0.052101 0.085355
vn 0.000000 -0.071995 0.069403
vn -0.014920 -0.071995 0.067780
vn -0.000000 -0.087207 0.048938
vn -0.010520 -0.087207 0.047794
vn -0.000000 -0.096749 0.025291
vn -0.005437 -0.096749 0.024700
vn 0.000000 -0.100000 -0.000000
vn 0.000000 -0.100000 -0.000000
vn 0.064474 -0.071995 -0.025689
vn 0.076902 -0.052101 -0.037034
vn 0.057444 -0.071995 -0.038948
vn 0.066733 -0.052101 -0.053218
vn 0.047728 -0.071995 -0.050386
vn 0.053218 -0.052101 -0.066733
vn 0.035781 -0.071995 -0.059468
vn 0.037034 -0.052101 -0.076902
vn 0.022160 -0.071995 -0.065770
vn 0.018993 -0.052101 -0.083215
vn 0.007504 -0.071995 -0.068996
vn -0.000000 -0.052101 -0.085355
vn -0.007504 -0.071995 -0.068996
vn -0.018993 -0.052101 -0.083215
vn -0.022160 -0.071995 -0.065770
vn -0.037034 -0.052101 -0.076902
vn -0.035781 -0.071995 -0.059468
vn -0.053218 -0.052101 -0.066733
vn -0.047728 -0.071995 -0.050386
vn -0.066733 -0.052101 -0.053218
vn -0.057444 -0.071995 -0.038948
vn -0.076902 -0.052101 -0.037034
vn -0.064474 -0.071995 -0.025689
vn -0.083215 -0.052101 -0.018993
vn -0.068489 -0.071995 -0.011228
vn -0.085355 -0.052101 -0.000000
vn -0.069301 -0.071995 0.003757
vn -0.083215 -0.052101 0.018993
vn -0.066873 -0.071995 0.018567
vn -0.076902 -0.052101 0.037034
vn -0.061318 -0.071995 0.032509
vn -0.066733 -0.052101 0.053218
vn -0.052896 -0.071995 0.044931
vn -0.053218 -0.052101 0.066733
vn -0.042001 -0.071995 0.055251
vn -0.037034 -0.052101 0.076902
vn -0.029142 -0.071995 0.062988
vn -0.018993 -0.052101 0.083215
vn -0.000000 -0.100000 -0.000000
vn 0.025254 -0.096749 0.001369
vn -0.000000 -0.100000 0.000000
vn 0.024958 -0.096749 -0.004092
vn -0.000000 -0.100000 0.000000
vn 0.023495 -0.096749 -0.009361
vn -0.000000 -0.100000 0.000000
vn 0.020933 -0.096749 -0.014193
vn 0.000000 -0.100000 -0.000000
vn 0.017393 -0.096749 -0.018361
vn -0.000000 -0.100000 0.000000
vn 0.013039 -0.096749 -0.021671
vn 0.000000 -0.100000 -0.000000
vn 0.008076 -0.096749 -0.023967
vn 0.000000 -0.100000 -0.000000
vn 0.002734 -0.096749 -0.025143
vn -0.000000 -0.100000 0.000000
vn -0.002734 -0.096749 -0.025143
vn -0.000000 -0.100000 -0.000000
vn -0.008076 -0.096749 -0.023967
vn 0.000000 -0.100000 0.000000
vn -0.013039 -0.096749 -0.021671
vn 0.000000 -0.100000 0.000000
vn -0.017393 -0.096749 -0.018361
vn 0.000000 -0.100000 0.000000
vn -0.020933 -0.096749 -0.014193
vn 0.000000 -0.100000 0.000000
vn -0.023495 -0.096749 -0.009361
vn 0.000000 -0.100000 0.000000
vn -0.024958 -0.096749 -0.004092
vn 0.000000 -0.100000 0.000000
vn -0.025254 -0.096749 0.001369
vn 0.000000 -0.100000 -0.000000
vn -0.024370 -0.096749 0.006766
vn 0.000000 -0.100000 -0.000000
vn -0.022345 -0.096749 0.011847
vn 0.000000 -0.100000 -0.000000
vn -0.019276 -0.096749 0.016373
vn -0.000000 -0.100000 0.000000
vn -0.015306 -0.096749 0.020134
vn 0.000000 -0.100000 -0.000000
vn -0.010620 -0.096749 0.022954
vn 0.024370 -0.096749 0.006766
vn -0.000000 -0.100000 -0.000000
vn 0.022345 -0.096749 0.011847
vn -0.000000 -0.100000 -0.000000
vn 0.019276 -0.096749 0.016373
vn -0.000000 -0.100000 -0.000000
vn 0.015306 -0.096749 0.020134
vn -0.000000 -0.100000 -0.000000
vn 0.010620 -0.096749 0.022954
vn -0.000000 -0.100000 -0.000000
vn 0.005437 -0.096749 0.024700
vn -0.000000 -0.100000 -0.000000
vn 0.010520 -0.087207 0.047794
vn 0.020549 -0.087207 0.044415
vn 0.029616 -0.087207 0.038959
vn 0.037299 -0.087207 0.031682
vn 0.043238 -0.087207 0.022923
vn 0.047154 -0.087207 0.013092
vn 0.048866 -0.087207 0.002649
vn 0.048294 -0.087207 -0.007917
vn 0.045462 -0.087207 -0.018114
vn 0.040506 -0.087207 -0.027464
vn 0.033655 -0.087207 -0.035529
vn 0.025230 -0.087207 -0.041933
vn 0.015626 -0.087207 -0.046376
vn 0.005291 -0.087207 -0.048651
vn -0.005291 -0.087207 -0.048651
vn -0.015626 -0.087207 -0.046376
vn -0.025230 -0.087207 -0.041933
vn -0.033655 -0.087207 -0.035529
vn -0.040506 -0.087207 -0.027464
vn -0.045462 -0.087207 -0.018114
vn -0.048294 -0.087207 -0.007917
vn -0.048866 -0.087207 0.002649
vn -0.047154 -0.087207 0.013092
vn -0.043238 -0.087207 0.022923
vn -0.037299 -0.087207 0.031682
vn -0.029616 -0.087207 0.038959
vn -0.020549 -0.087207 0.044415
vn 0.000000 -0.100000 0.000000
vn 0.000000 -0.100000 0.000000
vn 0.000000 -0.100000 0.000000
vn 0.000000 -0.100000 0.000000
vn 0.000000 -0.100000 0.000000
vn 0.000000 -0.100000 0.000000
vn 0.000000 -0.100000 0.000000
vn 0.000000 -0.100000 0.000000
vn 0.000000 -0.100000 0.000000
vn 0.000000 -0.100000 0.000000
vn 0.000000 -0.100000 0.000000
vn 0.000000 -0.100000 0.000000
vn 0.000000 -0.100000 0.000000
vn 0.000000 -0.100000 0.000000
vn 0.000000 -0.100000 0.000000
vn 0.000000 -0.100000 0.000000
vn 0.000000 -0.100000 0.000000
vn 0.000000 -0.100000 0.000000
vn 0.000000 -0.100000 0.000000
vn 0.000000 -0.100000 0.000000
vn 0.000000 -0.100000 0.000000
vn 0.000000 -0.100000 0.000000
vn 0.000000 -0.100000 0.000000
vn 0.000000 -0.100000 0.000000
vn 0.000000 -0.100000 0.000000
vn 0.000000 -0.100000 0.000000
vn 0.000000 -0.100000 0.000000
vn 0.000000 -0.100000 0.000000
vn 0.000000 -0.100000 0.000000
vn 0.082447 -0.052101 -0.022092
vn 0.085355 -0.052101 -0.000000
vn 0.073920 -0.052101 -0.042678
vn 0.060355 -0.052101 -0.060355
vn 0.042678 -0.052101 -0.073920
vn 0.022092 -0.052101 -0.082447
vn -0.000000 -0.052101 -0.085355
vn -0.022092 -0.052101 -0.082447
vn -0.042678 -0.052101 -0.073920
vn -0.060355 -0.052101 -0.060355
vn -0.073920 -0.052101 -0.042678
vn -0.082447 -0.052101 -0.022092
vn -0.085355 -0.052101 0.000000
vn -0.082447 -0.052101 0.022092
vn -0.073920 -0.052101 0.042678
vn -0.060355 -0.052101 0.060355
vn -0.042678 -0.052101 0.073920
vn -0.022092 -0.052101 0.082447
vn -0.000000 -0.052101 0.085355
vn 0.022092 -0.052101 0.082447
vn 0.042678 -0.052101 0.073920
vn 0.060355 -0.052101 0.060355
vn 0.073920 -0.052101 0.042678
vn 0.082447 -0.052101 0.022092
vn -0.025832 -0.096513 0.004235
vn -0.026138 -0.096513 -0.001417
vn -0.025223 -0.096513 -0.007003
vn -0.023128 -0.096513 -0.012261
vn -0.019951 -0.096513 -0.016947
vn -0.015842 -0.096513 -0.020839
vn -0.010991 -0.096513 -0.023757
vn -0.005627 -0.096513 -0.025565
vn -0.000000 -0.096513 -0.026177
vn 0.005627 -0.096513 -0.025565
vn 0.010991 -0.096513 -0.023757
vn 0.015842 -0.096513 -0.020839
vn 0.019951 -0.096513 -0.016947
vn 0.023128 -0.096513 -0.012261
vn 0.025223 -0.096513 -0.007003
vn 0.026138 -0.096513 -0.001417
vn 0.025832 -0.096513 0.004235
vn 0.024318 -0.096513 0.009689
vn 0.021666 -0.096513 0.014690
vn 0.018002 -0.096513 0.019004
vn 0.013496 -0.096513 0.022430
vn 0.008358 -0.096513 0.024807
vn 0.002830 -0.096513 0.026023
vn -0.002830 -0.096513 0.026023
vn -0.008358 -0.096513 0.024807
vn -0.013496 -0.096513 0.022430
vn -0.018002 -0.096513 0.019004
vn -0.021666 -0.096513 0.014690
vn -0.024318 -0.096513 0.009689
vn -0.083360 0.052101 -0.018349
vn -0.095876 0.027941 -0.005198
vn -0.085355 0.052101 0.000000
vn -0.094752 0.027941 0.015534
vn -0.083360 0.052101 0.018349
vn -0.089198 0.027941 0.035540
vn -0.077466 0.052101 0.035840
vn -0.079472 0.027941 0.053884
vn -0.067951 0.052101 0.051655
vn -0.066031 0.027941 0.069708
vn -0.055258 0.052101 0.065054
vn -0.049502 0.027941 0.082273
vn -0.039981 0.052101 0.075412
vn -0.030658 0.027941 0.090991
vn -0.022835 0.052101 0.082244
vn -0.010381 0.027941 0.095454
vn -0.004621 0.052101 0.085230
vn 0.010381 0.027941 0.095454
vn 0.013809 0.052101 0.084231
vn 0.030658 0.027941 0.090991
vn 0.031593 0.052101 0.079293
vn 0.049502 0.027941 0.082273
vn 0.047900 0.052101 0.070647
vn 0.066031 0.027941 0.069708
vn 0.061967 0.052101 0.058699
vn 0.079472 0.027941 0.053884
vn 0.073137 0.052101 0.044005
vn 0.089198 0.027941 0.035540
vn 0.080887 0.052101 0.027254
vn 0.094752 0.027941 0.015534
vn 0.084855 0.052101 0.009229
vn 0.095876 0.027941 -0.005198
vn 0.084855 0.052101 -0.009229
vn 0.092517 0.027941 -0.025687
vn 0.080887 0.052101 -0.027254
vn 0.084832 0.027941 -0.044975
vn 0.073137 0.052101 -0.044005
vn 0.073181 0.027941 -0.062160
vn 0.061967 0.052101 -0.058699
vn 0.058107 0.027941 -0.076439
vn 0.047900 0.052101 -0.070647
vn 0.040317 0.027941 -0.087143
vn 0.031593 0.052101 -0.079293
vn 0.020641 0.027941 -0.093772
vn 0.013809 0.052101 -0.084231
vn 0.000000 0.027941 -0.096017
vn -0.004621 0.052101 -0.085230
vn -0.020641 0.027941 -0.093772
vn -0.022835 0.052101 -0.082244
vn -0.040317 0.027941 -0.087143
vn -0.039981 0.052101 -0.075412
vn -0.058107 0.027941 -0.076439
vn -0.055258 0.052101 -0.065054
vn -0.073181 0.027941 -0.062160
vn -0.067951 0.052101 -0.051655
vn -0.084832 0.027941 -0.044975
vn -0.077466 0.052101 -0.035840
vn -0.092517 0.027941 -0.025687
vn 0.000000 -0.086295 -0.050528
vn 0.010862 -0.086295 -0.049347
vn 0.021216 -0.086295 -0.045858
vn 0.030578 -0.086295 -0.040225
vn 0.038511 -0.086295 -0.032711
vn 0.044642 -0.086295 -0.023668
vn 0.048686 -0.086295 -0.013518
vn 0.050454 -0.086295 -0.002736
vn 0.049862 -0.086295 0.008175
vn 0.046939 -0.086295 0.018702
vn 0.041822 -0.086295 0.028356
vn 0.034748 -0.086295 0.036683
vn 0.026050 -0.086295 0.043295
vn 0.016134 -0.086295 0.047883
vn 0.005463 -0.086295 0.050232
vn -0.005463 -0.086295 0.050232
vn -0.016134 -0.086295 0.047883
vn -0.026050 -0.086295 0.043295
vn -0.034748 -0.086295 0.036683
vn -0.041822 -0.086295 0.028356
vn -0.046939 -0.086295 0.018702
vn -0.049862 -0.086295 0.008175
vn -0.050454 -0.086295 -0.002736
vn -0.048686 -0.086295 -0.013518
vn -0.044642 -0.086295 -0.023668
vn -0.038511 -0.086295 -0.032711
vn -0.030578 -0.086295 -0.040225
vn -0.021216 -0.086295 -0.045858
vn -0.010862 -0.086295 -0.049347
vn 0.000000 -0.070060 -0.071356
vn 0.015339 -0.070060 -0.069687
vn 0.029961 -0.070060 -0.064761
vn 0.043183 -0.070060 -0.056806
vn 0.054385 -0.070060 -0.046195
vn 0.063044 -0.070060 -0.033424
vn 0.068755 -0.070060 -0.019090
vn 0.071251 -0.070060 -0.003863
vn 0.070416 -0.070060 0.011544
vn 0.066288 -0.070060 0.026411
vn 0.059060 -0.070060 0.040044
vn 0.049071 -0.070060 0.051804
vn 0.036788 -0.070060 0.061142
vn 0.022784 -0.070060 0.067620
vn 0.007715 -0.070060 0.070937
vn -0.007715 -0.070060 0.070937
vn -0.022784 -0.070060 0.067620
vn -0.036788 -0.070060 0.061142
vn -0.049071 -0.070060 0.051804
vn -0.059060 -0.070060 0.040044
vn -0.066288 -0.070060 0.026411
vn -0.070416 -0.070060 0.011544
vn -0.071251 -0.070060 -0.003863
vn -0.068755 -0.070060 -0.019090
vn -0.063044 -0.070060 -0.033424
vn -0.054385 -0.070060 -0.046195
vn -0.043183 -0.070060 -0.056806
vn -0.029961 -0.070060 -0.064761
vn -0.015339 -0.070060 -0.069687
vn 0.000000 -0.048938 -0.087207
vn 0.018747 -0.048938 -0.085168
vn 0.036617 -0.048938 -0.079147
vn 0.052775 -0.048938 -0.069425
vn 0.066466 -0.048938 -0.056457
vn 0.077048 -0.048938 -0.040848
vn 0.084028 -0.048938 -0.023330
vn 0.087079 -0.048938 -0.004721
vn 0.086058 -0.048938 0.014109
vn 0.081013 -0.048938 0.032279
vn 0.072180 -0.048938 0.048939
vn 0.059972 -0.048938 0.063312
vn 0.044960 -0.048938 0.074724
vn 0.027845 -0.048938 0.082642
vn 0.009429 -0.048938 0.086696
vn -0.009429 -0.048938 0.086696
vn -0.027845 -0.048938 0.082642
vn -0.044960 -0.048938 0.074724
vn -0.059972 -0.048938 0.063312
vn -0.072180 -0.048938 0.048939
vn -0.081013 -0.048938 0.032279
vn -0.086058 -0.048938 0.014109
vn -0.087079 -0.048938 -0.004721
vn -0.084028 -0.048938 -0.023330
vn -0.077048 -0.048938 -0.040848
vn -0.066466 -0.048938 -0.056457
vn -0.052775 -0.048938 -0.069425
vn -0.036617 -0.048938 -0.079147
vn -0.018747 -0.048938 -0.085168
vn 0.000000 -0.024404 -0.096977
vn 0.020847 -0.024404 -0.094709
vn 0.040719 -0.024404 -0.088014
vn 0.058688 -0.024404 -0.077202
vn 0.073912 -0.024404 -0.062781
vn 0.085680 -0.024404 -0.045425
vn 0.093442 -0.024404 -0.025944
vn 0.096834 -0.024404 -0.005250
vn 0.095699 -0.024404 0.015689
vn 0.090089 -0.024404 0.035895
vn 0.080266 -0.024404 0.054422
vn 0.066691 -0.024404 0.070405
vn 0.049997 -0.024404 0.083095
vn 0.030965 -0.024404 0.091900
vn 0.010485 -0.024404 0.096408
vn -0.010485 -0.024404 0.096408
vn -0.030965 -0.024404 0.091900
vn -0.049997 -0.024404 0.083095
vn -0.066691 -0.024404 0.070405
vn -0.080266 -0.024404 0.054422
vn -0.090089 -0.024404 0.035895
vn -0.095699 -0.024404 0.015689
vn -0.096834 -0.024404 -0.005250
vn -0.093442 -0.024404 -0.025944
vn -0.085680 -0.024404 -0.045425
vn -0.073912 -0.024404 -0.062781
vn -0.058688 -0.024404 -0.077202
vn -0.040719 -0.024404 -0.088014
vn -0.020847 -0.024404 -0.094709
vn 0.000000 0.001832 -0.099983
vn 0.021493 0.001832 -0.097646
vn 0.041982 0.001832 -0.090742
vn 0.060507 0.001832 -0.079596
vn 0.076203 0.001832 -0.064728
vn 0.088336 0.001832 -0.046833
vn 0.096339 0.001832 -0.026748
vn 0.099837 0.001832 -0.005413
vn 0.098666 0.001832 0.016175
vn 0.092882 0.001832 0.037008
vn 0.082755 0.001832 0.056109
vn 0.068758 0.001832 0.072587
vn 0.051547 0.001832 0.085671
vn 0.031925 0.001832 0.094749
vn 0.010810 0.001832 0.099397
vn -0.010810 0.001832 0.099397
vn -0.031925 0.001832 0.094749
vn -0.051547 0.001832 0.085671
vn -0.068758 0.001832 0.072587
vn -0.082755 0.001832 0.056109
vn -0.092882 0.001832 0.037008
vn -0.098666 0.001832 0.016175
vn -0.099837 0.001832 -0.005413
vn -0.096339 0.001832 -0.026748
vn -0.088336 0.001832 -0.046833
vn -0.076203 0.001832 -0.064728
vn -0.060507 0.001832 -0.079596
vn -0.041982 0.001832 -0.090742
vn -0.021493 0.001832 -0.097646
vn -0.083715 0.052101 0.016652
vn -0.085355 0.052101 0.000000
vn -0.083715 0.052101 -0.016652
vn -0.078858 0.052101 -0.032664
vn -0.070970 0.052101 -0.047421
vn -0.060355 0.052101 -0.060355
vn -0.047421 0.052101 -0.070970
vn -0.032664 0.052101 -0.078858
vn -0.016652 0.052101 -0.083715
vn 0.000000 0.052101 -0.085355
vn 0.016652 0.052101 -0.083715
vn 0.032664 0.052101 -0.078858
vn 0.047421 0.052101 -0.070970
vn 0.060355 0.052101 -0.060355
vn 0.070970 0.052101 -0.047421
vn 0.078858 0.052101 -0.032664
vn 0.083715 0.052101 -0.016652
vn 0.085355 0.052101 0.000000
vn 0.083715 0.052101 0.016652
vn 0.078858 0.052101 0.032664
vn 0.070970 0.052101 0.047421
vn 0.060355 0.052101 0.060355
vn 0.047421 0.052101 0.070970
vn 0.032664 0.052101 0.078858
vn 0.016652 0.052101 0.083715
vn 0.000000 0.052101 0.085355
vn -0.016652 0.052101 0.083715
vn -0.032664 0.052101 0.078858
vn -0.047421 0.052101 0.070970
vn -0.060355 0.052101 0.060355
vn -0.070970 0.052101 0.047421
vn -0.078858 0.052101 0.032664
vn 0.096593 -0.000000 0.025882
vn 0.098079 -0.000000 0.019509
vn 0.100000 -0.000000 0.000000
vn 0.100000 -0.000000 0.000000
vn 0.098079 0.000000 -0.019509
vn 0.092388 -0.000000 0.038268
vn 0.086603 -0.000000 0.050000
vn 0.083147 -0.000000 0.055557
vn 0.070711 -0.000000 0.070711
vn 0.070711 -0.000000 0.070711
vn 0.055557 -0.000000 0.083147
vn 0.050000 -0.000000 0.086603
vn 0.038268 -0.000000 0.092388
vn 0.025882 -0.000000 0.096593
vn 0.019509 -0.000000 0.098079
vn -0.000000 0.000000 0.100000
vn -0.000000 0.000000 0.100000
vn -0.019509 0.000000 0.098079
vn -0.025882 0.000000 0.096593
vn -0.038268 0.000000 0.092388
vn -0.050000 0.000000 0.086603
vn -0.055557 0.000000 0.083147
vn -0.070711 0.000000 0.070711
vn -0.070711 0.000000 0.070711
vn -0.083147 0.000000 0.055557
vn -0.086603 0.000000 0.050000
vn -0.092388 0.000000 0.038268
vn -0.096593 0.000000 0.025882
vn -0.098079 0.000000 0.019509
vn -0.100000 0.000000 0.000000
vn -0.100000 0.000000 0.000000
vn -0.098079 0.000000 -0.019509
vn -0.096593 0.000000 -0.025882
vn -0.092388 0.000000 -0.038268
vn -0.086603 0.000000 -0.050000
vn -0.083147 0.000000 -0.055557
vn -0.070711 0.000000 -0.070711
vn -0.070711 0.000000 -0.070711
vn -0.055557 0.000000 -0.083147
vn -0.050000 0.000000 -0.086603
vn -0.038268 0.000000 -0.092388
vn -0.025882 0.000000 -0.096593
vn -0.019509 0.000000 -0.098079
vn -0.000000 0.000000 -0.100000
vn -0.000000 0.000000 -0.100000
vn 0.019509 0.000000 -0.098079
vn 0.025882 0.000000 -0.096593
vn 0.038268 0.000000 -0.092388
vn 0.050000 0.000000 -0.086603
vn 0.055557 0.000000 -0.083147
vn 0.070711 0.000000 -0.070711
vn 0.070711 0.000000 -0.070711
vn 0.083147 0.000000 -0.055557
vn 0.086603 0.000000 -0.050000
vn 0.092388 0.000000 -0.038268
vn 0.096593 0.000000 -0.025882
vn 0.000000 0.100000 0.000000
vn 0.000000 0.100000 0.000000
vn 0.000000 0.100000 0.000000
vn 0.000000 0.100000 0.000000
vn 0.000000 0.100000 0.000000
vn 0.000000 0.100000 0.000000
vn 0.000000 0.100000 0.000000
vn 0.000000 0.100000 0.000000
vn 0.000000 0.100000 0.000000
vn 0.000000 0.100000 0.000000
vn 0.000000 0.100000 0.000000
vn 0.000000 0.100000 0.000000
vn 0.000000 0.100000 0.000000
vn 0.000000 0.100000 0.000000
vn 0.000000 0.100000 0.000000
vn 0.000000 0.100000 0.000000
vn 0.000000 0.100000 0.000000
vn 0.000000 0.100000 0.000000
vn 0.000000 0.100000 0.000000
vn 0.000000 0.100000 0.000000
vn 0.000000 0.100000 0.000000
vn 0.000000 0.100000 0.000000
vn 0.000000 0.100000 0.000000
vn 0.000000 0.100000 0.000000
vn 0.000000 0.100000 0.000000
vn 0.000000 0.100000 0.000000
vn 0.000000 0.100000 0.000000
vn 0.000000 0.100000 0.000000
vn 0.000000 0.100000 0.000000
vn 0.000000 0.100000 0.000000
vn 0.000000 0.100000 0.000000
vn 0.000000 0.100000 0.000000
vn 0.000000 0.100000 0.000000
vn 0.000000 0.100000 0.000000
vn 0.000000 0.100000 0.000000
vn 0.000000 0.100000 0.000000
vn 0.000000 0.100000 0.000000
vn 0.000000 0.100000 0.000000
vn 0.000000 0.100000 0.000000
vn 0.000000 0.100000 0.000000
vn 0.000000 0.100000 0.000000
vn 0.000000 0.100000 0.000000
vn 0.000000 0.100000 0.000000
vn 0.000000 0.100000 0.000000
vn 0.000000 0.100000 0.000000
vn 0.000000 0.100000 0.000000
vn 0.000000 0.100000 0.000000
vn 0.000000 0.100000 0.000000
vn 0.000000 0.100000 0.000000
vn 0.000000 0.100000 0.000000
vn 0.000000 0.100000 0.000000
vn 0.000000 0.100000 0.000000
vn 0.000000 0.100000 0.000000
vn 0.000000 0.100000 0.000000
vn 0.000000 0.100000 0.000000
vn 0.000000 0.100000 0.000000
vn 0.000000 0.100000 0.000000
vn 0.000000 0.100000 0.000000
vn 0.000000 0.100000 0.000000
vn 0.000000 0.100000 0.000000
vn 0.000000 0.100000 0.000000
vn 0.000000 0.100000 0.000000
vn 0.000000 0.100000 0.000000
vn 0.000000 0.100000 0.000000
vn 0.000000 0.000000 -0.100000
vn 0.000000 0.000000 -0.100000
vn 0.000000 0.000000 -0.100000
vn 0.000000 0.000000 -0.100000
vn 0.000000 0.000000 -0.100000
vn 0.000000 0.000000 -0.100000
vn 0.000000 0.000000 -0.100000
vn 0.000000 0.000000 -0.100000
vn 0.000000 0.000000 -0.100000
vn 0.000000 0.000000 -0.100000
vn 0.000000 0.000000 -0.100000
vn 0.000000 0.000000 -0.100000
vn 0.000000 0.000000 -0.100000
vn 0.000000 0.000000 -0.100000
vn 0.000000 0.000000 -0.100000
vn 0.000000 0.000000 -0.100000
vn 0.000000 0.000000 -0.100000
vn 0.000000 0.000000 -0.100000
vn 0.000000 0.000000 -0.100000
vn 0.000000 0.000000 -0.100000
vn 0.000000 0.000000 -0.100000
vn 0.000000 0.000000 -0.100000
vn 0.000000 0.000000 -0.100000
vn 0.000000 0.000000 -0.100000
vn 0.000000 0.000000 -0.100000
vn 0.000000 0.000000 -0.100000
vn 0.000000 0.000000 -0.100000
vn 0.000000 0.000000 -0.100000
vn 0.000000 0.000000 -0.100000
vn 0.000000 0.000000 -0.100000
vn 0.000000 0.000000 -0.100000
vn 0.000000 0.000000 -0.100000
vn 0.000000 0.000000 -0.100000
vn 0.000000 0.000000 -0.100000
vn 0.000000 0.000000 -0.100000
vn 0.000000 0.000000 -0.100000
vn 0.000000 0.000000 -0.100000
vn 0.000000 0.000000 -0.100000
vn 0.000000 0.000000 -0.100000
vn 0.000000 0.000000 -0.100000
vn 0.000000 0.000000 -0.100000
vn 0.000000 0.000000 -0.100000
vn 0.000000 0.000000 -0.100000
vn 0.000000 0.000000 -0.100000
vn 0.000000 0.000000 -0.100000
vn 0.000000 0.000000 -0.100000
vn 0.000000 0.000000 -0.100000
vn 0.000000 0.000000 -0.100000
vn 0.094716 0.025379 -0.019613
vn 0.094977 0.024386 -0.019613
vn 0.098058 0.000000 -0.019613
vn 0.098058 0.000000 -0.019613
vn 0.094977 -0.024386 -0.019613
vn 0.085929 0.047240 -0.019613
vn 0.084920 0.049029 -0.019613
vn 0.071481 0.067125 -0.019613
vn 0.069337 0.069337 -0.019613
vn 0.052542 0.082793 -0.019613
vn 0.049029 0.084920 -0.019613
vn 0.030301 0.093258 -0.019613
vn 0.025379 0.094716 -0.019613
vn 0.006157 0.097864 -0.019613
vn -0.000000 0.098058 -0.019613
vn -0.018374 0.096321 -0.019613
vn -0.025379 0.094716 -0.019613
vn -0.041751 0.088725 -0.019613
vn -0.049029 0.084920 -0.019613
vn -0.062504 0.075555 -0.019613
vn -0.069337 0.069337 -0.019613
vn -0.079330 0.057637 -0.019613
vn -0.084920 0.049029 -0.019613
vn -0.091172 0.036097 -0.019613
vn -0.094716 0.025379 -0.019613
vn -0.097284 0.012290 -0.019613
vn -0.098058 0.000000 -0.019613
vn -0.097284 -0.012290 -0.019613
vn -0.094716 -0.025379 -0.019613
vn -0.091172 -0.036097 -0.019613
vn -0.084920 -0.049029 -0.019613
vn -0.079330 -0.057637 -0.019613
vn -0.069337 -0.069337 -0.019613
vn -0.062504 -0.075555 -0.019613
vn -0.049029 -0.084920 -0.019613
vn -0.041751 -0.088725 -0.019613
vn -0.025379 -0.094716 -0.019613
vn -0.018374 -0.096321 -0.019613
vn -0.000000 -0.098058 -0.019613
vn 0.006157 -0.097864 -0.019613
vn 0.025379 -0.094716 -0.019613
vn 0.030301 -0.093258 -0.019613
vn 0.049029 -0.084920 -0.019613
vn 0.052542 -0.082793 -0.019613
vn 0.069337 -0.069337 -0.019613
vn 0.071481 -0.067125 -0.019613
vn 0.084920 -0.049029 -0.019613
vn 0.085929 -0.047240 -0.019613
vn 0.094716 -0.025379 -0.019613
vn 0.048411 0.087501 0.000000
vn 0.048411 0.087501 0.000000
vn 0.029858 0.095438 0.000000
vn 0.029858 0.095438 0.000000
vn 0.010090 0.099490 0.000000
vn 0.010090 0.099490 0.000000
vn -0.010090 0.099490 0.000000
vn -0.010090 0.099490 0.000000
vn -0.029858 0.095438 0.000000
vn -0.029858 0.095438 0.000000
vn -0.048411 0.087501 0.000000
vn -0.048411 0.087501 0.000000
vn 0.000000 0.000000 0.100000
vn 0.000000 0.000000 0.100000
vn 0.000000 0.000000 0.100000
vn 0.000000 0.000000 0.100000
vn 0.000000 0.000000 0.100000
vn 0.000000 0.000000 0.100000
vn 0.000000 0.000000 0.100000
vn 0.000000 0.000000 0.100000
vn 0.000000 0.000000 0.100000
vn 0.000000 0.000000 0.100000
vn 0.000000 0.000000 0.100000
vn 0.000000 0.000000 0.100000
vn 0.000000 0.000000 0.100000
vn 0.000000 0.000000 0.100000
vn 0.000000 0.000000 0.100000
vn 0.000000 0.000000 0.100000
vn 0.000000 0.000000 0.100000
vn 0.000000 0.000000 0.100000
vn 0.000000 0.000000 0.100000
vn 0.000000 0.000000 0.100000
vn 0.000000 0.000000 0.100000
vn 0.000000 0.000000 0.100000
vn 0.000000 0.000000 0.100000
vn 0.000000 0.000000 0.100000
vn -0.097815 -0.020791 0.000000
vn -0.097815 -0.020791 0.000000
vn -0.100000 -0.000000 0.000000
vn -0.100000 -0.000000 0.000000
vn -0.097815 0.020791 -0.000000
vn -0.097815 0.020791 -0.000000
vn -0.091355 0.040674 -0.000000
vn -0.091355 0.040674 -0.000000
vn -0.080902 0.058779 -0.000000
vn -0.080902 0.058779 -0.000000
vn -0.066913 0.074314 -0.000000
vn -0.066913 0.074314 -0.000000
vn -0.050000 0.086603 -0.000000
vn -0.050000 0.086603 -0.000000
vn -0.030902 0.095106 -0.000000
vn -0.030902 0.095106 -0.000000
vn -0.010453 0.099452 -0.000000
vn -0.010453 0.099452 -0.000000
vn 0.010453 0.099452 0.000000
vn 0.010453 0.099452 0.000000
vn 0.030902 0.095106 0.000000
vn 0.030902 0.095106 0.000000
vn 0.050000 0.086603 0.000000
vn 0.050000 0.086603 0.000000
vn 0.066913 0.074314 0.000000
vn 0.066913 0.074314 0.000000
vn 0.080902 0.058779 0.000000
vn 0.080902 0.058779 0.000000
vn 0.091355 0.040674 0.000000
vn 0.091355 0.040674 0.000000
vn 0.097815 0.020791 0.000000
vn 0.097815 0.020791 0.000000
vn 0.100000 0.000000 0.000000
vn 0.100000 0.000000 0.000000
vn 0.097815 -0.020791 0.000000
vn 0.097815 -0.020791 0.000000
vn 0.091355 -0.040674 0.000000
vn 0.091355 -0.040674 0.000000
vn 0.080902 -0.058779 0.000000
vn 0.080902 -0.058779 0.000000
vn 0.066913 -0.074314 0.000000
vn 0.066913 -0.074314 0.000000
vn 0.050000 -0.086603 0.000000
vn 0.050000 -0.086603 0.000000
vn 0.030902 -0.095106 0.000000
vn 0.030902 -0.095106 0.000000
vn 0.010453 -0.099452 0.000000
vn 0.010453 -0.099452 0.000000
vn -0.010453 -0.099452 0.000000
vn -0.010453 -0.099452 0.000000
vn -0.030902 -0.095106 0.000000
vn -0.030902 -0.095106 0.000000
vn -0.050000 -0.086603 0.000000
vn -0.050000 -0.086603 0.000000
vn -0.066913 -0.074314 0.000000
vn -0.066913 -0.074314 0.000000
vn -0.080902 -0.058779 0.000000
vn -0.080902 -0.058779 0.000000
vn -0.091355 -0.040674 0.000000
vn -0.091355 -0.040674 0.000000
vn 0.000000 0.000000 0.100000
vn 0.000000 0.000000 0.100000
vn 0.000000 0.000000 0.100000
vn 0.000000 0.000000 0.100000
vn 0.000000 0.000000 0.100000
vn 0.000000 0.000000 0.100000
vn 0.000000 0.000000 0.100000
vn 0.000000 0.000000 0.100000
vn 0.000000 0.000000 0.100000
vn 0.000000 0.000000 0.100000
vn 0.000000 0.000000 0.100000
vn 0.000000 0.000000 0.100000
vn 0.000000 0.000000 0.100000
vn 0.000000 0.000000 0.100000
vn 0.000000 0.000000 0.100000
vn 0.000000 0.000000 0.100000
vn 0.000000 0.000000 0.100000
vn 0.000000 0.000000 0.100000
vn 0.000000 0.000000 0.100000
vn 0.000000 0.000000 0.100000
vn 0.000000 0.000000 0.100000
vn 0.000000 0.000000 0.100000
vn 0.000000 0.000000 0.100000
vn 0.000000 0.000000 0.100000
vn 0.000000 0.000000 0.100000
vn 0.000000 0.000000 0.100000
vn 0.000000 0.000000 0.100000
vn 0.000000 0.000000 0.100000
vn 0.000000 0.000000 0.100000
vn 0.000000 0.000000 0.100000
vn 0.000000 0.000000 0.100000
vn 0.000000 0.000000 0.100000
vn 0.000000 0.000000 0.100000
vn 0.000000 0.000000 0.100000
vn 0.000000 0.000000 0.100000
vn 0.000000 0.000000 0.100000
vn 0.000000 0.000000 0.100000
vn 0.000000 0.000000 0.100000
vn 0.000000 0.000000 0.100000
vn 0.000000 0.000000 0.100000
vn 0.000000 0.000000 0.100000
vn 0.000000 0.000000 0.100000
vn 0.000000 0.000000 0.100000
vn 0.000000 0.000000 0.100000
vn 0.000000 0.000000 0.100000
vn 0.000000 0.000000 0.100000
vn 0.000000 0.000000 0.100000
vn 0.000000 0.000000 0.100000
vn 0.000000 0.000000 0.100000
vn 0.000000 0.000000 0.100000
vn 0.000000 0.000000 0.100000
vn 0.000000 0.000000 0.100000
vn 0.000000 0.000000 0.100000
vn 0.000000 0.000000 0.100000
vn 0.000000 0.000000 0.100000
vn 0.000000 0.000000 0.100000
vn 0.000000 0.000000 0.100000
vn 0.000000 0.000000 0.100000
vn 0.000000 0.000000 0.100000
vn 0.000000 0.000000 0.100000
vn -0.092486 -0.019658 -0.032557
vn -0.094552 -0.000000 -0.032557
vn -0.094552 -0.000000 -0.032557
vn -0.092486 0.019658 -0.032557
vn -0.091804 0.022628 -0.032557
vn -0.086377 0.038458 -0.032557
vn -0.083722 0.043940 -0.032557
vn -0.076494 0.055576 -0.032557
vn -0.070773 0.062699 -0.032557
vn -0.063268 0.070266 -0.032557
vn -0.053712 0.077815 -0.032557
vn -0.047276 0.081884 -0.032557
vn -0.033529 0.088408 -0.032557
vn -0.029218 0.089924 -0.032557
vn -0.011397 0.093862 -0.032557
vn -0.009883 0.094034 -0.032557
vn 0.009883 0.094034 -0.032557
vn 0.011397 0.093862 -0.032557
vn 0.029218 0.089924 -0.032557
vn 0.033529 0.088408 -0.032557
vn 0.047276 0.081884 -0.032557
vn 0.053712 0.077815 -0.032557
vn 0.063268 0.070266 -0.032557
vn 0.070773 0.062699 -0.032557
vn 0.076494 0.055576 -0.032557
vn 0.083722 0.043940 -0.032557
vn 0.086377 0.038458 -0.032557
vn 0.091804 0.022628 -0.032557
vn 0.092486 0.019658 -0.032557
vn 0.094552 0.000000 -0.032557
vn 0.094552 0.000000 -0.032557
vn 0.092486 -0.019658 -0.032557
vn 0.091804 -0.022628 -0.032557
vn 0.086377 -0.038458 -0.032557
vn 0.083722 -0.043940 -0.032557
vn 0.076494 -0.055576 -0.032557
vn 0.070773 -0.062699 -0.032557
vn 0.063268 -0.070266 -0.032557
vn 0.053712 -0.077815 -0.032557
vn 0.047276 -0.081884 -0.032557
vn 0.033529 -0.088408 -0.032557
vn 0.029218 -0.089924 -0.032557
vn 0.011397 -0.093862 -0.032557
vn 0.009883 -0.094034 -0.032557
vn -0.009883 -0.094034 -0.032557
vn -0.011397 -0.093862 -0.032557
vn -0.029218 -0.089924 -0.032557
vn -0.033529 -0.088408 -0.032557
vn -0.047276 -0.081884 -0.032557
vn -0.053712 -0.077815 -0.032557
vn -0.063268 -0.070266 -0.032557
vn -0.070773 -0.062699 -0.032557
vn -0.076494 -0.055576 -0.032557
vn -0.083722 -0.043940 -0.032557
vn -0.086377 -0.038458 -0.032557
vn -0.091804 -0.022628 -0.032557
vn 0.000000 0.000000 -0.100000
vn 0.000000 0.000000 -0.100000
vn 0.000000 0.000000 -0.100000
vn 0.000000 0.000000 -0.100000
vn 0.000000 0.000000 -0.100000
vn 0.000000 0.000000 -0.100000
vn 0.000000 0.000000 -0.100000
vn 0.000000 0.000000 -0.100000
vn 0.000000 0.000000 -0.100000
vn 0.000000 0.000000 -0.100000
vn 0.000000 0.000000 -0.100000
vn 0.000000 0.000000 -0.100000
vn 0.000000 0.000000 -0.100000
vn 0.000000 0.000000 -0.100000
vn 0.000000 0.000000 -0.100000
vn 0.000000 0.000000 -0.100000
vn 0.000000 0.000000 -0.100000
vn 0.000000 0.000000 -0.100000
vn 0.000000 0.000000 -0.100000
vn 0.000000 0.000000 -0.100000
vn 0.000000 0.000000 -0.100000
vn 0.000000 0.000000 -0.100000
vn 0.000000 0.000000 -0.100000
vn 0.000000 0.000000 -0.100000
vn 0.000000 0.000000 -0.100000
vn 0.000000 0.000000 -0.100000
vn 0.000000 0.000000 -0.100000
vn 0.000000 0.000000 -0.100000
vn 0.000000 0.000000 -0.100000
vn 0.000000 0.000000 -0.100000
vn 0.000000 0.000000 -0.100000
vn 0.000000 0.000000 -0.100000
vn 0.000000 0.000000 -0.100000
vn 0.000000 0.000000 -0.100000
vn 0.000000 0.000000 -0.100000
vn 0.000000 0.000000 -0.100000
vn 0.000000 0.000000 -0.100000
vn 0.000000 0.000000 -0.100000
vn 0.000000 0.000000 -0.100000
vn 0.000000 0.000000 -0.100000
vn 0.000000 0.000000 -0.100000
vn 0.000000 0.000000 -0.100000
vn 0.000000 0.000000 -0.100000
vn 0.000000 0.000000 -0.100000
vn 0.000000 0.000000 -0.100000
vn 0.000000 0.000000 -0.100000
vn 0.000000 0.000000 -0.100000
vn 0.000000 0.000000 -0.100000
vn 0.000000 0.000000 -0.100000
vn 0.000000 0.000000 -0.100000
vn 0.000000 0.000000 -0.100000
vn 0.000000 0.000000 0.100000
vn 0.000000 0.000000 0.100000
vn 0.000000 0.000000 0.100000
vn 0.000000 0.000000 0.100000
vn 0.000000 0.000000 0.100000
vn 0.000000 0.000000 0.100000
vn 0.000000 0.000000 0.100000
vn 0.000000 0.000000 0.100000
vn 0.000000 0.000000 0.100000
vn 0.000000 0.000000 0.100000
vn 0.000000 0.000000 0.100000
vn 0.000000 0.000000 0.100000
vn 0.000000 0.000000 0.100000
vn 0.000000 0.000000 0.100000
vn 0.000000 0.000000 0.100000
vn 0.000000 0.000000 0.100000
vn 0.000000 0.000000 0.100000
vn 0.000000 0.000000 0.100000
vn 0.000000 0.000000 0.100000
vn 0.000000 0.000000 0.100000
vn 0.000000 0.000000 0.100000
vn 0.000000 0.000000 0.100000
vn 0.000000 0.000000 0.100000
vn 0.000000 0.000000 0.100000
vn 0.000000 0.000000 0.100000
vn 0.000000 0.000000 0.100000
vn 0.000000 0.000000 0.100000
vn 0.000000 0.000000 0.100000
vn 0.000000 0.000000 0.100000
vn 0.000000 0.000000 0.100000
vn 0.000000 0.000000 0.100000
vn 0.000000 0.000000 0.100000
vn 0.000000 0.000000 0.100000
vn 0.000000 0.000000 0.100000
vn 0.000000 0.000000 0.100000
vn 0.000000 0.000000 0.100000
vn 0.000000 0.000000 0.100000
vn 0.000000 0.000000 0.100000
vn 0.000000 0.000000 0.100000
vn 0.000000 0.000000 0.100000
vn 0.000000 0.000000 0.100000
vn 0.000000 0.000000 0.100000
vn 0.000000 0.000000 0.100000
vn 0.000000 0.000000 0.100000
vn 0.000000 0.000000 0.100000
vn 0.000000 0.000000 0.100000
vn 0.000000 0.000000 0.100000
vn 0.000000 0.000000 0.100000
vn 0.000000 0.000000 0.100000
vn 0.000000 0.000000 0.100000
vn 0.000000 0.000000 0.100000
vn 0.000000 0.000000 0.100000
vn 0.000000 0.000000 0.100000
vn 0.000000 0.000000 0.100000
vn 0.000000 0.000000 0.100000
vn 0.000000 0.000000 0.100000
vn 0.094716 0.025379 -0.019613
vn 0.094716 0.025379 -0.019613
vn 0.098058 0.000000 -0.019613
vn 0.098058 0.000000 -0.019613
vn 0.094716 -0.025379 -0.019613
vn 0.094716 -0.025379 -0.019613
vn 0.084920 -0.049029 -0.019613
vn 0.084920 -0.049029 -0.019613
vn 0.069337 -0.069337 -0.019613
vn 0.069337 -0.069337 -0.019613
vn 0.049029 -0.084920 -0.019613
vn 0.049029 -0.084920 -0.019613
vn 0.025379 -0.094716 -0.019613
vn 0.025379 -0.094716 -0.019613
vn -0.000000 -0.098058 -0.019613
vn -0.000000 -0.098058 -0.019613
vn -0.025379 -0.094716 -0.019613
vn -0.025379 -0.094716 -0.019613
vn -0.049029 -0.084920 -0.019613
vn -0.049029 -0.084920 -0.019613
vn -0.069337 -0.069337 -0.019613
vn -0.069337 -0.069337 -0.019613
vn -0.084920 -0.049029 -0.019613
vn -0.084920 -0.049029 -0.019613
vn -0.094716 -0.025379 -0.019613
vn -0.094716 -0.025379 -0.019613
vn -0.098058 0.000000 -0.019613
vn -0.098058 0.000000 -0.019613
vn -0.094716 0.025379 -0.019613
vn -0.094716 0.025379 -0.019613
vn -0.084920 0.049029 -0.019613
vn -0.084920 0.049029 -0.019613
vn -0.069337 0.069337 -0.019613
vn -0.069337 0.069337 -0.019613
vn -0.049029 0.084920 -0.019613
vn -0.049029 0.084920 -0.019613
vn -0.025379 0.094716 -0.019613
vn -0.025379 0.094716 -0.019613
vn -0.000000 0.098058 -0.019613
vn -0.000000 0.098058 -0.019613
vn 0.025379 0.094716 -0.019613
vn 0.025379 0.094716 -0.019613
vn 0.049029 0.084920 -0.019613
vn 0.049029 0.084920 -0.019613
vn 0.069337 0.069337 -0.019613
vn 0.069337 0.069337 -0.019613
vn 0.084920 0.049029 -0.019613
vn 0.084920 0.049029 -0.019613
vn 0.094716 0.025379 -0.019613
vn 0.094716 0.025379 -0.019613
vn 0.098058 0.000000 -0.019613
vn 0.098058 0.000000 -0.019613
vn 0.094716 -0.025379 -0.019613
vn 0.094716 -0.025379 -0.019613
vn 0.084920 -0.049029 -0.019613
vn 0.084920 -0.049029 -0.019613
vn 0.069337 -0.069337 -0.019613
vn 0.069337 -0.069337 -0.019613
vn 0.049029 -0.084920 -0.019613
vn 0.049029 -0.084920 -0.019613
vn 0.025379 -0.094716 -0.019613
vn 0.025379 -0.094716 -0.019613
vn -0.000000 -0.098058 -0.019613
vn -0.000000 -0.098058 -0.019613
vn -0.025379 -0.094716 -0.019613
vn -0.025379 -0.094716 -0.019613
vn -0.049029 -0.084920 -0.019613
vn -0.049029 -0.084920 -0.019613
vn -0.069337 -0.069337 -0.019613
vn -0.069337 -0.069337 -0.019613
vn -0.084920 -0.049029 -0.019613
vn -0.084920 -0.049029 -0.019613
vn -0.094716 -0.025379 -0.019613
vn -0.094716 -0.025379 -0.019613
vn -0.098058 0.000000 -0.019613
vn -0.098058 0.000000 -0.019613
vn -0.094716 0.025379 -0.019613
vn -0.094716 0.025379 -0.019613
vn -0.084920 0.049029 -0.019613
vn -0.084920 0.049029 -0.019613
vn -0.069337 0.069337 -0.019613
vn -0.069337 0.069337 -0.019613
vn -0.049029 0.084920 -0.019613
vn -0.049029 0.084920 -0.019613
vn -0.025379 0.094716 -0.019613
vn -0.025379 0.094716 -0.019613
vn -0.000000 0.098058 -0.019613
vn -0.000000 0.098058 -0.019613
vn 0.025379 0.094716 -0.019613
vn 0.025379 0.094716 -0.019613
vn 0.049029 0.084920 -0.019613
vn 0.049029 0.084920 -0.019613
vn 0.069337 0.069337 -0.019613
vn 0.069337 0.069337 -0.019613
vn 0.084920 0.049029 -0.019613
vn 0.084920 0.049029 -0.019613
vn 0.000000 0.000000 0.100000
vn 0.000000 0.000000 0.100000
vn 0.000000 0.000000 0.100000
vn 0.000000 0.000000 0.100000
vn 0.000000 0.000000 0.100000
vn 0.000000 0.000000 0.100000
vn 0.000000 0.000000 0.100000
vn 0.000000 0.000000 0.100000
vn 0.000000 0.000000 0.100000
vn 0.000000 0.000000 0.100000
vn 0.000000 0.000000 0.100000
vn 0.000000 0.000000 0.100000
vn 0.000000 0.000000 0.100000
vn 0.000000 0.000000 0.100000
vn 0.000000 0.000000 0.100000
vn 0.000000 0.000000 0.100000
vn 0.000000 0.000000 0.100000
vn 0.000000 0.000000 0.100000
vn 0.000000 0.000000 0.100000
vn 0.000000 0.000000 0.100000
vn 0.000000 0.000000 0.100000
vn 0.000000 0.000000 0.100000
vn 0.000000 0.000000 0.100000
vn 0.000000 0.000000 0.100000
vn 0.000000 0.000000 0.100000
vn 0.000000 0.000000 0.100000
vn 0.000000 0.000000 0.100000
vn 0.000000 0.000000 0.100000
vn 0.000000 0.000000 0.100000
vn 0.000000 0.000000 0.100000
vn 0.000000 0.000000 0.100000
vn 0.000000 0.000000 0.100000
vn 0.000000 0.000000 0.100000
vn 0.000000 0.000000 0.100000
vn 0.000000 0.000000 0.100000
vn 0.000000 0.000000 0.100000
vn 0.000000 0.000000 0.100000
vn 0.000000 0.000000 0.100000
vn 0.000000 0.000000 0.100000
vn 0.000000 0.000000 0.100000
vn 0.000000 0.000000 0.100000
vn 0.000000 0.000000 0.100000
vn 0.000000 0.000000 0.100000
vn 0.000000 0.000000 0.100000
vn 0.000000 0.000000 0.100000
vn 0.000000 0.000000 0.100000
vn 0.000000 0.000000 0.100000
vn 0.000000 0.000000 0.100000
vn 0.094716 -0.025379 0.019613
vn 0.094716 -0.025379 0.019613
vn 0.098058 -0.000000 0.019613
vn 0.098058 -0.000000 0.019613
vn 0.094716 0.025379 0.019613
vn 0.094716 0.025379 0.019613
vn 0.084920 0.049029 0.019613
vn 0.084920 0.049029 0.019613
vn 0.069337 0.069337 0.019613
vn 0.069337 0.069337 0.019613
vn 0.049029 0.084920 0.019613
vn 0.049029 0.084920 0.019613
vn 0.025379 0.094716 0.019613
vn 0.025379 0.094716 0.019613
vn -0.000000 0.098058 0.019613
vn -0.000000 0.098058 0.019613
vn -0.025379 0.094716 0.019613
vn -0.025379 0.094716 0.019613
vn -0.049029 0.084920 0.019613
vn -0.049029 0.084920 0.019613
vn -0.069337 0.069337 0.019613
vn -0.069337 0.069337 0.019613
vn -0.084920 0.049029 0.019613
vn -0.084920 0.049029 0.019613
vn -0.094716 0.025379 0.019613
vn -0.094716 0.025379 0.019613
vn -0.098058 0.000000 0.019613
vn -0.098058 0.000000 0.019613
vn -0.094716 -0.025379 0.019613
vn -0.094716 -0.025379 0.019613
vn -0.084920 -0.049029 0.019613
vn -0.084920 -0.049029 0.019613
vn -0.069337 -0.069337 0.019613
vn -0.069337 -0.069337 0.019613
vn -0.049029 -0.084920 0.019613
vn -0.049029 -0.084920 0.019613
vn -0.025379 -0.094716 0.019613
vn -0.025379 -0.094716 0.019613
vn -0.000000 -0.098058 0.019613
vn -0.000000 -0.098058 0.019613
vn 0.025379 -0.094716 0.019613
vn 0.025379 -0.094716 0.019613
vn 0.049029 -0.084920 0.019613
vn 0.049029 -0.084920 0.019613
vn 0.069337 -0.069337 0.019613
vn 0.069337 -0.069337 0.019613
vn 0.084920 -0.049029 0.019613
vn 0.084920 -0.049029 0.019613
vn 0.000000 0.000000 0.100000
vn 0.000000 0.000000 0.100000
vn 0.000000 0.000000 0.100000
vn 0.000000 0.000000 0.100000
vn 0.000000 0.000000 0.100000
vn 0.000000 0.000000 0.100000
vn 0.000000 0.000000 0.100000
vn 0.000000 0.000000 0.100000
vn 0.000000 0.000000 0.100000
vn 0.000000 0.000000 0.100000
vn 0.000000 0.000000 0.100000
vn 0.000000 0.000000 0.100000
vn 0.000000 0.000000 0.100000
vn 0.000000 0.000000 0.100000
vn 0.000000 0.000000 0.100000
vn 0.000000 0.000000 0.100000
vn 0.000000 0.000000 0.100000
vn 0.000000 0.000000 0.100000
vn 0.000000 0.000000 0.100000
vn 0.000000 0.000000 0.100000
vn 0.000000 0.000000 0.100000
vn 0.000000 0.000000 0.100000
vn 0.000000 0.000000 0.100000
vn 0.000000 0.000000 0.100000
vn 0.000000 0.000000 0.100000
vn 0.000000 0.000000 0.100000
vn 0.000000 0.000000 0.100000
vn 0.000000 0.000000 0.100000
vn 0.000000 0.000000 0.100000
vn 0.000000 0.000000 0.100000
vn 0.000000 0.000000 0.100000
vn 0.000000 0.000000 0.100000
vn 0.000000 0.000000 0.100000
vn 0.000000 0.000000 0.100000
vn 0.000000 0.000000 0.100000
vn 0.000000 0.000000 0.100000
vn 0.000000 0.000000 0.100000
vn 0.000000 0.000000 0.100000
vn 0.000000 0.000000 0.100000
vn 0.000000 0.000000 0.100000
vn 0.000000 0.000000 0.100000
vn 0.000000 0.000000 0.100000
vn 0.000000 0.000000 0.100000
vn 0.000000 0.000000 0.100000
vn 0.000000 0.000000 0.100000
vn 0.000000 0.000000 0.100000
vn 0.000000 0.000000 0.100000
vn 0.000000 0.000000 0.100000
vn 0.094716 -0.025379 0.019613
vn 0.094977 -0.024386 0.019613
vn 0.098058 -0.000000 0.019613
vn 0.098058 -0.000000 0.019613
vn 0.094977 0.024386 0.019613
vn 0.085929 -0.047240 0.019613
vn 0.084920 -0.049029 0.019613
vn 0.071481 -0.067125 0.019613
vn 0.069337 -0.069337 0.019613
vn 0.052542 -0.082793 0.019613
vn 0.049029 -0.084920 0.019613
vn 0.030301 -0.093258 0.019613
vn 0.025379 -0.094716 0.019613
vn 0.006157 -0.097864 0.019613
vn -0.000000 -0.098058 0.019613
vn -0.018374 -0.096321 0.019613
vn -0.025379 -0.094716 0.019613
vn -0.041751 -0.088725 0.019613
vn -0.049029 -0.084920 0.019613
vn -0.062504 -0.075555 0.019613
vn -0.069337 -0.069337 0.019613
vn -0.079330 -0.057637 0.019613
vn -0.084920 -0.049029 0.019613
vn -0.091172 -0.036097 0.019613
vn -0.094716 -0.025379 0.019613
vn -0.097284 -0.012290 0.019613
vn -0.098058 0.000000 0.019613
vn -0.097284 0.012290 0.019613
vn -0.094716 0.025379 0.019613
vn -0.091172 0.036097 0.019613
vn -0.084920 0.049029 0.019613
vn -0.079330 0.057637 0.019613
vn -0.069337 0.069337 0.019613
vn -0.062504 0.075555 0.019613
vn -0.049029 0.084920 0.019613
vn -0.041751 0.088725 0.019613
vn -0.025379 0.094716 0.019613
vn -0.018374 0.096321 0.019613
vn -0.000000 0.098058 0.019613
vn 0.006157 0.097864 0.019613
vn 0.025379 0.094716 0.019613
vn 0.030301 0.093258 0.019613
vn 0.049029 0.084920 0.019613
vn 0.052542 0.082793 0.019613
vn 0.069337 0.069337 0.019613
vn 0.071481 0.067125 0.019613
vn 0.084920 0.049029 0.019613
vn 0.085929 0.047240 0.019613
vn 0.094716 0.025379 0.019613
vn 0.000000 0.000000 -0.100000
vn 0.000000 0.000000 -0.100000
vn 0.000000 0.000000 -0.100000
vn 0.000000 0.000000 -0.100000
vn 0.000000 0.000000 -0.100000
vn 0.000000 0.000000 -0.100000
vn 0.000000 0.000000 -0.100000
vn 0.000000 0.000000 -0.100000
vn 0.000000 0.000000 -0.100000
vn 0.000000 0.000000 -0.100000
vn 0.000000 0.000000 -0.100000
vn 0.000000 0.000000 -0.100000
vn 0.000000 0.000000 -0.100000
vn 0.000000 0.000000 -0.100000
vn 0.000000 0.000000 -0.100000
vn 0.000000 0.000000 -0.100000
vn 0.000000 0.000000 -0.100000
vn 0.000000 0.000000 -0.100000
vn 0.000000 0.000000 -0.100000
vn 0.000000 0.000000 -0.100000
vn 0.000000 0.000000 -0.100000
vn 0.000000 0.000000 -0.100000
vn 0.000000 0.000000 -0.100000
vn 0.000000 0.000000 -0.100000
vn 0.000000 0.000000 -0.100000
vn 0.000000 0.000000 -0.100000
vn 0.000000 0.000000 -0.100000
vn 0.000000 0.000000 -0.100000
vn 0.000000 0.000000 -0.100000
vn 0.000000 0.000000 -0.100000
vn 0.000000 0.000000 -0.100000
vn 0.000000 0.000000 -0.100000
vn 0.000000 0.000000 -0.100000
vn 0.000000 0.000000 -0.100000
vn 0.000000 0.000000 -0.100000
vn 0.000000 0.000000 -0.100000
vn 0.000000 0.000000 -0.100000
vn 0.000000 0.000000 -0.100000
vn 0.000000 0.000000 -0.100000
vn 0.000000 0.000000 -0.100000
vn 0.000000 0.000000 -0.100000
vn 0.000000 0.000000 -0.100000
vn 0.000000 0.000000 -0.100000
vn 0.000000 0.000000 -0.100000
vn 0.000000 0.000000 -0.100000
vn 0.000000 0.000000 -0.100000
vn 0.000000 0.000000 -0.100000
vn 0.000000 0.000000 -0.100000
vn 0.000000 0.000000 -0.100000
vn 0.000000 0.000000 -0.100000
vn 0.000000 0.000000 -0.100000
vn 0.000000 0.000000 -0.100000
vn 0.000000 0.000000 -0.100000
vn 0.000000 0.000000 -0.100000
vn 0.000000 0.000000 -0.100000
vn 0.000000 0.000000 -0.100000
vn 0.000000 0.000000 -0.100000
vn 0.000000 0.000000 -0.100000
vn 0.000000 0.000000 -0.100000
vn 0.000000 0.000000 -0.100000
vn 0.000000 0.000000 -0.100000
vn 0.000000 0.000000 -0.100000
vn 0.000000 0.000000 -0.100000
vn 0.000000 0.000000 -0.100000
vn 0.000000 0.000000 -0.100000
vn 0.000000 0.000000 -0.100000
vn 0.000000 0.000000 -0.100000
vn 0.000000 0.000000 -0.100000
vn 0.000000 0.000000 -0.100000
vn 0.000000 0.000000 -0.100000
vn 0.000000 0.000000 -0.100000
vn 0.000000 0.000000 -0.100000
vn 0.000000 0.000000 -0.100000
vn 0.000000 0.000000 -0.100000
vn 0.000000 0.000000 -0.100000
vn 0.000000 0.000000 -0.100000
vn 0.000000 0.000000 -0.100000
vn 0.000000 0.000000 -0.100000
vn 0.000000 0.000000 -0.100000
vn 0.000000 0.000000 -0.100000
vn 0.000000 0.000000 -0.100000
vn 0.000000 0.000000 -0.100000
vn 0.000000 0.000000 -0.100000
vn 0.000000 0.000000 -0.100000
vn 0.000000 0.000000 -0.100000
vn 0.000000 0.000000 -0.100000
vn 0.000000 0.000000 -0.100000
vn 0.000000 0.000000 -0.100000
vn 0.000000 0.000000 -0.100000
vn 0.000000 0.000000 -0.100000
vn 0.000000 0.000000 -0.100000
vn 0.000000 0.000000 -0.100000
vn 0.000000 0.000000 -0.100000
vn 0.000000 0.000000 -0.100000
vn 0.000000 0.000000 -0.100000
vn 0.000000 0.000000 -0.100000
vn -0.096593 -0.025882 0.000000
vn -0.096593 -0.025882 0.000000
vn -0.100000 -0.000000 0.000000
vn -0.100000 -0.000000 0.000000
vn -0.096593 0.025882 -0.000000
vn -0.096593 0.025882 -0.000000
vn -0.086603 0.050000 -0.000000
vn -0.086603 0.050000 -0.000000
vn -0.070711 0.070711 -0.000000
vn -0.070711 0.070711 -0.000000
vn -0.050000 0.086603 -0.000000
vn -0.050000 0.086603 -0.000000
vn -0.025882 0.096593 -0.000000
vn -0.025882 0.096593 -0.000000
vn 0.000000 0.100000 0.000000
vn 0.000000 0.100000 0.000000
vn 0.025882 0.096593 0.000000
vn 0.025882 0.096593 0.000000
vn 0.050000 0.086603 0.000000
vn 0.050000 0.086603 0.000000
vn 0.070711 0.070711 0.000000
vn 0.070711 0.070711 0.000000
vn 0.086603 0.050000 0.000000
vn 0.086603 0.050000 0.000000
vn 0.096593 0.025882 0.000000
vn 0.096593 0.025882 0.000000
vn 0.100000 0.000000 0.000000
vn 0.100000 0.000000 0.000000
vn 0.096593 -0.025882 0.000000
vn 0.096593 -0.025882 0.000000
vn 0.086603 -0.050000 0.000000
vn 0.086603 -0.050000 0.000000
vn 0.070711 -0.070711 0.000000
vn 0.070711 -0.070711 0.000000
vn 0.050000 -0.086603 0.000000
vn 0.050000 -0.086603 0.000000
vn 0.025882 -0.096593 0.000000
vn 0.025882 -0.096593 0.000000
vn 0.000000 -0.100000 0.000000
vn 0.000000 -0.100000 0.000000
vn -0.025882 -0.096593 0.000000
vn -0.025882 -0.096593 0.000000
vn -0.050000 -0.086603 0.000000
vn -0.050000 -0.086603 0.000000
vn -0.070711 -0.070711 0.000000
vn -0.070711 -0.070711 0.000000
vn -0.086603 -0.050000 0.000000
vn -0.086603 -0.050000 0.000000
vn -0.096593 -0.025882 0.000000
vn -0.096593 -0.025882 0.000000
vn -0.100000 -0.000000 0.000000
vn -0.100000 -0.000000 0.000000
vn -0.096593 0.025882 -0.000000
vn -0.096593 0.025882 -0.000000
vn -0.086603 0.050000 -0.000000
vn -0.086603 0.050000 -0.000000
vn -0.070711 0.070711 -0.000000
vn -0.070711 0.070711 -0.000000
vn -0.050000 0.086603 -0.000000
vn -0.050000 0.086603 -0.000000
vn -0.025882 0.096593 -0.000000
vn -0.025882 0.096593 -0.000000
vn 0.000000 0.100000 0.000000
vn 0.000000 0.100000 0.000000
vn 0.025882 0.096593 0.000000
vn 0.025882 0.096593 0.000000
vn 0.050000 0.086603 0.000000
vn 0.050000 0.086603 0.000000
vn 0.070711 0.070711 0.000000
vn 0.070711 0.070711 0.000000
vn 0.086603 0.050000 0.000000
vn 0.086603 0.050000 0.000000
vn 0.096593 0.025882 0.000000
vn 0.096593 0.025882 0.000000
vn 0.100000 0.000000 0.000000
vn 0.100000 0.000000 0.000000
vn 0.096593 -0.025882 0.000000
vn 0.096593 -0.025882 0.000000
vn 0.086603 -0.050000 0.000000
vn 0.086603 -0.050000 0.000000
vn 0.070711 -0.070711 0.000000
vn 0.070711 -0.070711 0.000000
vn 0.050000 -0.086603 0.000000
vn 0.050000 -0.086603 0.000000
vn 0.025882 -0.096593 0.000000
vn 0.025882 -0.096593 0.000000
vn 0.000000 -0.100000 0.000000
vn 0.000000 -0.100000 0.000000
vn -0.025882 -0.096593 0.000000
vn -0.025882 -0.096593 0.000000
vn -0.050000 -0.086603 0.000000
vn -0.050000 -0.086603 0.000000
vn -0.070711 -0.070711 0.000000
vn -0.070711 -0.070711 0.000000
vn -0.086603 -0.050000 0.000000
vn -0.086603 -0.050000 0.000000
vn -0.096593 -0.025882 0.000000
vn -0.096593 -0.025882 0.000000
vn -0.100000 -0.000000 0.000000
vn -0.100000 -0.000000 0.000000
vn -0.096593 0.025882 -0.000000
vn -0.096593 0.025882 -0.000000
vn -0.086603 0.050000 -0.000000
vn -0.086603 0.050000 -0.000000
vn -0.070711 0.070711 -0.000000
vn -0.070711 0.070711 -0.000000
vn -0.050000 0.086603 -0.000000
vn -0.050000 0.086603 -0.000000
vn -0.025882 0.096593 -0.000000
vn -0.025882 0.096593 -0.000000
vn 0.000000 0.100000 0.000000
vn 0.000000 0.100000 0.000000
vn 0.025882 0.096593 0.000000
vn 0.025882 0.096593 0.000000
vn 0.050000 0.086603 0.000000
vn 0.050000 0.086603 0.000000
vn 0.070711 0.070711 0.000000
vn 0.070711 0.070711 0.000000
vn 0.086603 0.050000 0.000000
vn 0.086603 0.050000 0.000000
vn 0.096593 0.025882 0.000000
vn 0.096593 0.025882 0.000000
vn 0.100000 0.000000 0.000000
vn 0.100000 0.000000 0.000000
vn 0.096593 -0.025882 0.000000
vn 0.096593 -0.025882 0.000000
vn 0.086603 -0.050000 0.000000
vn 0.086603 -0.050000 0.000000
vn 0.070711 -0.070711 0.000000
vn 0.070711 -0.070711 0.000000
vn 0.050000 -0.086603 0.000000
vn 0.050000 -0.086603 0.000000
vn 0.025882 -0.096593 0.000000
vn 0.025882 -0.096593 0.000000
vn 0.000000 -0.100000 0.000000
vn 0.000000 -0.100000 0.000000
vn -0.025882 -0.096593 0.000000
vn -0.025882 -0.096593 0.000000
vn -0.050000 -0.086603 0.000000
vn -0.050000 -0.086603 0.000000
vn -0.070711 -0.070711 0.000000
vn -0.070711 -0.070711 0.000000
vn -0.086603 -0.050000 0.000000
vn -0.086603 -0.050000 0.000000
vn -0.096593 -0.025882 0.000000
vn -0.096593 -0.025882 0.000000
vn -0.100000 -0.000000 0.000000
vn -0.100000 -0.000000 0.000000
vn -0.096593 0.025882 -0.000000
vn -0.096593 0.025882 -0.000000
vn -0.086603 0.050000 -0.000000
vn -0.086603 0.050000 -0.000000
vn -0.070711 0.070711 -0.000000
vn -0.070711 0.070711 -0.000000
vn -0.050000 0.086603 -0.000000
vn -0.050000 0.086603 -0.000000
vn -0.025882 0.096593 -0.000000
vn -0.025882 0.096593 -0.000000
vn 0.000000 0.100000 0.000000
vn 0.000000 0.100000 0.000000
vn 0.025882 0.096593 0.000000
vn 0.025882 0.096593 0.000000
vn 0.050000 0.086603 0.000000
vn 0.050000 0.086603 0.000000
vn 0.070711 0.070711 0.000000
vn 0.070711 0.070711 0.000000
vn 0.086603 0.050000 0.000000
vn 0.086603 0.050000 0.000000
vn 0.096593 0.025882 0.000000
vn 0.096593 0.025882 0.000000
vn 0.100000 0.000000 0.000000
vn 0.100000 0.000000 0.000000
vn 0.096593 -0.025882 0.000000
vn 0.096593 -0.025882 0.000000
vn 0.086603 -0.050000 0.000000
vn 0.086603 -0.050000 0.000000
vn 0.070711 -0.070711 0.000000
vn 0.070711 -0.070711 0.000000
vn 0.050000 -0.086603 0.000000
vn 0.050000 -0.086603 0.000000
vn 0.025882 -0.096593 0.000000
vn 0.025882 -0.096593 0.000000
vn 0.000000 -0.100000 0.000000
vn 0.000000 -0.100000 0.000000
vn -0.025882 -0.096593 0.000000
vn -0.025882 -0.096593 0.000000
vn -0.050000 -0.086603 0.000000
vn -0.050000 -0.086603 0.000000
vn -0.070711 -0.070711 0.000000
vn -0.070711 -0.070711 0.000000
vn -0.086603 -0.050000 0.000000
vn -0.086603 -0.050000 0.000000
vn -0.097815 0.020791 -0.000000
vn -0.097815 0.020791 -0.000000
vn -0.100000 0.000000 -0.000000
vn -0.100000 0.000000 -0.000000
vn -0.097815 -0.020791 0.000000
vn -0.097815 -0.020791 0.000000
vn -0.091355 -0.040674 0.000000
vn -0.091355 -0.040674 0.000000
vn -0.080902 -0.058779 0.000000
vn -0.080902 -0.058779 0.000000
vn -0.066913 -0.074314 0.000000
vn -0.066913 -0.074314 0.000000
vn -0.050000 -0.086603 0.000000
vn -0.050000 -0.086603 0.000000
vn -0.030902 -0.095106 0.000000
vn -0.030902 -0.095106 0.000000
vn -0.010453 -0.099452 0.000000
vn -0.010453 -0.099452 0.000000
vn 0.010453 -0.099452 0.000000
vn 0.010453 -0.099452 0.000000
vn 0.030902 -0.095106 0.000000
vn 0.030902 -0.095106 0.000000
vn 0.050000 -0.086603 0.000000
vn 0.050000 -0.086603 0.000000
vn 0.066913 -0.074314 0.000000
vn 0.066913 -0.074314 0.000000
vn 0.080902 -0.058779 0.000000
vn 0.080902 -0.058779 0.000000
vn 0.091355 -0.040674 0.000000
vn 0.091355 -0.040674 0.000000
vn 0.097815 -0.020791 0.000000
vn 0.097815 -0.020791 0.000000
vn 0.100000 0.000000 0.000000
vn 0.100000 0.000000 0.000000
vn 0.097815 0.020791 0.000000
vn 0.097815 0.020791 0.000000
vn 0.091355 0.040674 0.000000
vn 0.091355 0.040674 0.000000
vn 0.080902 0.058779 0.000000
vn 0.080902 0.058779 0.000000
vn 0.066913 0.074314 0.000000
vn 0.066913 0.074314 0.000000
vn 0.050000 0.086603 0.000000
vn 0.050000 0.086603 0.000000
vn 0.030902 0.095106 0.000000
vn 0.030902 0.095106 0.000000
vn 0.010453 0.099452 0.000000
vn 0.010453 0.099452 0.000000
vn -0.010453 0.099452 -0.000000
vn -0.010453 0.099452 -0.000000
vn -0.030902 0.095106 -0.000000
vn -0.030902 0.095106 -0.000000
vn -0.050000 0.086603 -0.000000
vn -0.050000 0.086603 -0.000000
vn -0.066913 0.074314 -0.000000
vn -0.066913 0.074314 -0.000000
vn -0.080902 0.058779 -0.000000
vn -0.080902 0.058779 -0.000000
vn -0.091355 0.040674 -0.000000
vn -0.091355 0.040674 -0.000000
vn 0.000000 0.000000 -0.100000
vn 0.000000 0.000000 -0.100000
vn 0.000000 0.000000 -0.100000
vn 0.000000 0.000000 -0.100000
vn 0.000000 0.000000 -0.100000
vn 0.000000 0.000000 -0.100000
vn 0.000000 0.000000 -0.100000
vn 0.000000 0.000000 -0.100000
vn 0.000000 0.000000 -0.100000
vn 0.000000 0.000000 -0.100000
vn 0.000000 0.000000 -0.100000
vn 0.000000 0.000000 -0.100000
vn 0.000000 0.000000 -0.100000
vn 0.000000 0.000000 -0.100000
vn 0.000000 0.000000 -0.100000
vn 0.000000 0.000000 -0.100000
vn 0.000000 0.000000 -0.100000
vn 0.000000 0.000000 -0.100000
vn 0.000000 0.000000 -0.100000
vn 0.000000 0.000000 -0.100000
vn 0.000000 0.000000 -0.100000
vn 0.000000 0.000000 -0.100000
vn 0.000000 0.000000 -0.100000
vn 0.000000 0.000000 -0.100000
vn 0.000000 0.000000 -0.100000
vn 0.000000 0.000000 -0.100000
vn 0.000000 0.000000 -0.100000
vn 0.000000 0.000000 -0.100000
vn 0.000000 0.000000 -0.100000
vn 0.000000 0.000000 -0.100000
vn 0.000000 0.000000 -0.100000
vn 0.000000 0.000000 -0.100000
vn 0.000000 0.000000 -0.100000
vn 0.000000 0.000000 -0.100000
vn 0.000000 0.000000 -0.100000
vn 0.000000 0.000000 -0.100000
vn 0.000000 0.000000 -0.100000
vn 0.000000 0.000000 -0.100000
vn 0.000000 0.000000 -0.100000
vn 0.000000 0.000000 -0.100000
vn 0.000000 0.000000 -0.100000
vn 0.000000 0.000000 -0.100000
vn 0.000000 0.000000 -0.100000
vn 0.000000 0.000000 -0.100000
vn 0.000000 0.000000 -0.100000
vn 0.000000 0.000000 -0.100000
vn 0.000000 0.000000 -0.100000
vn 0.000000 0.000000 -0.100000
vn 0.000000 0.000000 -0.100000
vn 0.000000 0.000000 -0.100000
vn 0.000000 0.000000 -0.100000
vn 0.000000 0.000000 -0.100000
vn 0.000000 0.000000 -0.100000
vn 0.000000 0.000000 -0.100000
vn 0.000000 0.000000 -0.100000
vn 0.000000 0.000000 -0.100000
vn 0.000000 0.000000 -0.100000
vn 0.000000 0.000000 -0.100000
vn 0.000000 0.000000 -0.100000
vn 0.000000 0.000000 -0.100000
vn -0.092486 0.019658 0.032557
vn -0.094552 0.000000 0.032557
vn -0.094552 0.000000 0.032557
vn -0.092486 -0.019658 0.032557
vn -0.091804 -0.022628 0.032557
vn -0.086377 -0.038458 0.032557
vn -0.083722 -0.043940 0.032557
vn -0.076494 -0.055576 0.032557
vn -0.070773 -0.062699 0.032557
vn -0.063268 -0.070266 0.032557
vn -0.053712 -0.077815 0.032557
vn -0.047276 -0.081884 0.032557
vn -0.033529 -0.088408 0.032557
vn -0.029218 -0.089924 0.032557
vn -0.011397 -0.093862 0.032557
vn -0.009883 -0.094034 0.032557
vn 0.009883 -0.094034 0.032557
vn 0.011397 -0.093862 0.032557
vn 0.029218 -0.089924 0.032557
vn 0.033529 -0.088408 0.032557
vn 0.047276 -0.081884 0.032557
vn 0.053712 -0.077815 0.032557
vn 0.063268 -0.070266 0.032557
vn 0.070773 -0.062699 0.032557
vn 0.076494 -0.055576 0.032557
vn 0.083722 -0.043940 0.032557
vn 0.086377 -0.038458 0.032557
vn 0.091804 -0.022628 0.032557
vn 0.092486 -0.019658 0.032557
vn 0.094552 -0.000000 0.032557
vn 0.094552 -0.000000 0.032557
vn 0.092486 0.019658 0.032557
vn 0.091804 0.022628 0.032557
vn 0.086377 0.038458 0.032557
vn 0.083722 0.043940 0.032557
vn 0.076494 0.055576 0.032557
vn 0.070773 0.062699 0.032557
vn 0.063268 0.070266 0.032557
vn 0.053712 0.077815 0.032557
vn 0.047276 0.081884 0.032557
vn 0.033529 0.088408 0.032557
vn 0.029218 0.089924 0.032557
vn 0.011397 0.093862 0.032557
vn 0.009883 0.094034 0.032557
vn -0.009883 0.094034 0.032557
vn -0.011397 0.093862 0.032557
vn -0.029218 0.089924 0.032557
vn -0.033529 0.088408 0.032557
vn -0.047276 0.081884 0.032557
vn -0.053712 0.077815 0.032557
vn -0.063268 0.070266 0.032557
vn -0.070773 0.062699 0.032557
vn -0.076494 0.055576 0.032557
vn -0.083722 0.043940 0.032557
vn -0.086377 0.038458 0.032557
vn -0.091804 0.022628 0.032557
vn 0.000000 0.000000 0.100000
vn 0.000000 0.000000 0.100000
vn 0.000000 0.000000 0.100000
vn 0.000000 0.000000 0.100000
vn 0.000000 0.000000 0.100000
vn 0.000000 0.000000 0.100000
vn 0.000000 0.000000 0.100000
vn 0.000000 0.000000 0.100000
vn 0.000000 0.000000 0.100000
vn 0.000000 0.000000 0.100000
vn 0.000000 0.000000 0.100000
vn 0.000000 0.000000 0.100000
vn 0.000000 0.000000 0.100000
vn 0.000000 0.000000 0.100000
vn 0.000000 0.000000 0.100000
vn 0.000000 0.000000 0.100000
vn 0.000000 0.000000 0.100000
vn 0.000000 0.000000 0.100000
vn 0.000000 0.000000 0.100000
vn 0.000000 0.000000 0.100000
vn 0.000000 0.000000 0.100000
vn 0.000000 0.000000 0.100000
vn 0.000000 0.000000 0.100000
vn 0.000000 0.000000 0.100000
vn 0.000000 0.000000 0.100000
vn 0.000000 0.000000 0.100000
vn 0.000000 0.000000 0.100000
vn 0.000000 0.000000 0.100000
vn 0.000000 0.000000 0.100000
vn 0.000000 0.000000 0.100000
vn 0.000000 0.000000 0.100000
vn 0.000000 0.000000 0.100000
vn 0.000000 0.000000 0.100000
vn 0.000000 0.000000 0.100000
vn 0.000000 0.000000 0.100000
vn 0.000000 0.000000 0.100000
vn 0.000000 0.000000 0.100000
vn 0.000000 0.000000 0.100000
vn 0.000000 0.000000 0.100000
vn 0.000000 0.000000 0.100000
vn 0.000000 0.000000 0.100000
vn 0.000000 0.000000 0.100000
vn 0.000000 0.000000 0.100000
vn 0.000000 0.000000 0.100000
vn 0.000000 0.000000 0.100000
vn 0.000000 0.000000 0.100000
vn 0.000000 0.000000 0.100000
vn 0.000000 0.000000 0.100000
vn 0.000000 0.000000 0.100000
vn 0.000000 0.000000 0.100000
vn 0.000000 0.000000 0.100000
vn 0.000000 0.000000 -0.100000
vn 0.000000 0.000000 -0.100000
vn 0.000000 0.000000 -0.100000
vn 0.000000 0.000000 -0.100000
vn 0.000000 0.000000 -0.100000
vn 0.000000 0.000000 -0.100000
vn 0.000000 0.000000 -0.100000
vn 0.000000 0.000000 -0.100000
vn 0.000000 0.000000 -0.100000
vn 0.000000 0.000000 -0.100000
vn 0.000000 0.000000 -0.100000
vn 0.000000 0.000000 -0.100000
vn 0.000000 0.000000 -0.100000
vn 0.000000 0.000000 -0.100000
vn 0.000000 0.000000 -0.100000
vn 0.000000 0.000000 -0.100000
vn 0.000000 0.000000 -0.100000
vn 0.000000 0.000000 -0.100000
vn 0.000000 0.000000 -0.100000
vn 0.000000 0.000000 -0.100000
vn 0.000000 0.000000 -0.100000
vn 0.000000 0.000000 -0.100000
vn 0.000000 0.000000 -0.100000
vn 0.000000 0.000000 -0.100000
vn 0.000000 0.000000 -0.100000
vn 0.000000 0.000000 -0.100000
vn 0.000000 0.000000 -0.100000
vn 0.000000 0.000000 -0.100000
vn 0.000000 0.000000 -0.100000
vn 0.000000 0.000000 -0.100000
vn 0.000000 0.000000 -0.100000
vn 0.000000 0.000000 -0.100000
vn 0.000000 0.000000 -0.100000
vn 0.000000 0.000000 -0.100000
vn 0.000000 0.000000 -0.100000
vn 0.000000 0.000000 -0.100000
vn 0.000000 0.000000 -0.100000
vn 0.000000 0.000000 -0.100000
vn 0.000000 0.000000 -0.100000
vn 0.000000 0.000000 -0.100000
vn 0.000000 0.000000 -0.100000
vn 0.000000 0.000000 -0.100000
vn 0.000000 0.000000 -0.100000
vn 0.000000 0.000000 -0.100000
vn 0.000000 0.000000 -0.100000
vn 0.000000 0.000000 -0.100000
vn 0.000000 0.000000 -0.100000
vn 0.000000 0.000000 -0.100000
vn 0.000000 0.000000 -0.100000
vn 0.000000 0.000000 -0.100000
vn 0.000000 0.000000 -0.100000
vn 0.000000 0.000000 -0.100000
vn 0.000000 0.000000 -0.100000
vn 0.000000 0.000000 -0.100000
vn 0.000000 0.000000 -0.100000
vn 0.000000 0.000000 -0.100000
vn 0.000000 0.000000 -0.100000
vn 0.000000 0.000000 -0.100000
vn 0.000000 0.000000 -0.100000
vn 0.000000 0.000000 -0.100000
vn 0.000000 0.000000 -0.100000
vn 0.000000 0.000000 -0.100000
vn 0.000000 0.000000 -0.100000
vn 0.000000 0.000000 -0.100000
vn 0.000000 0.000000 -0.100000
vn 0.000000 0.000000 -0.100000
vn 0.000000 0.000000 -0.100000
vn 0.000000 0.000000 -0.100000
vn 0.000000 0.000000 -0.100000
vn 0.000000 0.000000 -0.100000
vn 0.000000 0.000000 -0.100000
vn 0.000000 0.000000 -0.100000
vn 0.000000 0.000000 -0.100000
vn 0.000000 0.000000 -0.100000
vn 0.000000 0.000000 -0.100000
vn 0.000000 0.000000 -0.100000
vn 0.000000 0.000000 -0.100000
vn 0.000000 0.000000 -0.100000
vn 0.000000 0.000000 -0.100000
vn 0.000000 0.000000 -0.100000
vn 0.000000 0.000000 -0.100000
vn 0.000000 0.000000 -0.100000
vn 0.000000 0.000000 -0.100000
vn 0.000000 0.000000 -0.100000
vn 0.000000 0.000000 -0.100000
vn 0.000000 0.000000 -0.100000
vn 0.000000 0.000000 -0.100000
vn 0.000000 0.000000 -0.100000
vn 0.000000 0.000000 -0.100000
vn 0.000000 0.000000 -0.100000
vn 0.000000 0.000000 -0.100000
vn 0.000000 0.000000 -0.100000
vn 0.000000 0.000000 -0.100000
vn 0.000000 0.000000 -0.100000
vn 0.000000 0.000000 -0.100000
vn 0.000000 0.000000 -0.100000
vn 0.000000 0.000000 -0.100000
vn 0.000000 0.000000 -0.100000
vn 0.000000 0.000000 -0.100000
vn 0.000000 0.000000 -0.100000
vn 0.000000 0.000000 -0.100000
vn 0.000000 0.000000 -0.100000
vn 0.000000 0.000000 -0.100000
vn 0.000000 0.000000 -0.100000
vn 0.000000 0.000000 -0.100000
vn 0.000000 0.000000 -0.100000
vn 0.000000 0.000000 -0.100000
vn 0.000000 0.000000 -0.100000
vn 0.000000 0.000000 -0.100000
vn 0.000000 0.000000 -0.100000
vn 0.000000 0.000000 -0.100000
vn 0.000000 0.000000 -0.100000
vn 0.000000 0.000000 -0.100000
vn 0.000000 0.000000 -0.100000
vn 0.000000 0.000000 -0.100000
vn 0.000000 0.000000 -0.100000
vn 0.000000 0.000000 -0.100000
vn 0.000000 0.000000 -0.100000
vn 0.000000 0.000000 -0.100000
vn 0.000000 0.000000 -0.100000
vn 0.000000 0.000000 -0.100000
vn 0.000000 0.000000 -0.100000
vn 0.000000 0.000000 -0.100000
vn 0.000000 0.000000 -0.100000
vn 0.000000 0.000000 -0.100000
vn 0.000000 0.000000 -0.100000
vn 0.083215 0.052101 0.018993
vn 0.069301 0.071995 0.003757
vn 0.085355 0.052101 -0.000000
vn 0.068489 0.071995 -0.011228
vn 0.083215 0.052101 -0.018993
vn 0.064474 0.071995 -0.025689
vn 0.076902 0.052101 -0.037034
vn 0.057444 0.071995 -0.038948
vn 0.066733 0.052101 -0.053218
vn 0.047728 0.071995 -0.050386
vn 0.053218 0.052101 -0.066733
vn 0.035781 0.071995 -0.059468
vn 0.037034 0.052101 -0.076902
vn 0.022160 0.071995 -0.065770
vn 0.018993 0.052101 -0.083215
vn 0.007504 0.071995 -0.068996
vn -0.000000 0.052101 -0.085355
vn -0.007504 0.071995 -0.068996
vn -0.018993 0.052101 -0.083215
vn -0.022160 0.071995 -0.065770
vn -0.037034 0.052101 -0.076902
vn -0.035781 0.071995 -0.059468
vn -0.053218 0.052101 -0.066733
vn -0.047728 0.071995 -0.050386
vn -0.066733 0.052101 -0.053218
vn -0.057444 0.071995 -0.038948
vn -0.076902 0.052101 -0.037034
vn -0.064474 0.071995 -0.025689
vn -0.083215 0.052101 -0.018993
vn -0.068489 0.071995 -0.011228
vn -0.085355 0.052101 -0.000000
vn -0.069301 0.071995 0.003757
vn -0.083215 0.052101 0.018993
vn -0.066873 0.071995 0.018567
vn -0.076902 0.052101 0.037034
vn -0.061318 0.071995 0.032509
vn -0.066733 0.052101 0.053218
vn -0.052896 0.071995 0.044931
vn -0.053218 0.052101 0.066733
vn -0.042001 0.071995 0.055251
vn -0.037034 0.052101 0.076902
vn -0.029142 0.071995 0.062988
vn -0.018993 0.052101 0.083215
vn -0.014920 0.071995 0.067780
vn -0.000000 0.052101 0.085355
vn -0.000000 0.071995 0.069403
vn 0.014920 0.071995 0.067780
vn 0.000000 0.087207 0.048938
vn 0.010520 0.087207 0.047794
vn 0.000000 0.096749 0.025291
vn 0.005437 0.096749 0.024700
vn -0.000000 0.100000 -0.000000
vn -0.000000 0.100000 -0.000000
vn 0.066873 0.071995 0.018567
vn 0.076902 0.052101 0.037034
vn 0.061318 0.071995 0.032509
vn 0.066733 0.052101 0.053218
vn 0.052896 0.071995 0.044931
vn 0.053218 0.052101 0.066733
vn 0.042001 0.071995 0.055251
vn 0.037034 0.052101 0.076902
vn 0.029142 0.071995 0.062988
vn 0.018993 0.052101 0.083215
vn -0.000000 0.100000 0.000000
vn 0.024958 0.096749 -0.004092
vn -0.000000 0.100000 0.000000
vn 0.025254 0.096749 0.001369
vn -0.000000 0.100000 -0.000000
vn 0.024370 0.096749 0.006766
vn -0.000000 0.100000 -0.000000
vn 0.022345 0.096749 0.011847
vn -0.000000 0.100000 -0.000000
vn 0.019276 0.096749 0.016373
vn -0.000000 0.100000 -0.000000
vn 0.015306 0.096749 0.020134
vn -0.000000 0.100000 -0.000000
vn 0.010620 0.096749 0.022954
vn 0.023495 0.096749 -0.009361
vn -0.000000 0.100000 0.000000
vn 0.020933 0.096749 -0.014193
vn 0.000000 0.100000 -0.000000
vn 0.017393 0.096749 -0.018361
vn -0.000000 0.100000 0.000000
vn 0.013039 0.096749 -0.021671
vn 0.000000 0.100000 -0.000000
vn 0.008076 0.096749 -0.023967
vn 0.000000 0.100000 -0.000000
vn 0.002734 0.096749 -0.025143
vn -0.000000 0.100000 0.000000
vn -0.002734 0.096749 -0.025143
vn -0.000000 0.100000 -0.000000
vn -0.008076 0.096749 -0.023967
vn 0.000000 0.100000 0.000000
vn -0.013039 0.096749 -0.021671
vn 0.000000 0.100000 0.000000
vn -0.017393 0.096749 -0.018361
vn 0.000000 0.100000 0.000000
vn -0.020933 0.096749 -0.014193
vn 0.000000 0.100000 0.000000
vn -0.023495 0.096749 -0.009361
vn 0.000000 0.100000 0.000000
vn -0.024958 0.096749 -0.004092
vn 0.000000 0.100000 0.000000
vn -0.025254 0.096749 0.001369
vn 0.000000 0.100000 -0.000000
vn -0.024370 0.096749 0.006766
vn 0.000000 0.100000 -0.000000
vn -0.022345 0.096749 0.011847
vn 0.000000 0.100000 -0.000000
vn -0.019276 0.096749 0.016373
vn -0.000000 0.100000 0.000000
vn -0.015306 0.096749 0.020134
vn 0.000000 0.100000 -0.000000
vn -0.010620 0.096749 0.022954
vn 0.000000 0.100000 -0.000000
vn -0.005437 0.096749 0.024700
vn 0.000000 0.100000 -0.000000
vn -0.010520 0.087207 0.047794
vn -0.020549 0.087207 0.044415
vn -0.029616 0.087207 0.038959
vn -0.037299 0.087207 0.031682
vn -0.043238 0.087207 0.022923
vn -0.047154 0.087207 0.013092
vn -0.048866 0.087207 0.002649
vn -0.048294 0.087207 -0.007917
vn -0.045462 0.087207 -0.018114
vn -0.040506 0.087207 -0.027464
vn -0.033655 0.087207 -0.035529
vn -0.025230 0.087207 -0.041933
vn -0.015626 0.087207 -0.046376
vn -0.005291 0.087207 -0.048651
vn 0.005291 0.087207 -0.048651
vn 0.015626 0.087207 -0.046376
vn 0.025230 0.087207 -0.041933
vn 0.033655 0.087207 -0.035529
vn 0.040506 0.087207 -0.027464
vn 0.045462 0.087207 -0.018114
vn 0.048294 0.087207 -0.007917
vn 0.048866 0.087207 0.002649
vn 0.047154 0.087207 0.013092
vn 0.043238 0.087207 0.022923
vn 0.037299 0.087207 0.031682
vn 0.029616 0.087207 0.038959
vn 0.020549 0.087207 0.044415
vn -0.000000 0.100000 -0.000000
vn -0.000000 0.100000 -0.000000
vn -0.000000 0.100000 -0.000000
vn -0.000000 0.100000 -0.000000
vn -0.000000 0.100000 -0.000000
vn -0.000000 0.100000 -0.000000
vn -0.000000 0.100000 -0.000000
vn -0.000000 0.100000 -0.000000
vn -0.000000 0.100000 -0.000000
vn -0.000000 0.100000 -0.000000
vn -0.000000 0.100000 -0.000000
vn -0.000000 0.100000 -0.000000
vn -0.000000 0.100000 -0.000000
vn -0.000000 0.100000 -0.000000
vn -0.000000 0.100000 -0.000000
vn -0.000000 0.100000 -0.000000
vn -0.000000 0.100000 -0.000000
vn -0.000000 0.100000 -0.000000
vn -0.000000 0.100000 -0.000000
vn -0.000000 0.100000 -0.000000
vn -0.000000 0.100000 -0.000000
vn -0.000000 0.100000 -0.000000
vn -0.000000 0.100000 -0.000000
vn -0.000000 0.100000 -0.000000
vn -0.000000 0.100000 -0.000000
vn -0.000000 0.100000 -0.000000
vn -0.000000 0.100000 -0.000000
vn -0.000000 0.100000 -0.000000
vn -0.000000 0.100000 -0.000000
vn 0.082447 0.052101 0.022092
vn 0.085355 0.052101 0.000000
vn 0.073920 0.052101 0.042678
vn 0.060355 0.052101 0.060355
vn 0.042678 0.052101 0.073920
vn 0.022092 0.052101 0.082447
vn -0.000000 0.052101 0.085355
vn -0.022092 0.052101 0.082447
vn -0.042678 0.052101 0.073920
vn -0.060355 0.052101 0.060355
vn -0.073920 0.052101 0.042678
vn -0.082447 0.052101 0.022092
vn -0.085355 0.052101 -0.000000
vn -0.082447 0.052101 -0.022092
vn -0.073920 0.052101 -0.042678
vn -0.060355 0.052101 -0.060355
vn -0.042678 0.052101 -0.073920
vn -0.022092 0.052101 -0.082447
vn -0.000000 0.052101 -0.085355
vn 0.022092 0.052101 -0.082447
vn 0.042678 0.052101 -0.073920
vn 0.060355 0.052101 -0.060355
vn 0.073920 0.052101 -0.042678
vn 0.082447 0.052101 -0.022092
vn -0.026138 0.096513 -0.001417
vn -0.025832 0.096513 0.004235
vn -0.024318 0.096513 0.009689
vn -0.021666 0.096513 0.014690
vn -0.018002 0.096513 0.019004
vn -0.013496 0.096513 0.022430
vn -0.008358 0.096513 0.024807
vn -0.002830 0.096513 0.026023
vn 0.002830 0.096513 0.026023
vn 0.008358 0.096513 0.024807
vn 0.013496 0.096513 0.022430
vn 0.018002 0.096513 0.019004
vn 0.021666 0.096513 0.014690
vn 0.024318 0.096513 0.009689
vn 0.025832 0.096513 0.004235
vn 0.026138 0.096513 -0.001417
vn 0.025223 0.096513 -0.007003
vn 0.023128 0.096513 -0.012261
vn 0.019951 0.096513 -0.016947
vn 0.015842 0.096513 -0.020839
vn 0.010991 0.096513 -0.023757
vn 0.005627 0.096513 -0.025565
vn 0.000000 0.096513 -0.026177
vn -0.005627 0.096513 -0.025565
vn -0.010991 0.096513 -0.023757
vn -0.015842 0.096513 -0.020839
vn -0.019951 0.096513 -0.016947
vn -0.023128 0.096513 -0.012261
vn -0.025223 0.096513 -0.007003
vn -0.083360 -0.052101 0.018349
vn -0.094752 -0.027941 0.015534
vn -0.085355 -0.052101 0.000000
vn -0.095876 -0.027941 -0.005198
vn -0.083360 -0.052101 -0.018349
vn -0.092517 -0.027941 -0.025687
vn -0.077466 -0.052101 -0.035840
vn -0.084832 -0.027941 -0.044975
vn -0.067951 -0.052101 -0.051655
vn -0.073181 -0.027941 -0.062160
vn -0.055258 -0.052101 -0.065054
vn -0.058107 -0.027941 -0.076439
vn -0.039981 -0.052101 -0.075412
vn -0.040317 -0.027941 -0.087143
vn -0.022835 -0.052101 -0.082244
vn -0.020641 -0.027941 -0.093772
vn -0.004621 -0.052101 -0.085230
vn -0.000000 -0.027941 -0.096017
vn 0.013809 -0.052101 -0.084231
vn 0.020641 -0.027941 -0.093772
vn 0.031593 -0.052101 -0.079293
vn 0.040317 -0.027941 -0.087143
vn 0.047900 -0.052101 -0.070647
vn 0.058107 -0.027941 -0.076439
vn 0.061967 -0.052101 -0.058699
vn 0.073181 -0.027941 -0.062160
vn 0.073137 -0.052101 -0.044005
vn 0.084832 -0.027941 -0.044975
vn 0.080887 -0.052101 -0.027254
vn 0.092517 -0.027941 -0.025687
vn 0.084855 -0.052101 -0.009229
vn 0.095876 -0.027941 -0.005198
vn 0.084855 -0.052101 0.009229
vn 0.094752 -0.027941 0.015534
vn 0.080887 -0.052101 0.027254
vn 0.089198 -0.027941 0.035540
vn 0.073137 -0.052101 0.044005
vn 0.079472 -0.027941 0.053884
vn 0.061967 -0.052101 0.058699
vn 0.066031 -0.027941 0.069708
vn 0.047900 -0.052101 0.070647
vn 0.049502 -0.027941 0.082273
vn 0.031593 -0.052101 0.079293
vn 0.030658 -0.027941 0.090991
vn 0.013809 -0.052101 0.084231
vn 0.010381 -0.027941 0.095454
vn -0.004621 -0.052101 0.085230
vn -0.010381 -0.027941 0.095454
vn -0.022835 -0.052101 0.082244
vn -0.030658 -0.027941 0.090991
vn -0.039981 -0.052101 0.075412
vn -0.049502 -0.027941 0.082273
vn -0.055258 -0.052101 0.065054
vn -0.066031 -0.027941 0.069708
vn -0.067951 -0.052101 0.051655
vn -0.079472 -0.027941 0.053884
vn -0.077466 -0.052101 0.035840
vn -0.089198 -0.027941 0.035540
vn -0.000000 0.086295 -0.050528
vn -0.010862 0.086295 -0.049347
vn -0.021216 0.086295 -0.045858
vn -0.030578 0.086295 -0.040225
vn -0.038511 0.086295 -0.032711
vn -0.044642 0.086295 -0.023668
vn -0.048686 0.086295 -0.013518
vn -0.050454 0.086295 -0.002736
vn -0.049862 0.086295 0.008175
vn -0.046939 0.086295 0.018702
vn -0.041822 0.086295 0.028356
vn -0.034748 0.086295 0.036683
vn -0.026050 0.086295 0.043295
vn -0.016134 0.086295 0.047883
vn -0.005463 0.086295 0.050232
vn 0.005463 0.086295 0.050232
vn 0.016134 0.086295 0.047883
vn 0.026050 0.086295 0.043295
vn 0.034748 0.086295 0.036683
vn 0.041822 0.086295 0.028356
vn 0.046939 0.086295 0.018702
vn 0.049862 0.086295 0.008175
vn 0.050454 0.086295 -0.002736
vn 0.048686 0.086295 -0.013518
vn 0.044642 0.086295 -0.023668
vn 0.038511 0.086295 -0.032711
vn 0.030578 0.086295 -0.040225
vn 0.021216 0.086295 -0.045858
vn 0.010862 0.086295 -0.049347
vn -0.000000 0.070060 -0.071356
vn -0.015339 0.070060 -0.069687
vn -0.029961 0.070060 -0.064761
vn -0.043183 0.070060 -0.056806
vn -0.054385 0.070060 -0.046195
vn -0.063044 0.070060 -0.033424
vn -0.068755 0.070060 -0.019090
vn -0.071251 0.070060 -0.003863
vn -0.070416 0.070060 0.011544
vn -0.066288 0.070060 0.026411
vn -0.059060 0.070060 0.040044
vn -0.049071 0.070060 0.051804
vn -0.036788 0.070060 0.061142
vn -0.022784 0.070060 0.067620
vn -0.007715 0.070060 0.070937
vn 0.007715 0.070060 0.070937
vn 0.022784 0.070060 0.067620
vn 0.036788 0.070060 0.061142
vn 0.049071 0.070060 0.051804
vn 0.059060 0.070060 0.040044
vn 0.066288 0.070060 0.026411
vn 0.070416 0.070060 0.011544
vn 0.071251 0.070060 -0.003863
vn 0.068755 0.070060 -0.019090
vn 0.063044 0.070060 -0.033424
vn 0.054385 0.070060 -0.046195
vn 0.043183 0.070060 -0.056806
vn 0.029961 0.070060 -0.064761
vn 0.015339 0.070060 -0.069687
vn -0.000000 0.048938 -0.087207
vn -0.018747 0.048938 -0.085168
vn -0.036617 0.048938 -0.079147
vn -0.052775 0.048938 -0.069425
vn -0.066466 0.048938 -0.056457
vn -0.077048 0.048938 -0.040848
vn -0.084028 0.048938 -0.023330
vn -0.087079 0.048938 -0.004721
vn -0.086058 0.048938 0.014109
vn -0.081013 0.048938 0.032279
vn -0.072180 0.048938 0.048939
vn -0.059972 0.048938 0.063312
vn -0.044960 0.048938 0.074724
vn -0.027845 0.048938 0.082642
vn -0.009429 0.048938 0.086696
vn 0.009429 0.048938 0.086696
vn 0.027845 0.048938 0.082642
vn 0.044960 0.048938 0.074724
vn 0.059972 0.048938 0.063312
vn 0.072180 0.048938 0.048939
vn 0.081013 0.048938 0.032279
vn 0.086058 0.048938 0.014109
vn 0.087079 0.048938 -0.004721
vn 0.084028 0.048938 -0.023330
vn 0.077048 0.048938 -0.040848
vn 0.066466 0.048938 -0.056457
vn 0.052775 0.048938 -0.069425
vn 0.036617 0.048938 -0.079147
vn 0.018747 0.048938 -0.085168
vn -0.000000 0.024404 -0.096977
vn -0.020847 0.024404 -0.094709
vn -0.040719 0.024404 -0.088014
vn -0.058688 0.024404 -0.077202
vn -0.073912 0.024404 -0.062781
vn -0.085680 0.024404 -0.045425
vn -0.093442 0.024404 -0.025944
vn -0.096834 0.024404 -0.005250
vn -0.095699 0.024404 0.015689
vn -0.090089 0.024404 0.035895
vn -0.080266 0.024404 0.054422
vn -0.066691 0.024404 0.070405
vn -0.049997 0.024404 0.083095
vn -0.030965 0.024404 0.091900
vn -0.010485 0.024404 0.096408
vn 0.010485 0.024404 0.096408
vn 0.030965 0.024404 0.091900
vn 0.049997 0.024404 0.083095
vn 0.066691 0.024404 0.070405
vn 0.080266 0.024404 0.054422
vn 0.090089 0.024404 0.035895
vn 0.095699 0.024404 0.015689
vn 0.096834 0.024404 -0.005250
vn 0.093442 0.024404 -0.025944
vn 0.085680 0.024404 -0.045425
vn 0.073912 0.024404 -0.062781
vn 0.058688 0.024404 -0.077202
vn 0.040719 0.024404 -0.088014
vn 0.020847 0.024404 -0.094709
vn -0.000000 -0.001832 -0.099983
vn -0.021493 -0.001832 -0.097646
vn -0.041982 -0.001832 -0.090742
vn -0.060507 -0.001832 -0.079596
vn -0.076203 -0.001832 -0.064728
vn -0.088336 -0.001832 -0.046833
vn -0.096339 -0.001832 -0.026748
vn -0.099837 -0.001832 -0.005413
vn -0.098666 -0.001832 0.016175
vn -0.092882 -0.001832 0.037008
vn -0.082755 -0.001832 0.056109
vn -0.068758 -0.001832 0.072587
vn -0.051547 -0.001832 0.085671
vn -0.031925 -0.001832 0.094749
vn -0.010810 -0.001832 0.099397
vn 0.010810 -0.001832 0.099397
vn 0.031925 -0.001832 0.094749
vn 0.051547 -0.001832 0.085671
vn 0.068758 -0.001832 0.072587
vn 0.082755 -0.001832 0.056109
vn 0.092882 -0.001832 0.037008
vn 0.098666 -0.001832 0.016175
vn 0.099837 -0.001832 -0.005413
vn 0.096339 -0.001832 -0.026748
vn 0.088336 -0.001832 -0.046833
vn 0.076203 -0.001832 -0.064728
vn 0.060507 -0.001832 -0.079596
vn 0.041982 -0.001832 -0.090742
vn 0.021493 -0.001832 -0.097646
vn -0.083715 -0.052101 -0.016652
vn -0.085355 -0.052101 -0.000000
vn -0.083715 -0.052101 0.016652
vn -0.078858 -0.052101 0.032664
vn -0.070970 -0.052101 0.047421
vn -0.060355 -0.052101 0.060355
vn -0.047421 -0.052101 0.070970
vn -0.032664 -0.052101 0.078858
vn -0.016652 -0.052101 0.083715
vn 0.000000 -0.052101 0.085355
vn 0.016652 -0.052101 0.083715
vn 0.032664 -0.052101 0.078858
vn 0.047421 -0.052101 0.070970
vn 0.060355 -0.052101 0.060355
vn 0.070970 -0.052101 0.047421
vn 0.078858 -0.052101 0.032664
vn 0.083715 -0.052101 0.016652
vn 0.085355 -0.052101 0.000000
vn 0.083715 -0.052101 -0.016652
vn 0.078858 -0.052101 -0.032664
vn 0.070970 -0.052101 -0.047421
vn 0.060355 -0.052101 -0.060355
vn 0.047421 -0.052101 -0.070970
vn 0.032664 -0.052101 -0.078858
vn 0.016652 -0.052101 -0.083715
vn 0.000000 -0.052101 -0.085355
vn -0.016652 -0.052101 -0.083715
vn -0.032664 -0.052101 -0.078858
vn -0.047421 -0.052101 -0.070970
vn -0.060355 -0.052101 -0.060355
vn -0.070970 -0.052101 -0.047421
vn -0.078858 -0.052101 -0.032664
vn 0.096593 0.000000 -0.025882
vn 0.098079 0.000000 -0.019509
vn 0.100000 0.000000 -0.000000
vn 0.100000 0.000000 -0.000000
vn 0.098079 0.000000 0.019509
vn 0.092388 0.000000 -0.038268
vn 0.086603 0.000000 -0.050000
vn 0.083147 0.000000 -0.055557
vn 0.070711 0.000000 -0.070711
vn 0.070711 0.000000 -0.070711
vn 0.055557 0.000000 -0.083147
vn 0.050000 0.000000 -0.086603
vn 0.038268 0.000000 -0.092388
vn 0.025882 0.000000 -0.096593
vn 0.019509 0.000000 -0.098079
vn -0.000000 0.000000 -0.100000
vn -0.000000 0.000000 -0.100000
vn -0.019509 0.000000 -0.098079
vn -0.025882 0.000000 -0.096593
vn -0.038268 0.000000 -0.092388
vn -0.050000 0.000000 -0.086603
vn -0.055557 0.000000 -0.083147
vn -0.070711 0.000000 -0.070711
vn -0.070711 0.000000 -0.070711
vn -0.083147 0.000000 -0.055557
vn -0.086603 0.000000 -0.050000
vn -0.092388 0.000000 -0.038268
vn -0.096593 0.000000 -0.025882
vn -0.098079 0.000000 -0.019509
vn -0.100000 0.000000 0.000000
vn -0.100000 0.000000 0.000000
vn -0.098079 0.000000 0.019509
vn -0.096593 0.000000 0.025882
vn -0.092388 0.000000 0.038268
vn -0.086603 0.000000 0.050000
vn -0.083147 0.000000 0.055557
vn -0.070711 0.000000 0.070711
vn -0.070711 0.000000 0.070711
vn -0.055557 0.000000 0.083147
vn -0.050000 0.000000 0.086603
vn -0.038268 0.000000 0.092388
vn -0.025882 0.000000 0.096593
vn -0.019509 0.000000 0.098079
vn -0.000000 0.000000 0.100000
vn -0.000000 0.000000 0.100000
vn 0.019509 0.000000 0.098079
vn 0.025882 0.000000 0.096593
vn 0.038268 0.000000 0.092388
vn 0.050000 0.000000 0.086603
vn 0.055557 0.000000 0.083147
vn 0.070711 0.000000 0.070711
vn 0.070711 0.000000 0.070711
vn 0.083147 0.000000 0.055557
vn 0.086603 0.000000 0.050000
vn 0.092388 0.000000 0.038268
vn 0.096593 0.000000 0.025882
vn 0.000000 -0.100000 0.000000
vn 0.000000 -0.100000 0.000000
vn 0.000000 -0.100000 0.000000
vn 0.000000 -0.100000 0.000000
vn 0.000000 -0.100000 0.000000
vn 0.000000 -0.100000 0.000000
vn 0.000000 -0.100000 0.000000
vn 0.000000 -0.100000 0.000000
vn 0.000000 -0.100000 0.000000
vn 0.000000 -0.100000 0.000000
vn 0.000000 -0.100000 0.000000
vn 0.000000 -0.100000 0.000000
vn 0.000000 -0.100000 0.000000
vn 0.000000 -0.100000 0.000000
vn 0.000000 -0.100000 0.000000
vn 0.000000 -0.100000 0.000000
vn 0.000000 -0.100000 0.000000
vn 0.000000 -0.100000 0.000000
vn 0.000000 -0.100000 0.000000
vn 0.000000 -0.100000 0.000000
vn 0.000000 -0.100000 0.000000
vn 0.000000 -0.100000 0.000000
vn 0.000000 -0.100000 0.000000
vn 0.000000 -0.100000 0.000000
vn 0.000000 -0.100000 0.000000
vn 0.000000 -0.100000 0.000000
vn 0.000000 -0.100000 0.000000
vn 0.000000 -0.100000 0.000000
vn 0.000000 -0.100000 0.000000
vn 0.000000 -0.100000 0.000000
vn 0.000000 -0.100000 0.000000
vn 0.000000 -0.100000 0.000000
vn 0.000000 -0.100000 0.000000
vn 0.000000 -0.100000 0.000000
vn 0.000000 -0.100000 0.000000
vn 0.000000 -0.100000 0.000000
vn 0.000000 -0.100000 0.000000
vn 0.000000 -0.100000 0.000000
vn 0.000000 -0.100000 0.000000
vn 0.000000 -0.100000 0.000000
vn 0.000000 -0.100000 0.000000
vn 0.000000 -0.100000 0.000000
vn 0.000000 -0.100000 0.000000
vn 0.000000 -0.100000 0.000000
vn 0.000000 -0.100000 0.000000
vn 0.000000 -0.100000 0.000000
vn 0.000000 -0.100000 0.000000
vn 0.000000 -0.100000 0.000000
vn 0.000000 -0.100000 0.000000
vn 0.000000 -0.100000 0.000000
vn 0.000000 -0.100000 0.000000
vn 0.000000 -0.100000 0.000000
vn 0.000000 -0.100000 0.000000
vn 0.000000 -0.100000 0.000000
vn 0.000000 -0.100000 0.000000
vn 0.000000 -0.100000 0.000000
vn 0.000000 -0.100000 0.000000
vn 0.000000 -0.100000 0.000000
vn 0.000000 -0.100000 0.000000
vn 0.000000 -0.100000 0.000000
vn 0.000000 -0.100000 0.000000
vn 0.000000 -0.100000 0.000000
vn 0.000000 -0.100000 0.000000
vn 0.000000 -0.100000 0.000000
vn 0.023075 -0.097301 -0.000040
vn 0.023075 -0.097301 -0.000080
vn 0.040012 -0.091646 0.000000
vn 0.041824 -0.090834 -0.000074
vn 0.055673 -0.083069 0.000000
vn 0.058930 -0.080791 -0.000066
vn 0.073715 -0.067572 -0.000055
vn 0.055667 -0.082043 0.013046
vn 0.073711 -0.065308 0.017366
vn 0.055671 -0.079033 0.025586
vn 0.073711 -0.058516 0.033802
vn 0.055670 -0.073967 0.037811
vn 0.055667 -0.067230 0.048798
vn 0.040006 -0.074171 0.053835
vn 0.055673 -0.058752 0.058725
vn 0.040012 -0.064800 0.064807
vn 0.055667 -0.048779 0.067245
vn 0.040006 -0.053814 0.074186
vn 0.040010 -0.041673 0.081625
vn 0.023075 -0.054055 0.080905
vn 0.023075 -0.037191 0.089913
vn 0.040009 -0.028186 0.087206
vn 0.023075 -0.018977 0.095433
vn 0.040007 -0.014366 0.090516
vn 0.023075 0.000063 0.097301
vn 0.040012 0.000031 0.091646
vn 0.040006 0.014418 0.090508
vn 0.055667 0.013069 0.082039
vn 0.040010 0.028274 0.087177
vn 0.055671 0.025628 0.079018
vn 0.040008 0.041751 0.081585
vn 0.055670 0.037844 0.073951
vn 0.040007 0.053858 0.074154
vn 0.055668 0.048818 0.067215
vn 0.055673 0.058754 0.058724
vn 0.073715 0.047772 0.047791
vn 0.055667 0.067258 0.048760
vn 0.073711 0.058452 0.033912
vn 0.055672 0.074007 0.037732
vn 0.073710 0.065275 0.017495
vn 0.055669 0.079057 0.025515
vn 0.055668 0.082050 0.012995
vn 0.040007 0.090520 0.014337
vn 0.040011 0.091646 -0.000123
vn 0.023075 0.097301 -0.000118
vn 0.040006 0.090504 -0.014442
vn 0.023075 0.095429 -0.018996
vn 0.040011 0.087160 -0.028325
vn 0.023075 0.089845 -0.037356
vn 0.040008 0.081569 -0.041785
vn 0.023075 0.080894 -0.054071
vn 0.040007 0.074136 -0.053882
vn 0.023075 0.068701 -0.068904
vn 0.040011 0.064699 -0.064909
vn 0.040006 0.053774 -0.074215
vn 0.055673 0.058634 -0.058844
vn 0.055666 0.048743 -0.067271
vn 0.073715 0.047776 -0.047787
vn 0.073712 0.033916 -0.058448
vn 0.073715 -0.047810 0.047752
vn 0.073711 -0.033905 0.058456
vn 0.055671 -0.037773 0.073986
vn 0.073710 -0.017481 0.065278
vn 0.055670 -0.025548 0.079045
vn 0.055667 -0.013021 0.082046
vn 0.055673 0.000002 0.083069
vn 0.073715 -0.000026 0.067573
vn 0.073711 0.017356 0.065310
vn 0.073710 0.033792 0.058523
vn 0.073715 0.067573 0.000002
vn 0.055673 0.083069 -0.000122
vn 0.055667 0.082036 -0.013091
vn 0.073712 0.065311 -0.017349
vn 0.055672 0.079003 -0.025674
vn 0.073710 0.058531 -0.033779
vn 0.055669 0.073936 -0.037875
vn 0.055668 0.067199 -0.048841
vn 0.055672 0.037685 -0.074030
vn 0.073710 0.017509 -0.065271
vn 0.055669 0.025484 -0.079067
vn 0.055668 0.012966 -0.082054
vn 0.040008 0.014305 -0.090525
vn 0.040011 -0.000174 -0.091647
vn 0.023075 -0.000166 -0.097301
vn 0.040006 -0.014466 -0.090500
vn 0.023075 -0.019004 -0.095427
vn 0.040011 -0.028383 -0.087141
vn 0.023075 -0.037342 -0.089850
vn 0.040010 -0.041732 -0.081594
vn 0.023075 -0.054106 -0.080871
vn 0.040012 -0.054004 -0.074045
vn 0.023075 -0.068881 -0.068723
vn 0.040012 -0.064888 -0.064719
vn 0.040012 -0.074243 -0.053731
vn 0.055674 -0.058825 -0.058652
vn 0.055673 -0.067295 -0.048702
vn 0.073716 -0.047752 -0.047809
vn 0.073715 -0.058490 -0.033839
vn 0.073715 -0.000016 -0.067573
vn 0.055672 -0.000173 -0.083070
vn 0.055666 -0.013112 -0.082032
vn 0.073712 -0.017345 -0.065312
vn 0.055673 -0.025726 -0.078986
vn 0.073714 -0.033722 -0.058558
vn 0.055672 -0.037827 -0.073958
vn 0.055673 -0.048950 -0.067115
vn 0.055672 -0.074079 -0.037588
vn 0.073715 -0.065260 -0.017525
vn 0.055673 -0.079034 -0.025574
vn 0.055672 -0.082057 -0.012931
vn 0.040011 -0.090530 -0.014267
vn 0.023075 -0.095440 -0.018941
vn 0.040012 -0.087195 -0.028215
vn 0.023075 -0.089915 -0.037186
vn 0.040011 -0.081728 -0.041469
vn 0.023075 -0.080965 -0.053965
vn 0.023075 0.018963 -0.095436
vn 0.040008 0.028115 -0.087229
vn 0.023075 0.037093 -0.089954
vn 0.040011 0.041576 -0.081673
vn 0.023075 0.054043 -0.080913
vn 0.023075 0.095434 0.018971
vn 0.040008 0.087218 0.028149
vn 0.023075 0.089935 0.037138
vn 0.040010 0.081648 0.041627
vn 0.023075 0.080909 0.054049
vn 0.040006 0.074201 0.053794
vn 0.040012 0.064843 0.064765
vn 0.023075 0.068867 0.068738
vn 0.023075 0.054065 0.080898
vn 0.023075 0.037307 0.089865
vn 0.023075 0.018989 0.095430
vn 0.023075 -0.068779 0.068825
vn 0.023075 -0.080902 0.054060
vn 0.040009 -0.081604 0.041714
vn 0.023075 -0.089888 0.037251
vn 0.040009 -0.087192 0.028228
vn 0.023075 -0.095432 0.018983
vn 0.040006 -0.090512 0.014392
vn 0.023075 -0.097301 0.000000
vn 0.007807 0.096277 0.025881
vn 0.029961 0.092139 0.024753
vn 0.007807 0.099695 0.000081
vn 0.029961 0.095406 0.000000
vn 0.007807 0.096319 -0.025725
vn 0.029961 0.092171 -0.024633
vn 0.007807 0.086379 -0.049777
vn 0.029961 0.082655 -0.047649
vn 0.007807 0.070552 -0.070438
vn 0.029961 0.067506 -0.067419
vn 0.007807 0.049917 -0.086298
vn 0.029961 0.047757 -0.082593
vn 0.007807 0.025881 -0.096277
vn 0.029961 0.024753 -0.092139
vn 0.007807 0.000081 -0.099695
vn 0.029961 0.000062 -0.095406
vn 0.007807 -0.025725 -0.096319
vn 0.029961 -0.024633 -0.092171
vn 0.007807 -0.049777 -0.086379
vn 0.029961 -0.047649 -0.082655
vn 0.007807 -0.070438 -0.070552
vn 0.029961 -0.067419 -0.067506
vn 0.007807 -0.086298 -0.049917
vn 0.029961 -0.082593 -0.047757
vn 0.007807 -0.096277 -0.025881
vn 0.029961 -0.092139 -0.024753
vn 0.007807 -0.099695 -0.000081
vn 0.029961 -0.095406 -0.000062
vn 0.007807 -0.096319 0.025725
vn 0.029961 -0.092171 0.024633
vn 0.007807 -0.086379 0.049777
vn 0.029961 -0.082655 0.047649
vn 0.007807 -0.070552 0.070438
vn 0.029961 -0.067506 0.067419
vn 0.007807 -0.049917 0.086298
vn 0.029961 -0.047757 0.082593
vn 0.007807 -0.025881 0.096277
vn 0.029961 -0.024753 0.092139
vn 0.007807 -0.000081 0.099695
vn 0.029961 -0.000062 0.095406
vn 0.007807 0.025725 0.096319
vn 0.029961 0.024633 0.092171
vn 0.007807 0.049777 0.086379
vn 0.029961 0.047649 0.082655
vn 0.007807 0.070438 0.070552
vn 0.029961 0.067419 0.067506
vn 0.007807 0.086298 0.049917
vn 0.029961 0.082593 0.047757
vn 0.093521 0.034203 -0.009165
vn 0.083201 0.053589 -0.014350
vn 0.093521 0.035409 -0.000000
vn 0.083201 0.055477 -0.000000
vn 0.093521 0.034203 0.009165
vn 0.083201 0.053584 0.014367
vn 0.093521 0.030665 0.017705
vn 0.083201 0.048040 0.027746
vn 0.093521 0.025038 0.025038
vn 0.083201 0.039222 0.039234
vn 0.093521 0.017705 0.030665
vn 0.083201 0.027731 0.048049
vn 0.093521 0.009165 0.034203
vn 0.083201 0.014350 0.053589
vn 0.093521 0.000000 0.035409
vn 0.083201 -0.000009 0.055477
vn 0.093521 -0.009165 0.034203
vn 0.083201 -0.014367 0.053584
vn 0.093521 -0.017705 0.030665
vn 0.083201 -0.027746 0.048040
vn 0.093521 -0.025038 0.025038
vn 0.083201 -0.039234 0.039222
vn 0.093521 -0.030665 0.017705
vn 0.083201 -0.048049 0.027731
vn 0.093521 -0.034203 0.009165
vn 0.083201 -0.053589 0.014350
vn 0.093521 -0.035409 0.000000
vn 0.083201 -0.055477 -0.000009
vn 0.093521 -0.034203 -0.009165
vn 0.083201 -0.053584 -0.014367
vn 0.093521 -0.030665 -0.017705
vn 0.083201 -0.048040 -0.027746
vn 0.093521 -0.025038 -0.025038
vn 0.083201 -0.039222 -0.039234
vn 0.093521 -0.017705 -0.030665
vn 0.083201 -0.027731 -0.048049
vn 0.093521 -0.009165 -0.034203
vn 0.083201 -0.014350 -0.053589
vn 0.093521 -0.000000 -0.035409
vn 0.083201 0.000009 -0.055477
vn 0.093521 0.009165 -0.034203
vn 0.083201 0.014367 -0.053584
vn 0.093521 0.017705 -0.030665
vn 0.083201 0.027746 -0.048040
vn 0.093521 0.025038 -0.025038
vn 0.083201 0.039234 -0.039222
vn 0.093521 0.030665 -0.017705
vn 0.083201 0.048049 -0.027731
vn 0.050590 0.086259 -0.000000
vn 0.050590 0.083331 -0.022285
vn 0.050590 0.074723 -0.043093
vn 0.050590 0.061024 -0.060965
vn 0.050590 0.043166 -0.074681
vn 0.050590 0.022366 -0.083309
vn 0.050590 0.000042 -0.086259
vn 0.050590 -0.022285 -0.083331
vn 0.050590 -0.043093 -0.074723
vn 0.050590 -0.060965 -0.061024
vn 0.050590 -0.074681 -0.043166
vn 0.050590 -0.083309 -0.022366
vn 0.050590 -0.086259 -0.000042
vn 0.050590 -0.083331 0.022285
vn 0.050590 -0.074723 0.043093
vn 0.050590 -0.061024 0.060965
vn 0.050590 -0.043166 0.074681
vn 0.050590 -0.022366 0.083309
vn 0.050590 -0.000042 0.086259
vn 0.050590 0.022285 0.083331
vn 0.050590 0.043093 0.074723
vn 0.050590 0.060965 0.061024
vn 0.050590 0.074681 0.043166
vn 0.050590 0.083309 0.022366
vn 0.068643 0.072719 -0.000000
vn 0.068643 0.070248 -0.018798
vn 0.068643 0.062989 -0.036339
vn 0.068643 0.051437 -0.051404
vn 0.068643 0.036380 -0.062965
vn 0.068643 0.018844 -0.070235
vn 0.068643 0.000024 -0.072719
vn 0.068643 -0.018798 -0.070248
vn 0.068643 -0.036339 -0.062989
vn 0.068643 -0.051404 -0.051437
vn 0.068643 -0.062965 -0.036380
vn 0.068643 -0.070235 -0.018844
vn 0.068643 -0.072719 -0.000024
vn 0.068643 -0.070248 0.018798
vn 0.068643 -0.062989 0.036339
vn 0.068643 -0.051437 0.051404
vn 0.068643 -0.036380 0.062965
vn 0.068643 -0.018844 0.070235
vn 0.068643 -0.000024 0.072719
vn 0.068643 0.018798 0.070248
vn 0.068643 0.036339 0.062989
vn 0.068643 0.051404 0.051437
vn 0.068643 0.062965 0.036380
vn 0.068643 0.070235 0.018844
vn 0.000000 -0.062232 0.078276
vn 0.000000 -0.067993 0.073328
vn 0.000000 -0.080198 0.059735
vn 0.000000 -0.071011 0.070409
vn 0.000000 -0.086815 0.049631
vn 0.000000 -0.065608 0.075469
vn 0.000000 -0.062174 0.078322
vn 0.000000 -0.050368 0.086389
vn 0.000000 -0.057396 0.081888
vn 0.000000 -0.051563 0.085681
vn 0.000000 -0.044584 0.089511
vn 0.000000 -0.036456 0.093118
vn 0.000000 -0.026293 0.096482
vn 0.000000 -0.027379 0.096179
vn 0.000000 -0.017622 0.098435
vn 0.000000 -0.000426 0.099999
vn 0.000000 -0.007388 0.099727
vn 0.000000 0.003018 0.099954
vn 0.000000 0.013379 0.099101
vn 0.000000 0.025470 0.096702
vn 0.000000 0.023419 0.097219
vn 0.000000 0.032882 0.094439
vn 0.000000 0.049631 0.086815
vn 0.000000 0.041565 0.090952
vn 0.000000 0.049187 0.087067
vn 0.000000 0.055637 0.083094
vn 0.000000 0.070409 0.071011
vn 0.000000 0.060723 0.079453
vn 0.000000 0.064509 0.076411
vn 0.000000 0.067093 0.074152
vn 0.000000 0.069385 0.072012
vn 0.000000 0.081419 0.058060
vn 0.000000 0.069000 0.072381
vn 0.000000 0.063841 0.076969
vn 0.000000 0.086389 0.050368
vn 0.000000 0.093570 0.035281
vn 0.000000 0.096482 0.026293
vn 0.000000 0.099484 0.010150
vn 0.000000 0.099999 0.000426
vn 0.000000 0.098767 -0.015658
vn 0.000000 0.096702 -0.025470
vn 0.000000 0.091466 -0.040422
vn 0.000000 0.086815 -0.049631
vn 0.000000 0.078069 -0.062491
vn 0.000000 0.071011 -0.070409
vn 0.000000 0.059469 -0.080396
vn 0.000000 0.050368 -0.086389
vn 0.000000 0.036904 -0.092941
vn 0.000000 0.026293 -0.096482
vn 0.000000 0.011880 -0.099292
vn 0.000000 0.000426 -0.099999
vn 0.000000 -0.013936 -0.099024
vn 0.000000 -0.025470 -0.096702
vn 0.000000 -0.038823 -0.092156
vn 0.000000 -0.049631 -0.086815
vn 0.000000 -0.061123 -0.079146
vn 0.000000 -0.070409 -0.071011
vn 0.000000 -0.079348 -0.060860
vn 0.000000 -0.086389 -0.050368
vn 0.000000 -0.092285 -0.038517
vn 0.000000 -0.096482 -0.026293
vn 0.000000 -0.099070 -0.013607
vn 0.000000 -0.099999 -0.000426
vn 0.000000 -0.099252 0.012210
vn 0.000000 -0.096702 0.025470
vn 0.000000 -0.092818 0.037213
vn 0.000000 -0.096593 0.025882
vn 0.000000 -0.096593 0.025882
vn 0.000000 -0.100000 0.000000
vn 0.000000 -0.100000 0.000000
vn 0.000000 -0.096593 -0.025882
vn 0.000000 -0.096593 -0.025882
vn 0.000000 -0.086603 -0.050000
vn 0.000000 -0.086603 -0.050000
vn 0.000000 -0.070711 -0.070711
vn 0.000000 -0.070711 -0.070711
vn 0.000000 -0.050000 -0.086603
vn 0.000000 -0.050000 -0.086603
vn 0.000000 -0.025882 -0.096593
vn 0.000000 -0.025882 -0.096593
vn -0.000000 0.000000 -0.100000
vn 0.000000 -0.000000 -0.100000
vn -0.000000 0.025882 -0.096593
vn -0.000000 0.025882 -0.096593
vn -0.000000 0.050000 -0.086603
vn -0.000000 0.050000 -0.086603
vn -0.000000 0.070711 -0.070711
vn -0.000000 0.070711 -0.070711
vn -0.000000 0.086603 -0.050000
vn -0.000000 0.086603 -0.050000
vn -0.000000 0.096593 -0.025882
vn -0.000000 0.096593 -0.025882
vn -0.000000 0.100000 -0.000000
vn -0.000000 0.100000 -0.000000
vn 0.000000 0.096593 0.025882
vn 0.000000 0.096593 0.025882
vn 0.000000 0.086603 0.050000
vn 0.000000 0.086603 0.050000
vn 0.000000 0.070711 0.070711
vn 0.000000 0.070711 0.070711
vn 0.000000 0.050000 0.086603
vn 0.000000 0.050000 0.086603
vn 0.000000 0.025882 0.096593
vn 0.000000 0.025882 0.096593
vn 0.000000 0.000000 0.100000
vn 0.000000 0.000000 0.100000
vn 0.000000 -0.025882 0.096593
vn 0.000000 -0.025882 0.096593
vn 0.000000 -0.050000 0.086603
vn 0.000000 -0.050000 0.086603
vn 0.000000 -0.070711 0.070711
vn 0.000000 -0.070711 0.070711
vn 0.000000 -0.086603 0.050000
vn 0.000000 -0.086603 0.050000
vn 0.000000 -0.096593 -0.025882
vn 0.024005 -0.093768 -0.025125
vn 0.000000 -0.100000 -0.000000
vn 0.024005 -0.097076 0.000003
vn 0.000000 -0.096593 0.025882
vn 0.024005 -0.093768 0.025125
vn 0.000000 -0.086603 0.050000
vn 0.024005 -0.084070 0.048538
vn 0.000000 -0.070711 0.070711
vn 0.024005 -0.068640 0.068646
vn 0.000000 -0.050000 0.086603
vn 0.024005 -0.048538 0.084070
vn 0.000000 -0.025882 0.096593
vn 0.024005 -0.025125 0.093768
vn 0.000000 -0.000000 0.100000
vn 0.024005 -0.000000 0.097076
vn 0.000000 0.025882 0.096593
vn 0.024005 0.025125 0.093768
vn 0.000000 0.050000 0.086603
vn 0.024005 0.048538 0.084070
vn 0.000000 0.070711 0.070711
vn 0.024005 0.068649 0.068638
vn 0.000000 0.086603 0.050000
vn 0.024005 0.084070 0.048538
vn 0.000000 0.096593 0.025882
vn 0.024005 0.093768 0.025125
vn -0.000000 0.100000 -0.000000
vn 0.024005 0.097076 -0.000000
vn -0.000000 0.096593 -0.025882
vn 0.024005 0.093768 -0.025125
vn -0.000000 0.086603 -0.050000
vn 0.024005 0.084070 -0.048538
vn -0.000000 0.070711 -0.070711
vn 0.024005 0.068643 -0.068644
vn -0.000000 0.050000 -0.086603
vn 0.024005 0.048538 -0.084070
vn -0.000000 0.025882 -0.096593
vn 0.024005 0.025125 -0.093768
vn -0.000000 0.000000 -0.100000
vn 0.024005 -0.000002 -0.097076
vn 0.000000 -0.025882 -0.096593
vn 0.024005 -0.025125 -0.093768
vn 0.000000 -0.050000 -0.086603
vn 0.024005 -0.048538 -0.084070
vn 0.000000 -0.070711 -0.070711
vn 0.024005 -0.068645 -0.068642
vn 0.000000 -0.086603 -0.050000
vn 0.024005 -0.084070 -0.048538
vn 0.023075 -0.097301 -0.000039
vn 0.045739 -0.088927 0.000000
vn 0.023055 -0.095436 0.018987
vn 0.045739 -0.085897 0.023016
vn 0.023075 -0.089893 0.037240
vn 0.045739 -0.077013 0.044463
vn 0.023055 -0.080901 0.054070
vn 0.045739 -0.062875 0.062886
vn 0.023075 -0.068796 0.068809
vn 0.023055 -0.054044 0.080918
vn 0.045739 -0.044463 0.077013
vn 0.023075 -0.037223 0.089900
vn 0.045739 -0.023016 0.085897
vn 0.023055 -0.018957 0.095442
vn 0.045739 0.000016 0.088927
vn 0.023074 0.000019 0.097301
vn 0.023055 0.019017 0.095430
vn 0.045739 0.023016 0.085897
vn 0.023074 0.037258 0.089886
vn 0.045739 0.044463 0.077013
vn 0.023055 0.054095 0.080884
vn 0.045739 0.062898 0.062864
vn 0.023074 0.068823 0.068782
vn 0.023055 0.080935 0.054019
vn 0.045739 0.077013 0.044463
vn 0.023074 0.089908 0.037204
vn 0.045739 0.085897 0.023016
vn 0.023055 0.095447 0.018927
vn 0.045739 0.088927 -0.000033
vn 0.023074 0.097302 -0.000039
vn 0.023056 0.095424 -0.019047
vn 0.045739 0.085897 -0.023016
vn 0.023073 0.089878 -0.037277
vn 0.045739 0.077013 -0.044463
vn 0.023056 0.080867 -0.054121
vn 0.045739 0.062851 -0.062911
vn 0.023073 0.068767 -0.068838
vn 0.023056 0.053994 -0.080951
vn 0.045739 0.044463 -0.077013
vn 0.023072 0.037184 -0.089917
vn 0.045739 0.023016 -0.085897
vn 0.023056 0.018897 -0.095453
vn 0.045739 0.000000 -0.088927
vn 0.023072 -0.000061 -0.097302
vn 0.023057 -0.019077 -0.095417
vn 0.045739 -0.023016 -0.085897
vn 0.023073 -0.037298 -0.089869
vn 0.045739 -0.044463 -0.077013
vn 0.023074 -0.054143 -0.080846
vn 0.045739 -0.062934 -0.062827
vn 0.023077 -0.068866 -0.068739
vn 0.023074 -0.080960 -0.053974
vn 0.045739 -0.077013 -0.044463
vn 0.023073 -0.089923 -0.037168
vn 0.045739 -0.085897 -0.023016
vn 0.023072 -0.095434 -0.018973
vn 0.023075 -0.097301 -0.000079
vn 0.046605 0.000000 0.088476
vn 0.046605 0.022899 0.085461
vn 0.046605 0.044238 0.076622
vn 0.046605 0.062571 0.062552
vn 0.046605 0.076622 0.044238
vn 0.046605 0.085461 0.022899
vn 0.046605 0.088476 -0.000000
vn 0.046605 0.085461 -0.022899
vn 0.046605 0.076622 -0.044238
vn 0.046605 0.062561 -0.062563
vn 0.046605 0.044238 -0.076622
vn 0.046605 0.022899 -0.085461
vn 0.046605 -0.000003 -0.088476
vn 0.046605 -0.022899 -0.085461
vn 0.046605 -0.044238 -0.076622
vn 0.046605 -0.062565 -0.062559
vn 0.046605 -0.076622 -0.044238
vn 0.046605 -0.085461 -0.022899
vn 0.046605 -0.088476 0.000006
vn 0.046605 -0.085461 0.022899
vn 0.046605 -0.076622 0.044238
vn 0.046605 -0.062556 0.062567
vn 0.046605 -0.044238 0.076622
vn 0.046605 -0.022899 0.085461
vn 0.066481 0.000000 0.074701
vn 0.066481 0.019334 0.072156
vn 0.066481 0.037351 0.064693
vn 0.066481 0.052834 0.052810
vn 0.066481 0.064693 0.037351
vn 0.066481 0.072156 0.019334
vn 0.066481 0.074701 -0.000000
vn 0.066481 0.072156 -0.019334
vn 0.066481 0.064693 -0.037351
vn 0.066481 0.052821 -0.052823
vn 0.066481 0.037351 -0.064693
vn 0.066481 0.019334 -0.072156
vn 0.066481 -0.000004 -0.074701
vn 0.066481 -0.019334 -0.072156
vn 0.066481 -0.037351 -0.064693
vn 0.066481 -0.052826 -0.052818
vn 0.066481 -0.064693 -0.037351
vn 0.066481 -0.072156 -0.019334
vn 0.066481 -0.074701 0.000008
vn 0.066481 -0.072156 0.019334
vn 0.066481 -0.064693 0.037351
vn 0.066481 -0.052815 0.052829
vn 0.066481 -0.037351 0.064693
vn 0.066481 -0.019334 0.072156
vn 0.082469 0.000000 0.056559
vn 0.082469 0.014638 0.054632
vn 0.082469 0.028279 0.048981
vn 0.082469 0.040005 0.039981
vn 0.082469 0.048981 0.028279
vn 0.082469 0.054632 0.014638
vn 0.082469 0.056559 -0.000000
vn 0.082469 0.054632 -0.014638
vn 0.082469 0.048981 -0.028279
vn 0.082469 0.039992 -0.039994
vn 0.082469 0.028279 -0.048981
vn 0.082469 0.014638 -0.054632
vn 0.082469 -0.000004 -0.056559
vn 0.082469 -0.014638 -0.054632
vn 0.082469 -0.028279 -0.048981
vn 0.082469 -0.039997 -0.039989
vn 0.082469 -0.048981 -0.028279
vn 0.082469 -0.054632 -0.014638
vn 0.082469 -0.056559 0.000008
vn 0.082469 -0.054632 0.014638
vn 0.082469 -0.048981 0.028279
vn 0.082469 -0.039986 0.040000
vn 0.082469 -0.028279 0.048981
vn 0.082469 -0.014638 0.054632
vn 0.093634 0.000000 0.035109
vn 0.093634 0.009087 0.033912
vn 0.093634 0.017554 0.030405
vn 0.093634 0.024835 0.024816
vn 0.093634 0.030405 0.017554
vn 0.093634 0.033912 0.009087
vn 0.093634 0.035109 -0.000000
vn 0.093634 0.033912 -0.009087
vn 0.093634 0.030405 -0.017554
vn 0.093634 0.024825 -0.024827
vn 0.093634 0.017554 -0.030405
vn 0.093634 0.009087 -0.033912
vn 0.093634 -0.000003 -0.035109
vn 0.093634 -0.009087 -0.033912
vn 0.093634 -0.017554 -0.030405
vn 0.093634 -0.024829 -0.024823
vn 0.093634 -0.030405 -0.017554
vn 0.093634 -0.033912 -0.009087
vn 0.093634 -0.035109 0.000006
vn 0.093634 -0.033912 0.009087
vn 0.093634 -0.030405 0.017554
vn 0.093634 -0.024820 0.024831
vn 0.093634 -0.017554 0.030405
vn 0.093634 -0.009087 0.033912
vn 0.099324 0.000000 0.011606
vn 0.099324 0.003004 0.011210
vn 0.099324 0.005803 0.010051
vn 0.099324 0.008210 0.008203
vn 0.099324 0.010051 0.005803
vn 0.099324 0.011210 0.003004
vn 0.099324 0.011606 -0.000000
vn 0.099324 0.011210 -0.003004
vn 0.099324 0.010051 -0.005803
vn 0.099324 0.008206 -0.008207
vn 0.099324 0.005803 -0.010051
vn 0.099324 0.003004 -0.011210
vn 0.099324 -0.000001 -0.011606
vn 0.099324 -0.003004 -0.011210
vn 0.099324 -0.005803 -0.010051
vn 0.099324 -0.008208 -0.008205
vn 0.099324 -0.010051 -0.005803
vn 0.099324 -0.011210 -0.003004
vn 0.099324 -0.011606 0.000002
vn 0.099324 -0.011210 0.003004
vn 0.099324 -0.010051 0.005803
vn 0.099324 -0.008204 0.008209
vn 0.099324 -0.005803 0.010051
vn 0.099324 -0.003004 0.011210
vn 0.099206 -0.000000 -0.012576
vn 0.099206 -0.003255 -0.012147
vn 0.099206 -0.006288 -0.010891
vn 0.099206 -0.008897 -0.008888
vn 0.099206 -0.010891 -0.006288
vn 0.099206 -0.012147 -0.003255
vn 0.099206 -0.012576 0.000000
vn 0.099206 -0.012147 0.003255
vn 0.099206 -0.010891 0.006288
vn 0.099206 -0.008892 0.008893
vn 0.099206 -0.006288 0.010891
vn 0.099206 -0.003255 0.012147
vn 0.099206 0.000001 0.012576
vn 0.099206 0.003255 0.012147
vn 0.099206 0.006288 0.010891
vn 0.099206 0.008894 0.008891
vn 0.099206 0.010891 0.006288
vn 0.099206 0.012147 0.003255
vn 0.099206 0.012576 -0.000003
vn 0.099206 0.012147 -0.003255
vn 0.099206 0.010891 -0.006288
vn 0.099206 0.008890 -0.008895
vn 0.099206 0.006288 -0.010891
vn 0.099206 0.003255 -0.012147
vn 0.093287 -0.000000 -0.036022
vn 0.093287 -0.009323 -0.034795
vn 0.093287 -0.018011 -0.031196
vn 0.093287 -0.025487 -0.025456
vn 0.093287 -0.031196 -0.018011
vn 0.093287 -0.034795 -0.009323
vn 0.093287 -0.036022 0.000000
vn 0.093287 -0.034795 0.009323
vn 0.093287 -0.031196 0.018011
vn 0.093287 -0.025470 0.025473
vn 0.093287 -0.018011 0.031196
vn 0.093287 -0.009323 0.034795
vn 0.093287 0.000005 0.036022
vn 0.093287 0.009323 0.034795
vn 0.093287 0.018011 0.031196
vn 0.093287 0.025477 0.025466
vn 0.093287 0.031196 0.018011
vn 0.093287 0.034795 0.009323
vn 0.093287 0.036022 -0.000010
vn 0.093287 0.034795 -0.009323
vn 0.093287 0.031196 -0.018011
vn 0.093287 0.025463 -0.025480
vn 0.093287 0.018011 -0.031196
vn 0.093287 0.009323 -0.034795
vn 0.081912 -0.000000 -0.057362
vn 0.081912 -0.014846 -0.055407
vn 0.081912 -0.028681 -0.049677
vn 0.081912 -0.040589 -0.040533
vn 0.081912 -0.049677 -0.028681
vn 0.081912 -0.055407 -0.014846
vn 0.081912 -0.057362 0.000000
vn 0.081912 -0.055407 0.014846
vn 0.081912 -0.049677 0.028681
vn 0.081912 -0.040558 0.040564
vn 0.081912 -0.028681 0.049677
vn 0.081912 -0.014846 0.055407
vn 0.081912 0.000008 0.057362
vn 0.081912 0.014846 0.055407
vn 0.081912 0.028681 0.049677
vn 0.081912 0.040570 0.040552
vn 0.081912 0.049677 0.028681
vn 0.081912 0.055407 0.014846
vn 0.081912 0.057362 -0.000017
vn 0.081912 0.055407 -0.014846
vn 0.081912 0.049677 -0.028681
vn 0.081912 0.040545 -0.040577
vn 0.081912 0.028681 -0.049677
vn 0.081912 0.014846 -0.055407
vn 0.065748 -0.000000 -0.075347
vn 0.065748 -0.019501 -0.072780
vn 0.065748 -0.037674 -0.065253
vn 0.065748 -0.053320 -0.053238
vn 0.065748 -0.065253 -0.037674
vn 0.065748 -0.072780 -0.019501
vn 0.065748 -0.075347 0.000000
vn 0.065748 -0.072780 0.019501
vn 0.065748 -0.065253 0.037674
vn 0.065748 -0.053274 0.053283
vn 0.065748 -0.037674 0.065253
vn 0.065748 -0.019501 0.072780
vn 0.065748 0.000012 0.075347
vn 0.065748 0.019501 0.072780
vn 0.065748 0.037674 0.065253
vn 0.065748 0.053292 0.053265
vn 0.065748 0.065253 0.037674
vn 0.065748 0.072780 0.019501
vn 0.065748 0.075347 -0.000025
vn 0.065748 0.072780 -0.019501
vn 0.065748 0.065253 -0.037674
vn 0.065748 0.053256 -0.053302
vn 0.065748 0.037674 -0.065253
vn 0.065748 0.019501 -0.072780
vn 0.000000 -0.096593 -0.025882
vn 0.000000 -0.100000 -0.000000
vn 0.000000 -0.096593 0.025882
vn 0.000000 -0.086603 0.050000
vn 0.000000 -0.070711 0.070711
vn 0.000000 -0.050000 0.086603
vn 0.000000 -0.025882 0.096593
vn 0.000000 0.000000 0.100000
vn 0.000000 0.025882 0.096593
vn 0.000000 0.050000 0.086603
vn 0.000000 0.070711 0.070711
vn 0.000000 0.086603 0.050000
vn 0.000000 0.096593 0.025882
vn -0.000000 0.100000 -0.000000
vn -0.000000 0.096593 -0.025882
vn -0.000000 0.086603 -0.050000
vn -0.000000 0.070711 -0.070711
vn -0.000000 0.050000 -0.086603
vn -0.000000 0.025882 -0.096593
vn -0.000000 0.000000 -0.100000
vn 0.000000 -0.025882 -0.096593
vn 0.000000 -0.050000 -0.086603
vn 0.000000 -0.070711 -0.070711
vn 0.000000 -0.086603 -0.050000
vn 0.086603 -0.048296 0.012941
vn 0.073801 -0.065179 0.017465
vn 0.086603 -0.050000 0.000000
vn 0.073801 -0.067479 0.000000
vn 0.086603 -0.048296 -0.012941
vn 0.073801 -0.065179 -0.017465
vn 0.086603 -0.043301 -0.025000
vn 0.073801 -0.058438 -0.033739
vn 0.086603 -0.035355 -0.035355
vn 0.073801 -0.047715 -0.047715
vn 0.086603 -0.025000 -0.043301
vn 0.073801 -0.033739 -0.058438
vn 0.086603 -0.012941 -0.048296
vn 0.073801 -0.017465 -0.065179
vn 0.086603 0.000000 -0.050000
vn 0.073801 0.000000 -0.067479
vn 0.086603 0.012941 -0.048296
vn 0.073801 0.017465 -0.065179
vn 0.086603 0.025000 -0.043301
vn 0.073801 0.033739 -0.058438
vn 0.086603 0.035355 -0.035355
vn 0.073801 0.047715 -0.047715
vn 0.086603 0.043301 -0.025000
vn 0.073801 0.058438 -0.033739
vn 0.086603 0.048296 -0.012941
vn 0.073801 0.065179 -0.017465
vn 0.086603 0.050000 -0.000000
vn 0.073801 0.067479 -0.000000
vn 0.086603 0.048296 0.012941
vn 0.073801 0.065179 0.017465
vn 0.086603 0.043301 0.025000
vn 0.073801 0.058438 0.033739
vn 0.086603 0.035355 0.035355
vn 0.073801 0.047715 0.047715
vn 0.086603 0.025000 0.043301
vn 0.073801 0.033739 0.058438
vn 0.086603 0.012941 0.048296
vn 0.073801 0.017465 0.065179
vn 0.086603 0.000000 0.050000
vn 0.073801 0.000000 0.067479
vn 0.086603 -0.012941 0.048296
vn 0.073801 -0.017465 0.065179
vn 0.086603 -0.025000 0.043301
vn 0.073801 -0.033739 0.058438
vn 0.086603 -0.035355 0.035355
vn 0.073801 -0.047715 0.047715
vn 0.086603 -0.043301 0.025000
vn 0.073801 -0.058438 0.033739
vn 0.017794 0.025469 -0.095051
vn 0.038570 0.023879 -0.089119
vn 0.017794 0.000000 -0.098404
vn 0.038570 0.000000 -0.092262
vn 0.017794 -0.025469 -0.095051
vn 0.038570 -0.023879 -0.089119
vn 0.017794 -0.049202 -0.085221
vn 0.038570 -0.046131 -0.079902
vn 0.017794 -0.069582 -0.069582
vn 0.038570 -0.065239 -0.065239
vn 0.017794 -0.085221 -0.049202
vn 0.038570 -0.079902 -0.046131
vn 0.017794 -0.095051 -0.025469
vn 0.038570 -0.089119 -0.023879
vn 0.017794 -0.098404 0.000000
vn 0.038570 -0.092262 0.000000
vn 0.017794 -0.095051 0.025469
vn 0.038570 -0.089119 0.023879
vn 0.017794 -0.085221 0.049202
vn 0.038570 -0.079902 0.046131
vn 0.017794 -0.069582 0.069582
vn 0.038570 -0.065239 0.065239
vn 0.017794 -0.049202 0.085221
vn 0.038570 -0.046131 0.079902
vn 0.017794 -0.025469 0.095051
vn 0.038570 -0.023879 0.089119
vn 0.017794 -0.000000 0.098404
vn 0.038570 -0.000000 0.092262
vn 0.017794 0.025469 0.095051
vn 0.038570 0.023879 0.089119
vn 0.017794 0.049202 0.085221
vn 0.038570 0.046131 0.079902
vn 0.017794 0.069582 0.069582
vn 0.038570 0.065239 0.065239
vn 0.017794 0.085221 0.049202
vn 0.038570 0.079902 0.046131
vn 0.017794 0.095051 0.025469
vn 0.038570 0.089119 0.023879
vn 0.017794 0.098404 0.000000
vn 0.038570 0.092262 0.000000
vn 0.017794 0.095051 -0.025469
vn 0.038570 0.089119 -0.023879
vn 0.017794 0.085221 -0.049202
vn 0.038570 0.079902 -0.046131
vn 0.017794 0.069582 -0.069582
vn 0.038570 0.065239 -0.065239
vn 0.017794 0.049202 -0.085221
vn 0.038570 0.046131 -0.079902
vn 0.057536 0.081790 0.000000
vn 0.057536 0.079003 0.021169
vn 0.057536 0.070832 0.040895
vn 0.057536 0.057834 0.057834
vn 0.057536 0.040895 0.070832
vn 0.057536 0.021169 0.079003
vn 0.057536 0.000000 0.081790
vn 0.057536 -0.021169 0.079003
vn 0.057536 -0.040895 0.070832
vn 0.057536 -0.057834 0.057834
vn 0.057536 -0.070832 0.040895
vn 0.057536 -0.079003 0.021169
vn 0.057536 -0.081790 0.000000
vn 0.057536 -0.079003 -0.021169
vn 0.057536 -0.070832 -0.040895
vn 0.057536 -0.057834 -0.057834
vn 0.057536 -0.040895 -0.070832
vn 0.057536 -0.021169 -0.079003
vn 0.057536 0.000000 -0.081790
vn 0.057536 0.021169 -0.079003
vn 0.057536 0.040895 -0.070832
vn 0.057536 0.057834 -0.057834
vn 0.057536 0.070832 -0.040895
vn 0.057536 0.079003 -0.021169
f 896/1023/962 897/1024/963 940/1025/964
f 940/1025/964 897/1024/963 939/1026/965
f 939/1026/965 897/1024/963 898/1027/966
f 939/1026/965 898/1027/966 899/1028/967
f 939/1026/965 899/1028/967 938/1029/968
f 938/1029/968 899/1028/967 900/1030/969
f 938/1029/968 900/1030/969 937/1031/970
f 937/1031/970 900/1030/969 901/1032/971
f 937/1031/970 901/1032/971 902/1033/972
f 937/1031/970 902/1033/972 936/1034/973
f 936/1034/973 902/1033/972 903/1035/974
f 936/1034/973 903/1035/974 935/1036/975
f 935/1036/975 903/1035/974 904/1037/976
f 935/1036/975 904/1037/976 934/1038/977
f 934/1038/977 904/1037/976 905/1039/978
f 934/1038/977 905/1039/978 933/1040/979
f 933/1040/979 905/1039/978 906/1041/980
f 933/1040/979 906/1041/980 932/1042/981
f 932/1042/981 906/1041/980 907/1043/982
f 932/1042/981 907/1043/982 931/1044/983
f 931/1044/983 907/1043/982 908/1045/984
f 931/1044/983 908/1045/984 930/1046/985
f 930/1046/985 908/1045/984 909/1047/986
f 930/1046/985 909/1047/986 929/1048/987
f 929/1048/987 909/1047/986 910/1049/988
f 929/1048/987 910/1049/988 928/1050/989
f 928/1050/989 910/1049/988 927/1051/990
f 927/1051/990 910/1049/988 911/1052/991
f 927/1051/990 911/1052/991 926/1053/992
f 926/1053/992 911/1052/991 912/1054/993
f 926/1053/992 912/1054/993 925/1055/994
f 925/1055/994 912/1054/993 913/1056/995
f 925/1055/994 913/1056/995 924/1057/996
f 924/1057/996 913/1056/995 914/1058/997
f 924/1057/996 914/1058/997 923/1059/998
f 923/1059/998 914/1058/997 915/1060/999
f 923/1059/998 915/1060/999 916/1061/1000
f 923/1059/998 916/1061/1000 922/1062/1001
f 922/1062/1001 916/1061/1000 917/1063/1002
f 922/1062/1001 917/1063/1002 921/1064/1003
f 921/1064/1003 917/1063/1002 918/1065/1004
f 921/1064/1003 918/1065/1004 920/1066/1005
f 920/1066/1005 918/1065/1004 919/1067/1006
f 919/1067/1006 941/1068/1007 966/1069/1008
f 966/1069/1008 941/1068/1007 942/1070/1009
f 966/1069/1008 942/1070/1009 965/1071/1010
f 965/1071/1010 942/1070/1009 943/1072/1011
f 965/1071/1010 943/1072/1011 964/1073/1012
f 964/1073/1012 943/1072/1011 944/1074/1013
f 964/1073/1012 944/1074/1013 963/1075/1014
f 963/1075/1014 944/1074/1013 945/1076/1015
f 963/1075/1014 945/1076/1015 962/1077/1016
f 962/1077/1016 945/1076/1015 946/1078/1017
f 962/1077/1016 946/1078/1017 961/1079/1018
f 961/1079/1018 946/1078/1017 947/1080/1019
f 961/1079/1018 947/1080/1019 960/1081/1020
f 960/1081/1020 947/1080/1019 959/1082/1021
f 959/1082/1021 947/1080/1019 948/1083/1022
f 959/1082/1021 948/1083/1022 958/1084/1023
f 958/1084/1023 948/1083/1022 949/1085/1024
f 958/1084/1023 949/1085/1024 957/1086/1025
f 957/1086/1025 949/1085/1024 950/1087/1026
f 957/1086/1025 950/1087/1026 956/1088/1027
f 956/1088/1027 950/1087/1026 951/1089/1028
f 956/1088/1027 951/1089/1028 955/1090/1029
f 955/1090/1029 951/1089/1028 952/1091/1030
f 955/1090/1029 952/1091/1030 954/1092/1031
f 954/1092/1031 952/1091/1030 953/1093/1032
f 954/1092/1031 953/1093/1032 896/1094/962
f 967/1095/1033 968/1096/1034 1012/1097/1035
f 1012/1097/1035 968/1096/1034 1011/1098/1036
f 1011/1098/1036 968/1096/1034 969/1099/1037
f 1011/1098/1036 969/1099/1037 1010/1100/1038
f 1010/1100/1038 969/1099/1037 970/1101/1039
f 1010/1100/1038 970/1101/1039 1009/1102/1040
f 1009/1102/1040 970/1101/1039 971/1103/1041
f 1009/1102/1040 971/1103/1041 972/1104/1042
f 1009/1102/1040 972/1104/1042 1008/1105/1043
f 1008/1105/1043 972/1104/1042 973/1106/1044
f 1008/1105/1043 973/1106/1044 974/1107/1045
f 1008/1105/1043 974/1107/1045 1007/1108/1046
f 1007/1108/1046 974/1107/1045 975/1109/1047
f 1007/1108/1046 975/1109/1047 1006/1110/1048
f 1006/1110/1048 975/1109/1047 976/1111/1049
f 1006/1110/1048 976/1111/1049 1005/1112/1050
f 1005/1112/1050 976/1111/1049 977/1113/1051
f 1005/1112/1050 977/1113/1051 1004/1114/1052
f 1004/1114/1052 977/1113/1051 1003/1115/1053
f 1003/1115/1053 977/1113/1051 978/1116/1054
f 1003/1115/1053 978/1116/1054 1002/1117/1055
f 1002/1117/1055 978/1116/1054 979/1118/1056
f 1002/1117/1055 979/1118/1056 1001/1119/1057
f 1001/1119/1057 979/1118/1056 980/1120/1058
f 1001/1119/1057 980/1120/1058 1000/1121/1059
f 1000/1121/1059 980/1120/1058 981/1122/1060
f 1000/1121/1059 981/1122/1060 999/1123/1061
f 999/1123/1061 981/1122/1060 982/1124/1062
f 999/1123/1061 982/1124/1062 998/1125/1063
f 998/1125/1063 982/1124/1062 983/1126/1064
f 998/1125/1063 983/1126/1064 997/1127/1065
f 997/1127/1065 983/1126/1064 984/1128/1066
f 997/1127/1065 984/1128/1066 996/1129/1067
f 996/1129/1067 984/1128/1066 985/1130/1068
f 996/1129/1067 985/1130/1068 986/1131/1069
f 996/1129/1067 986/1131/1069 995/1132/1070
f 995/1132/1070 986/1131/1069 987/1133/1071
f 995/1132/1070 987/1133/1071 988/1134/1072
f 995/1132/1070 988/1134/1072 994/1135/1073
f 994/1135/1073 988/1134/1072 989/1136/1074
f 994/1135/1073 989/1136/1074 993/1137/1075
f 993/1137/1075 989/1136/1074 990/1138/1076
f 993/1137/1075 990/1138/1076 992/1139/1077
f 992/1139/1077 990/1138/1076 991/1140/1078
f 1013/1141/1079 998/1142/1080 991/1143/1081
f 991/1143/1081 998/1142/1080 997/1144/1082
f 991/1143/1081 997/1144/1082 996/1145/1083
f 1013/1141/1079 1014/1146/1084 998/1142/1080
f 998/1142/1080 1014/1146/1084 999/1147/1085
f 999/1147/1085 1014/1146/1084 1000/1148/1086
f 1000/1148/1086 1014/1146/1084 1001/1149/1087
f 1001/1149/1087 1014/1146/1084 1015/1150/1088
f 1001/1149/1087 1015/1150/1088 1016/1151/1089
f 1017/1152/1090 1003/1153/1091 1016/1151/1089
f 1016/1151/1089 1003/1153/1091 1002/1154/1092
f 1016/1151/1089 1002/1154/1092 1001/1149/1087
f 1017/1152/1090 1018/1155/1093 1003/1153/1091
f 1003/1153/1091 1018/1155/1093 1019/1156/1094
f 1003/1153/1091 1019/1156/1094 1020/1157/1095
f 1003/1153/1091 1020/1157/1095 1004/1158/1096
f 1004/1158/1096 1020/1157/1095 1021/1159/1097
f 1004/1158/1096 1021/1159/1097 1022/1160/1098
f 1023/1161/1099 1008/1162/1100 1022/1160/1098
f 1022/1160/1098 1008/1162/1100 1007/1163/1101
f 1022/1160/1098 1007/1163/1101 1006/1164/1102
f 1023/1161/1099 967/1165/1103 1008/1162/1100
f 1008/1162/1100 967/1165/1103 1009/1166/1104
f 1009/1166/1104 967/1165/1103 1010/1167/1105
f 1010/1167/1105 967/1165/1103 1012/1168/1106
f 1010/1167/1105 1012/1168/1106 1011/1169/1107
f 1006/1164/1102 1005/1170/1108 1022/1160/1098
f 1022/1160/1098 1005/1170/1108 1004/1158/1096
f 991/1143/1081 996/1145/1083 992/1171/1109
f 992/1171/1109 996/1145/1083 995/1172/1110
f 992/1171/1109 995/1172/1110 994/1173/1111
f 994/1173/1111 993/1174/1112 992/1171/1109
f 920/1175/1113 919/1176/1114 923/1177/1115
f 923/1177/1115 919/1176/1114 966/1178/1116
f 923/1177/1115 966/1178/1116 924/1179/1117
f 924/1179/1117 966/1178/1116 925/1180/1118
f 925/1180/1118 966/1178/1116 965/1181/1119
f 925/1180/1118 965/1181/1119 964/1182/1120
f 925/1180/1118 964/1182/1120 926/1183/1121
f 926/1183/1121 964/1182/1120 963/1184/1122
f 926/1183/1121 963/1184/1122 962/1185/1123
f 962/1185/1123 961/1186/1124 926/1183/1121
f 926/1183/1121 961/1186/1124 927/1187/1125
f 927/1187/1125 961/1186/1124 928/1188/1126
f 928/1188/1126 961/1186/1124 929/1189/1127
f 929/1189/1127 961/1186/1124 960/1190/1128
f 929/1189/1127 960/1190/1128 959/1191/1129
f 958/1192/1130 931/1193/1131 959/1191/1129
f 959/1191/1129 931/1193/1131 930/1194/1132
f 959/1191/1129 930/1194/1132 929/1189/1127
f 958/1192/1130 957/1195/1133 931/1193/1131
f 931/1193/1131 957/1195/1133 956/1196/1134
f 931/1193/1131 956/1196/1134 932/1197/1135
f 932/1197/1135 956/1196/1134 933/1198/1136
f 933/1198/1136 956/1196/1134 934/1199/1137
f 934/1199/1137 956/1196/1134 955/1200/1138
f 934/1199/1137 955/1200/1138 954/1201/1139
f 896/1202/1140 938/1203/1141 954/1201/1139
f 954/1201/1139 938/1203/1141 937/1204/1142
f 954/1201/1139 937/1204/1142 936/1205/1143
f 896/1202/1140 940/1206/1144 938/1203/1141
f 938/1203/1141 940/1206/1144 939/1207/1145
f 936/1205/1143 935/1208/1146 954/1201/1139
f 954/1201/1139 935/1208/1146 934/1199/1137
f 923/1177/1115 922/1209/1147 920/1175/1113
f 920/1175/1113 922/1209/1147 921/1210/1148
f 991/1211/1078 1024/1212/1149 1013/1213/1150
f 1013/1213/1150 1024/1212/1149 1025/1214/1151
f 1013/1213/1150 1025/1214/1151 1014/1215/1152
f 1014/1215/1152 1025/1214/1151 1026/1216/1153
f 1014/1215/1152 1026/1216/1153 1015/1217/1154
f 1015/1217/1154 1026/1216/1153 1016/1218/1155
f 1016/1218/1155 1026/1216/1153 1027/1219/1156
f 1016/1218/1155 1027/1219/1156 1028/1220/1157
f 1016/1218/1155 1028/1220/1157 1017/1221/1158
f 1017/1221/1158 1028/1220/1157 1029/1222/1159
f 1017/1221/1158 1029/1222/1159 1018/1223/1160
f 1018/1223/1160 1029/1222/1159 1019/1224/1161
f 1019/1224/1161 1029/1222/1159 1030/1225/1162
f 1019/1224/1161 1030/1225/1162 1020/1226/1163
f 1020/1226/1163 1030/1225/1162 1031/1227/1164
f 1020/1226/1163 1031/1227/1164 1032/1228/1165
f 1020/1226/1163 1032/1228/1165 1021/1229/1166
f 1021/1229/1166 1032/1228/1165 1033/1230/1167
f 1021/1229/1166 1033/1230/1167 1022/1231/1168
f 1022/1231/1168 1033/1230/1167 1034/1232/1169
f 1022/1231/1168 1034/1232/1169 1023/1233/1170
f 1023/1233/1170 1034/1232/1169 967/1234/1033
f 967/1235/1171 1034/1236/1172 1053/1237/1173
f 1053/1237/1173 1034/1236/1172 1033/1238/1174
f 1053/1237/1173 1033/1238/1174 1047/1239/1175
f 1047/1239/1175 1033/1238/1174 1032/1240/1176
f 1047/1239/1175 1032/1240/1176 1031/1241/1177
f 1031/1241/1177 1030/1242/1178 1047/1239/1175
f 1047/1239/1175 1030/1242/1178 1029/1243/1179
f 1047/1239/1175 1029/1243/1179 1046/1244/1180
f 1046/1244/1180 1029/1243/1179 1045/1245/1181
f 1045/1245/1181 1029/1243/1179 1044/1246/1182
f 1044/1246/1182 1029/1243/1179 1043/1247/1183
f 1043/1247/1183 1029/1243/1179 1042/1248/1184
f 1042/1248/1184 1029/1243/1179 1041/1249/1185
f 1041/1249/1185 1029/1243/1179 1028/1250/1186
f 1041/1249/1185 1028/1250/1186 1040/1251/1187
f 1040/1251/1187 1028/1250/1186 1039/1252/1188
f 1039/1252/1188 1028/1250/1186 1027/1253/1189
f 1039/1252/1188 1027/1253/1189 1038/1254/1190
f 1038/1254/1190 1027/1253/1189 1026/1255/1191
f 1038/1254/1190 1026/1255/1191 1037/1256/1192
f 1037/1256/1192 1026/1255/1191 1025/1257/1193
f 1037/1256/1192 1025/1257/1193 1036/1258/1194
f 1036/1258/1194 1025/1257/1193 1024/1259/1195
f 1036/1258/1194 1024/1259/1195 1035/1260/1196
f 1035/1260/1196 1024/1259/1195 991/1261/1197
f 1047/1239/1175 1048/1262/1198 1053/1237/1173
f 1053/1237/1173 1048/1262/1198 1052/1263/1199
f 1052/1263/1199 1048/1262/1198 1049/1264/1200
f 1052/1263/1199 1049/1264/1200 1051/1265/1201
f 1051/1265/1201 1049/1264/1200 1050/1266/1202
f 896/1267/1203 953/1268/1204 1071/1269/1205
f 1071/1269/1205 953/1268/1204 952/1270/1206
f 1071/1269/1205 952/1270/1206 951/1271/1207
f 1071/1269/1205 951/1271/1207 1067/1272/1208
f 1067/1272/1208 951/1271/1207 950/1273/1209
f 1067/1272/1208 950/1273/1209 949/1274/1210
f 949/1274/1210 948/1275/1211 1067/1272/1208
f 1067/1272/1208 948/1275/1211 1066/1276/1212
f 1066/1276/1212 948/1275/1211 1065/1277/1213
f 1065/1277/1213 948/1275/1211 947/1278/1214
f 1065/1277/1213 947/1278/1214 1064/1279/1215
f 1064/1279/1215 947/1278/1214 1063/1280/1216
f 1063/1280/1216 947/1278/1214 1062/1281/1217
f 1062/1281/1217 947/1278/1214 1061/1282/1218
f 1061/1282/1218 947/1278/1214 1060/1283/1219
f 1060/1283/1219 947/1278/1214 946/1284/1220
f 1060/1283/1219 946/1284/1220 1057/1285/1221
f 1057/1285/1221 946/1284/1220 945/1286/1222
f 1057/1285/1221 945/1286/1222 944/1287/1223
f 1057/1285/1221 944/1287/1223 1056/1288/1224
f 1056/1288/1224 944/1287/1223 943/1289/1225
f 1056/1288/1224 943/1289/1225 1055/1290/1226
f 1055/1290/1226 943/1289/1225 942/1291/1227
f 1055/1290/1226 942/1291/1227 1054/1292/1228
f 1054/1292/1228 942/1291/1227 941/1293/1229
f 1054/1292/1228 941/1293/1229 919/1294/1230
f 1057/1285/1221 1058/1295/1231 1060/1283/1219
f 1060/1283/1219 1058/1295/1231 1059/1296/1232
f 1071/1269/1205 1067/1272/1208 1070/1297/1233
f 1070/1297/1233 1067/1272/1208 1068/1298/1234
f 1070/1297/1233 1068/1298/1234 1069/1299/1235
f 1073/1300/1236 1115/1301/1237 1072/1302/1238
f 1072/1302/1238 1115/1301/1237 1116/1303/1239
f 1072/1302/1238 1116/1303/1239 1095/1304/1240
f 1095/1304/1240 1116/1303/1239 1117/1305/1241
f 1095/1304/1240 1117/1305/1241 1094/1306/1242
f 1094/1306/1242 1117/1305/1241 1118/1307/1243
f 1094/1306/1242 1118/1307/1243 1093/1308/1244
f 1093/1308/1244 1118/1307/1243 1119/1309/1245
f 1093/1308/1244 1119/1309/1245 1092/1310/1246
f 1092/1310/1246 1119/1309/1245 1096/1311/1247
f 1092/1310/1246 1096/1311/1247 1091/1312/1248
f 1091/1312/1248 1096/1311/1247 1097/1313/1249
f 1091/1312/1248 1097/1313/1249 1090/1314/1250
f 1090/1314/1250 1097/1313/1249 1098/1315/1251
f 1090/1314/1250 1098/1315/1251 1089/1316/1252
f 1089/1316/1252 1098/1315/1251 1099/1317/1253
f 1089/1316/1252 1099/1317/1253 1088/1318/1254
f 1088/1318/1254 1099/1317/1253 1100/1319/1255
f 1088/1318/1254 1100/1319/1255 1087/1320/1256
f 1087/1320/1256 1100/1319/1255 1101/1321/1257
f 1087/1320/1256 1101/1321/1257 1086/1322/1258
f 1086/1322/1258 1101/1321/1257 1102/1323/1259
f 1086/1322/1258 1102/1323/1259 1085/1324/1260
f 1085/1324/1260 1102/1323/1259 1103/1325/1261
f 1085/1324/1260 1103/1325/1261 1084/1326/1262
f 1084/1326/1262 1103/1325/1261 1104/1327/1263
f 1084/1326/1262 1104/1327/1263 1083/1328/1264
f 1083/1328/1264 1104/1327/1263 1105/1329/1265
f 1083/1328/1264 1105/1329/1265 1082/1330/1266
f 1082/1330/1266 1105/1329/1265 1106/1331/1267
f 1082/1330/1266 1106/1331/1267 1081/1332/1268
f 1081/1332/1268 1106/1331/1267 1107/1333/1269
f 1081/1332/1268 1107/1333/1269 1080/1334/1270
f 1080/1334/1270 1107/1333/1269 1108/1335/1271
f 1080/1334/1270 1108/1335/1271 1079/1336/1272
f 1079/1336/1272 1108/1335/1271 1109/1337/1273
f 1079/1336/1272 1109/1337/1273 1078/1338/1274
f 1078/1338/1274 1109/1337/1273 1110/1339/1275
f 1078/1338/1274 1110/1339/1275 1077/1340/1276
f 1077/1340/1276 1110/1339/1275 1111/1341/1277
f 1077/1340/1276 1111/1341/1277 1076/1342/1278
f 1076/1342/1278 1111/1341/1277 1112/1343/1279
f 1076/1342/1278 1112/1343/1279 1075/1344/1280
f 1075/1344/1280 1112/1343/1279 1113/1345/1281
f 1075/1344/1280 1113/1345/1281 1074/1346/1282
f 1074/1346/1282 1113/1345/1281 1114/1347/1283
f 1074/1346/1282 1114/1347/1283 1073/1300/1236
f 1073/1300/1236 1114/1347/1283 1115/1301/1237
f 1121/1348/1284 1167/1349/1285 1120/1350/1286
f 1120/1350/1286 1167/1349/1285 1144/1351/1287
f 1120/1352/1286 1144/1353/1287 1143/1354/1288
f 1143/1354/1288 1144/1353/1287 1145/1355/1289
f 1143/1354/1288 1145/1355/1289 1142/1356/1290
f 1142/1356/1290 1145/1355/1289 1146/1357/1291
f 1142/1356/1290 1146/1357/1291 1141/1358/1292
f 1141/1358/1292 1146/1357/1291 1147/1359/1293
f 1141/1358/1292 1147/1359/1293 1140/1360/1294
f 1140/1360/1294 1147/1359/1293 1148/1361/1295
f 1140/1360/1294 1148/1361/1295 1139/1362/1296
f 1139/1362/1296 1148/1361/1295 1149/1363/1297
f 1139/1362/1296 1149/1363/1297 1138/1364/1298
f 1138/1364/1298 1149/1363/1297 1150/1365/1299
f 1138/1364/1298 1150/1365/1299 1137/1366/1300
f 1137/1366/1300 1150/1365/1299 1151/1367/1301
f 1137/1366/1300 1151/1367/1301 1136/1368/1302
f 1136/1368/1302 1151/1367/1301 1152/1369/1303
f 1136/1368/1302 1152/1369/1303 1135/1370/1304
f 1135/1370/1304 1152/1369/1303 1153/1371/1305
f 1135/1370/1304 1153/1371/1305 1134/1372/1306
f 1134/1372/1306 1153/1371/1305 1154/1373/1307
f 1134/1372/1306 1154/1373/1307 1133/1374/1308
f 1133/1374/1308 1154/1373/1307 1155/1375/1309
f 1133/1374/1308 1155/1375/1309 1132/1376/1310
f 1132/1376/1310 1155/1375/1309 1156/1377/1311
f 1132/1376/1310 1156/1377/1311 1131/1378/1312
f 1131/1378/1312 1156/1377/1311 1157/1379/1313
f 1131/1378/1312 1157/1379/1313 1130/1380/1314
f 1130/1380/1314 1157/1379/1313 1158/1381/1315
f 1130/1380/1314 1158/1381/1315 1129/1382/1316
f 1129/1382/1316 1158/1381/1315 1159/1383/1317
f 1129/1382/1316 1159/1383/1317 1128/1384/1318
f 1128/1384/1318 1159/1383/1317 1160/1385/1319
f 1128/1384/1318 1160/1385/1319 1127/1386/1320
f 1127/1386/1320 1160/1385/1319 1161/1387/1321
f 1127/1386/1320 1161/1387/1321 1126/1388/1322
f 1126/1388/1322 1161/1387/1321 1162/1389/1323
f 1126/1388/1322 1162/1389/1323 1125/1390/1324
f 1125/1390/1324 1162/1389/1323 1163/1391/1325
f 1125/1390/1324 1163/1391/1325 1124/1392/1326
f 1124/1392/1326 1163/1391/1325 1164/1393/1327
f 1124/1392/1326 1164/1393/1327 1123/1394/1328
f 1123/1394/1328 1164/1393/1327 1165/1395/1329
f 1123/1394/1328 1165/1395/1329 1122/1396/1330
f 1122/1396/1330 1165/1395/1329 1166/1397/1331
f 1122/1396/1330 1166/1397/1331 1121/1348/1284
f 1121/1348/1284 1166/1397/1331 1167/1349/1285
f 1169/1398/1332 1121/1399/1333 1168/1400/1334
f 1168/1400/1334 1121/1399/1333 1120/1401/1335
f 1168/1400/1334 1120/1401/1335 1143/1402/1336
f 1121/1399/1333 1169/1398/1332 1122/1403/1337
f 1122/1403/1337 1169/1398/1332 1170/1404/1338
f 1122/1403/1337 1170/1404/1338 1123/1405/1339
f 1123/1405/1339 1170/1404/1338 1171/1406/1340
f 1123/1405/1339 1171/1406/1340 1124/1407/1341
f 1124/1407/1341 1171/1406/1340 1172/1408/1342
f 1124/1407/1341 1172/1408/1342 1125/1409/1343
f 1125/1409/1343 1172/1408/1342 1173/1410/1344
f 1125/1409/1343 1173/1410/1344 1126/1411/1345
f 1126/1411/1345 1173/1410/1344 1174/1412/1346
f 1126/1411/1345 1174/1412/1346 1175/1413/1347
f 1126/1411/1345 1175/1413/1347 1127/1414/1348
f 1127/1414/1348 1175/1413/1347 1176/1415/1349
f 1127/1414/1348 1176/1415/1349 1128/1416/1350
f 1128/1416/1350 1176/1415/1349 1177/1417/1351
f 1128/1416/1350 1177/1417/1351 1129/1418/1352
f 1129/1418/1352 1177/1417/1351 1178/1419/1353
f 1129/1418/1352 1178/1419/1353 1130/1420/1354
f 1130/1420/1354 1178/1419/1353 1179/1421/1355
f 1130/1420/1354 1179/1421/1355 1131/1422/1356
f 1131/1422/1356 1179/1421/1355 1180/1423/1357
f 1131/1422/1356 1180/1423/1357 1132/1424/1358
f 1132/1424/1358 1180/1423/1357 1133/1425/1359
f 1133/1425/1359 1180/1423/1357 1181/1426/1360
f 1133/1425/1359 1181/1426/1360 1134/1427/1361
f 1134/1427/1361 1181/1426/1360 1182/1428/1362
f 1134/1427/1361 1182/1428/1362 1135/1429/1363
f 1135/1429/1363 1182/1428/1362 1183/1430/1364
f 1135/1429/1363 1183/1430/1364 1136/1431/1365
f 1136/1431/1365 1183/1430/1364 1184/1432/1366
f 1136/1431/1365 1184/1432/1366 1137/1433/1367
f 1137/1433/1367 1184/1432/1366 1185/1434/1368
f 1137/1433/1367 1185/1434/1368 1138/1435/1369
f 1138/1435/1369 1185/1434/1368 1186/1436/1370
f 1138/1435/1369 1186/1436/1370 1139/1437/1371
f 1139/1437/1371 1186/1436/1370 1187/1438/1372
f 1139/1437/1371 1187/1438/1372 1188/1439/1373
f 1139/1437/1371 1188/1439/1373 1140/1440/1374
f 1140/1440/1374 1188/1439/1373 1189/1441/1375
f 1140/1440/1374 1189/1441/1375 1141/1442/1376
f 1141/1442/1376 1189/1441/1375 1190/1443/1377
f 1141/1442/1376 1190/1443/1377 1142/1444/1378
f 1142/1444/1378 1190/1443/1377 1191/1445/1379
f 1142/1444/1378 1191/1445/1379 1143/1402/1336
f 1143/1402/1336 1191/1445/1379 1168/1400/1334
f 1193/1446/1380 1239/1447/1381 1192/1448/1382
f 1192/1448/1382 1239/1447/1381 1216/1449/1383
f 1192/1450/1382 1216/1451/1383 1215/1452/1384
f 1215/1452/1384 1216/1451/1383 1217/1453/1385
f 1215/1452/1384 1217/1453/1385 1214/1454/1386
f 1214/1454/1386 1217/1453/1385 1218/1455/1387
f 1214/1454/1386 1218/1455/1387 1213/1456/1388
f 1213/1456/1388 1218/1455/1387 1219/1457/1389
f 1213/1456/1388 1219/1457/1389 1212/1458/1390
f 1212/1458/1390 1219/1457/1389 1220/1459/1391
f 1212/1458/1390 1220/1459/1391 1211/1460/1392
f 1211/1460/1392 1220/1459/1391 1221/1461/1393
f 1211/1460/1392 1221/1461/1393 1210/1462/1394
f 1210/1462/1394 1221/1461/1393 1222/1463/1395
f 1210/1462/1394 1222/1463/1395 1209/1464/1396
f 1209/1464/1396 1222/1463/1395 1223/1465/1397
f 1209/1464/1396 1223/1465/1397 1208/1466/1398
f 1208/1466/1398 1223/1465/1397 1224/1467/1399
f 1208/1466/1398 1224/1467/1399 1207/1468/1400
f 1207/1468/1400 1224/1467/1399 1225/1469/1401
f 1207/1468/1400 1225/1469/1401 1206/1470/1402
f 1206/1470/1402 1225/1469/1401 1226/1471/1403
f 1206/1470/1402 1226/1471/1403 1205/1472/1404
f 1205/1472/1404 1226/1471/1403 1227/1473/1405
f 1205/1472/1404 1227/1473/1405 1204/1474/1406
f 1204/1474/1406 1227/1473/1405 1228/1475/1407
f 1204/1474/1406 1228/1475/1407 1203/1476/1408
f 1203/1476/1408 1228/1475/1407 1229/1477/1409
f 1203/1476/1408 1229/1477/1409 1202/1478/1410
f 1202/1478/1410 1229/1477/1409 1230/1479/1411
f 1202/1478/1410 1230/1479/1411 1201/1480/1412
f 1201/1480/1412 1230/1479/1411 1231/1481/1413
f 1201/1480/1412 1231/1481/1413 1200/1482/1414
f 1200/1482/1414 1231/1481/1413 1232/1483/1415
f 1200/1482/1414 1232/1483/1415 1199/1484/1416
f 1199/1484/1416 1232/1483/1415 1233/1485/1417
f 1199/1484/1416 1233/1485/1417 1198/1486/1418
f 1198/1486/1418 1233/1485/1417 1234/1487/1419
f 1198/1486/1418 1234/1487/1419 1197/1488/1420
f 1197/1488/1420 1234/1487/1419 1235/1489/1421
f 1197/1488/1420 1235/1489/1421 1196/1490/1422
f 1196/1490/1422 1235/1489/1421 1236/1491/1423
f 1196/1490/1422 1236/1491/1423 1195/1492/1424
f 1195/1492/1424 1236/1491/1423 1237/1493/1425
f 1195/1492/1424 1237/1493/1425 1194/1494/1426
f 1194/1494/1426 1237/1493/1425 1238/1495/1427
f 1194/1494/1426 1238/1495/1427 1193/1446/1380
f 1193/1446/1380 1238/1495/1427 1239/1447/1381
f 1240/1496/1428 1241/1497/1429 1243/1498/1430
f 1243/1498/1430 1241/1497/1429 1242/1499/1431
f 1244/1500/1432 1240/1501/1433 1245/1502/1434
f 1245/1502/1434 1240/1501/1433 1243/1503/1435
f 1246/1504/1436 1244/1505/1437 1247/1506/1438
f 1247/1506/1438 1244/1505/1437 1245/1507/1439
f 1248/1508/1440 1246/1509/1441 1249/1510/1442
f 1249/1510/1442 1246/1509/1441 1247/1511/1443
f 1250/1512/1444 1248/1513/1445 1251/1514/1446
f 1251/1514/1446 1248/1513/1445 1249/1515/1447
f 1265/1516/1448 1252/1517/1449 1264/1518/1450
f 1264/1518/1450 1252/1517/1449 1253/1519/1451
f 1264/1518/1450 1253/1519/1451 1263/1520/1452
f 1263/1520/1452 1253/1519/1451 1254/1521/1453
f 1263/1520/1452 1254/1521/1453 1262/1522/1454
f 1262/1522/1454 1254/1521/1453 1255/1523/1455
f 1262/1522/1454 1255/1523/1455 1261/1524/1456
f 1261/1524/1456 1255/1523/1455 1256/1525/1457
f 1261/1524/1456 1256/1525/1457 1260/1526/1458
f 1260/1526/1458 1256/1525/1457 1257/1527/1459
f 1260/1526/1458 1257/1527/1459 1259/1528/1460
f 1259/1528/1460 1257/1527/1459 1258/1529/1461
f 1259/1528/1460 1258/1529/1461 1251/1530/1462
f 1251/1530/1462 1258/1529/1461 1250/1531/1463
f 1266/1532/1464 1252/1533/1465 1267/1534/1466
f 1267/1534/1466 1252/1533/1465 1265/1535/1467
f 1268/1536/1468 1266/1537/1469 1269/1538/1470
f 1269/1538/1470 1266/1537/1469 1267/1539/1471
f 1270/1540/1472 1268/1541/1473 1271/1542/1474
f 1271/1542/1474 1268/1541/1473 1269/1543/1475
f 1272/1544/1476 1270/1545/1477 1273/1546/1478
f 1273/1546/1478 1270/1545/1477 1271/1547/1479
f 1274/1548/1480 1272/1549/1481 1275/1550/1482
f 1275/1550/1482 1272/1549/1481 1273/1551/1483
f 1242/1552/1484 1241/1553/1485 1287/1554/1486
f 1287/1554/1486 1241/1553/1485 1276/1555/1487
f 1287/1554/1486 1276/1555/1487 1286/1556/1488
f 1286/1556/1488 1276/1555/1487 1277/1557/1489
f 1286/1556/1488 1277/1557/1489 1285/1558/1490
f 1285/1558/1490 1277/1557/1489 1278/1559/1491
f 1285/1558/1490 1278/1559/1491 1284/1560/1492
f 1284/1560/1492 1278/1559/1491 1279/1561/1493
f 1284/1560/1492 1279/1561/1493 1283/1562/1494
f 1283/1562/1494 1279/1561/1493 1280/1563/1495
f 1283/1562/1494 1280/1563/1495 1282/1564/1496
f 1282/1564/1496 1280/1563/1495 1281/1565/1497
f 1282/1564/1496 1281/1565/1497 1275/1566/1498
f 1275/1566/1498 1281/1565/1497 1274/1567/1499
f 1215/1568/1500 1285/1569/1501 1192/1570/1502
f 1192/1570/1502 1285/1569/1501 1284/1571/1503
f 1192/1570/1502 1284/1571/1503 1193/1572/1504
f 1193/1572/1504 1284/1571/1503 1283/1573/1505
f 1193/1572/1504 1283/1573/1505 1194/1574/1506
f 1194/1574/1506 1283/1573/1505 1282/1575/1507
f 1194/1574/1506 1282/1575/1507 1195/1576/1508
f 1195/1576/1508 1282/1575/1507 1275/1577/1509
f 1195/1576/1508 1275/1577/1509 1196/1578/1510
f 1196/1578/1510 1275/1577/1509 1197/1579/1511
f 1197/1579/1511 1275/1577/1509 1198/1580/1512
f 1198/1580/1512 1275/1577/1509 1265/1581/1513
f 1198/1580/1512 1265/1581/1513 1199/1582/1514
f 1199/1582/1514 1265/1581/1513 1200/1583/1515
f 1200/1583/1515 1265/1581/1513 1201/1584/1516
f 1201/1584/1516 1265/1581/1513 1264/1585/1517
f 1201/1584/1516 1264/1585/1517 1202/1586/1518
f 1202/1586/1518 1264/1585/1517 1263/1587/1519
f 1202/1586/1518 1263/1587/1519 1203/1588/1520
f 1203/1588/1520 1263/1587/1519 1262/1589/1521
f 1203/1588/1520 1262/1589/1521 1204/1590/1522
f 1204/1590/1522 1262/1589/1521 1261/1591/1523
f 1204/1590/1522 1261/1591/1523 1205/1592/1524
f 1205/1592/1524 1261/1591/1523 1260/1593/1525
f 1205/1592/1524 1260/1593/1525 1206/1594/1526
f 1206/1594/1526 1260/1593/1525 1259/1595/1527
f 1206/1594/1526 1259/1595/1527 1207/1596/1528
f 1207/1596/1528 1259/1595/1527 1251/1597/1529
f 1207/1596/1528 1251/1597/1529 1208/1598/1530
f 1208/1598/1530 1251/1597/1529 1209/1599/1531
f 1209/1599/1531 1251/1597/1529 1210/1600/1532
f 1210/1600/1532 1251/1597/1529 1242/1601/1533
f 1210/1600/1532 1242/1601/1533 1211/1602/1534
f 1211/1602/1534 1242/1601/1533 1212/1603/1535
f 1212/1603/1535 1242/1601/1533 1213/1604/1536
f 1213/1604/1536 1242/1601/1533 1287/1605/1537
f 1213/1604/1536 1287/1605/1537 1214/1606/1538
f 1214/1606/1538 1287/1605/1537 1286/1607/1539
f 1214/1606/1538 1286/1607/1539 1215/1568/1500
f 1215/1568/1500 1286/1607/1539 1285/1569/1501
f 1273/1608/1540 1271/1609/1541 1275/1577/1509
f 1275/1577/1509 1271/1609/1541 1269/1610/1542
f 1275/1577/1509 1269/1610/1542 1265/1581/1513
f 1265/1581/1513 1269/1610/1542 1267/1611/1543
f 1249/1612/1544 1247/1613/1545 1251/1597/1529
f 1251/1597/1529 1247/1613/1545 1245/1614/1546
f 1251/1597/1529 1245/1614/1546 1242/1601/1533
f 1242/1601/1533 1245/1614/1546 1243/1615/1547
f 1269/1616/1548 1268/1617/1549 1299/1618/1550
f 1299/1618/1550 1268/1617/1549 1288/1619/1551
f 1299/1618/1550 1288/1619/1551 1298/1620/1552
f 1298/1620/1552 1288/1619/1551 1289/1621/1553
f 1298/1620/1552 1289/1621/1553 1297/1622/1554
f 1297/1622/1554 1289/1621/1553 1290/1623/1555
f 1297/1622/1554 1290/1623/1555 1296/1624/1556
f 1296/1624/1556 1290/1623/1555 1291/1625/1557
f 1296/1624/1556 1291/1625/1557 1295/1626/1558
f 1295/1626/1558 1291/1625/1557 1292/1627/1559
f 1295/1626/1558 1292/1627/1559 1294/1628/1560
f 1294/1628/1560 1292/1627/1559 1293/1629/1561
f 1294/1628/1560 1293/1629/1561 1271/1630/1562
f 1271/1630/1562 1293/1629/1561 1270/1631/1563
f 1244/1632/1564 1245/1633/1565 1313/1634/1566
f 1313/1634/1566 1245/1633/1565 1300/1635/1567
f 1313/1634/1566 1300/1635/1567 1312/1636/1568
f 1312/1636/1568 1300/1635/1567 1301/1637/1569
f 1312/1636/1568 1301/1637/1569 1311/1638/1570
f 1311/1638/1570 1301/1637/1569 1302/1639/1571
f 1311/1638/1570 1302/1639/1571 1310/1640/1572
f 1310/1640/1572 1302/1639/1571 1303/1641/1573
f 1310/1640/1572 1303/1641/1573 1309/1642/1574
f 1309/1642/1574 1303/1641/1573 1304/1643/1575
f 1309/1642/1574 1304/1643/1575 1308/1644/1576
f 1308/1644/1576 1304/1643/1575 1305/1645/1577
f 1308/1644/1576 1305/1645/1577 1307/1646/1578
f 1307/1646/1578 1305/1645/1577 1306/1647/1579
f 1307/1646/1578 1306/1647/1579 1270/1648/1563
f 1270/1648/1563 1306/1647/1579 1271/1649/1562
f 1247/1650/1580 1246/1651/1581 1327/1652/1582
f 1327/1652/1582 1246/1651/1581 1314/1653/1583
f 1327/1652/1582 1314/1653/1583 1326/1654/1584
f 1326/1654/1584 1314/1653/1583 1315/1655/1585
f 1326/1654/1584 1315/1655/1585 1325/1656/1586
f 1325/1656/1586 1315/1655/1585 1316/1657/1587
f 1325/1656/1586 1316/1657/1587 1324/1658/1588
f 1324/1658/1588 1316/1657/1587 1317/1659/1589
f 1324/1658/1588 1317/1659/1589 1323/1660/1590
f 1323/1660/1590 1317/1659/1589 1318/1661/1591
f 1323/1660/1590 1318/1661/1591 1322/1662/1592
f 1322/1662/1592 1318/1661/1591 1319/1663/1593
f 1322/1662/1592 1319/1663/1593 1321/1664/1594
f 1321/1664/1594 1319/1663/1593 1320/1665/1595
f 1321/1664/1594 1320/1665/1595 1269/1666/1548
f 1269/1666/1548 1320/1665/1595 1268/1667/1549
f 1244/1668/1596 1313/1669/1597 1240/1670/1598
f 1240/1670/1598 1313/1669/1597 1278/1671/1599
f 1240/1670/1598 1278/1671/1599 1277/1672/1600
f 1313/1669/1597 1312/1673/1601 1278/1671/1599
f 1278/1671/1599 1312/1673/1601 1311/1674/1602
f 1278/1671/1599 1311/1674/1602 1279/1675/1603
f 1279/1675/1603 1311/1674/1602 1310/1676/1604
f 1279/1675/1603 1310/1676/1604 1309/1677/1605
f 1309/1677/1605 1308/1678/1606 1279/1675/1603
f 1279/1675/1603 1308/1678/1606 1307/1679/1607
f 1279/1675/1603 1307/1679/1607 1272/1680/1608
f 1272/1680/1608 1307/1679/1607 1270/1681/1609
f 1274/1682/1610 1281/1683/1611 1272/1680/1608
f 1272/1680/1608 1281/1683/1611 1280/1684/1612
f 1272/1680/1608 1280/1684/1612 1279/1675/1603
f 1277/1672/1600 1276/1685/1613 1240/1670/1598
f 1240/1670/1598 1276/1685/1613 1241/1686/1614
f 1244/1668/1596 1246/1687/1615 1333/1688/1616
f 1333/1688/1616 1246/1687/1615 1328/1689/1617
f 1333/1688/1616 1328/1689/1617 1332/1690/1618
f 1332/1690/1618 1328/1689/1617 1329/1691/1619
f 1332/1690/1618 1329/1691/1619 1331/1692/1620
f 1331/1692/1620 1329/1691/1619 1330/1693/1621
f 1246/1687/1615 1248/1694/1622 1314/1695/1623
f 1314/1695/1623 1248/1694/1622 1256/1696/1624
f 1314/1695/1623 1256/1696/1624 1315/1697/1625
f 1315/1697/1625 1256/1696/1624 1316/1698/1626
f 1316/1698/1626 1256/1696/1624 1255/1699/1627
f 1316/1698/1626 1255/1699/1627 1317/1700/1628
f 1317/1700/1628 1255/1699/1627 1318/1701/1629
f 1318/1701/1629 1255/1699/1627 1319/1702/1630
f 1319/1702/1630 1255/1699/1627 1320/1703/1631
f 1320/1703/1631 1255/1699/1627 1266/1704/1632
f 1320/1703/1631 1266/1704/1632 1268/1705/1633
f 1250/1706/1634 1258/1707/1635 1248/1694/1622
f 1248/1694/1622 1258/1707/1635 1257/1708/1636
f 1248/1694/1622 1257/1708/1636 1256/1696/1624
f 1255/1699/1627 1254/1709/1637 1266/1704/1632
f 1266/1704/1632 1254/1709/1637 1253/1710/1638
f 1266/1704/1632 1253/1710/1638 1252/1711/1639
f 1268/1705/1633 1270/1712/1609 1288/1713/1640
f 1288/1713/1640 1270/1712/1609 1293/1714/1641
f 1288/1713/1640 1293/1714/1641 1289/1715/1642
f 1289/1715/1642 1293/1714/1641 1292/1716/1643
f 1289/1715/1642 1292/1716/1643 1290/1717/1644
f 1290/1717/1644 1292/1716/1643 1291/1718/1645
f 1167/1719/1646 1473/1720/1647 1144/1721/1648
f 1144/1721/1648 1473/1720/1647 1478/1722/1649
f 1144/1721/1648 1478/1722/1649 1145/1723/1650
f 1145/1723/1650 1478/1722/1649 1651/1724/1651
f 1145/1723/1650 1651/1724/1651 1466/1725/1652
f 1466/1725/1652 1651/1724/1651 1657/1726/1653
f 1466/1725/1652 1657/1726/1653 1638/1727/1654
f 1638/1727/1654 1657/1726/1653 1639/1728/1655
f 1638/1727/1654 1639/1728/1655 1629/1729/1656
f 1629/1729/1656 1639/1728/1655 1630/1730/1657
f 1629/1729/1656 1630/1730/1657 1617/1731/1658
f 1617/1731/1658 1630/1730/1657 1618/1732/1659
f 1617/1731/1658 1618/1732/1659 1612/1733/1660
f 1612/1733/1660 1618/1732/1659 1613/1734/1661
f 1612/1733/1660 1613/1734/1661 1616/1735/1662
f 1616/1735/1662 1613/1734/1661 1615/1736/1663
f 1616/1735/1662 1615/1736/1663 1464/1737/1664
f 1464/1737/1664 1615/1736/1663 1611/1738/1665
f 1464/1737/1664 1611/1738/1665 1609/1739/1666
f 1609/1739/1666 1611/1738/1665 1610/1740/1667
f 1609/1739/1666 1610/1740/1667 1602/1741/1668
f 1602/1741/1668 1610/1740/1667 1603/1742/1669
f 1602/1741/1668 1603/1742/1669 1607/1743/1670
f 1607/1743/1670 1603/1742/1669 1606/1744/1671
f 1607/1743/1670 1606/1744/1671 1688/1745/1672
f 1688/1745/1672 1606/1744/1671 1689/1746/1673
f 1688/1745/1672 1689/1746/1673 1595/1747/1674
f 1595/1747/1674 1689/1746/1673 1596/1748/1675
f 1595/1747/1674 1596/1748/1675 1586/1749/1676
f 1586/1749/1676 1596/1748/1675 1587/1750/1677
f 1586/1749/1676 1587/1750/1677 1573/1751/1678
f 1573/1751/1678 1587/1750/1677 1574/1752/1679
f 1573/1751/1678 1574/1752/1679 1569/1753/1680
f 1569/1753/1680 1574/1752/1679 1570/1754/1681
f 1569/1753/1680 1570/1754/1681 1440/1755/1682
f 1440/1755/1682 1570/1754/1681 1439/1756/1683
f 1439/1756/1683 1570/1754/1681 1438/1757/1684
f 1438/1757/1684 1570/1754/1681 1437/1758/1685
f 1437/1758/1685 1570/1754/1681 1574/1752/1679
f 1437/1758/1685 1574/1752/1679 1575/1759/1686
f 1575/1759/1686 1574/1752/1679 1588/1760/1687
f 1575/1759/1686 1588/1760/1687 1589/1761/1688
f 1589/1761/1688 1588/1760/1687 1598/1762/1689
f 1589/1761/1688 1598/1762/1689 1599/1763/1690
f 1599/1763/1690 1598/1762/1689 1682/1764/1691
f 1599/1763/1690 1682/1764/1691 1681/1765/1692
f 1681/1765/1692 1682/1764/1691 1421/1766/1693
f 1681/1765/1692 1421/1766/1693 1680/1767/1694
f 1680/1767/1694 1421/1766/1693 1422/1768/1695
f 1680/1767/1694 1422/1768/1695 1423/1769/1696
f 1473/1720/1647 1167/1719/1646 1468/1770/1697
f 1468/1770/1697 1167/1719/1646 1166/1771/1698
f 1468/1770/1697 1166/1771/1698 1506/1772/1699
f 1506/1772/1699 1166/1771/1698 1489/1773/1700
f 1506/1772/1699 1489/1773/1700 1490/1774/1701
f 1490/1774/1701 1489/1773/1700 1507/1775/1702
f 1490/1774/1701 1507/1775/1702 1508/1776/1703
f 1508/1776/1703 1507/1775/1702 1520/1777/1704
f 1508/1776/1703 1520/1777/1704 1519/1778/1705
f 1519/1778/1705 1520/1777/1704 1516/1779/1706
f 1519/1778/1705 1516/1779/1706 1517/1780/1707
f 1517/1780/1707 1516/1779/1706 1379/1781/1708
f 1517/1780/1707 1379/1781/1708 1380/1782/1709
f 1166/1771/1698 1165/1783/1710 1489/1773/1700
f 1489/1773/1700 1165/1783/1710 1460/1784/1711
f 1489/1773/1700 1460/1784/1711 1507/1775/1702
f 1507/1775/1702 1460/1784/1711 1521/1785/1712
f 1507/1775/1702 1521/1785/1712 1520/1777/1704
f 1520/1777/1704 1521/1785/1712 1515/1786/1713
f 1520/1777/1704 1515/1786/1713 1516/1779/1706
f 1516/1779/1706 1515/1786/1713 1523/1787/1714
f 1516/1779/1706 1523/1787/1714 1378/1788/1715
f 1378/1788/1715 1523/1787/1714 1377/1789/1716
f 1377/1789/1716 1523/1787/1714 1526/1790/1717
f 1377/1789/1716 1526/1790/1717 1376/1791/1718
f 1376/1791/1718 1526/1790/1717 1525/1792/1719
f 1376/1791/1718 1525/1792/1719 1375/1793/1720
f 1375/1793/1720 1525/1792/1719 1374/1794/1721
f 1374/1794/1721 1525/1792/1719 1528/1795/1722
f 1374/1794/1721 1528/1795/1722 1373/1796/1723
f 1373/1796/1723 1528/1795/1722 1529/1797/1724
f 1373/1796/1723 1529/1797/1724 1530/1798/1725
f 1530/1798/1725 1529/1797/1724 1547/1799/1726
f 1530/1798/1725 1547/1799/1726 1546/1800/1727
f 1546/1800/1727 1547/1799/1726 1535/1801/1728
f 1546/1800/1727 1535/1801/1728 1536/1802/1729
f 1536/1802/1729 1535/1801/1728 1554/1803/1730
f 1536/1802/1729 1554/1803/1730 1555/1804/1731
f 1555/1804/1731 1554/1803/1730 1449/1805/1732
f 1555/1804/1731 1449/1805/1732 1450/1806/1733
f 1165/1783/1710 1164/1807/1734 1460/1784/1711
f 1460/1784/1711 1164/1807/1734 1521/1785/1712
f 1521/1785/1712 1164/1807/1734 1515/1786/1713
f 1515/1786/1713 1164/1807/1734 1163/1808/1735
f 1515/1786/1713 1163/1808/1735 1522/1809/1736
f 1522/1809/1736 1163/1808/1735 1470/1810/1737
f 1522/1809/1736 1470/1810/1737 1526/1790/1717
f 1526/1790/1717 1470/1810/1737 1525/1792/1719
f 1163/1808/1735 1162/1811/1738 1470/1810/1737
f 1470/1810/1737 1162/1811/1738 1524/1812/1739
f 1470/1810/1737 1524/1812/1739 1525/1792/1719
f 1525/1792/1719 1524/1812/1739 1528/1795/1722
f 1162/1811/1738 1161/1813/1740 1524/1812/1739
f 1524/1812/1739 1161/1813/1740 1527/1814/1741
f 1524/1812/1739 1527/1814/1741 1528/1795/1722
f 1528/1795/1722 1527/1814/1741 1529/1797/1724
f 1161/1813/1740 1160/1815/1742 1527/1814/1741
f 1527/1814/1741 1160/1815/1742 1472/1816/1743
f 1527/1814/1741 1472/1816/1743 1529/1797/1724
f 1529/1797/1724 1472/1816/1743 1548/1817/1744
f 1529/1797/1724 1548/1817/1744 1547/1799/1726
f 1547/1799/1726 1548/1817/1744 1534/1818/1745
f 1547/1799/1726 1534/1818/1745 1535/1801/1728
f 1535/1801/1728 1534/1818/1745 1553/1819/1746
f 1535/1801/1728 1553/1819/1746 1554/1803/1730
f 1554/1803/1730 1553/1819/1746 1447/1820/1747
f 1554/1803/1730 1447/1820/1747 1448/1821/1748
f 1160/1815/1742 1159/1822/1749 1472/1816/1743
f 1472/1816/1743 1159/1822/1749 1549/1823/1750
f 1472/1816/1743 1549/1823/1750 1548/1817/1744
f 1548/1817/1744 1549/1823/1750 1533/1824/1751
f 1548/1817/1744 1533/1824/1751 1534/1818/1745
f 1534/1818/1745 1533/1824/1751 1552/1825/1752
f 1534/1818/1745 1552/1825/1752 1553/1819/1746
f 1553/1819/1746 1552/1825/1752 1564/1826/1753
f 1553/1819/1746 1564/1826/1753 1563/1827/1754
f 1563/1827/1754 1564/1826/1753 1561/1828/1755
f 1563/1827/1754 1561/1828/1755 1562/1829/1756
f 1562/1829/1756 1561/1828/1755 1444/1830/1757
f 1562/1829/1756 1444/1830/1757 1445/1831/1758
f 1549/1823/1750 1159/1822/1749 1532/1832/1759
f 1532/1832/1759 1159/1822/1749 1158/1833/1760
f 1532/1832/1759 1158/1833/1760 1550/1834/1761
f 1550/1834/1761 1158/1833/1760 1157/1835/1762
f 1550/1834/1761 1157/1835/1762 1566/1836/1763
f 1566/1836/1763 1157/1835/1762 1559/1837/1764
f 1566/1836/1763 1559/1837/1764 1565/1838/1765
f 1565/1838/1765 1559/1837/1764 1560/1839/1766
f 1565/1838/1765 1560/1839/1766 1564/1826/1753
f 1564/1826/1753 1560/1839/1766 1561/1828/1755
f 1157/1835/1762 1156/1840/1767 1559/1837/1764
f 1559/1837/1764 1156/1840/1767 1454/1841/1768
f 1559/1837/1764 1454/1841/1768 1455/1842/1769
f 1455/1843/1769 1454/1844/1768 1568/1845/1770
f 1455/1843/1769 1568/1845/1770 1569/1753/1680
f 1569/1753/1680 1568/1845/1770 1573/1751/1678
f 1454/1844/1768 1156/1846/1767 1567/1847/1771
f 1567/1847/1771 1156/1846/1767 1155/1848/1772
f 1567/1847/1771 1155/1848/1772 1571/1849/1773
f 1571/1849/1773 1155/1848/1772 1154/1850/1774
f 1571/1849/1773 1154/1850/1774 1584/1851/1775
f 1584/1851/1775 1154/1850/1774 1153/1852/1776
f 1584/1851/1775 1153/1852/1776 1593/1853/1777
f 1593/1853/1777 1153/1852/1776 1462/1854/1778
f 1593/1853/1777 1462/1854/1778 1594/1855/1779
f 1594/1855/1779 1462/1854/1778 1688/1745/1672
f 1594/1855/1779 1688/1745/1672 1595/1747/1674
f 1153/1852/1776 1152/1856/1780 1462/1854/1778
f 1462/1854/1778 1152/1856/1780 1607/1743/1670
f 1462/1854/1778 1607/1743/1670 1688/1745/1672
f 1607/1743/1670 1152/1856/1780 1602/1741/1668
f 1602/1741/1668 1152/1856/1780 1151/1857/1781
f 1602/1741/1668 1151/1857/1781 1609/1739/1666
f 1609/1739/1666 1151/1857/1781 1150/1858/1782
f 1609/1739/1666 1150/1858/1782 1464/1737/1664
f 1464/1737/1664 1150/1858/1782 1149/1859/1783
f 1464/1737/1664 1149/1859/1783 1616/1735/1662
f 1616/1735/1662 1149/1859/1783 1612/1733/1660
f 1149/1859/1783 1148/1860/1784 1612/1733/1660
f 1612/1733/1660 1148/1860/1784 1617/1731/1658
f 1148/1860/1784 1147/1861/1785 1617/1731/1658
f 1617/1731/1658 1147/1861/1785 1629/1729/1656
f 1147/1861/1785 1146/1862/1786 1629/1729/1656
f 1629/1729/1656 1146/1862/1786 1638/1727/1654
f 1638/1727/1654 1146/1862/1786 1466/1725/1652
f 1466/1725/1652 1146/1862/1786 1145/1723/1650
f 1335/1863/1787 1476/1864/1788 1334/1865/1789
f 1334/1865/1789 1476/1864/1788 1475/1866/1790
f 1334/1865/1789 1475/1866/1790 1357/1867/1791
f 1357/1867/1791 1475/1866/1790 1356/1868/1792
f 1356/1868/1792 1475/1866/1790 1480/1869/1793
f 1356/1868/1792 1480/1869/1793 1481/1870/1794
f 1481/1870/1794 1480/1869/1793 1503/1871/1795
f 1481/1870/1794 1503/1871/1795 1502/1872/1796
f 1502/1872/1796 1503/1871/1795 1493/1873/1797
f 1502/1872/1796 1493/1873/1797 1494/1874/1798
f 1494/1874/1798 1493/1873/1797 1511/1875/1799
f 1494/1874/1798 1511/1875/1799 1512/1876/1800
f 1512/1876/1800 1511/1875/1799 1360/1877/1801
f 1512/1876/1800 1360/1877/1801 1661/1878/1802
f 1661/1878/1802 1360/1877/1801 1361/1879/1803
f 1661/1878/1802 1361/1879/1803 1662/1880/1804
f 1662/1880/1804 1361/1879/1803 1362/1881/1805
f 1662/1880/1804 1362/1881/1805 1664/1882/1806
f 1664/1882/1806 1362/1881/1805 1363/1883/1807
f 1664/1882/1806 1363/1883/1807 1666/1884/1808
f 1666/1884/1808 1363/1883/1807 1364/1885/1809
f 1666/1884/1808 1364/1885/1809 1667/1886/1810
f 1667/1886/1810 1364/1885/1809 1365/1887/1811
f 1667/1886/1810 1365/1887/1811 1366/1888/1812
f 1335/1863/1787 1336/1889/1813 1476/1864/1788
f 1476/1864/1788 1336/1889/1813 1649/1890/1814
f 1476/1864/1788 1649/1890/1814 1477/1891/1815
f 1477/1891/1815 1649/1890/1814 1650/1892/1816
f 1477/1891/1815 1650/1892/1816 1478/1722/1649
f 1478/1722/1649 1650/1892/1816 1651/1724/1651
f 1649/1890/1814 1336/1889/1813 1647/1893/1817
f 1647/1893/1817 1336/1889/1813 1337/1894/1818
f 1647/1893/1817 1337/1894/1818 1338/1895/1819
f 1647/1893/1817 1338/1895/1819 1655/1896/1820
f 1655/1896/1820 1338/1895/1819 1339/1897/1821
f 1655/1896/1820 1339/1897/1821 1648/1898/1822
f 1648/1898/1822 1339/1897/1821 1340/1899/1823
f 1648/1898/1822 1340/1899/1823 1341/1900/1824
f 1648/1898/1822 1341/1900/1824 1654/1901/1825
f 1654/1901/1825 1341/1900/1824 1342/1902/1826
f 1654/1901/1825 1342/1902/1826 1343/1903/1827
f 1343/1903/1827 1344/1904/1828 1654/1901/1825
f 1654/1901/1825 1344/1904/1828 1653/1905/1829
f 1654/1901/1825 1653/1905/1829 1643/1906/1830
f 1643/1906/1830 1653/1905/1829 1644/1907/1831
f 1643/1906/1830 1644/1907/1831 1634/1908/1832
f 1634/1908/1832 1644/1907/1831 1635/1909/1833
f 1634/1908/1832 1635/1909/1833 1622/1910/1834
f 1622/1910/1834 1635/1909/1833 1623/1911/1835
f 1622/1910/1834 1623/1911/1835 1428/1912/1836
f 1428/1912/1836 1623/1911/1835 1628/1913/1837
f 1428/1912/1836 1628/1913/1837 1427/1914/1838
f 1427/1914/1838 1628/1913/1837 1627/1915/1839
f 1427/1914/1838 1627/1915/1839 1426/1916/1840
f 1426/1916/1840 1627/1915/1839 1675/1917/1841
f 1426/1916/1840 1675/1917/1841 1425/1918/1842
f 1425/1918/1842 1675/1917/1841 1678/1919/1843
f 1425/1918/1842 1678/1919/1843 1424/1920/1844
f 1424/1920/1844 1678/1919/1843 1677/1921/1845
f 1424/1920/1844 1677/1921/1845 1423/1769/1696
f 1423/1769/1696 1677/1921/1845 1680/1767/1694
f 1653/1905/1829 1344/1904/1828 1658/1922/1846
f 1658/1922/1846 1344/1904/1828 1345/1923/1847
f 1658/1922/1846 1345/1923/1847 1346/1924/1848
f 1658/1922/1846 1346/1924/1848 1488/1925/1849
f 1488/1925/1849 1346/1924/1848 1347/1926/1850
f 1488/1925/1849 1347/1926/1850 1348/1927/1851
f 1348/1927/1851 1349/1928/1852 1488/1925/1849
f 1488/1925/1849 1349/1928/1852 1484/1929/1853
f 1488/1925/1849 1484/1929/1853 1485/1930/1854
f 1485/1930/1854 1484/1929/1853 1499/1931/1855
f 1485/1930/1854 1499/1931/1855 1498/1932/1856
f 1498/1932/1856 1499/1931/1855 1497/1933/1857
f 1498/1932/1856 1497/1933/1857 1404/1934/1858
f 1404/1934/1858 1497/1933/1857 1403/1935/1859
f 1403/1935/1859 1497/1933/1857 1514/1936/1860
f 1403/1935/1859 1514/1936/1860 1402/1937/1861
f 1402/1937/1861 1514/1936/1860 1663/1938/1862
f 1402/1937/1861 1663/1938/1862 1401/1939/1863
f 1401/1939/1863 1663/1938/1862 1665/1940/1864
f 1401/1939/1863 1665/1940/1864 1469/1941/1865
f 1469/1941/1865 1665/1940/1864 1664/1882/1806
f 1469/1941/1865 1664/1882/1806 1666/1884/1808
f 1484/1929/1853 1349/1928/1852 1483/1942/1866
f 1483/1942/1866 1349/1928/1852 1350/1943/1867
f 1483/1942/1866 1350/1943/1867 1351/1944/1868
f 1483/1942/1866 1351/1944/1868 1482/1945/1869
f 1482/1945/1869 1351/1944/1868 1352/1946/1870
f 1482/1945/1869 1352/1946/1870 1353/1947/1871
f 1482/1945/1869 1353/1947/1871 1481/1870/1794
f 1481/1870/1794 1353/1947/1871 1354/1948/1872
f 1481/1870/1794 1354/1948/1872 1355/1949/1873
f 1355/1949/1873 1356/1868/1792 1481/1870/1794
f 1381/1950/1874 1358/1951/1875 1510/1952/1876
f 1510/1952/1876 1358/1951/1875 1359/1953/1877
f 1510/1952/1876 1359/1953/1877 1511/1875/1799
f 1511/1875/1799 1359/1953/1877 1360/1877/1801
f 1667/1886/1810 1366/1888/1812 1669/1954/1878
f 1669/1954/1878 1366/1888/1812 1367/1955/1879
f 1669/1954/1878 1367/1955/1879 1673/1956/1880
f 1673/1956/1880 1367/1955/1879 1672/1957/1881
f 1673/1956/1880 1672/1957/1881 1542/1958/1882
f 1542/1958/1882 1672/1957/1881 1543/1959/1883
f 1542/1958/1882 1543/1959/1883 1539/1960/1884
f 1539/1960/1884 1543/1959/1883 1538/1961/1885
f 1539/1960/1884 1538/1961/1885 1557/1962/1886
f 1557/1962/1886 1538/1961/1885 1556/1963/1887
f 1557/1962/1886 1556/1963/1887 1685/1964/1888
f 1685/1964/1888 1556/1963/1887 1686/1965/1889
f 1685/1964/1888 1686/1965/1889 1458/1966/1890
f 1458/1966/1890 1686/1965/1889 1457/1967/1891
f 1458/1968/1890 1457/1969/1891 1581/1970/1892
f 1581/1970/1892 1457/1969/1891 1582/1971/1893
f 1581/1970/1892 1582/1971/1893 1578/1972/1894
f 1578/1972/1894 1582/1971/1893 1577/1973/1895
f 1578/1972/1894 1577/1973/1895 1591/1974/1896
f 1591/1974/1896 1577/1973/1895 1590/1975/1897
f 1591/1974/1896 1590/1975/1897 1600/1976/1898
f 1600/1976/1898 1590/1975/1897 1599/1763/1690
f 1600/1976/1898 1599/1763/1690 1681/1765/1692
f 1367/1955/1879 1368/1977/1899 1672/1957/1881
f 1672/1957/1881 1368/1977/1899 1671/1978/1900
f 1672/1957/1881 1671/1978/1900 1543/1959/1883
f 1543/1959/1883 1671/1978/1900 1544/1979/1901
f 1543/1959/1883 1544/1979/1901 1538/1961/1885
f 1538/1961/1885 1544/1979/1901 1537/1980/1902
f 1538/1961/1885 1537/1980/1902 1556/1963/1887
f 1556/1963/1887 1537/1980/1902 1555/1804/1731
f 1556/1963/1887 1555/1804/1731 1686/1965/1889
f 1686/1965/1889 1555/1804/1731 1687/1981/1903
f 1686/1965/1889 1687/1981/1903 1452/1982/1904
f 1452/1982/1904 1687/1981/1903 1451/1983/1905
f 1451/1983/1905 1687/1981/1903 1450/1806/1733
f 1450/1806/1733 1687/1981/1903 1555/1804/1731
f 1368/1977/1899 1369/1984/1906 1671/1978/1900
f 1671/1978/1900 1369/1984/1906 1370/1985/1907
f 1671/1978/1900 1370/1985/1907 1544/1979/1901
f 1544/1979/1901 1370/1985/1907 1545/1986/1908
f 1544/1979/1901 1545/1986/1908 1537/1980/1902
f 1537/1980/1902 1545/1986/1908 1536/1802/1729
f 1537/1980/1902 1536/1802/1729 1555/1804/1731
f 1371/1987/1909 1531/1988/1910 1370/1985/1907
f 1370/1985/1907 1531/1988/1910 1546/1800/1727
f 1370/1985/1907 1546/1800/1727 1545/1986/1908
f 1545/1986/1908 1546/1800/1727 1536/1802/1729
f 1371/1987/1909 1372/1989/1911 1531/1988/1910
f 1531/1988/1910 1372/1989/1911 1530/1798/1725
f 1531/1988/1910 1530/1798/1725 1546/1800/1727
f 1372/1989/1911 1373/1796/1723 1530/1798/1725
f 1378/1788/1715 1379/1781/1708 1516/1779/1706
f 1381/1950/1874 1518/1990/1912 1380/1782/1709
f 1380/1782/1709 1518/1990/1912 1519/1778/1705
f 1380/1782/1709 1519/1778/1705 1517/1780/1707
f 1383/1991/1913 1660/1992/1914 1382/1993/1915
f 1382/1993/1915 1660/1992/1914 1486/1994/1916
f 1382/1993/1915 1486/1994/1916 1405/1995/1917
f 1405/1995/1917 1486/1994/1916 1467/1996/1918
f 1405/1995/1917 1467/1996/1918 1404/1934/1858
f 1404/1934/1858 1467/1996/1918 1498/1932/1856
f 1660/1992/1914 1383/1991/1913 1465/1997/1919
f 1465/1997/1919 1383/1991/1913 1384/1998/1920
f 1465/1997/1919 1384/1998/1920 1646/1999/1921
f 1646/1999/1921 1384/1998/1920 1637/2000/1922
f 1646/1999/1921 1637/2000/1922 1636/2001/1923
f 1636/2001/1923 1637/2000/1922 1624/2002/1924
f 1636/2001/1923 1624/2002/1924 1623/1911/1835
f 1623/1911/1835 1624/2002/1924 1628/1913/1837
f 1384/1998/1920 1385/2003/1925 1637/2000/1922
f 1637/2000/1922 1385/2003/1925 1625/2004/1926
f 1637/2000/1922 1625/2004/1926 1624/2002/1924
f 1624/2002/1924 1625/2004/1926 1627/1915/1839
f 1624/2002/1924 1627/1915/1839 1628/1913/1837
f 1385/2003/1925 1386/2005/1927 1625/2004/1926
f 1625/2004/1926 1386/2005/1927 1626/2006/1928
f 1625/2004/1926 1626/2006/1928 1627/1915/1839
f 1627/1915/1839 1626/2006/1928 1675/1917/1841
f 1386/2005/1927 1387/2007/1929 1626/2006/1928
f 1626/2006/1928 1387/2007/1929 1674/2008/1930
f 1626/2006/1928 1674/2008/1930 1675/1917/1841
f 1675/1917/1841 1674/2008/1930 1678/1919/1843
f 1674/2008/1930 1387/2007/1929 1463/2009/1931
f 1463/2009/1931 1387/2007/1929 1388/2010/1932
f 1463/2009/1931 1388/2010/1932 1676/2011/1933
f 1676/2011/1933 1388/2010/1932 1389/2012/1934
f 1676/2011/1933 1389/2012/1934 1679/2013/1935
f 1679/2013/1935 1389/2012/1934 1390/2014/1936
f 1679/2013/1935 1390/2014/1936 1461/2015/1937
f 1461/2015/1937 1390/2014/1936 1391/2016/1938
f 1461/2015/1937 1391/2016/1938 1601/2017/1939
f 1601/2017/1939 1391/2016/1938 1592/2018/1940
f 1601/2017/1939 1592/2018/1940 1591/1974/1896
f 1591/1974/1896 1592/2018/1940 1578/1972/1894
f 1391/2016/1938 1392/2019/1941 1592/2018/1940
f 1592/2018/1940 1392/2019/1941 1579/2020/1942
f 1592/2018/1940 1579/2020/1942 1578/1972/1894
f 1578/1972/1894 1579/2020/1942 1581/1970/1892
f 1392/2019/1941 1393/2021/1943 1579/2020/1942
f 1579/2020/1942 1393/2021/1943 1580/2022/1944
f 1579/2020/1942 1580/2022/1944 1581/1970/1892
f 1581/1970/1892 1580/2022/1944 1458/1968/1890
f 1393/2021/1943 1394/2023/1945 1580/2022/1944
f 1580/2022/1944 1394/2023/1945 1459/2024/1946
f 1580/2022/1944 1459/2024/1946 1458/1968/1890
f 1458/1966/1890 1459/2025/1946 1685/1964/1888
f 1459/2025/1946 1394/2026/1945 1684/2027/1947
f 1684/2027/1947 1394/2026/1945 1395/2028/1948
f 1684/2027/1947 1395/2028/1948 1558/2029/1949
f 1558/2029/1949 1395/2028/1948 1396/2030/1950
f 1558/2029/1949 1396/2030/1950 1540/2031/1951
f 1540/2031/1951 1396/2030/1950 1397/2032/1952
f 1540/2031/1951 1397/2032/1952 1541/2033/1953
f 1541/2033/1953 1397/2032/1952 1471/2034/1954
f 1541/2033/1953 1471/2034/1954 1673/1956/1880
f 1673/1956/1880 1471/2034/1954 1669/1954/1878
f 1397/2032/1952 1398/2035/1955 1471/2034/1954
f 1471/2034/1954 1398/2035/1955 1670/2036/1956
f 1471/2034/1954 1670/2036/1956 1669/1954/1878
f 1669/1954/1878 1670/2036/1956 1667/1886/1810
f 1398/2035/1955 1399/2037/1957 1670/2036/1956
f 1670/2036/1956 1399/2037/1957 1668/2038/1958
f 1670/2036/1956 1668/2038/1958 1667/1886/1810
f 1667/1886/1810 1668/2038/1958 1666/1884/1808
f 1399/2037/1957 1400/2039/1959 1668/2038/1958
f 1668/2038/1958 1400/2039/1959 1469/1941/1865
f 1668/2038/1958 1469/1941/1865 1666/1884/1808
f 1400/2039/1959 1401/1939/1863 1469/1941/1865
f 1429/2040/1960 1406/2041/1961 1621/2042/1962
f 1621/2042/1962 1406/2041/1961 1407/2043/1963
f 1621/2042/1962 1407/2043/1963 1620/2044/1964
f 1620/2044/1964 1407/2043/1963 1408/2045/1965
f 1620/2044/1964 1408/2045/1965 1619/2046/1966
f 1619/2046/1966 1408/2045/1965 1614/2047/1967
f 1619/2046/1966 1614/2047/1967 1613/1734/1661
f 1613/1734/1661 1614/2047/1967 1409/2048/1968
f 1613/1734/1661 1409/2048/1968 1410/2049/1969
f 1408/2045/1965 1409/2048/1968 1614/2047/1967
f 1613/1734/1661 1410/2049/1969 1615/1736/1663
f 1615/1736/1663 1410/2049/1969 1411/2050/1970
f 1615/1736/1663 1411/2050/1970 1611/1738/1665
f 1611/1738/1665 1411/2050/1970 1412/2051/1971
f 1611/1738/1665 1412/2051/1971 1610/1740/1667
f 1610/1740/1667 1412/2051/1971 1413/2052/1972
f 1610/1740/1667 1413/2052/1972 1603/1742/1669
f 1603/1742/1669 1413/2052/1972 1414/2053/1973
f 1603/1742/1669 1414/2053/1973 1415/2054/1974
f 1416/2055/1975 1604/2056/1976 1415/2054/1974
f 1415/2054/1974 1604/2056/1976 1606/1744/1671
f 1415/2054/1974 1606/1744/1671 1603/1742/1669
f 1417/2057/1977 1608/2058/1978 1416/2055/1975
f 1416/2055/1975 1608/2058/1978 1605/2059/1979
f 1416/2055/1975 1605/2059/1979 1604/2056/1976
f 1604/2056/1976 1605/2059/1979 1689/1746/1673
f 1604/2056/1976 1689/1746/1673 1606/1744/1671
f 1608/2058/1978 1417/2057/1977 1605/2059/1979
f 1605/2059/1979 1417/2057/1977 1418/2060/1980
f 1605/2059/1979 1418/2060/1980 1597/2061/1981
f 1597/2061/1981 1418/2060/1980 1598/1762/1689
f 1597/2061/1981 1598/1762/1689 1588/1760/1687
f 1598/1762/1689 1418/2060/1980 1683/2062/1982
f 1683/2062/1982 1418/2060/1980 1419/2063/1983
f 1683/2062/1982 1419/2063/1983 1420/2064/1984
f 1683/2062/1982 1420/2064/1984 1682/1764/1691
f 1682/1764/1691 1420/2064/1984 1421/1766/1693
f 1428/1912/1836 1429/2040/1960 1622/1910/1834
f 1622/1910/1834 1429/2040/1960 1621/2042/1962
f 1622/1910/1834 1621/2042/1962 1634/1908/1832
f 1634/1908/1832 1621/2042/1962 1633/2065/1985
f 1634/1908/1832 1633/2065/1985 1643/1906/1830
f 1643/1906/1830 1633/2065/1985 1642/2066/1986
f 1643/1906/1830 1642/2066/1986 1654/1901/1825
f 1654/1901/1825 1642/2066/1986 1648/1898/1822
f 1453/2067/1987 1430/2068/1988 1457/1967/1891
f 1457/1969/1891 1430/2069/1988 1431/2070/1989
f 1457/1969/1891 1431/2070/1989 1582/1971/1893
f 1582/1971/1893 1431/2070/1989 1432/2071/1990
f 1582/1971/1893 1432/2071/1990 1583/2072/1991
f 1583/2072/1991 1432/2071/1990 1433/2073/1992
f 1583/2072/1991 1433/2073/1992 1434/2074/1993
f 1434/2074/1993 1435/2075/1994 1583/2072/1991
f 1583/2072/1991 1435/2075/1994 1576/2076/1995
f 1583/2072/1991 1576/2076/1995 1577/1973/1895
f 1577/1973/1895 1576/2076/1995 1590/1975/1897
f 1576/2076/1995 1435/2075/1994 1575/1759/1686
f 1575/1759/1686 1435/2075/1994 1436/2077/1996
f 1575/1759/1686 1436/2077/1996 1437/1758/1685
f 1440/1755/1682 1441/2078/1997 1569/1753/1680
f 1569/1753/1680 1441/2078/1997 1456/2079/1998
f 1569/1753/1680 1456/2079/1998 1455/1843/1769
f 1455/1842/1769 1456/2080/1998 1560/1839/1766
f 1455/1842/1769 1560/1839/1766 1559/1837/1764
f 1441/2078/1997 1442/2081/1999 1456/2079/1998
f 1456/2080/1998 1442/2082/1999 1443/2083/2000
f 1456/2080/1998 1443/2083/2000 1561/1828/1755
f 1561/1828/1755 1443/2083/2000 1444/1830/1757
f 1445/1831/1758 1446/2084/2001 1562/1829/1756
f 1562/1829/1756 1446/2084/2001 1563/1827/1754
f 1446/2084/2001 1447/1820/1747 1563/1827/1754
f 1563/1827/1754 1447/1820/1747 1553/1819/1746
f 1448/1821/1748 1449/1805/1732 1554/1803/1730
f 1452/1982/1904 1453/2067/1987 1686/1965/1889
f 1686/1965/1889 1453/2067/1987 1457/1967/1891
f 1568/1845/1770 1454/1844/1768 1567/1847/1771
f 1561/1828/1755 1560/1839/1766 1456/2080/1998
f 1685/1964/1888 1459/2025/1946 1684/2027/1947
f 1381/1950/1874 1510/1952/1876 1509/2085/2002
f 1509/2085/2002 1510/1952/1876 1492/2086/2003
f 1509/2085/2002 1492/2086/2003 1491/2087/2004
f 1491/2087/2004 1492/2086/2003 1504/2088/2005
f 1491/2087/2004 1504/2088/2005 1505/2089/2006
f 1505/2089/2006 1504/2088/2005 1479/2090/2007
f 1505/2089/2006 1479/2090/2007 1468/1770/1697
f 1468/1770/1697 1479/2090/2007 1473/1720/1647
f 1505/2089/2006 1468/1770/1697 1506/1772/1699
f 1477/1891/1815 1478/1722/1649 1474/2091/2008
f 1474/2091/2008 1478/1722/1649 1473/1720/1647
f 1474/2091/2008 1473/1720/1647 1479/2090/2007
f 1476/1864/1788 1477/1891/1815 1475/1866/1790
f 1475/1866/1790 1477/1891/1815 1474/2091/2008
f 1475/1866/1790 1474/2091/2008 1480/1869/1793
f 1480/1869/1793 1474/2091/2008 1479/2090/2007
f 1480/1869/1793 1479/2090/2007 1504/2088/2005
f 1503/1871/1795 1480/1869/1793 1504/2088/2005
f 1481/1870/1794 1502/1872/1796 1482/1945/1869
f 1482/1945/1869 1502/1872/1796 1501/2092/2009
f 1482/1945/1869 1501/2092/2009 1483/1942/1866
f 1483/1942/1866 1501/2092/2009 1500/2093/2010
f 1483/1942/1866 1500/2093/2010 1484/1929/1853
f 1484/1929/1853 1500/2093/2010 1499/1931/1855
f 1485/1930/1854 1467/1996/1918 1487/2094/2011
f 1487/2094/2011 1467/1996/1918 1486/1994/1916
f 1487/2094/2011 1486/1994/1916 1659/2095/2012
f 1659/2095/2012 1486/1994/1916 1660/1992/1914
f 1659/2095/2012 1660/1992/1914 1652/2096/2013
f 1652/2096/2013 1660/1992/1914 1465/1997/1919
f 1652/2096/2013 1465/1997/1919 1645/2097/2014
f 1645/2097/2014 1465/1997/1919 1646/1999/1921
f 1645/2097/2014 1646/1999/1921 1636/2001/1923
f 1485/1930/1854 1498/1932/1856 1467/1996/1918
f 1658/1922/1846 1488/1925/1849 1487/2094/2011
f 1487/2094/2011 1488/1925/1849 1485/1930/1854
f 1658/1922/1846 1487/2094/2011 1659/2095/2012
f 1505/2089/2006 1506/1772/1699 1490/1774/1701
f 1505/2089/2006 1490/1774/1701 1491/2087/2004
f 1491/2087/2004 1490/1774/1701 1508/1776/1703
f 1491/2087/2004 1508/1776/1703 1509/2085/2002
f 1509/2085/2002 1508/1776/1703 1519/1778/1705
f 1509/2085/2002 1519/1778/1705 1518/1990/1912
f 1503/1871/1795 1504/2088/2005 1492/2086/2003
f 1503/1871/1795 1492/2086/2003 1493/1873/1797
f 1493/1873/1797 1492/2086/2003 1510/1952/1876
f 1493/1873/1797 1510/1952/1876 1511/1875/1799
f 1501/2092/2009 1502/1872/1796 1494/1874/1798
f 1500/2093/2010 1501/2092/2009 1495/2098/2015
f 1495/2098/2015 1501/2092/2009 1494/1874/1798
f 1495/2098/2015 1494/1874/1798 1512/1876/1800
f 1499/1931/1855 1500/2093/2010 1496/2099/2016
f 1496/2099/2016 1500/2093/2010 1495/2098/2015
f 1496/2099/2016 1495/2098/2015 1513/2100/2017
f 1513/2100/2017 1495/2098/2015 1512/1876/1800
f 1513/2100/2017 1512/1876/1800 1662/1880/1804
f 1662/1880/1804 1512/1876/1800 1661/1878/1802
f 1514/1936/1860 1497/1933/1857 1496/2099/2016
f 1496/2099/2016 1497/1933/1857 1499/1931/1855
f 1514/1936/1860 1496/2099/2016 1513/2100/2017
f 1518/1990/1912 1381/1950/1874 1509/2085/2002
f 1663/1938/1862 1514/1936/1860 1513/2100/2017
f 1663/1938/1862 1513/2100/2017 1662/1880/1804
f 1526/1790/1717 1523/1787/1714 1522/1809/1736
f 1522/1809/1736 1523/1787/1714 1515/1786/1713
f 1549/1823/1750 1532/1832/1759 1533/1824/1751
f 1533/1824/1751 1532/1832/1759 1551/2101/2018
f 1533/1824/1751 1551/2101/2018 1552/1825/1752
f 1552/1825/1752 1551/2101/2018 1565/1838/1765
f 1552/1825/1752 1565/1838/1765 1564/1826/1753
f 1539/1960/1884 1540/2031/1951 1542/1958/1882
f 1542/1958/1882 1540/2031/1951 1541/2033/1953
f 1542/1958/1882 1541/2033/1953 1673/1956/1880
f 1540/2031/1951 1539/1960/1884 1558/2029/1949
f 1558/2029/1949 1539/1960/1884 1557/1962/1886
f 1558/2029/1949 1557/1962/1886 1684/2027/1947
f 1684/2027/1947 1557/1962/1886 1685/1964/1888
f 1532/1832/1759 1550/1834/1761 1551/2101/2018
f 1551/2101/2018 1550/1834/1761 1566/1836/1763
f 1551/2101/2018 1566/1836/1763 1565/1838/1765
f 1568/1845/1770 1567/1847/1771 1572/2102/2019
f 1572/2102/2019 1567/1847/1771 1571/1849/1773
f 1572/2102/2019 1571/1849/1773 1585/2103/2020
f 1585/2103/2020 1571/1849/1773 1584/1851/1775
f 1585/2103/2020 1584/1851/1775 1594/1855/1779
f 1594/1855/1779 1584/1851/1775 1593/1853/1777
f 1586/1749/1676 1573/1751/1678 1572/2102/2019
f 1572/2102/2019 1573/1751/1678 1568/1845/1770
f 1586/1749/1676 1572/2102/2019 1585/2103/2020
f 1588/1760/1687 1574/1752/1679 1587/1750/1677
f 1582/1971/1893 1583/2072/1991 1577/1973/1895
f 1590/1975/1897 1576/2076/1995 1589/1761/1688
f 1589/1761/1688 1576/2076/1995 1575/1759/1686
f 1595/1747/1674 1586/1749/1676 1585/2103/2020
f 1595/1747/1674 1585/2103/2020 1594/1855/1779
f 1597/2061/1981 1588/1760/1687 1587/1750/1677
f 1597/2061/1981 1587/1750/1677 1596/1748/1675
f 1599/1763/1690 1590/1975/1897 1589/1761/1688
f 1601/2017/1939 1591/1974/1896 1600/1976/1898
f 1605/2059/1979 1597/2061/1981 1596/1748/1675
f 1605/2059/1979 1596/1748/1675 1689/1746/1673
f 1683/2062/1982 1682/1764/1691 1598/1762/1689
f 1461/2015/1937 1601/2017/1939 1600/1976/1898
f 1461/2015/1937 1600/1976/1898 1681/1765/1692
f 1619/2046/1966 1613/1734/1661 1618/1732/1659
f 1619/2046/1966 1618/1732/1659 1631/2104/2021
f 1631/2104/2021 1618/1732/1659 1630/1730/1657
f 1631/2104/2021 1630/1730/1657 1640/2105/2022
f 1640/2105/2022 1630/1730/1657 1639/1728/1655
f 1640/2105/2022 1639/1728/1655 1656/2106/2023
f 1656/2106/2023 1639/1728/1655 1657/1726/1653
f 1656/2106/2023 1657/1726/1653 1650/1892/1816
f 1650/1892/1816 1657/1726/1653 1651/1724/1651
f 1633/2065/1985 1621/2042/1962 1620/2044/1964
f 1620/2044/1964 1619/2046/1966 1632/2107/2024
f 1632/2107/2024 1619/2046/1966 1631/2104/2021
f 1632/2107/2024 1631/2104/2021 1641/2108/2025
f 1641/2108/2025 1631/2104/2021 1640/2105/2022
f 1641/2108/2025 1640/2105/2022 1655/1896/1820
f 1655/1896/1820 1640/2105/2022 1656/2106/2023
f 1655/1896/1820 1656/2106/2023 1649/1890/1814
f 1649/1890/1814 1656/2106/2023 1650/1892/1816
f 1636/2001/1923 1623/1911/1835 1635/1909/1833
f 1642/2066/1986 1633/2065/1985 1632/2107/2024
f 1632/2107/2024 1633/2065/1985 1620/2044/1964
f 1642/2066/1986 1632/2107/2024 1641/2108/2025
f 1645/2097/2014 1636/2001/1923 1635/1909/1833
f 1645/2097/2014 1635/1909/1833 1644/1907/1831
f 1648/1898/1822 1642/2066/1986 1641/2108/2025
f 1648/1898/1822 1641/2108/2025 1655/1896/1820
f 1652/2096/2013 1645/2097/2014 1644/1907/1831
f 1652/2096/2013 1644/1907/1831 1653/1905/1829
f 1655/1896/1820 1649/1890/1814 1647/1893/1817
f 1658/1922/1846 1659/2095/2012 1653/1905/1829
f 1653/1905/1829 1659/2095/2012 1652/2096/2013
f 1665/1940/1864 1663/1938/1862 1662/1880/1804
f 1664/1882/1806 1665/1940/1864 1662/1880/1804
f 1676/2011/1933 1677/1921/1845 1463/2009/1931
f 1463/2009/1931 1677/1921/1845 1678/1919/1843
f 1463/2009/1931 1678/1919/1843 1674/2008/1930
f 1677/1921/1845 1676/2011/1933 1680/1767/1694
f 1680/1767/1694 1676/2011/1933 1679/2013/1935
f 1680/1767/1694 1679/2013/1935 1681/1765/1692
f 1681/1765/1692 1679/2013/1935 1461/2015/1937
f 1691/2109/2026 1715/2110/2027 1690/2111/2028
f 1690/2111/2028 1715/2110/2027 1716/2112/2029
f 1690/2111/2028 1716/2112/2029 1713/2113/2030
f 1713/2113/2030 1716/2112/2029 1712/2114/2031
f 1712/2114/2031 1716/2112/2029 1717/2115/2032
f 1712/2114/2031 1717/2115/2032 1711/2116/2033
f 1711/2116/2033 1717/2115/2032 1710/2117/2034
f 1710/2117/2034 1717/2115/2032 1721/2118/2035
f 1710/2117/2034 1721/2118/2035 1709/2119/2036
f 1709/2119/2036 1721/2118/2035 1708/2120/2037
f 1708/2120/2037 1721/2118/2035 1725/2121/2038
f 1708/2120/2037 1725/2121/2038 1707/2122/2039
f 1707/2122/2039 1725/2121/2038 1706/2123/2040
f 1706/2123/2040 1725/2121/2038 1729/2124/2041
f 1706/2123/2040 1729/2124/2041 1705/2125/2042
f 1705/2125/2042 1729/2124/2041 1704/2126/2043
f 1704/2126/2043 1729/2124/2041 1728/2127/2044
f 1704/2126/2043 1728/2127/2044 1703/2128/2045
f 1703/2128/2045 1728/2127/2044 1702/2129/2046
f 1702/2129/2046 1728/2127/2044 1727/2130/2047
f 1702/2129/2046 1727/2130/2047 1701/2131/2048
f 1701/2131/2048 1727/2130/2047 1700/2132/2049
f 1700/2132/2049 1727/2130/2047 1726/2133/2050
f 1700/2132/2049 1726/2133/2050 1699/2134/2051
f 1699/2134/2051 1726/2133/2050 1698/2135/2052
f 1698/2135/2052 1726/2133/2050 1722/2136/2053
f 1698/2135/2052 1722/2136/2053 1697/2137/2054
f 1697/2137/2054 1722/2136/2053 1696/2138/2055
f 1696/2138/2055 1722/2136/2053 1718/2139/2056
f 1696/2138/2055 1718/2139/2056 1695/2140/2057
f 1695/2140/2057 1718/2139/2056 1694/2141/2058
f 1694/2141/2058 1718/2139/2056 1714/2142/2059
f 1694/2141/2058 1714/2142/2059 1693/2143/2060
f 1693/2143/2060 1714/2142/2059 1692/2144/2061
f 1692/2144/2061 1714/2142/2059 1715/2110/2027
f 1692/2144/2061 1715/2110/2027 1691/2109/2026
f 1715/2110/2027 1714/2142/2059 1719/2145/2062
f 1719/2145/2062 1714/2142/2059 1718/2139/2056
f 1719/2145/2062 1718/2139/2056 1723/2146/2063
f 1723/2146/2063 1718/2139/2056 1722/2136/2053
f 1723/2146/2063 1722/2136/2053 1727/2130/2047
f 1727/2130/2047 1722/2136/2053 1726/2133/2050
f 1721/2118/2035 1717/2115/2032 1716/2112/2029
f 1716/2112/2029 1715/2110/2027 1720/2147/2064
f 1720/2147/2064 1715/2110/2027 1719/2145/2062
f 1720/2147/2064 1719/2145/2062 1724/2148/2065
f 1724/2148/2065 1719/2145/2062 1723/2146/2063
f 1724/2148/2065 1723/2146/2063 1728/2127/2044
f 1728/2127/2044 1723/2146/2063 1727/2130/2047
f 1725/2121/2038 1721/2118/2035 1720/2147/2064
f 1720/2147/2064 1721/2118/2035 1716/2112/2029
f 1725/2121/2038 1720/2147/2064 1724/2148/2065
f 1729/2124/2041 1725/2121/2038 1724/2148/2065
f 1729/2124/2041 1724/2148/2065 1728/2127/2044
f 1731/2149/2066 1755/2150/2067 1730/2151/2068
f 1730/2151/2068 1755/2150/2067 1756/2152/2069
f 1730/2151/2068 1756/2152/2069 1753/2153/2070
f 1753/2153/2070 1756/2152/2069 1752/2154/2071
f 1752/2154/2071 1756/2152/2069 1757/2155/2072
f 1752/2154/2071 1757/2155/2072 1751/2156/2073
f 1751/2156/2073 1757/2155/2072 1750/2157/2074
f 1750/2157/2074 1757/2155/2072 1761/2158/2075
f 1750/2157/2074 1761/2158/2075 1749/2159/2076
f 1749/2159/2076 1761/2158/2075 1748/2160/2077
f 1748/2160/2077 1761/2158/2075 1765/2161/2078
f 1748/2160/2077 1765/2161/2078 1747/2162/2079
f 1747/2162/2079 1765/2161/2078 1746/2163/2080
f 1746/2163/2080 1765/2161/2078 1769/2164/2081
f 1746/2163/2080 1769/2164/2081 1745/2165/2082
f 1745/2165/2082 1769/2164/2081 1744/2166/2083
f 1744/2166/2083 1769/2164/2081 1768/2167/2084
f 1744/2166/2083 1768/2167/2084 1743/2168/2085
f 1743/2168/2085 1768/2167/2084 1742/2169/2086
f 1742/2169/2086 1768/2167/2084 1767/2170/2087
f 1742/2169/2086 1767/2170/2087 1741/2171/2088
f 1741/2171/2088 1767/2170/2087 1740/2172/2089
f 1740/2172/2089 1767/2170/2087 1766/2173/2090
f 1740/2172/2089 1766/2173/2090 1739/2174/2091
f 1739/2174/2091 1766/2173/2090 1738/2175/2092
f 1738/2175/2092 1766/2173/2090 1762/2176/2093
f 1738/2175/2092 1762/2176/2093 1737/2177/2094
f 1737/2177/2094 1762/2176/2093 1736/2178/2095
f 1736/2178/2095 1762/2176/2093 1758/2179/2096
f 1736/2178/2095 1758/2179/2096 1735/2180/2097
f 1735/2180/2097 1758/2179/2096 1734/2181/2098
f 1734/2181/2098 1758/2179/2096 1754/2182/2099
f 1734/2181/2098 1754/2182/2099 1733/2183/2100
f 1733/2183/2100 1754/2182/2099 1732/2184/2101
f 1732/2184/2101 1754/2182/2099 1755/2150/2067
f 1732/2184/2101 1755/2150/2067 1731/2149/2066
f 1755/2150/2067 1754/2182/2099 1759/2185/2102
f 1759/2185/2102 1754/2182/2099 1758/2179/2096
f 1759/2185/2102 1758/2179/2096 1763/2186/2103
f 1763/2186/2103 1758/2179/2096 1762/2176/2093
f 1763/2186/2103 1762/2176/2093 1767/2170/2087
f 1767/2170/2087 1762/2176/2093 1766/2173/2090
f 1761/2158/2075 1757/2155/2072 1756/2152/2069
f 1756/2152/2069 1755/2150/2067 1760/2187/2104
f 1760/2187/2104 1755/2150/2067 1759/2185/2102
f 1760/2187/2104 1759/2185/2102 1764/2188/2105
f 1764/2188/2105 1759/2185/2102 1763/2186/2103
f 1764/2188/2105 1763/2186/2103 1768/2167/2084
f 1768/2167/2084 1763/2186/2103 1767/2170/2087
f 1765/2161/2078 1761/2158/2075 1760/2187/2104
f 1760/2187/2104 1761/2158/2075 1756/2152/2069
f 1765/2161/2078 1760/2187/2104 1764/2188/2105
f 1769/2164/2081 1765/2161/2078 1764/2188/2105
f 1769/2164/2081 1764/2188/2105 1768/2167/2084
f 1829/2189/2106 1770/2190/2107 1831/2191/2108
f 1831/2191/2108 1770/2190/2107 1771/2192/2109
f 1831/2191/2108 1771/2192/2109 1832/2193/2110
f 1832/2193/2110 1771/2192/2109 1772/2194/2111
f 1832/2193/2110 1772/2194/2111 1830/2195/2112
f 1830/2195/2112 1772/2194/2111 1773/2196/2113
f 1830/2195/2112 1773/2196/2113 1774/2197/2114
f 1774/2197/2114 1775/2198/2115 1830/2195/2112
f 1830/2199/2112 1775/2200/2115 1849/2201/2116
f 1830/2199/2112 1849/2201/2116 1831/2202/2108
f 1831/2202/2108 1849/2201/2116 1848/2203/2117
f 1831/2202/2108 1848/2203/2117 1829/2204/2106
f 1829/2204/2106 1848/2203/2117 1828/2205/2118
f 1828/2205/2118 1848/2203/2117 1852/2206/2119
f 1828/2205/2118 1852/2206/2119 1854/2207/2120
f 1854/2207/2120 1852/2206/2119 1851/2208/2121
f 1854/2207/2120 1851/2208/2121 1853/2209/2122
f 1853/2209/2122 1851/2208/2121 1778/2210/2123
f 1853/2209/2122 1778/2210/2123 1779/2211/2124
f 1775/2200/2115 1776/2212/2125 1849/2201/2116
f 1849/2201/2116 1776/2212/2125 1850/2213/2126
f 1849/2201/2116 1850/2213/2126 1848/2203/2117
f 1848/2203/2117 1850/2213/2126 1852/2206/2119
f 1776/2212/2125 1777/2214/2127 1850/2213/2126
f 1850/2213/2126 1777/2214/2127 1851/2208/2121
f 1850/2213/2126 1851/2208/2121 1852/2206/2119
f 1777/2214/2127 1778/2210/2123 1851/2208/2121
f 1780/2215/2128 1857/2216/2129 1779/2211/2124
f 1779/2211/2124 1857/2216/2129 1856/2217/2130
f 1779/2211/2124 1856/2217/2130 1853/2209/2122
f 1853/2209/2122 1856/2217/2130 1855/2218/2131
f 1853/2209/2122 1855/2218/2131 1854/2207/2120
f 1854/2207/2120 1855/2218/2131 1827/2219/2132
f 1854/2207/2120 1827/2219/2132 1828/2205/2118
f 1857/2216/2129 1780/2215/2128 1859/2220/2133
f 1859/2220/2133 1780/2215/2128 1781/2221/2134
f 1859/2220/2133 1781/2221/2134 1860/2222/2135
f 1860/2222/2135 1781/2221/2134 1782/2223/2136
f 1860/2222/2135 1782/2223/2136 1862/2224/2137
f 1862/2224/2137 1782/2223/2136 1783/2225/2138
f 1862/2224/2137 1783/2225/2138 1865/2226/2139
f 1865/2226/2139 1783/2225/2138 1866/2227/2140
f 1865/2226/2139 1866/2227/2140 1867/2228/2141
f 1867/2228/2141 1866/2227/2140 1846/2229/2142
f 1867/2228/2141 1846/2229/2142 1823/2230/2143
f 1823/2230/2143 1846/2229/2142 1822/2231/2144
f 1822/2231/2144 1846/2229/2142 1870/2232/2145
f 1822/2231/2144 1870/2232/2145 1872/2233/2146
f 1872/2233/2146 1870/2232/2145 1869/2234/2147
f 1872/2233/2146 1869/2234/2147 1871/2235/2148
f 1871/2235/2148 1869/2234/2147 1786/2236/2149
f 1871/2235/2148 1786/2236/2149 1787/2237/2150
f 1783/2225/2138 1784/2238/2151 1866/2227/2140
f 1866/2227/2140 1784/2238/2151 1868/2239/2152
f 1866/2227/2140 1868/2239/2152 1846/2229/2142
f 1846/2229/2142 1868/2239/2152 1870/2232/2145
f 1784/2238/2151 1785/2240/2153 1868/2239/2152
f 1868/2239/2152 1785/2240/2153 1869/2234/2147
f 1868/2239/2152 1869/2234/2147 1870/2232/2145
f 1785/2240/2153 1786/2236/2149 1869/2234/2147
f 1788/2241/2154 1875/2242/2155 1787/2237/2150
f 1787/2237/2150 1875/2242/2155 1874/2243/2156
f 1787/2237/2150 1874/2243/2156 1871/2235/2148
f 1871/2235/2148 1874/2243/2156 1873/2244/2157
f 1871/2235/2148 1873/2244/2157 1872/2233/2146
f 1872/2233/2146 1873/2244/2157 1821/2245/2158
f 1872/2233/2146 1821/2245/2158 1822/2231/2144
f 1875/2242/2155 1788/2241/2154 1877/2246/2159
f 1877/2246/2159 1788/2241/2154 1789/2247/2160
f 1877/2246/2159 1789/2247/2160 1878/2248/2161
f 1878/2248/2161 1789/2247/2160 1790/2249/2162
f 1878/2248/2161 1790/2249/2162 1880/2250/2163
f 1880/2250/2163 1790/2249/2162 1791/2251/2164
f 1880/2250/2163 1791/2251/2164 1883/2252/2165
f 1883/2252/2165 1791/2251/2164 1843/2253/2166
f 1883/2252/2165 1843/2253/2166 1882/2254/2167
f 1882/2254/2167 1843/2253/2166 1844/2255/2168
f 1882/2254/2167 1844/2255/2168 1818/2256/2169
f 1818/2256/2169 1844/2255/2168 1817/2257/2170
f 1817/2257/2170 1844/2255/2168 1842/2258/2171
f 1817/2257/2170 1842/2258/2171 1816/2259/2172
f 1816/2259/2172 1842/2258/2171 1886/2260/2173
f 1816/2259/2172 1886/2260/2173 1888/2261/2174
f 1888/2261/2174 1886/2260/2173 1885/2262/2175
f 1888/2261/2174 1885/2262/2175 1887/2263/2176
f 1887/2263/2176 1885/2262/2175 1794/2264/2177
f 1887/2263/2176 1794/2264/2177 1795/2265/2178
f 1791/2251/2164 1792/2266/2179 1843/2253/2166
f 1843/2253/2166 1792/2266/2179 1884/2267/2180
f 1843/2253/2166 1884/2267/2180 1842/2258/2171
f 1842/2258/2171 1884/2267/2180 1886/2260/2173
f 1792/2266/2179 1793/2268/2181 1884/2267/2180
f 1884/2267/2180 1793/2268/2181 1885/2262/2175
f 1884/2267/2180 1885/2262/2175 1886/2260/2173
f 1793/2268/2181 1794/2264/2177 1885/2262/2175
f 1796/2269/2182 1840/2270/2183 1795/2265/2178
f 1795/2265/2178 1840/2270/2183 1890/2271/2184
f 1795/2265/2178 1890/2271/2184 1887/2263/2176
f 1887/2263/2176 1890/2271/2184 1889/2272/2185
f 1887/2263/2176 1889/2272/2185 1888/2261/2174
f 1888/2261/2174 1889/2272/2185 1815/2273/2186
f 1888/2261/2174 1815/2273/2186 1816/2259/2172
f 1840/2270/2183 1796/2269/2182 1891/2274/2187
f 1891/2274/2187 1796/2269/2182 1797/2275/2188
f 1891/2274/2187 1797/2275/2188 1892/2276/2189
f 1892/2276/2189 1797/2275/2188 1798/2277/2190
f 1892/2276/2189 1798/2277/2190 1894/2278/2191
f 1894/2278/2191 1798/2277/2190 1799/2279/2192
f 1894/2278/2191 1799/2279/2192 1897/2280/2193
f 1897/2280/2193 1799/2279/2192 1837/2281/2194
f 1897/2280/2193 1837/2281/2194 1896/2282/2195
f 1896/2282/2195 1837/2281/2194 1838/2283/2196
f 1896/2282/2195 1838/2283/2196 1812/2284/2197
f 1812/2284/2197 1838/2283/2196 1811/2285/2198
f 1811/2285/2198 1838/2283/2196 1836/2286/2199
f 1811/2285/2198 1836/2286/2199 1810/2287/2200
f 1810/2287/2200 1836/2286/2199 1900/2288/2201
f 1810/2287/2200 1900/2288/2201 1902/2289/2202
f 1902/2289/2202 1900/2288/2201 1899/2290/2203
f 1902/2289/2202 1899/2290/2203 1901/2291/2204
f 1901/2291/2204 1899/2290/2203 1802/2292/2205
f 1901/2291/2204 1802/2292/2205 1803/2293/2206
f 1799/2279/2192 1800/2294/2207 1837/2281/2194
f 1837/2281/2194 1800/2294/2207 1898/2295/2208
f 1837/2281/2194 1898/2295/2208 1836/2286/2199
f 1836/2286/2199 1898/2295/2208 1900/2288/2201
f 1800/2294/2207 1801/2296/2209 1898/2295/2208
f 1898/2295/2208 1801/2296/2209 1899/2290/2203
f 1898/2295/2208 1899/2290/2203 1900/2288/2201
f 1801/2296/2209 1802/2292/2205 1899/2290/2203
f 1804/2297/2210 1834/2298/2211 1803/2293/2206
f 1803/2293/2206 1834/2298/2211 1904/2299/2212
f 1803/2293/2206 1904/2299/2212 1901/2291/2204
f 1901/2291/2204 1904/2299/2212 1903/2300/2213
f 1901/2291/2204 1903/2300/2213 1902/2289/2202
f 1902/2289/2202 1903/2300/2213 1809/2301/2214
f 1902/2289/2202 1809/2301/2214 1810/2287/2200
f 1834/2298/2211 1804/2297/2210 1905/2302/2215
f 1905/2302/2215 1804/2297/2210 1805/2303/2216
f 1905/2302/2215 1805/2303/2216 1906/2304/2217
f 1906/2304/2217 1805/2303/2216 1806/2305/2218
f 1906/2304/2217 1806/2305/2218 1908/2306/2219
f 1908/2306/2219 1806/2305/2218 1773/2196/2113
f 1908/2306/2219 1773/2196/2113 1772/2194/2111
f 1908/2306/2219 1772/2194/2111 1909/2307/2220
f 1909/2307/2220 1772/2194/2111 1771/2192/2109
f 1909/2307/2220 1771/2192/2109 1770/2190/2107
f 1770/2190/2107 1807/2308/2221 1909/2307/2220
f 1909/2307/2220 1807/2308/2221 1907/2309/2222
f 1909/2307/2220 1907/2309/2222 1906/2304/2217
f 1906/2304/2217 1907/2309/2222 1905/2302/2215
f 1907/2309/2222 1807/2308/2221 1833/2310/2223
f 1833/2310/2223 1807/2308/2221 1808/2311/2224
f 1833/2310/2223 1808/2311/2224 1835/2312/2225
f 1835/2312/2225 1808/2311/2224 1809/2301/2214
f 1835/2312/2225 1809/2301/2214 1903/2300/2213
f 1896/2282/2195 1812/2284/2197 1895/2313/2226
f 1895/2313/2226 1812/2284/2197 1813/2314/2227
f 1895/2313/2226 1813/2314/2227 1893/2315/2228
f 1893/2315/2228 1813/2314/2227 1839/2316/2229
f 1893/2315/2228 1839/2316/2229 1891/2274/2187
f 1891/2274/2187 1839/2316/2229 1840/2270/2183
f 1813/2314/2227 1814/2317/2230 1839/2316/2229
f 1839/2316/2229 1814/2317/2230 1841/2318/2231
f 1839/2316/2229 1841/2318/2231 1840/2270/2183
f 1840/2270/2183 1841/2318/2231 1889/2272/2185
f 1840/2270/2183 1889/2272/2185 1890/2271/2184
f 1814/2317/2230 1815/2273/2186 1841/2318/2231
f 1841/2318/2231 1815/2273/2186 1889/2272/2185
f 1882/2254/2167 1818/2256/2169 1881/2319/2232
f 1881/2319/2232 1818/2256/2169 1819/2320/2233
f 1881/2319/2232 1819/2320/2233 1879/2321/2234
f 1879/2321/2234 1819/2320/2233 1845/2322/2235
f 1879/2321/2234 1845/2322/2235 1877/2246/2159
f 1877/2246/2159 1845/2322/2235 1875/2242/2155
f 1819/2320/2233 1820/2323/2236 1845/2322/2235
f 1845/2322/2235 1820/2323/2236 1876/2324/2237
f 1845/2322/2235 1876/2324/2237 1875/2242/2155
f 1875/2242/2155 1876/2324/2237 1874/2243/2156
f 1820/2323/2236 1821/2245/2158 1876/2324/2237
f 1876/2324/2237 1821/2245/2158 1873/2244/2157
f 1876/2324/2237 1873/2244/2157 1874/2243/2156
f 1823/2230/2143 1824/2325/2238 1867/2228/2141
f 1867/2228/2141 1824/2325/2238 1864/2326/2239
f 1867/2228/2141 1864/2326/2239 1865/2226/2139
f 1865/2226/2139 1864/2326/2239 1862/2224/2137
f 1864/2326/2239 1824/2325/2238 1863/2327/2240
f 1863/2327/2240 1824/2325/2238 1825/2328/2241
f 1863/2327/2240 1825/2328/2241 1861/2329/2242
f 1861/2329/2242 1825/2328/2241 1847/2330/2243
f 1861/2329/2242 1847/2330/2243 1859/2220/2133
f 1859/2220/2133 1847/2330/2243 1857/2216/2129
f 1825/2328/2241 1826/2331/2244 1847/2330/2243
f 1847/2330/2243 1826/2331/2244 1858/2332/2245
f 1847/2330/2243 1858/2332/2245 1857/2216/2129
f 1857/2216/2129 1858/2332/2245 1856/2217/2130
f 1826/2331/2244 1827/2219/2132 1858/2332/2245
f 1858/2332/2245 1827/2219/2132 1855/2218/2131
f 1858/2332/2245 1855/2218/2131 1856/2217/2130
f 1831/2202/2108 1832/2333/2110 1830/2199/2112
f 1863/2327/2240 1861/2329/2242 1860/2222/2135
f 1860/2222/2135 1861/2329/2242 1859/2220/2133
f 1864/2326/2239 1863/2327/2240 1862/2224/2137
f 1862/2224/2137 1863/2327/2240 1860/2222/2135
f 1881/2319/2232 1879/2321/2234 1878/2248/2161
f 1878/2248/2161 1879/2321/2234 1877/2246/2159
f 1882/2254/2167 1881/2319/2232 1880/2250/2163
f 1880/2250/2163 1881/2319/2232 1878/2248/2161
f 1883/2252/2165 1882/2254/2167 1880/2250/2163
f 1842/2258/2171 1844/2255/2168 1843/2253/2166
f 1895/2313/2226 1893/2315/2228 1892/2276/2189
f 1892/2276/2189 1893/2315/2228 1891/2274/2187
f 1896/2282/2195 1895/2313/2226 1894/2278/2191
f 1894/2278/2191 1895/2313/2226 1892/2276/2189
f 1897/2280/2193 1896/2282/2195 1894/2278/2191
f 1836/2286/2199 1838/2283/2196 1837/2281/2194
f 1835/2312/2225 1903/2300/2213 1834/2298/2211
f 1834/2298/2211 1903/2300/2213 1904/2299/2212
f 1833/2310/2223 1835/2312/2225 1834/2298/2211
f 1907/2309/2222 1833/2310/2223 1905/2302/2215
f 1905/2302/2215 1833/2310/2223 1834/2298/2211
f 1908/2306/2219 1909/2307/2220 1906/2304/2217
f 1829/2334/2246 1934/2335/2247 1770/2336/2248
f 1770/2337/2248 1934/2338/2247 1941/2339/2249
f 1770/2337/2248 1941/2339/2249 1807/2340/2250
f 1807/2340/2250 1941/2339/2249 2026/2341/2251
f 1807/2340/2250 2026/2341/2251 1808/2342/2252
f 1808/2342/2252 2026/2341/2251 2022/2343/2253
f 1808/2342/2252 2022/2343/2253 1809/2344/2254
f 1809/2344/2254 2022/2343/2253 2018/2345/2255
f 1809/2344/2254 2018/2345/2255 1810/2346/2256
f 1810/2346/2256 2018/2345/2255 2014/2347/2257
f 1810/2346/2256 2014/2347/2257 1811/2348/2258
f 1811/2348/2258 2014/2347/2257 2010/2349/2259
f 1811/2348/2258 2010/2349/2259 1812/2350/2260
f 1812/2350/2260 2010/2349/2259 2006/2351/2261
f 1812/2350/2260 2006/2351/2261 1813/2352/2262
f 1813/2352/2262 2006/2351/2261 2002/2353/2263
f 1813/2352/2262 2002/2353/2263 1814/2354/2264
f 1814/2354/2264 2002/2353/2263 1998/2355/2265
f 1814/2354/2264 1998/2355/2265 1815/2356/2266
f 1815/2356/2266 1998/2355/2265 1994/2357/2267
f 1815/2356/2266 1994/2357/2267 1816/2358/2268
f 1816/2358/2268 1994/2357/2267 1990/2359/2269
f 1816/2358/2268 1990/2359/2269 1817/2360/2270
f 1817/2360/2270 1990/2359/2269 1986/2361/2271
f 1817/2360/2270 1986/2361/2271 1818/2362/2272
f 1818/2362/2272 1986/2361/2271 1982/2363/2273
f 1818/2362/2272 1982/2363/2273 1819/2364/2274
f 1819/2364/2274 1982/2363/2273 1978/2365/2275
f 1819/2364/2274 1978/2365/2275 1820/2366/2276
f 1820/2366/2276 1978/2365/2275 1974/2367/2277
f 1820/2366/2276 1974/2367/2277 1821/2368/2278
f 1821/2368/2278 1974/2367/2277 1970/2369/2279
f 1821/2368/2278 1970/2369/2279 1822/2370/2280
f 1822/2370/2280 1970/2369/2279 1966/2371/2281
f 1822/2370/2280 1966/2371/2281 1823/2372/2282
f 1823/2372/2282 1966/2371/2281 1962/2373/2283
f 1823/2372/2282 1962/2373/2283 1824/2374/2284
f 1824/2374/2284 1962/2373/2283 1958/2375/2285
f 1824/2374/2284 1958/2375/2285 1825/2376/2286
f 1825/2376/2286 1958/2375/2285 1954/2377/2287
f 1825/2376/2286 1954/2377/2287 1826/2378/2288
f 1826/2378/2288 1954/2377/2287 1950/2379/2289
f 1826/2378/2288 1950/2379/2289 1827/2380/2290
f 1827/2380/2290 1950/2379/2289 1942/2381/2291
f 1827/2380/2290 1942/2381/2291 1828/2382/2292
f 1828/2382/2292 1942/2381/2291 1949/2383/2293
f 1828/2382/2292 1949/2383/2293 1829/2334/2246
f 1829/2334/2246 1949/2383/2293 1934/2335/2247
f 1911/2384/2294 1937/2385/2295 1910/2386/2296
f 1910/2387/2296 1937/2388/2295 1946/2389/2297
f 1910/2387/2296 1946/2389/2297 1933/2390/2298
f 1933/2390/2298 1946/2389/2297 1945/2391/2299
f 1933/2390/2298 1945/2391/2299 1932/2392/2300
f 1932/2392/2300 1945/2391/2299 1953/2393/2301
f 1932/2392/2300 1953/2393/2301 1931/2394/2302
f 1931/2394/2302 1953/2393/2301 1957/2395/2303
f 1931/2394/2302 1957/2395/2303 1930/2396/2304
f 1930/2396/2304 1957/2395/2303 1961/2397/2305
f 1930/2396/2304 1961/2397/2305 1929/2398/2306
f 1929/2398/2306 1961/2397/2305 1965/2399/2307
f 1929/2398/2306 1965/2399/2307 1928/2400/2308
f 1928/2400/2308 1965/2399/2307 1969/2401/2309
f 1928/2400/2308 1969/2401/2309 1927/2402/2310
f 1927/2402/2310 1969/2401/2309 1973/2403/2311
f 1927/2402/2310 1973/2403/2311 1926/2404/2312
f 1926/2404/2312 1973/2403/2311 1977/2405/2313
f 1926/2404/2312 1977/2405/2313 1925/2406/2314
f 1925/2406/2314 1977/2405/2313 1981/2407/2315
f 1925/2406/2314 1981/2407/2315 1924/2408/2316
f 1924/2408/2316 1981/2407/2315 1985/2409/2317
f 1924/2408/2316 1985/2409/2317 1923/2410/2318
f 1923/2410/2318 1985/2409/2317 1989/2411/2319
f 1923/2410/2318 1989/2411/2319 1922/2412/2320
f 1922/2412/2320 1989/2411/2319 1993/2413/2321
f 1922/2412/2320 1993/2413/2321 1921/2414/2322
f 1921/2414/2322 1993/2413/2321 1997/2415/2323
f 1921/2414/2322 1997/2415/2323 1920/2416/2324
f 1920/2416/2324 1997/2415/2323 2001/2417/2325
f 1920/2416/2324 2001/2417/2325 1919/2418/2326
f 1919/2418/2326 2001/2417/2325 2005/2419/2327
f 1919/2418/2326 2005/2419/2327 1918/2420/2328
f 1918/2420/2328 2005/2419/2327 2009/2421/2329
f 1918/2420/2328 2009/2421/2329 1917/2422/2330
f 1917/2422/2330 2009/2421/2329 2013/2423/2331
f 1917/2422/2330 2013/2423/2331 1916/2424/2332
f 1916/2424/2332 2013/2423/2331 2017/2425/2333
f 1916/2424/2332 2017/2425/2333 1915/2426/2334
f 1915/2426/2334 2017/2425/2333 2021/2427/2335
f 1915/2426/2334 2021/2427/2335 1914/2428/2336
f 1914/2428/2336 2021/2427/2335 2025/2429/2337
f 1914/2428/2336 2025/2429/2337 1913/2430/2338
f 1913/2430/2338 2025/2429/2337 2029/2431/2339
f 1913/2430/2338 2029/2431/2339 1912/2432/2340
f 1912/2432/2340 2029/2431/2339 1938/2433/2341
f 1912/2432/2340 1938/2433/2341 1911/2384/2294
f 1911/2384/2294 1938/2433/2341 1937/2385/2295
f 1934/2338/2247 1935/2434/2342 1940/2435/2343
f 1940/2435/2343 1935/2434/2342 1939/2436/2344
f 1940/2435/2343 1939/2436/2344 2028/2437/2345
f 2028/2437/2345 1939/2436/2344 2029/2431/2339
f 2028/2437/2345 2029/2431/2339 2025/2429/2337
f 1935/2434/2342 1936/2438/2346 1939/2436/2344
f 1939/2436/2344 1936/2438/2346 1938/2433/2341
f 1939/2436/2344 1938/2433/2341 2029/2431/2339
f 1934/2335/2247 1949/2383/2293 1935/2439/2342
f 1935/2439/2342 1949/2383/2293 1948/2440/2347
f 1935/2439/2342 1948/2440/2347 1936/2441/2346
f 1936/2441/2346 1948/2440/2347 1947/2442/2348
f 1936/2441/2346 1947/2442/2348 1937/2388/2295
f 1937/2388/2295 1947/2442/2348 1946/2389/2297
f 1936/2438/2346 1937/2385/2295 1938/2433/2341
f 1948/2440/2347 1949/2383/2293 1942/2381/2291
f 1934/2338/2247 1940/2435/2343 1941/2339/2249
f 1941/2339/2249 1940/2435/2343 2027/2443/2349
f 1941/2339/2249 2027/2443/2349 2026/2341/2251
f 2026/2341/2251 2027/2443/2349 2023/2444/2350
f 2026/2341/2251 2023/2444/2350 2022/2343/2253
f 2022/2343/2253 2023/2444/2350 2019/2445/2351
f 2022/2343/2253 2019/2445/2351 2018/2345/2255
f 2018/2345/2255 2019/2445/2351 2015/2446/2352
f 2018/2345/2255 2015/2446/2352 2014/2347/2257
f 2014/2347/2257 2015/2446/2352 2011/2447/2353
f 2014/2347/2257 2011/2447/2353 2010/2349/2259
f 2010/2349/2259 2011/2447/2353 2007/2448/2354
f 2010/2349/2259 2007/2448/2354 2006/2351/2261
f 2006/2351/2261 2007/2448/2354 2003/2449/2355
f 2006/2351/2261 2003/2449/2355 2002/2353/2263
f 2002/2353/2263 2003/2449/2355 1999/2450/2356
f 2002/2353/2263 1999/2450/2356 1998/2355/2265
f 1998/2355/2265 1999/2450/2356 1995/2451/2357
f 1998/2355/2265 1995/2451/2357 1994/2357/2267
f 1994/2357/2267 1995/2451/2357 1991/2452/2358
f 1994/2357/2267 1991/2452/2358 1990/2359/2269
f 1990/2359/2269 1991/2452/2358 1987/2453/2359
f 1990/2359/2269 1987/2453/2359 1986/2361/2271
f 1986/2361/2271 1987/2453/2359 1983/2454/2360
f 1986/2361/2271 1983/2454/2360 1982/2363/2273
f 1982/2363/2273 1983/2454/2360 1979/2455/2361
f 1982/2363/2273 1979/2455/2361 1978/2365/2275
f 1978/2365/2275 1979/2455/2361 1975/2456/2362
f 1978/2365/2275 1975/2456/2362 1974/2367/2277
f 1974/2367/2277 1975/2456/2362 1971/2457/2363
f 1974/2367/2277 1971/2457/2363 1970/2369/2279
f 1970/2369/2279 1971/2457/2363 1967/2458/2364
f 1970/2369/2279 1967/2458/2364 1966/2371/2281
f 1966/2371/2281 1967/2458/2364 1963/2459/2365
f 1966/2371/2281 1963/2459/2365 1962/2373/2283
f 1962/2373/2283 1963/2459/2365 1959/2460/2366
f 1962/2373/2283 1959/2460/2366 1958/2375/2285
f 1958/2375/2285 1959/2460/2366 1955/2461/2367
f 1958/2375/2285 1955/2461/2367 1954/2377/2287
f 1954/2377/2287 1955/2461/2367 1951/2462/2368
f 1954/2377/2287 1951/2462/2368 1950/2379/2289
f 1950/2379/2289 1951/2462/2368 1943/2463/2369
f 1950/2379/2289 1943/2463/2369 1942/2381/2291
f 1942/2381/2291 1943/2463/2369 1948/2440/2347
f 2027/2443/2349 1940/2435/2343 2028/2437/2345
f 1947/2442/2348 1948/2440/2347 1943/2463/2369
f 1946/2389/2297 1947/2442/2348 1944/2464/2370
f 1944/2464/2370 1947/2442/2348 1943/2463/2369
f 1944/2464/2370 1943/2463/2369 1951/2462/2368
f 1946/2389/2297 1944/2464/2370 1945/2391/2299
f 1945/2391/2299 1944/2464/2370 1952/2465/2371
f 1945/2391/2299 1952/2465/2371 1953/2393/2301
f 1953/2393/2301 1952/2465/2371 1956/2466/2372
f 1953/2393/2301 1956/2466/2372 1957/2395/2303
f 1957/2395/2303 1956/2466/2372 1960/2467/2373
f 1957/2395/2303 1960/2467/2373 1961/2397/2305
f 1961/2397/2305 1960/2467/2373 1964/2468/2374
f 1961/2397/2305 1964/2468/2374 1965/2399/2307
f 1965/2399/2307 1964/2468/2374 1968/2469/2375
f 1965/2399/2307 1968/2469/2375 1969/2401/2309
f 1969/2401/2309 1968/2469/2375 1972/2470/2376
f 1969/2401/2309 1972/2470/2376 1973/2403/2311
f 1973/2403/2311 1972/2470/2376 1976/2471/2377
f 1973/2403/2311 1976/2471/2377 1977/2405/2313
f 1977/2405/2313 1976/2471/2377 1980/2472/2378
f 1977/2405/2313 1980/2472/2378 1981/2407/2315
f 1981/2407/2315 1980/2472/2378 1984/2473/2379
f 1981/2407/2315 1984/2473/2379 1985/2409/2317
f 1985/2409/2317 1984/2473/2379 1988/2474/2380
f 1985/2409/2317 1988/2474/2380 1989/2411/2319
f 1989/2411/2319 1988/2474/2380 1992/2475/2381
f 1989/2411/2319 1992/2475/2381 1993/2413/2321
f 1993/2413/2321 1992/2475/2381 1996/2476/2382
f 1993/2413/2321 1996/2476/2382 1997/2415/2323
f 1997/2415/2323 1996/2476/2382 2000/2477/2383
f 1997/2415/2323 2000/2477/2383 2001/2417/2325
f 2001/2417/2325 2000/2477/2383 2004/2478/2384
f 2001/2417/2325 2004/2478/2384 2005/2419/2327
f 2005/2419/2327 2004/2478/2384 2008/2479/2385
f 2005/2419/2327 2008/2479/2385 2009/2421/2329
f 2009/2421/2329 2008/2479/2385 2012/2480/2386
f 2009/2421/2329 2012/2480/2386 2013/2423/2331
f 2013/2423/2331 2012/2480/2386 2016/2481/2387
f 2013/2423/2331 2016/2481/2387 2017/2425/2333
f 2017/2425/2333 2016/2481/2387 2020/2482/2388
f 2017/2425/2333 2020/2482/2388 2021/2427/2335
f 2021/2427/2335 2020/2482/2388 2024/2483/2389
f 2021/2427/2335 2024/2483/2389 2025/2429/2337
f 2025/2429/2337 2024/2483/2389 2028/2437/2345
f 1952/2465/2371 1944/2464/2370 1951/2462/2368
f 1956/2466/2372 1952/2465/2371 1955/2461/2367
f 1955/2461/2367 1952/2465/2371 1951/2462/2368
f 1960/2467/2373 1956/2466/2372 1959/2460/2366
f 1959/2460/2366 1956/2466/2372 1955/2461/2367
f 1964/2468/2374 1960/2467/2373 1963/2459/2365
f 1963/2459/2365 1960/2467/2373 1959/2460/2366
f 1968/2469/2375 1964/2468/2374 1967/2458/2364
f 1967/2458/2364 1964/2468/2374 1963/2459/2365
f 1972/2470/2376 1968/2469/2375 1971/2457/2363
f 1971/2457/2363 1968/2469/2375 1967/2458/2364
f 1976/2471/2377 1972/2470/2376 1975/2456/2362
f 1975/2456/2362 1972/2470/2376 1971/2457/2363
f 1980/2472/2378 1976/2471/2377 1979/2455/2361
f 1979/2455/2361 1976/2471/2377 1975/2456/2362
f 1984/2473/2379 1980/2472/2378 1983/2454/2360
f 1983/2454/2360 1980/2472/2378 1979/2455/2361
f 1988/2474/2380 1984/2473/2379 1987/2453/2359
f 1987/2453/2359 1984/2473/2379 1983/2454/2360
f 1992/2475/2381 1988/2474/2380 1991/2452/2358
f 1991/2452/2358 1988/2474/2380 1987/2453/2359
f 1996/2476/2382 1992/2475/2381 1995/2451/2357
f 1995/2451/2357 1992/2475/2381 1991/2452/2358
f 2000/2477/2383 1996/2476/2382 1999/2450/2356
f 1999/2450/2356 1996/2476/2382 1995/2451/2357
f 2004/2478/2384 2000/2477/2383 2003/2449/2355
f 2003/2449/2355 2000/2477/2383 1999/2450/2356
f 2008/2479/2385 2004/2478/2384 2007/2448/2354
f 2007/2448/2354 2004/2478/2384 2003/2449/2355
f 2012/2480/2386 2008/2479/2385 2011/2447/2353
f 2011/2447/2353 2008/2479/2385 2007/2448/2354
f 2016/2481/2387 2012/2480/2386 2015/2446/2352
f 2015/2446/2352 2012/2480/2386 2011/2447/2353
f 2020/2482/2388 2016/2481/2387 2019/2445/2351
f 2019/2445/2351 2016/2481/2387 2015/2446/2352
f 2024/2483/2389 2020/2482/2388 2023/2444/2350
f 2023/2444/2350 2020/2482/2388 2019/2445/2351
f 2028/2437/2345 2024/2483/2389 2027/2443/2349
f 2027/2443/2349 2024/2483/2389 2023/2444/2350
f 991/2484/2390 990/2485/2391 1035/2486/2392
f 1035/2486/2392 990/2485/2391 989/2487/2393
f 1035/2486/2392 989/2487/2393 2051/2488/2394
f 2051/2488/2394 989/2487/2393 988/2489/2395
f 2051/2488/2394 988/2489/2395 987/2490/2396
f 987/2490/2396 986/2491/2397 2051/2488/2394
f 2051/2488/2394 986/2491/2397 2050/2492/2398
f 2050/2492/2398 986/2491/2397 985/2493/2399
f 2050/2492/2398 985/2493/2399 984/2494/2400
f 984/2494/2400 983/2495/2401 2050/2492/2398
f 2050/2492/2398 983/2495/2401 982/2496/2402
f 2050/2492/2398 982/2496/2402 2049/2497/2403
f 2049/2497/2403 982/2496/2402 981/2498/2404
f 2049/2497/2403 981/2498/2404 980/2499/2405
f 2049/2497/2403 980/2499/2405 2048/2500/2406
f 2048/2500/2406 980/2499/2405 979/2501/2407
f 2048/2500/2406 979/2501/2407 978/2502/2408
f 2048/2500/2406 978/2502/2408 2047/2503/2409
f 2047/2503/2409 978/2502/2408 977/2504/2410
f 2047/2503/2409 977/2504/2410 976/2505/2411
f 976/2505/2411 975/2506/2412 2047/2503/2409
f 2047/2503/2409 975/2506/2412 2046/2507/2413
f 2046/2507/2413 975/2506/2412 974/2508/2414
f 2046/2507/2413 974/2508/2414 973/2509/2415
f 973/2509/2415 972/2510/2416 2046/2507/2413
f 2046/2507/2413 972/2510/2416 971/2511/2417
f 2046/2507/2413 971/2511/2417 2045/2512/2418
f 2045/2512/2418 971/2511/2417 970/2513/2419
f 2045/2512/2418 970/2513/2419 969/2514/2420
f 2045/2512/2418 969/2514/2420 1053/2515/2421
f 1053/2515/2421 969/2514/2420 968/2516/2422
f 1053/2515/2421 968/2516/2422 967/2517/2423
f 2045/2512/2418 1053/2515/2421 2044/2518/2424
f 2044/2518/2424 1053/2515/2421 1052/2519/2425
f 2044/2518/2424 1052/2519/2425 2043/2520/2426
f 2043/2520/2426 1052/2519/2425 1051/2521/2427
f 2043/2520/2426 1051/2521/2427 2042/2522/2428
f 2042/2522/2428 1051/2521/2427 1050/2523/2429
f 2042/2522/2428 1050/2523/2429 2041/2524/2430
f 2041/2524/2430 1050/2523/2429 1049/2525/2431
f 2041/2524/2430 1049/2525/2431 2040/2526/2432
f 2040/2526/2432 1049/2525/2431 1048/2527/2433
f 2040/2526/2432 1048/2527/2433 2039/2528/2434
f 2039/2528/2434 1048/2527/2433 1047/2529/2435
f 2039/2528/2434 1047/2529/2435 2038/2530/2436
f 2038/2530/2436 1047/2529/2435 1046/2531/2437
f 2038/2530/2436 1046/2531/2437 2037/2532/2438
f 2037/2532/2438 1046/2531/2437 1045/2533/2439
f 2037/2532/2438 1045/2533/2439 1044/2534/2440
f 2037/2532/2438 1044/2534/2440 2036/2535/2441
f 2036/2535/2441 1044/2534/2440 1043/2536/2442
f 2036/2535/2441 1043/2536/2442 2035/2537/2443
f 2035/2537/2443 1043/2536/2442 1042/2538/2444
f 2035/2537/2443 1042/2538/2444 2034/2539/2445
f 2034/2539/2445 1042/2538/2444 1041/2540/2446
f 2034/2539/2445 1041/2540/2446 2033/2541/2447
f 2033/2541/2447 1041/2540/2446 1040/2542/2448
f 2033/2541/2447 1040/2542/2448 2032/2543/2449
f 2032/2543/2449 1040/2542/2448 1039/2544/2450
f 2032/2543/2449 1039/2544/2450 2031/2545/2451
f 2031/2545/2451 1039/2544/2450 1038/2546/2452
f 2031/2545/2451 1038/2546/2452 2030/2547/2453
f 2030/2548/2453 1038/2549/2452 1037/2550/2454
f 2030/2548/2453 1037/2550/2454 2053/2551/2455
f 2053/2551/2455 1037/2550/2454 1036/2552/2456
f 2053/2551/2455 1036/2552/2456 2052/2553/2457
f 2052/2553/2457 1036/2552/2456 1035/2486/2392
f 2052/2553/2457 1035/2486/2392 2051/2488/2394
f 2055/2554/2458 1923/2555/2459 2054/2556/2460
f 2054/2556/2460 1923/2555/2459 1922/2557/2461
f 2054/2558/2460 1922/2559/2461 2077/2560/2462
f 2077/2560/2462 1922/2559/2461 1921/2561/2463
f 2077/2560/2462 1921/2561/2463 2076/2562/2464
f 2076/2562/2464 1921/2561/2463 1920/2563/2465
f 2076/2562/2464 1920/2563/2465 2075/2564/2466
f 2075/2564/2466 1920/2563/2465 1919/2565/2467
f 2075/2564/2466 1919/2565/2467 2074/2566/2468
f 2074/2566/2468 1919/2565/2467 1918/2567/2469
f 2074/2566/2468 1918/2567/2469 2073/2568/2470
f 2073/2568/2470 1918/2567/2469 1917/2569/2471
f 2073/2568/2470 1917/2569/2471 2072/2570/2472
f 2072/2570/2472 1917/2569/2471 1916/2571/2473
f 2072/2570/2472 1916/2571/2473 2071/2572/2474
f 2071/2572/2474 1916/2571/2473 1915/2573/2475
f 2071/2572/2474 1915/2573/2475 2070/2574/2476
f 2070/2574/2476 1915/2573/2475 1914/2575/2477
f 2070/2574/2476 1914/2575/2477 2069/2576/2478
f 2069/2576/2478 1914/2575/2477 1913/2577/2479
f 2069/2576/2478 1913/2577/2479 2068/2578/2480
f 2068/2578/2480 1913/2577/2479 1912/2579/2481
f 2068/2578/2480 1912/2579/2481 2067/2580/2482
f 2067/2580/2482 1912/2579/2481 1911/2581/2483
f 2067/2580/2482 1911/2581/2483 2066/2582/2484
f 2066/2582/2484 1911/2581/2483 1910/2583/2485
f 2066/2582/2484 1910/2583/2485 2065/2584/2486
f 2065/2584/2486 1910/2583/2485 1933/2585/2487
f 2065/2584/2486 1933/2585/2487 2064/2586/2488
f 2064/2586/2488 1933/2585/2487 1932/2587/2489
f 2064/2586/2488 1932/2587/2489 2063/2588/2490
f 2063/2588/2490 1932/2587/2489 1931/2589/2491
f 2063/2588/2490 1931/2589/2491 2062/2590/2492
f 2062/2590/2492 1931/2589/2491 1930/2591/2493
f 2062/2590/2492 1930/2591/2493 2061/2592/2494
f 2061/2592/2494 1930/2591/2493 1929/2593/2495
f 2061/2592/2494 1929/2593/2495 2060/2594/2496
f 2060/2594/2496 1929/2593/2495 1928/2595/2497
f 2060/2594/2496 1928/2595/2497 2059/2596/2498
f 2059/2596/2498 1928/2595/2497 1927/2597/2499
f 2059/2596/2498 1927/2597/2499 2058/2598/2500
f 2058/2598/2500 1927/2597/2499 1926/2599/2501
f 2058/2598/2500 1926/2599/2501 2057/2600/2502
f 2057/2600/2502 1926/2599/2501 1925/2601/2503
f 2057/2600/2502 1925/2601/2503 2056/2602/2504
f 2056/2602/2504 1925/2601/2503 1924/2603/2505
f 2056/2602/2504 1924/2603/2505 2055/2554/2458
f 2055/2554/2458 1924/2603/2505 1923/2555/2459
f 2053/2604/2506 2055/2605/2507 2030/2606/2508
f 2030/2606/2508 2055/2605/2507 2054/2607/2509
f 2030/2606/2508 2054/2607/2509 2031/2608/2510
f 2031/2608/2510 2054/2607/2509 2077/2609/2511
f 2031/2608/2510 2077/2609/2511 2032/2610/2512
f 2032/2610/2512 2077/2609/2511 2076/2611/2513
f 2032/2610/2512 2076/2611/2513 2033/2612/2514
f 2033/2612/2514 2076/2611/2513 2075/2613/2515
f 2033/2612/2514 2075/2613/2515 2034/2614/2516
f 2034/2614/2516 2075/2613/2515 2074/2615/2517
f 2034/2614/2516 2074/2615/2517 2035/2616/2518
f 2035/2616/2518 2074/2615/2517 2073/2617/2519
f 2035/2616/2518 2073/2617/2519 2036/2618/2520
f 2036/2618/2520 2073/2617/2519 2072/2619/2521
f 2036/2618/2520 2072/2619/2521 2071/2620/2522
f 2053/2604/2506 2052/2621/2523 2055/2605/2507
f 2055/2605/2507 2052/2621/2523 2056/2622/2524
f 2056/2622/2524 2052/2621/2523 2051/2623/2525
f 2056/2622/2524 2051/2623/2525 2057/2624/2526
f 2057/2624/2526 2051/2623/2525 2050/2625/2527
f 2057/2624/2526 2050/2625/2527 2058/2626/2528
f 2058/2626/2528 2050/2625/2527 2049/2627/2529
f 2058/2626/2528 2049/2627/2529 2059/2628/2530
f 2059/2628/2530 2049/2627/2529 2048/2629/2531
f 2059/2628/2530 2048/2629/2531 2060/2630/2532
f 2060/2630/2532 2048/2629/2531 2061/2631/2533
f 2061/2631/2533 2048/2629/2531 2047/2632/2534
f 2061/2631/2533 2047/2632/2534 2062/2633/2535
f 2062/2633/2535 2047/2632/2534 2046/2634/2536
f 2062/2633/2535 2046/2634/2536 2063/2635/2537
f 2063/2635/2537 2046/2634/2536 2045/2636/2538
f 2063/2635/2537 2045/2636/2538 2064/2637/2539
f 2064/2637/2539 2045/2636/2538 2044/2638/2540
f 2064/2637/2539 2044/2638/2540 2065/2639/2541
f 2065/2639/2541 2044/2638/2540 2043/2640/2542
f 2065/2639/2541 2043/2640/2542 2066/2641/2543
f 2066/2641/2543 2043/2640/2542 2042/2642/2544
f 2066/2641/2543 2042/2642/2544 2041/2643/2545
f 2066/2641/2543 2041/2643/2545 2067/2644/2546
f 2067/2644/2546 2041/2643/2545 2040/2645/2547
f 2067/2644/2546 2040/2645/2547 2068/2646/2548
f 2068/2646/2548 2040/2645/2547 2039/2647/2549
f 2068/2646/2548 2039/2647/2549 2069/2648/2550
f 2069/2648/2550 2039/2647/2549 2038/2649/2551
f 2069/2648/2550 2038/2649/2551 2070/2650/2552
f 2070/2650/2552 2038/2649/2551 2037/2651/2553
f 2070/2650/2552 2037/2651/2553 2071/2620/2522
f 2071/2620/2522 2037/2651/2553 2036/2618/2520
f 2079/2652/2554 2134/2653/2555 2078/2654/2556
f 2078/2654/2556 2134/2653/2555 2355/2655/2557
f 2078/2654/2556 2355/2655/2557 2101/2656/2558
f 2101/2656/2558 2355/2655/2557 2100/2657/2559
f 2100/2657/2559 2355/2655/2557 2344/2658/2560
f 2100/2657/2559 2344/2658/2560 2333/2659/2561
f 2333/2659/2561 2344/2658/2560 2334/2660/2562
f 2333/2659/2561 2334/2660/2562 2323/2661/2563
f 2323/2661/2563 2334/2660/2562 2324/2662/2564
f 2323/2661/2563 2324/2662/2564 2312/2663/2565
f 2312/2663/2565 2324/2662/2564 2313/2664/2566
f 2312/2663/2565 2313/2664/2566 2302/2665/2567
f 2302/2665/2567 2313/2664/2566 2303/2666/2568
f 2302/2665/2567 2303/2666/2568 2292/2667/2569
f 2292/2667/2569 2303/2666/2568 2293/2668/2570
f 2292/2667/2569 2293/2668/2570 2281/2669/2571
f 2281/2669/2571 2293/2668/2570 2282/2670/2572
f 2281/2669/2571 2282/2670/2572 2271/2671/2573
f 2271/2671/2573 2282/2670/2572 2272/2672/2574
f 2271/2671/2573 2272/2672/2574 2261/2673/2575
f 2261/2673/2575 2272/2672/2574 2262/2674/2576
f 2261/2673/2575 2262/2674/2576 2250/2675/2577
f 2250/2675/2577 2262/2674/2576 2251/2676/2578
f 2250/2675/2577 2251/2676/2578 2239/2677/2579
f 2239/2677/2579 2251/2676/2578 2240/2678/2580
f 2239/2677/2579 2240/2678/2580 2228/2679/2581
f 2228/2679/2581 2240/2678/2580 2229/2680/2582
f 2228/2679/2581 2229/2680/2582 2217/2681/2583
f 2217/2681/2583 2229/2680/2582 2218/2682/2584
f 2217/2681/2583 2218/2682/2584 2207/2683/2585
f 2207/2683/2585 2218/2682/2584 2208/2684/2586
f 2207/2683/2585 2208/2684/2586 2197/2685/2587
f 2197/2685/2587 2208/2684/2586 2198/2686/2588
f 2197/2685/2587 2198/2686/2588 2186/2687/2589
f 2186/2687/2589 2198/2686/2588 2187/2688/2590
f 2186/2687/2589 2187/2688/2590 2109/2689/2591
f 2109/2689/2591 2187/2688/2590 2110/2690/2592
f 2109/2691/2591 2110/2692/2592 2175/2693/2593
f 2175/2693/2593 2110/2692/2592 2176/2694/2594
f 2175/2693/2593 2176/2694/2594 2164/2695/2595
f 2164/2695/2595 2176/2694/2594 2165/2696/2596
f 2164/2695/2595 2165/2696/2596 2154/2697/2597
f 2154/2697/2597 2165/2696/2596 2155/2698/2598
f 2154/2697/2597 2155/2698/2598 2144/2699/2599
f 2144/2699/2599 2155/2698/2598 2145/2700/2600
f 2144/2699/2599 2145/2700/2600 2122/2701/2601
f 2122/2701/2601 2145/2700/2600 2123/2702/2602
f 2122/2701/2601 2123/2702/2602 2124/2703/2603
f 2124/2703/2603 2123/2702/2602 1792/2704/2604
f 2124/2703/2603 1792/2704/2604 1791/2705/2605
f 2080/2706/2606 2135/2707/2607 2079/2652/2554
f 2079/2652/2554 2135/2707/2607 2113/2708/2608
f 2079/2652/2554 2113/2708/2608 2134/2653/2555
f 2134/2653/2555 2113/2708/2608 2133/2709/2609
f 2134/2653/2555 2133/2709/2609 2356/2710/2610
f 2356/2710/2610 2133/2709/2609 2357/2711/2611
f 2356/2710/2610 2357/2711/2611 2345/2712/2612
f 2345/2712/2612 2357/2711/2611 2346/2713/2613
f 2345/2712/2612 2346/2713/2613 2335/2714/2614
f 2335/2714/2614 2346/2713/2613 2336/2715/2615
f 2335/2714/2614 2336/2715/2615 2325/2716/2616
f 2325/2716/2616 2336/2715/2615 2326/2717/2617
f 2325/2716/2616 2326/2717/2617 2314/2718/2618
f 2314/2718/2618 2326/2717/2617 2315/2719/2619
f 2314/2718/2618 2315/2719/2619 2304/2720/2620
f 2304/2720/2620 2315/2719/2619 2305/2721/2621
f 2304/2720/2620 2305/2721/2621 2294/2722/2622
f 2294/2722/2622 2305/2721/2621 2295/2723/2623
f 2294/2722/2622 2295/2723/2623 2283/2724/2624
f 2283/2724/2624 2295/2723/2623 2284/2725/2625
f 2283/2724/2624 2284/2725/2625 2273/2726/2626
f 2273/2726/2626 2284/2725/2625 2274/2727/2627
f 2273/2726/2626 2274/2727/2627 2263/2728/2628
f 2263/2728/2628 2274/2727/2627 2264/2729/2629
f 2263/2728/2628 2264/2729/2629 2252/2730/2630
f 2252/2730/2630 2264/2729/2629 2253/2731/2631
f 2252/2730/2630 2253/2731/2631 2241/2732/2632
f 2241/2732/2632 2253/2731/2631 2242/2733/2633
f 2241/2732/2632 2242/2733/2633 2230/2734/2634
f 2230/2734/2634 2242/2733/2633 2231/2735/2635
f 2230/2734/2634 2231/2735/2635 2219/2736/2636
f 2219/2736/2636 2231/2735/2635 2220/2737/2637
f 2219/2736/2636 2220/2737/2637 2209/2738/2638
f 2209/2738/2638 2220/2737/2637 2210/2739/2639
f 2209/2738/2638 2210/2739/2639 2199/2740/2640
f 2199/2740/2640 2210/2739/2639 2200/2741/2641
f 2199/2740/2640 2200/2741/2641 2188/2742/2642
f 2188/2742/2642 2200/2741/2641 2189/2743/2643
f 2188/2742/2642 2189/2743/2643 2111/2744/2644
f 2111/2744/2644 2189/2743/2643 2112/2745/2645
f 2111/2746/2644 2112/2747/2645 2177/2748/2646
f 2177/2748/2646 2112/2747/2645 2178/2749/2647
f 2177/2748/2646 2178/2749/2647 2166/2750/2648
f 2166/2750/2648 2178/2749/2647 2167/2751/2649
f 2166/2750/2648 2167/2751/2649 2156/2752/2650
f 2156/2752/2650 2167/2751/2649 1796/2753/2651
f 2156/2752/2650 1796/2753/2651 1795/2754/2652
f 2080/2706/2606 2081/2755/2653 2135/2707/2607
f 2135/2707/2607 2081/2755/2653 2146/2756/2654
f 2135/2707/2607 2146/2756/2654 2136/2757/2655
f 2136/2757/2655 2146/2756/2654 2147/2758/2656
f 2136/2757/2655 2147/2758/2656 2137/2759/2657
f 2137/2759/2657 2147/2758/2656 2148/2760/2658
f 2137/2759/2657 2148/2760/2658 2138/2761/2659
f 2138/2761/2659 2148/2760/2658 2149/2762/2660
f 2138/2761/2659 2149/2762/2660 2139/2763/2661
f 2139/2763/2661 2149/2762/2660 2150/2764/2662
f 2139/2763/2661 2150/2764/2662 2140/2765/2663
f 2140/2765/2663 2150/2764/2662 2151/2766/2664
f 2140/2765/2663 2151/2766/2664 2141/2767/2665
f 2141/2767/2665 2151/2766/2664 2152/2768/2666
f 2141/2767/2665 2152/2768/2666 2142/2769/2667
f 2142/2769/2667 2152/2768/2666 2153/2770/2668
f 2142/2769/2667 2153/2770/2668 2143/2771/2669
f 2143/2771/2669 2153/2770/2668 2154/2697/2597
f 2143/2771/2669 2154/2697/2597 2144/2699/2599
f 2081/2755/2653 2082/2772/2670 2146/2756/2654
f 2146/2756/2654 2082/2772/2670 2157/2773/2671
f 2146/2756/2654 2157/2773/2671 2147/2758/2656
f 2147/2758/2656 2157/2773/2671 2158/2774/2672
f 2147/2758/2656 2158/2774/2672 2148/2760/2658
f 2148/2760/2658 2158/2774/2672 2159/2775/2673
f 2148/2760/2658 2159/2775/2673 2149/2762/2660
f 2149/2762/2660 2159/2775/2673 2160/2776/2674
f 2149/2762/2660 2160/2776/2674 2150/2764/2662
f 2150/2764/2662 2160/2776/2674 2161/2777/2675
f 2150/2764/2662 2161/2777/2675 2151/2766/2664
f 2151/2766/2664 2161/2777/2675 2162/2778/2676
f 2151/2766/2664 2162/2778/2676 2152/2768/2666
f 2152/2768/2666 2162/2778/2676 2163/2779/2677
f 2152/2768/2666 2163/2779/2677 2153/2770/2668
f 2153/2770/2668 2163/2779/2677 2164/2695/2595
f 2153/2770/2668 2164/2695/2595 2154/2697/2597
f 2157/2773/2671 2082/2772/2670 2168/2780/2678
f 2168/2780/2678 2082/2772/2670 2083/2781/2679
f 2168/2780/2678 2083/2781/2679 2102/2782/2680
f 2102/2782/2680 2083/2781/2679 2084/2783/2681
f 2102/2784/2680 2084/2785/2681 2179/2786/2682
f 2179/2786/2682 2084/2785/2681 2085/2787/2683
f 2179/2786/2682 2085/2787/2683 2190/2788/2684
f 2190/2788/2684 2085/2787/2683 2086/2789/2685
f 2190/2788/2684 2086/2789/2685 2087/2790/2686
f 2190/2788/2684 2087/2790/2686 2201/2791/2687
f 2201/2791/2687 2087/2790/2686 2088/2792/2688
f 2201/2791/2687 2088/2792/2688 2212/2793/2689
f 2212/2793/2689 2088/2792/2688 2223/2794/2690
f 2212/2793/2689 2223/2794/2690 2224/2795/2691
f 2224/2795/2691 2223/2794/2690 2235/2796/2692
f 2224/2795/2691 2235/2796/2692 2236/2797/2693
f 2236/2797/2693 2235/2796/2692 2247/2798/2694
f 2236/2797/2693 2247/2798/2694 2248/2799/2695
f 2248/2799/2695 2247/2798/2694 2259/2800/2696
f 2248/2799/2695 2259/2800/2696 2260/2801/2697
f 2260/2801/2697 2259/2800/2696 2270/2802/2698
f 2260/2801/2697 2270/2802/2698 2271/2671/2573
f 2271/2671/2573 2270/2802/2698 2281/2669/2571
f 2088/2792/2688 2089/2803/2699 2223/2794/2690
f 2223/2794/2690 2089/2803/2699 2234/2804/2700
f 2223/2794/2690 2234/2804/2700 2235/2796/2692
f 2235/2796/2692 2234/2804/2700 2246/2805/2701
f 2235/2796/2692 2246/2805/2701 2247/2798/2694
f 2247/2798/2694 2246/2805/2701 2258/2806/2702
f 2247/2798/2694 2258/2806/2702 2259/2800/2696
f 2259/2800/2696 2258/2806/2702 2269/2807/2703
f 2259/2800/2696 2269/2807/2703 2270/2802/2698
f 2270/2802/2698 2269/2807/2703 2280/2808/2704
f 2270/2802/2698 2280/2808/2704 2281/2669/2571
f 2281/2669/2571 2280/2808/2704 2292/2667/2569
f 2089/2803/2699 2090/2809/2705 2234/2804/2700
f 2234/2804/2700 2090/2809/2705 2245/2810/2706
f 2234/2804/2700 2245/2810/2706 2246/2805/2701
f 2246/2805/2701 2245/2810/2706 2257/2811/2707
f 2246/2805/2701 2257/2811/2707 2258/2806/2702
f 2258/2806/2702 2257/2811/2707 2268/2812/2708
f 2258/2806/2702 2268/2812/2708 2269/2807/2703
f 2269/2807/2703 2268/2812/2708 2279/2813/2709
f 2269/2807/2703 2279/2813/2709 2280/2808/2704
f 2280/2808/2704 2279/2813/2709 2291/2814/2710
f 2280/2808/2704 2291/2814/2710 2292/2667/2569
f 2292/2667/2569 2291/2814/2710 2302/2665/2567
f 2090/2809/2705 2091/2815/2711 2245/2810/2706
f 2245/2810/2706 2091/2815/2711 2256/2816/2712
f 2245/2810/2706 2256/2816/2712 2257/2811/2707
f 2257/2811/2707 2256/2816/2712 2267/2817/2713
f 2257/2811/2707 2267/2817/2713 2268/2812/2708
f 2268/2812/2708 2267/2817/2713 2278/2818/2714
f 2268/2812/2708 2278/2818/2714 2279/2813/2709
f 2279/2813/2709 2278/2818/2714 2290/2819/2715
f 2279/2813/2709 2290/2819/2715 2291/2814/2710
f 2291/2814/2710 2290/2819/2715 2301/2820/2716
f 2291/2814/2710 2301/2820/2716 2302/2665/2567
f 2302/2665/2567 2301/2820/2716 2312/2663/2565
f 2091/2815/2711 2092/2821/2717 2256/2816/2712
f 2256/2816/2712 2092/2821/2717 2093/2822/2718
f 2256/2816/2712 2093/2822/2718 2267/2817/2713
f 2267/2817/2713 2093/2822/2718 2094/2823/2719
f 2267/2817/2713 2094/2823/2719 2278/2818/2714
f 2278/2818/2714 2094/2823/2719 2289/2824/2720
f 2278/2818/2714 2289/2824/2720 2290/2819/2715
f 2290/2819/2715 2289/2824/2720 2300/2825/2721
f 2290/2819/2715 2300/2825/2721 2301/2820/2716
f 2301/2820/2716 2300/2825/2721 2311/2826/2722
f 2301/2820/2716 2311/2826/2722 2312/2663/2565
f 2312/2663/2565 2311/2826/2722 2323/2661/2563
f 2094/2823/2719 2095/2827/2723 2289/2824/2720
f 2289/2824/2720 2095/2827/2723 2096/2828/2724
f 2289/2824/2720 2096/2828/2724 2300/2825/2721
f 2300/2825/2721 2096/2828/2724 2097/2829/2725
f 2300/2825/2721 2097/2829/2725 2311/2826/2722
f 2311/2826/2722 2097/2829/2725 2322/2830/2726
f 2311/2826/2722 2322/2830/2726 2323/2661/2563
f 2323/2661/2563 2322/2830/2726 2333/2659/2561
f 2097/2829/2725 2098/2831/2727 2322/2830/2726
f 2322/2830/2726 2098/2831/2727 2099/2832/2728
f 2322/2830/2726 2099/2832/2728 2333/2659/2561
f 2333/2659/2561 2099/2832/2728 2100/2657/2559
f 1774/2833/2729 1773/2834/2730 2244/2835/2731
f 2244/2835/2731 1773/2834/2730 1806/2836/2732
f 2244/2835/2731 1806/2836/2732 2233/2837/2733
f 2233/2837/2733 1806/2836/2732 1805/2838/2734
f 2233/2837/2733 1805/2838/2734 2222/2839/2735
f 2222/2839/2735 1805/2838/2734 1804/2840/2736
f 2222/2839/2735 1804/2840/2736 2211/2841/2737
f 2211/2841/2737 1804/2840/2736 1803/2842/2738
f 2211/2841/2737 1803/2842/2738 1802/2843/2739
f 2211/2841/2737 1802/2843/2739 2200/2741/2641
f 2200/2741/2641 1802/2843/2739 1801/2844/2740
f 2200/2741/2641 1801/2844/2740 2189/2743/2643
f 2189/2743/2643 1801/2844/2740 1800/2845/2741
f 2189/2743/2643 1800/2845/2741 2112/2745/2645
f 2112/2745/2645 1800/2845/2741 1799/2846/2742
f 2112/2747/2645 1799/2847/2742 1798/2848/2743
f 2112/2747/2645 1798/2848/2743 2178/2749/2647
f 2178/2749/2647 1798/2848/2743 1797/2849/2744
f 2178/2749/2647 1797/2849/2744 2167/2751/2649
f 2167/2751/2649 1797/2849/2744 1796/2753/2651
f 1795/2754/2652 1794/2850/2745 2156/2752/2650
f 2156/2752/2650 1794/2850/2745 2145/2700/2600
f 2156/2752/2650 2145/2700/2600 2155/2698/2598
f 1794/2850/2745 1793/2851/2746 2145/2700/2600
f 2145/2700/2600 1793/2851/2746 2123/2702/2602
f 1793/2851/2746 1792/2704/2604 2123/2702/2602
f 1791/2705/2605 1790/2852/2747 2124/2703/2603
f 2124/2703/2603 1790/2852/2747 2365/2853/2748
f 2124/2703/2603 2365/2853/2748 2125/2854/2749
f 2125/2854/2749 2365/2853/2748 2364/2855/2750
f 2125/2854/2749 2364/2855/2750 2126/2856/2751
f 2126/2856/2751 2364/2855/2750 2363/2857/2752
f 2126/2856/2751 2363/2857/2752 2127/2858/2753
f 2127/2858/2753 2363/2857/2752 2362/2859/2754
f 2127/2858/2753 2362/2859/2754 2128/2860/2755
f 2128/2860/2755 2362/2859/2754 2361/2861/2756
f 2128/2860/2755 2361/2861/2756 2129/2862/2757
f 2129/2862/2757 2361/2861/2756 2360/2863/2758
f 2129/2862/2757 2360/2863/2758 2130/2864/2759
f 2130/2864/2759 2360/2863/2758 2359/2865/2760
f 2130/2864/2759 2359/2865/2760 2131/2866/2761
f 2131/2866/2761 2359/2865/2760 2358/2867/2762
f 2131/2866/2761 2358/2867/2762 2132/2868/2763
f 2132/2868/2763 2358/2867/2762 2357/2711/2611
f 2132/2868/2763 2357/2711/2611 2133/2709/2609
f 1790/2852/2747 1789/2869/2764 2365/2853/2748
f 2365/2853/2748 1789/2869/2764 2354/2870/2765
f 2365/2853/2748 2354/2870/2765 2353/2871/2766
f 2353/2871/2766 2354/2870/2765 2343/2872/2767
f 2353/2871/2766 2343/2872/2767 2342/2873/2768
f 2342/2873/2768 2343/2872/2767 2332/2874/2769
f 2342/2873/2768 2332/2874/2769 2331/2875/2770
f 2331/2875/2770 2332/2874/2769 2320/2876/2771
f 2331/2875/2770 2320/2876/2771 2319/2877/2772
f 2319/2877/2772 2320/2876/2771 2309/2878/2773
f 2319/2877/2772 2309/2878/2773 2308/2879/2774
f 2308/2879/2774 2309/2878/2773 2298/2880/2775
f 2308/2879/2774 2298/2880/2775 2297/2881/2776
f 2297/2881/2776 2298/2880/2775 2286/2882/2777
f 2297/2881/2776 2286/2882/2777 2285/2883/2778
f 2285/2883/2778 2286/2882/2777 2275/2884/2779
f 2285/2883/2778 2275/2884/2779 2274/2727/2627
f 2274/2727/2627 2275/2884/2779 2264/2729/2629
f 1789/2869/2764 1788/2885/2780 2354/2870/2765
f 2354/2870/2765 1788/2885/2780 2343/2872/2767
f 1788/2885/2780 1787/2886/2781 2343/2872/2767
f 2343/2872/2767 1787/2886/2781 1786/2887/2782
f 2343/2872/2767 1786/2887/2782 2332/2874/2769
f 2332/2874/2769 1786/2887/2782 1785/2888/2783
f 2332/2874/2769 1785/2888/2783 2321/2889/2784
f 2321/2889/2784 1785/2888/2783 1784/2890/2785
f 2321/2889/2784 1784/2890/2785 2310/2891/2786
f 2310/2891/2786 1784/2890/2785 1783/2892/2787
f 2310/2891/2786 1783/2892/2787 1782/2893/2788
f 2310/2891/2786 1782/2893/2788 2299/2894/2789
f 2299/2894/2789 1782/2893/2788 1781/2895/2790
f 2299/2894/2789 1781/2895/2790 2288/2896/2791
f 2288/2896/2791 1781/2895/2790 1780/2897/2792
f 2288/2896/2791 1780/2897/2792 2277/2898/2793
f 2277/2898/2793 1780/2897/2792 1779/2899/2794
f 2277/2898/2793 1779/2899/2794 1778/2900/2795
f 2277/2898/2793 1778/2900/2795 2266/2901/2796
f 2266/2901/2796 1778/2900/2795 1777/2902/2797
f 2266/2901/2796 1777/2902/2797 2255/2903/2798
f 2255/2903/2798 1777/2902/2797 1776/2904/2799
f 2255/2903/2798 1776/2904/2799 2244/2835/2731
f 2244/2835/2731 1776/2904/2799 1775/2905/2115
f 2244/2835/2731 1775/2905/2115 1774/2833/2729
f 2102/2782/2680 2103/2906/2800 2168/2780/2678
f 2168/2780/2678 2103/2906/2800 2169/2907/2801
f 2168/2780/2678 2169/2907/2801 2157/2773/2671
f 2157/2773/2671 2169/2907/2801 2158/2774/2672
f 2103/2906/2800 2104/2908/2802 2169/2907/2801
f 2169/2907/2801 2104/2908/2802 2170/2909/2803
f 2169/2907/2801 2170/2909/2803 2158/2774/2672
f 2158/2774/2672 2170/2909/2803 2159/2775/2673
f 2103/2910/2800 2102/2784/2680 2180/2911/2804
f 2180/2911/2804 2102/2784/2680 2179/2786/2682
f 2180/2911/2804 2179/2786/2682 2191/2912/2805
f 2191/2912/2805 2179/2786/2682 2190/2788/2684
f 2191/2912/2805 2190/2788/2684 2201/2791/2687
f 2104/2908/2802 2105/2913/2806 2170/2909/2803
f 2170/2909/2803 2105/2913/2806 2171/2914/2807
f 2170/2909/2803 2171/2914/2807 2159/2775/2673
f 2159/2775/2673 2171/2914/2807 2160/2776/2674
f 2104/2915/2802 2103/2910/2800 2181/2916/2808
f 2181/2916/2808 2103/2910/2800 2180/2911/2804
f 2181/2916/2808 2180/2911/2804 2192/2917/2809
f 2192/2917/2809 2180/2911/2804 2191/2912/2805
f 2192/2917/2809 2191/2912/2805 2202/2918/2810
f 2202/2918/2810 2191/2912/2805 2201/2791/2687
f 2202/2918/2810 2201/2791/2687 2212/2793/2689
f 2105/2913/2806 2106/2919/2811 2171/2914/2807
f 2171/2914/2807 2106/2919/2811 2172/2920/2812
f 2171/2914/2807 2172/2920/2812 2160/2776/2674
f 2160/2776/2674 2172/2920/2812 2161/2777/2675
f 2105/2921/2806 2104/2915/2802 2182/2922/2813
f 2182/2922/2813 2104/2915/2802 2181/2916/2808
f 2182/2922/2813 2181/2916/2808 2193/2923/2814
f 2193/2923/2814 2181/2916/2808 2192/2917/2809
f 2193/2923/2814 2192/2917/2809 2203/2924/2815
f 2203/2924/2815 2192/2917/2809 2202/2918/2810
f 2203/2924/2815 2202/2918/2810 2213/2925/2816
f 2213/2925/2816 2202/2918/2810 2212/2793/2689
f 2213/2925/2816 2212/2793/2689 2224/2795/2691
f 2106/2919/2811 2107/2926/2817 2172/2920/2812
f 2172/2920/2812 2107/2926/2817 2173/2927/2818
f 2172/2920/2812 2173/2927/2818 2161/2777/2675
f 2161/2777/2675 2173/2927/2818 2162/2778/2676
f 2106/2928/2811 2105/2921/2806 2183/2929/2819
f 2183/2929/2819 2105/2921/2806 2182/2922/2813
f 2183/2929/2819 2182/2922/2813 2194/2930/2820
f 2194/2930/2820 2182/2922/2813 2193/2923/2814
f 2194/2930/2820 2193/2923/2814 2204/2931/2821
f 2204/2931/2821 2193/2923/2814 2203/2924/2815
f 2204/2931/2821 2203/2924/2815 2214/2932/2822
f 2214/2932/2822 2203/2924/2815 2213/2925/2816
f 2214/2932/2822 2213/2925/2816 2225/2933/2823
f 2225/2933/2823 2213/2925/2816 2224/2795/2691
f 2225/2933/2823 2224/2795/2691 2236/2797/2693
f 2107/2926/2817 2108/2934/2824 2173/2927/2818
f 2173/2927/2818 2108/2934/2824 2174/2935/2825
f 2173/2927/2818 2174/2935/2825 2162/2778/2676
f 2162/2778/2676 2174/2935/2825 2163/2779/2677
f 2107/2936/2817 2106/2928/2811 2184/2937/2826
f 2184/2937/2826 2106/2928/2811 2183/2929/2819
f 2184/2937/2826 2183/2929/2819 2195/2938/2827
f 2195/2938/2827 2183/2929/2819 2194/2930/2820
f 2195/2938/2827 2194/2930/2820 2205/2939/2828
f 2205/2939/2828 2194/2930/2820 2204/2931/2821
f 2205/2939/2828 2204/2931/2821 2215/2940/2829
f 2215/2940/2829 2204/2931/2821 2214/2932/2822
f 2215/2940/2829 2214/2932/2822 2226/2941/2830
f 2226/2941/2830 2214/2932/2822 2225/2933/2823
f 2226/2941/2830 2225/2933/2823 2237/2942/2831
f 2237/2942/2831 2225/2933/2823 2236/2797/2693
f 2237/2942/2831 2236/2797/2693 2248/2799/2695
f 2108/2934/2824 2109/2691/2591 2174/2935/2825
f 2174/2935/2825 2109/2691/2591 2175/2693/2593
f 2174/2935/2825 2175/2693/2593 2163/2779/2677
f 2163/2779/2677 2175/2693/2593 2164/2695/2595
f 2108/2943/2824 2107/2936/2817 2185/2944/2832
f 2185/2944/2832 2107/2936/2817 2184/2937/2826
f 2185/2944/2832 2184/2937/2826 2196/2945/2833
f 2196/2945/2833 2184/2937/2826 2195/2938/2827
f 2196/2945/2833 2195/2938/2827 2206/2946/2834
f 2206/2946/2834 2195/2938/2827 2205/2939/2828
f 2206/2946/2834 2205/2939/2828 2216/2947/2835
f 2216/2947/2835 2205/2939/2828 2215/2940/2829
f 2216/2947/2835 2215/2940/2829 2227/2948/2836
f 2227/2948/2836 2215/2940/2829 2226/2941/2830
f 2227/2948/2836 2226/2941/2830 2238/2949/2837
f 2238/2949/2837 2226/2941/2830 2237/2942/2831
f 2238/2949/2837 2237/2942/2831 2249/2950/2838
f 2249/2950/2838 2237/2942/2831 2248/2799/2695
f 2249/2950/2838 2248/2799/2695 2260/2801/2697
f 2109/2689/2591 2108/2943/2824 2186/2687/2589
f 2186/2687/2589 2108/2943/2824 2185/2944/2832
f 2186/2687/2589 2185/2944/2832 2197/2685/2587
f 2197/2685/2587 2185/2944/2832 2196/2945/2833
f 2197/2685/2587 2196/2945/2833 2207/2683/2585
f 2207/2683/2585 2196/2945/2833 2206/2946/2834
f 2207/2683/2585 2206/2946/2834 2217/2681/2583
f 2217/2681/2583 2206/2946/2834 2216/2947/2835
f 2217/2681/2583 2216/2947/2835 2228/2679/2581
f 2228/2679/2581 2216/2947/2835 2227/2948/2836
f 2228/2679/2581 2227/2948/2836 2239/2677/2579
f 2239/2677/2579 2227/2948/2836 2238/2949/2837
f 2239/2677/2579 2238/2949/2837 2250/2675/2577
f 2250/2675/2577 2238/2949/2837 2249/2950/2838
f 2250/2675/2577 2249/2950/2838 2261/2673/2575
f 2261/2673/2575 2249/2950/2838 2260/2801/2697
f 2261/2673/2575 2260/2801/2697 2271/2671/2573
f 2110/2692/2592 2111/2746/2644 2176/2694/2594
f 2176/2694/2594 2111/2746/2644 2177/2748/2646
f 2176/2694/2594 2177/2748/2646 2165/2696/2596
f 2165/2696/2596 2177/2748/2646 2166/2750/2648
f 2165/2696/2596 2166/2750/2648 2155/2698/2598
f 2155/2698/2598 2166/2750/2648 2156/2752/2650
f 2111/2744/2644 2110/2690/2592 2188/2742/2642
f 2188/2742/2642 2110/2690/2592 2187/2688/2590
f 2188/2742/2642 2187/2688/2590 2199/2740/2640
f 2199/2740/2640 2187/2688/2590 2198/2686/2588
f 2199/2740/2640 2198/2686/2588 2209/2738/2638
f 2209/2738/2638 2198/2686/2588 2208/2684/2586
f 2209/2738/2638 2208/2684/2586 2219/2736/2636
f 2219/2736/2636 2208/2684/2586 2218/2682/2584
f 2219/2736/2636 2218/2682/2584 2230/2734/2634
f 2230/2734/2634 2218/2682/2584 2229/2680/2582
f 2230/2734/2634 2229/2680/2582 2241/2732/2632
f 2241/2732/2632 2229/2680/2582 2240/2678/2580
f 2241/2732/2632 2240/2678/2580 2252/2730/2630
f 2252/2730/2630 2240/2678/2580 2251/2676/2578
f 2252/2730/2630 2251/2676/2578 2263/2728/2628
f 2263/2728/2628 2251/2676/2578 2262/2674/2576
f 2263/2728/2628 2262/2674/2576 2273/2726/2626
f 2273/2726/2626 2262/2674/2576 2272/2672/2574
f 2273/2726/2626 2272/2672/2574 2283/2724/2624
f 2283/2724/2624 2272/2672/2574 2282/2670/2572
f 2283/2724/2624 2282/2670/2572 2294/2722/2622
f 2294/2722/2622 2282/2670/2572 2293/2668/2570
f 2294/2722/2622 2293/2668/2570 2304/2720/2620
f 2304/2720/2620 2293/2668/2570 2303/2666/2568
f 2304/2720/2620 2303/2666/2568 2314/2718/2618
f 2314/2718/2618 2303/2666/2568 2313/2664/2566
f 2314/2718/2618 2313/2664/2566 2325/2716/2616
f 2325/2716/2616 2313/2664/2566 2324/2662/2564
f 2325/2716/2616 2324/2662/2564 2335/2714/2614
f 2335/2714/2614 2324/2662/2564 2334/2660/2562
f 2335/2714/2614 2334/2660/2562 2345/2712/2612
f 2345/2712/2612 2334/2660/2562 2344/2658/2560
f 2345/2712/2612 2344/2658/2560 2356/2710/2610
f 2356/2710/2610 2344/2658/2560 2355/2655/2557
f 2356/2710/2610 2355/2655/2557 2134/2653/2555
f 2132/2868/2763 2133/2709/2609 2114/2951/2839
f 2114/2951/2839 2133/2709/2609 2113/2708/2608
f 2114/2951/2839 2113/2708/2608 2136/2757/2655
f 2136/2757/2655 2113/2708/2608 2135/2707/2607
f 2131/2866/2761 2132/2868/2763 2115/2952/2840
f 2115/2952/2840 2132/2868/2763 2114/2951/2839
f 2115/2952/2840 2114/2951/2839 2137/2759/2657
f 2137/2759/2657 2114/2951/2839 2136/2757/2655
f 2130/2864/2759 2131/2866/2761 2116/2953/2841
f 2116/2953/2841 2131/2866/2761 2115/2952/2840
f 2116/2953/2841 2115/2952/2840 2138/2761/2659
f 2138/2761/2659 2115/2952/2840 2137/2759/2657
f 2129/2862/2757 2130/2864/2759 2117/2954/2842
f 2117/2954/2842 2130/2864/2759 2116/2953/2841
f 2117/2954/2842 2116/2953/2841 2139/2763/2661
f 2139/2763/2661 2116/2953/2841 2138/2761/2659
f 2128/2860/2755 2129/2862/2757 2118/2955/2843
f 2118/2955/2843 2129/2862/2757 2117/2954/2842
f 2118/2955/2843 2117/2954/2842 2140/2765/2663
f 2140/2765/2663 2117/2954/2842 2139/2763/2661
f 2127/2858/2753 2128/2860/2755 2119/2956/2844
f 2119/2956/2844 2128/2860/2755 2118/2955/2843
f 2119/2956/2844 2118/2955/2843 2141/2767/2665
f 2141/2767/2665 2118/2955/2843 2140/2765/2663
f 2126/2856/2751 2127/2858/2753 2120/2957/2845
f 2120/2957/2845 2127/2858/2753 2119/2956/2844
f 2120/2957/2845 2119/2956/2844 2142/2769/2667
f 2142/2769/2667 2119/2956/2844 2141/2767/2665
f 2125/2854/2749 2126/2856/2751 2121/2958/2846
f 2121/2958/2846 2126/2856/2751 2120/2957/2845
f 2121/2958/2846 2120/2957/2845 2143/2771/2669
f 2143/2771/2669 2120/2957/2845 2142/2769/2667
f 2124/2703/2603 2125/2854/2749 2122/2701/2601
f 2122/2701/2601 2125/2854/2749 2121/2958/2846
f 2122/2701/2601 2121/2958/2846 2144/2699/2599
f 2144/2699/2599 2121/2958/2846 2143/2771/2669
f 2211/2841/2737 2200/2741/2641 2210/2739/2639
f 2211/2841/2737 2210/2739/2639 2221/2959/2847
f 2221/2959/2847 2210/2739/2639 2220/2737/2637
f 2221/2959/2847 2220/2737/2637 2232/2960/2848
f 2232/2960/2848 2220/2737/2637 2231/2735/2635
f 2232/2960/2848 2231/2735/2635 2243/2961/2849
f 2243/2961/2849 2231/2735/2635 2242/2733/2633
f 2243/2961/2849 2242/2733/2633 2254/2962/2850
f 2254/2962/2850 2242/2733/2633 2253/2731/2631
f 2254/2962/2850 2253/2731/2631 2265/2963/2851
f 2265/2963/2851 2253/2731/2631 2264/2729/2629
f 2265/2963/2851 2264/2729/2629 2275/2884/2779
f 2233/2837/2733 2222/2839/2735 2221/2959/2847
f 2221/2959/2847 2222/2839/2735 2211/2841/2737
f 2233/2837/2733 2221/2959/2847 2232/2960/2848
f 2244/2835/2731 2233/2837/2733 2232/2960/2848
f 2244/2835/2731 2232/2960/2848 2243/2961/2849
f 2255/2903/2798 2244/2835/2731 2243/2961/2849
f 2255/2903/2798 2243/2961/2849 2254/2962/2850
f 2266/2901/2796 2255/2903/2798 2254/2962/2850
f 2266/2901/2796 2254/2962/2850 2265/2963/2851
f 2266/2901/2796 2265/2963/2851 2276/2964/2852
f 2276/2964/2852 2265/2963/2851 2275/2884/2779
f 2276/2964/2852 2275/2884/2779 2286/2882/2777
f 2285/2883/2778 2274/2727/2627 2284/2725/2625
f 2266/2901/2796 2276/2964/2852 2277/2898/2793
f 2277/2898/2793 2276/2964/2852 2287/2965/2853
f 2277/2898/2793 2287/2965/2853 2288/2896/2791
f 2288/2896/2791 2287/2965/2853 2299/2894/2789
f 2287/2965/2853 2276/2964/2852 2286/2882/2777
f 2285/2883/2778 2284/2725/2625 2296/2966/2854
f 2296/2966/2854 2284/2725/2625 2295/2723/2623
f 2296/2966/2854 2295/2723/2623 2306/2967/2855
f 2306/2967/2855 2295/2723/2623 2305/2721/2621
f 2306/2967/2855 2305/2721/2621 2316/2968/2856
f 2316/2968/2856 2305/2721/2621 2315/2719/2619
f 2316/2968/2856 2315/2719/2619 2327/2969/2857
f 2327/2969/2857 2315/2719/2619 2326/2717/2617
f 2327/2969/2857 2326/2717/2617 2337/2970/2858
f 2337/2970/2858 2326/2717/2617 2336/2715/2615
f 2337/2970/2858 2336/2715/2615 2347/2971/2859
f 2347/2971/2859 2336/2715/2615 2346/2713/2613
f 2347/2971/2859 2346/2713/2613 2358/2867/2762
f 2358/2867/2762 2346/2713/2613 2357/2711/2611
f 2299/2894/2789 2287/2965/2853 2298/2880/2775
f 2298/2880/2775 2287/2965/2853 2286/2882/2777
f 2285/2883/2778 2296/2966/2854 2297/2881/2776
f 2297/2881/2776 2296/2966/2854 2307/2972/2860
f 2297/2881/2776 2307/2972/2860 2308/2879/2774
f 2308/2879/2774 2307/2972/2860 2318/2973/2861
f 2308/2879/2774 2318/2973/2861 2319/2877/2772
f 2319/2877/2772 2318/2973/2861 2330/2974/2862
f 2319/2877/2772 2330/2974/2862 2331/2875/2770
f 2331/2875/2770 2330/2974/2862 2341/2975/2863
f 2331/2875/2770 2341/2975/2863 2342/2873/2768
f 2342/2873/2768 2341/2975/2863 2352/2976/2864
f 2342/2873/2768 2352/2976/2864 2353/2871/2766
f 2353/2871/2766 2352/2976/2864 2364/2855/2750
f 2353/2871/2766 2364/2855/2750 2365/2853/2748
f 2307/2972/2860 2296/2966/2854 2306/2967/2855
f 2310/2891/2786 2299/2894/2789 2309/2878/2773
f 2309/2878/2773 2299/2894/2789 2298/2880/2775
f 2307/2972/2860 2306/2967/2855 2317/2977/2865
f 2317/2977/2865 2306/2967/2855 2316/2968/2856
f 2317/2977/2865 2316/2968/2856 2328/2978/2866
f 2328/2978/2866 2316/2968/2856 2327/2969/2857
f 2328/2978/2866 2327/2969/2857 2338/2979/2867
f 2338/2979/2867 2327/2969/2857 2337/2970/2858
f 2338/2979/2867 2337/2970/2858 2348/2980/2868
f 2348/2980/2868 2337/2970/2858 2347/2971/2859
f 2348/2980/2868 2347/2971/2859 2359/2865/2760
f 2359/2865/2760 2347/2971/2859 2358/2867/2762
f 2321/2889/2784 2310/2891/2786 2320/2876/2771
f 2320/2876/2771 2310/2891/2786 2309/2878/2773
f 2307/2972/2860 2317/2977/2865 2318/2973/2861
f 2318/2973/2861 2317/2977/2865 2329/2981/2869
f 2318/2973/2861 2329/2981/2869 2330/2974/2862
f 2330/2974/2862 2329/2981/2869 2340/2982/2870
f 2330/2974/2862 2340/2982/2870 2341/2975/2863
f 2341/2975/2863 2340/2982/2870 2351/2983/2871
f 2341/2975/2863 2351/2983/2871 2352/2976/2864
f 2352/2976/2864 2351/2983/2871 2363/2857/2752
f 2352/2976/2864 2363/2857/2752 2364/2855/2750
f 2329/2981/2869 2317/2977/2865 2328/2978/2866
f 2332/2874/2769 2321/2889/2784 2320/2876/2771
f 2329/2981/2869 2328/2978/2866 2339/2984/2872
f 2339/2984/2872 2328/2978/2866 2338/2979/2867
f 2339/2984/2872 2338/2979/2867 2349/2985/2873
f 2349/2985/2873 2338/2979/2867 2348/2980/2868
f 2349/2985/2873 2348/2980/2868 2360/2863/2758
f 2360/2863/2758 2348/2980/2868 2359/2865/2760
f 2329/2981/2869 2339/2984/2872 2340/2982/2870
f 2340/2982/2870 2339/2984/2872 2350/2986/2874
f 2340/2982/2870 2350/2986/2874 2351/2983/2871
f 2351/2983/2871 2350/2986/2874 2362/2859/2754
f 2351/2983/2871 2362/2859/2754 2363/2857/2752
f 2350/2986/2874 2339/2984/2872 2349/2985/2873
f 2360/2863/2758 2361/2861/2756 2349/2985/2873
f 2349/2985/2873 2361/2861/2756 2350/2986/2874
f 2361/2861/2756 2362/2859/2754 2350/2986/2874
f 2367/2987/2875 2079/2988/2554 2366/2989/2876
f 2366/2989/2876 2079/2988/2554 2078/2990/2556
f 2366/2991/2876 2078/2992/2556 2389/2993/2877
f 2389/2993/2877 2078/2992/2556 2101/2994/2558
f 2389/2993/2877 2101/2994/2558 2388/2995/2878
f 2388/2995/2878 2101/2994/2558 2100/2996/2559
f 2388/2995/2878 2100/2996/2559 2387/2997/2879
f 2387/2997/2879 2100/2996/2559 2099/2998/2728
f 2387/2997/2879 2099/2998/2728 2386/2999/2880
f 2386/2999/2880 2099/2998/2728 2098/3000/2727
f 2386/2999/2880 2098/3000/2727 2385/3001/2881
f 2385/3001/2881 2098/3000/2727 2097/3002/2725
f 2385/3001/2881 2097/3002/2725 2384/3003/2882
f 2384/3003/2882 2097/3002/2725 2096/3004/2724
f 2384/3003/2882 2096/3004/2724 2383/3005/2883
f 2383/3005/2883 2096/3004/2724 2095/3006/2723
f 2383/3005/2883 2095/3006/2723 2382/3007/2884
f 2382/3007/2884 2095/3006/2723 2094/3008/2719
f 2382/3007/2884 2094/3008/2719 2381/3009/2885
f 2381/3009/2885 2094/3008/2719 2093/3010/2718
f 2381/3009/2885 2093/3010/2718 2380/3011/2886
f 2380/3011/2886 2093/3010/2718 2092/3012/2717
f 2380/3011/2886 2092/3012/2717 2379/3013/2887
f 2379/3013/2887 2092/3012/2717 2091/3014/2711
f 2379/3013/2887 2091/3014/2711 2378/3015/2888
f 2378/3015/2888 2091/3014/2711 2090/3016/2705
f 2378/3015/2888 2090/3016/2705 2377/3017/2889
f 2377/3017/2889 2090/3016/2705 2089/3018/2699
f 2377/3017/2889 2089/3018/2699 2376/3019/2890
f 2376/3019/2890 2089/3018/2699 2088/3020/2688
f 2376/3019/2890 2088/3020/2688 2375/3021/2891
f 2375/3021/2891 2088/3020/2688 2087/3022/2686
f 2375/3021/2891 2087/3022/2686 2374/3023/2892
f 2374/3023/2892 2087/3022/2686 2086/3024/2685
f 2374/3023/2892 2086/3024/2685 2373/3025/2893
f 2373/3025/2893 2086/3024/2685 2085/3026/2683
f 2373/3025/2893 2085/3026/2683 2372/3027/2894
f 2372/3027/2894 2085/3026/2683 2084/3028/2681
f 2372/3027/2894 2084/3028/2681 2371/3029/2895
f 2371/3029/2895 2084/3028/2681 2083/3030/2679
f 2371/3029/2895 2083/3030/2679 2370/3031/2896
f 2370/3031/2896 2083/3030/2679 2082/3032/2670
f 2370/3031/2896 2082/3032/2670 2369/3033/2897
f 2369/3033/2897 2082/3032/2670 2081/3034/2653
f 2369/3033/2897 2081/3034/2653 2368/3035/2898
f 2368/3035/2898 2081/3034/2653 2080/3036/2606
f 2368/3035/2898 2080/3036/2606 2367/2987/2875
f 2367/2987/2875 2080/3036/2606 2079/2988/2554
f 2389/3037/2899 2393/3038/2900 2366/3039/2901
f 2366/3039/2901 2393/3038/2900 2398/3040/2902
f 2366/3039/2901 2398/3040/2902 2367/3041/2903
f 2367/3041/2903 2398/3040/2902 2459/3042/2904
f 2367/3041/2903 2459/3042/2904 2368/3043/2905
f 2368/3043/2905 2459/3042/2904 2456/3044/2906
f 2368/3043/2905 2456/3044/2906 2369/3045/2907
f 2369/3045/2907 2456/3044/2906 2453/3046/2908
f 2369/3045/2907 2453/3046/2908 2370/3047/2909
f 2370/3047/2909 2453/3046/2908 2450/3048/2910
f 2370/3047/2909 2450/3048/2910 2371/3049/2911
f 2371/3049/2911 2450/3048/2910 2447/3050/2912
f 2371/3049/2911 2447/3050/2912 2372/3051/2913
f 2372/3051/2913 2447/3050/2912 2444/3052/2914
f 2372/3051/2913 2444/3052/2914 2373/3053/2915
f 2373/3053/2915 2444/3052/2914 2441/3054/2916
f 2373/3053/2915 2441/3054/2916 2374/3055/2917
f 2374/3055/2917 2441/3054/2916 2438/3056/2918
f 2374/3055/2917 2438/3056/2918 2375/3057/2919
f 2375/3057/2919 2438/3056/2918 2435/3058/2920
f 2375/3057/2919 2435/3058/2920 2376/3059/2921
f 2376/3059/2921 2435/3058/2920 2432/3060/2922
f 2376/3059/2921 2432/3060/2922 2377/3061/2923
f 2377/3061/2923 2432/3060/2922 2429/3062/2924
f 2377/3061/2923 2429/3062/2924 2378/3063/2925
f 2378/3063/2925 2429/3062/2924 2390/3064/2926
f 2378/3065/2925 2390/3066/2926 2379/3067/2927
f 2379/3067/2927 2390/3066/2926 2426/3068/2928
f 2379/3067/2927 2426/3068/2928 2380/3069/2929
f 2380/3069/2929 2426/3068/2928 2423/3070/2930
f 2380/3069/2929 2423/3070/2930 2381/3071/2931
f 2381/3071/2931 2423/3070/2930 2420/3072/2932
f 2381/3071/2931 2420/3072/2932 2382/3073/2933
f 2382/3073/2933 2420/3072/2932 2417/3074/2934
f 2382/3073/2933 2417/3074/2934 2383/3075/2935
f 2383/3075/2935 2417/3074/2934 2414/3076/2936
f 2383/3075/2935 2414/3076/2936 2384/3077/2937
f 2384/3077/2937 2414/3076/2936 2411/3078/2938
f 2384/3077/2937 2411/3078/2938 2385/3079/2939
f 2385/3079/2939 2411/3078/2938 2408/3080/2940
f 2385/3079/2939 2408/3080/2940 2386/3081/2941
f 2386/3081/2941 2408/3080/2940 2405/3082/2942
f 2386/3081/2941 2405/3082/2942 2387/3083/2943
f 2387/3083/2943 2405/3082/2942 2402/3084/2944
f 2387/3083/2943 2402/3084/2944 2388/3085/2945
f 2388/3085/2945 2402/3084/2944 2399/3086/2946
f 2388/3085/2945 2399/3086/2946 2389/3037/2899
f 2389/3037/2899 2399/3086/2946 2393/3038/2900
f 1453/3087/2947 2443/3088/2948 1430/3089/2949
f 1430/3089/2949 2443/3088/2948 2446/3090/2950
f 1430/3089/2949 2446/3090/2950 1431/3091/2951
f 1431/3091/2951 2446/3090/2950 2449/3092/2952
f 1431/3091/2951 2449/3092/2952 1432/3093/2953
f 1432/3093/2953 2449/3092/2952 2452/3094/2954
f 1432/3093/2953 2452/3094/2954 1433/3095/2955
f 1433/3095/2955 2452/3094/2954 2455/3096/2956
f 1433/3095/2955 2455/3096/2956 1434/3097/2957
f 1434/3097/2957 2455/3096/2956 2458/3098/2958
f 1434/3097/2957 2458/3098/2958 1435/3099/2959
f 1435/3099/2959 2458/3098/2958 2461/3100/2960
f 1435/3099/2959 2461/3100/2960 1436/3101/2961
f 1436/3101/2961 2461/3100/2960 2396/3102/2962
f 1436/3101/2961 2396/3102/2962 1437/3103/2963
f 1437/3103/2963 2396/3102/2962 2395/3104/2964
f 1437/3103/2963 2395/3104/2964 1438/3105/2965
f 1438/3105/2965 2395/3104/2964 2401/3106/2966
f 1438/3105/2965 2401/3106/2966 1439/3107/2967
f 1439/3107/2967 2401/3106/2966 2404/3108/2968
f 1439/3107/2967 2404/3108/2968 1440/3109/2969
f 1440/3109/2969 2404/3108/2968 2407/3110/2970
f 1440/3109/2969 2407/3110/2970 1441/3111/2971
f 1441/3111/2971 2407/3110/2970 2410/3112/2972
f 1441/3111/2971 2410/3112/2972 1442/3113/2973
f 1442/3113/2973 2410/3112/2972 2413/3114/2974
f 1442/3113/2973 2413/3114/2974 1443/3115/2975
f 1443/3115/2975 2413/3114/2974 2416/3116/2976
f 1443/3115/2975 2416/3116/2976 1444/3117/2977
f 1444/3117/2977 2416/3116/2976 2419/3118/2978
f 1444/3117/2977 2419/3118/2978 1445/3119/2979
f 1445/3119/2979 2419/3118/2978 2422/3120/2980
f 1445/3119/2979 2422/3120/2980 1446/3121/2981
f 1446/3121/2981 2422/3120/2980 2425/3122/2982
f 1446/3121/2981 2425/3122/2982 1447/3123/2983
f 1447/3123/2983 2425/3122/2982 2428/3124/2984
f 1447/3123/2983 2428/3124/2984 1448/3125/2985
f 1448/3125/2985 2428/3124/2984 2392/3126/2986
f 1448/3127/2985 2392/3128/2986 1449/3129/2987
f 1449/3129/2987 2392/3128/2986 2431/3130/2988
f 1449/3129/2987 2431/3130/2988 1450/3131/2989
f 1450/3131/2989 2431/3130/2988 2434/3132/2990
f 1450/3131/2989 2434/3132/2990 1451/3133/2991
f 1451/3133/2991 2434/3132/2990 2437/3134/2992
f 1451/3133/2991 2437/3134/2992 1452/3135/2993
f 1452/3135/2993 2437/3134/2992 2440/3136/2994
f 1452/3135/2993 2440/3136/2994 1453/3087/2947
f 1453/3087/2947 2440/3136/2994 2443/3088/2948
f 2390/3066/2926 2391/3137/2995 2426/3068/2928
f 2426/3068/2928 2391/3137/2995 2427/3138/2996
f 2426/3068/2928 2427/3138/2996 2423/3070/2930
f 2423/3070/2930 2427/3138/2996 2424/3139/2997
f 2423/3070/2930 2424/3139/2997 2420/3072/2932
f 2420/3072/2932 2424/3139/2997 2421/3140/2998
f 2420/3072/2932 2421/3140/2998 2417/3074/2934
f 2417/3074/2934 2421/3140/2998 2418/3141/2999
f 2417/3074/2934 2418/3141/2999 2414/3076/2936
f 2414/3076/2936 2418/3141/2999 2415/3142/3000
f 2414/3076/2936 2415/3142/3000 2411/3078/2938
f 2411/3078/2938 2415/3142/3000 2412/3143/3001
f 2411/3078/2938 2412/3143/3001 2408/3080/2940
f 2408/3080/2940 2412/3143/3001 2409/3144/3002
f 2408/3080/2940 2409/3144/3002 2405/3082/2942
f 2405/3082/2942 2409/3144/3002 2406/3145/3003
f 2405/3082/2942 2406/3145/3003 2402/3084/2944
f 2402/3084/2944 2406/3145/3003 2403/3146/3004
f 2402/3084/2944 2403/3146/3004 2399/3086/2946
f 2399/3086/2946 2403/3146/3004 2400/3147/3005
f 2399/3086/2946 2400/3147/3005 2393/3038/2900
f 2393/3038/2900 2400/3147/3005 2394/3148/3006
f 2393/3038/2900 2394/3148/3006 2398/3040/2902
f 2398/3040/2902 2394/3148/3006 2397/3149/3007
f 2398/3040/2902 2397/3149/3007 2459/3042/2904
f 2459/3042/2904 2397/3149/3007 2460/3150/3008
f 2459/3042/2904 2460/3150/3008 2456/3044/2906
f 2456/3044/2906 2460/3150/3008 2457/3151/3009
f 2456/3044/2906 2457/3151/3009 2453/3046/2908
f 2453/3046/2908 2457/3151/3009 2454/3152/3010
f 2453/3046/2908 2454/3152/3010 2450/3048/2910
f 2450/3048/2910 2454/3152/3010 2451/3153/3011
f 2450/3048/2910 2451/3153/3011 2447/3050/2912
f 2447/3050/2912 2451/3153/3011 2448/3154/3012
f 2447/3050/2912 2448/3154/3012 2444/3052/2914
f 2444/3052/2914 2448/3154/3012 2445/3155/3013
f 2444/3052/2914 2445/3155/3013 2441/3054/2916
f 2441/3054/2916 2445/3155/3013 2442/3156/3014
f 2441/3054/2916 2442/3156/3014 2438/3056/2918
f 2438/3056/2918 2442/3156/3014 2439/3157/3015
f 2438/3056/2918 2439/3157/3015 2435/3058/2920
f 2435/3058/2920 2439/3157/3015 2436/3158/3016
f 2435/3058/2920 2436/3158/3016 2432/3060/2922
f 2432/3060/2922 2436/3158/3016 2433/3159/3017
f 2432/3060/2922 2433/3159/3017 2429/3062/2924
f 2429/3062/2924 2433/3159/3017 2430/3160/3018
f 2429/3062/2924 2430/3160/3018 2390/3064/2926
f 2390/3064/2926 2430/3160/3018 2391/3161/2995
f 2391/3137/2995 2392/3126/2986 2427/3138/2996
f 2427/3138/2996 2392/3126/2986 2428/3124/2984
f 2427/3138/2996 2428/3124/2984 2424/3139/2997
f 2424/3139/2997 2428/3124/2984 2425/3122/2982
f 2424/3139/2997 2425/3122/2982 2421/3140/2998
f 2421/3140/2998 2425/3122/2982 2422/3120/2980
f 2421/3140/2998 2422/3120/2980 2418/3141/2999
f 2418/3141/2999 2422/3120/2980 2419/3118/2978
f 2418/3141/2999 2419/3118/2978 2415/3142/3000
f 2415/3142/3000 2419/3118/2978 2416/3116/2976
f 2415/3142/3000 2416/3116/2976 2412/3143/3001
f 2412/3143/3001 2416/3116/2976 2413/3114/2974
f 2412/3143/3001 2413/3114/2974 2409/3144/3002
f 2409/3144/3002 2413/3114/2974 2410/3112/2972
f 2409/3144/3002 2410/3112/2972 2406/3145/3003
f 2406/3145/3003 2410/3112/2972 2407/3110/2970
f 2406/3145/3003 2407/3110/2970 2403/3146/3004
f 2403/3146/3004 2407/3110/2970 2404/3108/2968
f 2403/3146/3004 2404/3108/2968 2400/3147/3005
f 2400/3147/3005 2404/3108/2968 2401/3106/2966
f 2400/3147/3005 2401/3106/2966 2394/3148/3006
f 2394/3148/3006 2401/3106/2966 2395/3104/2964
f 2394/3148/3006 2395/3104/2964 2397/3149/3007
f 2397/3149/3007 2395/3104/2964 2396/3102/2962
f 2397/3149/3007 2396/3102/2962 2460/3150/3008
f 2460/3150/3008 2396/3102/2962 2461/3100/2960
f 2460/3150/3008 2461/3100/2960 2457/3151/3009
f 2457/3151/3009 2461/3100/2960 2458/3098/2958
f 2457/3151/3009 2458/3098/2958 2454/3152/3010
f 2454/3152/3010 2458/3098/2958 2455/3096/2956
f 2454/3152/3010 2455/3096/2956 2451/3153/3011
f 2451/3153/3011 2455/3096/2956 2452/3094/2954
f 2451/3153/3011 2452/3094/2954 2448/3154/3012
f 2448/3154/3012 2452/3094/2954 2449/3092/2952
f 2448/3154/3012 2449/3092/2952 2445/3155/3013
f 2445/3155/3013 2449/3092/2952 2446/3090/2950
f 2445/3155/3013 2446/3090/2950 2442/3156/3014
f 2442/3156/3014 2446/3090/2950 2443/3088/2948
f 2442/3156/3014 2443/3088/2948 2439/3157/3015
f 2439/3157/3015 2443/3088/2948 2440/3136/2994
f 2439/3157/3015 2440/3136/2994 2436/3158/3016
f 2436/3158/3016 2440/3136/2994 2437/3134/2992
f 2436/3158/3016 2437/3134/2992 2433/3159/3017
f 2433/3159/3017 2437/3134/2992 2434/3132/2990
f 2433/3159/3017 2434/3132/2990 2430/3160/3018
f 2430/3160/3018 2434/3132/2990 2431/3130/2988
f 2430/3160/3018 2431/3130/2988 2391/3161/2995
f 2391/3161/2995 2431/3130/2988 2392/3128/2986
f 2463/3162/3019 2522/3163/3020 2462/3164/3021
f 2462/3164/3021 2522/3163/3020 2527/3165/3022
f 2462/3164/3021 2527/3165/3022 2489/3166/3023
f 2489/3166/3023 2527/3165/3022 2603/3167/3024
f 2489/3166/3023 2603/3167/3024 2488/3168/3025
f 2488/3168/3025 2603/3167/3024 2600/3169/3026
f 2488/3168/3025 2600/3169/3026 2487/3170/3027
f 2487/3170/3027 2600/3169/3026 2597/3171/3028
f 2487/3170/3027 2597/3171/3028 2486/3172/3029
f 2486/3172/3029 2597/3171/3028 2594/3173/3030
f 2486/3172/3029 2594/3173/3030 2485/3174/3031
f 2485/3174/3031 2594/3173/3030 2591/3175/3032
f 2485/3174/3031 2591/3175/3032 2484/3176/3033
f 2484/3176/3033 2591/3175/3032 2588/3177/3034
f 2484/3176/3033 2588/3177/3034 2483/3178/3035
f 2483/3178/3035 2588/3177/3034 2519/3179/3036
f 2483/3180/3035 2519/3181/3036 2585/3182/3037
f 2585/3182/3037 2519/3181/3036 2520/3183/3038
f 2585/3182/3037 2520/3183/3038 2586/3184/3039
f 2586/3184/3039 2520/3183/3038 2521/3185/3040
f 2586/3184/3039 2521/3185/3040 2587/3186/3041
f 2587/3186/3041 2521/3185/3040 2498/3187/3042
f 2587/3186/3041 2498/3187/3042 2499/3188/3043
f 2522/3163/3020 2463/3162/3019 2528/3189/3044
f 2528/3189/3044 2463/3162/3019 2464/3190/3045
f 2528/3189/3044 2464/3190/3045 2531/3191/3046
f 2531/3191/3046 2464/3190/3045 2465/3192/3047
f 2531/3191/3046 2465/3192/3047 2534/3193/3048
f 2534/3193/3048 2465/3192/3047 2466/3194/3049
f 2534/3193/3048 2466/3194/3049 2537/3195/3050
f 2537/3195/3050 2466/3194/3049 2467/3196/3051
f 2537/3195/3050 2467/3196/3051 2540/3197/3052
f 2540/3197/3052 2467/3196/3051 2468/3198/3053
f 2540/3197/3052 2468/3198/3053 2543/3199/3054
f 2543/3199/3054 2468/3198/3053 2469/3200/3055
f 2543/3199/3054 2469/3200/3055 2546/3201/3056
f 2546/3201/3056 2469/3200/3055 2470/3202/3057
f 2546/3201/3056 2470/3202/3057 2549/3203/3058
f 2549/3203/3058 2470/3202/3057 2471/3204/3059
f 2549/3203/3058 2471/3204/3059 2552/3205/3060
f 2552/3205/3060 2471/3204/3059 2472/3206/3061
f 2552/3205/3060 2472/3206/3061 2555/3207/3062
f 2555/3207/3062 2472/3206/3061 2473/3208/3063
f 2555/3207/3062 2473/3208/3063 2558/3209/3064
f 2558/3209/3064 2473/3208/3063 2474/3210/3065
f 2558/3209/3064 2474/3210/3065 2561/3211/3066
f 2561/3211/3066 2474/3210/3065 2475/3212/3067
f 2561/3211/3066 2475/3212/3067 2564/3213/3068
f 2564/3213/3068 2475/3212/3067 2476/3214/3069
f 2564/3213/3068 2476/3214/3069 2567/3215/3070
f 2567/3215/3070 2476/3214/3069 2477/3216/3071
f 2567/3215/3070 2477/3216/3071 2570/3217/3072
f 2570/3217/3072 2477/3216/3071 2478/3218/3073
f 2570/3217/3072 2478/3218/3073 2573/3219/3074
f 2573/3219/3074 2478/3218/3073 2479/3220/3075
f 2573/3219/3074 2479/3220/3075 2576/3221/3076
f 2576/3221/3076 2479/3220/3075 2480/3222/3077
f 2576/3221/3076 2480/3222/3077 2579/3223/3078
f 2579/3223/3078 2480/3222/3077 2481/3224/3079
f 2579/3223/3078 2481/3224/3079 2582/3225/3080
f 2582/3225/3080 2481/3224/3079 2482/3226/3081
f 2582/3225/3080 2482/3226/3081 2585/3182/3037
f 2585/3182/3037 2482/3226/3081 2483/3180/3035
f 2491/3227/3082 2525/3228/3083 2490/3229/3084
f 2490/3229/3084 2525/3228/3083 2524/3230/3085
f 2490/3229/3084 2524/3230/3085 2518/3231/3086
f 2518/3231/3086 2524/3230/3085 2530/3232/3087
f 2518/3231/3086 2530/3232/3087 2517/3233/3088
f 2517/3233/3088 2530/3232/3087 2533/3234/3089
f 2517/3233/3088 2533/3234/3089 2516/3235/3090
f 2516/3235/3090 2533/3234/3089 2536/3236/3091
f 2516/3235/3090 2536/3236/3091 2515/3237/3092
f 2515/3237/3092 2536/3236/3091 2539/3238/3093
f 2515/3237/3092 2539/3238/3093 2514/3239/3094
f 2514/3239/3094 2539/3238/3093 2542/3240/3095
f 2514/3239/3094 2542/3240/3095 2513/3241/3096
f 2513/3241/3096 2542/3240/3095 2545/3242/3097
f 2513/3241/3096 2545/3242/3097 2512/3243/3098
f 2512/3243/3098 2545/3242/3097 2548/3244/3099
f 2512/3243/3098 2548/3244/3099 2511/3245/3100
f 2511/3245/3100 2548/3244/3099 2551/3246/3101
f 2511/3245/3100 2551/3246/3101 2510/3247/3102
f 2510/3247/3102 2551/3246/3101 2554/3248/3103
f 2510/3247/3102 2554/3248/3103 2509/3249/3104
f 2509/3249/3104 2554/3248/3103 2557/3250/3105
f 2509/3249/3104 2557/3250/3105 2508/3251/3106
f 2508/3251/3106 2557/3250/3105 2560/3252/3107
f 2508/3251/3106 2560/3252/3107 2507/3253/3108
f 2507/3253/3108 2560/3252/3107 2563/3254/3109
f 2507/3253/3108 2563/3254/3109 2506/3255/3110
f 2506/3255/3110 2563/3254/3109 2566/3256/3111
f 2506/3255/3110 2566/3256/3111 2505/3257/3112
f 2505/3257/3112 2566/3256/3111 2569/3258/3113
f 2505/3257/3112 2569/3258/3113 2504/3259/3114
f 2504/3259/3114 2569/3258/3113 2572/3260/3115
f 2504/3259/3114 2572/3260/3115 2503/3261/3116
f 2503/3261/3116 2572/3260/3115 2575/3262/3117
f 2503/3261/3116 2575/3262/3117 2502/3263/3118
f 2502/3263/3118 2575/3262/3117 2578/3264/3119
f 2502/3263/3118 2578/3264/3119 2501/3265/3120
f 2501/3265/3120 2578/3264/3119 2581/3266/3121
f 2501/3265/3120 2581/3266/3121 2500/3267/3122
f 2500/3267/3122 2581/3266/3121 2584/3268/3123
f 2500/3267/3122 2584/3268/3123 2499/3188/3043
f 2499/3188/3043 2584/3268/3123 2587/3186/3041
f 2525/3228/3083 2491/3227/3082 2605/3269/3124
f 2605/3269/3124 2491/3227/3082 2492/3270/3125
f 2605/3269/3124 2492/3270/3125 2602/3271/3126
f 2602/3271/3126 2492/3270/3125 2493/3272/3127
f 2602/3271/3126 2493/3272/3127 2599/3273/3128
f 2599/3273/3128 2493/3272/3127 2494/3274/3129
f 2599/3273/3128 2494/3274/3129 2596/3275/3130
f 2596/3275/3130 2494/3274/3129 2495/3276/3131
f 2596/3275/3130 2495/3276/3131 2593/3277/3132
f 2593/3277/3132 2495/3276/3131 2496/3278/3133
f 2593/3277/3132 2496/3278/3133 2590/3279/3134
f 2590/3279/3134 2496/3278/3133 2497/3280/3135
f 2590/3279/3134 2497/3280/3135 2521/3281/3040
f 2521/3185/3040 2497/3282/3135 2498/3187/3042
f 2590/3279/3134 2521/3281/3040 2520/3283/3038
f 2520/3283/3038 2519/3179/3036 2589/3284/3136
f 2589/3284/3136 2519/3179/3036 2588/3177/3034
f 2589/3284/3136 2588/3177/3034 2592/3285/3137
f 2592/3285/3137 2588/3177/3034 2591/3175/3032
f 2592/3285/3137 2591/3175/3032 2595/3286/3138
f 2595/3286/3138 2591/3175/3032 2594/3173/3030
f 2595/3286/3138 2594/3173/3030 2598/3287/3139
f 2598/3287/3139 2594/3173/3030 2597/3171/3028
f 2598/3287/3139 2597/3171/3028 2601/3288/3140
f 2601/3288/3140 2597/3171/3028 2600/3169/3026
f 2601/3288/3140 2600/3169/3026 2604/3289/3141
f 2604/3289/3141 2600/3169/3026 2603/3167/3024
f 2604/3289/3141 2603/3167/3024 2526/3290/3142
f 2526/3290/3142 2603/3167/3024 2527/3165/3022
f 2526/3290/3142 2527/3165/3022 2523/3291/3143
f 2523/3291/3143 2527/3165/3022 2522/3163/3020
f 2523/3291/3143 2522/3163/3020 2529/3292/3144
f 2529/3292/3144 2522/3163/3020 2528/3189/3044
f 2529/3292/3144 2528/3189/3044 2532/3293/3145
f 2532/3293/3145 2528/3189/3044 2531/3191/3046
f 2532/3293/3145 2531/3191/3046 2535/3294/3146
f 2535/3294/3146 2531/3191/3046 2534/3193/3048
f 2535/3294/3146 2534/3193/3048 2538/3295/3147
f 2538/3295/3147 2534/3193/3048 2537/3195/3050
f 2538/3295/3147 2537/3195/3050 2541/3296/3148
f 2541/3296/3148 2537/3195/3050 2540/3197/3052
f 2541/3296/3148 2540/3197/3052 2544/3297/3149
f 2544/3297/3149 2540/3197/3052 2543/3199/3054
f 2544/3297/3149 2543/3199/3054 2547/3298/3150
f 2547/3298/3150 2543/3199/3054 2546/3201/3056
f 2547/3298/3150 2546/3201/3056 2550/3299/3151
f 2550/3299/3151 2546/3201/3056 2549/3203/3058
f 2550/3299/3151 2549/3203/3058 2553/3300/3152
f 2553/3300/3152 2549/3203/3058 2552/3205/3060
f 2553/3300/3152 2552/3205/3060 2556/3301/3153
f 2556/3301/3153 2552/3205/3060 2555/3207/3062
f 2556/3301/3153 2555/3207/3062 2559/3302/3154
f 2559/3302/3154 2555/3207/3062 2558/3209/3064
f 2559/3302/3154 2558/3209/3064 2562/3303/3155
f 2562/3303/3155 2558/3209/3064 2561/3211/3066
f 2562/3303/3155 2561/3211/3066 2565/3304/3156
f 2565/3304/3156 2561/3211/3066 2564/3213/3068
f 2565/3304/3156 2564/3213/3068 2568/3305/3157
f 2568/3305/3157 2564/3213/3068 2567/3215/3070
f 2568/3305/3157 2567/3215/3070 2571/3306/3158
f 2571/3306/3158 2567/3215/3070 2570/3217/3072
f 2571/3306/3158 2570/3217/3072 2574/3307/3159
f 2574/3307/3159 2570/3217/3072 2573/3219/3074
f 2574/3307/3159 2573/3219/3074 2577/3308/3160
f 2577/3308/3160 2573/3219/3074 2576/3221/3076
f 2577/3308/3160 2576/3221/3076 2580/3309/3161
f 2580/3309/3161 2576/3221/3076 2579/3223/3078
f 2580/3309/3161 2579/3223/3078 2583/3310/3162
f 2583/3310/3162 2579/3223/3078 2582/3225/3080
f 2583/3310/3162 2582/3225/3080 2586/3184/3039
f 2586/3184/3039 2582/3225/3080 2585/3182/3037
f 2523/3291/3143 2524/3230/3085 2526/3290/3142
f 2526/3290/3142 2524/3230/3085 2525/3228/3083
f 2526/3290/3142 2525/3228/3083 2604/3289/3141
f 2604/3289/3141 2525/3228/3083 2605/3269/3124
f 2604/3289/3141 2605/3269/3124 2601/3288/3140
f 2601/3288/3140 2605/3269/3124 2602/3271/3126
f 2601/3288/3140 2602/3271/3126 2598/3287/3139
f 2598/3287/3139 2602/3271/3126 2599/3273/3128
f 2598/3287/3139 2599/3273/3128 2595/3286/3138
f 2595/3286/3138 2599/3273/3128 2596/3275/3130
f 2595/3286/3138 2596/3275/3130 2592/3285/3137
f 2592/3285/3137 2596/3275/3130 2593/3277/3132
f 2592/3285/3137 2593/3277/3132 2589/3284/3136
f 2589/3284/3136 2593/3277/3132 2590/3279/3134
f 2589/3284/3136 2590/3279/3134 2520/3283/3038
f 2524/3230/3085 2523/3291/3143 2530/3232/3087
f 2530/3232/3087 2523/3291/3143 2529/3292/3144
f 2530/3232/3087 2529/3292/3144 2533/3234/3089
f 2533/3234/3089 2529/3292/3144 2532/3293/3145
f 2533/3234/3089 2532/3293/3145 2536/3236/3091
f 2536/3236/3091 2532/3293/3145 2535/3294/3146
f 2536/3236/3091 2535/3294/3146 2539/3238/3093
f 2539/3238/3093 2535/3294/3146 2538/3295/3147
f 2539/3238/3093 2538/3295/3147 2542/3240/3095
f 2542/3240/3095 2538/3295/3147 2541/3296/3148
f 2542/3240/3095 2541/3296/3148 2545/3242/3097
f 2545/3242/3097 2541/3296/3148 2544/3297/3149
f 2545/3242/3097 2544/3297/3149 2548/3244/3099
f 2548/3244/3099 2544/3297/3149 2547/3298/3150
f 2548/3244/3099 2547/3298/3150 2551/3246/3101
f 2551/3246/3101 2547/3298/3150 2550/3299/3151
f 2551/3246/3101 2550/3299/3151 2554/3248/3103
f 2554/3248/3103 2550/3299/3151 2553/3300/3152
f 2554/3248/3103 2553/3300/3152 2557/3250/3105
f 2557/3250/3105 2553/3300/3152 2556/3301/3153
f 2557/3250/3105 2556/3301/3153 2560/3252/3107
f 2560/3252/3107 2556/3301/3153 2559/3302/3154
f 2560/3252/3107 2559/3302/3154 2563/3254/3109
f 2563/3254/3109 2559/3302/3154 2562/3303/3155
f 2563/3254/3109 2562/3303/3155 2566/3256/3111
f 2566/3256/3111 2562/3303/3155 2565/3304/3156
f 2566/3256/3111 2565/3304/3156 2569/3258/3113
f 2569/3258/3113 2565/3304/3156 2568/3305/3157
f 2569/3258/3113 2568/3305/3157 2572/3260/3115
f 2572/3260/3115 2568/3305/3157 2571/3306/3158
f 2572/3260/3115 2571/3306/3158 2575/3262/3117
f 2575/3262/3117 2571/3306/3158 2574/3307/3159
f 2575/3262/3117 2574/3307/3159 2578/3264/3119
f 2578/3264/3119 2574/3307/3159 2577/3308/3160
f 2578/3264/3119 2577/3308/3160 2581/3266/3121
f 2581/3266/3121 2577/3308/3160 2580/3309/3161
f 2581/3266/3121 2580/3309/3161 2584/3268/3123
f 2584/3268/3123 2580/3309/3161 2583/3310/3162
f 2584/3268/3123 2583/3310/3162 2587/3186/3041
f 2587/3186/3041 2583/3310/3162 2586/3184/3039
f 2634/3311/3163 2606/3312/3164 2490/3313/3084
f 2490/3313/3084 2606/3312/3164 2607/3314/3165
f 2490/3313/3084 2607/3314/3165 2491/3315/3082
f 2491/3315/3082 2607/3314/3165 2608/3316/3166
f 2491/3315/3082 2608/3316/3166 2492/3317/3125
f 2492/3317/3125 2608/3316/3166 2609/3318/3167
f 2492/3317/3125 2609/3318/3167 2493/3319/3127
f 2493/3319/3127 2609/3318/3167 2610/3320/3168
f 2493/3319/3127 2610/3320/3168 2494/3321/3129
f 2494/3321/3129 2610/3320/3168 2611/3322/3169
f 2494/3321/3129 2611/3322/3169 2495/3323/3131
f 2495/3323/3131 2611/3322/3169 2612/3324/3170
f 2495/3323/3131 2612/3324/3170 2496/3325/3133
f 2496/3325/3133 2612/3324/3170 2613/3326/3171
f 2496/3325/3133 2613/3326/3171 2497/3327/3135
f 2497/3327/3135 2613/3326/3171 2498/3328/3042
f 2498/3328/3042 2613/3326/3171 2614/3329/3172
f 2498/3328/3042 2614/3329/3172 2499/3330/3043
f 2499/3330/3043 2614/3329/3172 2615/3331/3173
f 2499/3330/3043 2615/3331/3173 2500/3332/3122
f 2500/3332/3122 2615/3331/3173 2616/3333/3174
f 2500/3332/3122 2616/3333/3174 2501/3334/3120
f 2501/3334/3120 2616/3333/3174 2617/3335/3175
f 2501/3334/3120 2617/3335/3175 2502/3336/3118
f 2502/3336/3118 2617/3335/3175 2618/3337/3176
f 2502/3336/3118 2618/3337/3176 2503/3338/3116
f 2503/3338/3116 2618/3337/3176 2619/3339/3177
f 2503/3338/3116 2619/3339/3177 2504/3340/3114
f 2504/3340/3114 2619/3339/3177 2620/3341/3178
f 2504/3340/3114 2620/3341/3178 2621/3342/3179
f 2504/3340/3114 2621/3342/3179 2505/3343/3112
f 2505/3343/3112 2621/3342/3179 2622/3344/3180
f 2505/3343/3112 2622/3344/3180 2506/3345/3110
f 2506/3345/3110 2622/3344/3180 2623/3346/3181
f 2506/3345/3110 2623/3346/3181 2507/3347/3108
f 2507/3347/3108 2623/3346/3181 2624/3348/3182
f 2507/3347/3108 2624/3348/3182 2508/3349/3106
f 2508/3349/3106 2624/3348/3182 2625/3350/3183
f 2508/3349/3106 2625/3350/3183 2509/3351/3104
f 2509/3351/3104 2625/3350/3183 2626/3352/3184
f 2509/3351/3104 2626/3352/3184 2510/3353/3102
f 2510/3353/3102 2626/3352/3184 2627/3354/3185
f 2510/3353/3102 2627/3354/3185 2511/3355/3100
f 2511/3355/3100 2627/3354/3185 2628/3356/3186
f 2511/3355/3100 2628/3356/3186 2512/3357/3098
f 2512/3357/3098 2628/3356/3186 2513/3358/3096
f 2513/3358/3096 2628/3356/3186 2629/3359/3187
f 2513/3358/3096 2629/3359/3187 2514/3360/3094
f 2514/3360/3094 2629/3359/3187 2630/3361/3188
f 2514/3360/3094 2630/3361/3188 2515/3362/3092
f 2515/3362/3092 2630/3361/3188 2631/3363/3189
f 2515/3362/3092 2631/3363/3189 2516/3364/3090
f 2516/3364/3090 2631/3363/3189 2632/3365/3190
f 2516/3364/3090 2632/3365/3190 2517/3366/3088
f 2517/3366/3088 2632/3365/3190 2633/3367/3191
f 2517/3366/3088 2633/3367/3191 2518/3368/3086
f 2518/3368/3086 2633/3367/3191 2634/3311/3163
f 2518/3368/3086 2634/3311/3163 2490/3313/3084
f 1713/3369/3192 2463/3370/3019 1690/3371/3193
f 1690/3371/3193 2463/3370/3019 2462/3372/3021
f 1690/3373/3193 2462/3374/3021 2489/3375/3023
f 2463/3370/3019 1713/3369/3192 2464/3376/3045
f 2464/3376/3045 1713/3369/3192 1712/3377/3194
f 2464/3376/3045 1712/3377/3194 2465/3378/3047
f 2465/3378/3047 1712/3377/3194 1711/3379/3195
f 2465/3378/3047 1711/3379/3195 2466/3380/3049
f 2466/3380/3049 1711/3379/3195 1710/3381/3196
f 2466/3380/3049 1710/3381/3196 2467/3382/3051
f 2467/3382/3051 1710/3381/3196 1709/3383/3197
f 2467/3382/3051 1709/3383/3197 2468/3384/3053
f 2468/3384/3053 1709/3383/3197 1708/3385/3198
f 2468/3384/3053 1708/3385/3198 2469/3386/3055
f 2469/3386/3055 1708/3385/3198 2470/3387/3057
f 2470/3387/3057 1708/3385/3198 1707/3388/3199
f 2470/3387/3057 1707/3388/3199 2471/3389/3059
f 2471/3389/3059 1707/3388/3199 1706/3390/3200
f 2471/3389/3059 1706/3390/3200 2472/3391/3061
f 2472/3391/3061 1706/3390/3200 1705/3392/3201
f 2472/3391/3061 1705/3392/3201 2473/3393/3063
f 2473/3393/3063 1705/3392/3201 1704/3394/3202
f 2473/3393/3063 1704/3394/3202 2474/3395/3065
f 2474/3395/3065 1704/3394/3202 1703/3396/3203
f 2474/3395/3065 1703/3396/3203 2475/3397/3067
f 2475/3397/3067 1703/3396/3203 1702/3398/3204
f 2475/3397/3067 1702/3398/3204 2476/3399/3069
f 2476/3399/3069 1702/3398/3204 2477/3400/3071
f 2477/3400/3071 1702/3398/3204 1701/3401/3205
f 2477/3400/3071 1701/3401/3205 2478/3402/3073
f 2478/3402/3073 1701/3401/3205 1700/3403/3206
f 2478/3402/3073 1700/3403/3206 2479/3404/3075
f 2479/3404/3075 1700/3403/3206 1699/3405/3207
f 2479/3404/3075 1699/3405/3207 2480/3406/3077
f 2480/3406/3077 1699/3405/3207 1698/3407/3208
f 2480/3406/3077 1698/3407/3208 2481/3408/3079
f 2481/3408/3079 1698/3407/3208 1697/3409/3209
f 2481/3408/3079 1697/3409/3209 2482/3410/3081
f 2482/3410/3081 1697/3409/3209 1696/3411/3210
f 2482/3410/3081 1696/3411/3210 2483/3412/3035
f 2483/3412/3035 1696/3411/3210 2484/3413/3033
f 2484/3413/3033 1696/3411/3210 1695/3414/3211
f 2484/3413/3033 1695/3414/3211 2485/3415/3031
f 2485/3415/3031 1695/3414/3211 1694/3416/3212
f 2485/3415/3031 1694/3416/3212 2486/3417/3029
f 2486/3417/3029 1694/3416/3212 1693/3418/3213
f 2486/3417/3029 1693/3418/3213 2487/3419/3027
f 2487/3419/3027 1693/3418/3213 1692/3420/3214
f 2487/3419/3027 1692/3420/3214 2488/3421/3025
f 2488/3421/3025 1692/3420/3214 1691/3422/3215
f 2488/3421/3025 1691/3422/3215 2489/3375/3023
f 2489/3375/3023 1691/3422/3215 1690/3373/3193
f 2634/3423/3163 2671/3424/3216 2606/3425/3164
f 2606/3425/3164 2671/3424/3216 2684/3426/3217
f 2606/3425/3164 2684/3426/3217 2607/3427/3165
f 2607/3427/3165 2684/3426/3217 2860/3428/3218
f 2607/3427/3165 2860/3428/3218 2608/3429/3166
f 2608/3429/3166 2860/3428/3218 2853/3430/3219
f 2608/3429/3166 2853/3430/3219 2609/3431/3167
f 2609/3431/3167 2853/3430/3219 2846/3432/3220
f 2609/3431/3167 2846/3432/3220 2610/3433/3168
f 2610/3433/3168 2846/3432/3220 2839/3434/3221
f 2610/3433/3168 2839/3434/3221 2611/3435/3169
f 2611/3435/3169 2839/3434/3221 2832/3436/3222
f 2611/3435/3169 2832/3436/3222 2612/3437/3170
f 2612/3437/3170 2832/3436/3222 2825/3438/3223
f 2612/3437/3170 2825/3438/3223 2613/3439/3171
f 2613/3439/3171 2825/3438/3223 2664/3440/3224
f 2613/3439/3171 2664/3440/3224 2614/3441/3172
f 2614/3442/3172 2664/3443/3224 2818/3444/3225
f 2614/3442/3172 2818/3444/3225 2615/3445/3173
f 2615/3445/3173 2818/3444/3225 2811/3446/3226
f 2615/3445/3173 2811/3446/3226 2616/3447/3174
f 2616/3447/3174 2811/3446/3226 2804/3448/3227
f 2616/3447/3174 2804/3448/3227 2617/3449/3175
f 2617/3449/3175 2804/3448/3227 2797/3450/3228
f 2617/3449/3175 2797/3450/3228 2618/3451/3176
f 2618/3451/3176 2797/3450/3228 2790/3452/3229
f 2618/3451/3176 2790/3452/3229 2619/3453/3177
f 2619/3453/3177 2790/3452/3229 2783/3454/3230
f 2619/3453/3177 2783/3454/3230 2620/3455/3178
f 2620/3455/3178 2783/3454/3230 2776/3456/3231
f 2620/3455/3178 2776/3456/3231 2621/3457/3179
f 2621/3457/3179 2776/3456/3231 2769/3458/3232
f 2621/3457/3179 2769/3458/3232 2622/3459/3180
f 2622/3459/3180 2769/3458/3232 2762/3460/3233
f 2622/3459/3180 2762/3460/3233 2623/3461/3181
f 2623/3461/3181 2762/3460/3233 2755/3462/3234
f 2623/3461/3181 2755/3462/3234 2624/3463/3182
f 2624/3463/3182 2755/3462/3234 2748/3464/3235
f 2624/3463/3182 2748/3464/3235 2625/3465/3183
f 2625/3465/3183 2748/3464/3235 2741/3466/3236
f 2625/3465/3183 2741/3466/3236 2626/3467/3184
f 2626/3467/3184 2741/3466/3236 2734/3468/3237
f 2626/3467/3184 2734/3468/3237 2627/3469/3185
f 2627/3469/3185 2734/3468/3237 2727/3470/3238
f 2627/3469/3185 2727/3470/3238 2628/3471/3186
f 2628/3471/3186 2727/3470/3238 2720/3472/3239
f 2628/3471/3186 2720/3472/3239 2629/3473/3187
f 2629/3473/3187 2720/3472/3239 2713/3474/3240
f 2629/3473/3187 2713/3474/3240 2630/3475/3188
f 2630/3475/3188 2713/3474/3240 2706/3476/3241
f 2630/3475/3188 2706/3476/3241 2631/3477/3189
f 2631/3477/3189 2706/3476/3241 2699/3478/3242
f 2631/3477/3189 2699/3478/3242 2632/3479/3190
f 2632/3479/3190 2699/3478/3242 2692/3480/3243
f 2632/3479/3190 2692/3480/3243 2633/3481/3191
f 2633/3481/3191 2692/3480/3243 2685/3482/3244
f 2633/3481/3191 2685/3482/3244 2634/3423/3163
f 2634/3423/3163 2685/3482/3244 2671/3424/3216
f 2636/3483/3245 2678/3484/3246 2635/3485/3247
f 2635/3485/3247 2678/3484/3246 2677/3486/3248
f 2635/3485/3247 2677/3486/3248 2663/3487/3249
f 2663/3487/3249 2677/3486/3248 2691/3488/3250
f 2663/3487/3249 2691/3488/3250 2662/3489/3251
f 2662/3489/3251 2691/3488/3250 2698/3490/3252
f 2662/3489/3251 2698/3490/3252 2661/3491/3253
f 2661/3491/3253 2698/3490/3252 2705/3492/3254
f 2661/3491/3253 2705/3492/3254 2660/3493/3255
f 2660/3493/3255 2705/3492/3254 2712/3494/3256
f 2660/3493/3255 2712/3494/3256 2659/3495/3257
f 2659/3495/3257 2712/3494/3256 2719/3496/3258
f 2659/3495/3257 2719/3496/3258 2658/3497/3259
f 2658/3497/3259 2719/3496/3258 2726/3498/3260
f 2658/3497/3259 2726/3498/3260 2657/3499/3261
f 2657/3499/3261 2726/3498/3260 2733/3500/3262
f 2657/3499/3261 2733/3500/3262 2656/3501/3263
f 2656/3501/3263 2733/3500/3262 2740/3502/3264
f 2656/3501/3263 2740/3502/3264 2655/3503/3265
f 2655/3503/3265 2740/3502/3264 2747/3504/3266
f 2655/3503/3265 2747/3504/3266 2654/3505/3267
f 2654/3505/3267 2747/3504/3266 2754/3506/3268
f 2654/3505/3267 2754/3506/3268 2653/3507/3269
f 2653/3507/3269 2754/3506/3268 2761/3508/3270
f 2653/3507/3269 2761/3508/3270 2652/3509/3271
f 2652/3509/3271 2761/3508/3270 2768/3510/3272
f 2652/3509/3271 2768/3510/3272 2651/3511/3273
f 2651/3511/3273 2768/3510/3272 2775/3512/3274
f 2651/3511/3273 2775/3512/3274 2650/3513/3275
f 2650/3513/3275 2775/3512/3274 2782/3514/3276
f 2650/3513/3275 2782/3514/3276 2649/3515/3277
f 2649/3515/3277 2782/3514/3276 2789/3516/3278
f 2649/3515/3277 2789/3516/3278 2648/3517/3279
f 2648/3517/3279 2789/3516/3278 2796/3518/3280
f 2648/3517/3279 2796/3518/3280 2647/3519/3281
f 2647/3519/3281 2796/3518/3280 2803/3520/3282
f 2647/3519/3281 2803/3520/3282 2646/3521/3283
f 2646/3521/3283 2803/3520/3282 2810/3522/3284
f 2646/3521/3283 2810/3522/3284 2645/3523/3285
f 2645/3523/3285 2810/3522/3284 2817/3524/3286
f 2645/3523/3285 2817/3524/3286 2644/3525/3287
f 2644/3525/3287 2817/3524/3286 2824/3526/3288
f 2644/3525/3287 2824/3526/3288 2643/3527/3289
f 2643/3527/3289 2824/3526/3288 2670/3528/3290
f 2643/3527/3289 2670/3528/3290 2642/3529/3291
f 2642/3530/3291 2670/3531/3290 2831/3532/3292
f 2642/3530/3291 2831/3532/3292 2641/3533/3293
f 2641/3533/3293 2831/3532/3292 2838/3534/3294
f 2641/3533/3293 2838/3534/3294 2640/3535/3295
f 2640/3535/3295 2838/3534/3294 2845/3536/3296
f 2640/3535/3295 2845/3536/3296 2639/3537/3297
f 2639/3537/3297 2845/3536/3296 2852/3538/3298
f 2639/3537/3297 2852/3538/3298 2638/3539/3299
f 2638/3539/3299 2852/3538/3298 2859/3540/3300
f 2638/3539/3299 2859/3540/3300 2637/3541/3301
f 2637/3541/3301 2859/3540/3300 2866/3542/3302
f 2637/3541/3301 2866/3542/3302 2636/3483/3245
f 2636/3483/3245 2866/3542/3302 2678/3484/3246
f 2664/3443/3224 2665/3543/3303 2818/3444/3225
f 2818/3444/3225 2665/3543/3303 2819/3544/3304
f 2818/3444/3225 2819/3544/3304 2811/3446/3226
f 2811/3446/3226 2819/3544/3304 2812/3545/3305
f 2811/3446/3226 2812/3545/3305 2804/3448/3227
f 2804/3448/3227 2812/3545/3305 2805/3546/3306
f 2804/3448/3227 2805/3546/3306 2797/3450/3228
f 2797/3450/3228 2805/3546/3306 2798/3547/3307
f 2797/3450/3228 2798/3547/3307 2790/3452/3229
f 2790/3452/3229 2798/3547/3307 2791/3548/3308
f 2790/3452/3229 2791/3548/3308 2783/3454/3230
f 2783/3454/3230 2791/3548/3308 2784/3549/3309
f 2783/3454/3230 2784/3549/3309 2776/3456/3231
f 2776/3456/3231 2784/3549/3309 2777/3550/3310
f 2776/3456/3231 2777/3550/3310 2769/3458/3232
f 2769/3458/3232 2777/3550/3310 2770/3551/3311
f 2769/3458/3232 2770/3551/3311 2762/3460/3233
f 2762/3460/3233 2770/3551/3311 2763/3552/3312
f 2762/3460/3233 2763/3552/3312 2755/3462/3234
f 2755/3462/3234 2763/3552/3312 2756/3553/3313
f 2755/3462/3234 2756/3553/3313 2748/3464/3235
f 2748/3464/3235 2756/3553/3313 2749/3554/3314
f 2748/3464/3235 2749/3554/3314 2741/3466/3236
f 2741/3466/3236 2749/3554/3314 2742/3555/3315
f 2741/3466/3236 2742/3555/3315 2734/3468/3237
f 2734/3468/3237 2742/3555/3315 2735/3556/3316
f 2734/3468/3237 2735/3556/3316 2727/3470/3238
f 2727/3470/3238 2735/3556/3316 2728/3557/3317
f 2727/3470/3238 2728/3557/3317 2720/3472/3239
f 2720/3472/3239 2728/3557/3317 2721/3558/3318
f 2720/3472/3239 2721/3558/3318 2713/3474/3240
f 2713/3474/3240 2721/3558/3318 2714/3559/3319
f 2713/3474/3240 2714/3559/3319 2706/3476/3241
f 2706/3476/3241 2714/3559/3319 2707/3560/3320
f 2706/3476/3241 2707/3560/3320 2699/3478/3242
f 2699/3478/3242 2707/3560/3320 2700/3561/3321
f 2699/3478/3242 2700/3561/3321 2692/3480/3243
f 2692/3480/3243 2700/3561/3321 2693/3562/3322
f 2692/3480/3243 2693/3562/3322 2685/3482/3244
f 2685/3482/3244 2693/3562/3322 2686/3563/3323
f 2685/3482/3244 2686/3563/3323 2671/3424/3216
f 2671/3424/3216 2686/3563/3323 2672/3564/3324
f 2671/3424/3216 2672/3564/3324 2684/3426/3217
f 2684/3426/3217 2672/3564/3324 2683/3565/3325
f 2684/3426/3217 2683/3565/3325 2860/3428/3218
f 2860/3428/3218 2683/3565/3325 2861/3566/3326
f 2860/3428/3218 2861/3566/3326 2853/3430/3219
f 2853/3430/3219 2861/3566/3326 2854/3567/3327
f 2853/3430/3219 2854/3567/3327 2846/3432/3220
f 2846/3432/3220 2854/3567/3327 2847/3568/3328
f 2846/3432/3220 2847/3568/3328 2839/3434/3221
f 2839/3434/3221 2847/3568/3328 2840/3569/3329
f 2839/3434/3221 2840/3569/3329 2832/3436/3222
f 2832/3436/3222 2840/3569/3329 2833/3570/3330
f 2832/3436/3222 2833/3570/3330 2825/3438/3223
f 2825/3438/3223 2833/3570/3330 2826/3571/3331
f 2825/3438/3223 2826/3571/3331 2664/3440/3224
f 2664/3440/3224 2826/3571/3331 2665/3572/3303
f 2665/3543/3303 2666/3573/3332 2819/3544/3304
f 2819/3544/3304 2666/3573/3332 2820/3574/3333
f 2819/3544/3304 2820/3574/3333 2812/3545/3305
f 2812/3545/3305 2820/3574/3333 2813/3575/3334
f 2812/3545/3305 2813/3575/3334 2805/3546/3306
f 2805/3546/3306 2813/3575/3334 2806/3576/3335
f 2805/3546/3306 2806/3576/3335 2798/3547/3307
f 2798/3547/3307 2806/3576/3335 2799/3577/3336
f 2798/3547/3307 2799/3577/3336 2791/3548/3308
f 2791/3548/3308 2799/3577/3336 2792/3578/3337
f 2791/3548/3308 2792/3578/3337 2784/3549/3309
f 2784/3549/3309 2792/3578/3337 2785/3579/3338
f 2784/3549/3309 2785/3579/3338 2777/3550/3310
f 2777/3550/3310 2785/3579/3338 2778/3580/3339
f 2777/3550/3310 2778/3580/3339 2770/3551/3311
f 2770/3551/3311 2778/3580/3339 2771/3581/3340
f 2770/3551/3311 2771/3581/3340 2763/3552/3312
f 2763/3552/3312 2771/3581/3340 2764/3582/3341
f 2763/3552/3312 2764/3582/3341 2756/3553/3313
f 2756/3553/3313 2764/3582/3341 2757/3583/3342
f 2756/3553/3313 2757/3583/3342 2749/3554/3314
f 2749/3554/3314 2757/3583/3342 2750/3584/3343
f 2749/3554/3314 2750/3584/3343 2742/3555/3315
f 2742/3555/3315 2750/3584/3343 2743/3585/3344
f 2742/3555/3315 2743/3585/3344 2735/3556/3316
f 2735/3556/3316 2743/3585/3344 2736/3586/3345
f 2735/3556/3316 2736/3586/3345 2728/3557/3317
f 2728/3557/3317 2736/3586/3345 2729/3587/3346
f 2728/3557/3317 2729/3587/3346 2721/3558/3318
f 2721/3558/3318 2729/3587/3346 2722/3588/3347
f 2721/3558/3318 2722/3588/3347 2714/3559/3319
f 2714/3559/3319 2722/3588/3347 2715/3589/3348
f 2714/3559/3319 2715/3589/3348 2707/3560/3320
f 2707/3560/3320 2715/3589/3348 2708/3590/3349
f 2707/3560/3320 2708/3590/3349 2700/3561/3321
f 2700/3561/3321 2708/3590/3349 2701/3591/3350
f 2700/3561/3321 2701/3591/3350 2693/3562/3322
f 2693/3562/3322 2701/3591/3350 2694/3592/3351
f 2693/3562/3322 2694/3592/3351 2686/3563/3323
f 2686/3563/3323 2694/3592/3351 2687/3593/3352
f 2686/3563/3323 2687/3593/3352 2672/3564/3324
f 2672/3564/3324 2687/3593/3352 2673/3594/3353
f 2672/3564/3324 2673/3594/3353 2683/3565/3325
f 2683/3565/3325 2673/3594/3353 2682/3595/3354
f 2683/3565/3325 2682/3595/3354 2861/3566/3326
f 2861/3566/3326 2682/3595/3354 2862/3596/3355
f 2861/3566/3326 2862/3596/3355 2854/3567/3327
f 2854/3567/3327 2862/3596/3355 2855/3597/3356
f 2854/3567/3327 2855/3597/3356 2847/3568/3328
f 2847/3568/3328 2855/3597/3356 2848/3598/3357
f 2847/3568/3328 2848/3598/3357 2840/3569/3329
f 2840/3569/3329 2848/3598/3357 2841/3599/3358
f 2840/3569/3329 2841/3599/3358 2833/3570/3330
f 2833/3570/3330 2841/3599/3358 2834/3600/3359
f 2833/3570/3330 2834/3600/3359 2826/3571/3331
f 2826/3571/3331 2834/3600/3359 2827/3601/3360
f 2826/3571/3331 2827/3601/3360 2665/3572/3303
f 2665/3572/3303 2827/3601/3360 2666/3602/3332
f 2666/3573/3332 2667/3603/3361 2820/3574/3333
f 2820/3574/3333 2667/3603/3361 2821/3604/3362
f 2820/3574/3333 2821/3604/3362 2813/3575/3334
f 2813/3575/3334 2821/3604/3362 2814/3605/3363
f 2813/3575/3334 2814/3605/3363 2806/3576/3335
f 2806/3576/3335 2814/3605/3363 2807/3606/3364
f 2806/3576/3335 2807/3606/3364 2799/3577/3336
f 2799/3577/3336 2807/3606/3364 2800/3607/3365
f 2799/3577/3336 2800/3607/3365 2792/3578/3337
f 2792/3578/3337 2800/3607/3365 2793/3608/3366
f 2792/3578/3337 2793/3608/3366 2785/3579/3338
f 2785/3579/3338 2793/3608/3366 2786/3609/3367
f 2785/3579/3338 2786/3609/3367 2778/3580/3339
f 2778/3580/3339 2786/3609/3367 2779/3610/3368
f 2778/3580/3339 2779/3610/3368 2771/3581/3340
f 2771/3581/3340 2779/3610/3368 2772/3611/3369
f 2771/3581/3340 2772/3611/3369 2764/3582/3341
f 2764/3582/3341 2772/3611/3369 2765/3612/3370
f 2764/3582/3341 2765/3612/3370 2757/3583/3342
f 2757/3583/3342 2765/3612/3370 2758/3613/3371
f 2757/3583/3342 2758/3613/3371 2750/3584/3343
f 2750/3584/3343 2758/3613/3371 2751/3614/3372
f 2750/3584/3343 2751/3614/3372 2743/3585/3344
f 2743/3585/3344 2751/3614/3372 2744/3615/3373
f 2743/3585/3344 2744/3615/3373 2736/3586/3345
f 2736/3586/3345 2744/3615/3373 2737/3616/3374
f 2736/3586/3345 2737/3616/3374 2729/3587/3346
f 2729/3587/3346 2737/3616/3374 2730/3617/3375
f 2729/3587/3346 2730/3617/3375 2722/3588/3347
f 2722/3588/3347 2730/3617/3375 2723/3618/3376
f 2722/3588/3347 2723/3618/3376 2715/3589/3348
f 2715/3589/3348 2723/3618/3376 2716/3619/3377
f 2715/3589/3348 2716/3619/3377 2708/3590/3349
f 2708/3590/3349 2716/3619/3377 2709/3620/3378
f 2708/3590/3349 2709/3620/3378 2701/3591/3350
f 2701/3591/3350 2709/3620/3378 2702/3621/3379
f 2701/3591/3350 2702/3621/3379 2694/3592/3351
f 2694/3592/3351 2702/3621/3379 2695/3622/3380
f 2694/3592/3351 2695/3622/3380 2687/3593/3352
f 2687/3593/3352 2695/3622/3380 2688/3623/3381
f 2687/3593/3352 2688/3623/3381 2673/3594/3353
f 2673/3594/3353 2688/3623/3381 2674/3624/3382
f 2673/3594/3353 2674/3624/3382 2682/3595/3354
f 2682/3595/3354 2674/3624/3382 2681/3625/3383
f 2682/3595/3354 2681/3625/3383 2862/3596/3355
f 2862/3596/3355 2681/3625/3383 2863/3626/3384
f 2862/3596/3355 2863/3626/3384 2855/3597/3356
f 2855/3597/3356 2863/3626/3384 2856/3627/3385
f 2855/3597/3356 2856/3627/3385 2848/3598/3357
f 2848/3598/3357 2856/3627/3385 2849/3628/3386
f 2848/3598/3357 2849/3628/3386 2841/3599/3358
f 2841/3599/3358 2849/3628/3386 2842/3629/3387
f 2841/3599/3358 2842/3629/3387 2834/3600/3359
f 2834/3600/3359 2842/3629/3387 2835/3630/3388
f 2834/3600/3359 2835/3630/3388 2827/3601/3360
f 2827/3601/3360 2835/3630/3388 2828/3631/3389
f 2827/3601/3360 2828/3631/3389 2666/3602/3332
f 2666/3602/3332 2828/3631/3389 2667/3632/3361
f 2667/3603/3361 2668/3633/3390 2821/3604/3362
f 2821/3604/3362 2668/3633/3390 2822/3634/3391
f 2821/3604/3362 2822/3634/3391 2814/3605/3363
f 2814/3605/3363 2822/3634/3391 2815/3635/3392
f 2814/3605/3363 2815/3635/3392 2807/3606/3364
f 2807/3606/3364 2815/3635/3392 2808/3636/3393
f 2807/3606/3364 2808/3636/3393 2800/3607/3365
f 2800/3607/3365 2808/3636/3393 2801/3637/3394
f 2800/3607/3365 2801/3637/3394 2793/3608/3366
f 2793/3608/3366 2801/3637/3394 2794/3638/3395
f 2793/3608/3366 2794/3638/3395 2786/3609/3367
f 2786/3609/3367 2794/3638/3395 2787/3639/3396
f 2786/3609/3367 2787/3639/3396 2779/3610/3368
f 2779/3610/3368 2787/3639/3396 2780/3640/3397
f 2779/3610/3368 2780/3640/3397 2772/3611/3369
f 2772/3611/3369 2780/3640/3397 2773/3641/3398
f 2772/3611/3369 2773/3641/3398 2765/3612/3370
f 2765/3612/3370 2773/3641/3398 2766/3642/3399
f 2765/3612/3370 2766/3642/3399 2758/3613/3371
f 2758/3613/3371 2766/3642/3399 2759/3643/3400
f 2758/3613/3371 2759/3643/3400 2751/3614/3372
f 2751/3614/3372 2759/3643/3400 2752/3644/3401
f 2751/3614/3372 2752/3644/3401 2744/3615/3373
f 2744/3615/3373 2752/3644/3401 2745/3645/3402
f 2744/3615/3373 2745/3645/3402 2737/3616/3374
f 2737/3616/3374 2745/3645/3402 2738/3646/3403
f 2737/3616/3374 2738/3646/3403 2730/3617/3375
f 2730/3617/3375 2738/3646/3403 2731/3647/3404
f 2730/3617/3375 2731/3647/3404 2723/3618/3376
f 2723/3618/3376 2731/3647/3404 2724/3648/3405
f 2723/3618/3376 2724/3648/3405 2716/3619/3377
f 2716/3619/3377 2724/3648/3405 2717/3649/3406
f 2716/3619/3377 2717/3649/3406 2709/3620/3378
f 2709/3620/3378 2717/3649/3406 2710/3650/3407
f 2709/3620/3378 2710/3650/3407 2702/3621/3379
f 2702/3621/3379 2710/3650/3407 2703/3651/3408
f 2702/3621/3379 2703/3651/3408 2695/3622/3380
f 2695/3622/3380 2703/3651/3408 2696/3652/3409
f 2695/3622/3380 2696/3652/3409 2688/3623/3381
f 2688/3623/3381 2696/3652/3409 2689/3653/3410
f 2688/3623/3381 2689/3653/3410 2674/3624/3382
f 2674/3624/3382 2689/3653/3410 2675/3654/3411
f 2674/3624/3382 2675/3654/3411 2681/3625/3383
f 2681/3625/3383 2675/3654/3411 2680/3655/3412
f 2681/3625/3383 2680/3655/3412 2863/3626/3384
f 2863/3626/3384 2680/3655/3412 2864/3656/3413
f 2863/3626/3384 2864/3656/3413 2856/3627/3385
f 2856/3627/3385 2864/3656/3413 2857/3657/3414
f 2856/3627/3385 2857/3657/3414 2849/3628/3386
f 2849/3628/3386 2857/3657/3414 2850/3658/3415
f 2849/3628/3386 2850/3658/3415 2842/3629/3387
f 2842/3629/3387 2850/3658/3415 2843/3659/3416
f 2842/3629/3387 2843/3659/3416 2835/3630/3388
f 2835/3630/3388 2843/3659/3416 2836/3660/3417
f 2835/3630/3388 2836/3660/3417 2828/3631/3389
f 2828/3631/3389 2836/3660/3417 2829/3661/3418
f 2828/3631/3389 2829/3661/3418 2667/3632/3361
f 2667/3632/3361 2829/3661/3418 2668/3662/3390
f 2668/3633/3390 2669/3663/3419 2822/3634/3391
f 2822/3634/3391 2669/3663/3419 2823/3664/3420
f 2822/3634/3391 2823/3664/3420 2815/3635/3392
f 2815/3635/3392 2823/3664/3420 2816/3665/3421
f 2815/3635/3392 2816/3665/3421 2808/3636/3393
f 2808/3636/3393 2816/3665/3421 2809/3666/3422
f 2808/3636/3393 2809/3666/3422 2801/3637/3394
f 2801/3637/3394 2809/3666/3422 2802/3667/3423
f 2801/3637/3394 2802/3667/3423 2794/3638/3395
f 2794/3638/3395 2802/3667/3423 2795/3668/3424
f 2794/3638/3395 2795/3668/3424 2787/3639/3396
f 2787/3639/3396 2795/3668/3424 2788/3669/3425
f 2787/3639/3396 2788/3669/3425 2780/3640/3397
f 2780/3640/3397 2788/3669/3425 2781/3670/3426
f 2780/3640/3397 2781/3670/3426 2773/3641/3398
f 2773/3641/3398 2781/3670/3426 2774/3671/3427
f 2773/3641/3398 2774/3671/3427 2766/3642/3399
f 2766/3642/3399 2774/3671/3427 2767/3672/3428
f 2766/3642/3399 2767/3672/3428 2759/3643/3400
f 2759/3643/3400 2767/3672/3428 2760/3673/3429
f 2759/3643/3400 2760/3673/3429 2752/3644/3401
f 2752/3644/3401 2760/3673/3429 2753/3674/3430
f 2752/3644/3401 2753/3674/3430 2745/3645/3402
f 2745/3645/3402 2753/3674/3430 2746/3675/3431
f 2745/3645/3402 2746/3675/3431 2738/3646/3403
f 2738/3646/3403 2746/3675/3431 2739/3676/3432
f 2738/3646/3403 2739/3676/3432 2731/3647/3404
f 2731/3647/3404 2739/3676/3432 2732/3677/3433
f 2731/3647/3404 2732/3677/3433 2724/3648/3405
f 2724/3648/3405 2732/3677/3433 2725/3678/3434
f 2724/3648/3405 2725/3678/3434 2717/3649/3406
f 2717/3649/3406 2725/3678/3434 2718/3679/3435
f 2717/3649/3406 2718/3679/3435 2710/3650/3407
f 2710/3650/3407 2718/3679/3435 2711/3680/3436
f 2710/3650/3407 2711/3680/3436 2703/3651/3408
f 2703/3651/3408 2711/3680/3436 2704/3681/3437
f 2703/3651/3408 2704/3681/3437 2696/3652/3409
f 2696/3652/3409 2704/3681/3437 2697/3682/3438
f 2696/3652/3409 2697/3682/3438 2689/3653/3410
f 2689/3653/3410 2697/3682/3438 2690/3683/3439
f 2689/3653/3410 2690/3683/3439 2675/3654/3411
f 2675/3654/3411 2690/3683/3439 2676/3684/3440
f 2675/3654/3411 2676/3684/3440 2680/3655/3412
f 2680/3655/3412 2676/3684/3440 2679/3685/3441
f 2680/3655/3412 2679/3685/3441 2864/3656/3413
f 2864/3656/3413 2679/3685/3441 2865/3686/3442
f 2864/3656/3413 2865/3686/3442 2857/3657/3414
f 2857/3657/3414 2865/3686/3442 2858/3687/3443
f 2857/3657/3414 2858/3687/3443 2850/3658/3415
f 2850/3658/3415 2858/3687/3443 2851/3688/3444
f 2850/3658/3415 2851/3688/3444 2843/3659/3416
f 2843/3659/3416 2851/3688/3444 2844/3689/3445
f 2843/3659/3416 2844/3689/3445 2836/3660/3417
f 2836/3660/3417 2844/3689/3445 2837/3690/3446
f 2836/3660/3417 2837/3690/3446 2829/3661/3418
f 2829/3661/3418 2837/3690/3446 2830/3691/3447
f 2829/3661/3418 2830/3691/3447 2668/3662/3390
f 2668/3662/3390 2830/3691/3447 2669/3692/3419
f 2669/3663/3419 2670/3528/3290 2823/3664/3420
f 2823/3664/3420 2670/3528/3290 2824/3526/3288
f 2823/3664/3420 2824/3526/3288 2816/3665/3421
f 2816/3665/3421 2824/3526/3288 2817/3524/3286
f 2816/3665/3421 2817/3524/3286 2809/3666/3422
f 2809/3666/3422 2817/3524/3286 2810/3522/3284
f 2809/3666/3422 2810/3522/3284 2802/3667/3423
f 2802/3667/3423 2810/3522/3284 2803/3520/3282
f 2802/3667/3423 2803/3520/3282 2795/3668/3424
f 2795/3668/3424 2803/3520/3282 2796/3518/3280
f 2795/3668/3424 2796/3518/3280 2788/3669/3425
f 2788/3669/3425 2796/3518/3280 2789/3516/3278
f 2788/3669/3425 2789/3516/3278 2781/3670/3426
f 2781/3670/3426 2789/3516/3278 2782/3514/3276
f 2781/3670/3426 2782/3514/3276 2774/3671/3427
f 2774/3671/3427 2782/3514/3276 2775/3512/3274
f 2774/3671/3427 2775/3512/3274 2767/3672/3428
f 2767/3672/3428 2775/3512/3274 2768/3510/3272
f 2767/3672/3428 2768/3510/3272 2760/3673/3429
f 2760/3673/3429 2768/3510/3272 2761/3508/3270
f 2760/3673/3429 2761/3508/3270 2753/3674/3430
f 2753/3674/3430 2761/3508/3270 2754/3506/3268
f 2753/3674/3430 2754/3506/3268 2746/3675/3431
f 2746/3675/3431 2754/3506/3268 2747/3504/3266
f 2746/3675/3431 2747/3504/3266 2739/3676/3432
f 2739/3676/3432 2747/3504/3266 2740/3502/3264
f 2739/3676/3432 2740/3502/3264 2732/3677/3433
f 2732/3677/3433 2740/3502/3264 2733/3500/3262
f 2732/3677/3433 2733/3500/3262 2725/3678/3434
f 2725/3678/3434 2733/3500/3262 2726/3498/3260
f 2725/3678/3434 2726/3498/3260 2718/3679/3435
f 2718/3679/3435 2726/3498/3260 2719/3496/3258
f 2718/3679/3435 2719/3496/3258 2711/3680/3436
f 2711/3680/3436 2719/3496/3258 2712/3494/3256
f 2711/3680/3436 2712/3494/3256 2704/3681/3437
f 2704/3681/3437 2712/3494/3256 2705/3492/3254
f 2704/3681/3437 2705/3492/3254 2697/3682/3438
f 2697/3682/3438 2705/3492/3254 2698/3490/3252
f 2697/3682/3438 2698/3490/3252 2690/3683/3439
f 2690/3683/3439 2698/3490/3252 2691/3488/3250
f 2690/3683/3439 2691/3488/3250 2676/3684/3440
f 2676/3684/3440 2691/3488/3250 2677/3486/3248
f 2676/3684/3440 2677/3486/3248 2679/3685/3441
f 2679/3685/3441 2677/3486/3248 2678/3484/3246
f 2679/3685/3441 2678/3484/3246 2865/3686/3442
f 2865/3686/3442 2678/3484/3246 2866/3542/3302
f 2865/3686/3442 2866/3542/3302 2858/3687/3443
f 2858/3687/3443 2866/3542/3302 2859/3540/3300
f 2858/3687/3443 2859/3540/3300 2851/3688/3444
f 2851/3688/3444 2859/3540/3300 2852/3538/3298
f 2851/3688/3444 2852/3538/3298 2844/3689/3445
f 2844/3689/3445 2852/3538/3298 2845/3536/3296
f 2844/3689/3445 2845/3536/3296 2837/3690/3446
f 2837/3690/3446 2845/3536/3296 2838/3534/3294
f 2837/3690/3446 2838/3534/3294 2830/3691/3447
f 2830/3691/3447 2838/3534/3294 2831/3532/3292
f 2830/3691/3447 2831/3532/3292 2669/3692/3419
f 2669/3692/3419 2831/3532/3292 2670/3531/3290
f 2898/3693/3448 2867/3694/3449 2635/3695/3247
f 2635/3696/3247 2867/3697/3449 2868/3698/3450
f 2635/3696/3247 2868/3698/3450 2636/3699/3245
f 2636/3699/3245 2868/3698/3450 2869/3700/3451
f 2636/3699/3245 2869/3700/3451 2637/3701/3301
f 2637/3701/3301 2869/3700/3451 2870/3702/3452
f 2637/3701/3301 2870/3702/3452 2638/3703/3299
f 2638/3703/3299 2870/3702/3452 2871/3704/3453
f 2638/3703/3299 2871/3704/3453 2639/3705/3297
f 2639/3705/3297 2871/3704/3453 2872/3706/3454
f 2639/3705/3297 2872/3706/3454 2640/3707/3295
f 2640/3707/3295 2872/3706/3454 2873/3708/3455
f 2640/3707/3295 2873/3708/3455 2641/3709/3293
f 2641/3709/3293 2873/3708/3455 2874/3710/3456
f 2641/3709/3293 2874/3710/3456 2642/3711/3291
f 2642/3711/3291 2874/3710/3456 2875/3712/3457
f 2642/3711/3291 2875/3712/3457 2643/3713/3289
f 2643/3713/3289 2875/3712/3457 2876/3714/3458
f 2643/3713/3289 2876/3714/3458 2644/3715/3287
f 2644/3715/3287 2876/3714/3458 2877/3716/3459
f 2644/3715/3287 2877/3716/3459 2645/3717/3285
f 2645/3717/3285 2877/3716/3459 2878/3718/3460
f 2645/3717/3285 2878/3718/3460 2879/3719/3461
f 2645/3717/3285 2879/3719/3461 2646/3720/3283
f 2646/3720/3283 2879/3719/3461 2880/3721/3462
f 2646/3720/3283 2880/3721/3462 2647/3722/3281
f 2647/3722/3281 2880/3721/3462 2881/3723/3463
f 2647/3722/3281 2881/3723/3463 2648/3724/3279
f 2648/3724/3279 2881/3723/3463 2882/3725/3464
f 2648/3724/3279 2882/3725/3464 2649/3726/3277
f 2649/3726/3277 2882/3725/3464 2883/3727/3465
f 2649/3726/3277 2883/3727/3465 2650/3728/3275
f 2650/3728/3275 2883/3727/3465 2884/3729/3466
f 2650/3728/3275 2884/3729/3466 2651/3730/3273
f 2651/3730/3273 2884/3729/3466 2885/3731/3467
f 2651/3730/3273 2885/3731/3467 2652/3732/3271
f 2652/3732/3271 2885/3731/3467 2886/3733/3468
f 2652/3732/3271 2886/3733/3468 2653/3734/3269
f 2653/3734/3269 2886/3733/3468 2887/3735/3469
f 2653/3734/3269 2887/3735/3469 2654/3736/3267
f 2654/3736/3267 2887/3735/3469 2888/3737/3470
f 2654/3736/3267 2888/3737/3470 2889/3738/3471
f 2654/3736/3267 2889/3738/3471 2655/3739/3265
f 2655/3739/3265 2889/3738/3471 2890/3740/3472
f 2655/3739/3265 2890/3740/3472 2656/3741/3263
f 2656/3741/3263 2890/3740/3472 2891/3742/3473
f 2656/3741/3263 2891/3742/3473 2657/3743/3261
f 2657/3743/3261 2891/3742/3473 2892/3744/3474
f 2657/3743/3261 2892/3744/3474 2658/3745/3259
f 2658/3745/3259 2892/3744/3474 2893/3746/3475
f 2658/3745/3259 2893/3746/3475 2659/3747/3257
f 2659/3747/3257 2893/3746/3475 2894/3748/3476
f 2659/3747/3257 2894/3748/3476 2660/3749/3255
f 2660/3749/3255 2894/3748/3476 2895/3750/3477
f 2660/3749/3255 2895/3750/3477 2661/3751/3253
f 2661/3751/3253 2895/3750/3477 2896/3752/3478
f 2661/3751/3253 2896/3752/3478 2662/3753/3251
f 2662/3753/3251 2896/3752/3478 2897/3754/3479
f 2662/3753/3251 2897/3754/3479 2663/3755/3249
f 2663/3755/3249 2897/3754/3479 2898/3693/3448
f 2663/3755/3249 2898/3693/3448 2635/3695/3247
f 1429/3756/3480 2930/3757/3481 1406/3758/3482
f 1406/3758/3482 2930/3757/3481 2899/3759/3483
f 1406/3760/3482 2899/3761/3483 2900/3762/3484
f 2930/3757/3481 1429/3756/3480 2929/3763/3485
f 2929/3763/3485 1429/3756/3480 1428/3764/3486
f 2929/3763/3485 1428/3764/3486 2928/3765/3487
f 2928/3765/3487 1428/3764/3486 1427/3766/3488
f 2928/3765/3487 1427/3766/3488 2927/3767/3489
f 2927/3767/3489 1427/3766/3488 2926/3768/3490
f 2926/3768/3490 1427/3766/3488 1426/3769/3491
f 2926/3768/3490 1426/3769/3491 2925/3770/3492
f 2925/3770/3492 1426/3769/3491 1425/3771/3493
f 2925/3770/3492 1425/3771/3493 2924/3772/3494
f 2924/3772/3494 1425/3771/3493 1424/3773/3495
f 2924/3772/3494 1424/3773/3495 2923/3774/3496
f 2923/3774/3496 1424/3773/3495 2922/3775/3497
f 2922/3775/3497 1424/3773/3495 1423/3776/3498
f 2922/3775/3497 1423/3776/3498 2921/3777/3499
f 2921/3777/3499 1423/3776/3498 1422/3778/3500
f 2921/3777/3499 1422/3778/3500 2920/3779/3501
f 2920/3779/3501 1422/3778/3500 1421/3780/3502
f 2920/3779/3501 1421/3780/3502 2919/3781/3503
f 2919/3781/3503 1421/3780/3502 2918/3782/3504
f 2918/3782/3504 1421/3780/3502 1420/3783/3505
f 2918/3782/3504 1420/3783/3505 2917/3784/3506
f 2917/3784/3506 1420/3783/3505 1419/3785/3507
f 2917/3784/3506 1419/3785/3507 2916/3786/3508
f 2916/3786/3508 1419/3785/3507 1418/3787/3509
f 2916/3786/3508 1418/3787/3509 2915/3788/3510
f 2915/3788/3510 1418/3787/3509 2914/3789/3511
f 2914/3789/3511 1418/3787/3509 1417/3790/3512
f 2914/3789/3511 1417/3790/3512 2913/3791/3513
f 2913/3791/3513 1417/3790/3512 1416/3792/3514
f 2913/3791/3513 1416/3792/3514 2912/3793/3515
f 2912/3793/3515 1416/3792/3514 1415/3794/3516
f 2912/3793/3515 1415/3794/3516 2911/3795/3517
f 2911/3795/3517 1415/3794/3516 2910/3796/3518
f 2910/3796/3518 1415/3794/3516 1414/3797/3519
f 2910/3796/3518 1414/3797/3519 2909/3798/3520
f 2909/3798/3520 1414/3797/3519 1413/3799/3521
f 2909/3798/3520 1413/3799/3521 2908/3800/3522
f 2908/3800/3522 1413/3799/3521 1412/3801/3523
f 2908/3800/3522 1412/3801/3523 2907/3802/3524
f 2907/3802/3524 1412/3801/3523 2906/3803/3525
f 2906/3803/3525 1412/3801/3523 1411/3804/3526
f 2906/3803/3525 1411/3804/3526 2905/3805/3527
f 2905/3805/3527 1411/3804/3526 1410/3806/3528
f 2905/3805/3527 1410/3806/3528 2904/3807/3529
f 2904/3807/3529 1410/3806/3528 1409/3808/3530
f 2904/3807/3529 1409/3808/3530 2903/3809/3531
f 2903/3809/3531 1409/3808/3530 2902/3810/3532
f 2902/3810/3532 1409/3808/3530 1408/3811/3533
f 2902/3810/3532 1408/3811/3533 2901/3812/3534
f 2901/3812/3534 1408/3811/3533 1407/3813/3535
f 2901/3812/3534 1407/3813/3535 2900/3762/3484
f 2900/3762/3484 1407/3813/3535 1406/3760/3482
f 2930/3814/3536 2884/3815/3537 2899/3816/3538
f 2899/3816/3538 2884/3815/3537 2883/3817/3539
f 2899/3816/3538 2883/3817/3539 2900/3818/3540
f 2900/3818/3540 2883/3817/3539 2882/3819/3541
f 2900/3818/3540 2882/3819/3541 2901/3820/3542
f 2901/3820/3542 2882/3819/3541 2881/3821/3543
f 2901/3820/3542 2881/3821/3543 2902/3822/3544
f 2902/3822/3544 2881/3821/3543 2880/3823/3545
f 2902/3822/3544 2880/3823/3545 2903/3824/3546
f 2903/3824/3546 2880/3823/3545 2879/3825/3547
f 2903/3824/3546 2879/3825/3547 2904/3826/3548
f 2904/3826/3548 2879/3825/3547 2878/3827/3549
f 2904/3826/3548 2878/3827/3549 2905/3828/3550
f 2905/3828/3550 2878/3827/3549 2877/3829/3551
f 2905/3828/3550 2877/3829/3551 2906/3830/3552
f 2906/3830/3552 2877/3829/3551 2876/3831/3553
f 2906/3830/3552 2876/3831/3553 2907/3832/3554
f 2907/3832/3554 2876/3831/3553 2875/3833/3555
f 2907/3832/3554 2875/3833/3555 2874/3834/3556
f 2930/3814/3536 2929/3835/3557 2884/3815/3537
f 2884/3815/3537 2929/3835/3557 2885/3836/3558
f 2885/3836/3558 2929/3835/3557 2928/3837/3559
f 2885/3836/3558 2928/3837/3559 2886/3838/3560
f 2886/3838/3560 2928/3837/3559 2927/3839/3561
f 2886/3838/3560 2927/3839/3561 2887/3840/3562
f 2887/3840/3562 2927/3839/3561 2926/3841/3563
f 2887/3840/3562 2926/3841/3563 2888/3842/3564
f 2888/3842/3564 2926/3841/3563 2925/3843/3565
f 2888/3842/3564 2925/3843/3565 2889/3844/3566
f 2889/3844/3566 2925/3843/3565 2924/3845/3567
f 2889/3844/3566 2924/3845/3567 2890/3846/3568
f 2890/3846/3568 2924/3845/3567 2923/3847/3569
f 2890/3846/3568 2923/3847/3569 2891/3848/3570
f 2891/3848/3570 2923/3847/3569 2892/3849/3571
f 2892/3849/3571 2923/3847/3569 2922/3850/3572
f 2892/3849/3571 2922/3850/3572 2893/3851/3573
f 2893/3851/3573 2922/3850/3572 2921/3852/3574
f 2893/3851/3573 2921/3852/3574 2894/3853/3575
f 2894/3853/3575 2921/3852/3574 2920/3854/3576
f 2894/3853/3575 2920/3854/3576 2895/3855/3577
f 2895/3855/3577 2920/3854/3576 2919/3856/3578
f 2895/3855/3577 2919/3856/3578 2896/3857/3579
f 2896/3857/3579 2919/3856/3578 2918/3858/3580
f 2896/3857/3579 2918/3858/3580 2897/3859/3581
f 2897/3859/3581 2918/3858/3580 2917/3860/3582
f 2897/3859/3581 2917/3860/3582 2898/3861/3583
f 2898/3861/3583 2917/3860/3582 2916/3862/3584
f 2898/3861/3583 2916/3862/3584 2867/3863/3585
f 2867/3863/3585 2916/3862/3584 2915/3864/3586
f 2867/3863/3585 2915/3864/3586 2914/3865/3587
f 2867/3863/3585 2914/3865/3587 2868/3866/3588
f 2868/3866/3588 2914/3865/3587 2913/3867/3589
f 2868/3866/3588 2913/3867/3589 2869/3868/3590
f 2869/3868/3590 2913/3867/3589 2912/3869/3591
f 2869/3868/3590 2912/3869/3591 2870/3870/3592
f 2870/3870/3592 2912/3869/3591 2911/3871/3593
f 2870/3870/3592 2911/3871/3593 2871/3872/3594
f 2871/3872/3594 2911/3871/3593 2910/3873/3595
f 2871/3872/3594 2910/3873/3595 2872/3874/3596
f 2872/3874/3596 2910/3873/3595 2909/3875/3597
f 2872/3874/3596 2909/3875/3597 2873/3876/3598
f 2873/3876/3598 2909/3875/3597 2908/3877/3599
f 2873/3876/3598 2908/3877/3599 2874/3834/3556
f 2874/3834/3556 2908/3877/3599 2907/3832/3554
f 2954/3878/3600 2931/3879/3601 2955/3880/3602
f 2955/3880/3602 2931/3879/3601 2932/3881/3603
f 2955/3880/3602 2932/3881/3603 2978/3882/3604
f 2978/3882/3604 2932/3881/3603 2933/3883/3605
f 2978/3882/3604 2933/3883/3605 2977/3884/3606
f 2977/3884/3606 2933/3883/3605 2934/3885/3607
f 2977/3884/3606 2934/3885/3607 2976/3886/3608
f 2976/3886/3608 2934/3885/3607 2935/3887/3609
f 2976/3886/3608 2935/3887/3609 2975/3888/3610
f 2975/3888/3610 2935/3887/3609 2936/3889/3611
f 2975/3888/3610 2936/3889/3611 2974/3890/3612
f 2974/3890/3612 2936/3889/3611 2973/3891/3613
f 2973/3891/3613 2936/3889/3611 2937/3892/3614
f 2973/3891/3613 2937/3892/3614 2972/3893/3615
f 2972/3893/3615 2937/3892/3614 2938/3894/3616
f 2972/3893/3615 2938/3894/3616 2971/3895/3617
f 2971/3895/3617 2938/3894/3616 2939/3896/3618
f 2971/3895/3617 2939/3896/3618 2970/3897/3619
f 2970/3897/3619 2939/3896/3618 2940/3898/3620
f 2970/3897/3619 2940/3898/3620 2969/3899/3621
f 2969/3899/3621 2940/3898/3620 2941/3900/3622
f 2969/3899/3621 2941/3900/3622 2968/3901/3623
f 2968/3901/3623 2941/3900/3622 2942/3902/3624
f 2968/3901/3623 2942/3902/3624 2967/3903/3625
f 2967/3903/3625 2942/3902/3624 2943/3904/3626
f 2967/3903/3625 2943/3904/3626 2944/3905/3627
f 2967/3903/3625 2944/3905/3627 2966/3906/3628
f 2966/3906/3628 2944/3905/3627 2945/3907/3629
f 2966/3906/3628 2945/3907/3629 2965/3908/3630
f 2965/3908/3630 2945/3907/3629 2946/3909/3631
f 2965/3908/3630 2946/3909/3631 2964/3910/3632
f 2964/3910/3632 2946/3909/3631 2947/3911/3633
f 2964/3910/3632 2947/3911/3633 2963/3912/3634
f 2963/3912/3634 2947/3911/3633 2948/3913/3635
f 2963/3912/3634 2948/3913/3635 2962/3914/3636
f 2962/3914/3636 2948/3913/3635 2949/3915/3637
f 2962/3914/3636 2949/3915/3637 2961/3916/3638
f 2961/3916/3638 2949/3915/3637 2960/3917/3639
f 2960/3917/3639 2949/3915/3637 2950/3918/3640
f 2960/3917/3639 2950/3918/3640 2959/3919/3641
f 2959/3919/3641 2950/3918/3640 2951/3920/3642
f 2959/3919/3641 2951/3920/3642 2958/3921/3643
f 2958/3921/3643 2951/3920/3642 2952/3922/3644
f 2958/3921/3643 2952/3922/3644 2957/3923/3645
f 2957/3923/3645 2952/3922/3644 2953/3924/3646
f 2957/3923/3645 2953/3924/3646 2956/3925/3647
f 2956/3925/3647 2953/3924/3646 2954/3878/3600
f 2956/3925/3647 2954/3878/3600 2955/3880/3602
f 2954/3926/3648 3003/3927/3649 2931/3928/3650
f 2931/3928/3650 3003/3927/3649 2979/3929/3651
f 2931/3930/3650 2979/3931/3651 2980/3932/3652
f 3003/3927/3649 2954/3926/3648 3002/3933/3653
f 3002/3933/3653 2954/3926/3648 2953/3934/3654
f 3002/3933/3653 2953/3934/3654 3001/3935/3655
f 3001/3935/3655 2953/3934/3654 2952/3936/3656
f 3001/3935/3655 2952/3936/3656 3000/3937/3657
f 3000/3937/3657 2952/3936/3656 2951/3938/3658
f 3000/3937/3657 2951/3938/3658 2999/3939/3659
f 2999/3939/3659 2951/3938/3658 2950/3940/3660
f 2999/3939/3659 2950/3940/3660 2998/3941/3661
f 2998/3941/3661 2950/3940/3660 2949/3942/3662
f 2998/3941/3661 2949/3942/3662 2997/3943/3663
f 2997/3943/3663 2949/3942/3662 2948/3944/3664
f 2997/3943/3663 2948/3944/3664 2996/3945/3665
f 2996/3945/3665 2948/3944/3664 2947/3946/3666
f 2996/3945/3665 2947/3946/3666 2995/3947/3667
f 2995/3947/3667 2947/3946/3666 2946/3948/3668
f 2995/3947/3667 2946/3948/3668 2994/3949/3669
f 2994/3949/3669 2946/3948/3668 2945/3950/3670
f 2994/3949/3669 2945/3950/3670 2993/3951/3671
f 2993/3951/3671 2945/3950/3670 2944/3952/3672
f 2993/3951/3671 2944/3952/3672 2992/3953/3673
f 2992/3953/3673 2944/3952/3672 2943/3954/3674
f 2992/3953/3673 2943/3954/3674 2991/3955/3675
f 2991/3955/3675 2943/3954/3674 2942/3956/3676
f 2991/3955/3675 2942/3956/3676 2990/3957/3677
f 2990/3957/3677 2942/3956/3676 2941/3958/3678
f 2990/3957/3677 2941/3958/3678 2989/3959/3679
f 2989/3959/3679 2941/3958/3678 2940/3960/3680
f 2989/3959/3679 2940/3960/3680 2988/3961/3681
f 2988/3961/3681 2940/3960/3680 2939/3962/3682
f 2988/3961/3681 2939/3962/3682 2987/3963/3683
f 2987/3963/3683 2939/3962/3682 2938/3964/3684
f 2987/3963/3683 2938/3964/3684 2986/3965/3685
f 2986/3965/3685 2938/3964/3684 2937/3966/3686
f 2986/3965/3685 2937/3966/3686 2985/3967/3687
f 2985/3967/3687 2937/3966/3686 2936/3968/3688
f 2985/3967/3687 2936/3968/3688 2984/3969/3689
f 2984/3969/3689 2936/3968/3688 2935/3970/3690
f 2984/3969/3689 2935/3970/3690 2983/3971/3691
f 2983/3971/3691 2935/3970/3690 2934/3972/3692
f 2983/3971/3691 2934/3972/3692 2982/3973/3693
f 2982/3973/3693 2934/3972/3692 2933/3974/3694
f 2982/3973/3693 2933/3974/3694 2981/3975/3695
f 2981/3975/3695 2933/3974/3694 2932/3976/3696
f 2981/3975/3695 2932/3976/3696 2980/3932/3652
f 2980/3932/3652 2932/3976/3696 2931/3930/3650
f 1246/3977/1581 1247/3978/1580 1328/3979/3697
f 1328/3979/3697 1247/3978/1580 3004/3980/3698
f 1328/3979/3697 3004/3980/3698 1329/3981/3699
f 1329/3981/3699 3004/3980/3698 3005/3982/3700
f 1329/3981/3699 3005/3982/3700 1330/3983/3701
f 1330/3983/3701 3005/3982/3700 3006/3984/3702
f 1330/3983/3701 3006/3984/3702 1331/3985/3703
f 1331/3985/3703 3006/3984/3702 3007/3986/3704
f 1331/3985/3703 3007/3986/3704 1332/3987/3705
f 1332/3987/3705 3007/3986/3704 3008/3988/3706
f 1332/3987/3705 3008/3988/3706 1333/3989/3707
f 1333/3989/3707 3008/3988/3706 3009/3990/3708
f 1333/3989/3707 3009/3990/3708 1244/3991/1564
f 1244/3991/1564 3009/3990/3708 1245/3992/1565
f 1239/3993/3709 1229/3994/3710 1216/3995/3711
f 1216/3995/3711 1229/3994/3710 1228/3996/3712
f 1216/3995/3711 1228/3996/3712 1217/3997/3713
f 1217/3997/3713 1228/3996/3712 1227/3998/3714
f 1217/3997/3713 1227/3998/3714 1218/3999/3715
f 1218/3999/3715 1227/3998/3714 1226/4000/3716
f 1218/3999/3715 1226/4000/3716 1219/4001/3717
f 1219/4001/3717 1226/4000/3716 1225/4002/3718
f 1219/4001/3717 1225/4002/3718 1220/4003/3719
f 1220/4003/3719 1225/4002/3718 1224/4004/3720
f 1220/4003/3719 1224/4004/3720 1221/4005/3721
f 1221/4005/3721 1224/4004/3720 1223/4006/3722
f 1221/4005/3721 1223/4006/3722 1222/4007/3723
f 1229/3994/3710 1239/3993/3709 1230/4008/3724
f 1230/4008/3724 1239/3993/3709 1238/4009/3725
f 1230/4008/3724 1238/4009/3725 1231/4010/3726
f 1231/4010/3726 1238/4009/3725 1237/4011/3727
f 1231/4010/3726 1237/4011/3727 1232/4012/3728
f 1232/4012/3728 1237/4011/3727 1236/4013/3729
f 1232/4012/3728 1236/4013/3729 1233/4014/3730
f 1233/4014/3730 1236/4013/3729 1235/4015/3731
f 1233/4014/3730 1235/4015/3731 1234/4016/3732
f 3011/4017/3733 3069/4018/3734 3010/4019/3735
f 3010/4019/3735 3069/4018/3734 3040/4020/3736
f 3010/4021/3735 3040/4022/3736 3039/4023/3737
f 3039/4023/3737 3040/4022/3736 3041/4024/3738
f 3039/4023/3737 3041/4024/3738 3038/4025/3739
f 3038/4025/3739 3041/4024/3738 3042/4026/3740
f 3038/4025/3739 3042/4026/3740 3037/4027/3741
f 3037/4027/3741 3042/4026/3740 3043/4028/3742
f 3037/4027/3741 3043/4028/3742 3036/4029/3743
f 3036/4029/3743 3043/4028/3742 3044/4030/3744
f 3036/4029/3743 3044/4030/3744 3035/4031/3745
f 3035/4031/3745 3044/4030/3744 3045/4032/3746
f 3035/4031/3745 3045/4032/3746 3034/4033/3747
f 3034/4033/3747 3045/4032/3746 3046/4034/3748
f 3034/4033/3747 3046/4034/3748 3033/4035/3749
f 3033/4035/3749 3046/4034/3748 3047/4036/3750
f 3033/4035/3749 3047/4036/3750 3032/4037/3751
f 3032/4037/3751 3047/4036/3750 3048/4038/3752
f 3032/4037/3751 3048/4038/3752 3031/4039/3753
f 3031/4039/3753 3048/4038/3752 3049/4040/3754
f 3031/4039/3753 3049/4040/3754 3030/4041/3755
f 3030/4041/3755 3049/4040/3754 3050/4042/3756
f 3030/4041/3755 3050/4042/3756 3029/4043/3757
f 3029/4043/3757 3050/4042/3756 3051/4044/3758
f 3029/4043/3757 3051/4044/3758 3028/4045/3759
f 3028/4045/3759 3051/4044/3758 3052/4046/3760
f 3028/4045/3759 3052/4046/3760 3027/4047/3761
f 3027/4047/3761 3052/4046/3760 3053/4048/3762
f 3027/4047/3761 3053/4048/3762 3026/4049/3763
f 3026/4049/3763 3053/4048/3762 3054/4050/3764
f 3026/4049/3763 3054/4050/3764 3025/4051/3765
f 3025/4051/3765 3054/4050/3764 3055/4052/3766
f 3025/4051/3765 3055/4052/3766 3024/4053/3767
f 3024/4053/3767 3055/4052/3766 3056/4054/3768
f 3024/4053/3767 3056/4054/3768 3023/4055/3769
f 3023/4055/3769 3056/4054/3768 3057/4056/3770
f 3023/4055/3769 3057/4056/3770 3022/4057/3771
f 3022/4057/3771 3057/4056/3770 3058/4058/3772
f 3022/4057/3771 3058/4058/3772 3021/4059/3773
f 3021/4059/3773 3058/4058/3772 3059/4060/3774
f 3021/4059/3773 3059/4060/3774 3020/4061/3775
f 3020/4061/3775 3059/4060/3774 3060/4062/3776
f 3020/4061/3775 3060/4062/3776 3019/4063/3777
f 3019/4063/3777 3060/4062/3776 3061/4064/3778
f 3019/4063/3777 3061/4064/3778 3018/4065/3779
f 3018/4065/3779 3061/4064/3778 3062/4066/3780
f 3018/4065/3779 3062/4066/3780 3017/4067/3781
f 3017/4067/3781 3062/4066/3780 3063/4068/3782
f 3017/4067/3781 3063/4068/3782 3016/4069/3783
f 3016/4069/3783 3063/4068/3782 3064/4070/3784
f 3016/4069/3783 3064/4070/3784 3015/4071/3785
f 3015/4071/3785 3064/4070/3784 3065/4072/3786
f 3015/4071/3785 3065/4072/3786 3014/4073/3787
f 3014/4073/3787 3065/4072/3786 3066/4074/3788
f 3014/4073/3787 3066/4074/3788 3013/4075/3789
f 3013/4075/3789 3066/4074/3788 3067/4076/3790
f 3013/4075/3789 3067/4076/3790 3012/4077/3791
f 3012/4077/3791 3067/4076/3790 3068/4078/3792
f 3012/4077/3791 3068/4078/3792 3011/4017/3733
f 3011/4017/3733 3068/4078/3792 3069/4018/3734
f 3071/4079/3793 3011/4080/3794 3070/4081/3795
f 3070/4081/3795 3011/4080/3794 3010/4082/3796
f 3070/4081/3795 3010/4082/3796 3039/4083/3797
f 3011/4080/3794 3071/4079/3793 3012/4084/3798
f 3012/4084/3798 3071/4079/3793 3072/4085/3799
f 3012/4084/3798 3072/4085/3799 3013/4086/3800
f 3013/4086/3800 3072/4085/3799 3073/4087/3801
f 3013/4086/3800 3073/4087/3801 3014/4088/3802
f 3014/4088/3802 3073/4087/3801 3074/4089/3803
f 3014/4088/3802 3074/4089/3803 3015/4090/3804
f 3015/4090/3804 3074/4089/3803 3075/4091/3805
f 3015/4090/3804 3075/4091/3805 3016/4092/3806
f 3016/4092/3806 3075/4091/3805 3076/4093/3807
f 3016/4092/3806 3076/4093/3807 3017/4094/3808
f 3017/4094/3808 3076/4093/3807 3077/4095/3809
f 3017/4094/3808 3077/4095/3809 3078/4096/3810
f 3017/4094/3808 3078/4096/3810 3018/4097/3811
f 3018/4097/3811 3078/4096/3810 3079/4098/3812
f 3018/4097/3811 3079/4098/3812 3019/4099/3813
f 3019/4099/3813 3079/4098/3812 3080/4100/3814
f 3019/4099/3813 3080/4100/3814 3020/4101/3815
f 3020/4101/3815 3080/4100/3814 3081/4102/3816
f 3020/4101/3815 3081/4102/3816 3021/4103/3817
f 3021/4103/3817 3081/4102/3816 3082/4104/3818
f 3021/4103/3817 3082/4104/3818 3022/4105/3819
f 3022/4105/3819 3082/4104/3818 3083/4106/3820
f 3022/4105/3819 3083/4106/3820 3023/4107/3821
f 3023/4107/3821 3083/4106/3820 3084/4108/3822
f 3023/4107/3821 3084/4108/3822 3024/4109/3823
f 3024/4109/3823 3084/4108/3822 3085/4110/3824
f 3024/4109/3823 3085/4110/3824 3025/4111/3825
f 3025/4111/3825 3085/4110/3824 3026/4112/3826
f 3026/4112/3826 3085/4110/3824 3086/4113/3827
f 3026/4112/3826 3086/4113/3827 3027/4114/3828
f 3027/4114/3828 3086/4113/3827 3087/4115/3829
f 3027/4114/3828 3087/4115/3829 3028/4116/3830
f 3028/4116/3830 3087/4115/3829 3088/4117/3831
f 3028/4116/3830 3088/4117/3831 3029/4118/3832
f 3029/4118/3832 3088/4117/3831 3089/4119/3833
f 3029/4118/3832 3089/4119/3833 3030/4120/3834
f 3030/4120/3834 3089/4119/3833 3090/4121/3835
f 3030/4120/3834 3090/4121/3835 3031/4122/3836
f 3031/4122/3836 3090/4121/3835 3091/4123/3837
f 3031/4122/3836 3091/4123/3837 3032/4124/3838
f 3032/4124/3838 3091/4123/3837 3092/4125/3839
f 3032/4124/3838 3092/4125/3839 3093/4126/3840
f 3032/4124/3838 3093/4126/3840 3033/4127/3841
f 3033/4127/3841 3093/4126/3840 3094/4128/3842
f 3033/4127/3841 3094/4128/3842 3034/4129/3843
f 3034/4129/3843 3094/4128/3842 3095/4130/3844
f 3034/4129/3843 3095/4130/3844 3035/4131/3845
f 3035/4131/3845 3095/4130/3844 3096/4132/3846
f 3035/4131/3845 3096/4132/3846 3036/4133/3847
f 3036/4133/3847 3096/4132/3846 3097/4134/3848
f 3036/4133/3847 3097/4134/3848 3037/4135/3849
f 3037/4135/3849 3097/4134/3848 3098/4136/3850
f 3037/4135/3849 3098/4136/3850 3038/4137/3851
f 3038/4137/3851 3098/4136/3850 3099/4138/3852
f 3038/4137/3851 3099/4138/3852 3039/4083/3797
f 3039/4083/3797 3099/4138/3852 3070/4081/3795
f 3071/4139/3853 3070/4140/3854 3100/4141/3855
f 3100/4142/3855 3070/4143/3854 3099/4144/3856
f 3100/4142/3855 3099/4144/3856 3125/4145/3857
f 3125/4145/3857 3099/4144/3856 3098/4146/3858
f 3125/4145/3857 3098/4146/3858 3124/4147/3859
f 3124/4147/3859 3098/4146/3858 3097/4148/3860
f 3124/4147/3859 3097/4148/3860 3123/4149/3861
f 3123/4149/3861 3097/4148/3860 3096/4150/3862
f 3123/4149/3861 3096/4150/3862 3122/4151/3863
f 3122/4151/3863 3096/4150/3862 3095/4152/3864
f 3122/4151/3863 3095/4152/3864 3121/4153/3865
f 3121/4153/3865 3095/4152/3864 3094/4154/3866
f 3121/4153/3865 3094/4154/3866 3120/4155/3867
f 3120/4155/3867 3094/4154/3866 3093/4156/3868
f 3120/4155/3867 3093/4156/3868 3092/4157/3869
f 3120/4155/3867 3092/4157/3869 3119/4158/3870
f 3119/4158/3870 3092/4157/3869 3091/4159/3871
f 3119/4158/3870 3091/4159/3871 3118/4160/3872
f 3118/4160/3872 3091/4159/3871 3090/4161/3873
f 3118/4160/3872 3090/4161/3873 3117/4162/3874
f 3117/4162/3874 3090/4161/3873 3089/4163/3875
f 3117/4162/3874 3089/4163/3875 3116/4164/3876
f 3116/4164/3876 3089/4163/3875 3088/4165/3877
f 3116/4164/3876 3088/4165/3877 3115/4166/3878
f 3115/4166/3878 3088/4165/3877 3087/4167/3879
f 3115/4166/3878 3087/4167/3879 3114/4168/3880
f 3114/4168/3880 3087/4167/3879 3086/4169/3881
f 3114/4168/3880 3086/4169/3881 3113/4170/3882
f 3113/4170/3882 3086/4169/3881 3085/4171/3883
f 3113/4170/3882 3085/4171/3883 3084/4172/3884
f 3113/4170/3882 3084/4172/3884 3112/4173/3885
f 3112/4173/3885 3084/4172/3884 3083/4174/3886
f 3112/4173/3885 3083/4174/3886 3111/4175/3887
f 3111/4175/3887 3083/4174/3886 3082/4176/3888
f 3111/4175/3887 3082/4176/3888 3110/4177/3889
f 3110/4177/3889 3082/4176/3888 3081/4178/3890
f 3110/4177/3889 3081/4178/3890 3109/4179/3891
f 3109/4179/3891 3081/4178/3890 3080/4180/3892
f 3109/4179/3891 3080/4180/3892 3108/4181/3893
f 3108/4181/3893 3080/4180/3892 3079/4182/3894
f 3108/4181/3893 3079/4182/3894 3107/4183/3895
f 3107/4183/3895 3079/4182/3894 3078/4184/3896
f 3107/4183/3895 3078/4184/3896 3077/4185/3897
f 3107/4183/3895 3077/4185/3897 3106/4186/3898
f 3106/4186/3898 3077/4185/3897 3076/4187/3899
f 3106/4186/3898 3076/4187/3899 3105/4188/3900
f 3105/4188/3900 3076/4187/3899 3075/4189/3901
f 3105/4188/3900 3075/4189/3901 3104/4190/3902
f 3104/4190/3902 3075/4189/3901 3074/4191/3903
f 3104/4190/3902 3074/4191/3903 3103/4192/3904
f 3103/4192/3904 3074/4191/3903 3073/4193/3905
f 3103/4192/3904 3073/4193/3905 3102/4194/3906
f 3102/4194/3906 3073/4193/3905 3072/4195/3907
f 3102/4194/3906 3072/4195/3907 3101/4196/3908
f 3101/4196/3908 3072/4195/3907 3071/4139/3853
f 3101/4196/3908 3071/4139/3853 3100/4141/3855
f 3003/4197/3909 3114/4198/3910 2979/4199/3911
f 2979/4199/3911 3114/4198/3910 3113/4200/3912
f 2979/4199/3911 3113/4200/3912 3112/4201/3913
f 3114/4198/3910 3003/4197/3909 3115/4202/3914
f 3115/4202/3914 3003/4197/3909 3002/4203/3915
f 3115/4202/3914 3002/4203/3915 3116/4204/3916
f 3116/4204/3916 3002/4203/3915 3001/4205/3917
f 3116/4204/3916 3001/4205/3917 3117/4206/3918
f 3117/4206/3918 3001/4205/3917 3000/4207/3919
f 3117/4206/3918 3000/4207/3919 3118/4208/3920
f 3118/4208/3920 3000/4207/3919 2999/4209/3921
f 3118/4208/3920 2999/4209/3921 3119/4210/3922
f 3119/4210/3922 2999/4209/3921 2998/4211/3923
f 3119/4210/3922 2998/4211/3923 3120/4212/3924
f 3120/4212/3924 2998/4211/3923 2997/4213/3925
f 3120/4212/3924 2997/4213/3925 3121/4214/3926
f 3121/4214/3926 2997/4213/3925 2996/4215/3927
f 3121/4214/3926 2996/4215/3927 3122/4216/3928
f 3122/4216/3928 2996/4215/3927 2995/4217/3929
f 3122/4216/3928 2995/4217/3929 3123/4218/3930
f 3123/4218/3930 2995/4217/3929 2994/4219/3931
f 3123/4218/3930 2994/4219/3931 3124/4220/3932
f 3124/4220/3932 2994/4219/3931 2993/4221/3933
f 3124/4220/3932 2993/4221/3933 3125/4222/3934
f 3125/4222/3934 2993/4221/3933 2992/4223/3935
f 3125/4222/3934 2992/4223/3935 3100/4224/3936
f 3100/4224/3936 2992/4223/3935 2991/4225/3937
f 3100/4224/3936 2991/4225/3937 3101/4226/3938
f 3101/4226/3938 2991/4225/3937 2990/4227/3939
f 3101/4226/3938 2990/4227/3939 3102/4228/3940
f 3102/4228/3940 2990/4227/3939 2989/4229/3941
f 3102/4228/3940 2989/4229/3941 3103/4230/3942
f 3103/4230/3942 2989/4229/3941 2988/4231/3943
f 3103/4230/3942 2988/4231/3943 3104/4232/3944
f 3104/4232/3944 2988/4231/3943 2987/4233/3945
f 3104/4232/3944 2987/4233/3945 3105/4234/3946
f 3105/4234/3946 2987/4233/3945 2986/4235/3947
f 3105/4234/3946 2986/4235/3947 3106/4236/3948
f 3106/4236/3948 2986/4235/3947 2985/4237/3949
f 3106/4236/3948 2985/4237/3949 3107/4238/3950
f 3107/4238/3950 2985/4237/3949 2984/4239/3951
f 3107/4238/3950 2984/4239/3951 3108/4240/3952
f 3108/4240/3952 2984/4239/3951 2983/4241/3953
f 3108/4240/3952 2983/4241/3953 3109/4242/3954
f 3109/4242/3954 2983/4241/3953 2982/4243/3955
f 3109/4242/3954 2982/4243/3955 3110/4244/3956
f 3110/4244/3956 2982/4243/3955 2981/4245/3957
f 3110/4244/3956 2981/4245/3957 3111/4246/3958
f 3111/4246/3958 2981/4245/3957 2980/4247/3959
f 3111/4246/3958 2980/4247/3959 3112/4201/3913
f 3112/4201/3913 2980/4247/3959 2979/4199/3911
f 1306/4248/3960 3051/4249/3961 1271/4250/1541
f 1271/4250/1541 3051/4249/3961 3050/4251/3962
f 1271/4250/1541 3050/4251/3962 1294/4252/3963
f 1294/4252/3963 3050/4251/3962 3049/4253/3964
f 1294/4252/3963 3049/4253/3964 1295/4254/3965
f 1295/4254/3965 3049/4253/3964 3048/4255/3966
f 1295/4254/3965 3048/4255/3966 1296/4256/3967
f 1296/4256/3967 3048/4255/3966 3047/4257/3968
f 1296/4256/3967 3047/4257/3968 1297/4258/3969
f 1297/4258/3969 3047/4257/3968 1298/4259/3970
f 1298/4259/3970 3047/4257/3968 3046/4260/3971
f 1298/4259/3970 3046/4260/3971 1299/4261/3972
f 1299/4261/3972 3046/4260/3971 3045/4262/3973
f 1299/4261/3972 3045/4262/3973 1269/4263/1542
f 1269/4263/1542 3045/4262/3973 3044/4264/3974
f 1269/4263/1542 3044/4264/3974 1321/4265/3975
f 1321/4265/3975 3044/4264/3974 3043/4266/3976
f 1321/4265/3975 3043/4266/3976 1322/4267/3977
f 1322/4267/3977 3043/4266/3976 3042/4268/3978
f 1322/4267/3977 3042/4268/3978 1323/4269/3979
f 1323/4269/3979 3042/4268/3978 3041/4270/3980
f 1323/4269/3979 3041/4270/3980 1324/4271/3981
f 1324/4271/3981 3041/4270/3980 3040/4272/3982
f 1324/4271/3981 3040/4272/3982 3069/4273/3983
f 3051/4249/3961 1306/4248/3960 3052/4274/3984
f 3052/4274/3984 1306/4248/3960 1305/4275/3985
f 3052/4274/3984 1305/4275/3985 3053/4276/3986
f 3053/4276/3986 1305/4275/3985 1304/4277/3987
f 3053/4276/3986 1304/4277/3987 3054/4278/3988
f 3054/4278/3988 1304/4277/3987 1303/4279/3989
f 3054/4278/3988 1303/4279/3989 3055/4280/3990
f 3055/4280/3990 1303/4279/3989 3056/4281/3991
f 3056/4281/3991 1303/4279/3989 1302/4282/3992
f 3056/4281/3991 1302/4282/3992 3057/4283/3993
f 3057/4283/3993 1302/4282/3992 1301/4284/3994
f 3057/4283/3993 1301/4284/3994 3058/4285/3995
f 3058/4285/3995 1301/4284/3994 1300/4286/3996
f 3058/4285/3995 1300/4286/3996 3059/4287/3997
f 3059/4287/3997 1300/4286/3996 1245/4288/1546
f 3059/4287/3997 1245/4288/1546 3060/4289/3998
f 3060/4289/3998 1245/4288/1546 3009/4290/3999
f 3060/4289/3998 3009/4290/3999 3061/4291/4000
f 3061/4291/4000 3009/4290/3999 3008/4292/4001
f 3061/4291/4000 3008/4292/4001 3062/4293/4002
f 3062/4293/4002 3008/4292/4001 3007/4294/4003
f 3062/4293/4002 3007/4294/4003 3006/4295/4004
f 3062/4293/4002 3006/4295/4004 3063/4296/4005
f 3063/4296/4005 3006/4295/4004 3005/4297/4006
f 3063/4296/4005 3005/4297/4006 3064/4298/4007
f 3064/4298/4007 3005/4297/4006 3004/4299/4008
f 3064/4298/4007 3004/4299/4008 3065/4300/4009
f 3065/4300/4009 3004/4299/4008 1247/4301/1545
f 3065/4300/4009 1247/4301/1545 3066/4302/4010
f 3066/4302/4010 1247/4301/1545 1327/4303/4011
f 3066/4302/4010 1327/4303/4011 3067/4304/4012
f 3067/4304/4012 1327/4303/4011 1326/4305/4013
f 3067/4304/4012 1326/4305/4013 3068/4306/4014
f 3068/4306/4014 1326/4305/4013 1325/4307/4015
f 3068/4306/4014 1325/4307/4015 3069/4273/3983
f 3069/4273/3983 1325/4307/4015 1324/4271/3981
f 3127/4308/4016 2956/4309/4017 3126/4310/4018
f 3126/4310/4018 2956/4309/4017 2955/4311/4019
f 3126/4312/4018 2955/4313/4019 3149/4314/4020
f 3149/4314/4020 2955/4313/4019 2978/4315/4021
f 3149/4314/4020 2978/4315/4021 3148/4316/4022
f 3148/4316/4022 2978/4315/4021 2977/4317/4023
f 3148/4316/4022 2977/4317/4023 3147/4318/4024
f 3147/4318/4024 2977/4317/4023 2976/4319/4025
f 3147/4318/4024 2976/4319/4025 3146/4320/4026
f 3146/4320/4026 2976/4319/4025 2975/4321/4027
f 3146/4320/4026 2975/4321/4027 3145/4322/4028
f 3145/4322/4028 2975/4321/4027 2974/4323/4029
f 3145/4322/4028 2974/4323/4029 3144/4324/4030
f 3144/4324/4030 2974/4323/4029 2973/4325/4031
f 3144/4324/4030 2973/4325/4031 3143/4326/4032
f 3143/4326/4032 2973/4325/4031 2972/4327/4033
f 3143/4326/4032 2972/4327/4033 3142/4328/4034
f 3142/4328/4034 2972/4327/4033 2971/4329/4035
f 3142/4328/4034 2971/4329/4035 3141/4330/4036
f 3141/4330/4036 2971/4329/4035 2970/4331/4037
f 3141/4330/4036 2970/4331/4037 3140/4332/4038
f 3140/4332/4038 2970/4331/4037 2969/4333/4039
f 3140/4332/4038 2969/4333/4039 3139/4334/4040
f 3139/4334/4040 2969/4333/4039 2968/4335/4041
f 3139/4334/4040 2968/4335/4041 3138/4336/4042
f 3138/4336/4042 2968/4335/4041 2967/4337/4043
f 3138/4336/4042 2967/4337/4043 3137/4338/4044
f 3137/4338/4044 2967/4337/4043 2966/4339/4045
f 3137/4338/4044 2966/4339/4045 3136/4340/4046
f 3136/4340/4046 2966/4339/4045 2965/4341/4047
f 3136/4340/4046 2965/4341/4047 3135/4342/4048
f 3135/4342/4048 2965/4341/4047 2964/4343/4049
f 3135/4342/4048 2964/4343/4049 3134/4344/4050
f 3134/4344/4050 2964/4343/4049 2963/4345/4051
f 3134/4344/4050 2963/4345/4051 3133/4346/4052
f 3133/4346/4052 2963/4345/4051 2962/4347/4053
f 3133/4346/4052 2962/4347/4053 3132/4348/4054
f 3132/4348/4054 2962/4347/4053 2961/4349/4055
f 3132/4348/4054 2961/4349/4055 3131/4350/4056
f 3131/4350/4056 2961/4349/4055 2960/4351/4057
f 3131/4350/4056 2960/4351/4057 3130/4352/4058
f 3130/4352/4058 2960/4351/4057 2959/4353/4059
f 3130/4352/4058 2959/4353/4059 3129/4354/4060
f 3129/4354/4060 2959/4353/4059 2958/4355/4061
f 3129/4354/4060 2958/4355/4061 3128/4356/4062
f 3128/4356/4062 2958/4355/4061 2957/4357/4063
f 3128/4356/4062 2957/4357/4063 3127/4308/4016
f 3127/4308/4016 2957/4357/4063 2956/4309/4017
f 1405/4358/4064 3173/4359/4065 1382/4360/4066
f 1382/4360/4066 3173/4359/4065 3150/4361/4067
f 1382/4362/4066 3150/4363/4067 1383/4364/4068
f 1383/4364/4068 3150/4363/4067 3151/4365/4069
f 1383/4364/4068 3151/4365/4069 1384/4366/4070
f 1384/4366/4070 3151/4365/4069 3152/4367/4071
f 1384/4366/4070 3152/4367/4071 1385/4368/4072
f 1385/4368/4072 3152/4367/4071 3153/4369/4073
f 1385/4368/4072 3153/4369/4073 1386/4370/4074
f 1386/4370/4074 3153/4369/4073 3154/4371/4075
f 1386/4370/4074 3154/4371/4075 1387/4372/4076
f 1387/4372/4076 3154/4371/4075 3155/4373/4077
f 1387/4372/4076 3155/4373/4077 1388/4374/4078
f 1388/4374/4078 3155/4373/4077 3156/4375/4079
f 1388/4374/4078 3156/4375/4079 1389/4376/4080
f 1389/4376/4080 3156/4375/4079 3157/4377/4081
f 1389/4376/4080 3157/4377/4081 1390/4378/4082
f 1390/4378/4082 3157/4377/4081 3158/4379/4083
f 1390/4378/4082 3158/4379/4083 1391/4380/4084
f 1391/4380/4084 3158/4379/4083 3159/4381/4085
f 1391/4380/4084 3159/4381/4085 1392/4382/4086
f 1392/4382/4086 3159/4381/4085 3160/4383/4087
f 1392/4382/4086 3160/4383/4087 1393/4384/4088
f 1393/4384/4088 3160/4383/4087 3161/4385/4089
f 1393/4384/4088 3161/4385/4089 1394/4386/4090
f 1394/4386/4090 3161/4385/4089 3162/4387/4091
f 1394/4386/4090 3162/4387/4091 1395/4388/4092
f 1395/4388/4092 3162/4387/4091 3163/4389/4093
f 1395/4388/4092 3163/4389/4093 1396/4390/4094
f 1396/4390/4094 3163/4389/4093 3164/4391/4095
f 1396/4390/4094 3164/4391/4095 1397/4392/4096
f 1397/4392/4096 3164/4391/4095 3165/4393/4097
f 1397/4392/4096 3165/4393/4097 1398/4394/4098
f 1398/4394/4098 3165/4393/4097 3166/4395/4099
f 1398/4394/4098 3166/4395/4099 1399/4396/4100
f 1399/4396/4100 3166/4395/4099 3167/4397/4101
f 1399/4396/4100 3167/4397/4101 1400/4398/4102
f 1400/4398/4102 3167/4397/4101 3168/4399/4103
f 1400/4398/4102 3168/4399/4103 1401/4400/4104
f 1401/4400/4104 3168/4399/4103 3169/4401/4105
f 1401/4400/4104 3169/4401/4105 1402/4402/4106
f 1402/4402/4106 3169/4401/4105 3170/4403/4107
f 1402/4402/4106 3170/4403/4107 1403/4404/4108
f 1403/4404/4108 3170/4403/4107 3171/4405/4109
f 1403/4404/4108 3171/4405/4109 1404/4406/4110
f 1404/4406/4110 3171/4405/4109 3172/4407/4111
f 1404/4406/4110 3172/4407/4111 1405/4358/4064
f 1405/4358/4064 3172/4407/4111 3173/4359/4065
f 3149/4408/4112 3151/4409/4113 3126/4410/4114
f 3126/4410/4114 3151/4409/4113 3150/4411/4115
f 3126/4410/4114 3150/4411/4115 3173/4412/4116
f 3151/4409/4113 3149/4408/4112 3152/4413/4117
f 3152/4413/4117 3149/4408/4112 3148/4414/4118
f 3152/4413/4117 3148/4414/4118 3153/4415/4119
f 3153/4415/4119 3148/4414/4118 3147/4416/4120
f 3153/4415/4119 3147/4416/4120 3154/4417/4121
f 3154/4417/4121 3147/4416/4120 3146/4418/4122
f 3154/4417/4121 3146/4418/4122 3155/4419/4123
f 3155/4419/4123 3146/4418/4122 3145/4420/4124
f 3155/4419/4123 3145/4420/4124 3156/4421/4125
f 3156/4421/4125 3145/4420/4124 3144/4422/4126
f 3156/4421/4125 3144/4422/4126 3143/4423/4127
f 3156/4421/4125 3143/4423/4127 3157/4424/4128
f 3157/4424/4128 3143/4423/4127 3142/4425/4129
f 3157/4424/4128 3142/4425/4129 3158/4426/4130
f 3158/4426/4130 3142/4425/4129 3141/4427/4131
f 3158/4426/4130 3141/4427/4131 3159/4428/4132
f 3159/4428/4132 3141/4427/4131 3140/4429/4133
f 3159/4428/4132 3140/4429/4133 3160/4430/4134
f 3160/4430/4134 3140/4429/4133 3139/4431/4135
f 3160/4430/4134 3139/4431/4135 3161/4432/4136
f 3161/4432/4136 3139/4431/4135 3138/4433/4137
f 3161/4432/4136 3138/4433/4137 3162/4434/4138
f 3162/4434/4138 3138/4433/4137 3163/4435/4139
f 3163/4435/4139 3138/4433/4137 3137/4436/4140
f 3163/4435/4139 3137/4436/4140 3164/4437/4141
f 3164/4437/4141 3137/4436/4140 3136/4438/4142
f 3164/4437/4141 3136/4438/4142 3165/4439/4143
f 3165/4439/4143 3136/4438/4142 3135/4440/4144
f 3165/4439/4143 3135/4440/4144 3166/4441/4145
f 3166/4441/4145 3135/4440/4144 3134/4442/4146
f 3166/4441/4145 3134/4442/4146 3167/4443/4147
f 3167/4443/4147 3134/4442/4146 3133/4444/4148
f 3167/4443/4147 3133/4444/4148 3168/4445/4149
f 3168/4445/4149 3133/4444/4148 3132/4446/4150
f 3168/4445/4149 3132/4446/4150 3169/4447/4151
f 3169/4447/4151 3132/4446/4150 3131/4448/4152
f 3169/4447/4151 3131/4448/4152 3130/4449/4153
f 3169/4447/4151 3130/4449/4153 3170/4450/4154
f 3170/4450/4154 3130/4449/4153 3129/4451/4155
f 3170/4450/4154 3129/4451/4155 3171/4452/4156
f 3171/4452/4156 3129/4451/4155 3128/4453/4157
f 3171/4452/4156 3128/4453/4157 3172/4454/4158
f 3172/4454/4158 3128/4453/4157 3127/4455/4159
f 3172/4454/4158 3127/4455/4159 3173/4412/4116
f 3173/4412/4116 3127/4455/4159 3126/4410/4114
f 1191/4456/4160 3197/4457/4161 1168/4458/4162
f 1168/4458/4162 3197/4457/4161 3174/4459/4163
f 1168/4460/4162 3174/4461/4163 1169/4462/4164
f 1169/4462/4164 3174/4461/4163 3175/4463/4165
f 1169/4462/4164 3175/4463/4165 1170/4464/4166
f 1170/4464/4166 3175/4463/4165 3176/4465/4167
f 1170/4464/4166 3176/4465/4167 1171/4466/4168
f 1171/4466/4168 3176/4465/4167 3177/4467/4169
f 1171/4466/4168 3177/4467/4169 1172/4468/4170
f 1172/4468/4170 3177/4467/4169 3178/4469/4171
f 1172/4468/4170 3178/4469/4171 1173/4470/4172
f 1173/4470/4172 3178/4469/4171 3179/4471/4173
f 1173/4470/4172 3179/4471/4173 1174/4472/4174
f 1174/4472/4174 3179/4471/4173 3180/4473/4175
f 1174/4472/4174 3180/4473/4175 1175/4474/4176
f 1175/4474/4176 3180/4473/4175 3181/4475/4177
f 1175/4474/4176 3181/4475/4177 1176/4476/4178
f 1176/4476/4178 3181/4475/4177 3182/4477/4179
f 1176/4476/4178 3182/4477/4179 1177/4478/4180
f 1177/4478/4180 3182/4477/4179 3183/4479/4181
f 1177/4478/4180 3183/4479/4181 1178/4480/4182
f 1178/4480/4182 3183/4479/4181 3184/4481/4183
f 1178/4480/4182 3184/4481/4183 1179/4482/4184
f 1179/4482/4184 3184/4481/4183 3185/4483/4185
f 1179/4482/4184 3185/4483/4185 1180/4484/4186
f 1180/4484/4186 3185/4483/4185 3186/4485/4187
f 1180/4484/4186 3186/4485/4187 1181/4486/4188
f 1181/4486/4188 3186/4485/4187 3187/4487/4189
f 1181/4486/4188 3187/4487/4189 1182/4488/4190
f 1182/4488/4190 3187/4487/4189 3188/4489/4191
f 1182/4488/4190 3188/4489/4191 1183/4490/4192
f 1183/4490/4192 3188/4489/4191 3189/4491/4193
f 1183/4490/4192 3189/4491/4193 1184/4492/4194
f 1184/4492/4194 3189/4491/4193 3190/4493/4195
f 1184/4492/4194 3190/4493/4195 1185/4494/4196
f 1185/4494/4196 3190/4493/4195 3191/4495/4197
f 1185/4494/4196 3191/4495/4197 1186/4496/4198
f 1186/4496/4198 3191/4495/4197 3192/4497/4199
f 1186/4496/4198 3192/4497/4199 1187/4498/4200
f 1187/4498/4200 3192/4497/4199 3193/4499/4201
f 1187/4498/4200 3193/4499/4201 1188/4500/4202
f 1188/4500/4202 3193/4499/4201 3194/4501/4203
f 1188/4500/4202 3194/4501/4203 1189/4502/4204
f 1189/4502/4204 3194/4501/4203 3195/4503/4205
f 1189/4502/4204 3195/4503/4205 1190/4504/4206
f 1190/4504/4206 3195/4503/4205 3196/4505/4207
f 1190/4504/4206 3196/4505/4207 1191/4456/4160
f 1191/4456/4160 3196/4505/4207 3197/4457/4161
f 3197/4506/4208 3221/4507/4209 3174/4508/4210
f 3174/4508/4210 3221/4507/4209 3198/4509/4211
f 3174/4508/4210 3198/4509/4211 3199/4510/4212
f 3221/4507/4209 3197/4506/4208 3220/4511/4213
f 3220/4511/4213 3197/4506/4208 3196/4512/4214
f 3220/4511/4213 3196/4512/4214 3219/4513/4215
f 3219/4513/4215 3196/4512/4214 3195/4514/4216
f 3219/4513/4215 3195/4514/4216 3218/4515/4217
f 3218/4515/4217 3195/4514/4216 3194/4516/4218
f 3218/4515/4217 3194/4516/4218 3217/4517/4219
f 3217/4517/4219 3194/4516/4218 3193/4518/4220
f 3217/4517/4219 3193/4518/4220 3216/4519/4221
f 3216/4519/4221 3193/4518/4220 3192/4520/4222
f 3216/4519/4221 3192/4520/4222 3191/4521/4223
f 3216/4519/4221 3191/4521/4223 3215/4522/4224
f 3215/4522/4224 3191/4521/4223 3190/4523/4225
f 3215/4522/4224 3190/4523/4225 3214/4524/4226
f 3214/4524/4226 3190/4523/4225 3189/4525/4227
f 3214/4524/4226 3189/4525/4227 3213/4526/4228
f 3213/4526/4228 3189/4525/4227 3188/4527/4229
f 3213/4526/4228 3188/4527/4229 3212/4528/4230
f 3212/4528/4230 3188/4527/4229 3187/4529/4231
f 3212/4528/4230 3187/4529/4231 3211/4530/4232
f 3211/4530/4232 3187/4529/4231 3186/4531/4233
f 3211/4530/4232 3186/4531/4233 3210/4532/4234
f 3210/4532/4234 3186/4531/4233 3209/4533/4235
f 3209/4533/4235 3186/4531/4233 3185/4534/4236
f 3209/4533/4235 3185/4534/4236 3208/4535/4237
f 3208/4535/4237 3185/4534/4236 3184/4536/4238
f 3208/4535/4237 3184/4536/4238 3207/4537/4239
f 3207/4537/4239 3184/4536/4238 3183/4538/4240
f 3207/4537/4239 3183/4538/4240 3206/4539/4241
f 3206/4539/4241 3183/4538/4240 3182/4540/4242
f 3206/4539/4241 3182/4540/4242 3205/4541/4243
f 3205/4541/4243 3182/4540/4242 3181/4542/4244
f 3205/4541/4243 3181/4542/4244 3204/4543/4245
f 3204/4543/4245 3181/4542/4244 3180/4544/4246
f 3204/4543/4245 3180/4544/4246 3203/4545/4247
f 3203/4545/4247 3180/4544/4246 3179/4546/4248
f 3203/4545/4247 3179/4546/4248 3178/4547/4249
f 3203/4545/4247 3178/4547/4249 3202/4548/4250
f 3202/4548/4250 3178/4547/4249 3177/4549/4251
f 3202/4548/4250 3177/4549/4251 3201/4550/4252
f 3201/4550/4252 3177/4549/4251 3176/4551/4253
f 3201/4550/4252 3176/4551/4253 3200/4552/4254
f 3200/4552/4254 3176/4551/4253 3175/4553/4255
f 3200/4552/4254 3175/4553/4255 3199/4510/4212
f 3199/4510/4212 3175/4553/4255 3174/4508/4210
f 3221/4554/4256 3246/4555/4257 3198/4556/4258
f 3198/4556/4258 3246/4555/4257 3222/4557/4259
f 3198/4558/4258 3222/4559/4259 3223/4560/4260
f 3246/4555/4257 3221/4554/4256 3245/4561/4261
f 3245/4561/4261 3221/4554/4256 3220/4562/4262
f 3245/4561/4261 3220/4562/4262 3244/4563/4263
f 3244/4563/4263 3220/4562/4262 3219/4564/4264
f 3244/4563/4263 3219/4564/4264 3243/4565/4265
f 3243/4565/4265 3219/4564/4264 3218/4566/4266
f 3243/4565/4265 3218/4566/4266 3242/4567/4267
f 3242/4567/4267 3218/4566/4266 3217/4568/4268
f 3242/4567/4267 3217/4568/4268 3241/4569/4269
f 3241/4569/4269 3217/4568/4268 3216/4570/4270
f 3241/4569/4269 3216/4570/4270 3240/4571/4271
f 3240/4571/4271 3216/4570/4270 3215/4572/4272
f 3240/4571/4271 3215/4572/4272 3239/4573/4273
f 3239/4573/4273 3215/4572/4272 3214/4574/4274
f 3239/4573/4273 3214/4574/4274 3238/4575/4275
f 3238/4575/4275 3214/4574/4274 3213/4576/4276
f 3238/4575/4275 3213/4576/4276 3237/4577/4277
f 3237/4577/4277 3213/4576/4276 3212/4578/4278
f 3237/4577/4277 3212/4578/4278 3236/4579/4279
f 3236/4579/4279 3212/4578/4278 3211/4580/4280
f 3236/4579/4279 3211/4580/4280 3235/4581/4281
f 3235/4581/4281 3211/4580/4280 3210/4582/4282
f 3235/4581/4281 3210/4582/4282 3234/4583/4283
f 3234/4583/4283 3210/4582/4282 3209/4584/4284
f 3234/4583/4283 3209/4584/4284 3233/4585/4285
f 3233/4585/4285 3209/4584/4284 3208/4586/4286
f 3233/4585/4285 3208/4586/4286 3232/4587/4287
f 3232/4587/4287 3208/4586/4286 3207/4588/4288
f 3232/4587/4287 3207/4588/4288 3231/4589/4289
f 3231/4589/4289 3207/4588/4288 3206/4590/4290
f 3231/4589/4289 3206/4590/4290 3230/4591/4291
f 3230/4591/4291 3206/4590/4290 3205/4592/4292
f 3230/4591/4291 3205/4592/4292 3229/4593/4293
f 3229/4593/4293 3205/4592/4292 3204/4594/4294
f 3229/4593/4293 3204/4594/4294 3228/4595/4295
f 3228/4595/4295 3204/4594/4294 3203/4596/4296
f 3228/4595/4295 3203/4596/4296 3227/4597/4297
f 3227/4597/4297 3203/4596/4296 3202/4598/4298
f 3227/4597/4297 3202/4598/4298 3226/4599/4299
f 3226/4599/4299 3202/4598/4298 3201/4600/4300
f 3226/4599/4299 3201/4600/4300 3225/4601/4301
f 3225/4601/4301 3201/4600/4300 3200/4602/4302
f 3225/4601/4301 3200/4602/4302 3224/4603/4303
f 3224/4603/4303 3200/4602/4302 3199/4604/4304
f 3224/4603/4303 3199/4604/4304 3223/4560/4260
f 3223/4560/4260 3199/4604/4304 3198/4558/4258
f 3248/4605/4305 3258/4606/4306 3247/4607/4307
f 3247/4607/4307 3258/4606/4306 3259/4608/4308
f 3247/4607/4307 3259/4608/4308 3270/4609/4309
f 3270/4609/4309 3259/4608/4308 3260/4610/4310
f 3270/4609/4309 3260/4610/4310 3269/4611/4311
f 3269/4611/4311 3260/4610/4310 3261/4612/4312
f 3269/4611/4311 3261/4612/4312 3268/4613/4313
f 3268/4613/4313 3261/4612/4312 3262/4614/4314
f 3268/4613/4313 3262/4614/4314 3267/4615/4315
f 3267/4615/4315 3262/4614/4314 3263/4616/4316
f 3267/4615/4315 3263/4616/4316 3266/4617/4317
f 3266/4617/4317 3263/4616/4316 3264/4618/4318
f 3266/4617/4317 3264/4618/4318 3265/4619/4319
f 3258/4606/4306 3248/4605/4305 3257/4620/4320
f 3257/4620/4320 3248/4605/4305 3249/4621/4321
f 3257/4620/4320 3249/4621/4321 3256/4622/4322
f 3256/4622/4322 3249/4621/4321 3250/4623/4323
f 3256/4622/4322 3250/4623/4323 3255/4624/4324
f 3255/4624/4324 3250/4623/4323 3251/4625/4325
f 3255/4624/4324 3251/4625/4325 3254/4626/4326
f 3254/4626/4326 3251/4625/4325 3252/4627/4327
f 3254/4626/4326 3252/4627/4327 3253/4628/4328
f 3272/4629/4329 3282/4630/4330 3271/4631/4331
f 3271/4631/4331 3282/4630/4330 3283/4632/4332
f 3271/4631/4331 3283/4632/4332 3294/4633/4333
f 3294/4633/4333 3283/4632/4332 3284/4634/4334
f 3294/4633/4333 3284/4634/4334 3293/4635/4335
f 3293/4635/4335 3284/4634/4334 3285/4636/4336
f 3293/4635/4335 3285/4636/4336 3292/4637/4337
f 3292/4637/4337 3285/4636/4336 3286/4638/4338
f 3292/4637/4337 3286/4638/4338 3291/4639/4339
f 3291/4639/4339 3286/4638/4338 3287/4640/4340
f 3291/4639/4339 3287/4640/4340 3290/4641/4341
f 3290/4641/4341 3287/4640/4340 3288/4642/4342
f 3290/4641/4341 3288/4642/4342 3289/4643/4343
f 3282/4630/4330 3272/4629/4329 3281/4644/4344
f 3281/4644/4344 3272/4629/4329 3273/4645/4345
f 3281/4644/4344 3273/4645/4345 3280/4646/4346
f 3280/4646/4346 3273/4645/4345 3274/4647/4347
f 3280/4646/4346 3274/4647/4347 3279/4648/4348
f 3279/4648/4348 3274/4647/4347 3275/4649/4349
f 3279/4648/4348 3275/4649/4349 3278/4650/4350
f 3278/4650/4350 3275/4649/4349 3276/4651/4351
f 3278/4650/4350 3276/4651/4351 3277/4652/4352
usemtl Plastic_-_Matte_(Black)
f 3296/4653/4353 3306/4654/4354 3295/4655/4355
f 3295/4655/4355 3306/4654/4354 3307/4656/4356
f 3295/4655/4355 3307/4656/4356 3318/4657/4357
f 3318/4657/4357 3307/4656/4356 3308/4658/4358
f 3318/4657/4357 3308/4658/4358 3317/4659/4359
f 3317/4659/4359 3308/4658/4358 3309/4660/4360
f 3317/4659/4359 3309/4660/4360 3316/4661/4361
f 3316/4661/4361 3309/4660/4360 3310/4662/4362
f 3316/4661/4361 3310/4662/4362 3315/4663/4363
f 3315/4663/4363 3310/4662/4362 3311/4664/4364
f 3315/4663/4363 3311/4664/4364 3314/4665/4365
f 3314/4665/4365 3311/4664/4364 3312/4666/4366
f 3314/4665/4365 3312/4666/4366 3313/4667/4367
f 3306/4654/4354 3296/4653/4353 3305/4668/4368
f 3305/4668/4368 3296/4653/4353 3297/4669/4369
f 3305/4668/4368 3297/4669/4369 3304/4670/4370
f 3304/4670/4370 3297/4669/4369 3298/4671/4371
f 3304/4670/4370 3298/4671/4371 3303/4672/4372
f 3303/4672/4372 3298/4671/4371 3299/4673/4373
f 3303/4672/4372 3299/4673/4373 3302/4674/4374
f 3302/4674/4374 3299/4673/4373 3300/4675/4375
f 3302/4674/4374 3300/4675/4375 3301/4676/4376
usemtl Plastic_-_Matte_(Green)
f 3320/4677/4377 3330/4678/4378 3319/4679/4379
f 3319/4679/4379 3330/4678/4378 3331/4680/4380
f 3319/4679/4379 3331/4680/4380 3342/4681/4381
f 3342/4681/4381 3331/4680/4380 3332/4682/4382
f 3342/4681/4381 3332/4682/4382 3341/4683/4383
f 3341/4683/4383 3332/4682/4382 3333/4684/4384
f 3341/4683/4383 3333/4684/4384 3340/4685/4385
f 3340/4685/4385 3333/4684/4384 3334/4686/4386
f 3340/4685/4385 3334/4686/4386 3339/4687/4387
f 3339/4687/4387 3334/4686/4386 3335/4688/4388
f 3339/4687/4387 3335/4688/4388 3338/4689/4389
f 3338/4689/4389 3335/4688/4388 3336/4690/4390
f 3338/4689/4389 3336/4690/4390 3337/4691/4391
f 3330/4678/4378 3320/4677/4377 3329/4692/4392
f 3329/4692/4392 3320/4677/4377 3321/4693/4393
f 3329/4692/4392 3321/4693/4393 3328/4694/4394
f 3328/4694/4394 3321/4693/4393 3322/4695/4395
f 3328/4694/4394 3322/4695/4395 3327/4696/4396
f 3327/4696/4396 3322/4695/4395 3323/4697/4397
f 3327/4696/4396 3323/4697/4397 3326/4698/4398
f 3326/4698/4398 3323/4697/4397 3324/4699/4399
f 3326/4698/4398 3324/4699/4399 3325/4700/4400
usemtl Plastic_-_Matte_(Black)
f 3342/4701/4401 3366/4702/4402 3319/4703/4403
f 3319/4703/4403 3366/4702/4402 3343/4704/4404
f 3319/4705/4403 3343/4706/4404 3320/4707/4405
f 3320/4707/4405 3343/4706/4404 3344/4708/4406
f 3320/4707/4405 3344/4708/4406 3321/4709/4407
f 3321/4709/4407 3344/4708/4406 3345/4710/4408
f 3321/4709/4407 3345/4710/4408 3322/4711/4409
f 3322/4711/4409 3345/4710/4408 3346/4712/4410
f 3322/4711/4409 3346/4712/4410 3323/4713/4411
f 3323/4713/4411 3346/4712/4410 3347/4714/4412
f 3323/4713/4411 3347/4714/4412 3324/4715/4413
f 3324/4715/4413 3347/4714/4412 3348/4716/4414
f 3324/4715/4413 3348/4716/4414 3325/4717/4415
f 3325/4717/4415 3348/4716/4414 3349/4718/4416
f 3325/4717/4415 3349/4718/4416 3326/4719/4417
f 3326/4719/4417 3349/4718/4416 3350/4720/4418
f 3326/4719/4417 3350/4720/4418 3327/4721/4419
f 3327/4721/4419 3350/4720/4418 3351/4722/4420
f 3327/4721/4419 3351/4722/4420 3328/4723/4421
f 3328/4723/4421 3351/4722/4420 3352/4724/4422
f 3328/4723/4421 3352/4724/4422 3329/4725/4423
f 3329/4725/4423 3352/4724/4422 3353/4726/4424
f 3329/4725/4423 3353/4726/4424 3330/4727/4425
f 3330/4727/4425 3353/4726/4424 3354/4728/4426
f 3330/4727/4425 3354/4728/4426 3331/4729/4427
f 3331/4729/4427 3354/4728/4426 3355/4730/4428
f 3331/4729/4427 3355/4730/4428 3332/4731/4429
f 3332/4731/4429 3355/4730/4428 3356/4732/4430
f 3332/4731/4429 3356/4732/4430 3333/4733/4431
f 3333/4733/4431 3356/4732/4430 3357/4734/4432
f 3333/4733/4431 3357/4734/4432 3334/4735/4433
f 3334/4735/4433 3357/4734/4432 3358/4736/4434
f 3334/4735/4433 3358/4736/4434 3335/4737/4435
f 3335/4737/4435 3358/4736/4434 3359/4738/4436
f 3335/4737/4435 3359/4738/4436 3336/4739/4437
f 3336/4739/4437 3359/4738/4436 3360/4740/4438
f 3336/4739/4437 3360/4740/4438 3337/4741/4439
f 3337/4741/4439 3360/4740/4438 3361/4742/4440
f 3337/4741/4439 3361/4742/4440 3338/4743/4441
f 3338/4743/4441 3361/4742/4440 3362/4744/4442
f 3338/4743/4441 3362/4744/4442 3339/4745/4443
f 3339/4745/4443 3362/4744/4442 3363/4746/4444
f 3339/4745/4443 3363/4746/4444 3340/4747/4445
f 3340/4747/4445 3363/4746/4444 3364/4748/4446
f 3340/4747/4445 3364/4748/4446 3341/4749/4447
f 3341/4749/4447 3364/4748/4446 3365/4750/4448
f 3341/4749/4447 3365/4750/4448 3342/4701/4401
f 3342/4701/4401 3365/4750/4448 3366/4702/4402
f 3294/4751/4449 3390/4752/4450 3271/4753/4451
f 3271/4753/4451 3390/4752/4450 3367/4754/4452
f 3271/4755/4451 3367/4756/4452 3272/4757/4453
f 3272/4757/4453 3367/4756/4452 3368/4758/4454
f 3272/4757/4453 3368/4758/4454 3273/4759/4455
f 3273/4759/4455 3368/4758/4454 3369/4760/4456
f 3273/4759/4455 3369/4760/4456 3274/4761/4457
f 3274/4761/4457 3369/4760/4456 3370/4762/4458
f 3274/4761/4457 3370/4762/4458 3275/4763/4459
f 3275/4763/4459 3370/4762/4458 3371/4764/4460
f 3275/4763/4459 3371/4764/4460 3276/4765/4461
f 3276/4765/4461 3371/4764/4460 3372/4766/4462
f 3276/4765/4461 3372/4766/4462 3277/4767/4463
f 3277/4767/4463 3372/4766/4462 3373/4768/4464
f 3277/4767/4463 3373/4768/4464 3278/4769/4465
f 3278/4769/4465 3373/4768/4464 3374/4770/4466
f 3278/4769/4465 3374/4770/4466 3279/4771/4467
f 3279/4771/4467 3374/4770/4466 3375/4772/4468
f 3279/4771/4467 3375/4772/4468 3280/4773/4469
f 3280/4773/4469 3375/4772/4468 3376/4774/4470
f 3280/4773/4469 3376/4774/4470 3281/4775/4471
f 3281/4775/4471 3376/4774/4470 3377/4776/4472
f 3281/4775/4471 3377/4776/4472 3282/4777/4473
f 3282/4777/4473 3377/4776/4472 3378/4778/4474
f 3282/4777/4473 3378/4778/4474 3283/4779/4475
f 3283/4779/4475 3378/4778/4474 3379/4780/4476
f 3283/4779/4475 3379/4780/4476 3284/4781/4477
f 3284/4781/4477 3379/4780/4476 3380/4782/4478
f 3284/4781/4477 3380/4782/4478 3285/4783/4479
f 3285/4783/4479 3380/4782/4478 3381/4784/4480
f 3285/4783/4479 3381/4784/4480 3286/4785/4481
f 3286/4785/4481 3381/4784/4480 3382/4786/4482
f 3286/4785/4481 3382/4786/4482 3287/4787/4483
f 3287/4787/4483 3382/4786/4482 3383/4788/4484
f 3287/4787/4483 3383/4788/4484 3288/4789/4485
f 3288/4789/4485 3383/4788/4484 3384/4790/4486
f 3288/4789/4485 3384/4790/4486 3289/4791/4487
f 3289/4791/4487 3384/4790/4486 3385/4792/4488
f 3289/4791/4487 3385/4792/4488 3290/4793/4489
f 3290/4793/4489 3385/4792/4488 3386/4794/4490
f 3290/4793/4489 3386/4794/4490 3291/4795/4491
f 3291/4795/4491 3386/4794/4490 3387/4796/4492
f 3291/4795/4491 3387/4796/4492 3292/4797/4493
f 3292/4797/4493 3387/4796/4492 3388/4798/4494
f 3292/4797/4493 3388/4798/4494 3293/4799/4495
f 3293/4799/4495 3388/4798/4494 3389/4800/4496
f 3293/4799/4495 3389/4800/4496 3294/4751/4449
f 3294/4751/4449 3389/4800/4496 3390/4752/4450
f 3270/4801/4497 3414/4802/4498 3247/4803/4499
f 3247/4803/4499 3414/4802/4498 3391/4804/4500
f 3247/4805/4499 3391/4806/4500 3248/4807/4501
f 3248/4807/4501 3391/4806/4500 3392/4808/4502
f 3248/4807/4501 3392/4808/4502 3249/4809/4503
f 3249/4809/4503 3392/4808/4502 3393/4810/4504
f 3249/4809/4503 3393/4810/4504 3250/4811/4505
f 3250/4811/4505 3393/4810/4504 3394/4812/4506
f 3250/4811/4505 3394/4812/4506 3251/4813/4507
f 3251/4813/4507 3394/4812/4506 3395/4814/4508
f 3251/4813/4507 3395/4814/4508 3252/4815/4509
f 3252/4815/4509 3395/4814/4508 3396/4816/4510
f 3252/4815/4509 3396/4816/4510 3253/4817/4511
f 3253/4817/4511 3396/4816/4510 3397/4818/4512
f 3253/4817/4511 3397/4818/4512 3254/4819/4513
f 3254/4819/4513 3397/4818/4512 3398/4820/4514
f 3254/4819/4513 3398/4820/4514 3255/4821/4515
f 3255/4821/4515 3398/4820/4514 3399/4822/4516
f 3255/4821/4515 3399/4822/4516 3256/4823/4517
f 3256/4823/4517 3399/4822/4516 3400/4824/4518
f 3256/4823/4517 3400/4824/4518 3257/4825/4519
f 3257/4825/4519 3400/4824/4518 3401/4826/4520
f 3257/4825/4519 3401/4826/4520 3258/4827/4521
f 3258/4827/4521 3401/4826/4520 3402/4828/4522
f 3258/4827/4521 3402/4828/4522 3259/4829/4523
f 3259/4829/4523 3402/4828/4522 3403/4830/4524
f 3259/4829/4523 3403/4830/4524 3260/4831/4525
f 3260/4831/4525 3403/4830/4524 3404/4832/4526
f 3260/4831/4525 3404/4832/4526 3261/4833/4527
f 3261/4833/4527 3404/4832/4526 3405/4834/4528
f 3261/4833/4527 3405/4834/4528 3262/4835/4529
f 3262/4835/4529 3405/4834/4528 3406/4836/4530
f 3262/4835/4529 3406/4836/4530 3263/4837/4531
f 3263/4837/4531 3406/4836/4530 3407/4838/4532
f 3263/4837/4531 3407/4838/4532 3264/4839/4533
f 3264/4839/4533 3407/4838/4532 3408/4840/4534
f 3264/4839/4533 3408/4840/4534 3265/4841/4535
f 3265/4841/4535 3408/4840/4534 3409/4842/4536
f 3265/4841/4535 3409/4842/4536 3266/4843/4537
f 3266/4843/4537 3409/4842/4536 3410/4844/4538
f 3266/4843/4537 3410/4844/4538 3267/4845/4539
f 3267/4845/4539 3410/4844/4538 3411/4846/4540
f 3267/4845/4539 3411/4846/4540 3268/4847/4541
f 3268/4847/4541 3411/4846/4540 3412/4848/4542
f 3268/4847/4541 3412/4848/4542 3269/4849/4543
f 3269/4849/4543 3412/4848/4542 3413/4850/4544
f 3269/4849/4543 3413/4850/4544 3270/4801/4497
f 3270/4801/4497 3413/4850/4544 3414/4802/4498
f 3318/4851/4545 3438/4852/4546 3295/4853/4547
f 3295/4853/4547 3438/4852/4546 3415/4854/4548
f 3295/4855/4547 3415/4856/4548 3296/4857/4549
f 3296/4857/4549 3415/4856/4548 3416/4858/4550
f 3296/4857/4549 3416/4858/4550 3297/4859/4551
f 3297/4859/4551 3416/4858/4550 3417/4860/4552
f 3297/4859/4551 3417/4860/4552 3298/4861/4553
f 3298/4861/4553 3417/4860/4552 3418/4862/4554
f 3298/4861/4553 3418/4862/4554 3299/4863/4555
f 3299/4863/4555 3418/4862/4554 3419/4864/4556
f 3299/4863/4555 3419/4864/4556 3300/4865/4557
f 3300/4865/4557 3419/4864/4556 3420/4866/4558
f 3300/4865/4557 3420/4866/4558 3301/4867/4559
f 3301/4867/4559 3420/4866/4558 3421/4868/4560
f 3301/4867/4559 3421/4868/4560 3302/4869/4561
f 3302/4869/4561 3421/4868/4560 3422/4870/4562
f 3302/4869/4561 3422/4870/4562 3303/4871/4563
f 3303/4871/4563 3422/4870/4562 3423/4872/4564
f 3303/4871/4563 3423/4872/4564 3304/4873/4565
f 3304/4873/4565 3423/4872/4564 3424/4874/4566
f 3304/4873/4565 3424/4874/4566 3305/4875/4567
f 3305/4875/4567 3424/4874/4566 3425/4876/4568
f 3305/4875/4567 3425/4876/4568 3306/4877/4569
f 3306/4877/4569 3425/4876/4568 3426/4878/4570
f 3306/4877/4569 3426/4878/4570 3307/4879/4571
f 3307/4879/4571 3426/4878/4570 3427/4880/4572
f 3307/4879/4571 3427/4880/4572 3308/4881/4573
f 3308/4881/4573 3427/4880/4572 3428/4882/4574
f 3308/4881/4573 3428/4882/4574 3309/4883/4575
f 3309/4883/4575 3428/4882/4574 3429/4884/4576
f 3309/4883/4575 3429/4884/4576 3310/4885/4577
f 3310/4885/4577 3429/4884/4576 3430/4886/4578
f 3310/4885/4577 3430/4886/4578 3311/4887/4579
f 3311/4887/4579 3430/4886/4578 3431/4888/4580
f 3311/4887/4579 3431/4888/4580 3312/4889/4581
f 3312/4889/4581 3431/4888/4580 3432/4890/4582
f 3312/4889/4581 3432/4890/4582 3313/4891/4583
f 3313/4891/4583 3432/4890/4582 3433/4892/4584
f 3313/4891/4583 3433/4892/4584 3314/4893/4585
f 3314/4893/4585 3433/4892/4584 3434/4894/4586
f 3314/4893/4585 3434/4894/4586 3315/4895/4587
f 3315/4895/4587 3434/4894/4586 3435/4896/4588
f 3315/4895/4587 3435/4896/4588 3316/4897/4589
f 3316/4897/4589 3435/4896/4588 3436/4898/4590
f 3316/4897/4589 3436/4898/4590 3317/4899/4591
f 3317/4899/4591 3436/4898/4590 3437/4900/4592
f 3317/4899/4591 3437/4900/4592 3318/4851/4545
f 3318/4851/4545 3437/4900/4592 3438/4852/4546
usemtl Plastic_-_Matte_(Green)
f 3440/4901/4593 3498/4902/4594 3439/4903/4595
f 3439/4903/4595 3498/4902/4594 3469/4904/4596
f 3439/4905/4595 3469/4906/4596 3468/4907/4597
f 3468/4907/4597 3469/4906/4596 3470/4908/4598
f 3468/4907/4597 3470/4908/4598 3467/4909/4599
f 3467/4909/4599 3470/4908/4598 3471/4910/4600
f 3467/4909/4599 3471/4910/4600 3466/4911/4601
f 3466/4911/4601 3471/4910/4600 3472/4912/4602
f 3466/4911/4601 3472/4912/4602 3465/4913/4603
f 3465/4913/4603 3472/4912/4602 3473/4914/4604
f 3465/4913/4603 3473/4914/4604 3464/4915/4605
f 3464/4915/4605 3473/4914/4604 3474/4916/4606
f 3464/4915/4605 3474/4916/4606 3463/4917/4607
f 3463/4917/4607 3474/4916/4606 3475/4918/4608
f 3463/4917/4607 3475/4918/4608 3462/4919/4609
f 3462/4919/4609 3475/4918/4608 3476/4920/4610
f 3462/4919/4609 3476/4920/4610 3461/4921/4611
f 3461/4921/4611 3476/4920/4610 3477/4922/4612
f 3461/4921/4611 3477/4922/4612 3460/4923/4613
f 3460/4923/4613 3477/4922/4612 3478/4924/4614
f 3460/4923/4613 3478/4924/4614 3459/4925/4615
f 3459/4925/4615 3478/4924/4614 3479/4926/4616
f 3459/4925/4615 3479/4926/4616 3458/4927/4617
f 3458/4927/4617 3479/4926/4616 3480/4928/4618
f 3458/4927/4617 3480/4928/4618 3457/4929/4619
f 3457/4929/4619 3480/4928/4618 3481/4930/4620
f 3457/4929/4619 3481/4930/4620 3456/4931/4621
f 3456/4931/4621 3481/4930/4620 3482/4932/4622
f 3456/4931/4621 3482/4932/4622 3455/4933/4623
f 3455/4933/4623 3482/4932/4622 3483/4934/4624
f 3455/4933/4623 3483/4934/4624 3454/4935/4625
f 3454/4935/4625 3483/4934/4624 3484/4936/4626
f 3454/4935/4625 3484/4936/4626 3453/4937/4627
f 3453/4937/4627 3484/4936/4626 3485/4938/4628
f 3453/4937/4627 3485/4938/4628 3452/4939/4629
f 3452/4939/4629 3485/4938/4628 3486/4940/4630
f 3452/4939/4629 3486/4940/4630 3451/4941/4631
f 3451/4941/4631 3486/4940/4630 3487/4942/4632
f 3451/4941/4631 3487/4942/4632 3450/4943/4633
f 3450/4943/4633 3487/4942/4632 3488/4944/4634
f 3450/4943/4633 3488/4944/4634 3449/4945/4635
f 3449/4945/4635 3488/4944/4634 3489/4946/4636
f 3449/4945/4635 3489/4946/4636 3448/4947/4637
f 3448/4947/4637 3489/4946/4636 3490/4948/4638
f 3448/4947/4637 3490/4948/4638 3447/4949/4639
f 3447/4949/4639 3490/4948/4638 3491/4950/4640
f 3447/4949/4639 3491/4950/4640 3446/4951/4641
f 3446/4951/4641 3491/4950/4640 3492/4952/4642
f 3446/4951/4641 3492/4952/4642 3445/4953/4643
f 3445/4953/4643 3492/4952/4642 3493/4954/4644
f 3445/4953/4643 3493/4954/4644 3444/4955/4645
f 3444/4955/4645 3493/4954/4644 3494/4956/4646
f 3444/4955/4645 3494/4956/4646 3443/4957/4647
f 3443/4957/4647 3494/4956/4646 3495/4958/4648
f 3443/4957/4647 3495/4958/4648 3442/4959/4649
f 3442/4959/4649 3495/4958/4648 3496/4960/4650
f 3442/4959/4649 3496/4960/4650 3441/4961/4651
f 3441/4961/4651 3496/4960/4650 3497/4962/4652
f 3441/4961/4651 3497/4962/4652 3440/4901/4593
f 3440/4901/4593 3497/4962/4652 3498/4902/4594
f 3500/4963/4653 3440/4964/4654 3499/4965/4655
f 3499/4965/4655 3440/4964/4654 3439/4966/4656
f 3499/4965/4655 3439/4966/4656 3468/4967/4657
f 3440/4964/4654 3500/4963/4653 3441/4968/4658
f 3441/4968/4658 3500/4963/4653 3501/4969/4659
f 3441/4968/4658 3501/4969/4659 3442/4970/4660
f 3442/4970/4660 3501/4969/4659 3502/4971/4661
f 3442/4970/4660 3502/4971/4661 3443/4972/4662
f 3443/4972/4662 3502/4971/4661 3503/4973/4663
f 3443/4972/4662 3503/4973/4663 3444/4974/4664
f 3444/4974/4664 3503/4973/4663 3504/4975/4665
f 3444/4974/4664 3504/4975/4665 3445/4976/4666
f 3445/4976/4666 3504/4975/4665 3505/4977/4667
f 3445/4976/4666 3505/4977/4667 3446/4978/4668
f 3446/4978/4668 3505/4977/4667 3506/4979/4669
f 3446/4978/4668 3506/4979/4669 3507/4980/4670
f 3446/4978/4668 3507/4980/4670 3447/4981/4671
f 3447/4981/4671 3507/4980/4670 3508/4982/4672
f 3447/4981/4671 3508/4982/4672 3448/4983/4673
f 3448/4983/4673 3508/4982/4672 3509/4984/4674
f 3448/4983/4673 3509/4984/4674 3449/4985/4675
f 3449/4985/4675 3509/4984/4674 3510/4986/4676
f 3449/4985/4675 3510/4986/4676 3450/4987/4677
f 3450/4987/4677 3510/4986/4676 3511/4988/4678
f 3450/4987/4677 3511/4988/4678 3451/4989/4679
f 3451/4989/4679 3511/4988/4678 3512/4990/4680
f 3451/4989/4679 3512/4990/4680 3452/4991/4681
f 3452/4991/4681 3512/4990/4680 3513/4992/4682
f 3452/4991/4681 3513/4992/4682 3453/4993/4683
f 3453/4993/4683 3513/4992/4682 3514/4994/4684
f 3453/4993/4683 3514/4994/4684 3454/4995/4685
f 3454/4995/4685 3514/4994/4684 3455/4996/4686
f 3455/4996/4686 3514/4994/4684 3515/4997/4687
f 3455/4996/4686 3515/4997/4687 3456/4998/4688
f 3456/4998/4688 3515/4997/4687 3516/4999/4689
f 3456/4998/4688 3516/4999/4689 3457/5000/4690
f 3457/5000/4690 3516/4999/4689 3517/5001/4691
f 3457/5000/4690 3517/5001/4691 3458/5002/4692
f 3458/5002/4692 3517/5001/4691 3518/5003/4693
f 3458/5002/4692 3518/5003/4693 3459/5004/4694
f 3459/5004/4694 3518/5003/4693 3519/5005/4695
f 3459/5004/4694 3519/5005/4695 3460/5006/4696
f 3460/5006/4696 3519/5005/4695 3520/5007/4697
f 3460/5006/4696 3520/5007/4697 3461/5008/4698
f 3461/5008/4698 3520/5007/4697 3521/5009/4699
f 3461/5008/4698 3521/5009/4699 3522/5010/4700
f 3461/5008/4698 3522/5010/4700 3462/5011/4701
f 3462/5011/4701 3522/5010/4700 3523/5012/4702
f 3462/5011/4701 3523/5012/4702 3463/5013/4703
f 3463/5013/4703 3523/5012/4702 3524/5014/4704
f 3463/5013/4703 3524/5014/4704 3464/5015/4705
f 3464/5015/4705 3524/5014/4704 3525/5016/4706
f 3464/5015/4705 3525/5016/4706 3465/5017/4707
f 3465/5017/4707 3525/5016/4706 3526/5018/4708
f 3465/5017/4707 3526/5018/4708 3466/5019/4709
f 3466/5019/4709 3526/5018/4708 3527/5020/4710
f 3466/5019/4709 3527/5020/4710 3467/5021/4711
f 3467/5021/4711 3527/5020/4710 3528/5022/4712
f 3467/5021/4711 3528/5022/4712 3468/4967/4657
f 3468/4967/4657 3528/5022/4712 3499/4965/4655
f 3500/5023/4713 3499/5024/4714 3529/5025/4715
f 3529/5026/4715 3499/5027/4714 3528/5028/4716
f 3529/5026/4715 3528/5028/4716 3554/5029/4717
f 3554/5029/4717 3528/5028/4716 3527/5030/4718
f 3554/5029/4717 3527/5030/4718 3553/5031/4719
f 3553/5031/4719 3527/5030/4718 3526/5032/4720
f 3553/5031/4719 3526/5032/4720 3552/5033/4721
f 3552/5033/4721 3526/5032/4720 3525/5034/4722
f 3552/5033/4721 3525/5034/4722 3551/5035/4723
f 3551/5035/4723 3525/5034/4722 3524/5036/4724
f 3551/5035/4723 3524/5036/4724 3550/5037/4725
f 3550/5037/4725 3524/5036/4724 3523/5038/4726
f 3550/5037/4725 3523/5038/4726 3549/5039/4727
f 3549/5039/4727 3523/5038/4726 3522/5040/4728
f 3549/5039/4727 3522/5040/4728 3521/5041/4729
f 3549/5039/4727 3521/5041/4729 3548/5042/4730
f 3548/5042/4730 3521/5041/4729 3520/5043/4731
f 3548/5042/4730 3520/5043/4731 3547/5044/4732
f 3547/5044/4732 3520/5043/4731 3519/5045/4733
f 3547/5044/4732 3519/5045/4733 3546/5046/4734
f 3546/5046/4734 3519/5045/4733 3518/5047/4735
f 3546/5046/4734 3518/5047/4735 3545/5048/4736
f 3545/5048/4736 3518/5047/4735 3517/5049/4737
f 3545/5048/4736 3517/5049/4737 3544/5050/4738
f 3544/5050/4738 3517/5049/4737 3516/5051/4739
f 3544/5050/4738 3516/5051/4739 3543/5052/4740
f 3543/5052/4740 3516/5051/4739 3515/5053/4741
f 3543/5052/4740 3515/5053/4741 3542/5054/4742
f 3542/5054/4742 3515/5053/4741 3514/5055/4743
f 3542/5054/4742 3514/5055/4743 3513/5056/4744
f 3542/5054/4742 3513/5056/4744 3541/5057/4745
f 3541/5057/4745 3513/5056/4744 3512/5058/4746
f 3541/5057/4745 3512/5058/4746 3540/5059/4747
f 3540/5059/4747 3512/5058/4746 3511/5060/4748
f 3540/5059/4747 3511/5060/4748 3539/5061/4749
f 3539/5061/4749 3511/5060/4748 3510/5062/4750
f 3539/5061/4749 3510/5062/4750 3538/5063/4751
f 3538/5063/4751 3510/5062/4750 3509/5064/4752
f 3538/5063/4751 3509/5064/4752 3537/5065/4753
f 3537/5065/4753 3509/5064/4752 3508/5066/4754
f 3537/5065/4753 3508/5066/4754 3536/5067/4755
f 3536/5067/4755 3508/5066/4754 3507/5068/4756
f 3536/5067/4755 3507/5068/4756 3506/5069/4757
f 3536/5067/4755 3506/5069/4757 3535/5070/4758
f 3535/5070/4758 3506/5069/4757 3505/5071/4759
f 3535/5070/4758 3505/5071/4759 3534/5072/4760
f 3534/5072/4760 3505/5071/4759 3504/5073/4761
f 3534/5072/4760 3504/5073/4761 3533/5074/4762
f 3533/5074/4762 3504/5073/4761 3503/5075/4763
f 3533/5074/4762 3503/5075/4763 3532/5076/4764
f 3532/5076/4764 3503/5075/4763 3502/5077/4765
f 3532/5076/4764 3502/5077/4765 3531/5078/4766
f 3531/5078/4766 3502/5077/4765 3501/5079/4767
f 3531/5078/4766 3501/5079/4767 3530/5080/4768
f 3530/5080/4768 3501/5079/4767 3500/5023/4713
f 3530/5080/4768 3500/5023/4713 3529/5025/4715
f 3246/5081/4769 3543/5082/4770 3222/5083/4771
f 3222/5083/4771 3543/5082/4770 3542/5084/4772
f 3222/5083/4771 3542/5084/4772 3541/5085/4773
f 3543/5082/4770 3246/5081/4769 3544/5086/4774
f 3544/5086/4774 3246/5081/4769 3245/5087/4775
f 3544/5086/4774 3245/5087/4775 3545/5088/4776
f 3545/5088/4776 3245/5087/4775 3244/5089/4777
f 3545/5088/4776 3244/5089/4777 3546/5090/4778
f 3546/5090/4778 3244/5089/4777 3243/5091/4779
f 3546/5090/4778 3243/5091/4779 3547/5092/4780
f 3547/5092/4780 3243/5091/4779 3242/5093/4781
f 3547/5092/4780 3242/5093/4781 3548/5094/4782
f 3548/5094/4782 3242/5093/4781 3241/5095/4783
f 3548/5094/4782 3241/5095/4783 3549/5096/4784
f 3549/5096/4784 3241/5095/4783 3240/5097/4785
f 3549/5096/4784 3240/5097/4785 3550/5098/4786
f 3550/5098/4786 3240/5097/4785 3239/5099/4787
f 3550/5098/4786 3239/5099/4787 3551/5100/4788
f 3551/5100/4788 3239/5099/4787 3238/5101/4789
f 3551/5100/4788 3238/5101/4789 3552/5102/4790
f 3552/5102/4790 3238/5101/4789 3237/5103/4791
f 3552/5102/4790 3237/5103/4791 3553/5104/4792
f 3553/5104/4792 3237/5103/4791 3236/5105/4793
f 3553/5104/4792 3236/5105/4793 3554/5106/4794
f 3554/5106/4794 3236/5105/4793 3235/5107/4795
f 3554/5106/4794 3235/5107/4795 3529/5108/4796
f 3529/5108/4796 3235/5107/4795 3234/5109/4797
f 3529/5108/4796 3234/5109/4797 3530/5110/4798
f 3530/5110/4798 3234/5109/4797 3233/5111/4799
f 3530/5110/4798 3233/5111/4799 3531/5112/4800
f 3531/5112/4800 3233/5111/4799 3232/5113/4801
f 3531/5112/4800 3232/5113/4801 3532/5114/4802
f 3532/5114/4802 3232/5113/4801 3231/5115/4803
f 3532/5114/4802 3231/5115/4803 3533/5116/4804
f 3533/5116/4804 3231/5115/4803 3230/5117/4805
f 3533/5116/4804 3230/5117/4805 3534/5118/4806
f 3534/5118/4806 3230/5117/4805 3229/5119/4807
f 3534/5118/4806 3229/5119/4807 3535/5120/4808
f 3535/5120/4808 3229/5119/4807 3228/5121/4809
f 3535/5120/4808 3228/5121/4809 3536/5122/4810
f 3536/5122/4810 3228/5121/4809 3227/5123/4811
f 3536/5122/4810 3227/5123/4811 3537/5124/4812
f 3537/5124/4812 3227/5123/4811 3226/5125/4813
f 3537/5124/4812 3226/5125/4813 3538/5126/4814
f 3538/5126/4814 3226/5125/4813 3225/5127/4815
f 3538/5126/4814 3225/5127/4815 3539/5128/4816
f 3539/5128/4816 3225/5127/4815 3224/5129/4817
f 3539/5128/4816 3224/5129/4817 3540/5130/4818
f 3540/5130/4818 3224/5129/4817 3223/5131/4819
f 3540/5130/4818 3223/5131/4819 3541/5085/4773
f 3541/5085/4773 3223/5131/4819 3222/5083/4771
usemtl Plastic_-_Glossy_(Black)
f 3344/5132/4820 3343/5133/4821 3471/5134/4822
f 3471/5134/4822 3343/5133/4821 3366/5135/4823
f 3471/5134/4822 3366/5135/4823 3365/5136/4824
f 3471/5134/4822 3365/5136/4824 3472/5137/4825
f 3472/5137/4825 3365/5136/4824 3364/5138/4826
f 3472/5137/4825 3364/5138/4826 3363/5139/4827
f 3363/5139/4827 3362/5140/4828 3472/5137/4825
f 3472/5137/4825 3362/5140/4828 3361/5141/4829
f 3472/5137/4825 3361/5141/4829 3473/5142/4830
f 3473/5142/4830 3361/5141/4829 3360/5143/4831
f 3473/5142/4830 3360/5143/4831 3359/5144/4832
f 3359/5144/4832 3358/5145/4833 3473/5142/4830
f 3473/5142/4830 3358/5145/4833 3474/5146/4834
f 3474/5146/4834 3358/5145/4833 3357/5147/4835
f 3474/5146/4834 3357/5147/4835 3475/5148/4836
f 3475/5148/4836 3357/5147/4835 3356/5149/4837
f 3475/5148/4836 3356/5149/4837 3476/5150/4838
f 3476/5150/4838 3356/5149/4837 3355/5151/4839
f 3476/5150/4838 3355/5151/4839 3367/5152/4840
f 3367/5152/4840 3355/5151/4839 3368/5153/4841
f 3368/5153/4841 3355/5151/4839 3354/5154/4842
f 3368/5153/4841 3354/5154/4842 3369/5155/4843
f 3369/5155/4843 3354/5154/4842 3353/5156/4844
f 3369/5155/4843 3353/5156/4844 3437/5157/4845
f 3437/5157/4845 3353/5156/4844 3405/5158/4846
f 3437/5157/4845 3405/5158/4846 3438/5159/4847
f 3438/5159/4847 3405/5158/4846 3404/5160/4848
f 3438/5159/4847 3404/5160/4848 3415/5161/4849
f 3415/5161/4849 3404/5160/4848 3403/5162/4850
f 3415/5161/4849 3403/5162/4850 3491/5163/4851
f 3491/5163/4851 3403/5162/4850 3492/5164/4852
f 3492/5164/4852 3403/5162/4850 3402/5165/4853
f 3492/5164/4852 3402/5165/4853 3493/5166/4854
f 3493/5166/4854 3402/5165/4853 3401/5167/4855
f 3493/5166/4854 3401/5167/4855 3494/5168/4856
f 3494/5168/4856 3401/5167/4855 3400/5169/4857
f 3494/5168/4856 3400/5169/4857 3495/5170/4858
f 3495/5170/4858 3400/5169/4857 3399/5171/4859
f 3495/5170/4858 3399/5171/4859 3398/5172/4860
f 3405/5158/4846 3353/5156/4844 3406/5173/4861
f 3406/5173/4861 3353/5156/4844 3352/5174/4862
f 3406/5173/4861 3352/5174/4862 3407/5175/4863
f 3407/5175/4863 3352/5174/4862 3351/5176/4864
f 3407/5175/4863 3351/5176/4864 3408/5177/4865
f 3408/5177/4865 3351/5176/4864 3350/5178/4866
f 3408/5177/4865 3350/5178/4866 3409/5179/4867
f 3409/5179/4867 3350/5178/4866 3349/5180/4868
f 3409/5179/4867 3349/5180/4868 3469/5181/4869
f 3469/5181/4869 3349/5180/4868 3348/5182/4870
f 3469/5181/4869 3348/5182/4870 3470/5183/4871
f 3470/5183/4871 3348/5182/4870 3347/5184/4872
f 3470/5183/4871 3347/5184/4872 3346/5185/4873
f 3346/5185/4873 3345/5186/4874 3470/5183/4871
f 3470/5183/4871 3345/5186/4874 3471/5134/4822
f 3471/5134/4822 3345/5186/4874 3344/5132/4820
f 3476/5150/4838 3367/5152/4840 3477/5187/4875
f 3477/5187/4875 3367/5152/4840 3390/5188/4876
f 3477/5187/4875 3390/5188/4876 3478/5189/4877
f 3478/5189/4877 3390/5188/4876 3389/5190/4878
f 3478/5189/4877 3389/5190/4878 3479/5191/4879
f 3479/5191/4879 3389/5190/4878 3388/5192/4880
f 3479/5191/4879 3388/5192/4880 3480/5193/4881
f 3480/5193/4881 3388/5192/4880 3387/5194/4882
f 3480/5193/4881 3387/5194/4882 3386/5195/4883
f 3386/5195/4883 3385/5196/4884 3480/5193/4881
f 3480/5193/4881 3385/5196/4884 3481/5197/4885
f 3481/5197/4885 3385/5196/4884 3384/5198/4886
f 3481/5197/4885 3384/5198/4886 3383/5199/4887
f 3383/5199/4887 3382/5200/4888 3481/5197/4885
f 3481/5197/4885 3382/5200/4888 3381/5201/4889
f 3481/5197/4885 3381/5201/4889 3482/5202/4890
f 3482/5202/4890 3381/5201/4889 3380/5203/4891
f 3482/5202/4890 3380/5203/4891 3379/5204/4892
f 3379/5204/4892 3378/5205/4893 3482/5202/4890
f 3482/5202/4890 3378/5205/4893 3377/5206/4894
f 3482/5202/4890 3377/5206/4894 3483/5207/4895
f 3483/5207/4895 3377/5206/4894 3376/5208/4896
f 3483/5207/4895 3376/5208/4896 3375/5209/4897
f 3375/5209/4897 3374/5210/4898 3483/5207/4895
f 3483/5207/4895 3374/5210/4898 3484/5211/4899
f 3484/5211/4899 3374/5210/4898 3373/5212/4900
f 3484/5211/4899 3373/5212/4900 3433/5213/4901
f 3433/5213/4901 3373/5212/4900 3372/5214/4902
f 3433/5213/4901 3372/5214/4902 3434/5215/4903
f 3434/5215/4903 3372/5214/4902 3371/5216/4904
f 3434/5215/4903 3371/5216/4904 3435/5217/4905
f 3435/5217/4905 3371/5216/4904 3370/5218/4906
f 3435/5217/4905 3370/5218/4906 3436/5219/4907
f 3436/5219/4907 3370/5218/4906 3369/5155/4843
f 3436/5219/4907 3369/5155/4843 3437/5157/4845
f 3392/5220/4908 3391/5221/4909 3497/5222/4910
f 3497/5222/4910 3391/5221/4909 3414/5223/4911
f 3497/5222/4910 3414/5223/4911 3413/5224/4912
f 3497/5222/4910 3413/5224/4912 3498/5225/4913
f 3498/5225/4913 3413/5224/4912 3412/5226/4914
f 3498/5225/4913 3412/5226/4914 3411/5227/4915
f 3411/5227/4915 3410/5228/4916 3498/5225/4913
f 3498/5225/4913 3410/5228/4916 3469/5181/4869
f 3469/5181/4869 3410/5228/4916 3409/5179/4867
f 3398/5172/4860 3397/5229/4917 3495/5170/4858
f 3495/5170/4858 3397/5229/4917 3496/5230/4918
f 3496/5230/4918 3397/5229/4917 3396/5231/4919
f 3496/5230/4918 3396/5231/4919 3395/5232/4920
f 3395/5232/4920 3394/5233/4921 3496/5230/4918
f 3496/5230/4918 3394/5233/4921 3393/5234/4922
f 3496/5230/4918 3393/5234/4922 3497/5222/4910
f 3497/5222/4910 3393/5234/4922 3392/5220/4908
f 3433/5213/4901 3432/5235/4923 3484/5211/4899
f 3484/5211/4899 3432/5235/4923 3485/5236/4924
f 3485/5236/4924 3432/5235/4923 3431/5237/4925
f 3485/5236/4924 3431/5237/4925 3430/5238/4926
f 3430/5238/4926 3429/5239/4927 3485/5236/4924
f 3485/5236/4924 3429/5239/4927 3486/5240/4928
f 3486/5240/4928 3429/5239/4927 3428/5241/4929
f 3486/5240/4928 3428/5241/4929 3427/5242/4930
f 3427/5242/4930 3426/5243/4931 3486/5240/4928
f 3486/5240/4928 3426/5243/4931 3425/5244/4932
f 3486/5240/4928 3425/5244/4932 3487/5245/4933
f 3487/5245/4933 3425/5244/4932 3424/5246/4934
f 3487/5245/4933 3424/5246/4934 3423/5247/4935
f 3423/5247/4935 3422/5248/4936 3487/5245/4933
f 3487/5245/4933 3422/5248/4936 3421/5249/4937
f 3487/5245/4933 3421/5249/4937 3488/5250/4938
f 3488/5250/4938 3421/5249/4937 3420/5251/4939
f 3488/5250/4938 3420/5251/4939 3419/5252/4940
f 3419/5252/4940 3418/5253/4941 3488/5250/4938
f 3488/5250/4938 3418/5253/4941 3489/5254/4942
f 3489/5254/4942 3418/5253/4941 3417/5255/4943
f 3489/5254/4942 3417/5255/4943 3490/5256/4944
f 3490/5256/4944 3417/5255/4943 3416/5257/4945
f 3490/5256/4944 3416/5257/4945 3491/5163/4851
f 3491/5163/4851 3416/5257/4945 3415/5161/4849
usemtl Plastic_-_Matte_(Green)
f 3556/5258/4946 3615/5259/4947 3555/5260/4948
f 3555/5260/4948 3615/5259/4947 3620/5261/4949
f 3555/5260/4948 3620/5261/4949 3582/5262/4950
f 3582/5262/4950 3620/5261/4949 3696/5263/4951
f 3582/5262/4950 3696/5263/4951 3581/5264/4952
f 3581/5264/4952 3696/5263/4951 3693/5265/4953
f 3581/5264/4952 3693/5265/4953 3580/5266/4954
f 3580/5266/4954 3693/5265/4953 3690/5267/4955
f 3580/5266/4954 3690/5267/4955 3579/5268/4956
f 3579/5268/4956 3690/5267/4955 3687/5269/4957
f 3579/5268/4956 3687/5269/4957 3578/5270/4958
f 3578/5270/4958 3687/5269/4957 3684/5271/4959
f 3578/5270/4958 3684/5271/4959 3577/5272/4960
f 3577/5272/4960 3684/5271/4959 3681/5273/4961
f 3577/5272/4960 3681/5273/4961 3576/5274/4962
f 3576/5274/4962 3681/5273/4961 3678/5275/4963
f 3576/5274/4962 3678/5275/4963 3575/5276/4964
f 3575/5276/4964 3678/5275/4963 3675/5277/4965
f 3575/5276/4964 3675/5277/4965 3574/5278/4966
f 3574/5278/4966 3675/5277/4965 3672/5279/4967
f 3574/5278/4966 3672/5279/4967 3573/5280/4968
f 3573/5280/4968 3672/5279/4967 3669/5281/4969
f 3573/5280/4968 3669/5281/4969 3572/5282/4970
f 3572/5282/4970 3669/5281/4969 3666/5283/4971
f 3572/5282/4970 3666/5283/4971 3571/5284/4972
f 3571/5284/4972 3666/5283/4971 3663/5285/4973
f 3571/5284/4972 3663/5285/4973 3570/5286/4974
f 3570/5286/4974 3663/5285/4973 3660/5287/4975
f 3570/5286/4974 3660/5287/4975 3569/5288/4976
f 3569/5288/4976 3660/5287/4975 3657/5289/4977
f 3569/5288/4976 3657/5289/4977 3568/5290/4978
f 3568/5290/4978 3657/5289/4977 3654/5291/4979
f 3568/5290/4978 3654/5291/4979 3567/5292/4980
f 3567/5292/4980 3654/5291/4979 3651/5293/4981
f 3567/5292/4980 3651/5293/4981 3566/5294/4982
f 3566/5294/4982 3651/5293/4981 3648/5295/4983
f 3566/5294/4982 3648/5295/4983 3565/5296/4984
f 3565/5296/4984 3648/5295/4983 3645/5297/4985
f 3565/5296/4984 3645/5297/4985 3564/5298/4986
f 3564/5298/4986 3645/5297/4985 3642/5299/4987
f 3564/5298/4986 3642/5299/4987 3563/5300/4988
f 3563/5300/4988 3642/5299/4987 3639/5301/4989
f 3563/5300/4988 3639/5301/4989 3562/5302/4990
f 3562/5302/4990 3639/5301/4989 3612/5303/4991
f 3562/5304/4990 3612/5305/4991 3636/5306/4992
f 3636/5306/4992 3612/5305/4991 3613/5307/4993
f 3636/5306/4992 3613/5307/4993 3637/5308/4994
f 3637/5308/4994 3613/5307/4993 3614/5309/4995
f 3637/5308/4994 3614/5309/4995 3638/5310/4996
f 3638/5310/4996 3614/5309/4995 3605/5311/4997
f 3638/5310/4996 3605/5311/4997 3606/5312/4998
f 3615/5259/4947 3556/5258/4946 3621/5313/4999
f 3621/5313/4999 3556/5258/4946 3557/5314/5000
f 3621/5313/4999 3557/5314/5000 3624/5315/5001
f 3624/5315/5001 3557/5314/5000 3558/5316/5002
f 3624/5315/5001 3558/5316/5002 3627/5317/5003
f 3627/5317/5003 3558/5316/5002 3559/5318/5004
f 3627/5317/5003 3559/5318/5004 3630/5319/5005
f 3630/5319/5005 3559/5318/5004 3560/5320/5006
f 3630/5319/5005 3560/5320/5006 3633/5321/5007
f 3633/5321/5007 3560/5320/5006 3561/5322/5008
f 3633/5321/5007 3561/5322/5008 3636/5306/4992
f 3636/5306/4992 3561/5322/5008 3562/5304/4990
f 3584/5323/5009 3618/5324/5010 3583/5325/5011
f 3583/5325/5011 3618/5324/5010 3617/5326/5012
f 3583/5325/5011 3617/5326/5012 3611/5327/5013
f 3611/5327/5013 3617/5326/5012 3623/5328/5014
f 3611/5327/5013 3623/5328/5014 3610/5329/5015
f 3610/5329/5015 3623/5328/5014 3626/5330/5016
f 3610/5329/5015 3626/5330/5016 3609/5331/5017
f 3609/5331/5017 3626/5330/5016 3629/5332/5018
f 3609/5331/5017 3629/5332/5018 3608/5333/5019
f 3608/5333/5019 3629/5332/5018 3632/5334/5020
f 3608/5333/5019 3632/5334/5020 3607/5335/5021
f 3607/5335/5021 3632/5334/5020 3635/5336/5022
f 3607/5335/5021 3635/5336/5022 3606/5312/4998
f 3606/5312/4998 3635/5336/5022 3638/5310/4996
f 3618/5324/5010 3584/5323/5009 3698/5337/5023
f 3698/5337/5023 3584/5323/5009 3585/5338/5024
f 3698/5337/5023 3585/5338/5024 3695/5339/5025
f 3695/5339/5025 3585/5338/5024 3586/5340/5026
f 3695/5339/5025 3586/5340/5026 3692/5341/5027
f 3692/5341/5027 3586/5340/5026 3587/5342/5028
f 3692/5341/5027 3587/5342/5028 3689/5343/5029
f 3689/5343/5029 3587/5342/5028 3588/5344/5030
f 3689/5343/5029 3588/5344/5030 3686/5345/5031
f 3686/5345/5031 3588/5344/5030 3589/5346/5032
f 3686/5345/5031 3589/5346/5032 3683/5347/5033
f 3683/5347/5033 3589/5346/5032 3590/5348/5034
f 3683/5347/5033 3590/5348/5034 3680/5349/5035
f 3680/5349/5035 3590/5348/5034 3591/5350/5036
f 3680/5349/5035 3591/5350/5036 3677/5351/5037
f 3677/5351/5037 3591/5350/5036 3592/5352/5038
f 3677/5351/5037 3592/5352/5038 3674/5353/5039
f 3674/5353/5039 3592/5352/5038 3593/5354/5040
f 3674/5353/5039 3593/5354/5040 3671/5355/5041
f 3671/5355/5041 3593/5354/5040 3594/5356/5042
f 3671/5355/5041 3594/5356/5042 3668/5357/5043
f 3668/5357/5043 3594/5356/5042 3595/5358/5044
f 3668/5357/5043 3595/5358/5044 3665/5359/5045
f 3665/5359/5045 3595/5358/5044 3596/5360/5046
f 3665/5359/5045 3596/5360/5046 3662/5361/5047
f 3662/5361/5047 3596/5360/5046 3597/5362/5048
f 3662/5361/5047 3597/5362/5048 3659/5363/5049
f 3659/5363/5049 3597/5362/5048 3598/5364/5050
f 3659/5363/5049 3598/5364/5050 3656/5365/5051
f 3656/5365/5051 3598/5364/5050 3599/5366/5052
f 3656/5365/5051 3599/5366/5052 3653/5367/5053
f 3653/5367/5053 3599/5366/5052 3600/5368/5054
f 3653/5367/5053 3600/5368/5054 3650/5369/5055
f 3650/5369/5055 3600/5368/5054 3601/5370/5056
f 3650/5369/5055 3601/5370/5056 3647/5371/5057
f 3647/5371/5057 3601/5370/5056 3602/5372/5058
f 3647/5371/5057 3602/5372/5058 3644/5373/5059
f 3644/5373/5059 3602/5372/5058 3603/5374/5060
f 3644/5373/5059 3603/5374/5060 3641/5375/5061
f 3641/5375/5061 3603/5374/5060 3604/5376/5062
f 3641/5375/5061 3604/5376/5062 3614/5377/4995
f 3614/5309/4995 3604/5378/5062 3605/5311/4997
f 3641/5375/5061 3614/5377/4995 3613/5379/4993
f 3613/5379/4993 3612/5303/4991 3640/5380/5063
f 3640/5380/5063 3612/5303/4991 3639/5301/4989
f 3640/5380/5063 3639/5301/4989 3643/5381/5064
f 3643/5381/5064 3639/5301/4989 3642/5299/4987
f 3643/5381/5064 3642/5299/4987 3646/5382/5065
f 3646/5382/5065 3642/5299/4987 3645/5297/4985
f 3646/5382/5065 3645/5297/4985 3649/5383/5066
f 3649/5383/5066 3645/5297/4985 3648/5295/4983
f 3649/5383/5066 3648/5295/4983 3652/5384/5067
f 3652/5384/5067 3648/5295/4983 3651/5293/4981
f 3652/5384/5067 3651/5293/4981 3655/5385/5068
f 3655/5385/5068 3651/5293/4981 3654/5291/4979
f 3655/5385/5068 3654/5291/4979 3658/5386/5069
f 3658/5386/5069 3654/5291/4979 3657/5289/4977
f 3658/5386/5069 3657/5289/4977 3661/5387/5070
f 3661/5387/5070 3657/5289/4977 3660/5287/4975
f 3661/5387/5070 3660/5287/4975 3664/5388/5071
f 3664/5388/5071 3660/5287/4975 3663/5285/4973
f 3664/5388/5071 3663/5285/4973 3667/5389/5072
f 3667/5389/5072 3663/5285/4973 3666/5283/4971
f 3667/5389/5072 3666/5283/4971 3670/5390/5073
f 3670/5390/5073 3666/5283/4971 3669/5281/4969
f 3670/5390/5073 3669/5281/4969 3673/5391/5074
f 3673/5391/5074 3669/5281/4969 3672/5279/4967
f 3673/5391/5074 3672/5279/4967 3676/5392/5075
f 3676/5392/5075 3672/5279/4967 3675/5277/4965
f 3676/5392/5075 3675/5277/4965 3679/5393/5076
f 3679/5393/5076 3675/5277/4965 3678/5275/4963
f 3679/5393/5076 3678/5275/4963 3682/5394/5077
f 3682/5394/5077 3678/5275/4963 3681/5273/4961
f 3682/5394/5077 3681/5273/4961 3685/5395/5078
f 3685/5395/5078 3681/5273/4961 3684/5271/4959
f 3685/5395/5078 3684/5271/4959 3688/5396/5079
f 3688/5396/5079 3684/5271/4959 3687/5269/4957
f 3688/5396/5079 3687/5269/4957 3691/5397/5080
f 3691/5397/5080 3687/5269/4957 3690/5267/4955
f 3691/5397/5080 3690/5267/4955 3694/5398/5081
f 3694/5398/5081 3690/5267/4955 3693/5265/4953
f 3694/5398/5081 3693/5265/4953 3697/5399/5082
f 3697/5399/5082 3693/5265/4953 3696/5263/4951
f 3697/5399/5082 3696/5263/4951 3619/5400/5083
f 3619/5400/5083 3696/5263/4951 3620/5261/4949
f 3619/5400/5083 3620/5261/4949 3616/5401/5084
f 3616/5401/5084 3620/5261/4949 3615/5259/4947
f 3616/5401/5084 3615/5259/4947 3622/5402/5085
f 3622/5402/5085 3615/5259/4947 3621/5313/4999
f 3622/5402/5085 3621/5313/4999 3625/5403/5086
f 3625/5403/5086 3621/5313/4999 3624/5315/5001
f 3625/5403/5086 3624/5315/5001 3628/5404/5087
f 3628/5404/5087 3624/5315/5001 3627/5317/5003
f 3628/5404/5087 3627/5317/5003 3631/5405/5088
f 3631/5405/5088 3627/5317/5003 3630/5319/5005
f 3631/5405/5088 3630/5319/5005 3634/5406/5089
f 3634/5406/5089 3630/5319/5005 3633/5321/5007
f 3634/5406/5089 3633/5321/5007 3637/5308/4994
f 3637/5308/4994 3633/5321/5007 3636/5306/4992
f 3616/5401/5084 3617/5326/5012 3619/5400/5083
f 3619/5400/5083 3617/5326/5012 3618/5324/5010
f 3619/5400/5083 3618/5324/5010 3697/5399/5082
f 3697/5399/5082 3618/5324/5010 3698/5337/5023
f 3697/5399/5082 3698/5337/5023 3694/5398/5081
f 3694/5398/5081 3698/5337/5023 3695/5339/5025
f 3694/5398/5081 3695/5339/5025 3691/5397/5080
f 3691/5397/5080 3695/5339/5025 3692/5341/5027
f 3691/5397/5080 3692/5341/5027 3688/5396/5079
f 3688/5396/5079 3692/5341/5027 3689/5343/5029
f 3688/5396/5079 3689/5343/5029 3685/5395/5078
f 3685/5395/5078 3689/5343/5029 3686/5345/5031
f 3685/5395/5078 3686/5345/5031 3682/5394/5077
f 3682/5394/5077 3686/5345/5031 3683/5347/5033
f 3682/5394/5077 3683/5347/5033 3679/5393/5076
f 3679/5393/5076 3683/5347/5033 3680/5349/5035
f 3679/5393/5076 3680/5349/5035 3676/5392/5075
f 3676/5392/5075 3680/5349/5035 3677/5351/5037
f 3676/5392/5075 3677/5351/5037 3673/5391/5074
f 3673/5391/5074 3677/5351/5037 3674/5353/5039
f 3673/5391/5074 3674/5353/5039 3670/5390/5073
f 3670/5390/5073 3674/5353/5039 3671/5355/5041
f 3670/5390/5073 3671/5355/5041 3667/5389/5072
f 3667/5389/5072 3671/5355/5041 3668/5357/5043
f 3667/5389/5072 3668/5357/5043 3664/5388/5071
f 3664/5388/5071 3668/5357/5043 3665/5359/5045
f 3664/5388/5071 3665/5359/5045 3661/5387/5070
f 3661/5387/5070 3665/5359/5045 3662/5361/5047
f 3661/5387/5070 3662/5361/5047 3658/5386/5069
f 3658/5386/5069 3662/5361/5047 3659/5363/5049
f 3658/5386/5069 3659/5363/5049 3655/5385/5068
f 3655/5385/5068 3659/5363/5049 3656/5365/5051
f 3655/5385/5068 3656/5365/5051 3652/5384/5067
f 3652/5384/5067 3656/5365/5051 3653/5367/5053
f 3652/5384/5067 3653/5367/5053 3649/5383/5066
f 3649/5383/5066 3653/5367/5053 3650/5369/5055
f 3649/5383/5066 3650/5369/5055 3646/5382/5065
f 3646/5382/5065 3650/5369/5055 3647/5371/5057
f 3646/5382/5065 3647/5371/5057 3643/5381/5064
f 3643/5381/5064 3647/5371/5057 3644/5373/5059
f 3643/5381/5064 3644/5373/5059 3640/5380/5063
f 3640/5380/5063 3644/5373/5059 3641/5375/5061
f 3640/5380/5063 3641/5375/5061 3613/5379/4993
f 3617/5326/5012 3616/5401/5084 3623/5328/5014
f 3623/5328/5014 3616/5401/5084 3622/5402/5085
f 3623/5328/5014 3622/5402/5085 3626/5330/5016
f 3626/5330/5016 3622/5402/5085 3625/5403/5086
f 3626/5330/5016 3625/5403/5086 3629/5332/5018
f 3629/5332/5018 3625/5403/5086 3628/5404/5087
f 3629/5332/5018 3628/5404/5087 3632/5334/5020
f 3632/5334/5020 3628/5404/5087 3631/5405/5088
f 3632/5334/5020 3631/5405/5088 3635/5336/5022
f 3635/5336/5022 3631/5405/5088 3634/5406/5089
f 3635/5336/5022 3634/5406/5089 3638/5310/4996
f 3638/5310/4996 3634/5406/5089 3637/5308/4994
f 3727/5407/5090 3699/5408/5091 3583/5409/5011
f 3583/5409/5011 3699/5408/5091 3700/5410/5092
f 3583/5409/5011 3700/5410/5092 3584/5411/5009
f 3584/5411/5009 3700/5410/5092 3701/5412/5093
f 3584/5411/5009 3701/5412/5093 3585/5413/5024
f 3585/5413/5024 3701/5412/5093 3702/5414/5094
f 3585/5413/5024 3702/5414/5094 3586/5415/5026
f 3586/5415/5026 3702/5414/5094 3703/5416/5095
f 3586/5415/5026 3703/5416/5095 3587/5417/5028
f 3587/5417/5028 3703/5416/5095 3704/5418/5096
f 3587/5417/5028 3704/5418/5096 3588/5419/5030
f 3588/5419/5030 3704/5418/5096 3705/5420/5097
f 3588/5419/5030 3705/5420/5097 3589/5421/5032
f 3589/5421/5032 3705/5420/5097 3706/5422/5098
f 3589/5421/5032 3706/5422/5098 3590/5423/5034
f 3590/5423/5034 3706/5422/5098 3591/5424/5036
f 3591/5424/5036 3706/5422/5098 3707/5425/5099
f 3591/5424/5036 3707/5425/5099 3592/5426/5038
f 3592/5426/5038 3707/5425/5099 3708/5427/5100
f 3592/5426/5038 3708/5427/5100 3593/5428/5040
f 3593/5428/5040 3708/5427/5100 3709/5429/5101
f 3593/5428/5040 3709/5429/5101 3594/5430/5042
f 3594/5430/5042 3709/5429/5101 3710/5431/5102
f 3594/5430/5042 3710/5431/5102 3595/5432/5044
f 3595/5432/5044 3710/5431/5102 3711/5433/5103
f 3595/5432/5044 3711/5433/5103 3596/5434/5046
f 3596/5434/5046 3711/5433/5103 3712/5435/5104
f 3596/5434/5046 3712/5435/5104 3597/5436/5048
f 3597/5436/5048 3712/5435/5104 3713/5437/5105
f 3597/5436/5048 3713/5437/5105 3598/5438/5050
f 3598/5438/5050 3713/5437/5105 3714/5439/5106
f 3598/5438/5050 3714/5439/5106 3715/5440/5107
f 3598/5438/5050 3715/5440/5107 3599/5441/5052
f 3599/5441/5052 3715/5440/5107 3716/5442/5108
f 3599/5441/5052 3716/5442/5108 3600/5443/5054
f 3600/5443/5054 3716/5442/5108 3717/5444/5109
f 3600/5443/5054 3717/5444/5109 3601/5445/5056
f 3601/5445/5056 3717/5444/5109 3718/5446/5110
f 3601/5445/5056 3718/5446/5110 3602/5447/5058
f 3602/5447/5058 3718/5446/5110 3719/5448/5111
f 3602/5447/5058 3719/5448/5111 3603/5449/5060
f 3603/5449/5060 3719/5448/5111 3720/5450/5112
f 3603/5449/5060 3720/5450/5112 3604/5451/5062
f 3604/5451/5062 3720/5450/5112 3721/5452/5113
f 3604/5451/5062 3721/5452/5113 3605/5453/4997
f 3605/5453/4997 3721/5452/5113 3606/5454/4998
f 3606/5454/4998 3721/5452/5113 3722/5455/5114
f 3606/5454/4998 3722/5455/5114 3607/5456/5021
f 3607/5456/5021 3722/5455/5114 3723/5457/5115
f 3607/5456/5021 3723/5457/5115 3608/5458/5019
f 3608/5458/5019 3723/5457/5115 3724/5459/5116
f 3608/5458/5019 3724/5459/5116 3609/5460/5017
f 3609/5460/5017 3724/5459/5116 3725/5461/5117
f 3609/5460/5017 3725/5461/5117 3610/5462/5015
f 3610/5462/5015 3725/5461/5117 3726/5463/5118
f 3610/5462/5015 3726/5463/5118 3611/5464/5013
f 3611/5464/5013 3726/5463/5118 3727/5407/5090
f 3611/5464/5013 3727/5407/5090 3583/5409/5011
f 1753/5465/5119 3556/5466/4946 1730/5467/5120
f 1730/5467/5120 3556/5466/4946 3555/5468/4948
f 1730/5469/5120 3555/5470/4948 3582/5471/4950
f 3556/5466/4946 1753/5465/5119 3557/5472/5000
f 3557/5472/5000 1753/5465/5119 1752/5473/5121
f 3557/5472/5000 1752/5473/5121 3558/5474/5002
f 3558/5474/5002 1752/5473/5121 1751/5475/5122
f 3558/5474/5002 1751/5475/5122 3559/5476/5004
f 3559/5476/5004 1751/5475/5122 1750/5477/5123
f 3559/5476/5004 1750/5477/5123 3560/5478/5006
f 3560/5478/5006 1750/5477/5123 1749/5479/5124
f 3560/5478/5006 1749/5479/5124 3561/5480/5008
f 3561/5480/5008 1749/5479/5124 1748/5481/5125
f 3561/5480/5008 1748/5481/5125 3562/5482/4990
f 3562/5482/4990 1748/5481/5125 3563/5483/4988
f 3563/5483/4988 1748/5481/5125 1747/5484/5126
f 3563/5483/4988 1747/5484/5126 3564/5485/4986
f 3564/5485/4986 1747/5484/5126 1746/5486/5127
f 3564/5485/4986 1746/5486/5127 3565/5487/4984
f 3565/5487/4984 1746/5486/5127 1745/5488/5128
f 3565/5487/4984 1745/5488/5128 3566/5489/4982
f 3566/5489/4982 1745/5488/5128 1744/5490/5129
f 3566/5489/4982 1744/5490/5129 3567/5491/4980
f 3567/5491/4980 1744/5490/5129 1743/5492/5130
f 3567/5491/4980 1743/5492/5130 3568/5493/4978
f 3568/5493/4978 1743/5492/5130 1742/5494/5131
f 3568/5493/4978 1742/5494/5131 3569/5495/4976
f 3569/5495/4976 1742/5494/5131 3570/5496/4974
f 3570/5496/4974 1742/5494/5131 1741/5497/5132
f 3570/5496/4974 1741/5497/5132 3571/5498/4972
f 3571/5498/4972 1741/5497/5132 1740/5499/5133
f 3571/5498/4972 1740/5499/5133 3572/5500/4970
f 3572/5500/4970 1740/5499/5133 1739/5501/5134
f 3572/5500/4970 1739/5501/5134 3573/5502/4968
f 3573/5502/4968 1739/5501/5134 1738/5503/5135
f 3573/5502/4968 1738/5503/5135 3574/5504/4966
f 3574/5504/4966 1738/5503/5135 1737/5505/5136
f 3574/5504/4966 1737/5505/5136 3575/5506/4964
f 3575/5506/4964 1737/5505/5136 1736/5507/5137
f 3575/5506/4964 1736/5507/5137 3576/5508/4962
f 3576/5508/4962 1736/5507/5137 3577/5509/4960
f 3577/5509/4960 1736/5507/5137 1735/5510/5138
f 3577/5509/4960 1735/5510/5138 3578/5511/4958
f 3578/5511/4958 1735/5510/5138 1734/5512/5139
f 3578/5511/4958 1734/5512/5139 3579/5513/4956
f 3579/5513/4956 1734/5512/5139 1733/5514/5140
f 3579/5513/4956 1733/5514/5140 3580/5515/4954
f 3580/5515/4954 1733/5514/5140 1732/5516/5141
f 3580/5515/4954 1732/5516/5141 3581/5517/4952
f 3581/5517/4952 1732/5516/5141 1731/5518/5142
f 3581/5517/4952 1731/5518/5142 3582/5471/4950
f 3582/5471/4950 1731/5518/5142 1730/5469/5120
f 3727/5519/5090 3764/5520/5143 3699/5521/5091
f 3699/5521/5091 3764/5520/5143 3777/5522/5144
f 3699/5521/5091 3777/5522/5144 3700/5523/5092
f 3700/5523/5092 3777/5522/5144 3953/5524/5145
f 3700/5523/5092 3953/5524/5145 3701/5525/5093
f 3701/5525/5093 3953/5524/5145 3946/5526/5146
f 3701/5525/5093 3946/5526/5146 3702/5527/5094
f 3702/5527/5094 3946/5526/5146 3939/5528/5147
f 3702/5527/5094 3939/5528/5147 3703/5529/5095
f 3703/5529/5095 3939/5528/5147 3932/5530/5148
f 3703/5529/5095 3932/5530/5148 3704/5531/5096
f 3704/5531/5096 3932/5530/5148 3925/5532/5149
f 3704/5531/5096 3925/5532/5149 3705/5533/5097
f 3705/5533/5097 3925/5532/5149 3918/5534/5150
f 3705/5533/5097 3918/5534/5150 3706/5535/5098
f 3706/5535/5098 3918/5534/5150 3911/5536/5151
f 3706/5535/5098 3911/5536/5151 3707/5537/5099
f 3707/5537/5099 3911/5536/5151 3904/5538/5152
f 3707/5537/5099 3904/5538/5152 3708/5539/5100
f 3708/5539/5100 3904/5538/5152 3897/5540/5153
f 3708/5539/5100 3897/5540/5153 3709/5541/5101
f 3709/5541/5101 3897/5540/5153 3890/5542/5154
f 3709/5541/5101 3890/5542/5154 3710/5543/5102
f 3710/5543/5102 3890/5542/5154 3883/5544/5155
f 3710/5543/5102 3883/5544/5155 3711/5545/5103
f 3711/5545/5103 3883/5544/5155 3876/5546/5156
f 3711/5545/5103 3876/5546/5156 3712/5547/5104
f 3712/5547/5104 3876/5546/5156 3869/5548/5157
f 3712/5547/5104 3869/5548/5157 3713/5549/5105
f 3713/5549/5105 3869/5548/5157 3862/5550/5158
f 3713/5549/5105 3862/5550/5158 3714/5551/5106
f 3714/5551/5106 3862/5550/5158 3855/5552/5159
f 3714/5551/5106 3855/5552/5159 3715/5553/5107
f 3715/5553/5107 3855/5552/5159 3848/5554/5160
f 3715/5553/5107 3848/5554/5160 3716/5555/5108
f 3716/5555/5108 3848/5554/5160 3841/5556/5161
f 3716/5555/5108 3841/5556/5161 3717/5557/5109
f 3717/5557/5109 3841/5556/5161 3834/5558/5162
f 3717/5557/5109 3834/5558/5162 3718/5559/5110
f 3718/5559/5110 3834/5558/5162 3827/5560/5163
f 3718/5559/5110 3827/5560/5163 3719/5561/5111
f 3719/5561/5111 3827/5560/5163 3820/5562/5164
f 3719/5561/5111 3820/5562/5164 3720/5563/5112
f 3720/5563/5112 3820/5562/5164 3757/5564/5165
f 3720/5563/5112 3757/5564/5165 3721/5565/5113
f 3721/5566/5113 3757/5567/5165 3813/5568/5166
f 3721/5566/5113 3813/5568/5166 3722/5569/5114
f 3722/5569/5114 3813/5568/5166 3806/5570/5167
f 3722/5569/5114 3806/5570/5167 3723/5571/5115
f 3723/5571/5115 3806/5570/5167 3799/5572/5168
f 3723/5571/5115 3799/5572/5168 3724/5573/5116
f 3724/5573/5116 3799/5572/5168 3792/5574/5169
f 3724/5573/5116 3792/5574/5169 3725/5575/5117
f 3725/5575/5117 3792/5574/5169 3785/5576/5170
f 3725/5575/5117 3785/5576/5170 3726/5577/5118
f 3726/5577/5118 3785/5576/5170 3778/5578/5171
f 3726/5577/5118 3778/5578/5171 3727/5519/5090
f 3727/5519/5090 3778/5578/5171 3764/5520/5143
f 3729/5579/5172 3771/5580/5173 3728/5581/5174
f 3728/5581/5174 3771/5580/5173 3770/5582/5175
f 3728/5581/5174 3770/5582/5175 3756/5583/5176
f 3756/5583/5176 3770/5582/5175 3784/5584/5177
f 3756/5583/5176 3784/5584/5177 3755/5585/5178
f 3755/5585/5178 3784/5584/5177 3791/5586/5179
f 3755/5585/5178 3791/5586/5179 3754/5587/5180
f 3754/5587/5180 3791/5586/5179 3798/5588/5181
f 3754/5587/5180 3798/5588/5181 3753/5589/5182
f 3753/5589/5182 3798/5588/5181 3805/5590/5183
f 3753/5589/5182 3805/5590/5183 3752/5591/5184
f 3752/5591/5184 3805/5590/5183 3812/5592/5185
f 3752/5591/5184 3812/5592/5185 3751/5593/5186
f 3751/5593/5186 3812/5592/5185 3819/5594/5187
f 3751/5593/5186 3819/5594/5187 3750/5595/5188
f 3750/5595/5188 3819/5594/5187 3763/5596/5189
f 3750/5595/5188 3763/5596/5189 3749/5597/5190
f 3749/5598/5190 3763/5599/5189 3826/5600/5191
f 3749/5598/5190 3826/5600/5191 3748/5601/5192
f 3748/5601/5192 3826/5600/5191 3833/5602/5193
f 3748/5601/5192 3833/5602/5193 3747/5603/5194
f 3747/5603/5194 3833/5602/5193 3840/5604/5195
f 3747/5603/5194 3840/5604/5195 3746/5605/5196
f 3746/5605/5196 3840/5604/5195 3847/5606/5197
f 3746/5605/5196 3847/5606/5197 3745/5607/5198
f 3745/5607/5198 3847/5606/5197 3854/5608/5199
f 3745/5607/5198 3854/5608/5199 3744/5609/5200
f 3744/5609/5200 3854/5608/5199 3861/5610/5201
f 3744/5609/5200 3861/5610/5201 3743/5611/5202
f 3743/5611/5202 3861/5610/5201 3868/5612/5203
f 3743/5611/5202 3868/5612/5203 3742/5613/5204
f 3742/5613/5204 3868/5612/5203 3875/5614/5205
f 3742/5613/5204 3875/5614/5205 3741/5615/5206
f 3741/5615/5206 3875/5614/5205 3882/5616/5207
f 3741/5615/5206 3882/5616/5207 3740/5617/5208
f 3740/5617/5208 3882/5616/5207 3889/5618/5209
f 3740/5617/5208 3889/5618/5209 3739/5619/5210
f 3739/5619/5210 3889/5618/5209 3896/5620/5211
f 3739/5619/5210 3896/5620/5211 3738/5621/5212
f 3738/5621/5212 3896/5620/5211 3903/5622/5213
f 3738/5621/5212 3903/5622/5213 3737/5623/5214
f 3737/5623/5214 3903/5622/5213 3910/5624/5215
f 3737/5623/5214 3910/5624/5215 3736/5625/5216
f 3736/5625/5216 3910/5624/5215 3917/5626/5217
f 3736/5625/5216 3917/5626/5217 3735/5627/5218
f 3735/5627/5218 3917/5626/5217 3924/5628/5219
f 3735/5627/5218 3924/5628/5219 3734/5629/5220
f 3734/5629/5220 3924/5628/5219 3931/5630/5221
f 3734/5629/5220 3931/5630/5221 3733/5631/5222
f 3733/5631/5222 3931/5630/5221 3938/5632/5223
f 3733/5631/5222 3938/5632/5223 3732/5633/5224
f 3732/5633/5224 3938/5632/5223 3945/5634/5225
f 3732/5633/5224 3945/5634/5225 3731/5635/5226
f 3731/5635/5226 3945/5634/5225 3952/5636/5227
f 3731/5635/5226 3952/5636/5227 3730/5637/5228
f 3730/5637/5228 3952/5636/5227 3959/5638/5229
f 3730/5637/5228 3959/5638/5229 3729/5579/5172
f 3729/5579/5172 3959/5638/5229 3771/5580/5173
f 3757/5567/5165 3758/5639/5230 3813/5568/5166
f 3813/5568/5166 3758/5639/5230 3814/5640/5231
f 3813/5568/5166 3814/5640/5231 3806/5570/5167
f 3806/5570/5167 3814/5640/5231 3807/5641/5232
f 3806/5570/5167 3807/5641/5232 3799/5572/5168
f 3799/5572/5168 3807/5641/5232 3800/5642/5233
f 3799/5572/5168 3800/5642/5233 3792/5574/5169
f 3792/5574/5169 3800/5642/5233 3793/5643/5234
f 3792/5574/5169 3793/5643/5234 3785/5576/5170
f 3785/5576/5170 3793/5643/5234 3786/5644/5235
f 3785/5576/5170 3786/5644/5235 3778/5578/5171
f 3778/5578/5171 3786/5644/5235 3779/5645/5236
f 3778/5578/5171 3779/5645/5236 3764/5520/5143
f 3764/5520/5143 3779/5645/5236 3765/5646/5237
f 3764/5520/5143 3765/5646/5237 3777/5522/5144
f 3777/5522/5144 3765/5646/5237 3776/5647/5238
f 3777/5522/5144 3776/5647/5238 3953/5524/5145
f 3953/5524/5145 3776/5647/5238 3954/5648/5239
f 3953/5524/5145 3954/5648/5239 3946/5526/5146
f 3946/5526/5146 3954/5648/5239 3947/5649/5240
f 3946/5526/5146 3947/5649/5240 3939/5528/5147
f 3939/5528/5147 3947/5649/5240 3940/5650/5241
f 3939/5528/5147 3940/5650/5241 3932/5530/5148
f 3932/5530/5148 3940/5650/5241 3933/5651/5242
f 3932/5530/5148 3933/5651/5242 3925/5532/5149
f 3925/5532/5149 3933/5651/5242 3926/5652/5243
f 3925/5532/5149 3926/5652/5243 3918/5534/5150
f 3918/5534/5150 3926/5652/5243 3919/5653/5244
f 3918/5534/5150 3919/5653/5244 3911/5536/5151
f 3911/5536/5151 3919/5653/5244 3912/5654/5245
f 3911/5536/5151 3912/5654/5245 3904/5538/5152
f 3904/5538/5152 3912/5654/5245 3905/5655/5246
f 3904/5538/5152 3905/5655/5246 3897/5540/5153
f 3897/5540/5153 3905/5655/5246 3898/5656/5247
f 3897/5540/5153 3898/5656/5247 3890/5542/5154
f 3890/5542/5154 3898/5656/5247 3891/5657/5248
f 3890/5542/5154 3891/5657/5248 3883/5544/5155
f 3883/5544/5155 3891/5657/5248 3884/5658/5249
f 3883/5544/5155 3884/5658/5249 3876/5546/5156
f 3876/5546/5156 3884/5658/5249 3877/5659/5250
f 3876/5546/5156 3877/5659/5250 3869/5548/5157
f 3869/5548/5157 3877/5659/5250 3870/5660/5251
f 3869/5548/5157 3870/5660/5251 3862/5550/5158
f 3862/5550/5158 3870/5660/5251 3863/5661/5252
f 3862/5550/5158 3863/5661/5252 3855/5552/5159
f 3855/5552/5159 3863/5661/5252 3856/5662/5253
f 3855/5552/5159 3856/5662/5253 3848/5554/5160
f 3848/5554/5160 3856/5662/5253 3849/5663/5254
f 3848/5554/5160 3849/5663/5254 3841/5556/5161
f 3841/5556/5161 3849/5663/5254 3842/5664/5255
f 3841/5556/5161 3842/5664/5255 3834/5558/5162
f 3834/5558/5162 3842/5664/5255 3835/5665/5256
f 3834/5558/5162 3835/5665/5256 3827/5560/5163
f 3827/5560/5163 3835/5665/5256 3828/5666/5257
f 3827/5560/5163 3828/5666/5257 3820/5562/5164
f 3820/5562/5164 3828/5666/5257 3821/5667/5258
f 3820/5562/5164 3821/5667/5258 3757/5564/5165
f 3757/5564/5165 3821/5667/5258 3758/5668/5230
f 3758/5639/5230 3759/5669/5259 3814/5640/5231
f 3814/5640/5231 3759/5669/5259 3815/5670/5260
f 3814/5640/5231 3815/5670/5260 3807/5641/5232
f 3807/5641/5232 3815/5670/5260 3808/5671/5261
f 3807/5641/5232 3808/5671/5261 3800/5642/5233
f 3800/5642/5233 3808/5671/5261 3801/5672/5262
f 3800/5642/5233 3801/5672/5262 3793/5643/5234
f 3793/5643/5234 3801/5672/5262 3794/5673/5263
f 3793/5643/5234 3794/5673/5263 3786/5644/5235
f 3786/5644/5235 3794/5673/5263 3787/5674/5264
f 3786/5644/5235 3787/5674/5264 3779/5645/5236
f 3779/5645/5236 3787/5674/5264 3780/5675/5265
f 3779/5645/5236 3780/5675/5265 3765/5646/5237
f 3765/5646/5237 3780/5675/5265 3766/5676/5266
f 3765/5646/5237 3766/5676/5266 3776/5647/5238
f 3776/5647/5238 3766/5676/5266 3775/5677/5267
f 3776/5647/5238 3775/5677/5267 3954/5648/5239
f 3954/5648/5239 3775/5677/5267 3955/5678/5268
f 3954/5648/5239 3955/5678/5268 3947/5649/5240
f 3947/5649/5240 3955/5678/5268 3948/5679/5269
f 3947/5649/5240 3948/5679/5269 3940/5650/5241
f 3940/5650/5241 3948/5679/5269 3941/5680/5270
f 3940/5650/5241 3941/5680/5270 3933/5651/5242
f 3933/5651/5242 3941/5680/5270 3934/5681/5271
f 3933/5651/5242 3934/5681/5271 3926/5652/5243
f 3926/5652/5243 3934/5681/5271 3927/5682/5272
f 3926/5652/5243 3927/5682/5272 3919/5653/5244
f 3919/5653/5244 3927/5682/5272 3920/5683/5273
f 3919/5653/5244 3920/5683/5273 3912/5654/5245
f 3912/5654/5245 3920/5683/5273 3913/5684/5274
f 3912/5654/5245 3913/5684/5274 3905/5655/5246
f 3905/5655/5246 3913/5684/5274 3906/5685/5275
f 3905/5655/5246 3906/5685/5275 3898/5656/5247
f 3898/5656/5247 3906/5685/5275 3899/5686/5276
f 3898/5656/5247 3899/5686/5276 3891/5657/5248
f 3891/5657/5248 3899/5686/5276 3892/5687/5277
f 3891/5657/5248 3892/5687/5277 3884/5658/5249
f 3884/5658/5249 3892/5687/5277 3885/5688/5278
f 3884/5658/5249 3885/5688/5278 3877/5659/5250
f 3877/5659/5250 3885/5688/5278 3878/5689/5279
f 3877/5659/5250 3878/5689/5279 3870/5660/5251
f 3870/5660/5251 3878/5689/5279 3871/5690/5280
f 3870/5660/5251 3871/5690/5280 3863/5661/5252
f 3863/5661/5252 3871/5690/5280 3864/5691/5281
f 3863/5661/5252 3864/5691/5281 3856/5662/5253
f 3856/5662/5253 3864/5691/5281 3857/5692/5282
f 3856/5662/5253 3857/5692/5282 3849/5663/5254
f 3849/5663/5254 3857/5692/5282 3850/5693/5283
f 3849/5663/5254 3850/5693/5283 3842/5664/5255
f 3842/5664/5255 3850/5693/5283 3843/5694/5284
f 3842/5664/5255 3843/5694/5284 3835/5665/5256
f 3835/5665/5256 3843/5694/5284 3836/5695/5285
f 3835/5665/5256 3836/5695/5285 3828/5666/5257
f 3828/5666/5257 3836/5695/5285 3829/5696/5286
f 3828/5666/5257 3829/5696/5286 3821/5667/5258
f 3821/5667/5258 3829/5696/5286 3822/5697/5287
f 3821/5667/5258 3822/5697/5287 3758/5668/5230
f 3758/5668/5230 3822/5697/5287 3759/5698/5259
f 3759/5669/5259 3760/5699/5288 3815/5670/5260
f 3815/5670/5260 3760/5699/5288 3816/5700/5289
f 3815/5670/5260 3816/5700/5289 3808/5671/5261
f 3808/5671/5261 3816/5700/5289 3809/5701/5290
f 3808/5671/5261 3809/5701/5290 3801/5672/5262
f 3801/5672/5262 3809/5701/5290 3802/5702/5291
f 3801/5672/5262 3802/5702/5291 3794/5673/5263
f 3794/5673/5263 3802/5702/5291 3795/5703/5292
f 3794/5673/5263 3795/5703/5292 3787/5674/5264
f 3787/5674/5264 3795/5703/5292 3788/5704/5293
f 3787/5674/5264 3788/5704/5293 3780/5675/5265
f 3780/5675/5265 3788/5704/5293 3781/5705/5294
f 3780/5675/5265 3781/5705/5294 3766/5676/5266
f 3766/5676/5266 3781/5705/5294 3767/5706/5295
f 3766/5676/5266 3767/5706/5295 3775/5677/5267
f 3775/5677/5267 3767/5706/5295 3774/5707/5296
f 3775/5677/5267 3774/5707/5296 3955/5678/5268
f 3955/5678/5268 3774/5707/5296 3956/5708/5297
f 3955/5678/5268 3956/5708/5297 3948/5679/5269
f 3948/5679/5269 3956/5708/5297 3949/5709/5298
f 3948/5679/5269 3949/5709/5298 3941/5680/5270
f 3941/5680/5270 3949/5709/5298 3942/5710/5299
f 3941/5680/5270 3942/5710/5299 3934/5681/5271
f 3934/5681/5271 3942/5710/5299 3935/5711/5300
f 3934/5681/5271 3935/5711/5300 3927/5682/5272
f 3927/5682/5272 3935/5711/5300 3928/5712/5301
f 3927/5682/5272 3928/5712/5301 3920/5683/5273
f 3920/5683/5273 3928/5712/5301 3921/5713/5302
f 3920/5683/5273 3921/5713/5302 3913/5684/5274
f 3913/5684/5274 3921/5713/5302 3914/5714/5303
f 3913/5684/5274 3914/5714/5303 3906/5685/5275
f 3906/5685/5275 3914/5714/5303 3907/5715/5304
f 3906/5685/5275 3907/5715/5304 3899/5686/5276
f 3899/5686/5276 3907/5715/5304 3900/5716/5305
f 3899/5686/5276 3900/5716/5305 3892/5687/5277
f 3892/5687/5277 3900/5716/5305 3893/5717/5306
f 3892/5687/5277 3893/5717/5306 3885/5688/5278
f 3885/5688/5278 3893/5717/5306 3886/5718/5307
f 3885/5688/5278 3886/5718/5307 3878/5689/5279
f 3878/5689/5279 3886/5718/5307 3879/5719/5308
f 3878/5689/5279 3879/5719/5308 3871/5690/5280
f 3871/5690/5280 3879/5719/5308 3872/5720/5309
f 3871/5690/5280 3872/5720/5309 3864/5691/5281
f 3864/5691/5281 3872/5720/5309 3865/5721/5310
f 3864/5691/5281 3865/5721/5310 3857/5692/5282
f 3857/5692/5282 3865/5721/5310 3858/5722/5311
f 3857/5692/5282 3858/5722/5311 3850/5693/5283
f 3850/5693/5283 3858/5722/5311 3851/5723/5312
f 3850/5693/5283 3851/5723/5312 3843/5694/5284
f 3843/5694/5284 3851/5723/5312 3844/5724/5313
f 3843/5694/5284 3844/5724/5313 3836/5695/5285
f 3836/5695/5285 3844/5724/5313 3837/5725/5314
f 3836/5695/5285 3837/5725/5314 3829/5696/5286
f 3829/5696/5286 3837/5725/5314 3830/5726/5315
f 3829/5696/5286 3830/5726/5315 3822/5697/5287
f 3822/5697/5287 3830/5726/5315 3823/5727/5316
f 3822/5697/5287 3823/5727/5316 3759/5698/5259
f 3759/5698/5259 3823/5727/5316 3760/5728/5288
f 3760/5699/5288 3761/5729/5317 3816/5700/5289
f 3816/5700/5289 3761/5729/5317 3817/5730/5318
f 3816/5700/5289 3817/5730/5318 3809/5701/5290
f 3809/5701/5290 3817/5730/5318 3810/5731/5319
f 3809/5701/5290 3810/5731/5319 3802/5702/5291
f 3802/5702/5291 3810/5731/5319 3803/5732/5320
f 3802/5702/5291 3803/5732/5320 3795/5703/5292
f 3795/5703/5292 3803/5732/5320 3796/5733/5321
f 3795/5703/5292 3796/5733/5321 3788/5704/5293
f 3788/5704/5293 3796/5733/5321 3789/5734/5322
f 3788/5704/5293 3789/5734/5322 3781/5705/5294
f 3781/5705/5294 3789/5734/5322 3782/5735/5323
f 3781/5705/5294 3782/5735/5323 3767/5706/5295
f 3767/5706/5295 3782/5735/5323 3768/5736/5324
f 3767/5706/5295 3768/5736/5324 3774/5707/5296
f 3774/5707/5296 3768/5736/5324 3773/5737/5325
f 3774/5707/5296 3773/5737/5325 3956/5708/5297
f 3956/5708/5297 3773/5737/5325 3957/5738/5326
f 3956/5708/5297 3957/5738/5326 3949/5709/5298
f 3949/5709/5298 3957/5738/5326 3950/5739/5327
f 3949/5709/5298 3950/5739/5327 3942/5710/5299
f 3942/5710/5299 3950/5739/5327 3943/5740/5328
f 3942/5710/5299 3943/5740/5328 3935/5711/5300
f 3935/5711/5300 3943/5740/5328 3936/5741/5329
f 3935/5711/5300 3936/5741/5329 3928/5712/5301
f 3928/5712/5301 3936/5741/5329 3929/5742/5330
f 3928/5712/5301 3929/5742/5330 3921/5713/5302
f 3921/5713/5302 3929/5742/5330 3922/5743/5331
f 3921/5713/5302 3922/5743/5331 3914/5714/5303
f 3914/5714/5303 3922/5743/5331 3915/5744/5332
f 3914/5714/5303 3915/5744/5332 3907/5715/5304
f 3907/5715/5304 3915/5744/5332 3908/5745/5333
f 3907/5715/5304 3908/5745/5333 3900/5716/5305
f 3900/5716/5305 3908/5745/5333 3901/5746/5334
f 3900/5716/5305 3901/5746/5334 3893/5717/5306
f 3893/5717/5306 3901/5746/5334 3894/5747/5335
f 3893/5717/5306 3894/5747/5335 3886/5718/5307
f 3886/5718/5307 3894/5747/5335 3887/5748/5336
f 3886/5718/5307 3887/5748/5336 3879/5719/5308
f 3879/5719/5308 3887/5748/5336 3880/5749/5337
f 3879/5719/5308 3880/5749/5337 3872/5720/5309
f 3872/5720/5309 3880/5749/5337 3873/5750/5338
f 3872/5720/5309 3873/5750/5338 3865/5721/5310
f 3865/5721/5310 3873/5750/5338 3866/5751/5339
f 3865/5721/5310 3866/5751/5339 3858/5722/5311
f 3858/5722/5311 3866/5751/5339 3859/5752/5340
f 3858/5722/5311 3859/5752/5340 3851/5723/5312
f 3851/5723/5312 3859/5752/5340 3852/5753/5341
f 3851/5723/5312 3852/5753/5341 3844/5724/5313
f 3844/5724/5313 3852/5753/5341 3845/5754/5342
f 3844/5724/5313 3845/5754/5342 3837/5725/5314
f 3837/5725/5314 3845/5754/5342 3838/5755/5343
f 3837/5725/5314 3838/5755/5343 3830/5726/5315
f 3830/5726/5315 3838/5755/5343 3831/5756/5344
f 3830/5726/5315 3831/5756/5344 3823/5727/5316
f 3823/5727/5316 3831/5756/5344 3824/5757/5345
f 3823/5727/5316 3824/5757/5345 3760/5728/5288
f 3760/5728/5288 3824/5757/5345 3761/5758/5317
f 3761/5729/5317 3762/5759/5346 3817/5730/5318
f 3817/5730/5318 3762/5759/5346 3818/5760/5347
f 3817/5730/5318 3818/5760/5347 3810/5731/5319
f 3810/5731/5319 3818/5760/5347 3811/5761/5348
f 3810/5731/5319 3811/5761/5348 3803/5732/5320
f 3803/5732/5320 3811/5761/5348 3804/5762/5349
f 3803/5732/5320 3804/5762/5349 3796/5733/5321
f 3796/5733/5321 3804/5762/5349 3797/5763/5350
f 3796/5733/5321 3797/5763/5350 3789/5734/5322
f 3789/5734/5322 3797/5763/5350 3790/5764/5351
f 3789/5734/5322 3790/5764/5351 3782/5735/5323
f 3782/5735/5323 3790/5764/5351 3783/5765/5352
f 3782/5735/5323 3783/5765/5352 3768/5736/5324
f 3768/5736/5324 3783/5765/5352 3769/5766/5353
f 3768/5736/5324 3769/5766/5353 3773/5737/5325
f 3773/5737/5325 3769/5766/5353 3772/5767/5354
f 3773/5737/5325 3772/5767/5354 3957/5738/5326
f 3957/5738/5326 3772/5767/5354 3958/5768/5355
f 3957/5738/5326 3958/5768/5355 3950/5739/5327
f 3950/5739/5327 3958/5768/5355 3951/5769/5356
f 3950/5739/5327 3951/5769/5356 3943/5740/5328
f 3943/5740/5328 3951/5769/5356 3944/5770/5357
f 3943/5740/5328 3944/5770/5357 3936/5741/5329
f 3936/5741/5329 3944/5770/5357 3937/5771/5358
f 3936/5741/5329 3937/5771/5358 3929/5742/5330
f 3929/5742/5330 3937/5771/5358 3930/5772/5359
f 3929/5742/5330 3930/5772/5359 3922/5743/5331
f 3922/5743/5331 3930/5772/5359 3923/5773/5360
f 3922/5743/5331 3923/5773/5360 3915/5744/5332
f 3915/5744/5332 3923/5773/5360 3916/5774/5361
f 3915/5744/5332 3916/5774/5361 3908/5745/5333
f 3908/5745/5333 3916/5774/5361 3909/5775/5362
f 3908/5745/5333 3909/5775/5362 3901/5746/5334
f 3901/5746/5334 3909/5775/5362 3902/5776/5363
f 3901/5746/5334 3902/5776/5363 3894/5747/5335
f 3894/5747/5335 3902/5776/5363 3895/5777/5364
f 3894/5747/5335 3895/5777/5364 3887/5748/5336
f 3887/5748/5336 3895/5777/5364 3888/5778/5365
f 3887/5748/5336 3888/5778/5365 3880/5749/5337
f 3880/5749/5337 3888/5778/5365 3881/5779/5366
f 3880/5749/5337 3881/5779/5366 3873/5750/5338
f 3873/5750/5338 3881/5779/5366 3874/5780/5367
f 3873/5750/5338 3874/5780/5367 3866/5751/5339
f 3866/5751/5339 3874/5780/5367 3867/5781/5368
f 3866/5751/5339 3867/5781/5368 3859/5752/5340
f 3859/5752/5340 3867/5781/5368 3860/5782/5369
f 3859/5752/5340 3860/5782/5369 3852/5753/5341
f 3852/5753/5341 3860/5782/5369 3853/5783/5370
f 3852/5753/5341 3853/5783/5370 3845/5754/5342
f 3845/5754/5342 3853/5783/5370 3846/5784/5371
f 3845/5754/5342 3846/5784/5371 3838/5755/5343
f 3838/5755/5343 3846/5784/5371 3839/5785/5372
f 3838/5755/5343 3839/5785/5372 3831/5756/5344
f 3831/5756/5344 3839/5785/5372 3832/5786/5373
f 3831/5756/5344 3832/5786/5373 3824/5757/5345
f 3824/5757/5345 3832/5786/5373 3825/5787/5374
f 3824/5757/5345 3825/5787/5374 3761/5758/5317
f 3761/5758/5317 3825/5787/5374 3762/5788/5346
f 3762/5759/5346 3763/5596/5189 3818/5760/5347
f 3818/5760/5347 3763/5596/5189 3819/5594/5187
f 3818/5760/5347 3819/5594/5187 3811/5761/5348
f 3811/5761/5348 3819/5594/5187 3812/5592/5185
f 3811/5761/5348 3812/5592/5185 3804/5762/5349
f 3804/5762/5349 3812/5592/5185 3805/5590/5183
f 3804/5762/5349 3805/5590/5183 3797/5763/5350
f 3797/5763/5350 3805/5590/5183 3798/5588/5181
f 3797/5763/5350 3798/5588/5181 3790/5764/5351
f 3790/5764/5351 3798/5588/5181 3791/5586/5179
f 3790/5764/5351 3791/5586/5179 3783/5765/5352
f 3783/5765/5352 3791/5586/5179 3784/5584/5177
f 3783/5765/5352 3784/5584/5177 3769/5766/5353
f 3769/5766/5353 3784/5584/5177 3770/5582/5175
f 3769/5766/5353 3770/5582/5175 3772/5767/5354
f 3772/5767/5354 3770/5582/5175 3771/5580/5173
f 3772/5767/5354 3771/5580/5173 3958/5768/5355
f 3958/5768/5355 3771/5580/5173 3959/5638/5229
f 3958/5768/5355 3959/5638/5229 3951/5769/5356
f 3951/5769/5356 3959/5638/5229 3952/5636/5227
f 3951/5769/5356 3952/5636/5227 3944/5770/5357
f 3944/5770/5357 3952/5636/5227 3945/5634/5225
f 3944/5770/5357 3945/5634/5225 3937/5771/5358
f 3937/5771/5358 3945/5634/5225 3938/5632/5223
f 3937/5771/5358 3938/5632/5223 3930/5772/5359
f 3930/5772/5359 3938/5632/5223 3931/5630/5221
f 3930/5772/5359 3931/5630/5221 3923/5773/5360
f 3923/5773/5360 3931/5630/5221 3924/5628/5219
f 3923/5773/5360 3924/5628/5219 3916/5774/5361
f 3916/5774/5361 3924/5628/5219 3917/5626/5217
f 3916/5774/5361 3917/5626/5217 3909/5775/5362
f 3909/5775/5362 3917/5626/5217 3910/5624/5215
f 3909/5775/5362 3910/5624/5215 3902/5776/5363
f 3902/5776/5363 3910/5624/5215 3903/5622/5213
f 3902/5776/5363 3903/5622/5213 3895/5777/5364
f 3895/5777/5364 3903/5622/5213 3896/5620/5211
f 3895/5777/5364 3896/5620/5211 3888/5778/5365
f 3888/5778/5365 3896/5620/5211 3889/5618/5209
f 3888/5778/5365 3889/5618/5209 3881/5779/5366
f 3881/5779/5366 3889/5618/5209 3882/5616/5207
f 3881/5779/5366 3882/5616/5207 3874/5780/5367
f 3874/5780/5367 3882/5616/5207 3875/5614/5205
f 3874/5780/5367 3875/5614/5205 3867/5781/5368
f 3867/5781/5368 3875/5614/5205 3868/5612/5203
f 3867/5781/5368 3868/5612/5203 3860/5782/5369
f 3860/5782/5369 3868/5612/5203 3861/5610/5201
f 3860/5782/5369 3861/5610/5201 3853/5783/5370
f 3853/5783/5370 3861/5610/5201 3854/5608/5199
f 3853/5783/5370 3854/5608/5199 3846/5784/5371
f 3846/5784/5371 3854/5608/5199 3847/5606/5197
f 3846/5784/5371 3847/5606/5197 3839/5785/5372
f 3839/5785/5372 3847/5606/5197 3840/5604/5195
f 3839/5785/5372 3840/5604/5195 3832/5786/5373
f 3832/5786/5373 3840/5604/5195 3833/5602/5193
f 3832/5786/5373 3833/5602/5193 3825/5787/5374
f 3825/5787/5374 3833/5602/5193 3826/5600/5191
f 3825/5787/5374 3826/5600/5191 3762/5788/5346
f 3762/5788/5346 3826/5600/5191 3763/5599/5189
f 3991/5789/5375 3960/5790/5376 3728/5791/5174
f 3728/5792/5174 3960/5793/5376 3961/5794/5377
f 3728/5792/5174 3961/5794/5377 3729/5795/5172
f 3729/5795/5172 3961/5794/5377 3962/5796/5378
f 3729/5795/5172 3962/5796/5378 3730/5797/5228
f 3730/5797/5228 3962/5796/5378 3963/5798/5379
f 3730/5797/5228 3963/5798/5379 3731/5799/5226
f 3731/5799/5226 3963/5798/5379 3964/5800/5380
f 3731/5799/5226 3964/5800/5380 3732/5801/5224
f 3732/5801/5224 3964/5800/5380 3965/5802/5381
f 3732/5801/5224 3965/5802/5381 3733/5803/5222
f 3733/5803/5222 3965/5802/5381 3966/5804/5382
f 3733/5803/5222 3966/5804/5382 3734/5805/5220
f 3734/5805/5220 3966/5804/5382 3967/5806/5383
f 3734/5805/5220 3967/5806/5383 3735/5807/5218
f 3735/5807/5218 3967/5806/5383 3968/5808/5384
f 3735/5807/5218 3968/5808/5384 3736/5809/5216
f 3736/5809/5216 3968/5808/5384 3969/5810/5385
f 3736/5809/5216 3969/5810/5385 3737/5811/5214
f 3737/5811/5214 3969/5810/5385 3970/5812/5386
f 3737/5811/5214 3970/5812/5386 3738/5813/5212
f 3738/5813/5212 3970/5812/5386 3971/5814/5387
f 3738/5813/5212 3971/5814/5387 3972/5815/5388
f 3738/5813/5212 3972/5815/5388 3739/5816/5210
f 3739/5816/5210 3972/5815/5388 3973/5817/5389
f 3739/5816/5210 3973/5817/5389 3740/5818/5208
f 3740/5818/5208 3973/5817/5389 3974/5819/5390
f 3740/5818/5208 3974/5819/5390 3741/5820/5206
f 3741/5820/5206 3974/5819/5390 3975/5821/5391
f 3741/5820/5206 3975/5821/5391 3742/5822/5204
f 3742/5822/5204 3975/5821/5391 3976/5823/5392
f 3742/5822/5204 3976/5823/5392 3743/5824/5202
f 3743/5824/5202 3976/5823/5392 3977/5825/5393
f 3743/5824/5202 3977/5825/5393 3744/5826/5200
f 3744/5826/5200 3977/5825/5393 3978/5827/5394
f 3744/5826/5200 3978/5827/5394 3745/5828/5198
f 3745/5828/5198 3978/5827/5394 3979/5829/5395
f 3745/5828/5198 3979/5829/5395 3746/5830/5196
f 3746/5830/5196 3979/5829/5395 3980/5831/5396
f 3746/5830/5196 3980/5831/5396 3747/5832/5194
f 3747/5832/5194 3980/5831/5396 3981/5833/5397
f 3747/5832/5194 3981/5833/5397 3982/5834/5398
f 3747/5832/5194 3982/5834/5398 3748/5835/5192
f 3748/5835/5192 3982/5834/5398 3983/5836/5399
f 3748/5835/5192 3983/5836/5399 3749/5837/5190
f 3749/5837/5190 3983/5836/5399 3984/5838/5400
f 3749/5837/5190 3984/5838/5400 3750/5839/5188
f 3750/5839/5188 3984/5838/5400 3985/5840/5401
f 3750/5839/5188 3985/5840/5401 3751/5841/5186
f 3751/5841/5186 3985/5840/5401 3986/5842/5402
f 3751/5841/5186 3986/5842/5402 3752/5843/5184
f 3752/5843/5184 3986/5842/5402 3987/5844/5403
f 3752/5843/5184 3987/5844/5403 3753/5845/5182
f 3753/5845/5182 3987/5844/5403 3988/5846/5404
f 3753/5845/5182 3988/5846/5404 3754/5847/5180
f 3754/5847/5180 3988/5846/5404 3989/5848/5405
f 3754/5847/5180 3989/5848/5405 3755/5849/5178
f 3755/5849/5178 3989/5848/5405 3990/5850/5406
f 3755/5849/5178 3990/5850/5406 3756/5851/5176
f 3756/5851/5176 3990/5850/5406 3991/5789/5375
f 3756/5851/5176 3991/5789/5375 3728/5791/5174
f 1381/5852/5407 4023/5853/5408 1358/5854/5409
f 1358/5854/5409 4023/5853/5408 3992/5855/5410
f 1358/5856/5409 3992/5857/5410 3993/5858/5411
f 4023/5853/5408 1381/5852/5407 4022/5859/5412
f 4022/5859/5412 1381/5852/5407 1380/5860/5413
f 4022/5859/5412 1380/5860/5413 4021/5861/5414
f 4021/5861/5414 1380/5860/5413 1379/5862/5415
f 4021/5861/5414 1379/5862/5415 4020/5863/5416
f 4020/5863/5416 1379/5862/5415 4019/5864/5417
f 4019/5864/5417 1379/5862/5415 1378/5865/5418
f 4019/5864/5417 1378/5865/5418 4018/5866/5419
f 4018/5866/5419 1378/5865/5418 1377/5867/5420
f 4018/5866/5419 1377/5867/5420 4017/5868/5421
f 4017/5868/5421 1377/5867/5420 1376/5869/5422
f 4017/5868/5421 1376/5869/5422 4016/5870/5423
f 4016/5870/5423 1376/5869/5422 4015/5871/5424
f 4015/5871/5424 1376/5869/5422 1375/5872/5425
f 4015/5871/5424 1375/5872/5425 4014/5873/5426
f 4014/5873/5426 1375/5872/5425 1374/5874/5427
f 4014/5873/5426 1374/5874/5427 4013/5875/5428
f 4013/5875/5428 1374/5874/5427 1373/5876/5429
f 4013/5875/5428 1373/5876/5429 4012/5877/5430
f 4012/5877/5430 1373/5876/5429 4011/5878/5431
f 4011/5878/5431 1373/5876/5429 1372/5879/5432
f 4011/5878/5431 1372/5879/5432 4010/5880/5433
f 4010/5880/5433 1372/5879/5432 1371/5881/5434
f 4010/5880/5433 1371/5881/5434 4009/5882/5435
f 4009/5882/5435 1371/5881/5434 1370/5883/5436
f 4009/5882/5435 1370/5883/5436 4008/5884/5437
f 4008/5884/5437 1370/5883/5436 4007/5885/5438
f 4007/5885/5438 1370/5883/5436 1369/5886/5439
f 4007/5885/5438 1369/5886/5439 4006/5887/5440
f 4006/5887/5440 1369/5886/5439 1368/5888/5441
f 4006/5887/5440 1368/5888/5441 4005/5889/5442
f 4005/5889/5442 1368/5888/5441 1367/5890/5443
f 4005/5889/5442 1367/5890/5443 4004/5891/5444
f 4004/5891/5444 1367/5890/5443 4003/5892/5445
f 4003/5892/5445 1367/5890/5443 1366/5893/5446
f 4003/5892/5445 1366/5893/5446 4002/5894/5447
f 4002/5894/5447 1366/5893/5446 1365/5895/5448
f 4002/5894/5447 1365/5895/5448 4001/5896/5449
f 4001/5896/5449 1365/5895/5448 1364/5897/5450
f 4001/5896/5449 1364/5897/5450 4000/5898/5451
f 4000/5898/5451 1364/5897/5450 3999/5899/5452
f 3999/5899/5452 1364/5897/5450 1363/5900/5453
f 3999/5899/5452 1363/5900/5453 3998/5901/5454
f 3998/5901/5454 1363/5900/5453 1362/5902/5455
f 3998/5901/5454 1362/5902/5455 3997/5903/5456
f 3997/5903/5456 1362/5902/5455 1361/5904/5457
f 3997/5903/5456 1361/5904/5457 3996/5905/5458
f 3996/5905/5458 1361/5904/5457 3995/5906/5459
f 3995/5906/5459 1361/5904/5457 1360/5907/5460
f 3995/5906/5459 1360/5907/5460 3994/5908/5461
f 3994/5908/5461 1360/5907/5460 1359/5909/5462
f 3994/5908/5461 1359/5909/5462 3993/5858/5411
f 3993/5858/5411 1359/5909/5462 1358/5856/5409
f 3993/5910/5463 3992/5911/5464 3976/5912/5465
f 3976/5912/5465 3992/5911/5464 4023/5913/5466
f 3976/5912/5465 4023/5913/5466 3977/5914/5467
f 3977/5914/5467 4023/5913/5466 4022/5915/5468
f 3977/5914/5467 4022/5915/5468 3978/5916/5469
f 3978/5916/5469 4022/5915/5468 4021/5917/5470
f 3978/5916/5469 4021/5917/5470 3979/5918/5471
f 3979/5918/5471 4021/5917/5470 4020/5919/5472
f 3979/5918/5471 4020/5919/5472 3980/5920/5473
f 3980/5920/5473 4020/5919/5472 4019/5921/5474
f 3980/5920/5473 4019/5921/5474 3981/5922/5475
f 3981/5922/5475 4019/5921/5474 4018/5923/5476
f 3981/5922/5475 4018/5923/5476 3982/5924/5477
f 3982/5924/5477 4018/5923/5476 4017/5925/5478
f 3982/5924/5477 4017/5925/5478 3983/5926/5479
f 3983/5926/5479 4017/5925/5478 4016/5927/5480
f 3983/5926/5479 4016/5927/5480 3984/5928/5481
f 3984/5928/5481 4016/5927/5480 3985/5929/5482
f 3985/5929/5482 4016/5927/5480 4015/5930/5483
f 3985/5929/5482 4015/5930/5483 3986/5931/5484
f 3986/5931/5484 4015/5930/5483 4014/5932/5485
f 3986/5931/5484 4014/5932/5485 3987/5933/5486
f 3987/5933/5486 4014/5932/5485 4013/5934/5487
f 3987/5933/5486 4013/5934/5487 3988/5935/5488
f 3988/5935/5488 4013/5934/5487 4012/5936/5489
f 3988/5935/5488 4012/5936/5489 3989/5937/5490
f 3989/5937/5490 4012/5936/5489 4011/5938/5491
f 3989/5937/5490 4011/5938/5491 3990/5939/5492
f 3990/5939/5492 4011/5938/5491 4010/5940/5493
f 3990/5939/5492 4010/5940/5493 3991/5941/5494
f 3991/5941/5494 4010/5940/5493 4009/5942/5495
f 3991/5941/5494 4009/5942/5495 3960/5943/5496
f 3960/5943/5496 4009/5942/5495 4008/5944/5497
f 3960/5943/5496 4008/5944/5497 3961/5945/5498
f 3961/5945/5498 4008/5944/5497 4007/5946/5499
f 3961/5945/5498 4007/5946/5499 4006/5947/5500
f 3961/5945/5498 4006/5947/5500 3962/5948/5501
f 3962/5948/5501 4006/5947/5500 4005/5949/5502
f 3962/5948/5501 4005/5949/5502 3963/5950/5503
f 3963/5950/5503 4005/5949/5502 4004/5951/5504
f 3963/5950/5503 4004/5951/5504 3964/5952/5505
f 3964/5952/5505 4004/5951/5504 4003/5953/5506
f 3964/5952/5505 4003/5953/5506 3965/5954/5507
f 3965/5954/5507 4003/5953/5506 4002/5955/5508
f 3965/5954/5507 4002/5955/5508 3966/5956/5509
f 3966/5956/5509 4002/5955/5508 4001/5957/5510
f 3966/5956/5509 4001/5957/5510 3967/5958/5511
f 3967/5958/5511 4001/5957/5510 4000/5959/5512
f 3967/5958/5511 4000/5959/5512 3968/5960/5513
f 3968/5960/5513 4000/5959/5512 3969/5961/5514
f 3969/5961/5514 4000/5959/5512 3999/5962/5515
f 3969/5961/5514 3999/5962/5515 3970/5963/5516
f 3970/5963/5516 3999/5962/5515 3998/5964/5517
f 3970/5963/5516 3998/5964/5517 3971/5965/5518
f 3971/5965/5518 3998/5964/5517 3997/5966/5519
f 3971/5965/5518 3997/5966/5519 3972/5967/5520
f 3972/5967/5520 3997/5966/5519 3996/5968/5521
f 3972/5967/5520 3996/5968/5521 3973/5969/5522
f 3973/5969/5522 3996/5968/5521 3995/5970/5523
f 3973/5969/5522 3995/5970/5523 3974/5971/5524
f 3974/5971/5524 3995/5970/5523 3994/5972/5525
f 3974/5971/5524 3994/5972/5525 3975/5973/5526
f 3975/5973/5526 3994/5972/5525 3993/5910/5463
f 3975/5973/5526 3993/5910/5463 3976/5912/5465
f 4083/5974/5527 4024/5975/5528 4085/5976/5529
f 4085/5976/5529 4024/5975/5528 4025/5977/5530
f 4085/5976/5529 4025/5977/5530 4084/5978/5531
f 4084/5978/5531 4025/5977/5530 4026/5979/5532
f 4084/5978/5531 4026/5979/5532 4027/5980/5533
f 4084/5981/5531 4027/5982/5533 4102/5983/5534
f 4102/5983/5534 4027/5982/5533 4028/5984/5535
f 4102/5983/5534 4028/5984/5535 4101/5985/5536
f 4101/5985/5536 4028/5984/5535 4029/5986/5537
f 4101/5985/5536 4029/5986/5537 4108/5987/5538
f 4108/5987/5538 4029/5986/5537 4105/5988/5539
f 4108/5987/5538 4105/5988/5539 4106/5989/5540
f 4106/5989/5540 4105/5988/5539 4111/5990/5541
f 4106/5989/5540 4111/5990/5541 4110/5991/5542
f 4110/5991/5542 4111/5990/5541 4100/5992/5543
f 4110/5991/5542 4100/5992/5543 4109/5993/5544
f 4109/5993/5544 4100/5992/5543 4112/5994/5545
f 4109/5993/5544 4112/5994/5545 4077/5995/5546
f 4077/5995/5546 4112/5994/5545 4076/5996/5547
f 4076/5996/5547 4112/5994/5545 4115/5997/5548
f 4076/5996/5547 4115/5997/5548 4075/5998/5549
f 4075/5998/5549 4115/5997/5548 4114/5999/5550
f 4075/5998/5549 4114/5999/5550 4074/6000/5551
f 4074/6000/5551 4114/5999/5550 4118/6001/5552
f 4074/6000/5551 4118/6001/5552 4117/6002/5553
f 4117/6002/5553 4118/6001/5552 4098/6003/5554
f 4117/6002/5553 4098/6003/5554 4120/6004/5555
f 4120/6004/5555 4098/6003/5554 4097/6005/5556
f 4120/6004/5555 4097/6005/5556 4123/6006/5557
f 4123/6006/5557 4097/6005/5556 4124/6007/5558
f 4123/6006/5557 4124/6007/5558 4122/6008/5559
f 4122/6008/5559 4124/6007/5558 4121/6009/5560
f 4122/6008/5559 4121/6009/5560 4127/6010/5561
f 4127/6010/5561 4121/6009/5560 4036/6011/5562
f 4127/6010/5561 4036/6011/5562 4096/6012/5563
f 4096/6012/5563 4036/6011/5562 4037/6013/5564
f 4096/6012/5563 4037/6013/5564 4095/6014/5565
f 4095/6014/5565 4037/6013/5564 4038/6015/5566
f 4095/6014/5565 4038/6015/5566 4132/6016/5567
f 4132/6016/5567 4038/6015/5566 4129/6017/5568
f 4132/6016/5567 4129/6017/5568 4130/6018/5569
f 4130/6018/5569 4129/6017/5568 4134/6019/5570
f 4130/6018/5569 4134/6019/5570 4066/6020/5571
f 4066/6020/5571 4134/6019/5570 4136/6021/5572
f 4066/6020/5571 4136/6021/5572 4065/6022/5573
f 4065/6022/5573 4136/6021/5572 4135/6023/5574
f 4065/6022/5573 4135/6023/5574 4064/6024/5575
f 4064/6024/5575 4135/6023/5574 4139/6025/5576
f 4064/6024/5575 4139/6025/5576 4063/6026/5577
f 4063/6026/5577 4139/6025/5576 4138/6027/5578
f 4063/6026/5577 4138/6027/5578 4062/6028/5579
f 4062/6028/5579 4138/6027/5578 4142/6029/5580
f 4062/6028/5579 4142/6029/5580 4144/6030/5581
f 4144/6030/5581 4142/6029/5580 4141/6031/5582
f 4144/6030/5581 4141/6031/5582 4092/6032/5583
f 4092/6032/5583 4141/6031/5582 4042/6033/5584
f 4092/6032/5583 4042/6033/5584 4043/6034/5585
f 4029/5986/5537 4030/6035/5586 4105/5988/5539
f 4105/5988/5539 4030/6035/5586 4111/5990/5541
f 4111/5990/5541 4030/6035/5586 4100/5992/5543
f 4100/5992/5543 4030/6035/5586 4031/6036/5587
f 4100/5992/5543 4031/6036/5587 4099/6037/5588
f 4099/6037/5588 4031/6036/5587 4032/6038/5589
f 4099/6037/5588 4032/6038/5589 4116/6039/5590
f 4116/6039/5590 4032/6038/5589 4113/6040/5591
f 4116/6039/5590 4113/6040/5591 4114/5999/5550
f 4114/5999/5550 4113/6040/5591 4119/6041/5592
f 4114/5999/5550 4119/6041/5592 4118/6001/5552
f 4118/6001/5552 4119/6041/5592 4098/6003/5554
f 4032/6038/5589 4033/6042/5593 4113/6040/5591
f 4113/6040/5591 4033/6042/5593 4119/6041/5592
f 4119/6041/5592 4033/6042/5593 4098/6003/5554
f 4098/6003/5554 4033/6042/5593 4034/6043/5594
f 4098/6003/5554 4034/6043/5594 4097/6005/5556
f 4097/6005/5556 4034/6043/5594 4035/6044/5595
f 4097/6005/5556 4035/6044/5595 4124/6007/5558
f 4124/6007/5558 4035/6044/5595 4121/6009/5560
f 4035/6044/5595 4036/6011/5562 4121/6009/5560
f 4038/6015/5566 4039/6045/5596 4129/6017/5568
f 4129/6017/5568 4039/6045/5596 4133/6046/5597
f 4129/6017/5568 4133/6046/5597 4134/6019/5570
f 4134/6019/5570 4133/6046/5597 4136/6021/5572
f 4133/6046/5597 4039/6045/5596 4094/6047/5598
f 4094/6047/5598 4039/6045/5596 4040/6048/5599
f 4094/6047/5598 4040/6048/5599 4093/6049/5600
f 4093/6049/5600 4040/6048/5599 4041/6050/5601
f 4093/6049/5600 4041/6050/5601 4140/6051/5602
f 4140/6051/5602 4041/6050/5601 4137/6052/5603
f 4140/6051/5602 4137/6052/5603 4138/6027/5578
f 4138/6027/5578 4137/6052/5603 4142/6029/5580
f 4041/6050/5601 4042/6033/5584 4137/6052/5603
f 4137/6052/5603 4042/6033/5584 4141/6031/5582
f 4137/6052/5603 4141/6031/5582 4142/6029/5580
f 4092/6032/5583 4043/6034/5585 4091/6053/5604
f 4091/6053/5604 4043/6034/5585 4044/6054/5605
f 4091/6053/5604 4044/6054/5605 4148/6055/5606
f 4148/6055/5606 4044/6054/5605 4145/6056/5607
f 4148/6055/5606 4145/6056/5607 4146/6057/5608
f 4146/6057/5608 4145/6056/5607 4150/6058/5609
f 4146/6057/5608 4150/6058/5609 4058/6059/5610
f 4058/6059/5610 4150/6058/5609 4152/6060/5611
f 4058/6059/5610 4152/6060/5611 4057/6061/5612
f 4057/6061/5612 4152/6060/5611 4151/6062/5613
f 4057/6061/5612 4151/6062/5613 4056/6063/5614
f 4056/6063/5614 4151/6062/5613 4155/6064/5615
f 4056/6063/5614 4155/6064/5615 4055/6065/5616
f 4055/6065/5616 4155/6064/5615 4154/6066/5617
f 4055/6065/5616 4154/6066/5617 4054/6067/5618
f 4054/6067/5618 4154/6066/5617 4158/6068/5619
f 4054/6067/5618 4158/6068/5619 4160/6069/5620
f 4160/6069/5620 4158/6068/5619 4157/6070/5621
f 4160/6069/5620 4157/6070/5621 4088/6071/5622
f 4088/6071/5622 4157/6070/5621 4048/6072/5623
f 4088/6071/5622 4048/6072/5623 4049/6073/5624
f 4044/6054/5605 4045/6074/5625 4145/6056/5607
f 4145/6056/5607 4045/6074/5625 4149/6075/5626
f 4145/6056/5607 4149/6075/5626 4150/6058/5609
f 4150/6058/5609 4149/6075/5626 4152/6060/5611
f 4149/6075/5626 4045/6074/5625 4090/6076/5627
f 4090/6076/5627 4045/6074/5625 4046/6077/5628
f 4090/6076/5627 4046/6077/5628 4089/6078/5629
f 4089/6078/5629 4046/6077/5628 4047/6079/5630
f 4089/6078/5629 4047/6079/5630 4156/6080/5631
f 4156/6080/5631 4047/6079/5630 4153/6081/5632
f 4156/6080/5631 4153/6081/5632 4154/6066/5617
f 4154/6066/5617 4153/6081/5632 4158/6068/5619
f 4047/6079/5630 4048/6072/5623 4153/6081/5632
f 4153/6081/5632 4048/6072/5623 4157/6070/5621
f 4153/6081/5632 4157/6070/5621 4158/6068/5619
f 4088/6071/5622 4049/6073/5624 4087/6082/5633
f 4087/6082/5633 4049/6073/5624 4050/6083/5634
f 4087/6082/5633 4050/6083/5634 4163/6084/5635
f 4163/6084/5635 4050/6083/5634 4086/6085/5636
f 4163/6084/5635 4086/6085/5636 4161/6086/5637
f 4161/6086/5637 4086/6085/5636 4025/5977/5530
f 4161/6086/5637 4025/5977/5530 4024/5975/5528
f 4050/6083/5634 4027/5980/5533 4086/6085/5636
f 4086/6085/5636 4027/5980/5533 4026/5979/5532
f 4086/6085/5636 4026/5979/5532 4025/5977/5530
f 4024/5975/5528 4051/6087/5638 4161/6086/5637
f 4161/6086/5637 4051/6087/5638 4162/6088/5639
f 4161/6086/5637 4162/6088/5639 4163/6084/5635
f 4163/6084/5635 4162/6088/5639 4087/6082/5633
f 4051/6087/5638 4052/6089/5640 4162/6088/5639
f 4162/6088/5639 4052/6089/5640 4159/6090/5641
f 4162/6088/5639 4159/6090/5641 4087/6082/5633
f 4087/6082/5633 4159/6090/5641 4088/6071/5622
f 4052/6089/5640 4053/6091/5642 4159/6090/5641
f 4159/6090/5641 4053/6091/5642 4160/6069/5620
f 4159/6090/5641 4160/6069/5620 4088/6071/5622
f 4053/6091/5642 4054/6067/5618 4160/6069/5620
f 4058/6059/5610 4059/6092/5643 4146/6057/5608
f 4146/6057/5608 4059/6092/5643 4147/6093/5644
f 4146/6057/5608 4147/6093/5644 4148/6055/5606
f 4148/6055/5606 4147/6093/5644 4091/6053/5604
f 4059/6092/5643 4060/6094/5645 4147/6093/5644
f 4147/6093/5644 4060/6094/5645 4143/6095/5646
f 4147/6093/5644 4143/6095/5646 4091/6053/5604
f 4091/6053/5604 4143/6095/5646 4092/6032/5583
f 4060/6094/5645 4061/6096/5647 4143/6095/5646
f 4143/6095/5646 4061/6096/5647 4144/6030/5581
f 4143/6095/5646 4144/6030/5581 4092/6032/5583
f 4061/6096/5647 4062/6028/5579 4144/6030/5581
f 4066/6020/5571 4067/6097/5648 4130/6018/5569
f 4130/6018/5569 4067/6097/5648 4131/6098/5649
f 4130/6018/5569 4131/6098/5649 4132/6016/5567
f 4132/6016/5567 4131/6098/5649 4095/6014/5565
f 4067/6097/5648 4068/6099/5650 4131/6098/5649
f 4131/6098/5649 4068/6099/5650 4128/6100/5651
f 4131/6098/5649 4128/6100/5651 4095/6014/5565
f 4095/6014/5565 4128/6100/5651 4096/6012/5563
f 4068/6099/5650 4069/6101/5652 4128/6100/5651
f 4128/6100/5651 4069/6101/5652 4125/6102/5653
f 4128/6100/5651 4125/6102/5653 4096/6012/5563
f 4096/6012/5563 4125/6102/5653 4126/6103/5654
f 4096/6012/5563 4126/6103/5654 4127/6010/5561
f 4127/6010/5561 4126/6103/5654 4122/6008/5559
f 4069/6101/5652 4070/6104/5655 4125/6102/5653
f 4125/6102/5653 4070/6104/5655 4126/6103/5654
f 4126/6103/5654 4070/6104/5655 4122/6008/5559
f 4122/6008/5559 4070/6104/5655 4071/6105/5656
f 4122/6008/5559 4071/6105/5656 4123/6006/5557
f 4123/6006/5557 4071/6105/5656 4072/6106/5657
f 4123/6006/5557 4072/6106/5657 4120/6004/5555
f 4120/6004/5555 4072/6106/5657 4073/6107/5658
f 4120/6004/5555 4073/6107/5658 4117/6002/5553
f 4117/6002/5553 4073/6107/5658 4074/6000/5551
f 4077/5995/5546 4078/6108/5659 4109/5993/5544
f 4109/5993/5544 4078/6108/5659 4110/5991/5542
f 4110/5991/5542 4078/6108/5659 4106/5989/5540
f 4106/5989/5540 4078/6108/5659 4079/6109/5660
f 4106/5989/5540 4079/6109/5660 4107/6110/5661
f 4107/6110/5661 4079/6109/5660 4080/6111/5662
f 4107/6110/5661 4080/6111/5662 4103/6112/5663
f 4103/6112/5663 4080/6111/5662 4081/6113/5664
f 4103/6112/5663 4081/6113/5664 4104/6114/5665
f 4104/6114/5665 4081/6113/5664 4082/6115/5666
f 4104/6114/5665 4082/6115/5666 4085/6116/5529
f 4085/5976/5529 4082/6117/5666 4083/5974/5527
f 4104/6114/5665 4085/6116/5529 4084/5981/5531
f 4101/5985/5536 4103/6112/5663 4102/5983/5534
f 4102/5983/5534 4103/6112/5663 4104/6114/5665
f 4102/5983/5534 4104/6114/5665 4084/5981/5531
f 4103/6112/5663 4101/5985/5536 4107/6110/5661
f 4107/6110/5661 4101/5985/5536 4108/5987/5538
f 4107/6110/5661 4108/5987/5538 4106/5989/5540
f 4115/5997/5548 4112/5994/5545 4099/6037/5588
f 4099/6037/5588 4112/5994/5545 4100/5992/5543
f 4099/6037/5588 4116/6039/5590 4115/5997/5548
f 4115/5997/5548 4116/6039/5590 4114/5999/5550
f 4093/6049/5600 4135/6023/5574 4094/6047/5598
f 4094/6047/5598 4135/6023/5574 4136/6021/5572
f 4094/6047/5598 4136/6021/5572 4133/6046/5597
f 4135/6023/5574 4093/6049/5600 4139/6025/5576
f 4139/6025/5576 4093/6049/5600 4140/6051/5602
f 4139/6025/5576 4140/6051/5602 4138/6027/5578
f 4089/6078/5629 4151/6062/5613 4090/6076/5627
f 4090/6076/5627 4151/6062/5613 4152/6060/5611
f 4090/6076/5627 4152/6060/5611 4149/6075/5626
f 4151/6062/5613 4089/6078/5629 4155/6064/5615
f 4155/6064/5615 4089/6078/5629 4156/6080/5631
f 4155/6064/5615 4156/6080/5631 4154/6066/5617
f 4050/6118/5667 4192/6119/5668 4027/6120/5669
f 4027/6120/5669 4192/6119/5668 4188/6121/5670
f 4027/6120/5669 4188/6121/5670 4028/6122/5671
f 4028/6123/5671 4188/6124/5670 4280/6125/5672
f 4028/6123/5671 4280/6125/5672 4029/6126/5673
f 4029/6126/5673 4280/6125/5672 4276/6127/5674
f 4029/6126/5673 4276/6127/5674 4030/6128/5675
f 4030/6128/5675 4276/6127/5674 4272/6129/5676
f 4030/6128/5675 4272/6129/5676 4031/6130/5677
f 4031/6130/5677 4272/6129/5676 4268/6131/5678
f 4031/6130/5677 4268/6131/5678 4032/6132/5679
f 4032/6132/5679 4268/6131/5678 4264/6133/5680
f 4032/6132/5679 4264/6133/5680 4033/6134/5681
f 4033/6134/5681 4264/6133/5680 4260/6135/5682
f 4033/6134/5681 4260/6135/5682 4034/6136/5683
f 4034/6136/5683 4260/6135/5682 4256/6137/5684
f 4034/6136/5683 4256/6137/5684 4035/6138/5685
f 4035/6138/5685 4256/6137/5684 4252/6139/5686
f 4035/6138/5685 4252/6139/5686 4036/6140/5687
f 4036/6140/5687 4252/6139/5686 4248/6141/5688
f 4036/6140/5687 4248/6141/5688 4037/6142/5689
f 4037/6142/5689 4248/6141/5688 4244/6143/5690
f 4037/6142/5689 4244/6143/5690 4038/6144/5691
f 4038/6144/5691 4244/6143/5690 4240/6145/5692
f 4038/6144/5691 4240/6145/5692 4039/6146/5693
f 4039/6146/5693 4240/6145/5692 4236/6147/5694
f 4039/6146/5693 4236/6147/5694 4040/6148/5695
f 4040/6148/5695 4236/6147/5694 4232/6149/5696
f 4040/6148/5695 4232/6149/5696 4041/6150/5697
f 4041/6150/5697 4232/6149/5696 4228/6151/5698
f 4041/6150/5697 4228/6151/5698 4042/6152/5699
f 4042/6152/5699 4228/6151/5698 4224/6153/5700
f 4042/6152/5699 4224/6153/5700 4043/6154/5701
f 4043/6154/5701 4224/6153/5700 4220/6155/5702
f 4043/6154/5701 4220/6155/5702 4044/6156/5703
f 4044/6156/5703 4220/6155/5702 4216/6157/5704
f 4044/6156/5703 4216/6157/5704 4045/6158/5705
f 4045/6158/5705 4216/6157/5704 4212/6159/5706
f 4045/6158/5705 4212/6159/5706 4046/6160/5707
f 4046/6160/5707 4212/6159/5706 4208/6161/5708
f 4046/6160/5707 4208/6161/5708 4047/6162/5709
f 4047/6162/5709 4208/6161/5708 4204/6163/5710
f 4047/6162/5709 4204/6163/5710 4048/6164/5711
f 4048/6164/5711 4204/6163/5710 4200/6165/5712
f 4048/6164/5711 4200/6165/5712 4049/6166/5713
f 4049/6166/5713 4200/6165/5712 4196/6167/5714
f 4049/6166/5713 4196/6167/5714 4050/6118/5667
f 4050/6118/5667 4196/6167/5714 4192/6119/5668
f 4165/6168/5715 4283/6169/5716 4164/6170/5717
f 4164/6170/5717 4283/6169/5716 4191/6171/5718
f 4164/6172/5717 4191/6173/5718 4187/6174/5719
f 4187/6174/5719 4191/6173/5718 4195/6175/5720
f 4187/6174/5719 4195/6175/5720 4186/6176/5721
f 4186/6176/5721 4195/6175/5720 4199/6177/5722
f 4186/6176/5721 4199/6177/5722 4185/6178/5723
f 4185/6178/5723 4199/6177/5722 4203/6179/5724
f 4185/6178/5723 4203/6179/5724 4184/6180/5725
f 4184/6180/5725 4203/6179/5724 4207/6181/5726
f 4184/6180/5725 4207/6181/5726 4183/6182/5727
f 4183/6182/5727 4207/6181/5726 4211/6183/5728
f 4183/6182/5727 4211/6183/5728 4182/6184/5729
f 4182/6184/5729 4211/6183/5728 4215/6185/5730
f 4182/6184/5729 4215/6185/5730 4181/6186/5731
f 4181/6186/5731 4215/6185/5730 4219/6187/5732
f 4181/6186/5731 4219/6187/5732 4180/6188/5733
f 4180/6188/5733 4219/6187/5732 4223/6189/5734
f 4180/6188/5733 4223/6189/5734 4179/6190/5735
f 4179/6190/5735 4223/6189/5734 4227/6191/5736
f 4179/6190/5735 4227/6191/5736 4178/6192/5737
f 4178/6192/5737 4227/6191/5736 4231/6193/5738
f 4178/6192/5737 4231/6193/5738 4177/6194/5739
f 4177/6194/5739 4231/6193/5738 4235/6195/5740
f 4177/6194/5739 4235/6195/5740 4176/6196/5741
f 4176/6196/5741 4235/6195/5740 4239/6197/5742
f 4176/6196/5741 4239/6197/5742 4175/6198/5743
f 4175/6198/5743 4239/6197/5742 4243/6199/5744
f 4175/6198/5743 4243/6199/5744 4174/6200/5745
f 4174/6200/5745 4243/6199/5744 4247/6201/5746
f 4174/6200/5745 4247/6201/5746 4173/6202/5747
f 4173/6202/5747 4247/6201/5746 4251/6203/5748
f 4173/6202/5747 4251/6203/5748 4172/6204/5749
f 4172/6204/5749 4251/6203/5748 4255/6205/5750
f 4172/6204/5749 4255/6205/5750 4171/6206/5751
f 4171/6206/5751 4255/6205/5750 4259/6207/5752
f 4171/6206/5751 4259/6207/5752 4170/6208/5753
f 4170/6208/5753 4259/6207/5752 4263/6209/5754
f 4170/6208/5753 4263/6209/5754 4169/6210/5755
f 4169/6210/5755 4263/6209/5754 4267/6211/5756
f 4169/6210/5755 4267/6211/5756 4168/6212/5757
f 4168/6212/5757 4267/6211/5756 4271/6213/5758
f 4168/6212/5757 4271/6213/5758 4167/6214/5759
f 4167/6214/5759 4271/6213/5758 4275/6215/5760
f 4167/6214/5759 4275/6215/5760 4166/6216/5761
f 4166/6216/5761 4275/6215/5760 4279/6217/5762
f 4166/6216/5761 4279/6217/5762 4165/6168/5715
f 4165/6168/5715 4279/6217/5762 4283/6169/5716
f 4188/6124/5670 4189/6218/5763 4280/6125/5672
f 4280/6125/5672 4189/6218/5763 4281/6219/5764
f 4280/6125/5672 4281/6219/5764 4276/6127/5674
f 4276/6127/5674 4281/6219/5764 4277/6220/5765
f 4276/6127/5674 4277/6220/5765 4272/6129/5676
f 4272/6129/5676 4277/6220/5765 4273/6221/5766
f 4272/6129/5676 4273/6221/5766 4268/6131/5678
f 4268/6131/5678 4273/6221/5766 4269/6222/5767
f 4268/6131/5678 4269/6222/5767 4264/6133/5680
f 4264/6133/5680 4269/6222/5767 4265/6223/5768
f 4264/6133/5680 4265/6223/5768 4260/6135/5682
f 4260/6135/5682 4265/6223/5768 4261/6224/5769
f 4260/6135/5682 4261/6224/5769 4256/6137/5684
f 4256/6137/5684 4261/6224/5769 4257/6225/5770
f 4256/6137/5684 4257/6225/5770 4252/6139/5686
f 4252/6139/5686 4257/6225/5770 4253/6226/5771
f 4252/6139/5686 4253/6226/5771 4248/6141/5688
f 4248/6141/5688 4253/6226/5771 4249/6227/5772
f 4248/6141/5688 4249/6227/5772 4244/6143/5690
f 4244/6143/5690 4249/6227/5772 4245/6228/5773
f 4244/6143/5690 4245/6228/5773 4240/6145/5692
f 4240/6145/5692 4245/6228/5773 4241/6229/5774
f 4240/6145/5692 4241/6229/5774 4236/6147/5694
f 4236/6147/5694 4241/6229/5774 4237/6230/5775
f 4236/6147/5694 4237/6230/5775 4232/6149/5696
f 4232/6149/5696 4237/6230/5775 4233/6231/5776
f 4232/6149/5696 4233/6231/5776 4228/6151/5698
f 4228/6151/5698 4233/6231/5776 4229/6232/5777
f 4228/6151/5698 4229/6232/5777 4224/6153/5700
f 4224/6153/5700 4229/6232/5777 4225/6233/5778
f 4224/6153/5700 4225/6233/5778 4220/6155/5702
f 4220/6155/5702 4225/6233/5778 4221/6234/5779
f 4220/6155/5702 4221/6234/5779 4216/6157/5704
f 4216/6157/5704 4221/6234/5779 4217/6235/5780
f 4216/6157/5704 4217/6235/5780 4212/6159/5706
f 4212/6159/5706 4217/6235/5780 4213/6236/5781
f 4212/6159/5706 4213/6236/5781 4208/6161/5708
f 4208/6161/5708 4213/6236/5781 4209/6237/5782
f 4208/6161/5708 4209/6237/5782 4204/6163/5710
f 4204/6163/5710 4209/6237/5782 4205/6238/5783
f 4204/6163/5710 4205/6238/5783 4200/6165/5712
f 4200/6165/5712 4205/6238/5783 4201/6239/5784
f 4200/6165/5712 4201/6239/5784 4196/6167/5714
f 4196/6167/5714 4201/6239/5784 4197/6240/5785
f 4196/6167/5714 4197/6240/5785 4192/6119/5668
f 4192/6119/5668 4197/6240/5785 4193/6241/5786
f 4192/6119/5668 4193/6241/5786 4188/6121/5670
f 4188/6121/5670 4193/6241/5786 4189/6242/5763
f 4189/6218/5763 4190/6243/5787 4281/6219/5764
f 4281/6219/5764 4190/6243/5787 4282/6244/5788
f 4281/6219/5764 4282/6244/5788 4277/6220/5765
f 4277/6220/5765 4282/6244/5788 4278/6245/5789
f 4277/6220/5765 4278/6245/5789 4273/6221/5766
f 4273/6221/5766 4278/6245/5789 4274/6246/5790
f 4273/6221/5766 4274/6246/5790 4269/6222/5767
f 4269/6222/5767 4274/6246/5790 4270/6247/5791
f 4269/6222/5767 4270/6247/5791 4265/6223/5768
f 4265/6223/5768 4270/6247/5791 4266/6248/5792
f 4265/6223/5768 4266/6248/5792 4261/6224/5769
f 4261/6224/5769 4266/6248/5792 4262/6249/5793
f 4261/6224/5769 4262/6249/5793 4257/6225/5770
f 4257/6225/5770 4262/6249/5793 4258/6250/5794
f 4257/6225/5770 4258/6250/5794 4253/6226/5771
f 4253/6226/5771 4258/6250/5794 4254/6251/5795
f 4253/6226/5771 4254/6251/5795 4249/6227/5772
f 4249/6227/5772 4254/6251/5795 4250/6252/5796
f 4249/6227/5772 4250/6252/5796 4245/6228/5773
f 4245/6228/5773 4250/6252/5796 4246/6253/5797
f 4245/6228/5773 4246/6253/5797 4241/6229/5774
f 4241/6229/5774 4246/6253/5797 4242/6254/5798
f 4241/6229/5774 4242/6254/5798 4237/6230/5775
f 4237/6230/5775 4242/6254/5798 4238/6255/5799
f 4237/6230/5775 4238/6255/5799 4233/6231/5776
f 4233/6231/5776 4238/6255/5799 4234/6256/5800
f 4233/6231/5776 4234/6256/5800 4229/6232/5777
f 4229/6232/5777 4234/6256/5800 4230/6257/5801
f 4229/6232/5777 4230/6257/5801 4225/6233/5778
f 4225/6233/5778 4230/6257/5801 4226/6258/5802
f 4225/6233/5778 4226/6258/5802 4221/6234/5779
f 4221/6234/5779 4226/6258/5802 4222/6259/5803
f 4221/6234/5779 4222/6259/5803 4217/6235/5780
f 4217/6235/5780 4222/6259/5803 4218/6260/5804
f 4217/6235/5780 4218/6260/5804 4213/6236/5781
f 4213/6236/5781 4218/6260/5804 4214/6261/5805
f 4213/6236/5781 4214/6261/5805 4209/6237/5782
f 4209/6237/5782 4214/6261/5805 4210/6262/5806
f 4209/6237/5782 4210/6262/5806 4205/6238/5783
f 4205/6238/5783 4210/6262/5806 4206/6263/5807
f 4205/6238/5783 4206/6263/5807 4201/6239/5784
f 4201/6239/5784 4206/6263/5807 4202/6264/5808
f 4201/6239/5784 4202/6264/5808 4197/6240/5785
f 4197/6240/5785 4202/6264/5808 4198/6265/5809
f 4197/6240/5785 4198/6265/5809 4193/6241/5786
f 4193/6241/5786 4198/6265/5809 4194/6266/5810
f 4193/6241/5786 4194/6266/5810 4189/6242/5763
f 4189/6242/5763 4194/6266/5810 4190/6267/5787
f 4190/6243/5787 4191/6171/5718 4282/6244/5788
f 4282/6244/5788 4191/6171/5718 4283/6169/5716
f 4282/6244/5788 4283/6169/5716 4278/6245/5789
f 4278/6245/5789 4283/6169/5716 4279/6217/5762
f 4278/6245/5789 4279/6217/5762 4274/6246/5790
f 4274/6246/5790 4279/6217/5762 4275/6215/5760
f 4274/6246/5790 4275/6215/5760 4270/6247/5791
f 4270/6247/5791 4275/6215/5760 4271/6213/5758
f 4270/6247/5791 4271/6213/5758 4266/6248/5792
f 4266/6248/5792 4271/6213/5758 4267/6211/5756
f 4266/6248/5792 4267/6211/5756 4262/6249/5793
f 4262/6249/5793 4267/6211/5756 4263/6209/5754
f 4262/6249/5793 4263/6209/5754 4258/6250/5794
f 4258/6250/5794 4263/6209/5754 4259/6207/5752
f 4258/6250/5794 4259/6207/5752 4254/6251/5795
f 4254/6251/5795 4259/6207/5752 4255/6205/5750
f 4254/6251/5795 4255/6205/5750 4250/6252/5796
f 4250/6252/5796 4255/6205/5750 4251/6203/5748
f 4250/6252/5796 4251/6203/5748 4246/6253/5797
f 4246/6253/5797 4251/6203/5748 4247/6201/5746
f 4246/6253/5797 4247/6201/5746 4242/6254/5798
f 4242/6254/5798 4247/6201/5746 4243/6199/5744
f 4242/6254/5798 4243/6199/5744 4238/6255/5799
f 4238/6255/5799 4243/6199/5744 4239/6197/5742
f 4238/6255/5799 4239/6197/5742 4234/6256/5800
f 4234/6256/5800 4239/6197/5742 4235/6195/5740
f 4234/6256/5800 4235/6195/5740 4230/6257/5801
f 4230/6257/5801 4235/6195/5740 4231/6193/5738
f 4230/6257/5801 4231/6193/5738 4226/6258/5802
f 4226/6258/5802 4231/6193/5738 4227/6191/5736
f 4226/6258/5802 4227/6191/5736 4222/6259/5803
f 4222/6259/5803 4227/6191/5736 4223/6189/5734
f 4222/6259/5803 4223/6189/5734 4218/6260/5804
f 4218/6260/5804 4223/6189/5734 4219/6187/5732
f 4218/6260/5804 4219/6187/5732 4214/6261/5805
f 4214/6261/5805 4219/6187/5732 4215/6185/5730
f 4214/6261/5805 4215/6185/5730 4210/6262/5806
f 4210/6262/5806 4215/6185/5730 4211/6183/5728
f 4210/6262/5806 4211/6183/5728 4206/6263/5807
f 4206/6263/5807 4211/6183/5728 4207/6181/5726
f 4206/6263/5807 4207/6181/5726 4202/6264/5808
f 4202/6264/5808 4207/6181/5726 4203/6179/5724
f 4202/6264/5808 4203/6179/5724 4198/6265/5809
f 4198/6265/5809 4203/6179/5724 4199/6177/5722
f 4198/6265/5809 4199/6177/5722 4194/6266/5810
f 4194/6266/5810 4199/6177/5722 4195/6175/5720
f 4194/6266/5810 4195/6175/5720 4190/6267/5787
f 4190/6267/5787 4195/6175/5720 4191/6173/5718
f 919/6268/5811 918/6269/5812 1054/6270/5813
f 1054/6270/5813 918/6269/5812 1106/6271/5814
f 1054/6270/5813 1106/6271/5814 1105/6272/5815
f 918/6269/5812 917/6273/5816 1106/6271/5814
f 1106/6271/5814 917/6273/5816 916/6274/5817
f 1106/6271/5814 916/6274/5817 1107/6275/5818
f 1107/6275/5818 916/6274/5817 915/6276/5819
f 1107/6275/5818 915/6276/5819 914/6277/5820
f 914/6277/5820 913/6278/5821 1107/6275/5818
f 1107/6275/5818 913/6278/5821 912/6279/5822
f 1107/6275/5818 912/6279/5822 1108/6280/5823
f 1108/6280/5823 912/6279/5822 911/6281/5824
f 1108/6280/5823 911/6281/5824 910/6282/5825
f 1108/6280/5823 910/6282/5825 1109/6283/5826
f 1109/6283/5826 910/6282/5825 909/6284/5827
f 1109/6283/5826 909/6284/5827 908/6285/5828
f 908/6285/5828 907/6286/5829 1109/6283/5826
f 1109/6283/5826 907/6286/5829 1110/6287/5830
f 1110/6287/5830 907/6286/5829 906/6288/5831
f 1110/6287/5830 906/6288/5831 905/6289/5832
f 1110/6287/5830 905/6289/5832 1111/6290/5833
f 1111/6290/5833 905/6289/5832 904/6291/5834
f 1111/6290/5833 904/6291/5834 903/6292/5835
f 903/6292/5835 902/6293/5836 1111/6290/5833
f 1111/6290/5833 902/6293/5836 1112/6294/5837
f 1112/6294/5837 902/6293/5836 901/6295/5838
f 1112/6294/5837 901/6295/5838 900/6296/5839
f 900/6296/5839 899/6297/5840 1112/6294/5837
f 1112/6294/5837 899/6297/5840 898/6298/5841
f 1112/6294/5837 898/6298/5841 1071/6299/5842
f 1071/6299/5842 898/6298/5841 897/6300/5843
f 1071/6299/5842 897/6300/5843 896/6301/5844
f 1112/6294/5837 1071/6299/5842 1113/6302/5845
f 1113/6302/5845 1071/6299/5842 1070/6303/5846
f 1113/6302/5845 1070/6303/5846 1114/6304/5847
f 1114/6304/5847 1070/6303/5846 1069/6305/5848
f 1114/6304/5847 1069/6305/5848 1115/6306/5849
f 1115/6307/5849 1069/6308/5848 1068/6309/5850
f 1115/6307/5849 1068/6309/5850 1116/6310/5851
f 1116/6310/5851 1068/6309/5850 1067/6311/5852
f 1116/6310/5851 1067/6311/5852 1117/6312/5853
f 1117/6312/5853 1067/6311/5852 1066/6313/5854
f 1117/6312/5853 1066/6313/5854 1118/6314/5855
f 1118/6314/5855 1066/6313/5854 1065/6315/5856
f 1118/6314/5855 1065/6315/5856 1119/6316/5857
f 1119/6316/5857 1065/6315/5856 1064/6317/5858
f 1119/6316/5857 1064/6317/5858 1096/6318/5859
f 1096/6318/5859 1064/6317/5858 1063/6319/5860
f 1096/6318/5859 1063/6319/5860 1097/6320/5861
f 1097/6320/5861 1063/6319/5860 1062/6321/5862
f 1097/6320/5861 1062/6321/5862 1098/6322/5863
f 1098/6322/5863 1062/6321/5862 1061/6323/5864
f 1098/6322/5863 1061/6323/5864 1099/6324/5865
f 1099/6324/5865 1061/6323/5864 1060/6325/5866
f 1099/6324/5865 1060/6325/5866 1100/6326/5867
f 1100/6326/5867 1060/6325/5866 1059/6327/5868
f 1100/6326/5867 1059/6327/5868 1101/6328/5869
f 1101/6328/5869 1059/6327/5868 1058/6329/5870
f 1101/6328/5869 1058/6329/5870 1102/6330/5871
f 1102/6330/5871 1058/6329/5870 1057/6331/5872
f 1102/6330/5871 1057/6331/5872 1103/6332/5873
f 1103/6332/5873 1057/6331/5872 1056/6333/5874
f 1103/6332/5873 1056/6333/5874 1104/6334/5875
f 1104/6334/5875 1056/6333/5874 1055/6335/5876
f 1104/6334/5875 1055/6335/5876 1105/6272/5815
f 1105/6272/5815 1055/6335/5876 1054/6270/5813
f 1095/6336/5877 4177/6337/5878 1072/6338/5879
f 1072/6338/5879 4177/6337/5878 4176/6339/5880
f 1072/6340/5879 4176/6341/5880 1073/6342/5881
f 1073/6342/5881 4176/6341/5880 4175/6343/5882
f 1073/6342/5881 4175/6343/5882 1074/6344/5883
f 1074/6344/5883 4175/6343/5882 4174/6345/5884
f 1074/6344/5883 4174/6345/5884 1075/6346/5885
f 1075/6346/5885 4174/6345/5884 4173/6347/5886
f 1075/6346/5885 4173/6347/5886 1076/6348/5887
f 1076/6348/5887 4173/6347/5886 4172/6349/5888
f 1076/6348/5887 4172/6349/5888 1077/6350/5889
f 1077/6350/5889 4172/6349/5888 4171/6351/5890
f 1077/6350/5889 4171/6351/5890 1078/6352/5891
f 1078/6352/5891 4171/6351/5890 4170/6353/5892
f 1078/6352/5891 4170/6353/5892 1079/6354/5893
f 1079/6354/5893 4170/6353/5892 4169/6355/5894
f 1079/6354/5893 4169/6355/5894 1080/6356/5895
f 1080/6356/5895 4169/6355/5894 4168/6357/5896
f 1080/6356/5895 4168/6357/5896 1081/6358/5897
f 1081/6358/5897 4168/6357/5896 4167/6359/5898
f 1081/6358/5897 4167/6359/5898 1082/6360/5899
f 1082/6360/5899 4167/6359/5898 4166/6361/5900
f 1082/6360/5899 4166/6361/5900 1083/6362/5901
f 1083/6362/5901 4166/6361/5900 4165/6363/5902
f 1083/6362/5901 4165/6363/5902 1084/6364/5903
f 1084/6364/5903 4165/6363/5902 4164/6365/5904
f 1084/6364/5903 4164/6365/5904 1085/6366/5905
f 1085/6366/5905 4164/6365/5904 4187/6367/5906
f 1085/6366/5905 4187/6367/5906 1086/6368/5907
f 1086/6368/5907 4187/6367/5906 4186/6369/5908
f 1086/6368/5907 4186/6369/5908 1087/6370/5909
f 1087/6370/5909 4186/6369/5908 4185/6371/5910
f 1087/6370/5909 4185/6371/5910 1088/6372/5911
f 1088/6372/5911 4185/6371/5910 4184/6373/5912
f 1088/6372/5911 4184/6373/5912 1089/6374/5913
f 1089/6374/5913 4184/6373/5912 4183/6375/5914
f 1089/6374/5913 4183/6375/5914 1090/6376/5915
f 1090/6376/5915 4183/6375/5914 4182/6377/5916
f 1090/6376/5915 4182/6377/5916 1091/6378/5917
f 1091/6378/5917 4182/6377/5916 4181/6379/5918
f 1091/6378/5917 4181/6379/5918 1092/6380/5919
f 1092/6380/5919 4181/6379/5918 4180/6381/5920
f 1092/6380/5919 4180/6381/5920 1093/6382/5921
f 1093/6382/5921 4180/6381/5920 4179/6383/5922
f 1093/6382/5921 4179/6383/5922 1094/6384/5923
f 1094/6384/5923 4179/6383/5922 4178/6385/5924
f 1094/6384/5923 4178/6385/5924 1095/6336/5877
f 1095/6336/5877 4178/6385/5924 4177/6337/5878
f 4285/6386/5925 4319/6387/5926 4284/6388/5927
f 4284/6388/5927 4319/6387/5926 4340/6389/5928
f 4284/6388/5927 4340/6389/5928 4307/6390/5929
f 4307/6390/5929 4340/6389/5928 4561/6391/5930
f 4307/6390/5929 4561/6391/5930 4306/6392/5931
f 4306/6392/5931 4561/6391/5930 4550/6393/5932
f 4306/6392/5931 4550/6393/5932 4305/6394/5933
f 4305/6394/5933 4550/6393/5932 4539/6395/5934
f 4305/6394/5933 4539/6395/5934 4304/6396/5935
f 4304/6396/5935 4539/6395/5934 4528/6397/5936
f 4304/6396/5935 4528/6397/5936 4303/6398/5937
f 4303/6398/5937 4528/6397/5936 4517/6399/5938
f 4303/6398/5937 4517/6399/5938 4302/6400/5939
f 4302/6400/5939 4517/6399/5938 4308/6401/5940
f 4302/6402/5939 4308/6403/5940 4301/6404/5941
f 4301/6404/5941 4308/6403/5940 4506/6405/5942
f 4301/6404/5941 4506/6405/5942 4300/6406/5943
f 4300/6406/5943 4506/6405/5942 4495/6407/5944
f 4300/6406/5943 4495/6407/5944 4299/6408/5945
f 4299/6408/5945 4495/6407/5944 4484/6409/5946
f 4299/6408/5945 4484/6409/5946 4298/6410/5947
f 4298/6410/5947 4484/6409/5946 4473/6411/5948
f 4298/6410/5947 4473/6411/5948 4297/6412/5949
f 4297/6412/5949 4473/6411/5948 4462/6413/5950
f 4297/6412/5949 4462/6413/5950 4296/6414/5951
f 4296/6414/5951 4462/6413/5950 4451/6415/5952
f 4296/6414/5951 4451/6415/5952 4295/6416/5953
f 4295/6416/5953 4451/6415/5952 4440/6417/5954
f 4295/6416/5953 4440/6417/5954 4294/6418/5955
f 4294/6418/5955 4440/6417/5954 4429/6419/5956
f 4294/6418/5955 4429/6419/5956 4293/6420/5957
f 4293/6420/5957 4429/6419/5956 4418/6421/5958
f 4293/6420/5957 4418/6421/5958 4292/6422/5959
f 4292/6422/5959 4418/6421/5958 4407/6423/5960
f 4292/6422/5959 4407/6423/5960 4291/6424/5961
f 4291/6424/5961 4407/6423/5960 4396/6425/5962
f 4291/6424/5961 4396/6425/5962 4290/6426/5963
f 4290/6426/5963 4396/6425/5962 4385/6427/5964
f 4290/6426/5963 4385/6427/5964 4289/6428/5965
f 4289/6428/5965 4385/6427/5964 4374/6429/5966
f 4289/6428/5965 4374/6429/5966 4288/6430/5967
f 4288/6430/5967 4374/6429/5966 4363/6431/5968
f 4288/6430/5967 4363/6431/5968 4287/6432/5969
f 4287/6432/5969 4363/6431/5968 4352/6433/5970
f 4287/6432/5969 4352/6433/5970 4286/6434/5971
f 4286/6434/5971 4352/6433/5970 4341/6435/5972
f 4286/6434/5971 4341/6435/5972 4285/6386/5925
f 4285/6386/5925 4341/6435/5972 4319/6387/5926
f 4083/6436/5973 4082/6437/5666 4461/6438/5974
f 4461/6438/5974 4082/6437/5666 4081/6439/5975
f 4461/6438/5974 4081/6439/5975 4450/6440/5976
f 4450/6440/5976 4081/6439/5975 4080/6441/5977
f 4450/6440/5976 4080/6441/5977 4439/6442/5978
f 4439/6442/5978 4080/6441/5977 4079/6443/5979
f 4439/6442/5978 4079/6443/5979 4428/6444/5980
f 4428/6444/5980 4079/6443/5979 4078/6445/5981
f 4428/6444/5980 4078/6445/5981 4077/6446/5982
f 4428/6444/5980 4077/6446/5982 4417/6447/5983
f 4417/6447/5983 4077/6446/5982 4076/6448/5984
f 4417/6447/5983 4076/6448/5984 4406/6449/5985
f 4406/6449/5985 4076/6448/5984 4075/6450/5986
f 4406/6449/5985 4075/6450/5986 4395/6451/5987
f 4395/6451/5987 4075/6450/5986 4074/6452/5988
f 4395/6451/5987 4074/6452/5988 4073/6453/5989
f 4395/6451/5987 4073/6453/5989 4384/6454/5990
f 4384/6454/5990 4073/6453/5989 4072/6455/5991
f 4384/6454/5990 4072/6455/5991 4373/6456/5992
f 4373/6456/5992 4072/6455/5991 4071/6457/5993
f 4373/6456/5992 4071/6457/5993 4362/6458/5994
f 4362/6458/5994 4071/6457/5993 4070/6459/5995
f 4362/6458/5994 4070/6459/5995 4069/6460/5996
f 4362/6458/5994 4069/6460/5996 4351/6461/5997
f 4351/6461/5997 4069/6460/5996 4068/6462/5998
f 4351/6461/5997 4068/6462/5998 4329/6463/5999
f 4329/6463/5999 4068/6462/5998 4067/6464/6000
f 4329/6463/5999 4067/6464/6000 4330/6465/6001
f 4330/6465/6001 4067/6464/6000 4066/6466/6002
f 4330/6465/6001 4066/6466/6002 4065/6467/6003
f 4330/6465/6001 4065/6467/6003 4571/6468/6004
f 4571/6468/6004 4065/6467/6003 4064/6469/6005
f 4571/6468/6004 4064/6469/6005 4560/6470/6006
f 4560/6470/6006 4064/6469/6005 4063/6471/6007
f 4560/6470/6006 4063/6471/6007 4549/6472/6008
f 4549/6472/6008 4063/6471/6007 4062/6473/6009
f 4549/6472/6008 4062/6473/6009 4061/6474/6010
f 4549/6472/6008 4061/6474/6010 4538/6475/6011
f 4538/6475/6011 4061/6474/6010 4060/6476/6012
f 4538/6475/6011 4060/6476/6012 4527/6477/6013
f 4527/6477/6013 4060/6476/6012 4059/6478/6014
f 4527/6477/6013 4059/6478/6014 4318/6479/6015
f 4318/6480/6015 4059/6481/6014 4058/6482/6016
f 4318/6480/6015 4058/6482/6016 4057/6483/6017
f 4318/6480/6015 4057/6483/6017 4516/6484/6018
f 4516/6484/6018 4057/6483/6017 4056/6485/6019
f 4516/6484/6018 4056/6485/6019 4505/6486/6020
f 4505/6486/6020 4056/6485/6019 4055/6487/6021
f 4505/6486/6020 4055/6487/6021 4494/6488/6022
f 4494/6488/6022 4055/6487/6021 4054/6489/6023
f 4494/6488/6022 4054/6489/6023 4053/6490/6024
f 4494/6488/6022 4053/6490/6024 4483/6491/6025
f 4483/6491/6025 4053/6490/6024 4052/6492/6026
f 4483/6491/6025 4052/6492/6026 4472/6493/6027
f 4472/6493/6027 4052/6492/6026 4051/6494/6028
f 4472/6493/6027 4051/6494/6028 4461/6438/5974
f 4461/6438/5974 4051/6494/6028 4024/6495/6029
f 4461/6438/5974 4024/6495/6029 4083/6436/5973
f 4308/6403/5940 4309/6496/6030 4506/6405/5942
f 4506/6405/5942 4309/6496/6030 4507/6497/6031
f 4506/6405/5942 4507/6497/6031 4495/6407/5944
f 4495/6407/5944 4507/6497/6031 4496/6498/6032
f 4495/6407/5944 4496/6498/6032 4484/6409/5946
f 4484/6409/5946 4496/6498/6032 4485/6499/6033
f 4484/6409/5946 4485/6499/6033 4473/6411/5948
f 4473/6411/5948 4485/6499/6033 4474/6500/6034
f 4473/6411/5948 4474/6500/6034 4462/6413/5950
f 4462/6413/5950 4474/6500/6034 4463/6501/6035
f 4462/6413/5950 4463/6501/6035 4451/6415/5952
f 4451/6415/5952 4463/6501/6035 4452/6502/6036
f 4451/6415/5952 4452/6502/6036 4440/6417/5954
f 4440/6417/5954 4452/6502/6036 4441/6503/6037
f 4440/6417/5954 4441/6503/6037 4429/6419/5956
f 4429/6419/5956 4441/6503/6037 4430/6504/6038
f 4429/6419/5956 4430/6504/6038 4418/6421/5958
f 4418/6421/5958 4430/6504/6038 4419/6505/6039
f 4418/6421/5958 4419/6505/6039 4407/6423/5960
f 4407/6423/5960 4419/6505/6039 4408/6506/6040
f 4407/6423/5960 4408/6506/6040 4396/6425/5962
f 4396/6425/5962 4408/6506/6040 4397/6507/6041
f 4396/6425/5962 4397/6507/6041 4385/6427/5964
f 4385/6427/5964 4397/6507/6041 4386/6508/6042
f 4385/6427/5964 4386/6508/6042 4374/6429/5966
f 4374/6429/5966 4386/6508/6042 4375/6509/6043
f 4374/6429/5966 4375/6509/6043 4363/6431/5968
f 4363/6431/5968 4375/6509/6043 4364/6510/6044
f 4363/6431/5968 4364/6510/6044 4352/6433/5970
f 4352/6433/5970 4364/6510/6044 4353/6511/6045
f 4352/6433/5970 4353/6511/6045 4341/6435/5972
f 4341/6435/5972 4353/6511/6045 4342/6512/6046
f 4341/6435/5972 4342/6512/6046 4319/6387/5926
f 4319/6387/5926 4342/6512/6046 4320/6513/6047
f 4319/6387/5926 4320/6513/6047 4340/6389/5928
f 4340/6389/5928 4320/6513/6047 4339/6514/6048
f 4340/6389/5928 4339/6514/6048 4561/6391/5930
f 4561/6391/5930 4339/6514/6048 4562/6515/6049
f 4561/6391/5930 4562/6515/6049 4550/6393/5932
f 4550/6393/5932 4562/6515/6049 4551/6516/6050
f 4550/6393/5932 4551/6516/6050 4539/6395/5934
f 4539/6395/5934 4551/6516/6050 4540/6517/6051
f 4539/6395/5934 4540/6517/6051 4528/6397/5936
f 4528/6397/5936 4540/6517/6051 4529/6518/6052
f 4528/6397/5936 4529/6518/6052 4517/6399/5938
f 4517/6399/5938 4529/6518/6052 4518/6519/6053
f 4517/6399/5938 4518/6519/6053 4308/6401/5940
f 4308/6401/5940 4518/6519/6053 4309/6520/6030
f 4309/6496/6030 4310/6521/6054 4507/6497/6031
f 4507/6497/6031 4310/6521/6054 4508/6522/6055
f 4507/6497/6031 4508/6522/6055 4496/6498/6032
f 4496/6498/6032 4508/6522/6055 4497/6523/6056
f 4496/6498/6032 4497/6523/6056 4485/6499/6033
f 4485/6499/6033 4497/6523/6056 4486/6524/6057
f 4485/6499/6033 4486/6524/6057 4474/6500/6034
f 4474/6500/6034 4486/6524/6057 4475/6525/6058
f 4474/6500/6034 4475/6525/6058 4463/6501/6035
f 4463/6501/6035 4475/6525/6058 4464/6526/6059
f 4463/6501/6035 4464/6526/6059 4452/6502/6036
f 4452/6502/6036 4464/6526/6059 4453/6527/6060
f 4452/6502/6036 4453/6527/6060 4441/6503/6037
f 4441/6503/6037 4453/6527/6060 4442/6528/6061
f 4441/6503/6037 4442/6528/6061 4430/6504/6038
f 4430/6504/6038 4442/6528/6061 4431/6529/6062
f 4430/6504/6038 4431/6529/6062 4419/6505/6039
f 4419/6505/6039 4431/6529/6062 4420/6530/6063
f 4419/6505/6039 4420/6530/6063 4408/6506/6040
f 4408/6506/6040 4420/6530/6063 4409/6531/6064
f 4408/6506/6040 4409/6531/6064 4397/6507/6041
f 4397/6507/6041 4409/6531/6064 4398/6532/6065
f 4397/6507/6041 4398/6532/6065 4386/6508/6042
f 4386/6508/6042 4398/6532/6065 4387/6533/6066
f 4386/6508/6042 4387/6533/6066 4375/6509/6043
f 4375/6509/6043 4387/6533/6066 4376/6534/6067
f 4375/6509/6043 4376/6534/6067 4364/6510/6044
f 4364/6510/6044 4376/6534/6067 4365/6535/6068
f 4364/6510/6044 4365/6535/6068 4353/6511/6045
f 4353/6511/6045 4365/6535/6068 4354/6536/6069
f 4353/6511/6045 4354/6536/6069 4342/6512/6046
f 4342/6512/6046 4354/6536/6069 4343/6537/6070
f 4342/6512/6046 4343/6537/6070 4320/6513/6047
f 4320/6513/6047 4343/6537/6070 4321/6538/6071
f 4320/6513/6047 4321/6538/6071 4339/6514/6048
f 4339/6514/6048 4321/6538/6071 4338/6539/6072
f 4339/6514/6048 4338/6539/6072 4562/6515/6049
f 4562/6515/6049 4338/6539/6072 4563/6540/6073
f 4562/6515/6049 4563/6540/6073 4551/6516/6050
f 4551/6516/6050 4563/6540/6073 4552/6541/6074
f 4551/6516/6050 4552/6541/6074 4540/6517/6051
f 4540/6517/6051 4552/6541/6074 4541/6542/6075
f 4540/6517/6051 4541/6542/6075 4529/6518/6052
f 4529/6518/6052 4541/6542/6075 4530/6543/6076
f 4529/6518/6052 4530/6543/6076 4518/6519/6053
f 4518/6519/6053 4530/6543/6076 4519/6544/6077
f 4518/6519/6053 4519/6544/6077 4309/6520/6030
f 4309/6520/6030 4519/6544/6077 4310/6545/6054
f 4310/6521/6054 4311/6546/6078 4508/6522/6055
f 4508/6522/6055 4311/6546/6078 4509/6547/6079
f 4508/6522/6055 4509/6547/6079 4497/6523/6056
f 4497/6523/6056 4509/6547/6079 4498/6548/6080
f 4497/6523/6056 4498/6548/6080 4486/6524/6057
f 4486/6524/6057 4498/6548/6080 4487/6549/6081
f 4486/6524/6057 4487/6549/6081 4475/6525/6058
f 4475/6525/6058 4487/6549/6081 4476/6550/6082
f 4475/6525/6058 4476/6550/6082 4464/6526/6059
f 4464/6526/6059 4476/6550/6082 4465/6551/6083
f 4464/6526/6059 4465/6551/6083 4453/6527/6060
f 4453/6527/6060 4465/6551/6083 4454/6552/6084
f 4453/6527/6060 4454/6552/6084 4442/6528/6061
f 4442/6528/6061 4454/6552/6084 4443/6553/6085
f 4442/6528/6061 4443/6553/6085 4431/6529/6062
f 4431/6529/6062 4443/6553/6085 4432/6554/6086
f 4431/6529/6062 4432/6554/6086 4420/6530/6063
f 4420/6530/6063 4432/6554/6086 4421/6555/6087
f 4420/6530/6063 4421/6555/6087 4409/6531/6064
f 4409/6531/6064 4421/6555/6087 4410/6556/6088
f 4409/6531/6064 4410/6556/6088 4398/6532/6065
f 4398/6532/6065 4410/6556/6088 4399/6557/6089
f 4398/6532/6065 4399/6557/6089 4387/6533/6066
f 4387/6533/6066 4399/6557/6089 4388/6558/6090
f 4387/6533/6066 4388/6558/6090 4376/6534/6067
f 4376/6534/6067 4388/6558/6090 4377/6559/6091
f 4376/6534/6067 4377/6559/6091 4365/6535/6068
f 4365/6535/6068 4377/6559/6091 4366/6560/6092
f 4365/6535/6068 4366/6560/6092 4354/6536/6069
f 4354/6536/6069 4366/6560/6092 4355/6561/6093
f 4354/6536/6069 4355/6561/6093 4343/6537/6070
f 4343/6537/6070 4355/6561/6093 4344/6562/6094
f 4343/6537/6070 4344/6562/6094 4321/6538/6071
f 4321/6538/6071 4344/6562/6094 4322/6563/6095
f 4321/6538/6071 4322/6563/6095 4338/6539/6072
f 4338/6539/6072 4322/6563/6095 4337/6564/6096
f 4338/6539/6072 4337/6564/6096 4563/6540/6073
f 4563/6540/6073 4337/6564/6096 4564/6565/6097
f 4563/6540/6073 4564/6565/6097 4552/6541/6074
f 4552/6541/6074 4564/6565/6097 4553/6566/6098
f 4552/6541/6074 4553/6566/6098 4541/6542/6075
f 4541/6542/6075 4553/6566/6098 4542/6567/6099
f 4541/6542/6075 4542/6567/6099 4530/6543/6076
f 4530/6543/6076 4542/6567/6099 4531/6568/6100
f 4530/6543/6076 4531/6568/6100 4519/6544/6077
f 4519/6544/6077 4531/6568/6100 4520/6569/6101
f 4519/6544/6077 4520/6569/6101 4310/6545/6054
f 4310/6545/6054 4520/6569/6101 4311/6570/6078
f 4311/6546/6078 4312/6571/6102 4509/6547/6079
f 4509/6547/6079 4312/6571/6102 4510/6572/6103
f 4509/6547/6079 4510/6572/6103 4498/6548/6080
f 4498/6548/6080 4510/6572/6103 4499/6573/6104
f 4498/6548/6080 4499/6573/6104 4487/6549/6081
f 4487/6549/6081 4499/6573/6104 4488/6574/6105
f 4487/6549/6081 4488/6574/6105 4476/6550/6082
f 4476/6550/6082 4488/6574/6105 4477/6575/6106
f 4476/6550/6082 4477/6575/6106 4465/6551/6083
f 4465/6551/6083 4477/6575/6106 4466/6576/6107
f 4465/6551/6083 4466/6576/6107 4454/6552/6084
f 4454/6552/6084 4466/6576/6107 4455/6577/6108
f 4454/6552/6084 4455/6577/6108 4443/6553/6085
f 4443/6553/6085 4455/6577/6108 4444/6578/6109
f 4443/6553/6085 4444/6578/6109 4432/6554/6086
f 4432/6554/6086 4444/6578/6109 4433/6579/6110
f 4432/6554/6086 4433/6579/6110 4421/6555/6087
f 4421/6555/6087 4433/6579/6110 4422/6580/6111
f 4421/6555/6087 4422/6580/6111 4410/6556/6088
f 4410/6556/6088 4422/6580/6111 4411/6581/6112
f 4410/6556/6088 4411/6581/6112 4399/6557/6089
f 4399/6557/6089 4411/6581/6112 4400/6582/6113
f 4399/6557/6089 4400/6582/6113 4388/6558/6090
f 4388/6558/6090 4400/6582/6113 4389/6583/6114
f 4388/6558/6090 4389/6583/6114 4377/6559/6091
f 4377/6559/6091 4389/6583/6114 4378/6584/6115
f 4377/6559/6091 4378/6584/6115 4366/6560/6092
f 4366/6560/6092 4378/6584/6115 4367/6585/6116
f 4366/6560/6092 4367/6585/6116 4355/6561/6093
f 4355/6561/6093 4367/6585/6116 4356/6586/6117
f 4355/6561/6093 4356/6586/6117 4344/6562/6094
f 4344/6562/6094 4356/6586/6117 4345/6587/6118
f 4344/6562/6094 4345/6587/6118 4322/6563/6095
f 4322/6563/6095 4345/6587/6118 4323/6588/6119
f 4322/6563/6095 4323/6588/6119 4337/6564/6096
f 4337/6564/6096 4323/6588/6119 4336/6589/6120
f 4337/6564/6096 4336/6589/6120 4564/6565/6097
f 4564/6565/6097 4336/6589/6120 4565/6590/6121
f 4564/6565/6097 4565/6590/6121 4553/6566/6098
f 4553/6566/6098 4565/6590/6121 4554/6591/6122
f 4553/6566/6098 4554/6591/6122 4542/6567/6099
f 4542/6567/6099 4554/6591/6122 4543/6592/6123
f 4542/6567/6099 4543/6592/6123 4531/6568/6100
f 4531/6568/6100 4543/6592/6123 4532/6593/6124
f 4531/6568/6100 4532/6593/6124 4520/6569/6101
f 4520/6569/6101 4532/6593/6124 4521/6594/6125
f 4520/6569/6101 4521/6594/6125 4311/6570/6078
f 4311/6570/6078 4521/6594/6125 4312/6595/6102
f 4312/6571/6102 4313/6596/6126 4510/6572/6103
f 4510/6572/6103 4313/6596/6126 4511/6597/6127
f 4510/6572/6103 4511/6597/6127 4499/6573/6104
f 4499/6573/6104 4511/6597/6127 4500/6598/6128
f 4499/6573/6104 4500/6598/6128 4488/6574/6105
f 4488/6574/6105 4500/6598/6128 4489/6599/6129
f 4488/6574/6105 4489/6599/6129 4477/6575/6106
f 4477/6575/6106 4489/6599/6129 4478/6600/6130
f 4477/6575/6106 4478/6600/6130 4466/6576/6107
f 4466/6576/6107 4478/6600/6130 4467/6601/6131
f 4466/6576/6107 4467/6601/6131 4455/6577/6108
f 4455/6577/6108 4467/6601/6131 4456/6602/6132
f 4455/6577/6108 4456/6602/6132 4444/6578/6109
f 4444/6578/6109 4456/6602/6132 4445/6603/6133
f 4444/6578/6109 4445/6603/6133 4433/6579/6110
f 4433/6579/6110 4445/6603/6133 4434/6604/6134
f 4433/6579/6110 4434/6604/6134 4422/6580/6111
f 4422/6580/6111 4434/6604/6134 4423/6605/6135
f 4422/6580/6111 4423/6605/6135 4411/6581/6112
f 4411/6581/6112 4423/6605/6135 4412/6606/6136
f 4411/6581/6112 4412/6606/6136 4400/6582/6113
f 4400/6582/6113 4412/6606/6136 4401/6607/6137
f 4400/6582/6113 4401/6607/6137 4389/6583/6114
f 4389/6583/6114 4401/6607/6137 4390/6608/6138
f 4389/6583/6114 4390/6608/6138 4378/6584/6115
f 4378/6584/6115 4390/6608/6138 4379/6609/6139
f 4378/6584/6115 4379/6609/6139 4367/6585/6116
f 4367/6585/6116 4379/6609/6139 4368/6610/6140
f 4367/6585/6116 4368/6610/6140 4356/6586/6117
f 4356/6586/6117 4368/6610/6140 4357/6611/6141
f 4356/6586/6117 4357/6611/6141 4345/6587/6118
f 4345/6587/6118 4357/6611/6141 4346/6612/6142
f 4345/6587/6118 4346/6612/6142 4323/6588/6119
f 4323/6588/6119 4346/6612/6142 4324/6613/6143
f 4323/6588/6119 4324/6613/6143 4336/6589/6120
f 4336/6589/6120 4324/6613/6143 4335/6614/6144
f 4336/6589/6120 4335/6614/6144 4565/6590/6121
f 4565/6590/6121 4335/6614/6144 4566/6615/6145
f 4565/6590/6121 4566/6615/6145 4554/6591/6122
f 4554/6591/6122 4566/6615/6145 4555/6616/6146
f 4554/6591/6122 4555/6616/6146 4543/6592/6123
f 4543/6592/6123 4555/6616/6146 4544/6617/6147
f 4543/6592/6123 4544/6617/6147 4532/6593/6124
f 4532/6593/6124 4544/6617/6147 4533/6618/6148
f 4532/6593/6124 4533/6618/6148 4521/6594/6125
f 4521/6594/6125 4533/6618/6148 4522/6619/6149
f 4521/6594/6125 4522/6619/6149 4312/6595/6102
f 4312/6595/6102 4522/6619/6149 4313/6620/6126
f 4313/6596/6126 4314/6621/6150 4511/6597/6127
f 4511/6597/6127 4314/6621/6150 4512/6622/6151
f 4511/6597/6127 4512/6622/6151 4500/6598/6128
f 4500/6598/6128 4512/6622/6151 4501/6623/6152
f 4500/6598/6128 4501/6623/6152 4489/6599/6129
f 4489/6599/6129 4501/6623/6152 4490/6624/6153
f 4489/6599/6129 4490/6624/6153 4478/6600/6130
f 4478/6600/6130 4490/6624/6153 4479/6625/6154
f 4478/6600/6130 4479/6625/6154 4467/6601/6131
f 4467/6601/6131 4479/6625/6154 4468/6626/6155
f 4467/6601/6131 4468/6626/6155 4456/6602/6132
f 4456/6602/6132 4468/6626/6155 4457/6627/6156
f 4456/6602/6132 4457/6627/6156 4445/6603/6133
f 4445/6603/6133 4457/6627/6156 4446/6628/6157
f 4445/6603/6133 4446/6628/6157 4434/6604/6134
f 4434/6604/6134 4446/6628/6157 4435/6629/6158
f 4434/6604/6134 4435/6629/6158 4423/6605/6135
f 4423/6605/6135 4435/6629/6158 4424/6630/6159
f 4423/6605/6135 4424/6630/6159 4412/6606/6136
f 4412/6606/6136 4424/6630/6159 4413/6631/6160
f 4412/6606/6136 4413/6631/6160 4401/6607/6137
f 4401/6607/6137 4413/6631/6160 4402/6632/6161
f 4401/6607/6137 4402/6632/6161 4390/6608/6138
f 4390/6608/6138 4402/6632/6161 4391/6633/6162
f 4390/6608/6138 4391/6633/6162 4379/6609/6139
f 4379/6609/6139 4391/6633/6162 4380/6634/6163
f 4379/6609/6139 4380/6634/6163 4368/6610/6140
f 4368/6610/6140 4380/6634/6163 4369/6635/6164
f 4368/6610/6140 4369/6635/6164 4357/6611/6141
f 4357/6611/6141 4369/6635/6164 4358/6636/6165
f 4357/6611/6141 4358/6636/6165 4346/6612/6142
f 4346/6612/6142 4358/6636/6165 4347/6637/6166
f 4346/6612/6142 4347/6637/6166 4324/6613/6143
f 4324/6613/6143 4347/6637/6166 4325/6638/6167
f 4324/6613/6143 4325/6638/6167 4335/6614/6144
f 4335/6614/6144 4325/6638/6167 4334/6639/6168
f 4335/6614/6144 4334/6639/6168 4566/6615/6145
f 4566/6615/6145 4334/6639/6168 4567/6640/6169
f 4566/6615/6145 4567/6640/6169 4555/6616/6146
f 4555/6616/6146 4567/6640/6169 4556/6641/6170
f 4555/6616/6146 4556/6641/6170 4544/6617/6147
f 4544/6617/6147 4556/6641/6170 4545/6642/6171
f 4544/6617/6147 4545/6642/6171 4533/6618/6148
f 4533/6618/6148 4545/6642/6171 4534/6643/6172
f 4533/6618/6148 4534/6643/6172 4522/6619/6149
f 4522/6619/6149 4534/6643/6172 4523/6644/6173
f 4522/6619/6149 4523/6644/6173 4313/6620/6126
f 4313/6620/6126 4523/6644/6173 4314/6645/6150
f 4314/6621/6150 4315/6646/6174 4512/6622/6151
f 4512/6622/6151 4315/6646/6174 4513/6647/6175
f 4512/6622/6151 4513/6647/6175 4501/6623/6152
f 4501/6623/6152 4513/6647/6175 4502/6648/6176
f 4501/6623/6152 4502/6648/6176 4490/6624/6153
f 4490/6624/6153 4502/6648/6176 4491/6649/6177
f 4490/6624/6153 4491/6649/6177 4479/6625/6154
f 4479/6625/6154 4491/6649/6177 4480/6650/6178
f 4479/6625/6154 4480/6650/6178 4468/6626/6155
f 4468/6626/6155 4480/6650/6178 4469/6651/6179
f 4468/6626/6155 4469/6651/6179 4457/6627/6156
f 4457/6627/6156 4469/6651/6179 4458/6652/6180
f 4457/6627/6156 4458/6652/6180 4446/6628/6157
f 4446/6628/6157 4458/6652/6180 4447/6653/6181
f 4446/6628/6157 4447/6653/6181 4435/6629/6158
f 4435/6629/6158 4447/6653/6181 4436/6654/6182
f 4435/6629/6158 4436/6654/6182 4424/6630/6159
f 4424/6630/6159 4436/6654/6182 4425/6655/6183
f 4424/6630/6159 4425/6655/6183 4413/6631/6160
f 4413/6631/6160 4425/6655/6183 4414/6656/6184
f 4413/6631/6160 4414/6656/6184 4402/6632/6161
f 4402/6632/6161 4414/6656/6184 4403/6657/6185
f 4402/6632/6161 4403/6657/6185 4391/6633/6162
f 4391/6633/6162 4403/6657/6185 4392/6658/6186
f 4391/6633/6162 4392/6658/6186 4380/6634/6163
f 4380/6634/6163 4392/6658/6186 4381/6659/6187
f 4380/6634/6163 4381/6659/6187 4369/6635/6164
f 4369/6635/6164 4381/6659/6187 4370/6660/6188
f 4369/6635/6164 4370/6660/6188 4358/6636/6165
f 4358/6636/6165 4370/6660/6188 4359/6661/6189
f 4358/6636/6165 4359/6661/6189 4347/6637/6166
f 4347/6637/6166 4359/6661/6189 4348/6662/6190
f 4347/6637/6166 4348/6662/6190 4325/6638/6167
f 4325/6638/6167 4348/6662/6190 4326/6663/6191
f 4325/6638/6167 4326/6663/6191 4334/6639/6168
f 4334/6639/6168 4326/6663/6191 4333/6664/6192
f 4334/6639/6168 4333/6664/6192 4567/6640/6169
f 4567/6640/6169 4333/6664/6192 4568/6665/6193
f 4567/6640/6169 4568/6665/6193 4556/6641/6170
f 4556/6641/6170 4568/6665/6193 4557/6666/6194
f 4556/6641/6170 4557/6666/6194 4545/6642/6171
f 4545/6642/6171 4557/6666/6194 4546/6667/6195
f 4545/6642/6171 4546/6667/6195 4534/6643/6172
f 4534/6643/6172 4546/6667/6195 4535/6668/6196
f 4534/6643/6172 4535/6668/6196 4523/6644/6173
f 4523/6644/6173 4535/6668/6196 4524/6669/6197
f 4523/6644/6173 4524/6669/6197 4314/6645/6150
f 4314/6645/6150 4524/6669/6197 4315/6670/6174
f 4315/6646/6174 4316/6671/6198 4513/6647/6175
f 4513/6647/6175 4316/6671/6198 4514/6672/6199
f 4513/6647/6175 4514/6672/6199 4502/6648/6176
f 4502/6648/6176 4514/6672/6199 4503/6673/6200
f 4502/6648/6176 4503/6673/6200 4491/6649/6177
f 4491/6649/6177 4503/6673/6200 4492/6674/6201
f 4491/6649/6177 4492/6674/6201 4480/6650/6178
f 4480/6650/6178 4492/6674/6201 4481/6675/6202
f 4480/6650/6178 4481/6675/6202 4469/6651/6179
f 4469/6651/6179 4481/6675/6202 4470/6676/6203
f 4469/6651/6179 4470/6676/6203 4458/6652/6180
f 4458/6652/6180 4470/6676/6203 4459/6677/6204
f 4458/6652/6180 4459/6677/6204 4447/6653/6181
f 4447/6653/6181 4459/6677/6204 4448/6678/6205
f 4447/6653/6181 4448/6678/6205 4436/6654/6182
f 4436/6654/6182 4448/6678/6205 4437/6679/6206
f 4436/6654/6182 4437/6679/6206 4425/6655/6183
f 4425/6655/6183 4437/6679/6206 4426/6680/6207
f 4425/6655/6183 4426/6680/6207 4414/6656/6184
f 4414/6656/6184 4426/6680/6207 4415/6681/6208
f 4414/6656/6184 4415/6681/6208 4403/6657/6185
f 4403/6657/6185 4415/6681/6208 4404/6682/6209
f 4403/6657/6185 4404/6682/6209 4392/6658/6186
f 4392/6658/6186 4404/6682/6209 4393/6683/6210
f 4392/6658/6186 4393/6683/6210 4381/6659/6187
f 4381/6659/6187 4393/6683/6210 4382/6684/6211
f 4381/6659/6187 4382/6684/6211 4370/6660/6188
f 4370/6660/6188 4382/6684/6211 4371/6685/6212
f 4370/6660/6188 4371/6685/6212 4359/6661/6189
f 4359/6661/6189 4371/6685/6212 4360/6686/6213
f 4359/6661/6189 4360/6686/6213 4348/6662/6190
f 4348/6662/6190 4360/6686/6213 4349/6687/6214
f 4348/6662/6190 4349/6687/6214 4326/6663/6191
f 4326/6663/6191 4349/6687/6214 4327/6688/6215
f 4326/6663/6191 4327/6688/6215 4333/6664/6192
f 4333/6664/6192 4327/6688/6215 4332/6689/6216
f 4333/6664/6192 4332/6689/6216 4568/6665/6193
f 4568/6665/6193 4332/6689/6216 4569/6690/6217
f 4568/6665/6193 4569/6690/6217 4557/6666/6194
f 4557/6666/6194 4569/6690/6217 4558/6691/6218
f 4557/6666/6194 4558/6691/6218 4546/6667/6195
f 4546/6667/6195 4558/6691/6218 4547/6692/6219
f 4546/6667/6195 4547/6692/6219 4535/6668/6196
f 4535/6668/6196 4547/6692/6219 4536/6693/6220
f 4535/6668/6196 4536/6693/6220 4524/6669/6197
f 4524/6669/6197 4536/6693/6220 4525/6694/6221
f 4524/6669/6197 4525/6694/6221 4315/6670/6174
f 4315/6670/6174 4525/6694/6221 4316/6695/6198
f 4316/6671/6198 4317/6696/6222 4514/6672/6199
f 4514/6672/6199 4317/6696/6222 4515/6697/6223
f 4514/6672/6199 4515/6697/6223 4503/6673/6200
f 4503/6673/6200 4515/6697/6223 4504/6698/6224
f 4503/6673/6200 4504/6698/6224 4492/6674/6201
f 4492/6674/6201 4504/6698/6224 4493/6699/6225
f 4492/6674/6201 4493/6699/6225 4481/6675/6202
f 4481/6675/6202 4493/6699/6225 4482/6700/6226
f 4481/6675/6202 4482/6700/6226 4470/6676/6203
f 4470/6676/6203 4482/6700/6226 4471/6701/6227
f 4470/6676/6203 4471/6701/6227 4459/6677/6204
f 4459/6677/6204 4471/6701/6227 4460/6702/6228
f 4459/6677/6204 4460/6702/6228 4448/6678/6205
f 4448/6678/6205 4460/6702/6228 4449/6703/6229
f 4448/6678/6205 4449/6703/6229 4437/6679/6206
f 4437/6679/6206 4449/6703/6229 4438/6704/6230
f 4437/6679/6206 4438/6704/6230 4426/6680/6207
f 4426/6680/6207 4438/6704/6230 4427/6705/6231
f 4426/6680/6207 4427/6705/6231 4415/6681/6208
f 4415/6681/6208 4427/6705/6231 4416/6706/6232
f 4415/6681/6208 4416/6706/6232 4404/6682/6209
f 4404/6682/6209 4416/6706/6232 4405/6707/6233
f 4404/6682/6209 4405/6707/6233 4393/6683/6210
f 4393/6683/6210 4405/6707/6233 4394/6708/6234
f 4393/6683/6210 4394/6708/6234 4382/6684/6211
f 4382/6684/6211 4394/6708/6234 4383/6709/6235
f 4382/6684/6211 4383/6709/6235 4371/6685/6212
f 4371/6685/6212 4383/6709/6235 4372/6710/6236
f 4371/6685/6212 4372/6710/6236 4360/6686/6213
f 4360/6686/6213 4372/6710/6236 4361/6711/6237
f 4360/6686/6213 4361/6711/6237 4349/6687/6214
f 4349/6687/6214 4361/6711/6237 4350/6712/6238
f 4349/6687/6214 4350/6712/6238 4327/6688/6215
f 4327/6688/6215 4350/6712/6238 4328/6713/6239
f 4327/6688/6215 4328/6713/6239 4332/6689/6216
f 4332/6689/6216 4328/6713/6239 4331/6714/6240
f 4332/6689/6216 4331/6714/6240 4569/6690/6217
f 4569/6690/6217 4331/6714/6240 4570/6715/6241
f 4569/6690/6217 4570/6715/6241 4558/6691/6218
f 4558/6691/6218 4570/6715/6241 4559/6716/6242
f 4558/6691/6218 4559/6716/6242 4547/6692/6219
f 4547/6692/6219 4559/6716/6242 4548/6717/6243
f 4547/6692/6219 4548/6717/6243 4536/6693/6220
f 4536/6693/6220 4548/6717/6243 4537/6718/6244
f 4536/6693/6220 4537/6718/6244 4525/6694/6221
f 4525/6694/6221 4537/6718/6244 4526/6719/6245
f 4525/6694/6221 4526/6719/6245 4316/6695/6198
f 4316/6695/6198 4526/6719/6245 4317/6720/6222
f 4317/6696/6222 4318/6480/6015 4515/6697/6223
f 4515/6697/6223 4318/6480/6015 4516/6484/6018
f 4515/6697/6223 4516/6484/6018 4504/6698/6224
f 4504/6698/6224 4516/6484/6018 4505/6486/6020
f 4504/6698/6224 4505/6486/6020 4493/6699/6225
f 4493/6699/6225 4505/6486/6020 4494/6488/6022
f 4493/6699/6225 4494/6488/6022 4482/6700/6226
f 4482/6700/6226 4494/6488/6022 4483/6491/6025
f 4482/6700/6226 4483/6491/6025 4471/6701/6227
f 4471/6701/6227 4483/6491/6025 4472/6493/6027
f 4471/6701/6227 4472/6493/6027 4460/6702/6228
f 4460/6702/6228 4472/6493/6027 4461/6438/5974
f 4460/6702/6228 4461/6438/5974 4449/6703/6229
f 4449/6703/6229 4461/6438/5974 4450/6440/5976
f 4449/6703/6229 4450/6440/5976 4438/6704/6230
f 4438/6704/6230 4450/6440/5976 4439/6442/5978
f 4438/6704/6230 4439/6442/5978 4427/6705/6231
f 4427/6705/6231 4439/6442/5978 4428/6444/5980
f 4427/6705/6231 4428/6444/5980 4416/6706/6232
f 4416/6706/6232 4428/6444/5980 4417/6447/5983
f 4416/6706/6232 4417/6447/5983 4405/6707/6233
f 4405/6707/6233 4417/6447/5983 4406/6449/5985
f 4405/6707/6233 4406/6449/5985 4394/6708/6234
f 4394/6708/6234 4406/6449/5985 4395/6451/5987
f 4394/6708/6234 4395/6451/5987 4383/6709/6235
f 4383/6709/6235 4395/6451/5987 4384/6454/5990
f 4383/6709/6235 4384/6454/5990 4372/6710/6236
f 4372/6710/6236 4384/6454/5990 4373/6456/5992
f 4372/6710/6236 4373/6456/5992 4361/6711/6237
f 4361/6711/6237 4373/6456/5992 4362/6458/5994
f 4361/6711/6237 4362/6458/5994 4350/6712/6238
f 4350/6712/6238 4362/6458/5994 4351/6461/5997
f 4350/6712/6238 4351/6461/5997 4328/6713/6239
f 4328/6713/6239 4351/6461/5997 4329/6463/5999
f 4328/6713/6239 4329/6463/5999 4331/6714/6240
f 4331/6714/6240 4329/6463/5999 4330/6465/6001
f 4331/6714/6240 4330/6465/6001 4570/6715/6241
f 4570/6715/6241 4330/6465/6001 4571/6468/6004
f 4570/6715/6241 4571/6468/6004 4559/6716/6242
f 4559/6716/6242 4571/6468/6004 4560/6470/6006
f 4559/6716/6242 4560/6470/6006 4548/6717/6243
f 4548/6717/6243 4560/6470/6006 4549/6472/6008
f 4548/6717/6243 4549/6472/6008 4537/6718/6244
f 4537/6718/6244 4549/6472/6008 4538/6475/6011
f 4537/6718/6244 4538/6475/6011 4526/6719/6245
f 4526/6719/6245 4538/6475/6011 4527/6477/6013
f 4526/6719/6245 4527/6477/6013 4317/6720/6222
f 4317/6720/6222 4527/6477/6013 4318/6479/6015
f 4573/6721/6246 4285/6722/5925 4572/6723/6247
f 4572/6723/6247 4285/6722/5925 4284/6724/5927
f 4572/6725/6247 4284/6726/5927 4595/6727/6248
f 4595/6727/6248 4284/6726/5927 4307/6728/5929
f 4595/6727/6248 4307/6728/5929 4594/6729/6249
f 4594/6729/6249 4307/6728/5929 4306/6730/5931
f 4594/6729/6249 4306/6730/5931 4593/6731/6250
f 4593/6731/6250 4306/6730/5931 4305/6732/5933
f 4593/6731/6250 4305/6732/5933 4592/6733/6251
f 4592/6733/6251 4305/6732/5933 4304/6734/5935
f 4592/6733/6251 4304/6734/5935 4591/6735/6252
f 4591/6735/6252 4304/6734/5935 4303/6736/5937
f 4591/6735/6252 4303/6736/5937 4590/6737/6253
f 4590/6737/6253 4303/6736/5937 4302/6738/5939
f 4590/6737/6253 4302/6738/5939 4589/6739/6254
f 4589/6739/6254 4302/6738/5939 4301/6740/5941
f 4589/6739/6254 4301/6740/5941 4588/6741/6255
f 4588/6741/6255 4301/6740/5941 4300/6742/5943
f 4588/6741/6255 4300/6742/5943 4587/6743/6256
f 4587/6743/6256 4300/6742/5943 4299/6744/5945
f 4587/6743/6256 4299/6744/5945 4586/6745/6257
f 4586/6745/6257 4299/6744/5945 4298/6746/5947
f 4586/6745/6257 4298/6746/5947 4585/6747/6258
f 4585/6747/6258 4298/6746/5947 4297/6748/5949
f 4585/6747/6258 4297/6748/5949 4584/6749/6259
f 4584/6749/6259 4297/6748/5949 4296/6750/5951
f 4584/6749/6259 4296/6750/5951 4583/6751/6260
f 4583/6751/6260 4296/6750/5951 4295/6752/5953
f 4583/6751/6260 4295/6752/5953 4582/6753/6261
f 4582/6753/6261 4295/6752/5953 4294/6754/5955
f 4582/6753/6261 4294/6754/5955 4581/6755/6262
f 4581/6755/6262 4294/6754/5955 4293/6756/5957
f 4581/6755/6262 4293/6756/5957 4580/6757/6263
f 4580/6757/6263 4293/6756/5957 4292/6758/5959
f 4580/6757/6263 4292/6758/5959 4579/6759/6264
f 4579/6759/6264 4292/6758/5959 4291/6760/5961
f 4579/6759/6264 4291/6760/5961 4578/6761/6265
f 4578/6761/6265 4291/6760/5961 4290/6762/5963
f 4578/6761/6265 4290/6762/5963 4577/6763/6266
f 4577/6763/6266 4290/6762/5963 4289/6764/5965
f 4577/6763/6266 4289/6764/5965 4576/6765/6267
f 4576/6765/6267 4289/6764/5965 4288/6766/5967
f 4576/6765/6267 4288/6766/5967 4575/6767/6268
f 4575/6767/6268 4288/6766/5967 4287/6768/5969
f 4575/6767/6268 4287/6768/5969 4574/6769/6269
f 4574/6769/6269 4287/6768/5969 4286/6770/5971
f 4574/6769/6269 4286/6770/5971 4573/6721/6246
f 4573/6721/6246 4286/6770/5971 4285/6722/5925
f 4595/6771/6270 4599/6772/6271 4572/6773/6272
f 4572/6773/6272 4599/6772/6271 4604/6774/6273
f 4572/6773/6272 4604/6774/6273 4573/6775/6274
f 4573/6775/6274 4604/6774/6273 4665/6776/6275
f 4573/6775/6274 4665/6776/6275 4574/6777/6276
f 4574/6777/6276 4665/6776/6275 4662/6778/6277
f 4574/6777/6276 4662/6778/6277 4575/6779/6278
f 4575/6779/6278 4662/6778/6277 4659/6780/6279
f 4575/6779/6278 4659/6780/6279 4576/6781/6280
f 4576/6781/6280 4659/6780/6279 4656/6782/6281
f 4576/6781/6280 4656/6782/6281 4577/6783/6282
f 4577/6783/6282 4656/6782/6281 4653/6784/6283
f 4577/6783/6282 4653/6784/6283 4578/6785/6284
f 4578/6785/6284 4653/6784/6283 4650/6786/6285
f 4578/6785/6284 4650/6786/6285 4579/6787/6286
f 4579/6787/6286 4650/6786/6285 4647/6788/6287
f 4579/6787/6286 4647/6788/6287 4580/6789/6288
f 4580/6789/6288 4647/6788/6287 4644/6790/6289
f 4580/6789/6288 4644/6790/6289 4581/6791/6290
f 4581/6791/6290 4644/6790/6289 4641/6792/6291
f 4581/6791/6290 4641/6792/6291 4582/6793/6292
f 4582/6793/6292 4641/6792/6291 4638/6794/6293
f 4582/6793/6292 4638/6794/6293 4583/6795/6294
f 4583/6795/6294 4638/6794/6293 4635/6796/6295
f 4583/6795/6294 4635/6796/6295 4584/6797/6296
f 4584/6797/6296 4635/6796/6295 4596/6798/6297
f 4584/6799/6296 4596/6800/6297 4585/6801/6298
f 4585/6801/6298 4596/6800/6297 4632/6802/6299
f 4585/6801/6298 4632/6802/6299 4586/6803/6300
f 4586/6803/6300 4632/6802/6299 4629/6804/6301
f 4586/6803/6300 4629/6804/6301 4587/6805/6302
f 4587/6805/6302 4629/6804/6301 4626/6806/6303
f 4587/6805/6302 4626/6806/6303 4588/6807/6304
f 4588/6807/6304 4626/6806/6303 4623/6808/6305
f 4588/6807/6304 4623/6808/6305 4589/6809/6306
f 4589/6809/6306 4623/6808/6305 4620/6810/6307
f 4589/6809/6306 4620/6810/6307 4590/6811/6308
f 4590/6811/6308 4620/6810/6307 4617/6812/6309
f 4590/6811/6308 4617/6812/6309 4591/6813/6310
f 4591/6813/6310 4617/6812/6309 4614/6814/6311
f 4591/6813/6310 4614/6814/6311 4592/6815/6312
f 4592/6815/6312 4614/6814/6311 4611/6816/6313
f 4592/6815/6312 4611/6816/6313 4593/6817/6314
f 4593/6817/6314 4611/6816/6313 4608/6818/6315
f 4593/6817/6314 4608/6818/6315 4594/6819/6316
f 4594/6819/6316 4608/6818/6315 4605/6820/6317
f 4594/6819/6316 4605/6820/6317 4595/6771/6270
f 4595/6771/6270 4605/6820/6317 4599/6772/6271
f 1357/6821/6318 4649/6822/6319 1334/6823/6320
f 1334/6823/6320 4649/6822/6319 4652/6824/6321
f 1334/6823/6320 4652/6824/6321 1335/6825/6322
f 1335/6825/6322 4652/6824/6321 4655/6826/6323
f 1335/6825/6322 4655/6826/6323 1336/6827/6324
f 1336/6827/6324 4655/6826/6323 4658/6828/6325
f 1336/6827/6324 4658/6828/6325 1337/6829/6326
f 1337/6829/6326 4658/6828/6325 4661/6830/6327
f 1337/6829/6326 4661/6830/6327 1338/6831/6328
f 1338/6831/6328 4661/6830/6327 4664/6832/6329
f 1338/6831/6328 4664/6832/6329 1339/6833/6330
f 1339/6833/6330 4664/6832/6329 4667/6834/6331
f 1339/6833/6330 4667/6834/6331 1340/6835/6332
f 1340/6835/6332 4667/6834/6331 4602/6836/6333
f 1340/6835/6332 4602/6836/6333 1341/6837/6334
f 1341/6837/6334 4602/6836/6333 4601/6838/6335
f 1341/6837/6334 4601/6838/6335 1342/6839/6336
f 1342/6839/6336 4601/6838/6335 4607/6840/6337
f 1342/6839/6336 4607/6840/6337 1343/6841/6338
f 1343/6841/6338 4607/6840/6337 4610/6842/6339
f 1343/6841/6338 4610/6842/6339 1344/6843/6340
f 1344/6843/6340 4610/6842/6339 4613/6844/6341
f 1344/6843/6340 4613/6844/6341 1345/6845/6342
f 1345/6845/6342 4613/6844/6341 4616/6846/6343
f 1345/6845/6342 4616/6846/6343 1346/6847/6344
f 1346/6847/6344 4616/6846/6343 4619/6848/6345
f 1346/6847/6344 4619/6848/6345 1347/6849/6346
f 1347/6849/6346 4619/6848/6345 4622/6850/6347
f 1347/6849/6346 4622/6850/6347 1348/6851/6348
f 1348/6851/6348 4622/6850/6347 4625/6852/6349
f 1348/6851/6348 4625/6852/6349 1349/6853/6350
f 1349/6853/6350 4625/6852/6349 4628/6854/6351
f 1349/6853/6350 4628/6854/6351 1350/6855/6352
f 1350/6855/6352 4628/6854/6351 4631/6856/6353
f 1350/6855/6352 4631/6856/6353 1351/6857/6354
f 1351/6857/6354 4631/6856/6353 4634/6858/6355
f 1351/6857/6354 4634/6858/6355 1352/6859/6356
f 1352/6859/6356 4634/6858/6355 4598/6860/6357
f 1352/6861/6356 4598/6862/6357 1353/6863/6358
f 1353/6863/6358 4598/6862/6357 4637/6864/6359
f 1353/6863/6358 4637/6864/6359 1354/6865/6360
f 1354/6865/6360 4637/6864/6359 4640/6866/6361
f 1354/6865/6360 4640/6866/6361 1355/6867/6362
f 1355/6867/6362 4640/6866/6361 4643/6868/6363
f 1355/6867/6362 4643/6868/6363 1356/6869/6364
f 1356/6869/6364 4643/6868/6363 4646/6870/6365
f 1356/6869/6364 4646/6870/6365 1357/6821/6318
f 1357/6821/6318 4646/6870/6365 4649/6822/6319
f 4596/6800/6297 4597/6871/6366 4632/6802/6299
f 4632/6802/6299 4597/6871/6366 4633/6872/6367
f 4632/6802/6299 4633/6872/6367 4629/6804/6301
f 4629/6804/6301 4633/6872/6367 4630/6873/6368
f 4629/6804/6301 4630/6873/6368 4626/6806/6303
f 4626/6806/6303 4630/6873/6368 4627/6874/6369
f 4626/6806/6303 4627/6874/6369 4623/6808/6305
f 4623/6808/6305 4627/6874/6369 4624/6875/6370
f 4623/6808/6305 4624/6875/6370 4620/6810/6307
f 4620/6810/6307 4624/6875/6370 4621/6876/6371
f 4620/6810/6307 4621/6876/6371 4617/6812/6309
f 4617/6812/6309 4621/6876/6371 4618/6877/6372
f 4617/6812/6309 4618/6877/6372 4614/6814/6311
f 4614/6814/6311 4618/6877/6372 4615/6878/6373
f 4614/6814/6311 4615/6878/6373 4611/6816/6313
f 4611/6816/6313 4615/6878/6373 4612/6879/6374
f 4611/6816/6313 4612/6879/6374 4608/6818/6315
f 4608/6818/6315 4612/6879/6374 4609/6880/6375
f 4608/6818/6315 4609/6880/6375 4605/6820/6317
f 4605/6820/6317 4609/6880/6375 4606/6881/6376
f 4605/6820/6317 4606/6881/6376 4599/6772/6271
f 4599/6772/6271 4606/6881/6376 4600/6882/6377
f 4599/6772/6271 4600/6882/6377 4604/6774/6273
f 4604/6774/6273 4600/6882/6377 4603/6883/6378
f 4604/6774/6273 4603/6883/6378 4665/6776/6275
f 4665/6776/6275 4603/6883/6378 4666/6884/6379
f 4665/6776/6275 4666/6884/6379 4662/6778/6277
f 4662/6778/6277 4666/6884/6379 4663/6885/6380
f 4662/6778/6277 4663/6885/6380 4659/6780/6279
f 4659/6780/6279 4663/6885/6380 4660/6886/6381
f 4659/6780/6279 4660/6886/6381 4656/6782/6281
f 4656/6782/6281 4660/6886/6381 4657/6887/6382
f 4656/6782/6281 4657/6887/6382 4653/6784/6283
f 4653/6784/6283 4657/6887/6382 4654/6888/6383
f 4653/6784/6283 4654/6888/6383 4650/6786/6285
f 4650/6786/6285 4654/6888/6383 4651/6889/6384
f 4650/6786/6285 4651/6889/6384 4647/6788/6287
f 4647/6788/6287 4651/6889/6384 4648/6890/6385
f 4647/6788/6287 4648/6890/6385 4644/6790/6289
f 4644/6790/6289 4648/6890/6385 4645/6891/6386
f 4644/6790/6289 4645/6891/6386 4641/6792/6291
f 4641/6792/6291 4645/6891/6386 4642/6892/6387
f 4641/6792/6291 4642/6892/6387 4638/6794/6293
f 4638/6794/6293 4642/6892/6387 4639/6893/6388
f 4638/6794/6293 4639/6893/6388 4635/6796/6295
f 4635/6796/6295 4639/6893/6388 4636/6894/6389
f 4635/6796/6295 4636/6894/6389 4596/6798/6297
f 4596/6798/6297 4636/6894/6389 4597/6895/6366
f 4597/6871/6366 4598/6860/6357 4633/6872/6367
f 4633/6872/6367 4598/6860/6357 4634/6858/6355
f 4633/6872/6367 4634/6858/6355 4630/6873/6368
f 4630/6873/6368 4634/6858/6355 4631/6856/6353
f 4630/6873/6368 4631/6856/6353 4627/6874/6369
f 4627/6874/6369 4631/6856/6353 4628/6854/6351
f 4627/6874/6369 4628/6854/6351 4624/6875/6370
f 4624/6875/6370 4628/6854/6351 4625/6852/6349
f 4624/6875/6370 4625/6852/6349 4621/6876/6371
f 4621/6876/6371 4625/6852/6349 4622/6850/6347
f 4621/6876/6371 4622/6850/6347 4618/6877/6372
f 4618/6877/6372 4622/6850/6347 4619/6848/6345
f 4618/6877/6372 4619/6848/6345 4615/6878/6373
f 4615/6878/6373 4619/6848/6345 4616/6846/6343
f 4615/6878/6373 4616/6846/6343 4612/6879/6374
f 4612/6879/6374 4616/6846/6343 4613/6844/6341
f 4612/6879/6374 4613/6844/6341 4609/6880/6375
f 4609/6880/6375 4613/6844/6341 4610/6842/6339
f 4609/6880/6375 4610/6842/6339 4606/6881/6376
f 4606/6881/6376 4610/6842/6339 4607/6840/6337
f 4606/6881/6376 4607/6840/6337 4600/6882/6377
f 4600/6882/6377 4607/6840/6337 4601/6838/6335
f 4600/6882/6377 4601/6838/6335 4603/6883/6378
f 4603/6883/6378 4601/6838/6335 4602/6836/6333
f 4603/6883/6378 4602/6836/6333 4666/6884/6379
f 4666/6884/6379 4602/6836/6333 4667/6834/6331
f 4666/6884/6379 4667/6834/6331 4663/6885/6380
f 4663/6885/6380 4667/6834/6331 4664/6832/6329
f 4663/6885/6380 4664/6832/6329 4660/6886/6381
f 4660/6886/6381 4664/6832/6329 4661/6830/6327
f 4660/6886/6381 4661/6830/6327 4657/6887/6382
f 4657/6887/6382 4661/6830/6327 4658/6828/6325
f 4657/6887/6382 4658/6828/6325 4654/6888/6383
f 4654/6888/6383 4658/6828/6325 4655/6826/6323
f 4654/6888/6383 4655/6826/6323 4651/6889/6384
f 4651/6889/6384 4655/6826/6323 4652/6824/6321
f 4651/6889/6384 4652/6824/6321 4648/6890/6385
f 4648/6890/6385 4652/6824/6321 4649/6822/6319
f 4648/6890/6385 4649/6822/6319 4645/6891/6386
f 4645/6891/6386 4649/6822/6319 4646/6870/6365
f 4645/6891/6386 4646/6870/6365 4642/6892/6387
f 4642/6892/6387 4646/6870/6365 4643/6868/6363
f 4642/6892/6387 4643/6868/6363 4639/6893/6388
f 4639/6893/6388 4643/6868/6363 4640/6866/6361
f 4639/6893/6388 4640/6866/6361 4636/6894/6389
f 4636/6894/6389 4640/6866/6361 4637/6864/6359
f 4636/6894/6389 4637/6864/6359 4597/6895/6366
f 4597/6895/6366 4637/6864/6359 4598/6862/6357
# 4667 vertices
# 6895 texture params
# 6389 normals
# 9334 facets

# 2 groups
