# Object Export From Tinkercad Server 2015

mtllib obj.mtl

o obj_0
v 28.168 		-4.216 		0
v 16 		-19.131 		11.927
v 24.8879 		19.7012 		4.299
v 15.849 		-19.145 		11.927
v 25.816 		13.371 		10.711
v 16.151 		-19.145 		11.927
v 25.752 		13.734 		11.501
v 26.608 		13.583 		10.711
v 30.289 		-5.701 		0
v 29.499 		-5.332 		0
v 28.784 		-4.832 		0
v 16.297 		-19.184 		11.927
v 25 		13.299 		10.711
v 15.442 		-19.335 		11.927
v 22.6066 		13.6177 		9
v 22.6103 		13.6275 		8.8815
v 15.566 		-19.248 		11.927
v 22.6301 		13.6802 		9.7615
v 15.703 		-19.184 		11.927
v 22.6334 		13.689 		9.869
v 34.752 		-13.266 		15.501
v 26.311 		14.399 		12.216
v 34.816 		-13.629 		14.711
v 26.482 		13.929 		11.501
v 22.7058 		13.8822 		10.6403
v 34 		-13.701 		14.711
v 22.7125 		13.8999 		10.711
v 22.8417 		14.2444 		11.501
v 22.8402 		14.2406 		11.4922
v 33.248 		-13.266 		15.501
v 33.184 		-13.629 		14.711
v 22.8597 		14.2925 		11.5744
v 25 		14.168 		12.216
v 25 		13.668 		11.501
v 30.226 		-5.833 		12.131
v 23.0217 		14.7246 		12.216
v 22.3743 		12.998 		14.003
v 34 		-13.332 		15.501
v 23.2444 		15.3185 		12.832
v 23.0588 		14.8236 		12.3186
v 23.392 		15.712 		13.118
v 23.5025 		16.0066 		13.332
v 25.665 		14.226 		12.216
v 12.978 		-16.399 		8.711
v 23.6441 		16.3842 		13.5151
v 23.797 		16.792 		13.701
v 23.9057 		17.0818 		13.7768
v 12.399 		-16.978 		8.711
v 23.9574 		17.2198 		13.8095
v 24.0429 		17.4477 		13.8635
v 13.215 		-16.681 		9.501
v 24.1315 		17.6839 		13.912
v 24.1178 		17.6476 		13.9045
v 24.1651 		17.7737 		13.927
v 12.681 		-18.084 		10.216
v 24.2966 		18.1242 		13.9405
v 24.25 		18 		13.9374
v 24.3401 		18.2402 		13.9415
v 24.3834 		18.3558 		13.9407
v 26.916 		14.681 		12.216
v 26.9946 		14.681 		12.1513
v 26.9783 		14.7246 		12.216
v 12.681 		-17.215 		9.501
v 24.1968 		17.8581 		13.9316
v 24.5454 		18.7877 		13.9159
v 24.5401 		18.7737 		13.9182
v 13.537 		-17.064 		10.216
v 24.5199 		18.7196 		13.927
v 14.084 		-16.681 		10.216
v 24.4295 		18.4787 		13.9378
v 24.4817 		18.6177 		13.9324
v 26.608 		15.215 		12.832
v 24.6306 		19.015 		13.8702
v 24.6015 		18.9372 		13.8859
v 13.064 		-17.537 		10.216
v 24.7601 		19.3603 		13.7894
v 24.6804 		19.1476 		13.8392
v 24.7911 		19.4429 		13.768
v 13.215 		-18.392 		10.832
v 32 		-6.003 		0
v 13.537 		-17.933 		10.832
v 31.131 		-5.927 		0
v 13.335 		-11.442 		5.927
v 13.933 		-17.537 		10.832
v 27.668 		-3.501 		0
v 27.299 		-2.711 		0
v 13.442 		-11.335 		5.927
v 14.084 		-18.392 		11.332
v 27.074 		-0.131 		0
v 14.689 		-16.399 		10.216
v 25.734 		-18.752 		16.499
v 27.074 		-1.869 		0
v 26.998 		-1 		0
v 14.392 		-18.084 		11.332
v 33.711 		-5.701 		0
v 34.4997 		-5.3326 		0
v 26.0502 		-20 		16.734
v 25.583 		-19.608 		17.289
v 25.7658 		-20 		17.289
v 32.869 		-5.927 		0
v 25.929 		-19.482 		16.499
v 26.1706 		-20 		16.499
v 15.145 		-17.65 		11.332
v 25.371 		-18.816 		17.289
v 13.3089 		-11.1763 		5.8715
v 13.3939 		-10.9496 		5.8346
v 13.566 		-11.248 		5.927
v 13.35 		-11.0667 		5.8537
v 14.749 		-17.834 		11.332
v 27.299 		0.711 		0
v 25.371 		-19.685 		18.131
v 25.6353 		-20 		17.7322
v 13.703 		-11.184 		5.927
v 13.4287 		-10.8567 		5.8159
v 27.668 		1.501 		0
v 25.518 		-20 		18.131
v 28.168 		2.216 		0
v 13.849 		-11.145 		5.927
v 14 		-11.131 		5.927
v 14.151 		-11.145 		5.927
v 25.148 		-18.855 		18.131
v 14.297 		-11.184 		5.927
v 28.784 		2.832 		0
v 29.499 		3.332 		0
v 30.289 		3.701 		0
v 25.668 		-18 		16.499
v 15.415 		-18.392 		11.701
v 15.566 		-17.537 		11.332
v 13.6538 		-10.2564 		5.6685
v 14 		-10.289 		5.701
v 16 		-18.289 		11.701
v 25.371 		-17.184 		17.289
v 31.0369 		3.9017 		0
v 25.734 		-17.248 		16.499
v 16 		-17.499 		11.332
v 40 		-20 		0
v 13.5076 		-10.6465 		5.7736
v 25.929 		-16.518 		16.499
v 13.5289 		-10.5896 		5.7603
v 13.703 		-10.315 		5.701
v 13.6239 		-10.3361 		5.701
v 15.703 		-18.315 		11.701
v 14 		-16.8918 		0
v 14.127 		-16.8806 		0
v 13.1511 		-16.8173 		0
v 13.278 		-16.8285 		0
v 12.327 		-16.596 		0
v 12.4502 		-16.629 		0
v 14.297 		-10.315 		5.701
v 25.074 		-18 		18.131
v 25.583 		-16.392 		17.289
v 16.297 		-18.315 		11.701
v 14.558 		-11.335 		5.927
v 14.665 		-11.442 		5.927
v 14.392 		-17.215 		10.832
v 25.299 		-18 		17.289
v 14.752 		-11.566 		5.927
v 15.673 		-16.596 		0
v 15.7885 		-16.5422 		0
v 14.816 		-11.703 		5.927
v 14.8489 		-16.8173 		0
v 14.9722 		-16.7843 		0
v 15.442 		-16.833 		10.832
v 14.855 		-11.849 		5.927
v 25.148 		-17.145 		18.131
v 14.869 		-12 		5.927
v 14.855 		-12.151 		5.927
v 14.9 		-16.978 		10.832
v 25.4662 		-20 		18.666
v 25.074 		-18.869 		19
v 11.5546 		-16.2357 		0
v 11.67 		-16.2895 		0
v 16 		-16.784 		10.832
v 11.4413 		-16.1565 		0
v 25.4857 		-20 		19.5335
v 25.299 		-19.711 		19
v 25.434 		-20 		19
v 16.752 		-19.566 		11.927
v 16.816 		-19.703 		11.927
v 14.8489 		-7.1827 		0
v 14.8078 		-7.1791 		0
v 25.6522 		-20 		20.325
v 16.855 		-19.849 		11.927
v 25.371 		-19.685 		19.869
v 25.518 		-20 		19.869
v 15.673 		-7.404 		0
v 15.5498 		-7.371 		0
v 15.608 		-11.415 		5.701
v 16.33 		-7.7105 		0
v 16.869 		-20 		11.927
v 25.148 		-18.855 		19.869
v 15.711 		-12 		5.701
v 25.558 		14.833 		12.832
v 24.9343 		19.8248 		13.6451
v 17.711 		-20 		11.701
v 24.8879 		19.7012 		13.701
v 15.685 		-11.703 		5.701
v 26.1 		14.978 		12.832
v 17.685 		-19.703 		11.701
v 31.215 		-5.681 		10.499
v 25 		14.784 		12.832
v 11.4286 		-16.1903 		0.131
v 11.4012 		-16.2636 		1
v 11.4246 		-16.2012 		0.2608
v 30.978 		-5.399 		11.289
v 11.405 		-16.2533 		1.1226
v 17.311 		-18.9 		11.701
v 18.2357 		-14.4454 		0
v 17.7471 		-15.1444 		0
v 17.8202 		-15.0399 		0
v 11.4286 		-16.1903 		1.869
v 17.1444 		-15.7471 		0
v 14.817 		-7.1547 		0.0936
v 16.434 		-19.248 		11.927
v 14.8206 		-7.145 		0.131
v 16.4454 		-16.2357 		0
v 16.55 		-16.1625 		0
v 16.855 		-18.518 		11.701
v 14.8476 		-7.073 		0.9786
v 16.558 		-19.335 		11.927
v 25.297 		16.315 		13.701
v 14.8483 		-7.0712 		1
v 17.1 		-18.689 		11.701
v 25.434 		15.537 		13.332
v 25.074 		-17.131 		19
v 16.665 		-19.442 		11.927
v 25 		16.289 		13.701
v 25 		15.499 		13.332
v 14.585 		-10.392 		5.701
v 25.074 		-18 		19.869
v 24.998 		-18 		19
v 18.35 		-19.145 		11.332
v 26.6114 		15.7028 		13.1111
v 15.311 		-10.9 		5.701
v 25.855 		15.65 		13.332
v 25.148 		-17.145 		19.869
v 17.482 		-19.145 		11.701
v 14.434 		-11.248 		5.927
v 18.166 		-18.749 		11.332
v 14.855 		-10.518 		5.701
v 26.43 		16.1866 		13.4192
v 17.608 		-19.415 		11.701
v 26.251 		15.834 		13.332
v 26.4975 		16.0066 		13.332
v 15.1 		-10.689 		5.701
v 25.583 		-19.608 		20.711
v 25.7658 		-20 		20.711
v 26.8076 		15.1798 		12.6882
v 14.8217 		-7.1422 		1.8351
v 14.8206 		-7.145 		1.869
v 26.7556 		15.3185 		12.832
v 20.266 		-19.248 		9.501
v 25.585 		16.392 		13.701
v 15.916 		-10.392 		5.332
v 19.003 		4.008 		0
v 25 		20 		0
v 25.558 		17.335 		13.927
v 25.434 		17.248 		13.927
v 10 		-20 		0
v 10 		-20 		21
v 19.601 		-18.689 		10.216
v 20.071 		-18.518 		9.501
v 12.168 		-20 		3.784
v 25.297 		17.184 		13.927
v 25.151 		17.145 		13.927
v 12.226 		-19.335 		3.784
v 25 		17.131 		13.927
v 19.832 		-20 		10.216
v 20.332 		-20 		9.501
v 18.8173 		-12.8489 		0
v 18.8285 		-12.722 		0
v 19.774 		-19.335 		10.216
v 18.596 		-13.673 		0
v 18.629 		-13.5498 		0
v 18.2895 		-14.33 		0
v 14.315 		-19.703 		2.299
v 14.315 		-19.703 		2.299
v 14.289 		-20 		2.299
v 14.315 		-19.703 		2.299
v 26.3559 		16.3842 		13.5151
v 26.1 		16.689 		13.701
v 26.203 		16.792 		13.701
v 13.499 		-20 		2.668
v 25.855 		16.518 		13.701
v 14.315 		-19.703 		2.299
v 19.167 		-19.442 		10.832
v 26.0057 		17.3181 		13.8328
v 26.0943 		17.0818 		13.7768
v 18.596 		-10.327 		0
v 18.8173 		-11.1511 		0
v 18.7843 		-11.0278 		0
v 19.022 		-18.9 		10.832
v 13.537 		-19.566 		2.668
v 18.8918 		-12 		0
v 18.8806 		-11.873 		0
v 18.463 		-19.566 		11.332
v 19.216 		-20 		10.832
v 13.65 		-19.145 		2.668
v 16.35 		-11.145 		5.332
v 25.7096 		-19.5619 		21
v 25.9139 		-20 		21
v 18.501 		-20 		11.332
v 25.6382 		-19.2949 		21
v 25.371 		-18.816 		20.711
v 17.311 		-16.399 		10.216
v 25.5038 		-18.7926 		21
v 25.4796 		-18.5175 		21
v 25.371 		-17.184 		20.711
v 13.834 		-18.749 		2.668
v 17.1444 		-8.2529 		0
v 25.583 		-16.392 		20.711
v 17.916 		-16.681 		10.216
v 17.7471 		-8.8556 		0
v 18.2357 		-9.5546 		0
v 18.1625 		-9.45 		0
v 12.833 		-19.442 		3.168
v 18.067 		-17.537 		10.832
v 18.5422 		-10.2115 		0
v 16.434 		-17.537 		11.332
v 16.855 		-17.65 		11.332
v 31.834 		-5.248 		10.499
v 32.392 		-4.583 		11.289
v 32.518 		-4.929 		10.499
v 25.5038 		-17.2074 		21
v 25.4581 		-17.7249 		21
v 15.482 		-11.145 		5.701
v 16.166 		-10.749 		5.332
v 25.7096 		-16.4381 		21
v 25.5751 		-16.9404 		21
v 25.299 		-18 		20.711
v 30.833 		-5.226 		12.131
v 31.537 		-4.734 		12.131
v 31.65 		-4.929 		11.289
v 25.434 		-18 		21
v 13.9571 		-9.4478 		5.2935
v 32.315 		-4.371 		12.131
v 14 		-9.3333 		5.2161
v 13.6803 		-10.1859 		5.6398
v 13.7828 		-9.9126 		5.5163
v 33.8294 		-20 		16.499
v 34.629 		-18.816 		17.289
v 14 		-9.499 		5.332
v 13.9358 		-9.5046 		5.332
v 34.266 		-18.752 		16.499
v 34.071 		-19.482 		16.499
v 29.074 		-8.131 		13
v 14.302 		-8.5279 		4.5494
v 14.1994 		-8.8015 		4.832
v 14.1248 		-9.0005 		4.9758
v 34.071 		-20 		16.9705
v 16.067 		-9.537 		4.832
v 29.668 		-6.499 		13
v 34.852 		-18.855 		18.131
v 25.816 		17.703 		13.927
v 25.8614 		17.703 		13.9152
v 25.8685 		17.6839 		13.912
v 25.8349 		17.7737 		13.927
v 14.434 		-9.537 		5.332
v 25.9241 		17.5356 		13.8816
v 25.752 		17.566 		13.927
v 34.629 		-19.685 		18.131
v 25.9571 		17.4477 		13.8635
v 34.417 		-19.608 		17.289
v 14.855 		-9.65 		5.332
v 25.665 		17.442 		13.927
v 29.148 		-8.145 		13.869
v 34.3478 		-20 		17.675
v 29.371 		-7.315 		13.869
v 25.6166 		18.3558 		13.9407
v 29.299 		-7.289 		13
v 34.2342 		-20 		17.289
v 25.6599 		18.2402 		13.9415
v 15.608 		-10.084 		5.332
v 25.7034 		18.1242 		13.9405
v 25.75 		18 		13.9374
v 29.734 		-6.537 		13.869
v 25.8032 		17.8581 		13.9316
v 34.482 		-20 		18.131
v 25 		18.869 		13.927
v 15.251 		-9.834 		5.332
v 34.266 		-17.248 		16.499
v 25.151 		18.855 		13.927
v 25.2399 		19.3603 		13.7894
v 25.3694 		19.015 		13.8702
v 34.332 		-18 		16.499
v 25.297 		18.816 		13.927
v 25.297 		19.208 		13.8251
v 25.4449 		18.8137 		13.9107
v 25.434 		18.752 		13.927
v 30.168 		-5.784 		13
v 31.537 		-6.933 		16.832
v 12.399 		-18.689 		3.784
v 12.978 		-18.9 		3.168
v 31.933 		-6.537 		16.832
v 32.392 		-7.084 		17.332
v 30.784 		-5.168 		13
v 32.392 		-6.215 		16.832
v 12.784 		-20 		3.168
v 16.4454 		-7.7643 		0
v 17.0399 		-8.1798 		0
v 32.749 		-6.834 		17.332
v 30.226 		-5.833 		13.869
v 30.833 		-5.226 		13.869
v 31.537 		-4.734 		13.869
v 31.499 		-4.668 		13
v 16 		-20 		1.998
v 25.4546 		18.7877 		13.9159
v 25.4801 		18.7196 		13.927
v 32.289 		-4.299 		13
v 25.5183 		18.6177 		13.9324
v 25.5705 		18.4787 		13.9378
v 25 		19.711 		13.701
v 25 		20 		13.566
v 25.1121 		19.7012 		13.701
v 16.327 		-4.596 		21
v 16.2115 		-4.5422 		21
v 15.8585 		-4.3774 		21
v 21.167 		-0.558 		16.168
v 21.216 		0 		16.168
v 32.315 		-4.371 		13.869
v 18 		-4.8918 		21
v 17.873 		-4.8806 		21
v 17.1511 		-4.8173 		21
v 17.0278 		-4.7843 		21
v 21.022 		-1.1 		16.168
v 33.849 		-8.145 		8.073
v 20.4454 		-4.2357 		21
v 20.33 		-4.2895 		21
v 34.151 		-8.145 		8.073
v 19.673 		-4.596 		21
v 19.5498 		-4.629 		21
v 18.8489 		-4.8173 		21
v 21.752 		-2.166 		17.499
v 18.722 		-4.8285 		21
v 21.319 		-2.785 		17.499
v 22.071 		-2.35 		18.289
v 17.608 		-18.084 		11.332
v 19.2647 		4.7057 		21
v 19.673 		4.596 		21
v 21.601 		-3.022 		18.289
v 19.7885 		4.5422 		21
v 20.4454 		4.2357 		21
v 17.916 		-18.392 		11.332
v 21.022 		-3.601 		18.289
v 16.585 		-18.392 		11.701
v 20.55 		4.1625 		21
v 17.251 		-17.834 		11.332
v 15.145 		-19.849 		2.073
v 15.248 		-19.566 		2.073
v 21.832 		0 		16.784
v 21.601 		-1.311 		16.784
v 15.184 		-19.703 		2.073
v 22.332 		0 		17.499
v 21.774 		-0.665 		16.784
v 16.558 		-16.833 		10.832
v 15.131 		-20 		2.073
v 17.608 		-17.215 		10.832
v 21.319 		-1.916 		16.784
v 34.4962 		-18.7926 		21
v 34.4249 		-19.0596 		21
v 34.2904 		-19.5619 		21
v 17.1 		-16.978 		10.832
v 22.629 		-0.816 		18.289
v 22.701 		0 		18.289
v 34.1737 		-19.8121 		21
v 34.0861 		-20 		21
v 22.266 		-0.752 		17.499
v 34.417 		-16.392 		17.289
v 34.071 		-16.518 		16.499
v 22.071 		-1.482 		17.499
v 34.2904 		-16.4381 		21
v 33.703 		-8.184 		8.073
v 34.3618 		-16.7051 		21
v 34.4962 		-17.2074 		21
v 34.629 		-17.184 		17.289
v 34.5204 		-17.4825 		21
v 34.566 		-18 		21
v 34.5419 		-18.2751 		21
v 34 		-8.131 		8.073
v 22.417 		-1.608 		18.289
v 25.8263 		-16.1879 		21
v 26.0457 		-15.7173 		21
v 26.2041 		-15.4909 		21
v 26.5022 		-15.0647 		21
v 34.701 		-18 		17.289
v 34.297 		-8.184 		8.073
v 27.0647 		-14.5022 		21
v 27.2911 		-14.3438 		21
v 27.7173 		-14.0457 		21
v 21.167 		-3.774 		19.131
v 34.852 		-17.145 		18.131
v 27.9675 		-13.929 		21
v 28.4381 		-13.7096 		21
v 22.332 		-2.501 		20
v 22.266 		-2.463 		19.131
v 34.927 		-18 		18.131
v 21.832 		-3.216 		20
v 28.7051 		-13.6382 		21
v 29.2074 		-13.5038 		21
v 21.774 		-3.167 		19.131
v 29.4825 		-13.4796 		21
v 30 		-13.434 		21
v 32.9 		-7.689 		8.299
v 30.2751 		-13.4581 		21
v 33.145 		-7.518 		8.299
v 21.216 		-3.832 		20
v 33.703 		-7.315 		8.299
v 34.566 		-20 		19
v 34.5144 		-20 		18.4665
v 30.7926 		-13.5038 		21
v 31.0596 		-13.5751 		21
v 31.5619 		-13.7096 		21
v 15.335 		-19.442 		2.073
v 22.852 		-0.855 		19.131
v 22.927 		0 		19.131
v 14.392 		-19.415 		2.299
v 31.8121 		-13.8263 		21
v 32.2827 		-14.0457 		21
v 22.629 		-1.685 		19.131
v 32.5091 		-14.2041 		21
v 33.415 		-7.392 		8.299
v 14.518 		-19.145 		2.299
v 23.003 		0 		20
v 14.9 		-18.689 		2.299
v 32.9353 		-14.5022 		21
v 33.4978 		-15.0647 		21
v 15.145 		-18.518 		2.299
v 33.6562 		-15.2911 		21
v 33.9543 		-15.7173 		21
v 34.071 		-15.9675 		21
v 34 		-7.289 		8.299
v 15.311 		-8.399 		4.216
v 34.297 		-7.315 		8.299
v 34.297 		-7.315 		8.299
v 14.689 		-18.9 		2.299
v 14.558 		-8.833 		4.832
v 14.665 		-8.226 		4.216
v 14.4232 		-8.2049 		4.216
v 28.998 		9.3387 		21
v 25 		20 		21
v 40 		-20 		21
v 22.2357 		-2.4454 		21
v 15.608 		-9.215 		4.832
v 34.297 		-7.315 		8.299
v 15.916 		-8.681 		4.216
v 22.1625 		-2.55 		21
v 21.7471 		-3.1444 		21
v 15.442 		-19.335 		2.073
v 34.297 		-7.315 		8.299
v 21.1444 		-3.7471 		21
v 21.0399 		-3.8202 		21
v 22.8918 		0 		21
v 22.8806 		-0.127 		21
v 15.849 		-19.145 		2.073
v 22.8173 		-0.8489 		21
v 22.7843 		-0.9722 		21
v 22.596 		-1.673 		21
v 34.585 		-7.392 		8.299
v 16.151 		-19.145 		2.073
v 22.5422 		-1.7885 		21
v 15.1 		-8.978 		4.832
v 22.596 		1.673 		21
v 15.566 		-19.248 		2.073
v 22.629 		1.5498 		21
v 22.8173 		0.8489 		21
v 22.8285 		0.722 		21
v 33.145 		-6.65 		8.668
v 15.703 		-19.184 		2.073
v 21.1444 		3.7471 		21
v 21.7471 		3.1444 		21
v 21.8202 		3.0399 		21
v 22.2357 		2.4454 		21
v 34 		-6.499 		8.668
v 22.2895 		2.33 		21
v 32.9 		-7.689 		17.701
v 16 		-19.131 		2.073
v 33.145 		-7.518 		17.701
v 33.415 		-7.392 		17.701
v 19.601 		-16.978 		8.711
v 16.297 		-19.184 		2.073
v 20.071 		-17.65 		8.711
v 20.417 		-18.392 		8.711
v 33.703 		-8.184 		17.927
v 19.022 		-16.399 		8.711
v 33.703 		-7.315 		17.701
v 13.215 		-18.392 		3.168
v 13.537 		-17.933 		3.168
v 14.084 		-18.392 		2.668
v 13.933 		-17.537 		3.168
v 34 		-7.289 		17.701
v 19.319 		-17.215 		9.501
v 19.752 		-17.834 		9.501
v 13.064 		-17.537 		3.784
v 34.585 		-7.392 		17.701
v 13.537 		-17.064 		3.784
v 11.668 		-20 		4.499
v 18.463 		-17.064 		10.216
v 18.785 		-16.681 		9.501
v 33.849 		-8.145 		17.927
v 11.299 		-20 		5.289
v 34 		-8.131 		17.927
v 11.073 		-20 		6.131
v 12.681 		-18.084 		3.784
v 18.936 		-17.537 		10.216
v 19.319 		-18.084 		10.216
v 34.151 		-8.145 		17.927
v 10.998 		-20 		7
v 34.297 		-7.315 		17.701
v 11.073 		-20 		7.869
v 34.297 		-8.184 		17.927
v 14.084 		-16.681 		3.784
v 18.463 		-17.933 		10.832
v 18.785 		-18.392 		10.832
v 14.7455 		-7.3453 		2.6383
v 14.816 		-7.371 		2.711
v 14.7384 		-7.3642 		2.711
v 15.608 		-7.583 		2.711
v 33.145 		-6.65 		17.332
v 20.629 		-19.184 		8.711
v 13.184 		-16.629 		2.711
v 14.752 		-7.734 		3.501
v 14.6269 		-7.6616 		3.3696
v 14.6046 		-7.7211 		3.501
v 12.392 		-16.417 		2.711
v 16.35 		-7.929 		2.711
v 20.701 		-20 		8.711
v 34.434 		-6.537 		17.332
v 14 		-16.701 		2.711
v 13.65 		-15.929 		8.711
v 13.834 		-16.248 		9.501
v 34.927 		-18.869 		19
v 14.475 		-8.0666 		4.0117
v 34.629 		-19.685 		19.869
v 15.482 		-7.929 		3.501
v 34.701 		-19.711 		19
v 14.392 		-15.583 		8.711
v 34.5338 		-20 		19.334
v 34.482 		-20 		19.869
v 14.392 		-18.084 		2.668
v 34.852 		-18.855 		19.869
v 14.749 		-17.834 		2.668
v 15.145 		-17.65 		2.668
v 15.248 		-15.734 		9.501
v 34.3647 		-20 		20.2678
v 15.184 		-15.371 		8.711
v 34.927 		-17.131 		19
v 18.071 		-14.35 		2.711
v 35.003 		-18 		19
v 16 		-15.299 		8.711
v 15.415 		-18.392 		2.299
v 15.703 		-18.315 		2.299
v 34.927 		-18 		19.869
v 17.319 		-14.785 		3.501
v 14.518 		-15.929 		9.501
v 16 		-18.289 		2.299
v 16.297 		-18.315 		2.299
v 16.297 		-18.315 		2.299
v 34.852 		-17.145 		19.869
v 15.335 		-16.226 		10.216
v 18.629 		-12.816 		2.711
v 18.417 		-13.608 		2.711
v 16 		-16.168 		10.216
v 16 		-15.668 		9.501
v 15.566 		-17.537 		2.668
v 16 		-17.499 		2.668
v 18.266 		-12.752 		3.501
v 16.297 		-18.315 		2.299
v 34.629 		-18.816 		20.711
v 34.417 		-19.608 		20.711
v 16.297 		-18.315 		2.299
v 17.752 		-14.166 		3.501
v 34.2342 		-20 		20.711
v 16.816 		-15.371 		8.711
v 34.417 		-16.392 		20.711
v 18.071 		-13.482 		3.501
v 17.608 		-15.583 		8.711
v 16.936 		-14.463 		4.216
v 16.752 		-15.734 		9.501
v 34.629 		-17.184 		20.711
v 16.463 		-14.936 		4.216
v 18.166 		-16.248 		9.501
v 18.35 		-15.929 		8.711
v 34.701 		-18 		20.711
v 15.608 		-16.417 		2.711
v 17.601 		-13.311 		4.216
v 16.665 		-16.226 		10.216
v 26.248 		-15.834 		16.499
v 17.482 		-15.929 		9.501
v 14.816 		-16.629 		2.711
v 17.167 		-12.558 		4.832
v 17.774 		-12.665 		4.216
v 26.399 		-14.978 		17.289
v 25.371 		-16.315 		18.131
v 14.392 		-17.215 		3.168
v 25.929 		-15.65 		17.289
v 16.785 		-13.608 		4.832
v 17.319 		-13.916 		4.216
v 15.442 		-16.833 		3.168
v 18 		-2.501 		15.668
v 16.869 		-20 		2.073
v 17.711 		-20 		2.299
v 25.734 		-15.537 		18.131
v 17.145 		-2.35 		15.668
v 14.689 		-16.399 		3.784
v 14.9 		-16.978 		3.168
v 18.501 		-20 		2.668
v 26.226 		-14.833 		18.131
v 19.216 		-20 		3.168
v 19.832 		-20 		3.784
v 16 		-16.784 		3.168
v 26.681 		-15.215 		16.499
v 20.332 		-20 		4.499
v 27.215 		-14.681 		16.499
v 22.927 		-0.869 		20
v 20.701 		-20 		5.289
v 20.927 		-20 		6.131
v 26.978 		-14.399 		17.289
v 21.003 		-20 		7
v 20.927 		-20 		7.869
v 22.701 		-1.711 		20
v 11.299 		-20 		8.711
v 11.668 		-20 		9.501
v 22.266 		-2.463 		20.869
v 12.168 		-20 		10.216
v 21.167 		-3.774 		20.869
v 12.784 		-20 		10.832
v 11.371 		-19.184 		5.289
v 11.734 		-19.248 		4.499
v 21.774 		-3.167 		20.869
v 13.499 		-20 		11.332
v 27.834 		-14.248 		16.499
v 14.289 		-20 		11.701
v 15.131 		-20 		11.927
v 11.929 		-18.518 		4.499
v 28.392 		-13.583 		17.289
v 22.927 		0 		20.869
v 16 		-20 		12.003
v 22.629 		-1.685 		20.869
v 22.852 		-0.855 		20.869
v 33.566 		-6.537 		17.332
v 34 		-6.499 		17.332
v 33.566 		-6.537 		8.668
v 21.167 		0.558 		16.168
v 17.442 		-3.167 		16.168
v 17.566 		-2.463 		15.668
v 34.434 		-6.537 		8.668
v 21.022 		1.1 		16.168
v 34.855 		-7.518 		17.701
v 16.4732 		-2.7381 		16.1141
v 16.4462 		-2.8103 		16.168
v 16.749 		-2.166 		15.668
v 34.855 		-7.518 		8.299
v 21.319 		1.916 		16.784
v 16.5739 		-2.4696 		15.9132
v 16.6781 		-2.1918 		15.7115
v 21.601 		1.311 		16.784
v 16.7005 		-2.132 		15.668
v 34.855 		-6.65 		17.332
v 35.311 		-7.9 		8.299
v 34.9234 		-6.4624 		17.1924
v 16.463 		-14.067 		4.832
v 35.482 		-8.145 		8.299
v 18 		-3.216 		16.168
v 32.9 		-5.978 		16.832
v 16.463 		-12.434 		5.332
v 33.442 		-5.833 		16.832
v 35.2367 		-7.298 		8.4861
v 35.1 		-7.689 		8.299
v 17.022 		-13.1 		4.832
v 16.9 		-3.022 		16.168
v 35.2959 		-7.4557 		8.4413
v 34.558 		-5.833 		16.832
v 35.4262 		-7.8033 		8.3693
v 34.5994 		-5.5983 		16.5938
v 35.4531 		-7.8749 		8.3603
v 35.5415 		-8.1106 		8.3311
v 35.5544 		-8.145 		8.3298
v 19.251 		-2.166 		15.668
v 34.855 		-6.65 		8.668
v 34 		-5.784 		16.832
v 18.855 		-2.35 		15.668
v 35.1368 		-7.0313 		8.5615
v 35.1078 		-6.954 		8.5886
v 34.9234 		-6.4624 		8.8076
v 34.8275 		-6.2067 		8.9634
v 34.7018 		-5.8715 		16.832
v 20.463 		-2.067 		16.168
v 34.969 		-6.5841 		8.7437
v 35.023 		-6.7281 		8.668
v 20.067 		-2.463 		16.168
v 32.9 		-5.978 		9.168
v 33.442 		-5.833 		9.168
v 18.558 		-3.167 		16.168
v 18.434 		-2.463 		15.668
v 34.558 		-5.833 		9.168
v 18.417 		-10.392 		2.711
v 25 		18 		14.003
v 34 		-5.168 		9.784
v 34 		-5.784 		9.168
v 19.608 		-2.785 		16.168
v 34.5994 		-5.5983 		9.4062
v 34.5089 		-5.357 		9.6394
v 18.266 		-11.248 		3.501
v 18.629 		-11.184 		2.711
v 34.6644 		-5.7717 		9.255
v 19.1 		-3.022 		16.168
v 34.7018 		-5.8715 		9.168
v 33.335 		-5.226 		9.784
v 18.701 		-12 		2.711
v 17.145 		-1.482 		15.299
v 34.3601 		-4.9602 		10.1264
v 18.071 		-10.518 		3.501
v 34.4528 		-5.2075 		9.784
v 17.096 		-1.0774 		15.2173
v 17.0582 		-1.1783 		15.2453
v 33.248 		-4.734 		10.499
v 34 		-4.668 		10.499
v 18.332 		-12 		3.501
v 33.184 		-4.371 		11.289
v 16.8889 		-1.6296 		15.4245
v 16.9859 		-1.371 		15.299
v 34.116 		-4.3092 		11.289
v 34.2204 		-4.5878 		10.7124
v 34.259 		-4.6907 		10.499
v 18.297 		-1.685 		15.299
v 33.145 		-4.148 		12.131
v 18 		-1.711 		15.299
v 17.703 		-1.685 		15.299
v 17.703 		-1.685 		15.299
v 17.601 		-8.978 		2.711
v 18.071 		-9.65 		2.711
v 11.148 		-19.145 		6.131
v 17.022 		-8.399 		2.711
v 17.319 		-9.215 		3.501
v 17.752 		-9.834 		3.501
v 17.703 		-1.685 		15.299
v 17.703 		-1.685 		15.299
v 12.248 		-17.834 		4.499
v 16.785 		-8.681 		3.501
v 17.415 		-1.608 		15.299
v 11.371 		-18.315 		6.131
v 11.583 		-18.392 		5.289
v 17.601 		-10.689 		4.216
v 17.335 		-0.558 		15.073
v 17.3619 		-0.3683 		15.0616
v 11.929 		-17.65 		5.289
v 28.518 		-13.929 		16.499
v 36.35 		-13.071 		14.711
v 17.2704 		-0.6122 		15.0956
v 17.2838 		-0.5766 		15.0872
v 34 		-4.299 		11.289
v 17.832 		-12 		4.216
v 26.833 		-14.226 		18.131
v 27.537 		-13.734 		18.131
v 11.734 		-17.537 		6.131
v 27.65 		-13.929 		17.289
v 34.1052 		-4.2804 		11.3926
v 16.785 		-10.392 		4.832
v 12.226 		-16.833 		6.131
v 28.315 		-13.371 		18.131
v 17.167 		-11.442 		4.832
v 17.774 		-11.335 		4.216
v 34 		-4.073 		12.131
v 34.0283 		-4.0755 		12.131
v 34.0274 		-4.073 		12.1584
v 11.073 		-19.131 		7
v 33.145 		-4.148 		13.869
v 17.022 		-10.9 		4.832
v 25.668 		-15.499 		19
v 11.148 		-19.145 		7.869
v 26.168 		-14.784 		19
v 16.463 		-11.566 		5.332
v 17.3062 		-0.5169 		15.073
v 35.608 		-13.417 		14.711
v 33.131 		-4.073 		13
v 33.9993 		-3.9981 		12.9993
v 33.9993 		-3.9981 		13
v 11.668 		-17.499 		7
v 36.785 		-12.319 		15.501
v 36.166 		-12.752 		15.501
v 12.168 		-16.784 		7
v 11.371 		-18.315 		7.869
v 11.299 		-18.289 		7
v 35.916 		-12.319 		16.216
v 35.311 		-12.601 		16.216
v 35.482 		-13.071 		15.501
v 22.266 		0.752 		17.499
v 11.734 		-17.537 		7.869
v 21.774 		0.665 		16.784
v 26.5355 		-20 		16.0242
v 22.417 		1.608 		18.289
v 22.071 		1.482 		17.499
v 12.226 		-16.833 		7.869
v 22.629 		0.816 		18.289
v 36.463 		-11.936 		16.216
v 36.8361 		-11.5629 		16.216
v 28.512 		-20 		14.668
v 28.3215 		-20 		14.7448
v 27.6168 		-20 		15.095
v 12.681 		-17.215 		4.499
v 37.022 		-12.601 		14.711
v 37.1699 		-12.4531 		14.711
v 13.215 		-16.681 		4.499
v 27.49 		-20 		15.168
v 27.1572 		-20 		15.4413
v 37.0284 		-12.0756 		15.501
v 21.319 		2.785 		17.499
v 26.7398 		-20 		15.784
v 12.399 		-16.978 		5.289
v 12.978 		-16.399 		5.289
v 36.7358 		-11.2954 		16.4768
v 36.067 		-11.463 		16.832
v 21.022 		3.601 		18.289
v 30.5158 		-20 		14.4682
v 30.3525 		-20 		14.4484
v 30.1824 		-20 		14.4414
v 30 		-20 		14.434
v 21.601 		3.022 		18.289
v 21.752 		2.166 		17.499
v 29.8332 		-20 		14.4408
v 29.6475 		-20 		14.4484
v 29.4387 		-20 		14.4738
v 35.608 		-11.785 		16.832
v 29.2724 		-20 		14.4939
v 28.9471 		-20 		14.5582
v 28.8451 		-20 		14.5784
v 35.1 		-12.022 		16.832
v 22.071 		2.35 		18.289
v 31.2217 		-20 		14.5964
v 31.1549 		-20 		14.5784
v 16.752 		-19.566 		2.073
v 31.488 		-20 		14.668
v 36.6385 		-11.036 		16.7057
v 36.463 		-11.067 		16.832
v 36.5849 		-10.8932 		16.832
v 30.855 		-20 		14.5192
v 30.7276 		-20 		14.4939
v 16.855 		-19.849 		2.073
v 22.629 		1.685 		19.131
v 32.51 		-20 		15.168
v 32.4386 		-20 		15.1269
v 32.3832 		-20 		15.095
v 36.166 		-10.251 		17.332
v 31.6785 		-20 		14.7448
v 36.3933 		-10.3821 		17.1484
v 31.608 		-20 		14.7163
v 16.816 		-19.703 		2.073
v 35.916 		-10.608 		17.332
v 36.478 		-10.608 		17.0086
v 35.608 		-10.916 		17.332
v 22.701 		1.711 		20
v 22.927 		0.869 		20
v 22.852 		0.855 		19.131
v 32.8542 		-20 		15.4504
v 33.2602 		-20 		15.784
v 33.7227 		-20 		16.3602
v 33.4645 		-20 		16.0242
v 33.319 		-20 		15.8531
v 17.685 		-19.703 		2.299
v 35.1 		-10.311 		17.701
v 35.251 		-11.166 		17.332
v 16.434 		-19.248 		2.073
v 21.774 		3.167 		19.131
v 16.558 		-19.335 		2.073
v 22.266 		2.463 		19.131
v 16.665 		-19.442 		2.073
v 36.3331 		-10.2215 		17.2344
v 21.216 		3.832 		20
v 16.855 		-18.518 		2.299
v 21.167 		3.774 		19.131
v 35.685 		-9.297 		17.701
v 36.0077 		-9.3538 		17.548
v 35.608 		-9.585 		17.701
v 36.0642 		-9.5044 		17.5041
v 36.1712 		-9.7899 		17.4209
v 21.832 		3.216 		20
v 36.1956 		-9.855 		17.3976
v 17.311 		-18.9 		2.299
v 36.2646 		-10.0389 		17.332
v 22.332 		2.501 		20
v 17.1 		-18.689 		2.299
v 35.482 		-9.855 		17.701
v 35.311 		-10.1 		17.701
v 18.297 		-0.816 		15.073
v 22.629 		1.685 		20.869
v 18.151 		-0.855 		15.073
v 34 		-4 		12.9768
v 17.849 		-0.855 		15.073
v 34 		-4 		13.0232
v 34 		-4.073 		13.869
v 25.371 		-16.315 		19.869
v 25.299 		-16.289 		19
v 35.6499 		-8.3998 		17.6802
v 35.608 		-8.415 		17.701
v 35.6409 		-8.3757 		17.6792
v 17.566 		-0.752 		15.073
v 34.0317 		-4.0846 		13.9017
v 35.7448 		-8.6528 		17.6678
v 34.0283 		-4.0755 		13.869
v 17.442 		-0.665 		15.073
v 35.7588 		-8.69 		17.666
v 25.734 		-15.537 		19.869
v 35.8458 		-8.9222 		17.6348
v 35.711 		-9 		17.701
v 35.875 		-9 		17.6244
v 35.9502 		-9.2005 		17.5811
v 18 		-0.869 		15.073
v 26.226 		-14.833 		19.869
v 35.685 		-8.703 		17.701
v 17.703 		-0.816 		15.073
v 26.784 		-14.168 		19
v 22.852 		0.855 		20.869
v 26.833 		-14.226 		19.869
v 29.834 		-4.752 		2.501
v 27.537 		-13.734 		19.869
v 27.499 		-13.668 		19
v 18 		0 		14.998
v 35.2959 		-7.4557 		17.5587
v 35.1907 		-7.1753 		17.4793
v 28.289 		-13.299 		19
v 35.4262 		-7.8033 		17.6307
v 35.311 		-7.9 		17.701
v 30.689 		-4.601 		3.216
v 35.5258 		-8.0689 		17.6637
v 35.482 		-8.145 		17.701
v 30.518 		-5.071 		2.501
v 35.5415 		-8.1106 		17.6689
v 35.1 		-7.689 		17.701
v 29.215 		-4.319 		2.501
v 28.315 		-13.371 		19.869
v 17.421 		-0.2108 		15.0512
v 35.023 		-6.7281 		17.332
v 17.4645 		-0.0946 		15.045
v 35.1368 		-7.0313 		17.4385
v 17.5 		0 		15.0412
v 19.1 		-1.311 		15.299
v 30.084 		-4.319 		3.216
v 18.855 		-1.482 		15.299
v 32.752 		-5.266 		2.501
v 25.929 		-15.65 		20.711
v 31.248 		-5.266 		2.501
v 32.689 		-12.601 		9.784
v 19.311 		-1.1 		15.299
v 26.399 		-14.978 		20.711
v 19.608 		-1.916 		15.668
v 26.978 		-14.399 		20.711
v 32 		-5.332 		2.501
v 32.084 		-12.319 		9.784
v 27.65 		-13.929 		20.711
v 18.585 		-1.608 		15.299
v 28.392 		-13.583 		20.711
v 31.834 		-12.752 		10.499
v 31.215 		-12.319 		10.499
v 32 		-4.832 		3.216
v 29.248 		-13.734 		16.499
v 20.166 		-1.251 		15.668
v 30 		-13.668 		16.499
v 32.518 		-13.071 		10.499
v 19.916 		-1.608 		15.668
v 32.558 		-4.167 		3.832
v 29.184 		-13.371 		17.289
v 32.665 		-4.774 		3.216
v 30.978 		-12.601 		11.289
v 29.145 		-13.148 		18.131
v 32.315 		-13.629 		12.131
v 31.442 		-4.167 		3.832
v 32.392 		-13.417 		11.289
v 31.335 		-4.774 		3.216
v 18.855 		-0.151 		15.073
v 18.869 		0 		15.073
v 30 		-13.299 		17.289
v 18.752 		-0.434 		15.073
v 18.665 		-0.558 		15.073
v 31.65 		-13.071 		11.289
v 18.558 		-0.665 		15.073
v 30 		-13.073 		18.131
v 32 		-4.216 		3.832
v 18.816 		-0.297 		15.073
v 31.537 		-13.266 		12.131
v 30.833 		-12.774 		12.131
v 18.434 		-0.752 		15.073
v 29.064 		-3.463 		3.216
v 32.166 		-14.248 		16.499
v 30.392 		-3.785 		3.832
v 30.399 		-10.311 		9.784
v 19.685 		-0.297 		15.299
v 19.685 		-0.297 		15.299
v 29.933 		-3.463 		3.832
v 19.711 		0 		15.299
v 30.816 		-13.371 		17.289
v 29.537 		-3.936 		3.216
v 30.752 		-13.734 		16.499
v 30.681 		-10.916 		9.784
v 19.482 		-0.855 		15.299
v 29.537 		-3.067 		3.832
v 19.685 		-0.297 		15.299
v 31.482 		-13.929 		16.499
v 20.463 		-0.434 		15.668
v 19.685 		-0.297 		15.299
v 20.35 		-0.855 		15.668
v 19.608 		-0.585 		15.299
v 30.855 		-13.148 		18.131
v 31.685 		-13.371 		18.131
v 31.608 		-13.583 		17.289
v 21.774 		3.167 		20.869
v 22.266 		2.463 		20.869
v 32.35 		-13.929 		17.289
v 21.167 		3.774 		20.869
v 20.501 		0 		15.668
v 24.335 		14.226 		5.784
v 20.785 		-1.608 		16.168
v 32.463 		-13.734 		18.131
v 34.116 		-4.3092 		14.711
v 34.1432 		-4.3818 		14.8614
v 34.259 		-4.6907 		15.501
v 34.3655 		-4.9747 		15.894
v 29.131 		-13.073 		19
v 16.315 		-4.629 		19.131
v 34.4528 		-5.2075 		16.216
v 30 		-12.998 		19
v 24.145 		15.65 		4.668
v 15.8777 		-4.3262 		18.7955
v 15.9252 		-4.1993 		18.289
v 16.289 		-4.701 		20
v 15.8194 		-4.4816 		20
v 15.8303 		-4.4526 		19.6472
v 30 		-13.073 		19.869
v 15.8462 		-4.4102 		19.131
v 23.57 		16.1866 		4.5808
v 16.2825 		-3.2468 		16.6342
v 24.566 		15.537 		4.668
v 29.145 		-13.148 		19.869
v 16.1114 		-3.703 		17.267
v 16.2299 		-3.387 		16.784
v 16.0544 		-3.8548 		17.499
v 15.9734 		-4.071 		17.9947
v 17.216 		-12 		4.832
v 16.315 		-4.629 		20.869
v 23.749 		15.834 		4.668
v 15.8355 		-4.4387 		20.5241
v 15.8462 		-4.4102 		20.869
v 23.3886 		15.7028 		4.8889
v 18 		-4.332 		17.499
v 23.5025 		16.0066 		4.668
v 24.442 		14.833 		5.168
v 16.501 		-12 		5.332
v 18 		-4.701 		18.289
v 23.392 		15.215 		5.168
v 17.184 		-4.629 		18.289
v 17.248 		-4.266 		17.499
v 23.2444 		15.3185 		5.168
v 16.463 		-9.064 		4.216
v 16.936 		-9.537 		4.216
v 23.689 		14.399 		5.784
v 17.319 		-10.084 		4.216
v 23.9 		14.978 		5.168
v 16.463 		-9.933 		4.832
v 23.1924 		15.1798 		5.3118
v 16.392 		-4.417 		18.289
v 23.0217 		14.7246 		5.784
v 23.084 		14.681 		5.784
v 17.482 		-19.145 		2.299
v 23.0054 		14.681 		5.8487
v 11.9789 		-14.723 		4.6449
v 12.0465 		-14.5426 		4.832
v 12.1922 		-14.1541 		5.1144
v 18.166 		-18.749 		2.668
v 12.392 		-14.785 		4.832
v 18.35 		-19.145 		2.668
v 17.608 		-19.415 		2.299
v 22.8436 		14.2497 		6.4909
v 22.8417 		14.2444 		6.499
v 22.8597 		14.2925 		6.4256
v 24.184 		13.371 		7.289
v 24.248 		13.734 		6.499
v 12.392 		-13.916 		5.332
v 12.3116 		-13.8356 		5.332
v 12.749 		-14.166 		5.332
v 23.518 		13.929 		6.499
v 22.7234 		13.929 		7.2222
v 18.463 		-19.566 		2.668
v 24.145 		13.148 		8.131
v 12.5409 		-13.2244 		5.6106
v 12.689 		-13.1 		5.701
v 23.315 		13.371 		8.131
v 12.623 		-13.0054 		5.701
v 23.392 		13.583 		7.289
v 12.9 		-13.311 		5.701
v 22.6432 		13.7152 		8.0264
v 22.7125 		13.8999 		7.289
v 12.7239 		-12.7363 		5.7647
v 12.842 		-12.4214 		5.8294
v 12.7533 		-12.6579 		5.7808
v 19.167 		-19.442 		3.168
v 12.8878 		-12.2993 		5.8498
v 22.6334 		13.689 		8.131
v 12.9291 		-12.189 		5.8682
v 19.601 		-18.689 		3.784
v 12.9793 		-12.0552 		5.885
v 19.022 		-18.9 		3.168
v 26.399 		-19.311 		15.784
v 32.084 		-10.608 		8.668
v 24.703 		16.315 		4.299
v 24.703 		16.315 		4.299
v 24.703 		16.315 		4.299
v 26.226 		-18.665 		15.784
v 19.774 		-19.335 		3.784
v 24.703 		16.315 		4.299
v 28.518 		-18.855 		14.299
v 16.855 		-17.65 		2.668
v 28.392 		-18.585 		14.299
v 16.585 		-18.392 		2.299
v 36.3933 		-10.3821 		8.8516
v 36.5849 		-10.8932 		9.168
v 28.084 		-19.608 		14.668
v 36.7358 		-11.2954 		9.5232
v 36.8361 		-11.5629 		9.784
v 17.916 		-18.392 		2.668
v 24.566 		17.248 		4.073
v 28.392 		-19.916 		14.668
v 24.442 		17.335 		4.073
v 36.0077 		-9.3538 		8.452
v 16.434 		-17.537 		2.668
v 36.1247 		-9.666 		8.543
v 36.1712 		-9.7899 		8.5791
v 24.2966 		18.1242 		4.0597
v 24.25 		18 		4.0627
v 27.215 		-19.608 		15.168
v 36.2646 		-10.0389 		8.668
v 24.3401 		18.2402 		4.0587
v 24.3834 		18.3558 		4.0595
v 35.6499 		-8.3998 		8.3198
v 35.659 		-8.424 		8.321
v 35.7588 		-8.69 		8.334
v 17.251 		-17.834 		2.668
v 35.7761 		-8.7361 		8.3402
v 35.875 		-9 		8.3756
v 24.335 		17.442 		4.073
v 27.834 		-19.251 		14.668
v 35.9203 		-9.1208 		8.4017
v 17.608 		-18.084 		2.668
v 27.65 		-18.855 		14.668
v 24.1968 		17.8581 		4.0685
v 24.1651 		17.7737 		4.073
v 37.1699 		-12.4531 		11.289
v 37.2566 		-12.6844 		12.131
v 29.215 		-2.608 		3.832
v 26.978 		-19.1 		15.168
v 16.558 		-16.833 		3.168
v 26.833 		-18.558 		15.168
v 27.537 		-18.434 		14.668
v 37.0284 		-12.0756 		10.499
v 37.2858 		-12.7622 		13
v 17.608 		-17.215 		3.168
v 37.2566 		-12.6844 		13.869
v 18.067 		-17.537 		3.168
v 32.501 		-13.668 		19
v 17.311 		-16.399 		3.784
v 17.1 		-16.978 		3.168
v 30.855 		-13.148 		19.869
v 30.869 		-13.073 		19
v 30.9 		-4.022 		3.832
v 31.685 		-13.371 		19.869
v 31.711 		-13.299 		19
v 17.916 		-16.681 		3.784
v 32.463 		-13.734 		19.869
v 18.463 		-17.933 		3.168
v 18.463 		-17.064 		3.784
v 18.936 		-17.537 		3.784
v 18.785 		-18.392 		3.168
v 30.392 		-2.916 		4.332
v 30.084 		-2.608 		4.332
v 29.184 		-13.371 		20.711
v 19.319 		-18.084 		3.784
v 30.689 		-2.1 		4.701
v 30 		-13.299 		20.711
v 29.834 		-2.251 		4.332
v 20.071 		-18.518 		4.499
v 20.266 		-19.248 		4.499
v 30.816 		-13.371 		20.711
v 32.7193 		-0.5849 		4.9303
v 31.608 		-13.583 		20.711
v 32.5303 		-0.0809 		4.8753
v 32.6047 		-0.2793 		4.9075
v 32.5913 		-0.2434 		4.9017
v 32.6656 		-0.4415 		4.9268
v 18.752 		-4.266 		17.499
v 32.6666 		-0.4443 		4.927
v 31.566 		-3.463 		4.332
v 18.785 		-16.681 		4.499
v 19.608 		-4.417 		18.289
v 19.319 		-17.215 		4.499
v 31.145 		-3.35 		4.332
v 18.816 		-4.629 		18.289
v 34.2748 		-4.7328 		2.4006
v 34.2579 		-4.6877 		2.501
v 34.1196 		-4.319 		3.0485
v 34.0773 		-4.2061 		3.216
v 19.752 		-17.834 		4.499
v 32.434 		-3.463 		4.332
v 17.145 		-4.852 		19.131
v 31.834 		-10.251 		8.668
v 32 		-3.501 		4.332
v 19.022 		-16.399 		5.289
v 32.392 		-11.785 		9.168
v 19.601 		-16.978 		5.289
v 32.749 		-11.166 		8.668
v 18 		-5.003 		20
v 18 		-4.927 		19.131
v 20.417 		-18.392 		5.289
v 31.933 		-11.463 		9.168
v 30.749 		-3.166 		4.332
v 19.774 		-16.833 		6.131
v 32.392 		-10.916 		8.668
v 20.266 		-17.537 		6.131
v 20.071 		-17.65 		5.289
v 17.131 		-4.927 		20
v 31.537 		-11.067 		9.168
v 31.703 		-2.685 		4.701
v 31.415 		-2.608 		4.701
v 20.463 		-4.266 		19.131
v 19.685 		-4.629 		19.131
v 19.832 		-16.784 		7
v 31.215 		-10.608 		9.168
v 19.774 		-16.833 		7.869
v 20.266 		-17.537 		7.869
v 20.332 		-17.499 		7
v 31.145 		-2.482 		4.701
v 31.537 		-11.936 		9.784
v 32.35 		-13.929 		20.711
v 31.064 		-11.463 		9.784
v 30.9 		-2.311 		4.701
v 20.629 		-19.184 		5.289
v 32.785 		-14.681 		16.499
v 20.629 		-18.315 		6.131
v 33.319 		-15.215 		16.499
v 32.585 		-2.608 		4.701
v 30.168 		-9 		9.784
v 32 		-2.711 		4.701
v 33.022 		-14.399 		17.289
v 33.601 		-14.978 		17.289
v 20.852 		-19.145 		6.131
v 33.752 		-15.834 		16.499
v 30.226 		-8.335 		9.784
v 32.297 		-2.685 		4.701
v 20.927 		-19.131 		7
v 34.071 		-15.65 		17.289
v 20.629 		-18.315 		7.869
v 30.226 		-9.665 		9.784
v 20.701 		-18.289 		7
v 32.689 		-10.1 		8.299
v 29.65 		-1.855 		4.332
v 33.774 		-14.833 		18.131
v 34.266 		-15.537 		18.131
v 32.518 		-9.855 		8.299
v 20.852 		-19.145 		7.869
v 34.629 		-16.315 		18.131
v 30.518 		-1.855 		4.701
v 30.392 		-1.585 		4.701
v 33.9415 		-3.8439 		3.5918
v 24.248 		17.566 		4.073
v 33.8545 		-3.6121 		3.832
v 29.537 		-1.434 		4.332
v 33.7562 		-3.3499 		4.0224
v 33.167 		-14.226 		18.131
v 24.184 		17.703 		4.073
v 24.1315 		17.6839 		4.088
v 24.1386 		17.703 		4.0848
v 33.216 		-14.168 		19
v 33.5818 		-2.8848 		4.351
v 33.2939 		-2.1171 		4.701
v 33.5965 		-2.924 		4.332
v 24.4295 		18.4787 		4.0623
v 33.832 		-14.784 		19
v 24.4817 		18.6177 		4.0677
v 33.5895 		-2.9053 		4.3411
v 30.315 		-1.297 		4.701
v 24.566 		18.752 		4.073
v 24.5199 		18.7196 		4.073
v 33.2767 		-2.0712 		4.713
v 24.5454 		18.7877 		4.0841
v 24.5551 		18.8137 		4.0893
v 32.937 		-1.1654 		4.9047
v 32.9269 		-1.1383 		4.908
v 24.415 		16.392 		4.299
v 33.0133 		-1.3687 		4.8707
v 32.9864 		-1.297 		4.8827
v 33.774 		-14.833 		19.869
v 34.266 		-15.537 		19.869
v 33.1166 		-1.6443 		4.8141
v 33.058 		-1.488 		4.8462
v 29.537 		-0.566 		4.332
v 34.332 		-15.499 		19
v 24.145 		16.518 		4.299
v 33.1504 		-1.7345 		4.7927
v 29.65 		-0.145 		4.332
v 34.701 		-16.289 		19
v 23.9057 		17.0818 		4.2232
v 23.797 		16.792 		4.299
v 23.9943 		17.3181 		4.1672
v 30.289 		-1 		4.701
v 30.392 		-0.415 		4.701
v 33.167 		-14.226 		19.869
v 23.9 		16.689 		4.299
v 23.6441 		16.3842 		4.4849
v 34.629 		-16.315 		19.869
v 24.0429 		17.4477 		4.1365
v 29.499 		-1 		4.332
v 24.0759 		17.5356 		4.1184
v 26.681 		-19.916 		15.784
v 24.849 		17.145 		4.073
v 30.315 		-0.703 		4.701
v 33.601 		-14.978 		20.711
v 32.875 		-1 		4.9254
v 32.8743 		-0.9981 		4.9255
v 32.867 		-0.9787 		4.927
v 34.071 		-15.65 		20.711
v 32.7699 		-0.7198 		4.9313
v 32.8206 		-0.8551 		4.9301
v 16 		-16.168 		3.784
v 30.518 		-0.145 		4.701
v 33.022 		-14.399 		20.711
v 15.335 		-16.226 		3.784
v 32.315 		-9.297 		8.299
v 31.703 		-1.816 		4.927
v 26.168 		-18 		15.784
v 26.399 		-16.689 		15.784
v 31.566 		-1.752 		4.927
v 13.248 		-16.266 		3.501
v 31.442 		-1.665 		4.927
v 26.226 		-17.335 		15.784
v 31.335 		-1.558 		4.927
v 31.65 		-9.855 		8.668
v 32.392 		-9.585 		8.299
v 14 		-16.332 		3.501
v 18.869 		-4.927 		20
v 18.855 		-4.852 		19.131
v 12.518 		-16.071 		3.501
v 28.315 		-17.703 		14.299
v 28.315 		-17.703 		14.299
v 28.289 		-18 		14.299
v 30.978 		-10.1 		9.168
v 19.711 		-4.701 		20
v 30.833 		-9.558 		9.168
v 31.537 		-9.434 		8.668
v 28.518 		-17.145 		14.299
v 14.752 		-16.266 		3.501
v 28.315 		-18.297 		14.299
v 31.2238 		3.4031 		2.2025
v 31.2744 		3.2683 		2.501
v 18 		-3.832 		16.784
v 28.315 		-17.703 		14.299
v 31.2828 		3.2459 		2.5341
v 28.315 		-17.703 		14.299
v 11.4424 		-16.1535 		2.0114
v 31.4558 		2.7845 		3.216
v 31.517 		2.6213 		3.3846
v 16.689 		-3.601 		16.784
v 31.6796 		2.1879 		3.832
v 24.703 		17.184 		4.073
v 28.392 		-17.415 		14.299
v 32.2413 		0.6899 		4.701
v 32.2798 		0.5872 		4.7276
v 17.335 		-3.774 		16.784
v 32.4309 		0.1842 		4.8219
v 32.297 		0.5413 		4.7384
v 32.4849 		0.0404 		4.8509
v 16.518 		-4.071 		17.499
v 31.8862 		1.6368 		4.23
v 31.9391 		1.4957 		4.332
v 32 		1.3333 		4.4103
v 27.499 		-18 		14.668
v 20.463 		-2.936 		16.784
v 28.998 		9.3387 		1.998
v 19.311 		-3.601 		16.784
v 27.1403 		14.2925 		6.4256
v 26.833 		-17.442 		15.168
v 27.537 		-17.566 		14.668
v 27.1583 		14.2444 		6.499
v 27.1598 		14.2406 		6.5078
v 27.2875 		13.8999 		7.289
v 27.2942 		13.8822 		7.3597
v 27.3666 		13.689 		8.131
v 11.834 		-15.752 		3.501
v 11.65 		-16.071 		2.711
v 19.916 		-3.319 		16.784
v 27.3699 		13.6802 		8.2385
v 11.5428 		-15.8858 		2.9056
v 11.5101 		-15.9731 		2.711
v 27.3934 		13.6177 		9
v 27.3897 		13.6275 		9.1185
v 11.7153 		-15.4259 		3.7868
v 11.6431 		-15.6184 		3.501
v 26.784 		-18 		15.168
v 27.3666 		13.689 		9.869
v 31.248 		-1.434 		4.927
v 27.3568 		13.7152 		9.9736
v 31.184 		-1.297 		4.927
v 27.2875 		13.8999 		10.711
v 27.2766 		13.929 		10.7778
v 27.1403 		14.2925 		11.5744
v 31.145 		-1.151 		4.927
v 27.65 		-17.145 		14.668
v 27.1583 		14.2444 		11.501
v 27.1564 		14.2497 		11.5091
v 16.35 		-16.071 		2.711
v 16.166 		-15.752 		3.501
v 26.4975 		16.0066 		4.668
v 26.608 		15.712 		4.882
v 27.215 		-16.392 		15.168
v 27.834 		-16.749 		14.668
v 32.665 		-1.558 		4.927
v 26.7556 		15.3185 		5.168
v 32.558 		-1.665 		4.927
v 26.9412 		14.8236 		5.6814
v 28.084 		-16.392 		14.668
v 26.9783 		14.7246 		5.784
v 32.434 		-1.752 		4.927
v 32.297 		-1.816 		4.927
v 15.482 		-16.071 		3.501
v 32.151 		-1.855 		4.927
v 26.978 		-16.9 		15.168
v 32 		-1.869 		4.927
v 12.084 		-15.319 		4.216
v 31.849 		-1.855 		4.927
v 11.8237 		-15.1368 		4.216
v 25.6166 		18.3558 		4.0595
v 25.6599 		18.2402 		4.0587
v 25.7034 		18.1242 		4.0597
v 25.75 		18 		4.0627
v 25.8032 		17.8581 		4.0685
v 13.834 		-16.248 		4.499
v 30.585 		-19.608 		14.299
v 30.297 		-19.685 		14.299
v 32.752 		-1.434 		4.927
v 30 		-19.711 		14.299
v 29.703 		-19.685 		14.299
v 29.703 		-19.685 		14.299
v 25.8349 		17.7737 		4.073
v 12.833 		-16.226 		6.131
v 13.537 		-15.734 		6.131
v 25.8685 		17.6839 		4.088
v 13.65 		-15.929 		5.289
v 25.8822 		17.6476 		4.0955
v 29.145 		-19.482 		14.299
v 25.4801 		18.7196 		4.073
v 25.5183 		18.6177 		4.0677
v 25.5705 		18.4787 		4.0623
v 14.315 		-15.371 		6.131
v 25.4546 		18.7877 		4.0841
v 25.4599 		18.7737 		4.0818
v 14 		-15.832 		4.216
v 26.0426 		17.2198 		4.1905
v 26.0943 		17.0818 		4.2232
v 26.203 		16.792 		4.299
v 29.703 		-19.685 		14.299
v 29.703 		-19.685 		14.299
v 26.3559 		16.3842 		4.4849
v 25.9571 		17.4477 		4.1365
v 29.415 		-19.608 		14.299
v 25.2089 		19.4429 		4.232
v 25.2399 		19.3603 		4.2106
v 25.3196 		19.1476 		4.1608
v 25.3694 		19.015 		4.1298
v 31.145 		-0.849 		4.927
v 31.131 		-1 		4.927
v 25.3985 		18.9372 		4.1141
v 31.184 		-0.703 		4.927
v 31.248 		-0.566 		4.927
v 29.566 		-18.752 		14.073
v 25.1121 		19.7012 		4.299
v 31.335 		-0.442 		4.927
v 29.442 		-18.665 		14.073
v 25 		20 		4.434
v 25.0657 		19.8248 		4.3549
v 29.335 		-18.558 		14.073
v 31.442 		-0.335 		4.927
v 31.566 		-0.248 		4.927
v 31.703 		-0.184 		4.927
v 28.9 		-19.311 		14.299
v 28.689 		-19.1 		14.299
v 29.248 		-18.434 		14.073
v 32 		-1 		5.003
v 30.665 		-18.558 		14.073
v 30.558 		-18.665 		14.073
v 30.151 		-18.855 		14.073
v 29.849 		-18.855 		14.073
v 30.434 		-18.752 		14.073
v 30.297 		-18.816 		14.073
v 18.665 		-3.774 		16.784
v 30 		-18.869 		14.073
v 32.315 		-8.703 		8.299
v 32.315 		-8.703 		8.299
v 20.35 		-4.071 		18.289
v 32.289 		-9 		8.299
v 20.166 		-3.752 		17.499
v 29.703 		-18.816 		14.073
v 19.482 		-4.071 		17.499
v 32.315 		-8.703 		8.299
v 31.499 		-9 		8.668
v 32.315 		-8.703 		8.299
v 32.392 		-8.415 		8.299
v 31.849 		-0.145 		4.927
v 32 		-0.131 		4.927
v 30.752 		-18.434 		14.073
v 32.151 		-0.145 		4.927
v 31.608 		-18.585 		14.299
v 32.297 		-0.184 		4.927
v 31.482 		-18.855 		14.299
v 32.434 		-0.248 		4.927
v 30.833 		-8.442 		9.168
v 30.784 		-9 		9.168
v 31.537 		-8.566 		8.668
v 32.558 		-0.335 		4.927
v 31.1 		-19.311 		14.299
v 30.855 		-19.482 		14.299
v 32.665 		-0.442 		4.927
v 24.703 		18.816 		4.073
v 24.849 		18.855 		4.073
v 31.311 		-19.1 		14.299
v 24.6306 		19.015 		4.1298
v 24.7601 		19.3603 		4.2106
v 31.608 		-19.916 		14.668
v 24.703 		19.208 		4.1749
v 34.166 		-4.752 		2.501
v 33.916 		-4.319 		3.216
v 33.311 		-4.601 		3.216
v 33.482 		-5.071 		2.501
v 31.916 		-19.608 		14.668
v 24.145 		13.148 		9.869
v 24.131 		13.073 		9
v 31.834 		-12.752 		15.501
v 23.315 		13.371 		9.869
v 30.978 		-12.601 		14.711
v 23.289 		13.299 		9
v 32.463 		-18.434 		14.668
v 32.35 		-18.855 		14.668
v 32.689 		-12.601 		16.216
v 24.184 		13.371 		10.711
v 12.689 		-15.601 		4.216
v 23.392 		13.583 		10.711
v 31.215 		-12.319 		15.501
v 13.335 		-15.774 		4.216
v 32.166 		-19.251 		14.668
v 32.084 		-12.319 		16.216
v 29.145 		-17.849 		14.073
v 20.501 		-4.332 		20
v 29.248 		-17.566 		14.073
v 13.442 		-15.167 		4.832
v 29.335 		-17.442 		14.073
v 20.936 		-2.463 		16.784
v 14 		-15.216 		4.832
v 20.785 		-3.319 		17.499
v 29.184 		-18.297 		14.073
v 29.145 		-18.151 		14.073
v 30.399 		-12.022 		14.711
v 29.929 		-11.35 		14.711
v 29.583 		-10.608 		14.711
v 29.184 		-17.703 		14.073
v 12.9 		-15.022 		4.832
v 30.681 		-11.785 		15.501
v 30.248 		-11.166 		15.501
v 18 		-4.927 		20.869
v 15.248 		-15.734 		4.499
v 30.681 		-10.916 		16.216
v 16 		-15.668 		4.499
v 30.399 		-10.311 		16.216
v 29.929 		-10.482 		15.501
v 17.145 		-4.852 		20.869
v 14.392 		-15.583 		5.289
v 30.681 		-11.785 		10.499
v 14.518 		-15.929 		4.499
v 15.184 		-15.371 		5.289
v 20.463 		-4.266 		20.869
v 30.399 		-12.022 		11.289
v 30.248 		-11.166 		10.499
v 31.064 		-11.463 		16.216
v 29.583 		-10.608 		11.289
v 19.685 		-4.629 		20.869
v 31.537 		-11.936 		16.216
v 29.929 		-10.482 		10.499
v 18.855 		-4.852 		20.869
v 30.226 		-12.167 		12.131
v 29.734 		-11.463 		12.131
v 29.929 		-11.35 		11.289
v 29.371 		-10.685 		12.131
v 15.145 		-15.148 		6.131
v 17.5311 		0.0828 		15.0391
v 17.56 		0.1601 		15.0384
v 17.589 		0.2372 		15.039
v 17.6197 		0.3191 		15.0409
v 29.734 		-8.248 		15.501
v 17.6544 		0.4118 		15.0444
v 29.734 		-9.752 		15.501
v 29.371 		-9.816 		14.711
v 14.665 		-15.774 		4.216
v 29.668 		-9 		10.499
v 29.299 		-9 		14.711
v 29.734 		-9.752 		10.499
v 17.6969 		0.5251 		15.0504
v 17.7537 		0.6766 		15.0602
v 16 		-15.299 		5.289
v 17.849 		0.855 		15.073
v 17.8175 		0.8466 		15.073
v 30.168 		-9 		16.216
v 18.151 		0.855 		15.073
v 29.734 		-8.248 		10.499
v 24.248 		13.734 		11.501
v 29.668 		-9 		15.501
v 24.335 		14.226 		12.216
v 29.371 		-9.816 		11.289
v 30.226 		-8.335 		16.216
v 15.311 		-15.601 		4.216
v 23.518 		13.929 		11.501
v 29.074 		-9 		12.131
v 29.148 		-9.855 		12.131
v 29.299 		-9 		11.289
v 30.226 		-9.665 		16.216
v 23.689 		14.399 		12.216
v 34.665 		-12.774 		16.216
v 34 		-12.832 		16.216
v 23.084 		14.681 		12.216
v 31.499 		-13.332 		13
v 30.784 		-12.832 		13
v 15.916 		-15.319 		4.216
v 29.131 		-18 		14.073
v 24.442 		14.833 		12.832
v 33.335 		-12.774 		16.216
v 23.392 		15.215 		12.832
v 23.9 		14.978 		12.832
v 32.315 		-13.629 		13.869
v 32.289 		-13.701 		13
v 16 		-15.073 		6.131
v 31.537 		-13.266 		13.869
v 24.566 		15.537 		13.332
v 24.145 		15.65 		13.332
v 30.833 		-12.774 		13.869
v 29.371 		-8.184 		14.711
v 30.168 		-12.216 		13
v 14.558 		-15.167 		4.832
v 29.583 		-7.392 		14.711
v 23.749 		15.834 		13.332
v 17.8399 		0.9065 		15.087
v 17.8742 		0.9979 		15.1107
v 18 		0.869 		15.073
v 30.226 		-12.167 		13.869
v 29.734 		-11.463 		13.869
v 29.668 		-11.501 		13
v 29.299 		-10.711 		13
v 18.297 		0.816 		15.073
v 34.4967 		-5.3245 		0.0984
v 34.4727 		-5.2604 		0.8578
v 34.4723 		-5.2595 		0.869
v 34.4997 		-5.3325 		0.0014
v 34.3954 		-5.0545 		1.6642
v 34.3909 		-5.0424 		1.711
v 18 		1.3333 		15.1976
v 18.297 		1.685 		15.299
v 18.297 		1.685 		15.299
v 29.371 		-10.685 		13.869
v 15.1 		-15.022 		4.832
v 31.0611 		3.8372 		0.7838
v 31.0637 		3.8302 		0.869
v 18.297 		1.685 		15.299
v 18.297 		1.685 		15.299
v 18.1371 		1.699 		15.299
v 31.1391 		3.629 		1.6675
v 31.1432 		3.6181 		1.711
v 29.074 		-9.869 		13
v 12.784 		-16.168 		7
v 18.434 		0.752 		15.073
v 18.558 		0.665 		15.073
v 18.665 		0.558 		15.073
v 29.074 		-9 		13.869
v 18.855 		0.151 		15.073
v 12.833 		-16.226 		7.869
v 13.537 		-15.734 		7.869
v 13.499 		-15.668 		7
v 28.998 		-9 		13
v 14.289 		-15.299 		7
v 29.148 		-9.855 		13.869
v 18.752 		0.434 		15.073
v 18.816 		0.297 		15.073
v 15.6239 		-5.003 		14.998
v 14.315 		-15.371 		7.869
v 15.131 		-15.073 		7
v 19.482 		0.855 		15.299
v 16 		-14.998 		7
v 33.566 		-9.752 		8.073
v 33.442 		-9.665 		8.073
v 19.685 		0.297 		15.299
v 33.335 		-9.558 		8.073
v 16 		-15.073 		7.869
v 30.248 		-6.834 		15.501
v 29.929 		-6.65 		14.711
v 20.35 		0.855 		15.668
v 19.608 		0.585 		15.299
v 33.703 		-9.816 		8.073
v 15.145 		-15.148 		7.869
v 30.399 		-7.689 		16.216
v 29.929 		-7.518 		15.501
v 20.463 		0.434 		15.668
v 16.665 		-16.226 		3.784
v 33.248 		-9.434 		8.073
v 33.184 		-9.297 		8.073
v 30.681 		-6.215 		15.501
v 18.855 		1.482 		15.299
v 30.681 		-7.084 		16.216
v 19.311 		1.1 		15.299
v 17.022 		-15.601 		2.711
v 34.151 		-9.855 		8.073
v 18.585 		1.608 		15.299
v 33.849 		-9.855 		8.073
v 17.601 		-15.022 		2.711
v 16.785 		-15.319 		3.501
v 34.434 		-9.752 		8.073
v 19.608 		1.916 		15.668
v 31.064 		-6.537 		16.216
v 19.1 		1.311 		15.299
v 34.297 		-9.816 		8.073
v 19.916 		1.608 		15.668
v 20.166 		1.251 		15.668
v 30.399 		-5.978 		14.711
v 18.166 		-16.248 		4.499
v 34 		-9.869 		8.073
v 30.978 		-5.399 		14.711
v 31.65 		-4.929 		14.711
v 16.816 		-15.371 		5.289
v 16.752 		-15.734 		4.499
v 32.392 		-4.583 		14.711
v 18.4044 		2.4117 		15.6428
v 34.816 		-9.297 		8.073
v 34.752 		-9.434 		8.073
v 31.215 		-5.681 		15.501
v 17.482 		-15.929 		4.499
v 18.424 		2.4639 		15.668
v 34.665 		-9.558 		8.073
v 31.834 		-5.248 		15.501
v 34.558 		-9.665 		8.073
v 18.855 		2.35 		15.668
v 16.855 		-15.148 		6.131
v 18.434 		2.463 		15.668
v 17.685 		-15.371 		6.131
v 17.608 		-15.583 		5.289
v 18.4432 		2.5152 		15.7051
v 18.35 		-15.929 		5.289
v 19.608 		2.785 		16.168
v 19.251 		2.166 		15.668
v 33.145 		-8.849 		8.073
v 20.067 		2.463 		16.168
v 20.463 		2.067 		16.168
v 18.7234 		3.2623 		16.3033
v 19.1 		3.022 		16.168
v 18.6758 		3.1355 		16.168
v 33.145 		-9.151 		8.073
v 18.463 		-15.734 		6.131
v 33.131 		-9 		8.073
v 19.167 		-16.226 		6.131
v 33.248 		-8.566 		8.073
v 33.335 		-8.442 		8.073
v 33.442 		-8.335 		8.073
v 18.501 		-15.668 		7
v 19.216 		-16.168 		7
v 33.184 		-8.703 		8.073
v 16.855 		-15.148 		7.869
v 16.869 		-15.073 		7
v 17.685 		-15.371 		7.869
v 17.711 		-15.299 		7
v 18.463 		-15.734 		7.869
v 33.566 		-8.248 		8.073
v 24.703 		16.315 		13.701
v 19.167 		-16.226 		7.869
v 24.415 		16.392 		13.701
v 11.371 		-19.184 		8.711
v 24.566 		17.248 		13.927
v 24.145 		16.518 		13.701
v 33.608 		-3.785 		3.832
v 24.442 		17.335 		13.927
v 23.9 		16.689 		13.701
v 33.1 		-4.022 		3.832
v 32.855 		-3.35 		4.332
v 24.335 		17.442 		13.927
v 24.248 		17.566 		13.927
v 24.184 		17.703 		13.927
v 33.1 		-2.311 		4.701
v 32.855 		-2.482 		4.701
v 33.251 		-3.166 		4.332
v 18.8924 		3.7131 		16.784
v 18.9548 		3.8793 		17.0376
v 24.566 		18.752 		13.927
v 19.0681 		4.1816 		17.499
v 19.1244 		4.3317 		17.8427
v 19.1976 		4.5269 		18.289
v 24.849 		17.145 		13.927
v 32.855 		-1.151 		4.927
v 24.703 		17.184 		13.927
v 19.2359 		4.629 		18.6958
v 19.277 		4.7386 		19.131
v 32.816 		-1.297 		4.927
v 19.2907 		4.7751 		19.5733
v 34 		-9 		7.998
v 19.3039 		4.8103 		20
v 19.29 		4.7733 		20.4483
v 19.277 		4.7386 		20.869
v 32.869 		-1 		4.927
v 13.0621 		-11.8344 		5.9044
v 13.0504 		-11.8657 		5.902
v 13 		-12 		5.8918
v 13.1201 		-11.6798 		5.9088
v 13.1114 		-11.703 		5.9081
v 13.1779 		-11.5256 		5.9053
v 13.168 		-11.5519 		5.9059
v 13.2393 		-11.3617 		5.8935
v 13.2243 		-11.4018 		5.8964
v 29.537 		1.936 		3.216
v 20.785 		1.608 		16.168
v 29.215 		0.608 		3.832
v 29.537 		1.067 		3.832
v 29.064 		1.463 		3.216
v 19.311 		3.601 		16.784
v 29.933 		1.463 		3.832
v 20.463 		2.936 		16.784
v 30 		-18 		13.998
v 19.482 		4.071 		17.499
v 20.166 		3.752 		17.499
v 19.916 		3.319 		16.784
v 30.392 		1.785 		3.832
v 29.215 		2.319 		2.501
v 29.834 		2.752 		2.501
v 30.084 		2.319 		3.216
v 30.689 		2.601 		3.216
v 30.518 		3.071 		2.501
v 30.9 		2.022 		3.832
v 31.248 		3.266 		2.501
v 31.442 		2.167 		3.832
v 31.335 		2.774 		3.216
v 29.834 		0.251 		4.332
v 30.084 		0.608 		4.332
v 30.392 		0.916 		4.332
v 30.689 		0.1 		4.701
v 30.9 		0.311 		4.701
v 31.145 		0.482 		4.701
v 31.415 		0.608 		4.701
v 24.703 		18.816 		13.927
v 24.849 		18.855 		13.927
v 31.703 		0.685 		4.701
v 28.226 		-4.167 		0.869
v 32 		0.711 		4.701
v 30.315 		-5.629 		0.869
v 29.537 		-5.266 		0.869
v 30.665 		-17.442 		14.073
v 30.392 		-5.417 		1.711
v 28.833 		-4.774 		0.869
v 30.749 		1.166 		4.332
v 31.145 		1.35 		4.332
v 29.65 		-5.071 		1.711
v 29.442 		-17.335 		14.073
v 28.978 		-4.601 		1.711
v 28.689 		-16.9 		14.299
v 31.566 		1.463 		4.332
v 32 		-5.927 		0.869
v 28.9 		-16.689 		14.299
v 31.184 		-5.629 		1.711
v 31.145 		-5.852 		0.869
v 32 		-5.701 		1.711
v 27.734 		-3.463 		0.869
v 31.537 		-6.064 		16.216
v 32.084 		-5.681 		16.216
v 32.689 		-5.399 		16.216
v 28.248 		-3.166 		2.501
v 32.518 		-4.929 		15.501
v 28.399 		-4.022 		1.711
v 27.929 		-3.35 		1.711
v 27.583 		-2.608 		1.711
v 27.371 		-2.685 		0.869
v 28.399 		-2.311 		3.216
v 27.929 		-2.482 		2.501
v 27.734 		-0.248 		2.501
v 27.074 		-1 		0.869
v 27.734 		-1.752 		2.501
v 20.35 		4.071 		18.289
v 29.145 		-16.518 		14.299
v 29.566 		-17.248 		14.073
v 28.168 		-1 		3.216
v 33.248 		-4.734 		15.501
v 27.668 		-1 		2.501
v 33.184 		-4.371 		14.711
v 19.608 		4.417 		18.289
v 29.415 		-16.392 		14.299
v 28.226 		-0.335 		3.216
v 34 		-4.299 		14.711
v 19.685 		4.629 		19.131
v 29.703 		-17.184 		14.073
v 28.226 		-1.665 		3.216
v 29.849 		-17.145 		14.073
v 30.151 		-17.145 		14.073
v 30.434 		-17.248 		14.073
v 20.463 		4.266 		19.131
v 28.681 		-3.785 		2.501
v 30.558 		-17.335 		14.073
v 28.681 		-2.916 		3.216
v 19.711 		4.701 		20
v 30 		-17.131 		14.073
v 28.978 		-2.1 		3.832
v 27.371 		-0.184 		1.711
v 27.148 		-0.145 		0.869
v 30.585 		-16.392 		14.299
v 30.297 		-17.184 		14.073
v 27.371 		-1.816 		1.711
v 28.833 		-0.442 		3.832
v 27.148 		-1.855 		0.869
v 28.833 		-1.558 		3.832
v 34 		-5.168 		16.216
v 34 		-4.668 		15.501
v 27.299 		-1 		1.711
v 34.463 		-5.266 		0.869
v 28.784 		-1 		3.832
v 33.335 		-5.226 		16.216
v 34.35 		-5.071 		1.711
v 33.608 		-5.417 		1.711
v 33.685 		-5.629 		0.869
v 32.855 		-5.852 		0.869
v 28.248 		1.166 		2.501
v 32.392 		-11.785 		16.832
v 34.434 		-8.248 		8.073
v 34.558 		-8.335 		8.073
v 31.933 		-11.463 		16.832
v 34.665 		-8.442 		8.073
v 28.399 		0.311 		3.216
v 31.537 		-11.067 		16.832
v 27.929 		0.482 		2.501
v 32.816 		-5.629 		1.711
v 34.752 		-8.566 		8.073
v 27.371 		0.685 		0.869
v 32.749 		-11.166 		17.332
v 27.734 		1.463 		0.869
v 32.392 		-10.916 		17.332
v 34.816 		-8.703 		8.073
v 32.084 		-10.608 		17.332
v 34.855 		-8.849 		8.073
v 31.215 		-10.608 		16.832
v 27.583 		0.608 		1.711
v 28.681 		1.785 		2.501
v 34.855 		-9.151 		8.073
v 28.226 		2.167 		0.869
v 27.929 		1.35 		1.711
v 31.834 		-10.251 		17.332
v 28.399 		2.022 		1.711
v 28.978 		0.1 		3.832
v 34.869 		-9 		8.073
v 28.833 		2.774 		0.869
v 28.681 		0.916 		3.216
v 29.537 		3.266 		0.869
v 28.978 		2.601 		1.711
v 29.65 		3.071 		1.711
v 30.392 		3.417 		1.711
v 30.315 		3.629 		0.869
v 30.833 		-9.558 		16.832
v 31.65 		-9.855 		17.332
v 35.311 		-12.601 		9.784
v 30.978 		-10.1 		16.832
v 34 		-12.832 		9.784
v 32.689 		-10.1 		17.701
v 13.145 		-16.852 		0.131
v 32.518 		-9.855 		17.701
v 32.392 		-9.585 		17.701
v 12.315 		-16.629 		0.131
v 35.916 		-12.319 		9.784
v 11.734 		-19.248 		9.501
v 31.537 		-9.434 		17.332
v 14 		-17.003 		1
v 14 		-16.927 		0.131
v 34.665 		-12.774 		9.784
v 11.929 		-18.518 		9.501
v 14 		-16.927 		1.869
v 32.315 		-9.297 		17.701
v 13.131 		-16.927 		1
v 33.335 		-12.774 		9.784
v 12.226 		-19.335 		10.216
v 12.315 		-16.629 		1.869
v 12.289 		-16.701 		1
v 34.752 		-13.266 		10.499
v 30.833 		-8.442 		16.832
v 11.583 		-18.392 		8.711
v 34 		-13.332 		10.499
v 13.145 		-16.852 		1.869
v 31.537 		-8.566 		17.332
v 12.248 		-17.834 		9.501
v 11.929 		-17.65 		8.711
v 34.816 		-13.629 		11.289
v 15.685 		-16.629 		0.131
v 30.784 		-9 		16.832
v 33.184 		-13.629 		11.289
v 33.248 		-13.266 		10.499
v 12.399 		-18.689 		10.216
v 14.869 		-16.927 		1
v 14.855 		-16.852 		0.131
v 32.289 		-9 		17.701
v 32.392 		-8.415 		17.701
v 34 		-13.701 		11.289
v 31.499 		-9 		17.332
v 15.685 		-16.629 		1.869
v 13.537 		-19.566 		11.332
v 15.711 		-16.701 		1
v 33.145 		-13.852 		12.131
v 32.315 		-8.703 		17.701
v 34 		-13.927 		12.131
v 14.855 		-16.852 		1.869
v 14.315 		-19.703 		11.701
v 12.833 		-19.442 		10.832
v 36.785 		-12.319 		10.499
v 11.499 		-16.332 		1
v 11.537 		-16.266 		0.131
v 13.65 		-19.145 		11.332
v 12.978 		-18.9 		10.832
v 11.537 		-16.266 		1.869
v 36.166 		-12.752 		10.499
v 34.558 		-12.167 		16.832
v 13.834 		-18.749 		11.332
v 35.608 		-13.417 		11.289
v 35.482 		-13.071 		10.499
v 14.855 		-7.148 		0.131
v 33.442 		-12.167 		16.832
v 15.685 		-7.371 		0.131
v 15.145 		-19.849 		11.927
v 36.463 		-13.266 		12.131
v 36.35 		-13.071 		11.289
v 15.184 		-19.703 		11.927
v 15.248 		-19.566 		11.927
v 14.855 		-7.148 		1.869
v 34 		-12.216 		16.832
v 35.685 		-13.629 		12.131
v 14.869 		-7.073 		1
v 33.566 		-11.463 		17.332
v 33.145 		-11.35 		17.332
v 32.9 		-12.022 		16.832
v 34.855 		-13.852 		12.131
v 20.936 		2.463 		16.784
v 20.785 		3.319 		17.499
v 34.434 		-11.463 		17.332
v 34 		-11.501 		8.668
v 34 		-11.501 		17.332
v 33.145 		-11.35 		8.668
v 34.558 		-12.167 		9.168
v 34.434 		-11.463 		8.668
v 20.501 		4.332 		20
v 33.703 		-10.685 		17.701
v 33.415 		-10.608 		17.701
v 19.685 		4.629 		20.869
v 33.442 		-12.167 		9.168
v 33.566 		-11.463 		8.668
v 20.463 		4.266 		20.869
v 14.392 		-19.415 		11.701
v 30.855 		-18.151 		14.073
v 34 		-12.216 		9.168
v 14 		-14.501 		5.332
v 13.566 		-14.463 		5.332
v 14.9 		-18.689 		11.701
v 31.711 		-18 		14.299
v 30.869 		-18 		14.073
v 15.145 		-18.518 		11.701
v 13.145 		-14.35 		5.332
v 31.685 		-18.297 		14.299
v 31.685 		-18.297 		14.299
v 14.518 		-19.145 		11.701
v 32.9 		-12.022 		9.168
v 30.816 		-18.297 		14.073
v 15.335 		-19.442 		11.927
v 14.689 		-18.9 		11.701
v 16.067 		-14.463 		4.832
v 31.685 		-18.297 		14.299
v 33.703 		-10.685 		8.299
v 33.703 		-10.685 		8.299
v 31.685 		-18.297 		14.299
v 33.145 		-10.482 		8.299
v 15.608 		-14.785 		4.832
v 14.855 		-14.35 		5.332
v 33.703 		-10.685 		8.299
v 30.855 		-17.849 		14.073
v 33.703 		-10.685 		8.299
v 30.752 		-17.566 		14.073
v 25 		14.168 		5.784
v 31.608 		-17.415 		14.299
v 14.434 		-14.463 		5.332
v 33.415 		-10.608 		8.299
v 30.816 		-17.703 		14.073
v 31.685 		-17.703 		14.299
v 25.665 		14.226 		5.784
v 13.145 		-13.482 		5.701
v 32.9 		-10.311 		8.299
v 14.297 		-13.685 		5.701
v 14 		-13.711 		5.701
v 34.585 		-10.608 		8.299
v 30.855 		-16.518 		14.299
v 13.415 		-13.608 		5.701
v 25.297 		16.315 		4.299
v 34.297 		-10.685 		8.299
v 25 		16.289 		4.299
v 31.311 		-16.9 		14.299
v 31.482 		-17.145 		14.299
v 34 		-10.711 		8.299
v 13.703 		-13.685 		5.701
v 25.434 		15.537 		4.668
v 31.1 		-16.689 		14.299
v 25 		15.499 		4.668
v 26.251 		15.834 		4.668
v 25.855 		15.65 		4.668
v 13.248 		-12.434 		5.927
v 13.184 		-12.297 		5.927
v 31.916 		-16.392 		14.668
v 32.166 		-16.749 		14.668
v 34.855 		-11.35 		8.668
v 32.35 		-17.145 		14.668
v 14.297 		-12.816 		5.927
v 26.608 		15.215 		5.168
v 36.067 		-11.463 		9.168
v 14.151 		-12.855 		5.927
v 32.501 		-18 		14.668
v 25.558 		14.833 		5.168
v 14 		-12.869 		5.927
v 13.849 		-12.855 		5.927
v 13.703 		-12.816 		5.927
v 26.311 		14.399 		5.784
v 26.1 		14.978 		5.168
v 35.608 		-11.785 		9.168
v 13.566 		-12.752 		5.927
v 13.442 		-12.665 		5.927
v 35.1 		-12.022 		9.168
v 32.463 		-17.566 		14.668
v 13.335 		-12.558 		5.927
v 25 		14.784 		5.168
v 33.167 		-18.558 		15.168
v 33.145 		-10.482 		17.701
v 32.785 		-19.608 		15.168
v 26.916 		14.681 		5.784
v 32.9 		-10.311 		17.701
v 33.601 		-19.311 		15.784
v 15.916 		-13.608 		5.332
v 33.022 		-19.1 		15.168
v 34.585 		-10.608 		17.701
v 15.608 		-13.916 		5.332
v 25.752 		13.734 		6.499
v 34 		-10.711 		17.701
v 25 		13.668 		6.499
v 26.608 		13.583 		7.289
v 33.774 		-18.665 		15.784
v 26.482 		13.929 		6.499
v 14.855 		-13.482 		5.701
v 15.251 		-14.166 		5.332
v 25.816 		13.371 		7.289
v 34.297 		-10.685 		17.701
v 14.585 		-13.608 		5.701
v 33.319 		-19.916 		15.784
v 25.855 		13.148 		8.131
v 32.785 		-16.392 		15.168
v 25 		13.299 		7.289
v 34.855 		-11.35 		17.332
v 33.167 		-17.442 		15.168
v 15.1 		-13.311 		5.701
v 25 		13.073 		8.131
v 34.855 		-10.482 		17.701
v 14.816 		-12.297 		5.927
v 33.601 		-16.689 		15.784
v 14.752 		-12.434 		5.927
v 33.022 		-16.9 		15.168
v 14.665 		-12.558 		5.927
v 15.311 		-13.1 		5.701
v 33.832 		-18 		15.784
v 33.216 		-18 		15.168
v 26.685 		13.371 		8.131
v 33.703 		-9.816 		17.927
v 14.558 		-12.665 		5.927
v 14.434 		-12.752 		5.927
v 33.566 		-9.752 		17.927
v 33.442 		-9.665 		17.927
v 25.558 		17.335 		4.073
v 33.335 		-9.558 		17.927
v 33.774 		-17.335 		15.784
v 33.248 		-9.434 		17.927
v 25.151 		17.145 		4.073
v 33.184 		-9.297 		17.927
v 16.35 		-12.855 		5.332
v 25.434 		17.248 		4.073
v 15.685 		-7.371 		1.869
v 15.711 		-7.299 		1
v 15.685 		-12.297 		5.701
v 28.392 		-16.084 		14.668
v 15.608 		-12.585 		5.701
v 27.537 		-15.933 		15.168
v 16.166 		-13.251 		5.332
v 27.933 		-15.537 		15.168
v 34.434 		-9.752 		17.927
v 34.297 		-9.816 		17.927
v 34.151 		-9.855 		17.927
v 26.681 		-16.084 		15.784
v 34 		-9.869 		17.927
v 27.064 		-15.537 		15.784
v 17.167 		-15.774 		0.131
v 33.849 		-9.855 		17.927
v 27.537 		-15.064 		15.784
v 16.463 		-16.266 		0.131
v 28.392 		-15.215 		15.168
v 15.482 		-12.855 		5.701
v 18.332 		-14.501 		1
v 18.266 		-14.463 		0.131
v 17.832 		-15.216 		1
v 16.166 		-8.248 		3.501
v 17.774 		-15.167 		0.131
v 34.752 		-9.434 		17.927
v 34.816 		-9.297 		17.927
v 34.665 		-9.558 		17.927
v 17.216 		-15.832 		1
v 28.084 		-14.681 		15.784
v 34.558 		-9.665 		17.927
v 13.145 		-11.849 		5.927
v 13.131 		-12 		5.927
v 13.184 		-11.703 		5.927
v 13.248 		-11.566 		5.927
v 16.501 		-16.332 		1
v 29.703 		-16.315 		14.299
v 30 		-16.289 		14.299
v 30.297 		-16.315 		14.299
v 30.297 		-16.315 		14.299
v 18.266 		-14.463 		1.869
v 13.145 		-12.151 		5.927
v 17.167 		-15.774 		1.869
v 16.463 		-16.266 		1.869
v 33.145 		-8.849 		17.927
v 33.131 		-9 		17.927
v 30.297 		-16.315 		14.299
v 30.297 		-16.315 		14.299
v 33.145 		-9.151 		17.927
v 17.774 		-15.167 		1.869
v 18.852 		-12.855 		0.131
v 28.749 		-15.834 		14.668
v 18.629 		-13.685 		0.131
v 29.145 		-15.65 		14.668
v 30 		-15.499 		14.668
v 33.184 		-8.703 		17.927
v 18.852 		-12.855 		1.869
v 33.248 		-8.566 		17.927
v 18.927 		-12.869 		1
v 33.335 		-8.442 		17.927
v 18.629 		-13.685 		1.869
v 18.701 		-13.711 		1
v 33.442 		-8.335 		17.927
v 33.566 		-8.248 		17.927
v 29.566 		-15.537 		14.668
v 18.629 		-10.315 		0.131
v 30.434 		-15.537 		14.668
v 18.927 		-11.131 		1
v 18.852 		-11.145 		0.131
v 28.9 		-14.978 		15.168
v 29.442 		-14.833 		15.168
v 25.297 		17.184 		4.073
v 19.003 		-12 		1
v 18.927 		-12 		0.131
v 30.558 		-14.833 		15.168
v 25 		17.131 		4.073
v 18.629 		-10.315 		1.869
v 18.701 		-10.289 		1
v 30 		-14.784 		15.168
v 18.927 		-12 		1.869
v 28.689 		-14.399 		15.784
v 18.852 		-11.145 		1.869
v 35.1 		-10.311 		8.299
v 34.855 		-10.482 		8.299
v 25 		18 		3.998
v 30 		-14.168 		15.784
v 35.608 		-10.916 		8.668
v 35.251 		-11.166 		8.668
v 29.335 		-14.226 		15.784
v 30.665 		-14.226 		15.784
v 34 		-9 		18.003
v 30.855 		-15.65 		14.668
v 36.166 		-10.251 		8.668
v 36.463 		-11.067 		9.168
v 35.916 		-10.608 		8.668
v 31.608 		-15.215 		15.168
v 31.251 		-15.834 		14.668
v 32.067 		-15.537 		15.168
v 31.608 		-16.084 		14.668
v 36.463 		-11.936 		9.784
v 32.463 		-15.933 		15.168
v 31.1 		-14.978 		15.168
v 17.167 		-8.226 		0.131
v 31.311 		-14.399 		15.784
v 17.774 		-8.833 		0.131
v 18.266 		-9.537 		0.131
v 32.463 		-15.064 		15.784
v 17.832 		-8.784 		1
v 31.916 		-14.681 		15.784
v 17.167 		-8.226 		1.869
v 17.774 		-8.833 		1.869
v 18.266 		-9.537 		1.869
v 18.332 		-9.499 		1
v 35.685 		-9.297 		8.299
v 35.685 		-9.297 		8.299
v 35.482 		-9.855 		8.299
v 32.392 		-13.417 		14.711
v 16.501 		-7.668 		1
v 16.463 		-7.734 		0.131
v 17.216 		-8.168 		1
v 35.685 		-9.297 		8.299
v 35.685 		-9.297 		8.299
v 16.463 		-7.734 		1.869
v 35.608 		-9.585 		8.299
v 14 		-12 		6.003
v 34.434 		-8.248 		17.927
v 34.558 		-8.335 		17.927
v 35.311 		-10.1 		8.299
v 34.665 		-8.442 		17.927
v 34.752 		-8.566 		17.927
v 34.816 		-8.703 		17.927
v 35.608 		-8.415 		8.299
v 35.685 		-8.703 		8.299
v 35.711 		-9 		8.299
v 37.022 		-12.601 		11.289
v 37.167 		-12.774 		12.131
v 25.752 		17.566 		4.073
v 25.665 		17.442 		4.073
v 34 		-14.003 		13
v 25.816 		17.703 		4.073
v 34.855 		-8.849 		17.927
v 34.869 		-9 		17.927
v 34.855 		-9.151 		17.927
v 34 		-13.927 		13.869
v 31.65 		-13.071 		14.711
v 25.151 		18.855 		4.073
v 33.131 		-13.927 		13
v 25.434 		18.752 		4.073
v 25 		18.869 		4.073
v 32.518 		-13.071 		15.501
v 31.215 		-7.392 		16.832
v 33.145 		-13.852 		13.869
v 25.297 		18.816 		4.073
v 31.65 		-8.145 		17.332
v 30.978 		-7.9 		16.832
v 32.936 		-15.537 		15.784
v 33.319 		-16.084 		15.784
v 32.084 		-7.392 		17.332
v 25.585 		16.392 		4.299
v 34.869 		-13.927 		13
v 32.518 		-8.145 		17.701
v 31.834 		-7.749 		17.332
v 36.463 		-13.266 		13.869
v 36.501 		-13.332 		13
v 35.711 		-13.701 		13
v 26.1 		16.689 		4.299
v 25.855 		16.518 		4.299
v 32.689 		-7.9 		17.701
v 35.685 		-13.629 		13.869
v 34.855 		-13.852 		13.869
v 25 		19.711 		4.299
v 37.216 		-12.832 		13
v 25.869 		13.073 		9
v 37.167 		-12.774 		13.869
v 25 		12.998 		9
v 30.399 		-7.689 		9.784
v 25 		13.073 		9.869
v 25.855 		13.148 		9.869
v 30.681 		-7.084 		9.784
v 32.518 		-8.145 		8.299
v 26.711 		13.299 		9
v 31.65 		-8.145 		8.668
v 26.685 		13.371 		9.869
v 32.689 		-7.9 		8.299
v 30.978 		-7.9 		9.168
v 31.215 		-7.392 		9.168
v 31.834 		-7.749 		8.668
v 32.084 		-7.392 		8.668
v 32.392 		-7.084 		8.668
v 32.749 		-6.834 		8.668
v 31.537 		-6.933 		9.168
v 31.933 		-6.537 		9.168
v 32.392 		-6.215 		9.168
v 31.064 		-6.537 		9.784
v 31.537 		-6.064 		9.784
v 32.689 		-5.399 		9.784
v 32.084 		-5.681 		9.784
v 30.248 		-6.834 		10.499
v 30.681 		-6.215 		10.499
v 29.929 		-7.518 		10.499
v 29.371 		-8.184 		11.289
v 29.148 		-8.145 		12.131
v 29.371 		-7.315 		12.131
v 29.583 		-7.392 		11.289
v 29.929 		-6.65 		11.289
v 29.734 		-6.537 		12.131
v 30.399 		-5.978 		11.289
# 2490 vertices

g group_0_16768282

usemtl color_16768282
s 0

f 7 	8 	5
f 5 	13 	34
f 15 	1854 	18
f 18 	1854 	20
f 25 	1888 	27
f 20 	1888 	25
f 24 	7 	43
f 28 	29 	37
f 27 	37 	29
f 26 	31 	30
f 22 	24 	43
f 26 	30 	38
f 7 	33 	43
f 32 	28 	37
f 5 	34 	7
f 540 	42 	37
f 32 	37 	36
f 23 	38 	21
f 33 	7 	34
f 36 	37 	40
f 40 	37 	39
f 39 	37 	41
f 22 	43 	193
f 41 	37 	42
f 45 	42 	540
f 47 	46 	540
f 45 	540 	46
f 49 	47 	540
f 51 	63 	44
f 630 	44 	629
f 53 	50 	540
f 44 	630 	51
f 57 	540 	56
f 22 	1505 	24
f 56 	540 	58
f 61 	60 	62
f 2089 	63 	2088
f 48 	63 	2089
f 50 	49 	540
f 48 	44 	63
f 53 	540 	52
f 59 	58 	540
f 64 	540 	57
f 54 	52 	540
f 67 	63 	51
f 66 	540 	65
f 67 	51 	69
f 540 	70 	59
f 71 	70 	540
f 68 	540 	66
f 68 	71 	540
f 55 	81 	79
f 65 	540 	74
f 540 	73 	74
f 67 	75 	63
f 55 	75 	81
f 77 	73 	540
f 38 	23 	26
f 11 	289 	1
f 10 	290 	11
f 38 	30 	1728
f 81 	75 	84
f 67 	84 	75
f 30 	31 	2433
f 1913 	87 	83
f 79 	81 	88
f 86 	85 	313
f 1 	314 	85
f 94 	88 	84
f 81 	84 	88
f 69 	90 	168
f 313 	310 	86
f 86 	310 	92
f 97 	98 	99
f 101 	1201 	91
f 98 	97 	101
f 102 	101 	97
f 101 	91 	104
f 98 	101 	104
f 106 	107 	108
f 95 	96 	136
f 94 	2161 	2158
f 84 	109 	94
f 87 	105 	107
f 108 	107 	105
f 111 	112 	98
f 99 	98 	112
f 112 	111 	116
f 110 	89 	255
f 107 	106 	113
f 114 	113 	106
f 94 	109 	2161
f 113 	137 	118
f 109 	103 	127
f 115 	110 	255
f 104 	121 	98
f 98 	121 	111
f 104 	150 	121
f 111 	121 	170
f 117 	115 	255
f 113 	2408 	107
f 2408 	113 	118
f 119 	2408 	118
f 2408 	119 	120
f 256 	125 	124
f 123 	117 	256
f 126 	132 	156
f 131 	142 	128
f 128 	163 	135
f 126 	134 	132
f 256 	133 	125
f 128 	135 	131
f 9 	294 	10
f 136 	294 	82
f 82 	80 	136
f 100 	136 	80
f 136 	100 	95
f 137 	113 	114
f 139 	118 	137
f 129 	140 	141
f 131 	135 	152
f 118 	139 	140
f 141 	140 	139
f 103 	142 	127
f 128 	142 	103
f 140 	130 	119
f 156 	91 	126
f 127 	142 	4
f 118 	140 	119
f 130 	120 	119
f 142 	131 	2
f 4 	142 	2
f 130 	149 	120
f 134 	151 	132
f 131 	6 	2
f 138 	151 	134
f 135 	319 	152
f 144 	259 	143
f 131 	152 	6
f 132 	151 	693
f 120 	149 	122
f 145 	259 	148
f 146 	259 	145
f 148 	259 	147
f 60 	22 	198
f 6 	152 	12
f 69 	155 	67
f 155 	84 	67
f 156 	104 	91
f 155 	69 	168
f 104 	156 	150
f 150 	225 	231
f 132 	165 	156
f 156 	165 	150
f 165 	132 	693
f 150 	165 	225
f 161 	259 	144
f 84 	155 	109
f 155 	103 	109
f 158 	136 	162
f 162 	136 	161
f 168 	90 	163
f 111 	176 	169
f 111 	169 	116
f 155 	168 	103
f 170 	176 	111
f 163 	128 	168
f 168 	128 	103
f 121 	231 	170
f 172 	147 	259
f 176 	177 	169
f 173 	135 	163
f 184 	175 	176
f 177 	176 	175
f 174 	171 	259
f 176 	170 	191
f 135 	173 	319
f 171 	172 	259
f 184 	176 	191
f 230 	191 	170
f 170 	231 	230
f 175 	184 	185
f 255 	180 	181
f 246 	182 	184
f 185 	184 	182
f 187 	180 	255
f 76 	77 	540
f 78 	76 	540
f 193 	198 	22
f 43 	33 	201
f 188 	164 	160
f 60 	198 	72
f 242 	183 	179
f 242 	199 	183
f 64 	54 	540
f 190 	199 	195
f 16 	1836 	15
f 183 	199 	190
f 260 	1489 	259
f 43 	201 	193
f 193 	201 	228
f 174 	259 	202
f 202 	259 	204
f 205 	2490 	200
f 193 	224 	198
f 203 	204 	259
f 214 	12 	445
f 181 	213 	255
f 216 	136 	159
f 255 	213 	215
f 445 	218 	214
f 218 	220 	214
f 164 	188 	197
f 166 	197 	192
f 218 	223 	220
f 207 	226 	220
f 223 	207 	220
f 166 	164 	197
f 224 	227 	221
f 192 	167 	166
f 228 	224 	193
f 207 	237 	178
f 192 	1146 	2286
f 226 	207 	178
f 167 	192 	2286
f 224 	228 	227
f 178 	237 	179
f 121 	150 	231
f 149 	358 	229
f 267 	221 	227
f 991 	225 	992
f 265 	221 	267
f 225 	236 	231
f 122 	149 	229
f 231 	236 	230
f 207 	443 	237
f 236 	225 	991
f 229 	238 	122
f 235 	72 	198
f 230 	236 	308
f 235 	198 	224
f 443 	239 	237
f 229 	240 	238
f 233 	243 	244
f 239 	232 	242
f 240 	153 	238
f 237 	239 	242
f 72 	235 	243
f 244 	243 	241
f 241 	243 	284
f 245 	373 	234
f 246 	247 	182
f 240 	245 	153
f 184 	304 	246
f 237 	242 	179
f 234 	154 	245
f 245 	154 	153
f 184 	191 	304
f 242 	232 	199
f 221 	235 	224
f 154 	234 	157
f 62 	60 	248
f 72 	248 	60
f 222 	255 	219
f 250 	255 	249
f 72 	251 	248
f 243 	233 	72
f 251 	72 	233
f 253 	243 	235
f 243 	253 	284
f 215 	219 	255
f 249 	255 	222
f 284 	253 	264
f 136 	217 	212
f 592 	262 	261
f 253 	265 	264
f 262 	252 	272
f 221 	253 	235
f 210 	136 	209
f 265 	253 	221
f 261 	262 	272
f 252 	268 	272
f 212 	209 	136
f 216 	217 	136
f 268 	252 	269
f 210 	208 	136
f 272 	286 	261
f 276 	279 	277
f 261 	292 	605
f 280 	281 	282
f 281 	280 	284
f 241 	284 	280
f 277 	285 	278
f 279 	285 	277
f 286 	292 	261
f 276 	285 	279
f 257 	288 	281
f 365 	288 	257
f 282 	281 	288
f 516 	285 	276
f 284 	258 	281
f 257 	281 	258
f 258 	284 	264
f 278 	293 	283
f 285 	293 	278
f 292 	286 	296
f 232 	292 	296
f 286 	302 	296
f 272 	268 	297
f 285 	298 	293
f 272 	297 	286
f 302 	286 	297
f 285 	516 	298
f 199 	232 	296
f 200 	333 	205
f 195 	199 	296
f 247 	246 	300
f 247 	300 	301
f 246 	303 	300
f 309 	298 	516
f 195 	296 	302
f 289 	11 	291
f 306 	303 	304
f 246 	304 	303
f 295 	10 	294
f 304 	307 	306
f 330 	304 	191
f 334 	307 	330
f 304 	330 	307
f 308 	330 	230
f 588 	309 	522
f 681 	597 	312
f 283 	316 	398
f 293 	316 	283
f 319 	455 	320
f 314 	1 	318
f 398 	316 	266
f 2478 	321 	200
f 2480 	321 	2478
f 236 	311 	308
f 321 	333 	200
f 230 	330 	191
f 322 	333 	321
f 234 	373 	254
f 324 	325 	308
f 330 	308 	325
f 254 	326 	234
f 328 	329 	311
f 308 	311 	329
f 321 	323 	322
f 324 	308 	329
f 254 	327 	326
f 323 	819 	322
f 327 	299 	188
f 326 	327 	188
f 299 	197 	188
f 205 	332 	331
f 197 	299 	872
f 325 	334 	330
f 234 	326 	157
f 326 	188 	160
f 205 	333 	332
f 157 	326 	160
f 333 	322 	336
f 332 	333 	336
f 349 	358 	337
f 338 	140 	129
f 140 	338 	130
f 339 	130 	338
f 335 	342 	343
f 331 	332 	405
f 337 	342 	335
f 130 	339 	342
f 343 	342 	339
f 149 	342 	358
f 826 	336 	322
f 130 	342 	149
f 348 	536 	349
f 345 	340 	350
f 371 	363 	350
f 354 	355 	356
f 355 	354 	357
f 354 	356 	360
f 359 	360 	356
f 341 	361 	353
f 342 	337 	358
f 360 	359 	362
f 344 	363 	341
f 363 	344 	345
f 360 	362 	365
f 287 	365 	362
f 345 	350 	363
f 365 	287 	288
f 361 	341 	363
f 346 	368 	366
f 363 	367 	361
f 543 	351 	373
f 363 	371 	367
f 346 	370 	368
f 370 	352 	376
f 351 	1157 	373
f 354 	797 	357
f 368 	370 	376
f 378 	361 	367
f 509 	361 	378
f 376 	352 	402
f 358 	364 	229
f 229 	364 	240
f 384 	386 	387
f 364 	380 	240
f 387 	386 	382
f 387 	382 	383
f 380 	373 	245
f 316 	392 	266
f 240 	380 	245
f 298 	393 	293
f 293 	393 	316
f 395 	391 	394
f 390 	35 	396
f 316 	393 	392
f 331 	396 	35
f 318 	1 	289
f 405 	396 	331
f 398 	266 	263
f 186 	255 	189
f 394 	401 	395
f 352 	390 	402
f 397 	401 	394
f 401 	397 	618
f 403 	402 	396
f 390 	396 	402
f 396 	404 	403
f 388 	389 	386
f 388 	386 	384
f 407 	389 	388
f 396 	405 	404
f 408 	389 	407
f 255 	93 	399
f 336 	409 	332
f 93 	92 	399
f 405 	332 	409
f 313 	85 	315
f 310 	400 	92
f 399 	189 	255
f 186 	187 	255
f 410 	797 	408
f 559 	406 	580
f 275 	136 	208
f 273 	136 	275
f 270 	136 	274
f 271 	136 	270
f 273 	274 	136
f 136 	271 	294
f 291 	11 	290
f 290 	10 	295
f 315 	85 	314
f 255 	256 	117
f 124 	123 	256
f 89 	93 	255
f 400 	399 	92
f 82 	294 	9
f 379 	412 	382
f 931 	406 	947
f 259 	146 	143
f 159 	136 	158
f 259 	161 	136
f 414 	412 	413
f 414 	383 	412
f 382 	412 	383
f 947 	406 	938
f 938 	406 	700
f 405 	420 	404
f 409 	420 	405
f 417 	260 	416
f 422 	260 	421
f 452 	406 	449
f 406 	513 	449
f 424 	260 	423
f 1111 	458 	425
f 415 	416 	260
f 324 	329 	260
f 329 	328 	260
f 421 	260 	328
f 481 	482 	421
f 328 	481 	421
f 440 	433 	435
f 436 	433 	440
f 443 	437 	317
f 441 	540 	439
f 435 	1653 	440
f 442 	540 	441
f 319 	320 	445
f 445 	152 	319
f 320 	218 	445
f 540 	442 	446
f 438 	439 	540
f 422 	423 	260
f 424 	415 	260
f 447 	218 	320
f 454 	419 	418
f 447 	437 	223
f 419 	454 	450
f 454 	418 	451
f 447 	223 	218
f 448 	276 	456
f 277 	456 	276
f 451 	418 	425
f 277 	278 	456
f 207 	223 	443
f 437 	443 	223
f 516 	276 	448
f 458 	451 	425
f 301 	300 	260
f 303 	260 	300
f 303 	306 	260
f 12 	152 	445
f 450 	467 	453
f 432 	434 	482
f 467 	450 	454
f 535 	449 	513
f 448 	456 	406
f 325 	324 	260
f 305 	457 	462
f 312 	457 	305
f 451 	433 	470
f 317 	457 	312
f 406 	452 	448
f 334 	325 	260
f 483 	484 	432
f 307 	334 	260
f 482 	483 	432
f 458 	433 	451
f 319 	173 	455
f 1651 	435 	458
f 433 	458 	435
f 461 	541 	460
f 453 	463 	464
f 461 	465 	541
f 466 	541 	465
f 463 	453 	467
f 459 	460 	541
f 470 	454 	451
f 467 	454 	470
f 474 	541 	473
f 381 	475 	469
f 436 	470 	433
f 472 	426 	507
f 468 	469 	475
f 521 	472 	507
f 514 	464 	463
f 477 	541 	476
f 341 	385 	344
f 467 	480 	463
f 480 	467 	470
f 477 	478 	541
f 533 	534 	429
f 479 	429 	534
f 436 	480 	470
f 519 	463 	480
f 485 	381 	385
f 484 	487 	430
f 381 	485 	475
f 485 	385 	341
f 427 	428 	487
f 428 	430 	487
f 475 	485 	496
f 430 	431 	484
f 485 	341 	353
f 487 	488 	427
f 353 	496 	485
f 444 	490 	440
f 500 	440 	490
f 491 	468 	475
f 551 	427 	489
f 488 	489 	427
f 498 	547 	493
f 500 	495 	436
f 493 	550 	492
f 496 	491 	475
f 495 	497 	494
f 500 	436 	440
f 495 	500 	497
f 500 	490 	506
f 500 	506 	497
f 631 	648 	496
f 566 	552 	539
f 725 	729 	506
f 510 	539 	504
f 514 	515 	464
f 452 	516 	448
f 519 	514 	463
f 525 	539 	520
f 449 	522 	452
f 516 	452 	522
f 480 	495 	519
f 539 	510 	511
f 495 	480 	436
f 518 	539 	517
f 514 	714 	515
f 512 	517 	539
f 511 	512 	539
f 515 	714 	523
f 449 	535 	522
f 502 	504 	539
f 521 	507 	742
f 535 	513 	524
f 507 	531 	573
f 531 	507 	426
f 479 	531 	426
f 528 	539 	526
f 516 	522 	309
f 525 	526 	539
f 534 	531 	479
f 471 	541 	530
f 429 	558 	533
f 558 	429 	486
f 347 	536 	348
f 539 	528 	529
f 471 	473 	541
f 518 	520 	539
f 536 	347 	537
f 538 	537 	347
f 502 	539 	552
f 639 	588 	524
f 537 	532 	561
f 524 	527 	641
f 492 	550 	489
f 639 	524 	641
f 2025 	768 	752
f 530 	541 	529
f 539 	529 	541
f 478 	459 	541
f 474 	476 	541
f 536 	537 	561
f 532 	543 	561
f 533 	544 	534
f 406 	548 	513
f 534 	549 	531
f 544 	549 	534
f 548 	406 	563
f 532 	545 	543
f 549 	533 	558
f 551 	489 	550
f 533 	549 	544
f 545 	351 	543
f 498 	499 	547
f 546 	547 	499
f 531 	549 	746
f 406 	554 	568
f 558 	486 	752
f 499 	501 	542
f 358 	349 	536
f 560 	542 	502
f 557 	560 	502
f 536 	364 	358
f 501 	502 	542
f 752 	782 	558
f 542 	546 	499
f 513 	548 	524
f 548 	527 	524
f 536 	561 	364
f 556 	557 	502
f 505 	2473 	503
f 561 	543 	380
f 548 	563 	527
f 650 	527 	563
f 2473 	505 	567
f 553 	555 	502
f 521 	567 	505
f 563 	406 	568
f 650 	563 	568
f 568 	554 	651
f 571 	539 	570
f 572 	539 	571
f 764 	397 	1968
f 572 	574 	539
f 573 	742 	507
f 539 	574 	562
f 570 	539 	569
f 446 	569 	540
f 554 	655 	651
f 455 	462 	320
f 406 	576 	554
f 462 	457 	447
f 576 	406 	559
f 540 	569 	539
f 562 	564 	539
f 565 	539 	564
f 565 	566 	539
f 555 	556 	502
f 552 	553 	502
f 395 	401 	577
f 554 	576 	655
f 306 	307 	260
f 431 	432 	484
f 550 	493 	547
f 434 	421 	482
f 462 	447 	320
f 656 	657 	559
f 457 	317 	437
f 437 	447 	457
f 283 	259 	278
f 259 	283 	398
f 580 	962 	969
f 2343 	575 	2346
f 575 	577 	2347
f 2346 	575 	2347
f 577 	578 	583
f 588 	522 	535
f 2347 	577 	583
f 298 	586 	393
f 309 	586 	298
f 586 	309 	587
f 579 	591 	584
f 592 	579 	581
f 591 	579 	592
f 582 	262 	581
f 535 	524 	588
f 262 	582 	252
f 587 	309 	588
f 587 	588 	589
f 639 	589 	588
f 586 	603 	393
f 598 	584 	591
f 586 	587 	593
f 278 	259 	456
f 595 	593 	589
f 587 	589 	593
f 581 	262 	592
f 263 	596 	259
f 578 	599 	583
f 585 	599 	578
f 398 	263 	259
f 585 	590 	601
f 259 	596 	600
f 681 	598 	597
f 601 	599 	585
f 591 	604 	597
f 598 	591 	597
f 392 	393 	603
f 602 	259 	600
f 603 	586 	593
f 590 	606 	601
f 746 	573 	531
f 605 	591 	592
f 604 	591 	605
f 261 	605 	592
f 590 	608 	606
f 608 	594 	610
f 597 	604 	317
f 903 	900 	595
f 606 	608 	610
f 589 	611 	595
f 594 	2409 	610
f 597 	317 	312
f 2409 	594 	748
f 604 	612 	317
f 380 	364 	561
f 380 	543 	373
f 292 	613 	605
f 317 	612 	443
f 239 	443 	612
f 605 	613 	604
f 604 	613 	612
f 614 	615 	616
f 613 	239 	612
f 239 	613 	232
f 232 	613 	292
f 582 	1348 	619
f 620 	628 	2075
f 621 	622 	615
f 616 	615 	622
f 622 	621 	623
f 582 	619 	252
f 619 	269 	252
f 269 	619 	626
f 780 	627 	741
f 629 	44 	1776
f 508 	635 	509
f 617 	625 	2307
f 628 	620 	1429
f 1435 	628 	1429
f 623 	621 	632
f 51 	630 	69
f 630 	90 	69
f 617 	634 	615
f 615 	634 	621
f 635 	353 	361
f 634 	617 	2307
f 631 	353 	635
f 361 	509 	635
f 631 	635 	633
f 635 	508 	637
f 638 	633 	637
f 637 	633 	635
f 621 	537 	632
f 632 	537 	538
f 640 	631 	633
f 641 	527 	642
f 640 	633 	669
f 636 	654 	629
f 636 	643 	654
f 644 	633 	638
f 633 	644 	669
f 636 	645 	643
f 648 	646 	491
f 648 	491 	496
f 698 	705 	642
f 631 	496 	353
f 663 	645 	649
f 649 	673 	678
f 652 	646 	648
f 650 	568 	651
f 663 	649 	678
f 646 	652 	658
f 648 	640 	652
f 640 	648 	631
f 629 	654 	630
f 576 	559 	657
f 630 	654 	90
f 576 	657 	655
f 654 	643 	659
f 654 	659 	90
f 527 	650 	642
f 643 	662 	659
f 661 	660 	2340
f 645 	663 	643
f 650 	651 	664
f 642 	650 	664
f 651 	655 	665
f 643 	663 	662
f 664 	651 	665
f 668 	652 	640
f 656 	667 	657
f 657 	670 	655
f 660 	661 	675
f 667 	670 	657
f 90 	659 	163
f 640 	669 	668
f 661 	671 	675
f 656 	670 	667
f 644 	672 	669
f 659 	662 	173
f 647 	671 	661
f 459 	478 	668
f 173 	163 	659
f 460 	668 	669
f 460 	669 	461
f 662 	455 	173
f 459 	668 	460
f 669 	465 	461
f 465 	669 	672
f 465 	672 	466
f 660 	675 	666
f 676 	673 	1865
f 685 	666 	675
f 641 	694 	639
f 694 	589 	639
f 647 	653 	671
f 653 	677 	671
f 471 	530 	674
f 674 	473 	471
f 673 	676 	688
f 678 	673 	688
f 473 	674 	679
f 473 	679 	474
f 676 	681 	688
f 474 	679 	476
f 2170 	761 	680
f 683 	658 	652
f 676 	682 	681
f 658 	683 	679
f 683 	652 	668
f 679 	683 	476
f 476 	683 	477
f 682 	598 	681
f 683 	668 	478
f 682 	584 	598
f 686 	663 	678
f 477 	683 	478
f 662 	663 	686
f 675 	671 	697
f 678 	305 	686
f 685 	675 	697
f 678 	688 	305
f 697 	671 	677
f 695 	138 	687
f 688 	681 	312
f 695 	151 	138
f 692 	687 	711
f 695 	687 	692
f 691 	666 	685
f 305 	688 	312
f 662 	686 	455
f 691 	685 	769
f 686 	305 	462
f 690 	691 	769
f 455 	686 	462
f 695 	702 	151
f 695 	692 	707
f 664 	698 	642
f 665 	710 	664
f 702 	695 	707
f 698 	664 	710
f 717 	853 	692
f 589 	694 	611
f 693 	151 	702
f 694 	704 	611
f 136 	701 	700
f 642 	705 	641
f 641 	705 	694
f 694 	705 	704
f 136 	706 	701
f 707 	692 	853
f 136 	709 	708
f 1420 	698 	710
f 711 	2297 	713
f 494 	519 	495
f 717 	692 	713
f 711 	713 	692
f 716 	715 	136
f 712 	136 	715
f 720 	514 	519
f 714 	514 	720
f 720 	519 	494
f 738 	714 	720
f 720 	494 	723
f 871 	707 	1011
f 263 	728 	596
f 722 	260 	721
f 723 	738 	720
f 266 	728 	263
f 609 	721 	260
f 392 	734 	266
f 494 	497 	729
f 724 	726 	260
f 722 	724 	260
f 494 	729 	723
f 734 	728 	266
f 497 	506 	729
f 392 	838 	734
f 542 	560 	723
f 723 	546 	542
f 730 	732 	260
f 726 	730 	260
f 546 	723 	729
f 546 	729 	547
f 596 	728 	727
f 725 	550 	547
f 729 	725 	547
f 732 	733 	260
f 731 	856 	713
f 550 	725 	551
f 523 	714 	739
f 738 	739 	714
f 578 	401 	618
f 779 	746 	549
f 578 	577 	401
f 736 	553 	552
f 558 	779 	549
f 578 	618 	585
f 523 	739 	736
f 553 	736 	739
f 553 	739 	555
f 740 	585 	618
f 556 	739 	738
f 556 	738 	557
f 555 	739 	556
f 740 	590 	585
f 738 	723 	560
f 567 	521 	742
f 557 	738 	560
f 567 	742 	792
f 590 	740 	741
f 741 	627 	608
f 590 	741 	608
f 699 	744 	763
f 627 	758 	594
f 594 	608 	627
f 744 	699 	745
f 573 	746 	795
f 758 	748 	594
f 745 	703 	770
f 779 	784 	746
f 744 	745 	770
f 743 	450 	889
f 2410 	2409 	748
f 795 	746 	807
f 750 	770 	749
f 703 	749 	770
f 743 	419 	450
f 2410 	748 	1028
f 703 	751 	754
f 703 	754 	749
f 1022 	2412 	1028
f 754 	751 	755
f 696 	685 	697
f 751 	757 	755
f 697 	761 	696
f 677 	761 	697
f 758 	760 	1032
f 1032 	1034 	758
f 783 	558 	782
f 690 	2282 	765
f 769 	685 	696
f 752 	768 	771
f 752 	771 	767
f 2282 	690 	769
f 768 	759 	773
f 1458 	744 	770
f 773 	771 	768
f 762 	776 	759
f 775 	759 	776
f 786 	772 	774
f 773 	759 	775
f 618 	397 	764
f 776 	762 	777
f 764 	766 	740
f 696 	761 	2238
f 618 	764 	740
f 762 	2415 	777
f 741 	740 	766
f 780 	741 	766
f 2288 	765 	2282
f 779 	558 	789
f 783 	789 	558
f 627 	780 	772
f 782 	752 	767
f 785 	746 	784
f 772 	758 	627
f 786 	760 	772
f 758 	772 	760
f 779 	788 	784
f 779 	789 	788
f 792 	791 	567
f 778 	781 	806
f 781 	793 	806
f 793 	781 	794
f 785 	807 	746
f 699 	763 	794
f 791 	792 	808
f 793 	794 	763
f 792 	798 	808
f 573 	799 	742
f 742 	799 	792
f 573 	795 	799
f 798 	792 	799
f 802 	799 	801
f 795 	801 	799
f 1486 	790 	800
f 796 	803 	812
f 798 	799 	802
f 801 	795 	805
f 778 	806 	800
f 805 	795 	807
f 803 	796 	804
f 1475 	800 	806
f 804 	2365 	809
f 804 	809 	818
f 389 	408 	797
f 809 	660 	666
f 808 	798 	817
f 1451 	793 	763
f 666 	818 	809
f 813 	798 	802
f 798 	813 	811
f 360 	797 	354
f 812 	803 	862
f 808 	817 	816
f 365 	797 	360
f 257 	797 	365
f 798 	811 	817
f 824 	817 	811
f 258 	797 	257
f 804 	818 	803
f 819 	323 	816
f 840 	751 	703
f 264 	797 	258
f 810 	820 	751
f 757 	751 	820
f 265 	797 	264
f 816 	817 	851
f 821 	810 	815
f 852 	803 	818
f 819 	816 	851
f 810 	821 	820
f 267 	797 	265
f 691 	818 	666
f 822 	851 	823
f 823 	817 	824
f 826 	322 	819
f 1875 	797 	1896
f 825 	986 	827
f 1878 	797 	1875
f 1882 	797 	1878
f 833 	2393 	830
f 1883 	797 	1882
f 1884 	797 	1883
f 1884 	54 	797
f 600 	727 	832
f 600 	832 	602
f 727 	600 	596
f 411 	797 	410
f 797 	411 	369
f 834 	839 	830
f 827 	699 	825
f 372 	797 	369
f 794 	825 	699
f 835 	830 	831
f 829 	836 	828
f 834 	830 	835
f 374 	797 	372
f 699 	827 	745
f 812 	831 	796
f 828 	837 	827
f 375 	797 	374
f 831 	812 	835
f 836 	837 	828
f 377 	797 	375
f 829 	837 	836
f 745 	827 	837
f 377 	357 	797
f 833 	830 	839
f 734 	842 	728
f 703 	745 	837
f 837 	829 	840
f 840 	829 	988
f 846 	734 	838
f 834 	1153 	839
f 840 	988 	1010
f 797 	1945 	379
f 810 	840 	1010
f 382 	797 	379
f 1155 	834 	835
f 840 	703 	837
f 382 	386 	797
f 840 	810 	751
f 797 	386 	389
f 727 	841 	832
f 843 	835 	812
f 728 	842 	727
f 842 	734 	846
f 841 	727 	842
f 814 	815 	996
f 996 	815 	810
f 731 	847 	735
f 814 	1000 	849
f 846 	909 	859
f 844 	850 	849
f 847 	1055 	1061
f 812 	862 	843
f 1061 	735 	847
f 862 	803 	852
f 817 	823 	851
f 717 	854 	853
f 842 	855 	841
f 713 	856 	717
f 846 	855 	842
f 851 	822 	857
f 856 	731 	735
f 864 	863 	857
f 856 	854 	717
f 855 	846 	859
f 856 	735 	860
f 855 	859 	881
f 854 	856 	860
f 819 	863 	826
f 851 	863 	819
f 851 	857 	863
f 832 	866 	602
f 843 	862 	861
f 863 	987 	826
f 863 	864 	865
f 336 	875 	409
f 336 	826 	875
f 690 	1137 	852
f 602 	866 	607
f 852 	818 	691
f 690 	852 	691
f 327 	858 	299
f 409 	867 	420
f 868 	843 	861
f 702 	869 	693
f 607 	870 	609
f 866 	870 	607
f 299 	858 	868
f 702 	871 	869
f 882 	870 	866
f 707 	871 	702
f 868 	861 	872
f 853 	1011 	707
f 868 	872 	299
f 877 	875 	876
f 826 	876 	875
f 841 	883 	832
f 195 	302 	112
f 883 	866 	832
f 883 	841 	878
f 855 	878 	841
f 99 	112 	302
f 747 	743 	889
f 855 	881 	878
f 747 	889 	756
f 886 	848 	874
f 880 	848 	886
f 269 	908 	268
f 859 	1540 	881
f 21 	874 	23
f 884 	879 	880
f 895 	879 	884
f 880 	885 	884
f 866 	883 	882
f 883 	878 	888
f 268 	102 	297
f 886 	874 	21
f 885 	880 	886
f 882 	883 	888
f 887 	756 	889
f 878 	881 	893
f 888 	878 	893
f 450 	453 	889
f 1770 	1776 	881
f 136 	924 	719
f 626 	904 	269
f 887 	889 	453
f 733 	737 	260
f 190 	260 	737
f 297 	99 	302
f 892 	753 	756
f 892 	756 	887
f 102 	268 	890
f 48 	888 	893
f 892 	887 	894
f 48 	893 	44
f 896 	906 	895
f 891 	892 	894
f 464 	887 	453
f 603 	838 	392
f 895 	884 	923
f 593 	900 	603
f 838 	603 	900
f 898 	719 	897
f 593 	595 	900
f 904 	626 	899
f 897 	719 	926
f 901 	2457 	848
f 887 	464 	894
f 879 	902 	901
f 880 	901 	848
f 899 	626 	898
f 905 	269 	904
f 879 	901 	880
f 906 	902 	879
f 879 	895 	906
f 909 	838 	900
f 838 	909 	846
f 900 	903 	910
f 900 	910 	909
f 890 	268 	908
f 908 	269 	905
f 2138 	753 	919
f 934 	911 	912
f 896 	895 	911
f 912 	911 	895
f 923 	912 	895
f 1540 	859 	910
f 909 	910 	859
f 1540 	910 	1541
f 913 	2139 	918
f 916 	917 	136
f 1770 	881 	1540
f 917 	920 	136
f 924 	136 	922
f 921 	136 	920
f 893 	1776 	44
f 892 	919 	753
f 891 	919 	892
f 915 	916 	136
f 927 	884 	885
f 923 	884 	927
f 963 	970 	918
f 925 	719 	924
f 907 	928 	918
f 928 	907 	919
f 926 	719 	925
f 928 	919 	891
f 406 	966 	964
f 914 	915 	136
f 933 	934 	935
f 928 	891 	939
f 936 	136 	930
f 934 	933 	911
f 942 	944 	136
f 891 	894 	953
f 929 	136 	932
f 930 	136 	929
f 932 	136 	946
f 935 	934 	949
f 948 	949 	934
f 937 	136 	936
f 944 	946 	136
f 943 	945 	948
f 949 	948 	945
f 515 	894 	464
f 937 	914 	136
f 912 	950 	934
f 948 	934 	950
f 951 	965 	939
f 959 	947 	938
f 941 	942 	136
f 912 	923 	961
f 939 	952 	951
f 957 	958 	136
f 891 	953 	939
f 954 	940 	136
f 940 	941 	136
f 952 	939 	953
f 953 	523 	952
f 953 	894 	515
f 958 	955 	136
f 955 	954 	136
f 523 	953 	515
f 960 	983 	950
f 959 	938 	701
f 912 	961 	950
f 701 	938 	700
f 736 	952 	523
f 706 	1181 	959
f 406 	962 	580
f 112 	116 	195
f 406 	964 	962
f 918 	965 	963
f 965 	918 	928
f 965 	928 	939
f 943 	967 	945
f 913 	918 	970
f 973 	974 	975
f 962 	964 	981
f 971 	972 	973
f 974 	973 	972
f 963 	976 	968
f 969 	962 	981
f 970 	963 	968
f 977 	982 	975
f 177 	175 	260
f 185 	260 	175
f 964 	966 	978
f 964 	978 	981
f 169 	260 	116
f 943 	979 	967
f 169 	177 	260
f 260 	190 	116
f 966 	1162 	978
f 931 	966 	406
f 943 	982 	979
f 977 	979 	982
f 931 	1162 	966
f 980 	963 	965
f 948 	950 	983
f 963 	980 	976
f 980 	965 	951
f 301 	260 	247
f 973 	975 	982
f 873 	844 	845
f 844 	873 	850
f 951 	952 	1012
f 983 	943 	948
f 982 	943 	983
f 957 	136 	956
f 736 	1012 	952
f 876 	826 	987
f 987 	863 	865
f 867 	409 	875
f 989 	990 	875
f 989 	875 	877
f 693 	992 	165
f 990 	867 	875
f 993 	994 	995
f 165 	992 	225
f 992 	693 	869
f 999 	990 	989
f 998 	994 	993
f 997 	990 	999
f 992 	869 	1002
f 1009 	1001 	1004
f 991 	992 	1002
f 1004 	1003 	1005
f 825 	984 	986
f 971 	1006 	972
f 1004 	1005 	971
f 1017 	1007 	986
f 1006 	971 	1005
f 827 	986 	1007
f 871 	1008 	869
f 828 	1007 	988
f 828 	988 	829
f 869 	1008 	1002
f 828 	827 	1007
f 998 	1009 	994
f 1009 	998 	1001
f 1008 	1013 	1044
f 1017 	1010 	988
f 1010 	1017 	996
f 1003 	1004 	1001
f 854 	1016 	853
f 985 	564 	562
f 853 	1016 	1011
f 1009 	1004 	2425
f 1010 	996 	810
f 854 	860 	1020
f 1016 	854 	1020
f 1004 	2426 	2425
f 814 	996 	1000
f 2426 	1004 	971
f 1013 	1008 	1011
f 871 	1011 	1008
f 844 	849 	1000
f 1011 	1015 	1013
f 1011 	1016 	1015
f 1018 	1028 	1019
f 1019 	1028 	748
f 1022 	1028 	1021
f 860 	1117 	1020
f 1024 	1025 	1022
f 1024 	1022 	1021
f 1027 	1025 	1024
f 1027 	995 	1025
f 994 	1025 	995
f 984 	1017 	986
f 1020 	1117 	1132
f 988 	1007 	1017
f 1018 	1021 	1028
f 1026 	1014 	1037
f 1132 	1030 	1020
f 996 	1017 	1000
f 1022 	1025 	2413
f 1000 	1017 	844
f 2414 	1025 	994
f 1016 	1030 	1015
f 844 	1017 	845
f 1020 	1030 	1016
f 1017 	1031 	845
f 1031 	1017 	1033
f 1015 	1030 	1051
f 748 	758 	1034
f 1033 	1017 	1035
f 1019 	748 	1034
f 236 	991 	311
f 1026 	1037 	1023
f 1002 	1040 	991
f 1040 	311 	991
f 1091 	1037 	1014
f 311 	481 	328
f 984 	825 	1050
f 482 	481 	1040
f 481 	311 	1040
f 1040 	483 	482
f 1002 	1044 	1040
f 1008 	1044 	1002
f 1043 	1073 	1036
f 484 	483 	1044
f 483 	1040 	1044
f 484 	1044 	487
f 1046 	487 	1044
f 1059 	1043 	1045
f 1046 	1044 	1013
f 1036 	1045 	1043
f 1038 	778 	1036
f 487 	1046 	488
f 1045 	1036 	778
f 1052 	1042 	1048
f 1054 	1039 	1047
f 1015 	1049 	1013
f 1038 	781 	778
f 1048 	1329 	1053
f 1013 	1049 	1046
f 1051 	1049 	1015
f 1038 	1050 	781
f 489 	488 	1049
f 1046 	1049 	488
f 1026 	1023 	1041
f 825 	794 	1050
f 493 	492 	1051
f 1049 	1051 	492
f 489 	1049 	492
f 1052 	1058 	1042
f 493 	1051 	498
f 794 	781 	1050
f 1054 	1062 	1039
f 1053 	1052 	1048
f 1023 	1068 	1041
f 1094 	1059 	1056
f 1055 	1057 	1071
f 1059 	787 	1056
f 1061 	1055 	1071
f 1059 	1045 	790
f 1090 	1071 	1057
f 1063 	1052 	1053
f 790 	787 	1059
f 1062 	1054 	1077
f 800 	1045 	778
f 1057 	1092 	1090
f 790 	1045 	800
f 1064 	735 	1061
f 1060 	1062 	1077
f 860 	735 	1064
f 1068 	1047 	1041
f 1017 	1069 	1070
f 1047 	1068 	1054
f 1069 	1017 	1078
f 1066 	1054 	1068
f 1017 	1072 	1078
f 1017 	1073 	1072
f 1023 	1262 	1068
f 1074 	1058 	1052
f 1073 	1017 	1075
f 1067 	1058 	1074
f 1102 	1076 	1071
f 1074 	1052 	1063
f 1017 	1081 	1075
f 1067 	1074 	1079
f 1017 	984 	1081
f 860 	1064 	1117
f 1086 	1070 	1069
f 1061 	1076 	1064
f 1070 	1086 	1089
f 1071 	1076 	1061
f 1077 	1054 	1066
f 1067 	1079 	1065
f 1074 	1080 	1079
f 1072 	1073 	1043
f 1073 	1075 	1036
f 1074 	1063 	1080
f 1036 	1075 	1038
f 1063 	1675 	1080
f 1091 	1014 	1029
f 1081 	1038 	1075
f 1038 	1081 	1050
f 1081 	984 	1050
f 1084 	1023 	1037
f 1069 	1087 	1086
f 1084 	1037 	1088
f 1069 	1101 	1087
f 1091 	1029 	1082
f 1094 	1078 	1072
f 1088 	1037 	1091
f 1094 	1101 	1078
f 1088 	1091 	1095
f 1082 	1095 	1091
f 1085 	1681 	1093
f 1043 	1094 	1072
f 1087 	1096 	1086
f 1089 	1098 	1109
f 1086 	1099 	1089
f 1096 	1099 	1086
f 1087 	1099 	1096
f 1271 	1084 	1088
f 1098 	1089 	1099
f 1099 	1100 	1098
f 1099 	1087 	1101
f 985 	951 	1012
f 1101 	1069 	1078
f 1340 	1083 	1334
f 985 	1012 	564
f 564 	1012 	565
f 1100 	1099 	1101
f 340 	136 	350
f 566 	736 	552
f 1102 	1071 	1090
f 1056 	1101 	1094
f 1012 	736 	566
f 1090 	1103 	1102
f 565 	1012 	566
f 1100 	1101 	1056
f 1092 	1104 	1090
f 367 	371 	541
f 350 	136 	371
f 1097 	1104 	1092
f 508 	509 	541
f 378 	541 	509
f 968 	976 	1105
f 1090 	1104 	1103
f 1043 	1059 	1094
f 637 	508 	541
f 976 	1106 	1105
f 1106 	976 	980
f 1098 	1100 	425
f 1083 	1107 	1097
f 985 	1106 	980
f 637 	541 	638
f 1097 	1107 	1104
f 644 	541 	672
f 644 	638 	541
f 985 	980 	951
f 1112 	1104 	1107
f 1108 	968 	1105
f 672 	541 	466
f 446 	1108 	569
f 1109 	418 	419
f 569 	1108 	570
f 1105 	570 	1108
f 571 	1105 	1106
f 571 	1106 	572
f 378 	367 	541
f 418 	1109 	1098
f 570 	1105 	571
f 340 	956 	136
f 922 	136 	921
f 541 	371 	136
f 572 	1106 	574
f 574 	1106 	985
f 574 	985 	562
f 425 	418 	1098
f 719 	898 	626
f 718 	136 	719
f 718 	716 	136
f 712 	709 	136
f 97 	297 	102
f 99 	297 	97
f 190 	195 	116
f 185 	182 	260
f 247 	260 	182
f 1104 	1112 	1103
f 1111 	425 	1100
f 706 	136 	708
f 406 	259 	700
f 406 	456 	259
f 136 	700 	259
f 1111 	1100 	1056
f 602 	607 	259
f 609 	260 	607
f 259 	607 	260
f 787 	1111 	1056
f 1103 	1112 	1257
f 1111 	787 	1651
f 1365 	1112 	1107
f 997 	539 	1113
f 1117 	1064 	1120
f 1076 	1120 	1064
f 1116 	539 	1119
f 1122 	1159 	1123
f 1116 	1115 	539
f 1114 	539 	1115
f 539 	1114 	1113
f 1124 	1301 	1118
f 1118 	1126 	1124
f 1125 	1124 	1126
f 1117 	1120 	1127
f 1128 	1118 	1122
f 1132 	1117 	1127
f 1126 	1118 	1128
f 1136 	1468 	1135
f 861 	1146 	872
f 774 	1119 	539
f 1137 	862 	852
f 862 	1137 	861
f 1146 	861 	1137
f 1140 	1124 	1125
f 774 	539 	786
f 760 	786 	539
f 1141 	1138 	1140
f 690 	765 	1137
f 1032 	760 	539
f 1124 	1140 	1138
f 1121 	1139 	1148
f 416 	1138 	1141
f 416 	1141 	417
f 415 	1138 	416
f 1144 	1139 	1129
f 1139 	1144 	1142
f 280 	282 	539
f 197 	872 	192
f 1131 	1121 	1156
f 1137 	765 	1146
f 192 	872 	1146
f 1131 	1156 	1145
f 1147 	1287 	1143
f 1156 	1121 	1148
f 1143 	1149 	1147
f 906 	541 	902
f 896 	541 	906
f 1151 	1148 	1142
f 1139 	1142 	1148
f 1149 	1143 	1150
f 1152 	839 	1153
f 1110 	1145 	1154
f 1155 	1153 	834
f 1155 	835 	843
f 1468 	1136 	1159
f 1145 	1156 	1154
f 545 	1152 	351
f 1153 	1157 	1152
f 351 	1152 	1157
f 1153 	1155 	858
f 1157 	1153 	858
f 1158 	1148 	1151
f 1155 	843 	868
f 1150 	1159 	1149
f 1160 	1161 	1158
f 858 	1155 	868
f 254 	373 	1157
f 254 	1157 	327
f 1156 	1148 	1161
f 1156 	1161 	1154
f 1157 	858 	327
f 1148 	1158 	1161
f 935 	541 	933
f 1161 	1173 	1154
f 1161 	1160 	1163
f 931 	1170 	1162
f 833 	839 	625
f 931 	947 	1170
f 1170 	947 	959
f 1165 	1168 	1164
f 1154 	1179 	1110
f 935 	949 	541
f 1167 	978 	1162
f 1175 	1110 	1179
f 1167 	1218 	978
f 1162 	1169 	1167
f 1172 	1179 	1171
f 1154 	1171 	1179
f 945 	967 	541
f 1171 	1154 	1173
f 1169 	1162 	1170
f 1173 	1161 	1163
f 1170 	959 	1181
f 1176 	1168 	1166
f 1165 	1166 	1168
f 1006 	541 	972
f 1181 	1169 	1170
f 1178 	1168 	1176
f 979 	541 	967
f 979 	977 	541
f 1177 	1176 	1166
f 1175 	1187 	1174
f 541 	977 	975
f 974 	541 	975
f 706 	959 	701
f 1175 	1179 	1187
f 1178 	1176 	1188
f 949 	945 	541
f 1179 	1172 	1180
f 1176 	1177 	1188
f 1183 	1188 	1177
f 1180 	1190 	1187
f 1200 	1270 	1167
f 2189 	1178 	1188
f 1187 	1179 	1180
f 1183 	1184 	1188
f 1174 	1185 	1182
f 1186 	1184 	1183
f 1194 	1169 	1181
f 974 	972 	541
f 1185 	1174 	1187
f 993 	541 	998
f 1187 	1189 	1185
f 1200 	1167 	1169
f 1186 	1191 	1184
f 2208 	1184 	1191
f 995 	1027 	541
f 1187 	1190 	1189
f 1001 	541 	1003
f 1005 	1003 	541
f 1005 	541 	1006
f 1001 	998 	541
f 1196 	1185 	1189
f 541 	896 	911
f 1200 	1169 	1194
f 1200 	1194 	1207
f 1198 	1200 	1207
f 1194 	709 	1207
f 708 	1181 	706
f 1019 	539 	1018
f 1194 	1181 	708
f 102 	890 	101
f 709 	1194 	708
f 1410 	101 	890
f 1203 	1204 	1205
f 1021 	1018 	539
f 1205 	1208 	1203
f 1024 	539 	1027
f 993 	995 	541
f 1021 	539 	1024
f 1208 	1205 	1204
f 91 	1201 	1206
f 1279 	1198 	1207
f 539 	541 	1027
f 709 	712 	1207
f 1121 	1131 	1208
f 1204 	1385 	1208
f 1034 	1032 	539
f 1019 	1034 	539
f 559 	1212 	656
f 933 	541 	911
f 1223 	655 	670
f 670 	656 	1212
f 580 	1212 	559
f 1212 	580 	969
f 1209 	1211 	1242
f 670 	1212 	1210
f 1214 	136 	1213
f 1212 	969 	1235
f 1210 	1212 	1235
f 1214 	1216 	136
f 981 	978 	1218
f 136 	1216 	1217
f 1580 	1215 	1220
f 897 	1220 	898
f 899 	898 	1215
f 665 	655 	1223
f 1220 	1215 	898
f 1223 	670 	1210
f 1221 	1238 	1398
f 904 	899 	1228
f 1215 	1228 	899
f 1229 	136 	1225
f 1223 	1210 	1259
f 1213 	136 	1229
f 1236 	1237 	1756
f 1240 	136 	1237
f 1236 	1756 	1234
f 1210 	1235 	1254
f 1581 	1209 	1239
f 1581 	1239 	1215
f 1222 	136 	1240
f 136 	1756 	1237
f 1224 	136 	1222
f 1234 	1756 	1233
f 1235 	969 	1241
f 981 	1241 	969
f 1242 	1239 	1209
f 1218 	1241 	981
f 1225 	136 	1224
f 1211 	1448 	1251
f 1251 	1242 	1211
f 1228 	1215 	1239
f 1247 	1082 	2001
f 1239 	1242 	1248
f 1245 	136 	1252
f 1082 	1247 	1095
f 1248 	1228 	1239
f 665 	1249 	710
f 1242 	1250 	1248
f 1223 	1249 	665
f 1252 	136 	1217
f 1149 	1159 	1118
f 1223 	1259 	1249
f 1259 	1210 	1254
f 1235 	1256 	1254
f 1241 	1256 	1235
f 1076 	1102 	1261
f 902 	541 	1255
f 1261 	1120 	1076
f 1068 	1262 	1066
f 1255 	541 	1253
f 1256 	1218 	1267
f 1218 	1256 	1241
f 136 	1246 	541
f 1023 	1084 	1262
f 1880 	1060 	1300
f 788 	789 	1362
f 1112 	1369 	1257
f 1289 	1077 	1066
f 1258 	1249 	1259
f 1260 	1127 	1120
f 775 	776 	1296
f 773 	775 	1296
f 777 	1232 	1296
f 1233 	1756 	1232
f 1295 	1296 	1232
f 1260 	1120 	1261
f 1268 	1254 	1256
f 1261 	1263 	1260
f 1103 	1264 	1102
f 1261 	1102 	1264
f 1264 	1103 	1257
f 1261 	1264 	1263
f 1259 	1254 	1265
f 1259 	1265 	1258
f 1264 	1257 	1266
f 1265 	1254 	1268
f 1263 	1264 	1266
f 1403 	1257 	1369
f 789 	783 	1298
f 784 	788 	1362
f 1257 	1403 	1266
f 1297 	1298 	771
f 1260 	1263 	1282
f 767 	771 	1298
f 782 	767 	1298
f 1280 	1260 	1282
f 771 	773 	1297
f 1296 	1297 	773
f 1270 	1218 	1167
f 783 	782 	1298
f 1218 	1270 	1267
f 1269 	1256 	1267
f 1268 	1256 	1269
f 1030 	1273 	1051
f 1030 	1132 	1273
f 1267 	1270 	1274
f 1095 	1272 	1088
f 1271 	1088 	1272
f 1198 	1270 	1200
f 807 	785 	1364
f 1364 	1372 	807
f 805 	807 	1372
f 1127 	1260 	1280
f 1362 	1364 	784
f 1265 	1268 	1290
f 1247 	1277 	1095
f 1290 	1268 	1269
f 785 	784 	1364
f 1267 	1274 	1269
f 1247 	1352 	1277
f 1270 	1198 	1274
f 499 	498 	1273
f 1051 	1273 	498
f 1278 	1274 	1198
f 1273 	501 	499
f 1272 	1275 	1271
f 1418 	1281 	822
f 1127 	1276 	1132
f 1281 	1288 	822
f 1275 	1272 	1358
f 1276 	1273 	1132
f 1095 	1277 	1272
f 864 	539 	865
f 824 	1414 	823
f 1276 	1127 	1280
f 502 	501 	1276
f 1273 	1276 	501
f 865 	539 	987
f 1279 	1278 	1198
f 876 	539 	877
f 1272 	1277 	1358
f 502 	1276 	504
f 1277 	1352 	1359
f 1207 	712 	1279
f 989 	539 	999
f 1358 	1277 	1359
f 989 	877 	539
f 876 	987 	539
f 823 	1414 	822
f 997 	999 	539
f 1278 	1279 	1333
f 1118 	1159 	1122
f 1060 	1303 	1300
f 1060 	1077 	1303
f 1285 	539 	1284
f 1077 	1289 	1303
f 1286 	539 	1288
f 1269 	1292 	1290
f 1066 	1293 	1289
f 1293 	1066 	1262
f 1269 	1274 	1299
f 1312 	1262 	1084
f 1147 	1294 	1287
f 1262 	1312 	1293
f 1299 	1274 	1278
f 776 	777 	1296
f 1271 	1312 	1084
f 1290 	1292 	1304
f 1269 	1299 	1292
f 1360 	1362 	789
f 1309 	1294 	1147
f 801 	805 	1376
f 1278 	1310 	1299
f 1301 	1147 	1149
f 1300 	1339 	1345
f 1333 	1310 	1278
f 1301 	1309 	1147
f 1301 	1149 	1118
f 1292 	1306 	1304
f 1339 	1300 	1303
f 1320 	1289 	1293
f 1319 	1289 	1320
f 1307 	1311 	1305
f 1306 	1313 	1304
f 1307 	2175 	1314
f 1306 	1315 	1313
f 1292 	1316 	1306
f 1316 	1292 	1299
f 1299 	1310 	1316
f 1307 	1314 	1311
f 1315 	1306 	1316
f 1317 	1309 	1301
f 1311 	1314 	1318
f 1309 	1317 	1308
f 1317 	1301 	1124
f 1202 	1318 	1314
f 1316 	1310 	1335
f 1669 	1308 	1317
f 1202 	1302 	1324
f 1318 	1202 	1324
f 1315 	1316 	1335
f 1342 	1310 	1333
f 1335 	1310 	1342
f 1138 	1317 	1124
f 1305 	1311 	1329
f 1048 	1305 	1329
f 1312 	1271 	1332
f 1331 	1329 	1318
f 1328 	1312 	1332
f 1291 	1294 	1437
f 1313 	1315 	1327
f 1291 	1437 	1322
f 1313 	1327 	1323
f 1332 	1271 	1275
f 1425 	1319 	1320
f 1266 	1330 	1263
f 1323 	1326 	1325
f 1263 	1330 	1282
f 1293 	1328 	1320
f 1328 	1293 	1312
f 1326 	1323 	1327
f 1276 	1280 	504
f 510 	504 	1280
f 512 	511 	1282
f 1280 	1282 	511
f 510 	1280 	511
f 1282 	517 	512
f 1311 	1318 	1329
f 581 	1325 	1326
f 579 	1325 	581
f 1093 	1331 	1318
f 518 	517 	1330
f 1282 	1330 	517
f 581 	1326 	582
f 1093 	1318 	1324
f 1332 	1430 	1328
f 1085 	1093 	1324
f 1330 	520 	518
f 1330 	1422 	520
f 525 	520 	1422
f 1275 	1432 	1332
f 1329 	1331 	1053
f 1334 	2390 	1336
f 1333 	716 	1342
f 715 	1279 	712
f 1279 	715 	1333
f 716 	1333 	715
f 1341 	1340 	1336
f 1334 	1336 	1340
f 1289 	1319 	1303
f 1339 	1303 	1319
f 1338 	1707 	1697
f 1342 	716 	718
f 1881 	1345 	1337
f 1343 	469 	468
f 1350 	1335 	1346
f 1346 	1335 	1342
f 718 	1346 	1342
f 1336 	1347 	1341
f 1347 	1336 	1343
f 1348 	1326 	1327
f 1343 	468 	1347
f 1350 	1315 	1335
f 1350 	1327 	1315
f 1699 	1085 	1349
f 1348 	1327 	1350
f 1350 	1346 	1356
f 1349 	1338 	1697
f 1525 	1339 	1319
f 1699 	1349 	1697
f 719 	1346 	718
f 719 	1356 	1346
f 1340 	1341 	1353
f 1326 	1348 	582
f 1353 	1341 	1354
f 1354 	1341 	1347
f 1357 	1347 	468
f 1350 	1356 	1348
f 1347 	1357 	1354
f 1356 	619 	1348
f 626 	1356 	719
f 619 	1356 	626
f 1298 	1360 	789
f 698 	1423 	705
f 1397 	1354 	1357
f 1372 	1376 	805
f 1357 	468 	491
f 646 	1357 	491
f 1107 	1083 	1340
f 2012 	1408 	1363
f 1365 	1107 	1340
f 1353 	1365 	1340
f 1370 	1371 	801
f 1409 	1361 	1367
f 1366 	1367 	1361
f 1369 	1112 	1365
f 1376 	1370 	801
f 1366 	1244 	1368
f 1374 	1369 	1353
f 1367 	1366 	1368
f 1365 	1353 	1369
f 1358 	1359 	1498
f 802 	801 	1371
f 1359 	1502 	1498
f 1371 	1380 	813
f 813 	802 	1371
f 1352 	1377 	1359
f 1363 	1377 	1352
f 1379 	1378 	1381
f 1380 	1395 	811
f 1381 	1378 	1382
f 1359 	1377 	1502
f 811 	813 	1380
f 1378 	1618 	1382
f 1401 	1566 	1377
f 1388 	1369 	1374
f 1384 	824 	1383
f 1387 	1383 	824
f 1374 	1389 	1388
f 1387 	824 	1386
f 1391 	1386 	824
f 1393 	1353 	1354
f 1353 	1393 	1374
f 1389 	1374 	1393
f 1404 	1219 	1221
f 1242 	1251 	1250
f 1393 	1354 	1397
f 1397 	1357 	646
f 1399 	1404 	1398
f 1398 	1404 	1221
f 658 	1397 	646
f 1208 	1385 	1121
f 1385 	1394 	1139
f 1330 	1266 	1422
f 1392 	1396 	1402
f 1139 	1121 	1385
f 1139 	1394 	1129
f 1403 	1369 	1388
f 905 	1410 	908
f 1266 	1403 	1422
f 1219 	1404 	1394
f 1228 	1410 	905
f 1228 	905 	904
f 1394 	1404 	1405
f 1405 	1129 	1394
f 1201 	1410 	1228
f 1228 	1248 	1201
f 1405 	1404 	1399
f 1363 	1401 	1377
f 1250 	1206 	1248
f 1398 	1238 	1400
f 1393 	1406 	1389
f 1201 	1248 	1206
f 1406 	1393 	1397
f 1400 	1238 	1407
f 1361 	1407 	1238
f 1361 	1409 	1407
f 1406 	674 	1389
f 908 	1410 	890
f 1406 	1397 	658
f 1363 	1408 	1401
f 1406 	658 	679
f 1392 	1412 	1408
f 1408 	1412 	1401
f 1412 	1392 	1402
f 1390 	1391 	824
f 824 	811 	1395
f 1395 	1390 	824
f 1203 	2359 	1411
f 1413 	1422 	1388
f 1416 	822 	1415
f 1415 	822 	1414
f 1417 	1388 	1389
f 705 	1423 	704
f 1388 	1417 	1413
f 1420 	1423 	698
f 1418 	822 	1419
f 1384 	1414 	824
f 1419 	822 	1416
f 674 	1417 	1389
f 1396 	1421 	1402
f 1672 	611 	704
f 674 	1406 	679
f 1403 	1388 	1422
f 1201 	101 	1410
f 1423 	1420 	1666
f 689 	1435 	1447
f 1425 	1320 	1428
f 689 	628 	1435
f 1428 	1320 	1328
f 2190 	1351 	1314
f 1428 	1328 	1430
f 1250 	1494 	1426
f 1351 	1355 	1302
f 1426 	134 	126
f 1202 	1351 	1302
f 1438 	1429 	620
f 1355 	1433 	1302
f 1430 	1332 	1432
f 1426 	1431 	134
f 138 	1431 	1427
f 134 	1431 	138
f 1355 	1434 	1433
f 687 	138 	1427
f 126 	1206 	1426
f 1437 	1294 	1309
f 1206 	126 	91
f 1436 	1322 	1437
f 1437 	1308 	1436
f 1640 	1429 	1438
f 1442 	1302 	1433
f 1308 	1437 	1309
f 1302 	1442 	1324
f 1433 	1444 	1442
f 1443 	1321 	1322
f 1424 	1445 	1434
f 1443 	1322 	1436
f 1434 	1445 	1433
f 1433 	1445 	1444
f 1552 	1447 	1435
f 1768 	1474 	1449
f 1439 	1452 	1440
f 1482 	1483 	1474
f 1450 	1449 	1474
f 1440 	1454 	1441
f 1489 	1485 	1455
f 1452 	1454 	1440
f 763 	744 	1464
f 1439 	1454 	1452
f 744 	1458 	1464
f 1454 	1439 	1461
f 1646 	1461 	1439
f 1453 	1450 	1483
f 1130 	770 	750
f 1460 	1385 	1411
f 1456 	1490 	1457
f 1450 	1474 	1483
f 770 	1130 	1458
f 1134 	1458 	1130
f 1394 	1460 	1219
f 1590 	1451 	1143
f 1461 	1446 	1511
f 1451 	1150 	1143
f 763 	1464 	1451
f 1466 	1463 	539
f 1463 	1462 	539
f 1465 	1466 	539
f 1467 	1465 	539
f 1150 	1451 	1464
f 1446 	1959 	1516
f 1286 	1284 	539
f 539 	1285 	1283
f 1467 	539 	1283
f 1464 	1458 	1468
f 1464 	1468 	1150
f 1457 	1490 	1459
f 1135 	1468 	1133
f 1458 	1133 	1468
f 1469 	1459 	539
f 1448 	1441 	1472
f 1470 	539 	1471
f 1133 	1458 	1134
f 1471 	539 	1462
f 1150 	1468 	1159
f 1470 	1469 	539
f 1123 	1159 	1136
f 539 	864 	1288
f 857 	822 	1288
f 864 	857 	1288
f 1295 	1232 	1756
f 1366 	2368 	1244
f 1253 	541 	1246
f 1246 	136 	1245
f 1472 	1251 	1448
f 1475 	1486 	800
f 1441 	1478 	1472
f 1454 	1478 	1441
f 1480 	1474 	1479
f 1481 	1474 	1480
f 1472 	1478 	1477
f 1482 	1474 	1481
f 1456 	1453 	1483
f 1476 	1479 	1474
f 1494 	1251 	1472
f 790 	1486 	1473
f 1485 	1488 	1484
f 1485 	1489 	1488
f 1522 	1477 	1478
f 1438 	1484 	1524
f 1490 	1456 	1487
f 1491 	1459 	1490
f 1487 	1456 	1483
f 1426 	1206 	1250
f 1495 	1459 	1491
f 1484 	1492 	1524
f 1477 	1494 	1472
f 1493 	1484 	1488
f 1492 	1484 	1493
f 1358 	1496 	1275
f 1494 	1250 	1251
f 1432 	1275 	1496
f 1497 	1499 	1459
f 1494 	1477 	1431
f 539 	1459 	1499
f 1494 	1431 	1426
f 1500 	1504 	539
f 1498 	1496 	1358
f 620 	624 	1438
f 1478 	1454 	1503
f 1504 	1505 	539
f 1461 	1503 	1454
f 624 	1484 	1438
f 1505 	1501 	539
f 1484 	624 	1485
f 1501 	61 	539
f 1566 	1502 	1377
f 1511 	1503 	1461
f 1511 	1446 	1516
f 256 	1555 	1474
f 1513 	1515 	1474
f 1499 	1500 	539
f 1495 	1497 	1459
f 2287 	1516 	1959
f 1522 	1478 	1503
f 1506 	684 	1520
f 1502 	1583 	1498
f 1503 	1510 	1522
f 684 	1447 	1520
f 1447 	684 	689
f 1503 	1511 	1510
f 1517 	1476 	1474
f 1517 	1474 	1515
f 1513 	1474 	1509
f 2289 	1511 	1516
f 1509 	1474 	1508
f 1506 	1520 	1507
f 2291 	2289 	2287
f 1516 	2287 	2289
f 1337 	1521 	1519
f 1507 	1520 	1713
f 1521 	1337 	1345
f 1523 	1345 	1339
f 1345 	1523 	1521
f 1525 	1523 	1339
f 1492 	1526 	1524
f 1640 	1524 	1168
f 1425 	1525 	1319
f 1168 	1524 	1164
f 1164 	1524 	1526
f 1477 	1427 	1431
f 1522 	1427 	1477
f 1522 	1510 	2295
f 595 	1532 	903
f 611 	1532 	595
f 1532 	611 	1672
f 1532 	1543 	903
f 1531 	256 	1530
f 1529 	1530 	256
f 1532 	1672 	1670
f 1544 	256 	1542
f 903 	1543 	910
f 1539 	256 	1531
f 1532 	1670 	1543
f 910 	1543 	1541
f 1541 	1543 	1549
f 1546 	1547 	256
f 1533 	1534 	915
f 1551 	256 	1550
f 1547 	1548 	256
f 1527 	256 	1548
f 1546 	256 	1551
f 1574 	1575 	256
f 1538 	1556 	1537
f 1537 	1557 	1536
f 1556 	1557 	1537
f 1555 	256 	1554
f 1558 	1474 	1555
f 1538 	1557 	1556
f 1508 	1474 	1558
f 920 	1536 	1557
f 1780 	1541 	1549
f 1557 	1538 	1560
f 1554 	256 	1553
f 1553 	256 	1559
f 924 	922 	1560
f 1401 	1565 	1566
f 1564 	1567 	256
f 1550 	256 	1567
f 1412 	1565 	1401
f 1402 	1568 	1412
f 1563 	256 	1562
f 1565 	1412 	1568
f 1568 	1402 	1569
f 1220 	1545 	1580
f 1564 	256 	1563
f 1421 	1569 	1402
f 1643 	1552 	1435
f 1569 	1421 	1572
f 1561 	1562 	256
f 1571 	256 	1575
f 1643 	1435 	1429
f 1561 	256 	1571
f 61 	62 	539
f 1570 	1545 	1597
f 1545 	1560 	1597
f 1570 	1573 	1580
f 1580 	1545 	1570
f 1573 	1576 	1581
f 1573 	1581 	1580
f 1576 	1209 	1581
f 233 	244 	539
f 248 	539 	62
f 1576 	1582 	1209
f 1209 	1582 	1211
f 1569 	1572 	1583
f 251 	539 	248
f 539 	251 	233
f 1577 	1583 	1572
f 1577 	1578 	1583
f 280 	539 	241
f 244 	241 	539
f 1581 	1215 	1580
f 1565 	1583 	1566
f 282 	288 	539
f 1568 	1583 	1565
f 2368 	1230 	1226
f 1569 	1583 	1568
f 1525 	1583 	1523
f 1425 	1583 	1525
f 355 	540 	356
f 1428 	1583 	1425
f 362 	540 	287
f 1430 	1583 	1428
f 1432 	1583 	1430
f 1496 	1583 	1432
f 1498 	1583 	1496
f 374 	372 	540
f 372 	369 	540
f 377 	375 	540
f 375 	374 	540
f 1584 	1585 	1620
f 1615 	1620 	1585
f 362 	359 	540
f 357 	540 	355
f 540 	539 	288
f 359 	356 	540
f 1566 	1583 	1502
f 287 	540 	288
f 357 	377 	540
f 383 	540 	387
f 1588 	1589 	1533
f 1418 	1583 	1281
f 1419 	1583 	1418
f 1419 	1416 	1583
f 1589 	1586 	1534
f 806 	793 	1590
f 1589 	1534 	1533
f 1085 	1324 	1442
f 806 	1590 	1475
f 1899 	1583 	1895
f 1586 	1536 	1534
f 793 	1451 	1590
f 1442 	1444 	1349
f 1535 	1583 	1899
f 1590 	1287 	1475
f 1512 	1583 	1535
f 1536 	1586 	1591
f 1514 	1583 	1512
f 1612 	1444 	1445
f 1518 	1583 	1514
f 1538 	1537 	1587
f 1591 	1587 	1537
f 1519 	1583 	1518
f 1287 	1590 	1143
f 1521 	1583 	1519
f 1591 	1537 	1536
f 1523 	1583 	1521
f 1560 	1538 	1587
f 1601 	1592 	1602
f 1596 	1473 	1486
f 1597 	1560 	1587
f 1579 	1583 	1578
f 1603 	1583 	1579
f 1596 	1291 	1594
f 1583 	1603 	1604
f 1598 	1486 	1475
f 1486 	1598 	1596
f 1598 	1475 	1287
f 914 	1533 	915
f 1598 	1291 	1596
f 916 	1534 	1536
f 916 	1536 	917
f 1534 	916 	915
f 1592 	1599 	1593
f 920 	917 	1536
f 1593 	1601 	1595
f 920 	1557 	921
f 1599 	1601 	1593
f 1557 	922 	921
f 1617 	1288 	1583
f 1592 	1601 	1599
f 1557 	1560 	922
f 2368 	1231 	1230
f 1545 	926 	925
f 1545 	925 	1560
f 1231 	2368 	1373
f 1560 	925 	924
f 926 	1545 	897
f 1220 	897 	1545
f 1602 	2465 	1601
f 1948 	1606 	1604
f 2368 	1375 	1373
f 1378 	1379 	2368
f 1595 	1600 	1424
f 1424 	1600 	1445
f 1600 	1611 	1612
f 1620 	1605 	1584
f 1595 	1613 	1600
f 1283 	1610 	1467
f 1609 	1605 	1620
f 1601 	1613 	1595
f 1285 	1614 	1610
f 1285 	1610 	1283
f 1375 	2368 	1379
f 1284 	1614 	1285
f 1600 	1613 	1611
f 1585 	1616 	1615
f 1286 	1617 	1614
f 1616 	1585 	1588
f 1286 	1614 	1284
f 1588 	1533 	1616
f 1288 	1617 	1286
f 1612 	1445 	1600
f 1606 	1583 	1604
f 1606 	1608 	1583
f 1608 	1610 	1583
f 1204 	1203 	1411
f 1610 	1614 	1583
f 1620 	1615 	1629
f 1617 	1583 	1614
f 929 	1615 	930
f 1616 	930 	1615
f 1281 	1583 	1288
f 1204 	1411 	1385
f 1612 	1611 	1344
f 1338 	1612 	1344
f 1533 	937 	1616
f 1460 	1394 	1385
f 1618 	1621 	1382
f 1619 	1622 	1624
f 1619 	1624 	1618
f 1618 	1624 	1621
f 525 	1422 	526
f 1756 	2019 	1295
f 1413 	526 	1422
f 1295 	1625 	1296
f 528 	1413 	1417
f 528 	1417 	529
f 1623 	1615 	932
f 526 	1413 	528
f 1619 	2454 	1622
f 936 	930 	1616
f 1417 	674 	530
f 529 	1417 	530
f 936 	1616 	937
f 1039 	1628 	2020
f 937 	1533 	914
f 1296 	1625 	1297
f 1626 	1297 	1625
f 1297 	1626 	1298
f 1182 	1635 	1631
f 1625 	1627 	1626
f 1185 	16 	1635
f 15 	1635 	16
f 16 	1185 	1196
f 1627 	1625 	1628
f 1039 	1062 	1628
f 941 	1644 	942
f 1628 	1062 	1627
f 942 	1629 	944
f 1360 	1298 	1626
f 1623 	944 	1629
f 1631 	1633 	1630
f 946 	1623 	932
f 1635 	1182 	1185
f 944 	1623 	946
f 1060 	1880 	1627
f 1631 	1635 	1633
f 1635 	15 	18
f 1060 	1627 	1062
f 1661 	1642 	1656
f 1634 	1656 	1642
f 20 	1633 	18
f 18 	1633 	1635
f 1626 	1877 	1360
f 1607 	1609 	1644
f 1641 	1630 	1633
f 1639 	1630 	1641
f 1609 	1629 	1644
f 1609 	1620 	1629
f 1643 	1429 	1640
f 1615 	1623 	1629
f 1438 	1524 	1640
f 929 	932 	1615
f 25 	1633 	20
f 1636 	1637 	2239
f 1633 	25 	1641
f 27 	1641 	25
f 1649 	1652 	1552
f 2239 	1637 	2234
f 1598 	1287 	1294
f 1607 	1644 	1637
f 1643 	1649 	1552
f 1637 	1644 	2234
f 1645 	2024 	1638
f 1644 	941 	2234
f 1291 	1598 	1294
f 1645 	2027 	2024
f 1629 	942 	1644
f 1640 	1168 	1660
f 1322 	1594 	1291
f 1321 	1594 	1322
f 1443 	1647 	1321
f 1643 	1640 	1660
f 1679 	1647 	1443
f 1643 	1660 	1649
f 458 	1111 	1651
f 790 	1473 	787
f 1651 	787 	1473
f 435 	1651 	1653
f 1473 	1653 	1651
f 444 	440 	1653
f 1594 	444 	1653
f 1596 	1653 	1473
f 1594 	1653 	1596
f 1634 	1737 	1656
f 1439 	1440 	1646
f 1652 	1649 	2157
f 1321 	444 	1594
f 2156 	1652 	2157
f 1461 	1646 	1659
f 490 	444 	1321
f 1656 	1657 	1662
f 1321 	1647 	490
f 1661 	1656 	1662
f 1178 	1660 	1168
f 1647 	506 	490
f 1648 	1650 	1959
f 1663 	1436 	1308
f 1658 	1695 	1694
f 1582 	1654 	1211
f 1669 	1663 	1308
f 1672 	704 	1664
f 1661 	1662 	1665
f 1423 	1664 	704
f 1677 	1661 	1665
f 1085 	1442 	1349
f 1662 	1667 	1665
f 1349 	1444 	1338
f 1658 	1668 	1657
f 1666 	1664 	1423
f 1657 	1668 	1662
f 1668 	1658 	1694
f 1338 	1444 	1612
f 421 	434 	1663
f 1662 	1668 	1667
f 1663 	422 	421
f 1331 	1671 	1053
f 1317 	1138 	1669
f 1331 	1676 	1671
f 422 	1663 	1669
f 422 	1669 	423
f 1093 	1676 	1331
f 424 	1669 	1138
f 424 	1138 	415
f 1664 	1673 	1672
f 423 	1669 	424
f 1670 	1672 	1673
f 1085 	1699 	1681
f 1647 	1679 	1674
f 1063 	1053 	1675
f 1671 	1675 	1053
f 1680 	1642 	1677
f 1676 	1093 	1681
f 1677 	1642 	1661
f 1696 	1520 	1447
f 1674 	428 	427
f 1632 	1680 	1645
f 1680 	1632 	1642
f 428 	1674 	1679
f 428 	1679 	430
f 1676 	1681 	1678
f 2027 	1645 	1680
f 1679 	431 	430
f 2030 	1680 	1677
f 2027 	1680 	2030
f 1682 	1443 	1436
f 1654 	1655 	1448
f 1681 	1699 	1711
f 1666 	1420 	1829
f 1679 	1443 	1682
f 1682 	1436 	1663
f 1679 	1682 	431
f 431 	1682 	432
f 1828 	1666 	1829
f 1678 	1681 	1711
f 1682 	1663 	434
f 1683 	1080 	1675
f 1675 	1684 	1683
f 432 	1682 	434
f 1671 	1685 	1675
f 1676 	1685 	1671
f 1676 	1678 	1685
f 427 	551 	1674
f 1675 	1685 	1684
f 1549 	1543 	1670
f 1674 	725 	506
f 1647 	1674 	506
f 1685 	1678 	1686
f 725 	1674 	551
f 1670 	1673 	1687
f 1684 	1685 	1686
f 1017 	1688 	1035
f 1688 	1017 	1689
f 1678 	1711 	1716
f 1689 	1017 	1690
f 1690 	1017 	1691
f 1447 	1552 	1696
f 1691 	1017 	1693
f 1693 	1017 	1700
f 1549 	1670 	1687
f 1700 	1017 	1701
f 1701 	1017 	1703
f 1703 	1017 	1745
f 1745 	1017 	1706
f 1686 	1678 	1716
f 1713 	1520 	1696
f 1771 	1017 	1772
f 1772 	1017 	1773
f 1707 	1338 	1344
f 1773 	1017 	1782
f 1783 	1017 	1775
f 1070 	1775 	1017
f 1709 	1695 	1698
f 1666 	1702 	1664
f 1703 	1704 	1701
f 1664 	1702 	1673
f 1702 	1666 	1828
f 1714 	1639 	1641
f 1692 	1709 	1698
f 1708 	1639 	1714
f 1695 	1709 	1694
f 1641 	29 	1714
f 28 	1714 	29
f 1344 	2483 	1707
f 29 	1641 	27
f 1709 	1692 	1712
f 1709 	1712 	1705
f 1694 	1709 	1705
f 1717 	1699 	1697
f 1708 	1719 	1710
f 1711 	1699 	1717
f 1714 	1719 	1708
f 1722 	1714 	32
f 28 	32 	1714
f 1711 	1715 	1716
f 1719 	1714 	1722
f 1694 	1718 	1668
f 1668 	1718 	1667
f 1718 	1694 	1705
f 1696 	1552 	1652
f 1711 	1717 	1715
f 886 	21 	1720
f 1725 	1507 	1713
f 21 	1721 	1720
f 1721 	21 	38
f 1065 	1723 	1732
f 1723 	1065 	1079
f 1841 	1733 	1702
f 36 	1722 	32
f 1638 	1728 	30
f 1722 	36 	40
f 1638 	30 	2433
f 1211 	1654 	1448
f 1655 	1441 	1448
f 2131 	1720 	1721
f 2118 	1720 	2131
f 1726 	1646 	1440
f 1726 	1440 	1441
f 38 	1728 	1721
f 1441 	1655 	1726
f 1710 	1719 	1730
f 2123 	1721 	1728
f 1730 	1719 	1729
f 1729 	1719 	1722
f 1722 	40 	1729
f 39 	1729 	40
f 1079 	1724 	1723
f 886 	1720 	885
f 1724 	1079 	1080
f 1080 	1683 	1724
f 1739 	1724 	1683
f 1710 	1730 	1727
f 368 	1741 	366
f 1736 	1727 	1730
f 1673 	1733 	1687
f 1702 	1733 	1673
f 1732 	1723 	1734
f 1731 	1732 	1734
f 402 	1823 	376
f 1761 	1725 	1713
f 402 	403 	1823
f 1826 	1823 	403
f 1727 	1736 	1735
f 404 	1827 	403
f 1713 	1740 	1761
f 1826 	403 	1827
f 420 	1830 	404
f 1737 	1723 	1724
f 1723 	1737 	1734
f 41 	1729 	39
f 1737 	1724 	1746
f 42 	1742 	41
f 1634 	1734 	1737
f 1774 	1738 	1698
f 1873 	1735 	1736
f 366 	1738 	1774
f 1696 	1740 	1713
f 1684 	1748 	1683
f 1741 	1738 	366
f 1742 	1730 	1729
f 1683 	1748 	1739
f 1686 	1749 	1684
f 1684 	1749 	1748
f 384 	387 	540
f 1704 	1703 	1743
f 407 	388 	540
f 388 	384 	540
f 1740 	1696 	1652
f 410 	408 	540
f 408 	407 	540
f 1703 	1744 	1743
f 1740 	1652 	2156
f 369 	411 	540
f 410 	540 	411
f 1724 	1739 	1746
f 1703 	1745 	1744
f 1739 	1747 	1746
f 1758 	1759 	1706
f 1745 	1706 	1759
f 413 	540 	414
f 1739 	1748 	1747
f 383 	414 	540
f 1748 	1760 	1747
f 1017 	1750 	1706
f 1528 	256 	1527
f 1528 	1529 	256
f 1539 	1542 	256
f 1559 	256 	1544
f 1749 	1760 	1748
f 96 	1754 	136
f 1751 	136 	1754
f 1745 	1757 	1744
f 1737 	1746 	1656
f 1746 	1747 	1657
f 1656 	1746 	1657
f 1759 	1757 	1745
f 1752 	1753 	136
f 1753 	1755 	136
f 1747 	1658 	1657
f 1751 	1752 	136
f 1755 	1756 	136
f 1750 	1812 	1706
f 1760 	1658 	1747
f 256 	1474 	133
f 1759 	1758 	1764
f 1695 	1658 	1760
f 1766 	1759 	1765
f 1757 	1759 	1766
f 1764 	1765 	1759
f 1765 	1764 	1758
f 1706 	1812 	1758
f 1763 	1762 	1474
f 1763 	1474 	1767
f 1779 	1715 	346
f 1768 	1767 	1474
f 1686 	1769 	1749
f 1474 	1762 	133
f 1750 	1017 	1771
f 1716 	1769 	1686
f 1540 	1541 	1778
f 1540 	1778 	1770
f 203 	259 	206
f 1541 	1780 	1778
f 1779 	346 	366
f 1782 	1017 	1783
f 1549 	1786 	1780
f 1781 	1749 	1769
f 1781 	1760 	1749
f 893 	881 	1776
f 1770 	1777 	1776
f 1769 	1774 	1781
f 211 	259 	1455
f 1750 	1771 	1807
f 1715 	1779 	1716
f 1455 	259 	1489
f 1716 	1779 	1769
f 1770 	1778 	1777
f 1779 	366 	1774
f 1771 	1772 	1819
f 1489 	260 	1488
f 1488 	260 	1493
f 1778 	1785 	1777
f 1769 	1779 	1774
f 1807 	1771 	1819
f 1493 	260 	1492
f 1780 	1785 	1778
f 1492 	260 	1526
f 1760 	1781 	1695
f 206 	259 	211
f 1781 	1774 	1698
f 1776 	1777 	629
f 1698 	1695 	1781
f 1122 	1123 	260
f 1777 	636 	629
f 755 	1784 	754
f 1777 	1785 	636
f 821 	255 	820
f 1785 	645 	636
f 1775 	1070 	1089
f 750 	749 	1784
f 1549 	1687 	1786
f 757 	1784 	755
f 1787 	1773 	1782
f 1687 	1788 	1786
f 1733 	1788 	1687
f 1791 	1783 	1775
f 1698 	1738 	1692
f 1799 	1780 	1786
f 1738 	1741 	1801
f 1780 	1799 	1785
f 1791 	1775 	1089
f 1801 	1692 	1738
f 1786 	1788 	1793
f 1799 	1786 	1793
f 1741 	1794 	1801
f 376 	1795 	368
f 1809 	1787 	1822
f 368 	1795 	1741
f 1787 	1782 	1797
f 1741 	1795 	1794
f 1797 	1782 	1783
f 1797 	1783 	1791
f 1796 	1787 	1797
f 376 	1823 	1795
f 1795 	1823 	1806
f 1785 	1799 	645
f 1799 	1793 	649
f 1791 	1089 	1109
f 1692 	1800 	1712
f 649 	645 	1799
f 1109 	1802 	1791
f 649 	1793 	673
f 1865 	1793 	1788
f 673 	1793 	1865
f 1802 	1797 	1791
f 1249 	1803 	710
f 1800 	1692 	1801
f 1797 	1802 	1796
f 710 	1803 	1420
f 1801 	1794 	1808
f 1258 	1803 	1249
f 743 	1796 	1802
f 1355 	1792 	1804
f 1800 	1801 	1808
f 1803 	1258 	1835
f 1258 	1824 	1835
f 1795 	1806 	1794
f 1804 	1805 	1434
f 1794 	1806 	1818
f 1805 	1855 	1424
f 1812 	1750 	1807
f 1424 	1434 	1805
f 1773 	1809 	1819
f 1773 	1819 	1772
f 1787 	1809 	1773
f 1765 	1758 	1812
f 647 	1814 	653
f 1834 	1967 	1818
f 653 	1814 	1815
f 1806 	1834 	1818
f 1810 	1815 	1814
f 1507 	1810 	1506
f 1810 	1507 	1815
f 1794 	1818 	1808
f 680 	677 	1815
f 653 	1815 	677
f 1725 	1815 	1507
f 1808 	1818 	391
f 1807 	1819 	1817
f 1821 	1817 	1809
f 1819 	1809 	1817
f 1820 	1811 	2197
f 1829 	1803 	1835
f 1821 	1809 	1822
f 1796 	1822 	1787
f 2197 	1811 	2201
f 1824 	1258 	1265
f 1826 	1834 	1823
f 2201 	1811 	1825
f 1290 	1824 	1265
f 1825 	1813 	2172
f 1803 	1829 	1420
f 2201 	1825 	2172
f 404 	1830 	1827
f 1765 	1842 	1831
f 1765 	1831 	1766
f 1829 	1844 	1828
f 1806 	1823 	1834
f 1826 	1827 	1838
f 1834 	1826 	1838
f 1829 	1835 	1844
f 749 	754 	1784
f 1835 	1824 	1846
f 1765 	1840 	1842
f 1812 	1840 	1765
f 1824 	1290 	1304
f 815 	255 	821
f 1807 	1848 	1812
f 814 	255 	815
f 1824 	1304 	1846
f 1812 	1848 	1840
f 1841 	1702 	1828
f 1836 	1831 	1842
f 1828 	1843 	1841
f 1835 	1846 	1844
f 1836 	1842 	1845
f 1828 	1844 	1843
f 1842 	1840 	1853
f 849 	255 	814
f 1845 	1842 	1853
f 845 	255 	873
f 850 	255 	849
f 873 	255 	850
f 1846 	1304 	1858
f 1840 	1848 	1847
f 1848 	1850 	1847
f 1817 	1848 	1807
f 1848 	1817 	1850
f 1821 	1851 	1850
f 1031 	255 	845
f 1817 	1821 	1850
f 1033 	255 	1031
f 680 	1815 	1725
f 1035 	255 	1033
f 1700 	1701 	255
f 1854 	1845 	1853
f 1853 	1840 	1847
f 1736 	1730 	1742
f 1729 	41 	1742
f 1856 	1843 	1844
f 1592 	1593 	1849
f 1846 	1856 	1844
f 1123 	1136 	260
f 1136 	1135 	260
f 1849 	1602 	1592
f 42 	45 	1742
f 1858 	1856 	1846
f 1849 	1864 	1602
f 1858 	1304 	1313
f 1856 	1862 	1843
f 1424 	1855 	1595
f 1128 	260 	1126
f 1125 	1126 	260
f 1857 	1849 	1593
f 1856 	1858 	1863
f 260 	1135 	1784
f 1857 	1593 	1595
f 1855 	1857 	1595
f 1858 	1313 	1863
f 1841 	1866 	1733
f 2458 	1631 	1630
f 1134 	1784 	1133
f 1130 	1784 	1134
f 750 	1784 	1130
f 1708 	13 	1639
f 1863 	1862 	1856
f 1863 	1313 	1323
f 1708 	34 	13
f 1133 	1784 	1135
f 260 	1140 	1125
f 1140 	260 	1141
f 1708 	1710 	34
f 1788 	1733 	1866
f 417 	1141 	260
f 1788 	1866 	1865
f 1710 	33 	34
f 1689 	255 	1688
f 1866 	1867 	1865
f 1690 	255 	1689
f 1860 	2467 	1859
f 1843 	1868 	1841
f 1691 	255 	1690
f 1866 	1841 	1868
f 1862 	1868 	1843
f 33 	1727 	201
f 1860 	1861 	503
f 1860 	503 	2467
f 1866 	1868 	1867
f 1861 	505 	503
f 1862 	1869 	1868
f 1727 	33 	1710
f 1867 	1868 	1869
f 1861 	1870 	505
f 1735 	201 	1727
f 1862 	1863 	1872
f 1688 	255 	1035
f 1869 	1862 	1872
f 1870 	521 	505
f 1323 	1325 	1863
f 1872 	1863 	1325
f 201 	1735 	228
f 1870 	472 	521
f 1735 	1871 	228
f 1865 	1867 	676
f 228 	1871 	227
f 1871 	1735 	1873
f 1867 	1869 	682
f 676 	1867 	682
f 1869 	584 	682
f 1704 	1743 	255
f 1693 	1700 	255
f 1894 	227 	1871
f 1869 	1872 	584
f 1325 	579 	584
f 1872 	1325 	584
f 609 	1874 	721
f 870 	1874 	609
f 1873 	1736 	1876
f 1743 	1744 	255
f 1736 	1742 	1876
f 1744 	1757 	255
f 2084 	1874 	870
f 1742 	1879 	1876
f 1701 	1704 	255
f 1757 	1766 	255
f 1877 	1362 	1360
f 1784 	757 	255
f 1875 	1873 	1876
f 1362 	1877 	1364
f 1876 	1878 	1875
f 1836 	16 	255
f 1879 	1742 	45
f 1880 	1626 	1627
f 1626 	1880 	1877
f 1879 	45 	46
f 1876 	1879 	1878
f 1877 	1880 	1881
f 1878 	47 	1882
f 1878 	1879 	47
f 46 	47 	1879
f 49 	1882 	47
f 1845 	15 	1836
f 1364 	1877 	1887
f 1877 	1881 	1887
f 1854 	15 	1845
f 50 	1883 	49
f 49 	1883 	1882
f 52 	1884 	53
f 1300 	1881 	1880
f 1852 	20 	1854
f 53 	1884 	1883
f 53 	1883 	50
f 1370 	1885 	1371
f 54 	1884 	52
f 1831 	1836 	255
f 1885 	1370 	1886
f 1376 	1886 	1370
f 1364 	1887 	1372
f 1372 	1887 	1376
f 1886 	1376 	1887
f 1888 	20 	1852
f 1337 	1887 	1881
f 1886 	1887 	1337
f 1889 	37 	1888
f 1345 	1881 	1300
f 1891 	37 	1889
f 65 	1890 	66
f 66 	1890 	68
f 74 	1944 	65
f 1371 	1885 	1380
f 1885 	1886 	1518
f 1519 	1886 	1337
f 1894 	267 	227
f 1518 	1886 	1519
f 1891 	1892 	37
f 1905 	1414 	1895
f 1871 	1873 	1896
f 1895 	1384 	1383
f 1871 	1896 	1894
f 1899 	1387 	1386
f 1895 	1383 	1899
f 1387 	1899 	1383
f 1875 	1896 	1873
f 1901 	1849 	1857
f 1899 	1386 	1535
f 1391 	1535 	1386
f 540 	37 	1898
f 1390 	1535 	1391
f 1902 	540 	1900
f 1395 	1512 	1390
f 1390 	1512 	1535
f 1395 	1380 	1512
f 438 	540 	1904
f 1512 	1885 	1514
f 1885 	1512 	1380
f 1854 	1853 	1852
f 1903 	1904 	540
f 1514 	1885 	1518
f 37 	1892 	1893
f 1893 	1897 	37
f 1897 	1898 	37
f 1898 	1900 	540
f 540 	1902 	1903
f 1895 	1583 	1905
f 1923 	1646 	1726
f 1905 	1415 	1414
f 820 	255 	757
f 1691 	1693 	255
f 1766 	1831 	255
f 37 	27 	1888
f 1196 	255 	16
f 1415 	1905 	1416
f 1384 	1895 	1414
f 1905 	1583 	1416
f 1911 	1912 	260
f 1909 	260 	1912
f 1914 	1911 	1784
f 1906 	260 	1910
f 1907 	260 	1906
f 1908 	260 	1907
f 1822 	1796 	747
f 1909 	1910 	260
f 260 	1784 	1911
f 743 	747 	1796
f 419 	1802 	1109
f 1923 	1726 	1655
f 419 	743 	1802
f 1916 	1821 	1822
f 1916 	1851 	1821
f 108 	105 	1784
f 1851 	1916 	753
f 105 	1913 	1784
f 747 	1916 	1822
f 756 	1916 	747
f 1888 	1852 	1920
f 1920 	1852 	1853
f 1853 	1847 	1926
f 1853 	1926 	1920
f 1915 	1921 	1918
f 1919 	1915 	1918
f 1922 	1847 	1850
f 1922 	1926 	1847
f 1850 	1851 	1922
f 2138 	1922 	1851
f 1924 	1889 	1920
f 1888 	1920 	1889
f 1889 	1924 	1891
f 137 	114 	1784
f 1920 	1925 	1924
f 2049 	1917 	1937
f 2049 	1937 	1396
f 1920 	1926 	1925
f 1917 	1918 	1938
f 1937 	1917 	1938
f 338 	129 	1784
f 141 	1784 	129
f 1939 	1938 	1921
f 1918 	1921 	1938
f 339 	1784 	343
f 338 	1784 	339
f 139 	137 	1784
f 1995 	1923 	2003
f 1915 	1927 	1921
f 349 	1784 	348
f 335 	1784 	337
f 337 	1784 	349
f 2008 	1923 	1997
f 1997 	1923 	2000
f 2000 	1923 	1951
f 64 	797 	54
f 2160 	1923 	2154
f 1928 	1929 	1930
f 2154 	1923 	2167
f 1915 	1928 	1930
f 1929 	1931 	1930
f 2167 	1923 	1605
f 622 	623 	255
f 1784 	255 	623
f 1605 	1923 	1584
f 1929 	1932 	1931
f 1584 	1923 	1585
f 255 	250 	614
f 1585 	1923 	1588
f 632 	1784 	623
f 1588 	1923 	1589
f 1589 	1923 	1586
f 1927 	1915 	1930
f 1586 	1923 	1591
f 1933 	1927 	1930
f 1591 	1923 	1587
f 538 	347 	1784
f 347 	348 	1784
f 538 	1784 	632
f 343 	1784 	335
f 141 	139 	1784
f 106 	108 	1784
f 1913 	1914 	1784
f 114 	106 	1784
f 1587 	1923 	1597
f 1128 	1122 	260
f 616 	622 	255
f 614 	616 	255
f 1597 	1923 	1570
f 260 	1164 	1526
f 1570 	1923 	1573
f 1165 	1164 	260
f 1573 	1923 	1576
f 1165 	260 	1166
f 1576 	1923 	1582
f 260 	1177 	1166
f 1582 	1923 	1654
f 1654 	1923 	1655
f 797 	57 	56
f 1186 	1183 	260
f 797 	56 	58
f 1191 	1186 	260
f 1450 	1934 	1449
f 797 	58 	59
f 1193 	1191 	260
f 1936 	1932 	1934
f 1192 	1193 	260
f 1195 	1192 	260
f 797 	59 	70
f 1453 	1934 	1450
f 1197 	260 	1199
f 1908 	1199 	260
f 797 	70 	71
f 1197 	1195 	260
f 1183 	1177 	260
f 196 	78 	540
f 71 	68 	797
f 1934 	1453 	1936
f 1456 	1936 	1453
f 1931 	1933 	1930
f 1933 	1931 	1935
f 1923 	1659 	1646
f 1932 	1936 	1931
f 1648 	1659 	1923
f 1894 	797 	267
f 1931 	1936 	1935
f 1457 	1936 	1456
f 1648 	1923 	1650
f 1894 	1896 	797
f 1936 	1457 	1935
f 196 	540 	194
f 1960 	1933 	1935
f 1983 	1957 	1923
f 1960 	1935 	1469
f 1459 	1935 	1457
f 1469 	1935 	1459
f 413 	194 	540
f 1954 	1921 	1927
f 64 	57 	797
f 1142 	1144 	255
f 1144 	1129 	255
f 1396 	1937 	1421
f 1937 	1938 	1940
f 1151 	1142 	255
f 1158 	255 	1160
f 1421 	1937 	1940
f 1941 	1940 	1939
f 1938 	1939 	1940
f 1939 	1942 	1941
f 255 	1158 	1151
f 1939 	1954 	1942
f 1944 	797 	1890
f 1421 	1940 	1572
f 1163 	1160 	255
f 1172 	1171 	255
f 1945 	797 	1944
f 1940 	1941 	1572
f 1173 	255 	1171
f 1163 	255 	1173
f 1172 	255 	1180
f 1190 	1180 	255
f 73 	1944 	74
f 1190 	255 	1189
f 1890 	65 	1944
f 1944 	73 	1945
f 77 	1945 	73
f 1941 	1577 	1572
f 1196 	1189 	255
f 76 	1945 	77
f 1941 	1942 	1578
f 196 	412 	78
f 1577 	1941 	1578
f 1400 	256 	1398
f 1945 	76 	379
f 78 	379 	76
f 1942 	1943 	1579
f 1578 	1942 	1579
f 1890 	797 	68
f 1955 	1946 	1943
f 196 	194 	412
f 412 	194 	413
f 1957 	1650 	1923
f 379 	78 	412
f 1226 	256 	1227
f 1 	1966 	1947
f 85 	1966 	1
f 1243 	256 	1244
f 1462 	1948 	1471
f 1368 	256 	1367
f 1244 	256 	1368
f 1943 	1603 	1579
f 1367 	256 	1409
f 1227 	256 	1243
f 1230 	256 	1226
f 1231 	256 	1230
f 1603 	1943 	1946
f 1923 	1996 	2003
f 1946 	1948 	1604
f 2008 	1996 	1923
f 1604 	1603 	1946
f 10 	1950 	9
f 1949 	9 	1950
f 10 	11 	1953
f 1379 	256 	1375
f 1373 	1375 	256
f 1 	1947 	11
f 1953 	11 	1947
f 1463 	1606 	1948
f 1463 	1948 	1462
f 1381 	256 	1379
f 1952 	1964 	1949
f 1465 	1608 	1466
f 1964 	1952 	1963
f 1382 	256 	1381
f 1231 	1373 	256
f 1466 	1608 	1606
f 1951 	1923 	2181
f 1949 	1950 	1956
f 1466 	1606 	1463
f 1467 	1610 	1608
f 1467 	1608 	1465
f 10 	1953 	1950
f 1407 	256 	1400
f 1921 	1954 	1939
f 1947 	1972 	1953
f 1927 	1955 	1954
f 1963 	1952 	1026
f 1398 	256 	1399
f 1933 	1955 	1927
f 1952 	1014 	1026
f 255 	1405 	1399
f 1949 	1956 	1952
f 1933 	1960 	1955
f 1014 	1952 	1956
f 1029 	1014 	1956
f 1956 	1950 	1958
f 1648 	1446 	1659
f 255 	1129 	1405
f 1958 	1950 	1953
f 1659 	1446 	1461
f 1954 	1955 	1943
f 1956 	1958 	1029
f 1409 	256 	1407
f 1943 	1942 	1954
f 1446 	1648 	1959
f 1946 	1955 	1960
f 1946 	1960 	1948
f 1470 	1960 	1469
f 255 	1399 	256
f 1471 	1948 	1960
f 1471 	1960 	1470
f 82 	9 	1949
f 3 	256 	1622
f 1574 	256 	3
f 1961 	1963 	1965
f 80 	1964 	1961
f 1972 	1029 	1958
f 1964 	80 	82
f 1622 	256 	1624
f 1949 	1964 	82
f 1963 	1961 	1964
f 1621 	256 	1382
f 1621 	1624 	256
f 2032 	1047 	1039
f 2026 	1901 	2028
f 1965 	1047 	2032
f 1827 	1830 	1971
f 1838 	1827 	1971
f 1965 	1963 	1041
f 1830 	1985 	1971
f 1047 	1965 	1041
f 1041 	1963 	1026
f 1985 	1830 	1987
f 1834 	1838 	1968
f 2044 	1901 	1832
f 1967 	1834 	1968
f 86 	1975 	85
f 1838 	1969 	1968
f 1832 	1901 	1833
f 92 	2011 	86
f 1833 	1901 	1837
f 1975 	86 	2011
f 1838 	1971 	1969
f 1958 	1953 	1972
f 1973 	1947 	1966
f 1972 	1947 	1973
f 1816 	1901 	1820
f 1966 	1974 	1973
f 85 	1975 	1966
f 1820 	1901 	1811
f 1811 	1901 	1825
f 1966 	1975 	1974
f 1967 	1968 	397
f 1825 	1901 	1813
f 1970 	1977 	1976
f 1813 	1901 	1798
f 764 	1968 	1969
f 1798 	1901 	1789
f 1972 	1973 	1970
f 1789 	1901 	1790
f 1973 	1974 	1977
f 1790 	1901 	1792
f 1970 	1973 	1977
f 1980 	1977 	1974
f 1792 	1901 	1804
f 1830 	420 	1987
f 1804 	1901 	1805
f 1805 	1901 	1855
f 1901 	1857 	1855
f 1113 	1991 	997
f 1987 	420 	867
f 1650 	1957 	1962
f 1650 	1962 	1959
f 1924 	1925 	1981
f 1957 	1982 	1962
f 867 	990 	1991
f 1957 	1983 	1982
f 1983 	1989 	1982
f 2029 	1978 	2031
f 1983 	1993 	1989
f 1980 	1994 	1977
f 990 	997 	1991
f 1994 	1980 	1984
f 2287 	1959 	1962
f 1987 	867 	1991
f 1924 	1988 	1892
f 1891 	1924 	1892
f 1980 	1986 	1984
f 1892 	1988 	1893
f 1978 	1990 	1986
f 1986 	1990 	1984
f 1988 	1924 	1981
f 1978 	2029 	1990
f 1982 	1989 	2337
f 1991 	1113 	1114
f 1897 	1992 	1898
f 1988 	1992 	1897
f 1988 	1897 	1893
f 1993 	1983 	1923
f 1994 	1976 	1977
f 1993 	1923 	1995
f 1985 	2018 	1971
f 1981 	1998 	1988
f 1994 	2012 	1976
f 1971 	2018 	1969
f 1898 	1992 	1900
f 1988 	1998 	1992
f 1029 	1972 	1999
f 1970 	1999 	1972
f 1082 	1029 	1999
f 1993 	1995 	2320
f 1839 	1837 	1901
f 1970 	2001 	1999
f 2320 	1989 	1993
f 1901 	1816 	1839
f 1992 	2002 	1900
f 2001 	1082 	1999
f 89 	2034 	2006
f 1976 	2001 	1970
f 1901 	1864 	1849
f 2001 	1976 	2004
f 1864 	1901 	1859
f 2322 	2323 	1996
f 89 	2006 	93
f 93 	2006 	1979
f 1901 	1860 	1859
f 93 	1979 	92
f 1901 	1861 	1860
f 1979 	2005 	2015
f 2001 	2004 	1247
f 1861 	1901 	1870
f 2331 	2322 	2007
f 1247 	2004 	1352
f 1979 	2006 	2005
f 1870 	1901 	472
f 1996 	2008 	2007
f 1352 	2004 	1363
f 1901 	426 	472
f 426 	1901 	479
f 1974 	1975 	2009
f 1984 	2010 	2017
f 2007 	2008 	2194
f 1901 	429 	479
f 1990 	2010 	1984
f 2011 	92 	1979
f 486 	429 	1901
f 2009 	1975 	2011
f 1901 	2025 	486
f 2011 	1979 	2015
f 2000 	1951 	2204
f 2199 	2204 	1951
f 2026 	2025 	1901
f 2012 	2004 	1976
f 2009 	2011 	2015
f 1985 	2013 	2018
f 1987 	2014 	1985
f 1991 	2014 	1987
f 2017 	2010 	1392
f 2009 	1980 	1974
f 1991 	1114 	2014
f 2040 	2038 	1901
f 2009 	1986 	1980
f 1115 	2014 	1114
f 1392 	2010 	1396
f 1985 	2014 	2013
f 2014 	1115 	1116
f 2015 	2005 	1978
f 2028 	1901 	2033
f 1978 	1986 	2015
f 1363 	2004 	2012
f 2014 	1116 	2013
f 2009 	2015 	1986
f 1752 	2016 	1753
f 2016 	1752 	1751
f 1969 	766 	764
f 1984 	2017 	1994
f 2016 	1751 	2021
f 1994 	2017 	2012
f 1754 	2021 	1751
f 96 	95 	1754
f 95 	2021 	1754
f 2017 	1392 	1408
f 2017 	1408 	2012
f 766 	1969 	2018
f 100 	2022 	95
f 2018 	2013 	780
f 2021 	95 	2022
f 1961 	100 	80
f 1961 	2022 	100
f 766 	2018 	780
f 1753 	2016 	1755
f 2019 	1755 	2016
f 1755 	2019 	1756
f 772 	780 	2013
f 2016 	2020 	2019
f 1119 	2013 	1116
f 1119 	774 	2013
f 772 	2013 	774
f 2020 	2016 	2021
f 2021 	2032 	2020
f 2032 	2021 	2022
f 2022 	1961 	1965
f 1625 	1295 	2019
f 1628 	2019 	2020
f 1978 	2005 	2031
f 1625 	2019 	1628
f 752 	486 	2025
f 768 	2025 	2026
f 2032 	1039 	2020
f 2028 	768 	2026
f 2032 	2022 	1965
f 110 	2034 	89
f 115 	2036 	110
f 2037 	2024 	2027
f 1901 	2038 	2033
f 2034 	110 	2036
f 2035 	2024 	2037
f 117 	2045 	115
f 2039 	2037 	2030
f 2027 	2030 	2037
f 2038 	2415 	2033
f 2036 	115 	2045
f 117 	123 	2045
f 2041 	1677 	1665
f 2042 	2006 	2034
f 1677 	2041 	2030
f 1901 	2050 	2040
f 2006 	2042 	2005
f 1901 	2044 	2050
f 768 	2028 	759
f 2054 	2048 	2051
f 2023 	2052 	2031
f 2031 	2005 	2042
f 2031 	2052 	2029
f 2023 	2031 	2042
f 2036 	2046 	2034
f 2034 	2046 	2042
f 2023 	2042 	2046
f 2043 	1919 	2023
f 2043 	2023 	2046
f 2030 	2047 	2039
f 2041 	2047 	2030
f 2046 	2036 	2048
f 2043 	1928 	1919
f 2045 	2048 	2036
f 2029 	2049 	1990
f 2039 	2047 	2065
f 2046 	2048 	2043
f 2049 	2010 	1990
f 2047 	2059 	2066
f 2029 	1917 	2049
f 2051 	2045 	123
f 123 	2053 	2051
f 124 	2053 	123
f 2050 	2417 	2040
f 2398 	2397 	2044
f 125 	2057 	124
f 2029 	2052 	1917
f 133 	1762 	125
f 2052 	1918 	1917
f 2057 	125 	1762
f 2438 	2083 	1712
f 1919 	2052 	2023
f 2045 	2051 	2048
f 2051 	2053 	2055
f 2052 	1919 	1918
f 2054 	2051 	2055
f 2053 	2056 	2055
f 2010 	2049 	1396
f 124 	2057 	2053
f 2058 	1667 	1718
f 1833 	2399 	1832
f 2053 	2057 	2056
f 2048 	2054 	1928
f 2043 	2048 	1928
f 1915 	1919 	1928
f 1665 	1667 	2061
f 2061 	2041 	1665
f 2054 	2055 	1929
f 1928 	2054 	1929
f 2061 	1667 	2058
f 2055 	2056 	1932
f 1929 	2055 	1932
f 2056 	1934 	1932
f 1768 	1449 	2056
f 2041 	2059 	2047
f 2270 	1483 	1482
f 2057 	1767 	2056
f 1763 	2057 	1762
f 1483 	2270 	1487
f 1763 	1767 	2057
f 1517 	2235 	1476
f 1768 	2056 	1767
f 1934 	2056 	1449
f 2059 	2041 	2061
f 1490 	2464 	1491
f 1495 	2466 	1497
f 624 	2080 	1485
f 1497 	8 	1499
f 144 	2097 	161
f 8 	1497 	2466
f 1499 	8 	1500
f 2064 	146 	145
f 2039 	2065 	2063
f 146 	2064 	2072
f 2072 	143 	146
f 22 	60 	1501
f 1501 	1505 	22
f 148 	2067 	2064
f 148 	2064 	145
f 1504 	24 	1505
f 2065 	2047 	2066
f 2067 	148 	147
f 2058 	2070 	2061
f 2061 	2070 	2059
f 144 	2072 	2097
f 2072 	144 	143
f 721 	1874 	2069
f 2097 	2072 	2071
f 2069 	722 	721
f 2060 	2082 	2121
f 1874 	2074 	2069
f 2082 	2060 	2073
f 2073 	2062 	2085
f 2065 	2066 	2281
f 2059 	2076 	2066
f 2070 	2076 	2059
f 2077 	2072 	2064
f 722 	2069 	2079
f 2072 	2077 	2071
f 722 	2079 	724
f 2078 	1042 	1058
f 2081 	2064 	2067
f 724 	2079 	2110
f 2077 	2064 	2081
f 2081 	2067 	2112
f 2077 	2081 	2080
f 2092 	1705 	2083
f 1712 	2083 	1705
f 870 	882 	2084
f 2073 	2085 	2082
f 888 	2089 	882
f 2071 	2086 	2075
f 882 	2089 	2084
f 2086 	2071 	2077
f 2086 	2077 	2080
f 2089 	888 	48
f 2062 	2078 	2094
f 620 	2075 	2086
f 2074 	1874 	2084
f 624 	2086 	2080
f 2088 	2074 	2084
f 624 	620 	2086
f 2084 	2089 	2088
f 2091 	159 	158
f 159 	2091 	2301
f 1705 	2092 	1718
f 55 	2074 	2088
f 162 	161 	2097
f 1718 	2092 	2058
f 162 	2091 	158
f 2062 	2094 	2085
f 2092 	2083 	2087
f 2088 	75 	55
f 2087 	2101 	2092
f 2088 	63 	75
f 2069 	2095 	2079
f 2074 	2095 	2069
f 2093 	2085 	2094
f 2095 	2074 	55
f 2101 	2087 	2106
f 2094 	1067 	2093
f 162 	2097 	2091
f 2095 	79 	2115
f 1058 	2094 	2078
f 2096 	2091 	2097
f 2094 	1058 	1067
f 2095 	55 	79
f 2106 	2087 	2099
f 2097 	2071 	2096
f 2100 	2082 	2085
f 2110 	726 	724
f 2070 	2098 	2076
f 2082 	2100 	2090
f 2100 	2085 	2093
f 2058 	2101 	2070
f 2104 	2091 	2096
f 2092 	2101 	2058
f 2100 	2093 	2105
f 2100 	2105 	2107
f 2101 	2106 	2098
f 2101 	2098 	2070
f 2093 	1065 	2105
f 2075 	2096 	2071
f 1065 	2093 	1067
f 689 	684 	2102
f 2103 	730 	726
f 2107 	2090 	2100
f 2108 	2104 	2096
f 730 	2103 	2109
f 2104 	2108 	2102
f 2106 	2099 	2339
f 2108 	2096 	2075
f 730 	2109 	732
f 2108 	689 	2102
f 732 	2125 	733
f 628 	2108 	2075
f 2107 	2105 	2430
f 732 	2109 	2125
f 689 	2108 	628
f 172 	2067 	147
f 1065 	1732 	2105
f 172 	171 	2113
f 202 	171 	174
f 2115 	2079 	2095
f 2079 	2115 	2110
f 172 	2113 	2067
f 171 	202 	2113
f 2068 	2060 	2121
f 885 	2118 	927
f 2113 	2112 	2067
f 2103 	726 	2110
f 203 	2112 	204
f 2121 	2117 	2068
f 2113 	204 	2112
f 2118 	885 	1720
f 2103 	2110 	2114
f 2113 	202 	204
f 2116 	2081 	2112
f 2081 	2116 	2080
f 2110 	2115 	2114
f 206 	2112 	203
f 2112 	206 	2116
f 2119 	2115 	79
f 1485 	2080 	2116
f 1485 	2116 	1455
f 211 	2116 	206
f 2114 	2115 	2119
f 2136 	1728 	1638
f 1455 	2116 	211
f 88 	2119 	79
f 2123 	1728 	2136
f 2153 	2103 	2114
f 2301 	2091 	2104
f 2127 	2111 	2117
f 2102 	2319 	2104
f 2119 	2165 	2114
f 2327 	2102 	684
f 180 	2122 	213
f 180 	213 	181
f 88 	2169 	2119
f 213 	2122 	215
f 187 	2124 	2122
f 187 	2122 	180
f 2117 	2121 	2120
f 186 	2124 	187
f 2090 	2121 	2082
f 2120 	2121 	2090
f 2133 	219 	2122
f 215 	2122 	219
f 2024 	2136 	1638
f 2128 	2109 	2153
f 2127 	2117 	2120
f 2125 	2109 	2128
f 186 	189 	2124
f 249 	2130 	250
f 1900 	2002 	1902
f 2127 	2120 	2132
f 2131 	1721 	2123
f 1902 	2002 	1903
f 2126 	2127 	2132
f 2137 	2120 	2090
f 2131 	2123 	2134
f 2132 	2120 	2137
f 2131 	2134 	2142
f 1851 	753 	2138
f 2123 	2135 	2134
f 753 	1916 	756
f 2125 	737 	733
f 2135 	2123 	2136
f 2128 	737 	2125
f 2024 	2035 	2136
f 2129 	737 	2128
f 2168 	737 	2129
f 14 	737 	2168
f 2132 	2137 	2443
f 1922 	2139 	1926
f 2136 	2035 	2135
f 17 	737 	14
f 1926 	2139 	1925
f 19 	737 	17
f 4 	737 	19
f 2443 	2137 	2422
f 907 	2139 	2138
f 1922 	2138 	2139
f 2 	737 	4
f 2107 	2137 	2090
f 2138 	919 	907
f 2137 	2107 	2422
f 6 	737 	2
f 12 	737 	6
f 214 	737 	12
f 220 	737 	214
f 2139 	913 	1925
f 226 	737 	220
f 1981 	1925 	913
f 178 	737 	226
f 2140 	2118 	2142
f 907 	918 	2139
f 2142 	2118 	2131
f 179 	737 	178
f 1981 	970 	1998
f 970 	1981 	913
f 2148 	2134 	2135
f 2147 	2134 	2148
f 1992 	2146 	2002
f 1998 	2146 	1992
f 968 	2146 	1998
f 2145 	2141 	2155
f 970 	968 	1998
f 1903 	2149 	1904
f 2141 	2150 	2155
f 2002 	2149 	1903
f 2152 	2002 	2146
f 2233 	2135 	2035
f 2152 	2149 	2002
f 2236 	2035 	2037
f 2150 	2141 	2151
f 1904 	2149 	439
f 1904 	439 	438
f 442 	441 	2152
f 2149 	2152 	441
f 439 	2149 	441
f 2151 	2143 	2166
f 442 	2152 	446
f 2150 	2151 	2166
f 183 	737 	179
f 2146 	968 	1108
f 2335 	1962 	1982
f 190 	737 	183
f 1305 	2166 	2143
f 2109 	2103 	2153
f 2114 	2165 	2153
f 1108 	2152 	2146
f 446 	2152 	1108
f 2145 	2155 	2144
f 94 	2158 	88
f 2169 	88 	2158
f 1649 	2162 	2157
f 109 	127 	2161
f 2162 	1649 	1660
f 2163 	2154 	2164
f 2160 	2154 	2163
f 2153 	2129 	2128
f 2159 	2160 	2163
f 2174 	2164 	1607
f 2154 	1607 	2164
f 2202 	2156 	2157
f 2165 	2129 	2153
f 2167 	1607 	2154
f 2165 	2168 	2129
f 2167 	1605 	1609
f 1660 	1178 	2162
f 2169 	2165 	2119
f 1607 	2167 	1609
f 2168 	2165 	2169
f 677 	680 	761
f 2164 	2171 	2163
f 14 	2168 	2158
f 2169 	2158 	2168
f 2163 	2174 	2159
f 17 	2158 	2161
f 2171 	2174 	2163
f 1725 	2176 	680
f 680 	2176 	2170
f 2164 	2174 	2171
f 2180 	2173 	2185
f 2185 	2173 	1813
f 1798 	2185 	1813
f 2185 	1798 	2175
f 14 	2158 	17
f 127 	19 	2161
f 2173 	2178 	2172
f 2161 	19 	17
f 1761 	2176 	1725
f 4 	19 	127
f 2177 	2176 	1761
f 1761 	1740 	2184
f 2179 	1923 	2160
f 2178 	2180 	2172
f 1501 	60 	61
f 2173 	2180 	2178
f 1923 	2186 	2181
f 2151 	2201 	2180
f 2143 	2151 	2180
f 1761 	2184 	2177
f 1923 	2179 	2186
f 2181 	2186 	2183
f 2143 	2180 	2185
f 2156 	2184 	1740
f 2186 	2179 	2187
f 2185 	2175 	1307
f 2183 	2186 	2187
f 2179 	2159 	2187
f 2159 	2179 	2160
f 2185 	1307 	2143
f 2188 	2182 	2244
f 2189 	2162 	1178
f 2242 	2188 	2244
f 2244 	2182 	1175
f 1351 	2190 	1792
f 1175 	2182 	1110
f 1314 	2175 	2190
f 1202 	1314 	1351
f 2143 	1307 	1305
f 2008 	1997 	2194
f 2202 	2192 	2156
f 2195 	2157 	2162
f 2000 	2204 	1997
f 2204 	2194 	1997
f 2157 	2195 	2202
f 2189 	2195 	2162
f 1820 	2197 	2193
f 1951 	2200 	2199
f 2220 	2191 	2192
f 1951 	2181 	2200
f 1813 	2173 	2172
f 2181 	2183 	2200
f 2180 	2201 	2172
f 2202 	2221 	2192
f 2193 	2197 	2145
f 2205 	2196 	2198
f 2203 	2196 	2205
f 2205 	2198 	1131
f 2201 	2141 	2197
f 1208 	2198 	1203
f 2145 	2197 	2141
f 1208 	1131 	2198
f 2201 	2151 	2141
f 2211 	2199 	2200
f 2195 	2189 	2226
f 2203 	2205 	2231
f 2211 	2200 	2213
f 2227 	2226 	2189
f 2231 	2205 	1145
f 2213 	2200 	2183
f 2062 	2073 	2144
f 1188 	2227 	2189
f 1131 	1145 	2205
f 2155 	2062 	2144
f 2150 	2078 	2155
f 1508 	1558 	2206
f 1188 	1184 	2227
f 2062 	2155 	2078
f 2078 	2150 	1042
f 2207 	2442 	2203
f 1192 	2209 	1193
f 2150 	2166 	1042
f 2204 	2199 	2210
f 1193 	2209 	2208
f 1191 	1193 	2208
f 1508 	2206 	1509
f 2215 	1509 	2206
f 1048 	2166 	1305
f 1192 	1195 	2209
f 1048 	1042 	2166
f 2211 	2210 	2199
f 2193 	2145 	2212
f 2183 	2187 	2229
f 1513 	1509 	2215
f 2206 	2207 	2224
f 2183 	2229 	2213
f 2187 	2159 	2218
f 2224 	2207 	2219
f 2187 	2218 	2229
f 2219 	2207 	2203
f 2218 	2159 	1636
f 2220 	2217 	2191
f 2231 	2219 	2203
f 2174 	1636 	2159
f 2221 	2220 	2192
f 2144 	2228 	2212
f 1636 	2174 	1637
f 2222 	2202 	2195
f 2144 	2212 	2145
f 2174 	1607 	1637
f 2222 	2221 	2202
f 2206 	2224 	2215
f 2195 	2226 	2222
f 2223 	2215 	2224
f 2219 	2188 	2224
f 2225 	2371 	2228
f 2219 	2182 	2188
f 1184 	2230 	2227
f 2225 	2228 	2060
f 2208 	2230 	1184
f 2182 	2219 	2231
f 2035 	2236 	2233
f 2231 	1145 	1110
f 1110 	2182 	2231
f 2408 	2214 	2217
f 2232 	2218 	1636
f 2271 	2147 	2148
f 2223 	2224 	2188
f 2242 	2223 	2188
f 2135 	2233 	2148
f 1513 	2215 	1515
f 2215 	2235 	1515
f 2235 	2215 	2223
f 2235 	1517 	1515
f 940 	2234 	941
f 2236 	2037 	2063
f 2232 	2246 	2269
f 2232 	2237 	2246
f 1636 	2239 	2232
f 2247 	2235 	2223
f 2237 	2232 	2239
f 2238 	761 	2241
f 2170 	2241 	761
f 2241 	2170 	2249
f 2140 	2243 	2251
f 2249 	2170 	2176
f 2243 	2140 	2142
f 954 	2234 	940
f 2147 	2142 	2134
f 2234 	954 	2253
f 955 	2253 	954
f 2243 	2142 	2147
f 2247 	2223 	2242
f 2268 	2246 	344
f 2245 	1480 	2247
f 2249 	2176 	2177
f 2237 	345 	2246
f 2293 	2240 	2294
f 2248 	2241 	2249
f 2247 	2242 	2250
f 344 	2246 	345
f 2245 	2247 	2250
f 2249 	2177 	2252
f 2242 	2244 	2256
f 345 	2237 	956
f 345 	956 	340
f 2294 	2240 	2251
f 2248 	2249 	2252
f 2253 	2239 	2234
f 2239 	2253 	2237
f 2191 	2252 	2177
f 2244 	1174 	2256
f 2243 	2296 	2251
f 2253 	957 	2237
f 956 	2237 	957
f 2184 	2191 	2177
f 958 	2253 	955
f 1174 	2244 	1175
f 2270 	1482 	2245
f 2296 	2243 	2299
f 2192 	2191 	2184
f 2254 	2245 	2250
f 958 	957 	2253
f 2192 	2184 	2156
f 2255 	2210 	2211
f 2299 	2243 	2147
f 2248 	2252 	2214
f 923 	2257 	961
f 2242 	2256 	2250
f 2265 	2211 	2213
f 2257 	923 	927
f 2252 	2217 	2214
f 2255 	2211 	2265
f 2140 	927 	2118
f 1182 	2256 	1174
f 2265 	2213 	2258
f 2252 	2191 	2217
f 927 	2140 	2257
f 2258 	2213 	2229
f 961 	2257 	2240
f 2257 	2251 	2240
f 2259 	2267 	2241
f 2254 	2458 	2456
f 2251 	2257 	2140
f 2250 	2260 	2254
f 2248 	2259 	2241
f 950 	2261 	960
f 2260 	2250 	2256
f 2261 	950 	961
f 1182 	2260 	2256
f 167 	2286 	2262
f 2458 	2254 	2260
f 1631 	2260 	1182
f 2261 	961 	2240
f 2263 	2255 	2265
f 2235 	2247 	1476
f 1479 	1476 	2247
f 2293 	2261 	2240
f 2265 	2258 	2278
f 2245 	1481 	1480
f 2263 	2265 	2278
f 2037 	2039 	2063
f 1479 	2247 	1480
f 2258 	2268 	2278
f 2269 	2229 	2218
f 2259 	2272 	2266
f 1481 	2245 	1482
f 2229 	2269 	2258
f 2267 	2259 	2266
f 2232 	2269 	2218
f 2268 	2258 	2269
f 2270 	2245 	2254
f 2273 	2259 	2248
f 2272 	2259 	2273
f 2271 	2148 	2274
f 2274 	2148 	2233
f 2456 	2270 	2254
f 2274 	2233 	2275
f 2214 	2273 	2248
f 2275 	2233 	2236
f 381 	469 	2263
f 2063 	2277 	2236
f 2275 	2236 	2277
f 2065 	2279 	2063
f 381 	2263 	2278
f 2063 	2279 	2277
f 385 	2278 	2268
f 381 	2278 	385
f 2281 	2279 	2065
f 2066 	2332 	2281
f 344 	385 	2268
f 2268 	2269 	2246
f 2076 	2332 	2066
f 769 	696 	2290
f 2133 	222 	219
f 2130 	249 	2133
f 222 	2133 	249
f 1427 	2295 	687
f 2238 	2290 	696
f 2133 	2284 	2130
f 2124 	2285 	2122
f 2133 	2122 	2285
f 1146 	765 	2286
f 2124 	2401 	2285
f 2133 	2285 	2284
f 1962 	2335 	2287
f 765 	2288 	2286
f 1511 	2289 	1510
f 250 	2130 	614
f 615 	614 	2130
f 2282 	769 	2290
f 2130 	2284 	617
f 617 	615 	2130
f 617 	2284 	625
f 2290 	2238 	2267
f 2292 	2261 	2293
f 2267 	2303 	2290
f 210 	209 	2308
f 2295 	1427 	1522
f 2267 	2238 	2241
f 2297 	1510 	2289
f 2288 	2262 	2286
f 2296 	2294 	2251
f 2295 	1510 	2297
f 2308 	209 	2298
f 212 	2298 	209
f 2289 	2291 	2300
f 2289 	2300 	2297
f 217 	2301 	2298
f 217 	2298 	212
f 2301 	217 	216
f 2288 	2264 	2262
f 2282 	2303 	2288
f 2287 	2302 	2291
f 2303 	2282 	2290
f 159 	2301 	216
f 2271 	2299 	2147
f 2303 	2264 	2288
f 2305 	275 	208
f 2305 	208 	210
f 2303 	2266 	2264
f 2303 	2267 	2266
f 2302 	2353 	2364
f 2305 	2306 	2304
f 2295 	2297 	711
f 2305 	210 	2308
f 2307 	625 	839
f 687 	2295 	711
f 2305 	2308 	2306
f 532 	537 	621
f 2300 	713 	2297
f 634 	532 	621
f 2308 	2298 	2312
f 2308 	2312 	2306
f 731 	713 	2300
f 545 	634 	2307
f 2291 	2313 	2300
f 2302 	2313 	2291
f 532 	634 	545
f 2313 	2302 	2364
f 2307 	1152 	545
f 2300 	2313 	731
f 2301 	2104 	2319
f 1152 	2307 	839
f 2313 	2364 	847
f 1907 	2315 	2316
f 1907 	2316 	1908
f 1906 	2315 	1907
f 847 	731 	2313
f 1909 	2317 	1910
f 1910 	2317 	2315
f 1910 	2315 	1906
f 2364 	1055 	847
f 1912 	2318 	2317
f 1912 	2317 	1909
f 2319 	2298 	2301
f 2298 	2319 	2312
f 1911 	2318 	1912
f 2318 	1911 	83
f 1914 	83 	1911
f 1995 	2321 	2320
f 2003 	2321 	1995
f 1913 	83 	1914
f 2003 	1996 	2323
f 105 	87 	1913
f 2321 	2003 	2323
f 2345 	2324 	2344
f 1195 	2325 	2209
f 1996 	2007 	2322
f 2304 	2306 	2333
f 1197 	2325 	1195
f 1908 	2316 	1199
f 2306 	2312 	2333
f 2326 	2333 	2312
f 1199 	2316 	2325
f 2325 	1197 	1199
f 2312 	2327 	2326
f 2327 	2312 	2319
f 2098 	2328 	2329
f 2319 	2102 	2327
f 2106 	2328 	2098
f 2322 	2330 	2323
f 2339 	2328 	2106
f 2323 	2331 	2321
f 2330 	2331 	2323
f 1814 	647 	2324
f 2322 	2331 	2330
f 2304 	2333 	2324
f 2098 	2329 	2076
f 2331 	2350 	2321
f 2324 	2333 	1814
f 2332 	2076 	2329
f 1810 	1814 	2326
f 2326 	1814 	2333
f 1506 	2326 	2327
f 2375 	2331 	2007
f 1810 	2326 	1506
f 1506 	2327 	684
f 2007 	2380 	2375
f 2334 	271 	270
f 2334 	2357 	271
f 274 	2336 	2334
f 274 	2334 	270
f 2336 	274 	273
f 2335 	1982 	2337
f 2305 	2336 	275
f 2408 	2208 	2209
f 1989 	2320 	2348
f 2325 	2408 	2209
f 1989 	2348 	2337
f 2321 	2338 	2320
f 2320 	2338 	2348
f 2336 	2304 	2345
f 273 	275 	2336
f 2304 	2336 	2305
f 2408 	2262 	2264
f 2356 	2340 	2363
f 2341 	2339 	2099
f 2408 	2264 	2266
f 2444 	2341 	2099
f 2341 	2444 	2343
f 2340 	2356 	2342
f 2342 	2344 	2340
f 2345 	2334 	2336
f 2334 	2345 	2342
f 2342 	2345 	2344
f 2287 	2335 	2302
f 2304 	2324 	2345
f 2408 	2217 	2220
f 661 	2340 	2344
f 2337 	2348 	2354
f 2324 	647 	2344
f 661 	2344 	647
f 2352 	291 	290
f 291 	2352 	2349
f 291 	2349 	289
f 2321 	2350 	2338
f 295 	2352 	290
f 2338 	2350 	2358
f 294 	271 	2357
f 2337 	2353 	2335
f 2353 	2302 	2335
f 2351 	2349 	2352
f 2353 	2337 	2354
f 2352 	2356 	2351
f 2348 	2338 	2362
f 2352 	295 	2357
f 2357 	295 	294
f 2354 	2348 	2362
f 2352 	2357 	2356
f 2358 	2362 	2338
f 2357 	2334 	2342
f 2342 	2356 	2357
f 2361 	2349 	2351
f 2362 	2369 	2354
f 2363 	2351 	2356
f 2387 	2358 	2385
f 804 	796 	2360
f 2365 	2361 	2351
f 2361 	2365 	2360
f 2365 	2351 	2363
f 804 	2360 	2365
f 2372 	2364 	2353
f 2358 	2387 	2373
f 1055 	2364 	2372
f 2354 	2372 	2353
f 2368 	1226 	1227
f 2372 	2354 	2369
f 2362 	2358 	2373
f 2362 	2373 	2369
f 2371 	2366 	2367
f 2370 	2366 	2371
f 2371 	2367 	2212
f 2212 	2367 	2193
f 1378 	2368 	1618
f 1618 	2368 	1619
f 2372 	2369 	1057
f 2225 	2370 	2371
f 2372 	1057 	1055
f 2216 	2370 	2225
f 2228 	2371 	2212
f 2369 	1092 	1057
f 2328 	2374 	2329
f 2369 	2373 	1092
f 1547 	1546 	2368
f 2331 	2375 	2350
f 2194 	2380 	2007
f 1529 	2368 	1530
f 1530 	2368 	1531
f 2423 	1539 	2368
f 2194 	2382 	2380
f 2423 	2368 	2420
f 1214 	1213 	2377
f 2376 	2377 	1213
f 2420 	2368 	2421
f 2421 	2368 	2276
f 2276 	2368 	2283
f 2375 	2385 	2350
f 2283 	2368 	2355
f 2377 	2376 	2378
f 2350 	2385 	2358
f 2355 	2368 	2280
f 2375 	2379 	2385
f 2377 	2370 	2216
f 2374 	2413 	2414
f 2378 	2370 	2377
f 2280 	2368 	2359
f 2374 	2414 	2424
f 2359 	2368 	1411
f 2374 	2424 	2425
f 2375 	2380 	2379
f 1216 	1214 	2377
f 2374 	2425 	2426
f 1411 	2368 	1460
f 2380 	2381 	2379
f 1216 	2377 	2216
f 1460 	2368 	1219
f 2204 	2382 	2194
f 1216 	2216 	2383
f 1216 	2383 	1217
f 2204 	2210 	2382
f 1219 	2368 	1221
f 2374 	2310 	2309
f 2216 	2068 	2383
f 2380 	2382 	2381
f 1221 	2368 	1238
f 2374 	2309 	2311
f 2225 	2068 	2216
f 2381 	2210 	2384
f 1238 	2368 	1361
f 2374 	2311 	2314
f 2382 	2210 	2381
f 2060 	2068 	2225
f 2374 	2314 	2292
f 1361 	2368 	1366
f 2384 	2210 	2255
f 2374 	2292 	2293
f 1243 	1244 	2368
f 2073 	2228 	2144
f 2374 	2293 	2294
f 1243 	2368 	1227
f 2374 	2294 	2296
f 2228 	2073 	2060
f 2374 	2296 	2299
f 2374 	2299 	2271
f 2068 	2117 	2383
f 2374 	2271 	2274
f 2379 	2381 	2390
f 2374 	2274 	2275
f 1859 	2463 	1864
f 2365 	2363 	809
f 2277 	2374 	2275
f 2384 	2439 	2381
f 2279 	2374 	2277
f 809 	2363 	660
f 2281 	2374 	2279
f 1859 	2467 	2463
f 2332 	2374 	2281
f 2363 	2340 	660
f 2366 	1839 	2367
f 2329 	2374 	2332
f 1839 	1816 	2367
f 2385 	2379 	2392
f 313 	2388 	2386
f 313 	2386 	310
f 1816 	2193 	2367
f 2387 	2385 	2392
f 315 	2389 	2388
f 315 	2388 	313
f 2389 	315 	314
f 2349 	318 	289
f 1820 	2193 	1816
f 2390 	2392 	2379
f 318 	2349 	2389
f 318 	2389 	314
f 2390 	2381 	2439
f 2391 	2403 	2388
f 2175 	1798 	1789
f 2396 	2388 	2389
f 2391 	2388 	2396
f 2361 	2389 	2349
f 1789 	1790 	2190
f 1789 	2190 	2175
f 2392 	2390 	1334
f 1790 	1792 	2190
f 2393 	2403 	2394
f 2391 	2394 	2403
f 2391 	2395 	2394
f 2374 	2328 	2339
f 1351 	1792 	1355
f 2341 	2374 	2339
f 2395 	2391 	2396
f 2343 	2374 	2341
f 2373 	2387 	1097
f 2360 	2395 	2396
f 1804 	1434 	1355
f 2346 	2374 	2343
f 1092 	2373 	1097
f 2389 	2361 	2396
f 1083 	1097 	2387
f 2360 	2396 	2361
f 2374 	2346 	2347
f 2392 	1083 	2387
f 2050 	2044 	2397
f 2394 	830 	2393
f 2392 	1334 	1083
f 583 	2374 	2347
f 831 	2394 	2395
f 599 	2374 	583
f 830 	2394 	831
f 2044 	2407 	2398
f 2395 	796 	831
f 2374 	599 	601
f 2407 	2044 	1832
f 2395 	2360 	796
f 189 	2402 	2124
f 399 	2402 	189
f 310 	2386 	400
f 2386 	2402 	400
f 1833 	1837 	2411
f 1833 	2411 	2399
f 1839 	2366 	1837
f 2411 	1837 	2366
f 400 	2402 	399
f 2124 	2402 	2401
f 2402 	2403 	2401
f 2397 	2398 	2404
f 2405 	2417 	2397
f 2404 	2405 	2397
f 2402 	2386 	2403
f 2405 	2404 	2398
f 2405 	2398 	2407
f 2386 	2388 	2403
f 2406 	2285 	2401
f 2285 	2406 	2284
f 1224 	1222 	2405
f 2401 	2403 	2393
f 2406 	2401 	2393
f 2316 	2408 	2325
f 2407 	1832 	2399
f 2406 	625 	2284
f 2315 	2408 	2316
f 2406 	833 	625
f 1224 	2405 	2407
f 1224 	2407 	1225
f 2317 	2408 	2315
f 2406 	2393 	833
f 2310 	2374 	2426
f 2407 	2399 	2376
f 2318 	2408 	2317
f 83 	2408 	2318
f 1225 	2407 	2376
f 1225 	2376 	1229
f 87 	2408 	83
f 2399 	2378 	2376
f 107 	2408 	87
f 2411 	2378 	2399
f 2378 	2411 	2370
f 2410 	1028 	2412
f 2366 	2370 	2411
f 2368 	2436 	2429
f 122 	2408 	120
f 1229 	2376 	1213
f 762 	759 	2028
f 2436 	2368 	2431
f 238 	2408 	122
f 762 	2028 	2033
f 153 	2408 	238
f 154 	2408 	153
f 762 	2033 	2415
f 157 	2408 	154
f 2368 	2432 	1619
f 160 	2408 	157
f 2429 	2432 	2368
f 2416 	2038 	2040
f 2374 	601 	606
f 164 	2408 	160
f 2038 	2416 	2415
f 610 	2374 	606
f 2408 	164 	166
f 2409 	2374 	610
f 2417 	2416 	2040
f 2408 	166 	167
f 2409 	2410 	2374
f 2262 	2408 	167
f 2410 	2412 	2374
f 2050 	2397 	2417
f 2374 	2412 	2413
f 1527 	1548 	2368
f 2272 	2408 	2266
f 1232 	777 	2415
f 1528 	2368 	1529
f 1233 	2415 	2416
f 1233 	2416 	1234
f 2310 	971 	973
f 2273 	2408 	2272
f 1232 	2415 	1233
f 2426 	971 	2310
f 1236 	2416 	2417
f 1236 	2417 	1237
f 2214 	2408 	2273
f 2310 	973 	2309
f 1234 	2416 	1236
f 1237 	2417 	1240
f 982 	2309 	973
f 1240 	2417 	2405
f 1240 	2405 	1222
f 2309 	982 	2311
f 2111 	1252 	2383
f 2221 	2408 	2220
f 2111 	2383 	2117
f 983 	2311 	982
f 2222 	2408 	2221
f 960 	2314 	2311
f 2111 	2418 	1245
f 1245 	1252 	2111
f 1527 	2368 	1528
f 2226 	2408 	2222
f 960 	2311 	983
f 2419 	1246 	2418
f 1245 	2418 	1246
f 2227 	2408 	2226
f 2292 	960 	2261
f 2418 	2126 	2419
f 2230 	2408 	2227
f 2111 	2127 	2418
f 2314 	960 	2292
f 2126 	2418 	2127
f 2455 	1253 	2419
f 1246 	2419 	1253
f 2208 	2408 	2230
f 1531 	2368 	1539
f 1252 	1217 	2383
f 1022 	2413 	2412
f 1025 	2414 	2413
f 1539 	2423 	1542
f 994 	2424 	2414
f 1731 	1734 	2428
f 2424 	994 	1009
f 1544 	2420 	1559
f 1731 	2428 	2400
f 2423 	2420 	1544
f 1009 	2425 	2424
f 2428 	1734 	1634
f 1542 	2423 	1544
f 31 	2400 	2433
f 1554 	1553 	2421
f 1554 	2421 	2276
f 2443 	2422 	2427
f 2400 	1632 	2433
f 2422 	2435 	2427
f 2107 	2430 	2422
f 2428 	1632 	2400
f 2435 	2422 	2430
f 2435 	2430 	1731
f 2431 	2368 	1546
f 1642 	1632 	2428
f 1547 	2368 	1548
f 1732 	2430 	2105
f 2428 	1634 	1642
f 1731 	2430 	1732
f 1800 	2438 	1712
f 2429 	1562 	2432
f 2438 	1800 	2434
f 2433 	1632 	1645
f 1808 	2434 	1800
f 2434 	1808 	391
f 1638 	2433 	1645
f 2083 	2437 	2087
f 2435 	1731 	2400
f 2439 	2384 	2440
f 1567 	2436 	1550
f 2431 	1550 	2436
f 2083 	2438 	2437
f 2384 	2255 	2440
f 2431 	1546 	1551
f 1550 	2431 	1551
f 2126 	2132 	2448
f 1336 	2390 	2439
f 1336 	2439 	1343
f 2450 	2276 	2283
f 2434 	391 	2441
f 2440 	2255 	2263
f 2442 	2450 	2283
f 2132 	2443 	2448
f 2440 	1343 	2439
f 2441 	391 	395
f 2442 	2283 	2355
f 2087 	2437 	2099
f 2440 	2263 	469
f 2280 	2196 	2355
f 2437 	2444 	2099
f 1343 	2440 	469
f 2196 	2442 	2355
f 2434 	2445 	2438
f 2438 	2445 	2437
f 2445 	2434 	2441
f 2196 	2280 	2198
f 2437 	2445 	2444
f 2280 	2359 	2198
f 2427 	2435 	31
f 2445 	2441 	2451
f 2455 	2447 	2446
f 2198 	2359 	1203
f 2444 	2445 	2451
f 2447 	2452 	2446
f 2400 	31 	2435
f 2203 	2442 	2196
f 2126 	2448 	2447
f 575 	2451 	395
f 2441 	395 	2451
f 575 	395 	577
f 2420 	2421 	1553
f 2447 	2448 	2452
f 2420 	1553 	1559
f 1555 	1554 	2449
f 2276 	2449 	1554
f 2448 	2443 	2453
f 2450 	2449 	2276
f 2452 	2448 	2453
f 31 	26 	2427
f 1555 	2449 	1558
f 2444 	2451 	2343
f 2427 	2453 	2443
f 2450 	2206 	2449
f 2449 	2206 	1558
f 2446 	848 	2457
f 2450 	2207 	2206
f 575 	2343 	2451
f 2446 	874 	848
f 2442 	2207 	2450
f 394 	391 	1967
f 2454 	1619 	2432
f 1818 	1967 	391
f 1561 	2432 	1562
f 2452 	874 	2446
f 1571 	2454 	1561
f 2432 	1561 	2454
f 1562 	2429 	1563
f 2452 	23 	874
f 1967 	397 	394
f 1563 	2429 	1564
f 2436 	1564 	2429
f 2436 	1567 	1564
f 2453 	23 	2452
f 3 	1622 	2454
f 26 	2453 	2427
f 26 	23 	2453
f 3 	2454 	1574
f 1574 	2454 	1575
f 2419 	2126 	2447
f 1575 	2454 	1571
f 2447 	2455 	2419
f 1253 	2455 	2457
f 1253 	2457 	1255
f 2446 	2457 	2455
f 1255 	2457 	901
f 1255 	901 	902
f 1631 	2458 	2260
f 1611 	2459 	1344
f 2460 	2456 	2458
f 2456 	2460 	2461
f 2460 	2458 	1630
f 2483 	1344 	2459
f 2461 	2460 	13
f 2459 	2462 	2481
f 2460 	1639 	13
f 2482 	2462 	2477
f 1639 	2460 	1630
f 1864 	2463 	1602
f 2464 	1487 	2270
f 2464 	1490 	1487
f 2464 	2270 	2456
f 1613 	1601 	2465
f 2464 	2456 	2461
f 1491 	2466 	1495
f 2466 	1491 	2464
f 2461 	2466 	2464
f 2471 	2463 	2467
f 2471 	2467 	2472
f 503 	2472 	2467
f 2466 	2461 	5
f 2473 	2472 	503
f 2468 	1613 	2465
f 2461 	13 	5
f 1611 	1613 	2468
f 2465 	2469 	2468
f 2463 	2470 	1602
f 1602 	2470 	2465
f 24 	1500 	8
f 2465 	2470 	2469
f 24 	1504 	1500
f 8 	7 	24
f 2466 	5 	8
f 2470 	2463 	2471
f 2471 	2474 	2470
f 2469 	2474 	2477
f 2462 	2469 	2477
f 2470 	2474 	2469
f 2471 	2472 	2474
f 2475 	2474 	2472
f 2476 	2472 	2473
f 791 	2473 	567
f 2472 	2476 	2475
f 2476 	2473 	791
f 2459 	1611 	2468
f 2468 	2469 	2462
f 2468 	2462 	2459
f 2477 	2474 	2478
f 2474 	2475 	2478
f 2482 	2477 	200
f 2476 	791 	2479
f 808 	2479 	791
f 2475 	2480 	2478
f 2476 	2480 	2475
f 2479 	2480 	2476
f 323 	2480 	2479
f 323 	321 	2480
f 2479 	816 	323
f 816 	2479 	808
f 2459 	2481 	2483
f 2482 	2481 	2462
f 2483 	2487 	1707
f 2483 	2481 	2488
f 2481 	2482 	2490
f 1717 	1697 	2484
f 1707 	2484 	1697
f 2484 	1707 	2487
f 2487 	2483 	2488
f 2481 	2490 	2488
f 2485 	1717 	2484
f 2485 	1715 	1717
f 2484 	2486 	2485
f 2484 	2487 	2486
f 2489 	2487 	2488
f 346 	1715 	2485
f 2485 	2486 	370
f 370 	346 	2485
f 2486 	352 	370
f 2487 	2489 	2486
f 35 	2489 	2488
f 2489 	352 	2486
f 352 	2489 	390
f 35 	390 	2489
f 2478 	200 	2477
f 2482 	200 	2490
f 35 	2488 	2490
f 35 	2490 	331
f 205 	331 	2490
# 4976 faces

 #end of obj_0

