# This file uses centimeters as units for non-parametric coordinates.

mtllib PasadoraDeMaletas_Model.mtl
g default
v -57.412308 9.224791 3.676262
v -57.390656 9.224791 3.840726
v -57.094589 9.224791 4.226567
v -56.941334 9.224791 4.290049
v -56.459152 9.224791 4.226567
v -56.327549 9.224791 4.125585
v -56.163086 9.224791 3.511800
v -56.612408 9.224791 3.062476
v -56.776871 9.224791 3.040824
v -57.327175 9.224791 3.358543
v -57.104454 9.224791 4.243653
v -56.449287 9.224791 4.243653
v -56.144028 9.224791 3.506693
v -56.607300 9.224791 3.043420
v -57.344261 9.224791 3.348680
v -57.327175 9.224791 3.993981
v -57.226192 9.224791 4.125585
v -56.776871 9.224791 4.311701
v -56.612408 9.224791 4.290049
v -56.226566 9.224791 3.993981
v -56.163086 9.224791 3.840726
v -56.141434 9.224791 3.676262
v -56.226566 9.224791 3.358543
v -56.327549 9.224791 3.226940
v -56.459152 9.224791 3.125957
v -56.941334 9.224791 3.062476
v -57.094589 9.224791 3.125957
v -57.226192 9.224791 3.226940
v -57.390656 9.224791 3.511800
v -57.409714 9.224791 3.845832
v -57.432037 9.224791 3.676262
v -57.344261 9.224791 4.003845
v -57.240143 9.224791 4.139535
v -56.946442 9.224791 4.309104
v -56.776871 9.224791 4.331429
v -56.607300 9.224791 4.309104
v -56.313599 9.224791 4.139535
v -56.209480 9.224791 4.003845
v -56.144028 9.224791 3.845832
v -56.121704 9.224791 3.676262
v -56.209480 9.224791 3.348680
v -56.313599 9.224791 3.212990
v -56.449287 9.224791 3.108873
v -56.776871 9.224791 3.021097
v -56.946442 9.224791 3.043420
v -57.104454 9.224791 3.108873
v -57.240143 9.224791 3.212990
v -57.409714 9.224791 3.506693
v -32.103554 6.632075 -17.814283
v -31.482639 6.632075 -18.557814
v -30.981606 6.632075 -18.445812
v -31.086246 6.632075 -18.532766
v -31.212635 6.632075 -18.583128
v -31.348402 6.632075 -18.591969
v -31.169945 6.632075 -16.751476
v -31.670982 6.632075 -16.863478
v -31.566341 6.632075 -16.776524
v -31.439951 6.632075 -16.726162
v -31.304182 6.632075 -16.717321
v -30.549030 6.632075 -17.495007
v -30.661034 6.632075 -16.993971
v -30.574078 6.632075 -17.098612
v -30.523718 6.632075 -17.225002
v -30.514877 6.632075 -17.360769
v -32.137707 6.632075 -17.948523
v -32.128868 6.632075 -18.084288
v -32.078506 6.632075 -18.210678
v -31.991552 6.632075 -18.315321
v -31.874439 6.632075 -18.389286
v -30.907639 6.632075 -18.328699
v -30.778147 6.632075 -16.920006
v -31.744946 6.632075 -16.980591
v -30.970238 10.356021 -15.291223
v -31.014299 10.269766 -15.368799
v -32.771175 10.269766 -19.453186
v -33.110085 7.030006 -19.307407
v -31.353210 7.030006 -15.223018
v -32.797192 10.356021 -19.538523
v -33.154148 6.943750 -19.384981
v -31.327196 6.943751 -15.137679
v -54.474007 2.974244 -3.674159
v -54.605946 2.974201 -3.674159
v -54.662945 2.976308 -4.713794
v -54.382050 3.044754 -3.730962
v -54.586399 8.467092 -3.730963
v -54.661144 5.824907 -3.674160
v -54.660999 5.824907 -4.713795
v -54.586399 5.824907 -3.730962
v -54.740196 3.925841 -4.713794
v -54.646633 4.875374 -4.713795
v -54.621864 3.925841 -4.713794
v -54.575172 3.925347 -3.674160
v -54.647293 4.875374 -3.674160
v -54.506252 3.972263 -3.730962
v -54.573544 4.898685 -3.730962
v -54.661144 6.728153 -3.674160
v -54.586399 6.706267 -3.730962
v -54.661144 6.728152 -4.713795
v -54.635391 3.451074 -4.713794
v -54.519653 3.449404 -3.674159
v -54.454956 3.508273 -3.730962
v -54.687889 2.976308 -4.193977
v -54.567612 2.976308 -4.193977
v -54.661144 8.537024 -4.193978
v -54.605946 2.974201 -3.674159
v -54.474007 2.974244 -3.674159
v -54.661144 8.537024 -3.674160
v -54.779419 8.537024 -3.674160
v -54.779419 8.537024 -3.674160
v -54.638176 3.449390 -3.674159
v -54.752388 3.451074 -4.713794
v -54.773251 2.976308 -4.713794
v -54.773251 2.976308 -4.713794
v -54.553852 3.509350 -4.656991
v -54.592751 3.046238 -4.656991
v -54.491238 3.046238 -4.193977
v -54.586399 8.467092 -4.193978
v -54.382050 3.044754 -3.730962
v -54.779419 6.728281 -3.674160
v -54.779419 5.824907 -3.674160
v -54.779419 6.728280 -4.713795
v -54.779282 5.824907 -4.713795
v -54.586399 6.706267 -4.656992
v -54.586323 5.824907 -4.656992
v -54.765835 4.875374 -3.674160
v -54.692772 3.925354 -3.674160
v -54.765171 4.875374 -4.713795
v -54.573029 4.898685 -4.656992
v -54.545570 3.972461 -4.656991
v -54.586399 8.467092 -4.656992
v -54.779419 8.537024 -4.193978
v -54.779419 8.537024 -4.713795
v -54.779419 8.537024 -4.713795
v -54.661144 8.537024 -4.713795
v -32.132874 6.492370 17.804304
v -31.888866 6.492370 18.416679
v -32.168831 6.492370 17.945639
v -32.159355 6.492370 18.091164
v -32.105373 6.492370 18.226639
v -32.012169 6.492370 18.338806
v -31.492605 6.492370 18.587126
v -30.880236 6.492370 18.343121
v -31.351273 6.492370 18.623083
v -31.205748 6.492370 18.613607
v -31.070271 6.492370 18.559628
v -30.958107 6.492370 18.466425
v -31.159977 6.492370 16.722145
v -31.772346 6.492370 16.966152
v -31.301308 6.492370 16.686190
v -31.446831 6.492370 16.695663
v -31.582310 6.492370 16.749647
v -31.694473 6.492370 16.842848
v -30.519709 6.492370 17.504963
v -30.763714 6.492370 16.892595
v -30.483753 6.492370 17.363634
v -30.493227 6.492370 17.218111
v -30.547207 6.492370 17.082630
v -30.640411 6.492370 16.970469
v -31.888866 6.601210 18.416679
v -32.132874 6.601210 17.804306
v -32.012169 6.601210 18.338806
v -32.105373 6.601210 18.226639
v -32.159355 6.601210 18.091164
v -32.168831 6.601210 17.945639
v -30.880236 6.601210 18.343121
v -31.492605 6.601210 18.587126
v -30.958107 6.601210 18.466425
v -31.070271 6.601210 18.559628
v -31.205748 6.601210 18.613607
v -31.351273 6.601210 18.623083
v -31.772346 6.601210 16.966152
v -31.159977 6.601210 16.722145
v -31.694473 6.601210 16.842848
v -31.582310 6.601210 16.749647
v -31.446831 6.601210 16.695663
v -31.301308 6.601210 16.686190
v -30.763714 6.601210 16.892595
v -30.519709 6.601210 17.504963
v -30.640411 6.601210 16.970469
v -30.547207 6.601210 17.082630
v -30.493227 6.601210 17.218111
v -30.483753 6.601210 17.363634
v -54.380836 9.045963 -0.228897
v -59.260483 9.045963 -0.228897
v -54.380833 8.813488 -0.000007
v -59.260483 8.813488 -0.000007
v -54.661144 8.537024 -4.713795
v -54.753059 2.976308 -4.713794
v -54.861454 2.976308 -4.713794
v -54.717632 2.976307 -5.753430
v -54.586399 8.467092 -4.770597
v -54.661171 5.824907 -4.713795
v -54.659462 5.824907 -5.753430
v -54.586338 5.824907 -4.770597
v -54.774876 3.925841 -5.753430
v -54.651127 4.875374 -5.753430
v -54.653820 3.925841 -5.753430
v -54.676586 3.925841 -4.713794
v -54.668816 4.875374 -4.713795
v -54.601532 3.972461 -4.770597
v -54.593571 4.898685 -4.770597
v -54.661144 6.728152 -4.713795
v -54.586399 6.706267 -4.770597
v -54.661144 6.728152 -5.753430
v -54.691830 3.451074 -5.753430
v -54.700596 3.451074 -4.713794
v -54.623840 3.509350 -4.770597
v -54.854019 2.976307 -5.233612
v -54.735493 2.976307 -5.233612
v -54.661144 8.537024 -5.233613
v -54.861454 2.976308 -4.713794
v -54.820091 3.451074 -4.713794
v -54.810623 3.451074 -5.753430
v -54.835968 2.976307 -5.753430
v -54.835968 2.976307 -5.753430
v -54.615574 3.509349 -5.696627
v -54.642254 3.046238 -5.696627
v -54.657562 3.046238 -5.233612
v -54.586399 8.467092 -5.233613
v -54.779419 6.728280 -4.713795
v -54.779446 5.824907 -4.713795
v -54.779419 6.728280 -5.753430
v -54.777779 5.824907 -5.753430
v -54.586399 6.706267 -5.696628
v -54.584717 5.824907 -5.696628
v -54.787285 4.875374 -4.713795
v -54.795879 3.925841 -4.713794
v -54.769081 4.875374 -5.753430
v -54.577496 4.898685 -5.696628
v -54.573589 3.972461 -5.696627
v -54.779419 8.537024 -4.713795
v -54.779419 8.537024 -4.713795
v -54.586399 8.467092 -5.696628
v -54.667427 3.046238 -4.770597
v -54.779419 8.537024 -5.233613
v -54.779419 8.537024 -5.753431
v -54.779419 8.537024 -5.753431
v -54.661144 8.537024 -5.753431
v -54.380836 8.544542 -6.797539
v -54.380836 8.544542 -3.675613
v -54.293369 8.625623 -0.486966
v -54.293369 8.625622 -6.864258
v -54.293369 8.625622 -3.675613
v -54.380836 8.544543 -0.553686
v -59.260483 0.000001 8.507641
v -60.048042 10.119821 8.102758
v -60.048042 9.818747 8.399150
v -59.260483 9.407471 8.507639
v -59.260483 9.818747 8.399150
v -59.260483 10.119821 8.102758
v -59.260483 10.230021 -0.000005
v -60.048042 10.230021 -0.000005
v -60.048042 9.407471 8.507639
v -60.048042 0.000001 8.507641
v -59.260483 10.230022 7.697877
v -59.260483 10.230022 3.675603
v -60.048042 10.230022 7.697877
v -60.048042 10.230022 3.675603
v -32.771172 10.269772 19.453176
v -33.110085 7.030013 19.307394
v -32.745728 10.249036 19.436348
v -33.080750 7.046457 19.292240
v -60.048042 2.659499 -0.553687
v -60.048042 8.544543 -0.553688
v -54.380836 8.544543 -0.553688
v -30.249645 3.007960 -0.553688
v -31.609711 4.234544 -0.553688
v -30.431667 3.622541 -0.553688
v -30.924526 4.068441 -0.553688
v -54.380836 4.234544 -0.553687
v -30.249645 2.659499 -0.553688
v -34.368847 5.879184 -19.796534
v -34.368847 2.778029 -20.104767
v -34.368847 6.186631 -11.184213
v -39.476051 6.186630 -11.184212
v -39.476051 6.186631 -9.565115
v -34.368847 0.310344 -20.104767
v -34.368847 6.102208 -19.461353
v -34.368847 6.186630 -19.035149
v -34.368847 5.545876 -20.020182
v -34.368847 5.122412 -20.104767
v -32.638634 0.310344 -20.104767
v -32.638634 6.186631 -9.565116
v -32.638634 6.102208 -19.461353
v -32.638634 6.186630 -19.035149
v -32.638634 5.879184 -19.796534
v -32.638634 5.545876 -20.020182
v -32.638634 5.122412 -20.104767
v -32.638634 3.322290 -20.104767
v -32.638634 3.057145 -20.104767
v -54.607349 3.027772 1.655011
v -54.586399 8.467093 2.577717
v -54.589836 3.049359 2.577718
v -54.586399 5.824908 2.577718
v -54.587852 4.898533 2.577718
v -54.577576 3.968678 2.577718
v -54.586399 6.706268 2.577718
v -54.576374 3.505159 2.577718
v -54.604362 3.015574 2.114703
v -54.586399 8.467093 2.114702
v -54.586399 5.824908 2.114703
v -54.596191 3.964064 2.114703
v -54.589333 4.898333 2.114703
v -54.586399 6.706268 2.114703
v -54.600563 3.493565 2.114703
v -54.586399 6.706268 1.651687
v -54.586399 8.467093 1.651686
v -54.587753 4.898533 1.651687
v -54.586399 5.824908 1.651687
v -54.604897 3.494615 1.653798
v -54.599297 3.963523 1.651872
v -30.242966 2.801308 -3.675613
v -30.242966 2.801307 -6.797539
v -30.242966 2.801308 -0.553686
v -30.204636 2.644594 -6.797539
v -30.206059 2.647355 -0.546771
v -30.182926 2.659499 -3.675613
v -59.260483 2.659499 -0.000004
v -31.609715 4.234544 -0.000005
v -30.249647 3.007960 -0.000005
v -30.924528 4.068441 -0.000005
v -30.431667 3.622541 -0.000005
v -29.796856 -0.000000 -0.000004
v -60.048042 2.659499 -0.000003
v -60.048042 -0.000000 -0.000003
v -54.380833 8.813488 -0.000005
v -59.260483 8.813488 -0.000005
v -59.260483 -0.000000 -0.000003
v -59.260483 10.230021 -0.000005
v -60.048042 10.230021 -0.000005
v -60.048042 8.813488 -0.000004
v -30.249647 2.659499 -0.000005
v -30.182926 2.619681 -0.000005
v -54.380833 4.234544 -0.000004
v -29.796856 2.296480 -0.000005
v -29.857727 2.417615 -0.000005
v -29.860733 2.413264 -0.000005
v -32.638630 6.186634 9.565108
v -32.638630 6.102214 19.461342
v -32.638630 6.186636 19.035137
v -32.638630 5.879190 19.796526
v -32.638630 5.545882 20.020178
v -32.638630 5.122419 20.104759
v -32.638630 3.322295 9.565108
v -32.638630 3.322296 20.104759
v -54.380833 8.813488 -0.000007
v -54.380833 4.234544 -0.000006
v -54.293369 4.301262 0.066743
v -54.293369 8.771950 0.066742
v -28.970356 4.742909 -9.590247
v -29.830486 4.079435 -9.387833
v -29.687592 5.482384 -9.590247
v -28.970356 4.742908 -18.176012
v -29.830488 4.079433 -18.378428
v -29.687592 5.482383 -18.176012
v -29.830486 5.626551 -9.387833
v -29.830488 5.626549 -18.378428
v -28.829796 4.602831 -9.387833
v -28.829798 4.602830 -18.378428
v -29.714874 5.447499 -9.590247
v -29.714874 5.447498 -18.176012
v -28.997637 4.708025 -9.590247
v -28.997639 4.708024 -18.176012
v -31.281887 8.025025 17.243479
v -31.594236 8.025025 17.969639
v -31.332153 6.625951 17.221855
v -31.644506 6.625951 17.948013
v -32.727226 10.347354 19.568607
v -30.900280 10.347354 15.321307
v -32.797188 10.356027 19.538515
v -30.970238 10.356027 15.291216
v -59.260483 8.813488 -0.000007
v -54.380833 9.045963 0.228884
v -59.260483 9.045963 0.228884
v -54.380833 8.813488 -0.000007
v -60.048042 10.230021 -0.000007
v -60.048042 8.813488 -0.000007
v -60.048042 2.659499 -0.000006
v -60.048042 2.659500 3.675602
v -60.048042 8.544543 3.675601
v -60.048042 0.000001 8.507641
v -60.048042 10.230022 3.675601
v -60.048042 10.230022 7.697875
v -60.048042 9.407471 8.507639
v -60.048042 2.941442 0.553676
v -60.048042 -0.000000 -0.000005
v -60.048042 2.941443 6.797529
v -60.048042 2.659501 6.797529
v -60.048042 8.544543 6.797528
v -60.048042 0.000001 3.675603
v -60.048042 2.941443 3.675602
v -60.048042 10.119821 8.102757
v -60.048042 9.818747 8.399150
v -60.048042 2.659499 0.553676
v -60.048042 8.544542 0.553675
v -39.476051 6.186631 -9.565115
v -32.638634 6.186631 -9.565116
v -32.638634 3.322292 -9.565116
v -39.476051 3.322290 -9.565115
v -54.511387 3.069158 -0.649691
v -54.586399 8.467093 -1.538088
v -54.408176 3.026724 -1.543340
v -54.585865 5.824907 -1.538087
v -54.562080 4.898606 -1.538087
v -54.503113 3.962789 -1.538707
v -54.586399 6.706267 -1.538088
v -54.460045 3.492967 -1.541683
v -54.464359 3.047778 -1.092840
v -54.586399 8.467093 -1.075072
v -54.586094 5.824908 -1.075072
v -54.512768 3.970522 -1.078745
v -54.564636 4.898685 -1.075072
v -54.586399 6.706268 -1.075072
v -54.481796 3.508843 -1.087085
v -54.586399 6.706268 -0.612057
v -54.586399 8.467093 -0.612057
v -54.571106 4.898685 -0.612056
v -54.586399 5.824908 -0.612056
v -54.516270 3.519598 -0.630106
v -54.533504 3.975622 -0.617618
v -54.661144 8.537025 4.713789
v -54.753059 2.976309 4.713790
v -54.861454 2.976309 4.713790
v -54.717628 2.976309 5.753426
v -54.586399 8.467093 4.770592
v -54.661171 5.824909 4.713789
v -54.659462 5.824909 5.753425
v -54.586334 5.824909 4.770593
v -54.774876 3.925843 5.753426
v -54.651127 4.875376 5.753425
v -54.653820 3.925843 5.753426
v -54.676582 3.925842 4.713790
v -54.668816 4.875376 4.713789
v -54.601528 3.972463 4.770593
v -54.593567 4.898686 4.770593
v -54.661144 6.728154 4.713789
v -54.586399 6.706269 4.770593
v -54.661144 6.728154 5.753425
v -54.691830 3.451076 5.753426
v -54.700596 3.451075 4.713790
v -54.623840 3.509352 4.770593
v -54.854019 2.976309 5.233608
v -54.735489 2.976309 5.233608
v -54.661144 8.537025 5.233607
v -54.861454 2.976309 4.713790
v -54.820091 3.451075 4.713790
v -54.810623 3.451076 5.753426
v -54.835968 2.976309 5.753426
v -54.835968 2.976309 5.753426
v -54.615570 3.509352 5.696623
v -54.642254 3.046241 5.696623
v -54.657562 3.046241 5.233608
v -54.586399 8.467093 5.233607
v -54.779415 6.728282 4.713789
v -54.779446 5.824909 4.713789
v -54.779415 6.728282 5.753425
v -54.777775 5.824909 5.753425
v -54.586399 6.706269 5.696623
v -54.584713 5.824909 5.696623
v -54.787285 4.875376 4.713789
v -54.795879 3.925842 4.713790
v -54.769081 4.875376 5.753425
v -54.577496 4.898686 5.696623
v -54.573586 3.972463 5.696623
v -54.779415 8.537025 4.713789
v -54.779415 8.537025 4.713789
v -54.586399 8.467093 5.696622
v -54.667423 3.046241 4.770593
v -54.779415 8.537025 5.233607
v -54.779415 8.537025 5.753425
v -54.779415 8.537025 5.753425
v -54.661144 8.537025 5.753425
v -31.353210 7.030012 15.223010
v -31.344040 7.046456 15.254727
v -31.014299 10.269772 15.368789
v -31.009016 10.249035 15.398835
v -54.293369 4.301262 -0.066755
v -54.293369 8.771950 -0.066756
v -54.380833 8.813488 -0.000007
v -54.380833 4.234544 -0.000006
v -34.289658 3.057145 -20.104767
v -32.638634 3.057145 -20.104767
v -34.289658 3.057146 -11.170229
v -39.476051 3.057145 -11.170228
v -32.638634 3.057147 -9.565116
v -39.476051 3.057145 -9.565115
v -29.796759 0.303921 7.655134
v -29.796757 0.303923 20.111189
v -29.796759 0.303922 11.184205
v -29.796759 2.778033 11.184205
v -29.796759 0.000002 7.351214
v -29.796759 2.778032 7.351213
v -29.796757 2.778035 20.415110
v -29.796757 0.000004 20.415106
v -29.796759 0.000002 11.184205
v -29.796757 6.193062 18.749023
v -28.737148 6.496982 19.054558
v -29.122925 5.143013 20.415110
v -28.766514 6.393919 19.575218
v -28.850140 6.100415 20.016613
v -28.975292 5.661156 20.311541
v -28.819818 6.193060 9.009344
v -29.203609 4.861545 7.655133
v -28.849945 6.091705 8.491110
v -28.931721 5.803069 8.051772
v -29.054346 5.371094 7.758215
v -29.796759 6.091850 8.489395
v -29.796759 6.193060 9.006567
v -29.796759 5.803627 8.050959
v -29.796759 5.372270 7.758005
v -29.796759 4.863449 7.655133
v -28.973188 5.668556 7.453762
v -29.119509 5.155005 7.351213
v -28.849142 6.103925 7.745796
v -28.766256 6.394828 8.182857
v -28.737152 6.496980 8.698404
v -28.819817 6.193062 18.745815
v -28.850183 6.090937 19.268322
v -28.932636 5.800109 19.711277
v -29.056282 5.364855 20.007254
v -29.206743 4.851439 20.111189
v -29.796757 6.091112 19.270300
v -29.796757 5.800782 19.712217
v -29.796757 5.366271 20.007500
v -29.796757 4.853733 20.111189
v -29.796759 6.193061 11.184204
v -28.819818 6.193061 11.184204
v -29.796759 2.778032 7.655133
v -29.796757 2.778035 20.111189
v -28.737152 6.496981 11.184204
v -31.594236 8.025025 17.969639
v -31.281887 8.025025 17.243479
v -31.644506 6.625951 17.948013
v -31.333269 8.025025 17.961290
v -31.512152 8.025025 18.004948
v -31.373259 8.025025 18.004391
v -31.438734 8.025025 18.020369
v -31.199800 8.025025 17.278788
v -31.108471 8.025025 17.438673
v -31.138113 8.025025 17.321478
v -31.104683 8.025025 17.380005
v -31.061329 6.625951 17.458952
v -31.152664 6.625951 17.299061
v -31.057543 6.625951 17.400280
v -31.090973 6.625951 17.341757
v -31.465019 6.625951 18.025219
v -31.391598 6.625951 18.040642
v -31.326118 6.625951 18.024668
v -31.581669 8.520463 17.975046
v -31.269318 8.520463 17.248884
v -31.351501 8.784192 17.439947
v -31.280327 8.652328 17.274485
v -31.310410 8.748859 17.344414
v -31.499577 8.520131 18.010353
v -31.417858 8.784192 17.820387
v -31.488625 8.652162 17.984905
v -31.458714 8.748816 17.915375
v -31.320702 8.364571 17.966696
v -31.237103 8.637293 17.772339
v -31.309504 8.500932 17.940655
v -31.278904 8.600755 17.869516
v -31.426163 8.497963 18.025774
v -31.344063 8.764512 17.834913
v -31.415163 8.631237 18.000204
v -31.385113 8.728801 17.930342
v -31.360691 8.440153 18.009794
v -31.277634 8.710742 17.816702
v -31.349562 8.575448 17.983925
v -31.319160 8.674491 17.913248
v -31.268934 8.784192 17.474167
v -31.187223 8.520131 17.284195
v -31.228077 8.748816 17.379183
v -31.198170 8.652162 17.309650
v -31.179506 8.637293 17.638433
v -31.095905 8.364571 17.444078
v -31.137707 8.600755 17.541256
v -31.107105 8.500932 17.470116
v -31.125540 8.497963 17.326889
v -31.207638 8.764512 17.517752
v -31.136539 8.631237 17.352455
v -31.166590 8.728801 17.422318
v -31.092115 8.440153 17.385408
v -31.175175 8.710742 17.578506
v -31.103241 8.575448 17.411276
v -31.133644 8.674491 17.481955
v -31.332153 6.625951 17.221855
v -31.286129 6.625951 17.981567
v -31.499487 8.784192 17.783983
v -31.540577 8.748859 17.879513
v -31.570660 8.652328 17.949448
v -54.380833 8.544543 6.797528
v -54.380833 4.234544 6.797529
v -54.293369 4.301263 6.864248
v -54.293369 8.625624 6.864247
v -59.260483 2.659501 7.351180
v -59.260483 0.000001 7.351181
v -30.249645 3.007962 7.351179
v -30.924526 4.068443 7.351179
v -30.431667 3.622542 7.351179
v -29.796856 2.296481 7.351179
v -29.857727 2.417616 7.351179
v -29.796856 0.000001 7.351179
v -54.380833 8.813489 7.351179
v -59.260483 8.813489 7.351179
v -30.249645 2.659501 7.351179
v -30.182926 2.659501 7.351179
v -54.380833 4.234545 7.351180
v -31.609715 4.234545 7.351179
v -32.295395 7.491954 -18.346794
v -32.346870 7.525947 -18.476259
v -32.097000 9.382517 -18.430418
v -32.235085 9.120605 -18.675955
v -32.156013 9.347427 -18.557499
v -32.206554 9.251560 -18.647371
v -31.353689 7.745675 -16.230640
v -31.381706 7.618814 -16.259214
v -31.209858 9.120605 -16.292509
v -31.293144 9.382517 -16.561617
v -31.210991 9.251560 -16.332876
v -31.241474 9.347427 -16.431376
v -31.499487 8.784186 -17.783991
v -31.540581 8.748854 -17.879522
v -31.570660 8.652322 -17.949455
v -31.883106 7.829537 -18.290979
v -31.247271 7.829536 -16.812792
v -31.924839 9.245206 -18.321238
v -31.635166 8.948943 -18.037176
v -31.807961 9.161704 -18.262831
v -31.701933 9.053263 -18.158857
v -31.771805 8.685443 -18.278893
v -32.061058 8.982047 -18.566303
v -31.839066 8.790271 -18.402437
v -31.944939 8.898835 -18.507637
v -31.982761 9.209475 -18.448048
v -31.694456 8.915457 -18.165367
v -31.866472 9.126491 -18.389935
v -31.760944 9.018873 -18.286467
v -32.032574 9.113126 -18.537735
v -31.744656 8.819427 -18.254396
v -31.916611 9.030318 -18.479609
v -31.811226 8.922817 -18.375900
v -32.097649 7.599872 -18.248692
v -31.910927 7.771729 -18.275377
v -31.984924 7.666696 -18.243328
v -32.179043 7.854297 -18.515560
v -32.051922 7.871965 -18.460394
v -31.936453 7.843408 -18.355959
v -32.147907 7.634266 -18.377916
v -32.025444 7.693522 -18.346489
v -31.923615 7.778279 -18.307093
v -32.177654 7.727409 -18.475588
v -32.050190 7.767896 -18.426291
v -31.933876 7.801651 -18.337914
v -31.287758 7.854297 -16.443499
v -31.236788 7.843408 -16.729374
v -31.240381 7.871965 -16.573727
v -31.425516 7.599872 -16.686123
v -31.351891 7.666696 -16.771646
v -31.277729 7.771729 -16.803326
v -31.315823 7.727409 -16.472000
v -31.263947 7.767896 -16.598436
v -31.248116 7.801651 -16.743656
v -31.366268 7.634266 -16.560764
v -31.304863 7.693522 -16.671284
v -31.263432 7.778279 -16.772303
v -31.169777 8.982047 -16.494257
v -31.179499 8.685443 -16.901905
v -31.132511 8.898835 -16.618900
v -31.136070 8.790271 -16.768112
v -31.261009 8.948943 -17.167337
v -31.254005 9.245206 -16.761683
v -31.218590 9.053263 -17.035181
v -31.216026 9.161704 -16.886702
v -31.178612 8.819427 -16.938459
v -31.170929 9.113126 -16.534580
v -31.136190 8.922817 -16.806572
v -31.133377 9.030318 -16.658741
v -31.208723 8.915457 -17.036133
v -31.201780 9.209475 -16.632425
v -31.166534 9.018873 -16.904579
v -31.163994 9.126491 -16.756811
v -31.281887 8.025019 -17.243488
v -31.594238 8.025019 -17.969648
v -32.378914 7.745675 -18.614086
v -32.377441 7.618814 -18.574097
v -31.490295 7.491954 -16.475100
v -31.431709 7.525947 -16.348692
v -31.581673 8.520456 -17.975054
v -31.269318 8.520456 -17.248894
v -31.280329 8.652322 -17.274490
v -31.310410 8.748854 -17.344425
v -31.351501 8.784186 -17.439955
v -54.779415 8.537025 3.674155
v -54.773251 2.976309 4.713790
v -54.779415 5.824908 3.674155
v -54.779282 5.824909 4.713789
v -54.765835 4.875375 3.674155
v -54.692768 3.925356 3.674155
v -54.765167 4.875376 4.713789
v -54.779415 6.728281 3.674155
v -54.779415 6.728282 4.713789
v -54.638172 3.449391 3.674155
v -54.752388 3.451075 4.713790
v -54.779415 8.537025 4.193972
v -54.779415 5.824908 4.193972
v -54.709808 3.925842 4.193973
v -54.765896 4.875375 4.193972
v -54.779415 6.728265 4.193972
v -54.681965 3.451075 4.193973
v -54.605946 2.974202 3.674155
v -54.687889 2.976309 4.193973
v -54.740196 3.925842 4.713790
v -54.779415 8.537025 4.713789
v -39.476051 3.322293 11.170221
v -39.476051 3.322293 9.565109
v -34.289658 3.322295 11.170220
v -34.289658 3.322296 20.104759
v -32.638630 3.322295 9.565108
v -32.638630 3.322296 20.104759
v -54.607349 3.027772 -1.655015
v -54.586399 8.467093 -2.577723
v -54.589840 3.049357 -2.577722
v -54.586399 5.824907 -2.577722
v -54.587852 4.898532 -2.577722
v -54.577576 3.968676 -2.577722
v -54.586399 6.706267 -2.577723
v -54.576374 3.505158 -2.577722
v -54.604362 3.015574 -2.114707
v -54.586399 8.467093 -2.114708
v -54.586399 5.824907 -2.114707
v -54.596191 3.964063 -2.114707
v -54.589333 4.898331 -2.114707
v -54.586399 6.706267 -2.114707
v -54.600563 3.493564 -2.114707
v -54.586399 6.706267 -1.651692
v -54.586399 8.467093 -1.651692
v -54.587753 4.898532 -1.651691
v -54.586399 5.824907 -1.651692
v -54.604897 3.494614 -1.653801
v -54.599297 3.963522 -1.651875
v -30.182926 2.659499 -0.066756
v -31.601742 4.301262 -0.066756
v -30.249645 2.659499 -0.000007
v -54.380833 4.234544 -0.000006
v -54.293369 4.301262 -0.066755
v -30.892334 4.129289 -0.066756
v -31.609715 4.234544 -0.000007
v -30.924526 4.068441 -0.000007
v -30.373013 3.659449 -0.066756
v -30.431667 3.622541 -0.000007
v -30.182926 3.017635 -0.066756
v -30.249645 3.007960 -0.000007
v -33.110085 7.030013 19.307394
v -33.080750 7.046457 19.292240
v -31.353210 7.030012 15.223010
v -31.344040 7.046456 15.254727
v -32.638634 3.057147 -9.565116
v -39.476051 3.057145 -9.565115
v -32.638634 0.310346 -9.565115
v -39.476051 0.310344 -9.565114
v -34.289658 3.322296 20.104759
v -34.289658 3.057150 11.170220
v -34.289658 3.322295 11.170220
v -34.289658 3.057151 20.104759
v -34.368843 2.778030 -7.351219
v -39.786400 2.778029 -7.351219
v -39.786400 -0.000002 -7.351218
v -29.796757 6.496977 -11.184213
v -28.737152 6.496977 -11.184213
v -34.368843 6.496978 -8.682368
v -34.368843 5.169761 -7.351220
v -34.368843 6.395949 -8.172960
v -34.368843 6.108245 -7.741104
v -34.368843 5.677665 -7.452548
v -39.786400 5.171499 -7.351219
v -39.786400 6.496977 -8.680477
v -39.786400 5.678738 -7.452403
v -39.786400 6.108753 -7.740550
v -39.786400 6.396080 -8.171792
v -29.796757 5.164405 -7.351220
v -29.796757 6.496978 -8.688190
v -29.796757 5.674358 -7.452991
v -29.796757 6.106676 -7.742810
v -29.796757 6.395541 -8.176555
v -29.796759 6.496976 -19.062885
v -29.796759 5.150629 -20.415113
v -29.796759 6.394492 -19.580362
v -29.796759 6.102641 -20.019056
v -29.796759 5.665854 -20.312181
v -28.737152 6.496978 -8.698411
v -29.119509 5.155003 -7.351220
v -28.766254 6.394825 -8.182864
v -28.849142 6.103923 -7.745802
v -28.973186 5.668554 -7.453769
v -34.368843 -0.000001 -7.351219
v -29.796757 -0.000001 -7.351219
v -29.796757 2.778030 -7.351219
v -34.368847 2.778029 -20.415113
v -34.368847 -0.000003 -20.415113
v -29.796759 -0.000003 -20.415112
v -29.796759 2.778028 -20.415113
v -39.786400 6.496976 -11.184212
v -34.368847 6.496977 -11.184213
v -34.368847 6.394681 -19.582029
v -34.368847 6.496976 -19.065588
v -34.368847 6.103365 -20.019848
v -34.368847 5.667382 -20.312387
v -34.368847 5.153104 -20.415113
v -28.737152 6.496976 -19.054567
v -28.766518 6.393913 -19.575228
v -28.850143 6.100409 -20.016621
v -28.975296 5.661150 -20.311548
v -29.122925 5.143007 -20.415113
v -54.779419 8.537024 -1.594890
v -54.768177 2.975714 -2.634524
v -54.779419 5.824907 -1.594889
v -54.779419 5.824907 -2.634525
v -54.780251 4.875220 -1.594889
v -54.789993 3.916122 -1.595301
v -54.780140 4.875220 -2.634524
v -54.779419 6.728281 -1.594890
v -54.779419 6.728281 -2.634525
v -54.794544 3.435643 -1.597602
v -54.764477 3.448068 -2.634524
v -54.779419 8.537024 -2.114708
v -54.779419 5.824907 -2.114707
v -54.785656 3.915336 -2.114707
v -54.781757 4.874951 -2.114707
v -54.779419 6.728264 -2.114707
v -54.787094 3.431057 -2.114707
v -54.799397 2.960196 -1.598569
v -54.796288 2.953273 -2.114707
v -54.766743 3.922557 -2.634524
v -54.779419 8.537024 -2.634525
v -54.293369 4.301261 -7.284472
v -54.293369 4.301261 -6.864259
v -54.293369 4.301262 -0.486968
v -54.293369 8.752569 -7.284473
v -54.293369 8.989041 -3.675615
v -54.293369 8.989041 -7.085463
v -54.293369 8.771950 -0.066756
v -54.293369 4.301262 -0.066755
v -54.293369 8.625622 -6.864260
v -54.293369 8.625623 -0.486968
v -54.293369 8.989042 -0.265767
v -54.293369 8.625622 -3.675615
v -32.771175 10.269766 -19.453186
v -31.014299 10.269766 -15.368799
v -31.009018 10.249029 -15.398845
v -32.745728 10.249030 -19.436359
v -31.009016 10.249035 15.398835
v -32.745728 10.249036 19.436348
v -33.080750 7.046457 19.292240
v -31.344040 7.046456 15.254727
v -39.476051 3.057148 11.170221
v -34.289658 3.057150 11.170220
v -34.289658 3.322295 11.170220
v -39.476051 3.322293 11.170221
v -32.919930 7.066335 19.306353
v -33.057449 6.994559 19.370047
v -31.223194 7.066333 15.361773
v -31.271530 6.994558 15.218134
v -34.368843 0.000002 7.351214
v -29.796759 0.000002 7.351214
v -34.368843 0.000004 20.415110
v -29.796757 0.000004 20.415106
v -29.796759 0.000002 11.184205
v -34.368843 0.000002 11.184205
v -39.786396 0.000000 7.351215
v -39.786396 0.000001 11.184206
v -59.260483 -0.000002 -8.507648
v -60.048042 10.119820 -8.102768
v -60.048042 9.818746 -8.399161
v -59.260483 9.407470 -8.507649
v -59.260483 9.818746 -8.399161
v -59.260483 10.119820 -8.102768
v -60.048042 9.407470 -8.507649
v -60.048042 -0.000002 -8.507648
v -59.260483 10.230021 -7.697886
v -59.260483 10.230021 -3.675613
v -60.048042 10.230021 -7.697886
v -60.048042 10.230021 -3.675613
v -59.260483 10.230021 -0.000005
v -60.048042 10.230021 -0.000005
v -30.242966 2.801309 3.675603
v -30.242966 2.801310 6.797530
v -30.242966 2.801308 0.553677
v -30.204636 2.644596 6.797530
v -30.206059 2.647355 0.546762
v -30.182926 2.659500 3.675603
v -29.796856 -0.000000 -0.000007
v -30.182926 2.619681 -0.000007
v -29.796856 2.296480 -0.000007
v -29.857727 2.417615 -0.000007
v -29.860733 2.413264 -0.000007
v -29.796856 0.000001 3.675601
v -30.182926 2.659500 3.675601
v -29.796856 0.000001 7.351179
v -30.204636 2.644596 6.797527
v -29.857727 2.417616 7.340659
v -29.857727 2.417616 3.675601
v -29.796856 2.296481 3.675601
v -29.796856 2.296481 6.797527
v -29.858837 2.416082 6.797527
v -29.858845 2.416070 0.546760
v -29.796856 2.296480 0.546760
v -30.249645 2.659499 -0.000007
v -30.182926 2.659501 7.284459
v -30.182926 2.659501 7.351179
v -30.182926 2.659501 6.864246
v -30.249645 2.659501 6.797527
v -30.182926 2.659499 0.066742
v -30.206059 2.647355 0.546760
v -30.182926 2.659499 0.486955
v -30.249645 2.659499 0.553674
v -29.796856 2.296481 7.351179
v -29.857727 2.417616 7.351179
v -30.182926 2.659501 6.864246
v -30.249645 2.659501 6.797527
v -54.380833 4.234544 6.797529
v -30.249645 3.007961 6.797527
v -30.431667 3.622542 6.797527
v -30.924526 4.068442 6.797527
v -54.293369 4.301263 6.864248
v -31.609715 4.234544 6.797527
v -30.892334 4.129290 6.864246
v -31.601742 4.301263 6.864246
v -30.373013 3.659450 6.864246
v -30.182926 3.017636 6.864246
v -54.667427 3.046238 -4.770597
v -54.586399 8.467092 -5.696628
v -54.642254 3.046238 -5.696627
v -54.584717 5.824907 -5.696628
v -54.577496 4.898685 -5.696628
v -54.573589 3.972461 -5.696627
v -54.586399 6.706267 -5.696628
v -54.615574 3.509349 -5.696627
v -54.657562 3.046238 -5.233612
v -54.586399 8.467092 -5.233613
v -54.585251 5.824907 -5.233612
v -54.598652 3.972461 -5.233612
v -54.586197 4.898685 -5.233612
v -54.586399 6.706267 -5.233612
v -54.627041 3.509349 -5.233612
v -54.586399 6.706267 -4.770597
v -54.586399 8.467092 -4.770597
v -54.593571 4.898685 -4.770597
v -54.586338 5.824907 -4.770597
v -54.623840 3.509350 -4.770597
v -54.601532 3.972461 -4.770597
v -59.260483 2.659498 -7.351189
v -59.260483 -0.000001 -7.351189
v -30.249645 3.007959 -7.351191
v -30.924528 4.068440 -7.351191
v -30.431667 3.622540 -7.351191
v -29.796856 2.296479 -7.351191
v -29.857727 2.417614 -7.351191
v -29.796856 -0.000001 -7.351190
v -54.380836 8.813487 -7.351190
v -59.260483 8.813487 -7.351190
v -30.249645 2.659498 -7.351191
v -30.182926 2.659498 -7.351191
v -54.380836 4.234542 -7.351189
v -31.609713 4.234542 -7.351191
v -39.476051 6.186630 -11.184212
v -39.476051 2.778029 -11.184211
v -39.476051 6.186631 -9.565115
v -39.476051 0.310344 -11.184211
v -39.476051 0.310344 -9.565114
v -39.476051 3.057145 -9.565115
v -39.476051 3.322290 -9.565115
v -30.900280 10.347348 -15.321316
v -31.257236 6.935079 -15.167772
v -30.970238 10.356021 -15.291223
v -31.327196 6.943751 -15.137679
v -57.412308 9.224789 -3.676267
v -57.390656 9.224789 -3.840730
v -57.094589 9.224789 -4.226573
v -56.941334 9.224789 -4.290053
v -56.459152 9.224789 -4.226573
v -56.327549 9.224789 -4.125590
v -56.163086 9.224789 -3.511804
v -56.612408 9.224789 -3.062481
v -56.776871 9.224789 -3.040829
v -57.327175 9.224789 -3.358548
v -57.104454 9.224789 -4.243658
v -56.449287 9.224789 -4.243658
v -56.144028 9.224789 -3.506698
v -56.607300 9.224789 -3.043425
v -57.344261 9.224789 -3.348684
v -57.327175 9.224789 -3.993986
v -57.226192 9.224789 -4.125590
v -56.776871 9.224789 -4.311705
v -56.612408 9.224789 -4.290053
v -56.226566 9.224789 -3.993986
v -56.163086 9.224789 -3.840730
v -56.141434 9.224789 -3.676267
v -56.226566 9.224789 -3.358548
v -56.327549 9.224789 -3.226944
v -56.459152 9.224789 -3.125961
v -56.941334 9.224789 -3.062481
v -57.094589 9.224789 -3.125961
v -57.226192 9.224789 -3.226944
v -57.390656 9.224789 -3.511804
v -57.409714 9.224789 -3.845837
v -57.432037 9.224789 -3.676267
v -57.344261 9.224789 -4.003850
v -57.240143 9.224789 -4.139539
v -56.946442 9.224789 -4.309109
v -56.776871 9.224789 -4.331433
v -56.607300 9.224789 -4.309109
v -56.313599 9.224789 -4.139539
v -56.209480 9.224789 -4.003850
v -56.144028 9.224789 -3.845837
v -56.121704 9.224789 -3.676267
v -56.209480 9.224789 -3.348684
v -56.313599 9.224789 -3.212995
v -56.449287 9.224789 -3.108876
v -56.776871 9.224789 -3.021101
v -56.946442 9.224789 -3.043425
v -57.104454 9.224789 -3.108876
v -57.240143 9.224789 -3.212995
v -57.409714 9.224789 -3.506698
v -32.638630 0.310351 20.104759
v -32.638630 0.310349 9.565109
v -32.638630 3.057151 20.104759
v -32.638630 3.057150 9.565108
v -34.368843 2.778035 20.415110
v -34.368843 6.496981 11.184204
v -34.368843 6.186636 19.035137
v -34.368843 5.122419 20.104759
v -34.368843 6.102214 19.461342
v -34.368843 5.545882 20.020178
v -34.368843 0.000004 20.415110
v -34.368843 6.394686 19.582022
v -34.368843 6.496983 19.065577
v -34.368843 6.103371 20.019838
v -34.368843 5.667388 20.312382
v -34.368843 5.153111 20.415110
v -34.368843 0.000002 11.184205
v -34.368843 2.778035 20.104759
v -34.368843 0.310350 20.104759
v -34.368843 0.310349 11.184205
v -34.368843 6.186634 11.184204
v -34.368843 5.879190 19.796526
v -31.601742 4.301263 7.284459
v -30.182926 3.017636 7.284459
v -30.892334 4.129290 7.284459
v -30.373013 3.659450 7.284459
v -30.182926 3.017636 6.864246
v -31.601742 4.301263 6.864246
v -30.373013 3.659450 6.864246
v -30.892334 4.129290 6.864246
v -30.182926 2.659501 7.284459
v -30.182926 2.659501 6.864246
v -54.293369 4.301263 6.864248
v -54.293369 4.301263 7.284461
v -30.249645 2.659499 0.553674
v -30.182926 2.659499 0.486955
v -54.380833 4.234543 0.553675
v -30.182926 3.017634 0.486955
v -30.373013 3.659449 0.486955
v -30.892334 4.129289 0.486955
v -54.293369 4.301262 0.486956
v -31.601742 4.301262 0.486955
v -30.924526 4.068441 0.553674
v -31.609715 4.234543 0.553674
v -30.431667 3.622541 0.553674
v -30.249645 3.007960 0.553674
v -30.206059 2.647355 -0.546771
v -60.048042 2.941442 -0.553685
v -60.048042 2.659499 -0.553685
v -30.406994 2.903893 -0.553686
v -30.631062 2.941442 -0.553686
v -30.242966 2.801308 -0.553686
v -30.249645 2.659499 -0.553686
v -54.470814 3.022673 -2.691326
v -54.586399 8.467092 -3.617358
v -54.339329 3.043699 -3.617357
v -54.586399 5.824907 -3.617358
v -54.573704 4.898685 -3.617357
v -54.485462 3.971845 -3.617357
v -54.586399 6.706267 -3.617358
v -54.407867 3.507378 -3.617357
v -54.378254 3.035934 -3.154342
v -54.586399 8.467092 -3.154343
v -54.586399 5.824907 -3.154342
v -54.498890 3.968030 -3.154342
v -54.577255 4.898685 -3.154342
v -54.586399 6.706267 -3.154342
v -54.433987 3.500756 -3.154342
v -54.586399 6.706267 -2.691327
v -54.586399 8.467093 -2.691327
v -54.582993 4.898606 -2.691326
v -54.586399 5.824907 -2.691327
v -54.491852 3.490379 -2.691326
v -54.531410 3.962325 -2.691326
v -29.796759 2.778032 7.655133
v -29.796757 2.778035 20.111189
v -29.796759 6.193061 11.184204
v -28.819818 6.193061 11.184204
v -29.796759 6.193060 9.006567
v -29.796759 4.863449 7.655133
v -29.796759 6.091850 8.489395
v -29.796759 5.803627 8.050959
v -29.796759 5.372270 7.758005
v -29.796757 4.853733 20.111189
v -29.796757 5.366271 20.007500
v -29.796757 5.800782 19.712217
v -29.796757 6.091112 19.270300
v -28.819817 6.193062 18.745815
v -29.206743 4.851439 20.111189
v -28.850183 6.090937 19.268322
v -28.932636 5.800109 19.711277
v -29.056282 5.364855 20.007254
v -28.819818 6.193060 9.009344
v -28.849945 6.091705 8.491110
v -28.931721 5.803069 8.051772
v -29.054346 5.371094 7.758215
v -29.203609 4.861545 7.655133
v -29.796757 6.193062 18.749023
v -31.281887 8.025019 -17.243488
v -31.594238 8.025019 -17.969648
v -31.332153 6.625946 -17.221865
v -31.644508 6.625946 -17.948023
v -54.555710 2.950647 2.634521
v -54.676369 2.950722 2.634521
v -54.411243 2.974298 3.674155
v -54.586399 8.467093 2.691322
v -54.661144 5.824908 2.634520
v -54.661144 5.824908 3.674155
v -54.586399 5.824908 2.691323
v -54.675747 3.925353 3.674155
v -54.647293 4.875375 3.674155
v -54.554043 3.925350 3.674155
v -54.607422 3.914060 2.634520
v -54.657951 4.875204 2.634520
v -54.531410 3.962326 2.691323
v -54.582989 4.898607 2.691323
v -54.661144 6.728154 2.634520
v -54.586399 6.706268 2.691322
v -54.661144 6.728154 3.674155
v -54.473358 3.449427 3.674155
v -54.571239 3.429391 2.634521
v -54.491852 3.490381 2.691323
v -54.588448 2.965646 3.154338
v -54.460690 2.965822 3.154338
v -54.661144 8.537025 3.154337
v -54.661144 8.537025 3.674155
v -54.676369 2.950722 2.634521
v -54.661144 8.537024 2.634520
v -54.779415 8.537024 2.634520
v -54.779415 8.537024 2.634520
v -54.694569 3.429531 2.634521
v -54.599075 3.449389 3.674155
v -54.541756 2.974213 3.674155
v -54.541756 2.974213 3.674155
v -54.411243 2.974298 3.674155
v -54.407867 3.507379 3.617353
v -54.339325 3.043701 3.617353
v -54.339325 3.043701 3.617353
v -54.378254 3.035936 3.154338
v -54.586399 8.467093 3.154337
v -54.779415 6.728281 2.634520
v -54.779415 5.824908 2.634520
v -54.779415 6.728281 3.674155
v -54.779415 5.824908 3.674155
v -54.586399 6.706268 3.617352
v -54.586399 5.824908 3.617353
v -54.776333 4.875221 2.634520
v -54.728371 3.914207 2.634520
v -54.765835 4.875375 3.674155
v -54.573704 4.898686 3.617353
v -54.485462 3.971846 3.617353
v -54.586399 8.467093 3.617352
v -54.470814 3.022674 2.691323
v -54.779415 8.537025 3.154337
v -54.779415 8.537025 3.674155
v -54.779415 8.537025 3.674155
v -32.919930 7.066335 19.306353
v -33.057449 6.994559 19.370047
v -32.712933 10.287881 19.518240
v -32.592621 10.195197 19.447144
v -54.380836 4.234542 -7.351189
v -54.380836 8.813487 -7.351190
v -54.380836 9.045962 -7.122329
v -54.293369 4.301261 -7.284470
v -54.293369 8.752569 -7.284471
v -54.293369 8.989041 -7.085460
v -31.353210 7.030006 -15.223018
v -31.344040 7.046451 -15.254735
v -31.014299 10.269766 -15.368799
v -31.009018 10.249029 -15.398845
v -60.048042 2.659501 6.797529
v -60.048042 8.544543 6.797528
v -31.609715 4.234544 6.797527
v -54.380833 8.544543 6.797528
v -30.249645 2.659501 6.797527
v -54.380833 4.234544 6.797529
v -30.924526 4.068442 6.797527
v -30.431667 3.622542 6.797527
v -30.249645 3.007961 6.797527
v -54.586399 8.467093 4.656988
v -54.592751 3.046241 4.656989
v -54.586319 5.824909 4.656988
v -54.573025 4.898686 4.656988
v -54.545570 3.972463 4.656989
v -54.586399 6.706269 4.656988
v -54.553852 3.509352 4.656989
v -54.491238 3.046241 4.193973
v -54.586399 8.467093 4.193972
v -54.586399 5.824908 4.193972
v -54.524189 3.972463 4.193973
v -54.573650 4.898686 4.193972
v -54.586399 6.706268 4.193972
v -54.501446 3.509352 4.193973
v -54.586399 6.706268 3.730957
v -54.586399 8.467093 3.730956
v -54.382046 3.044756 3.730957
v -54.573540 4.898686 3.730957
v -54.586399 5.824908 3.730957
v -54.454952 3.508275 3.730957
v -54.506252 3.972265 3.730957
v -54.380833 8.544543 6.797530
v -54.380833 8.544543 3.675603
v -54.293369 8.625623 0.486957
v -54.293369 8.625624 6.864249
v -54.293369 8.625624 3.675603
v -54.380833 8.544542 0.553677
v -30.182926 3.017635 -0.066756
v -30.892334 4.129289 -0.066756
v -30.373013 3.659449 -0.066756
v -31.601742 4.301262 -0.486969
v -30.182926 2.659499 -0.066756
v -54.293369 4.301262 -0.486968
v -54.293369 4.301262 -0.066755
v -31.601742 4.301262 -0.066756
v -30.892334 4.129289 -0.486969
v -30.373013 3.659449 -0.486969
v -30.182926 3.017634 -0.486969
v -30.182926 2.659499 -0.486969
v -33.110085 7.030006 -19.307407
v -33.080753 7.046451 -19.292250
v -31.353210 7.030006 -15.223018
v -31.344040 7.046451 -15.254735
v -32.712933 10.287881 19.518240
v -32.592621 10.195197 19.447144
v -30.895885 10.195197 15.502561
v -30.927013 10.287880 15.366323
v -54.470814 3.022674 2.691323
v -54.586399 8.467093 3.617352
v -54.339325 3.043701 3.617353
v -54.586399 5.824908 3.617353
v -54.573704 4.898686 3.617353
v -54.485462 3.971846 3.617353
v -54.586399 6.706268 3.617352
v -54.407867 3.507379 3.617353
v -54.378254 3.035936 3.154338
v -54.586399 8.467093 3.154337
v -54.586399 5.824908 3.154337
v -54.498890 3.968032 3.154338
v -54.577255 4.898686 3.154338
v -54.586399 6.706268 3.154337
v -54.433983 3.500757 3.154338
v -54.586399 6.706268 2.691322
v -54.586399 8.467093 2.691322
v -54.582989 4.898607 2.691323
v -54.586399 5.824908 2.691323
v -54.491852 3.490381 2.691323
v -54.531410 3.962326 2.691323
v -54.293369 4.301263 7.284461
v -54.293369 4.301263 6.864248
v -54.293369 4.301262 0.486956
v -54.293369 8.752570 7.284460
v -54.293369 8.989043 3.675601
v -54.293369 8.989043 7.085449
v -54.293369 8.771950 0.066742
v -54.293369 4.301262 0.066743
v -54.293369 8.625624 6.864247
v -54.293369 8.625623 0.486955
v -54.293369 8.989042 0.265753
v -54.293369 8.625624 3.675601
v -34.289658 3.057151 20.104759
v -32.638630 3.057151 20.104759
v -34.289658 3.057150 11.170220
v -39.476051 3.057148 11.170221
v -32.638630 3.057150 9.565108
v -39.476051 3.057148 9.565109
v -54.779419 8.537024 -4.713795
v -54.835968 2.976307 -5.753430
v -54.779446 5.824907 -4.713795
v -54.777779 5.824907 -5.753430
v -54.787285 4.875374 -4.713795
v -54.795879 3.925841 -4.713794
v -54.769081 4.875374 -5.753430
v -54.779419 6.728280 -4.713795
v -54.779419 6.728280 -5.753430
v -54.820091 3.451074 -4.713794
v -54.810623 3.451074 -5.753430
v -54.779419 8.537024 -5.233613
v -54.778282 5.824907 -5.233612
v -54.792854 3.925841 -5.233612
v -54.778877 4.875374 -5.233612
v -54.779419 6.728264 -5.233612
v -54.821316 3.451074 -5.233612
v -54.861454 2.976308 -4.713794
v -54.854019 2.976307 -5.233612
v -54.774876 3.925841 -5.753430
v -54.779419 8.537024 -5.753431
v -29.796757 0.303919 -7.655138
v -29.796759 0.303917 -20.111193
v -29.796757 0.303918 -11.184212
v -29.796757 2.778029 -11.184212
v -29.796757 -0.000001 -7.351219
v -29.796757 2.778030 -7.351219
v -29.796759 2.778028 -20.415113
v -29.796759 -0.000003 -20.415112
v -29.796757 -0.000002 -11.184212
v -29.796759 6.193057 -18.749031
v -28.737152 6.496976 -19.054567
v -29.122925 5.143007 -20.415113
v -28.766518 6.393913 -19.575228
v -28.850143 6.100409 -20.016621
v -28.975296 5.661150 -20.311548
v -28.819817 6.193058 -9.009352
v -29.203609 4.861543 -7.655139
v -28.849945 6.091703 -8.491117
v -28.931721 5.803066 -8.051780
v -29.054346 5.371091 -7.758223
v -29.796757 6.091848 -8.489403
v -29.796757 6.193058 -9.006575
v -29.796757 5.803625 -8.050965
v -29.796757 5.372268 -7.758012
v -29.796757 4.863447 -7.655139
v -28.973186 5.668554 -7.453769
v -29.119509 5.155003 -7.351220
v -28.849142 6.103923 -7.745802
v -28.766254 6.394825 -8.182864
v -28.737152 6.496978 -8.698411
v -28.819818 6.193057 -18.745825
v -28.850187 6.090930 -19.268328
v -28.932640 5.800104 -19.711285
v -29.056286 5.364849 -20.007261
v -29.206747 4.851433 -20.111195
v -29.796759 6.091106 -19.270308
v -29.796759 5.800776 -19.712225
v -29.796759 5.366266 -20.007505
v -29.796759 4.853727 -20.111195
v -29.796757 6.193058 -11.184213
v -28.819817 6.193058 -11.184213
v -29.796757 2.778030 -7.655139
v -29.796759 2.778028 -20.111195
v -28.737152 6.496977 -11.184213
v -30.182926 3.017635 0.066742
v -30.892334 4.129289 0.066742
v -30.373013 3.659449 0.066742
v -31.601742 4.301262 0.486955
v -30.182926 2.659499 0.066742
v -54.293369 4.301262 0.486956
v -54.293369 4.301262 0.066743
v -31.601742 4.301262 0.066742
v -30.892334 4.129289 0.486955
v -30.373013 3.659449 0.486955
v -30.182926 3.017634 0.486955
v -30.182926 2.659499 0.486955
v -29.796757 2.778030 -7.655139
v -29.796759 2.778028 -20.111195
v -29.796757 6.193058 -11.184213
v -28.819817 6.193058 -11.184213
v -29.796757 6.193058 -9.006575
v -29.796757 4.863447 -7.655139
v -29.796757 6.091848 -8.489403
v -29.796757 5.803625 -8.050965
v -29.796757 5.372268 -7.758012
v -29.796759 4.853727 -20.111195
v -29.796759 5.366266 -20.007505
v -29.796759 5.800776 -19.712225
v -29.796759 6.091106 -19.270308
v -28.819818 6.193057 -18.745825
v -29.206747 4.851433 -20.111195
v -28.850187 6.090930 -19.268328
v -28.932640 5.800104 -19.711285
v -29.056286 5.364849 -20.007261
v -28.819817 6.193058 -9.009352
v -28.849945 6.091703 -8.491117
v -28.931721 5.803066 -8.051780
v -29.054346 5.371091 -7.758223
v -29.203609 4.861543 -7.655139
v -29.796759 6.193057 -18.749031
v -34.368847 0.310344 -20.104767
v -34.368847 0.310345 -11.184212
v -39.476051 0.310344 -11.184211
v -32.638634 0.310346 -9.565115
v -32.638634 0.310344 -20.104767
v -39.476051 0.310344 -9.565114
v -59.260483 9.045962 -3.675612
v -59.260483 10.230021 -3.675612
v -59.260483 10.230021 -7.697885
v -59.260483 -0.000001 -7.351189
v -59.260483 2.659498 -7.351189
v -59.260483 -0.000002 -8.507648
v -59.260483 9.407470 -8.507649
v -59.260483 9.818746 -8.399161
v -59.260483 10.119820 -8.102767
v -59.260483 9.045962 -7.122329
v -59.260483 8.813487 -7.351190
v -59.260483 8.813488 -0.000004
v -59.260483 9.045963 -0.228894
v -59.260483 10.230021 -0.000004
v -32.712936 10.287875 -19.518250
v -32.592621 10.195191 -19.447151
v -30.895885 10.195191 -15.502571
v -30.927013 10.287874 -15.366333
v -60.048042 2.941443 3.675605
v -30.631065 2.941443 6.797530
v -30.406996 2.903895 6.797530
v -30.242966 2.801310 6.797530
v -30.631065 2.941443 3.675603
v -30.406996 2.903894 3.675603
v -30.631065 2.941442 0.553677
v -30.406996 2.903893 0.553677
v -30.242966 2.801308 0.553677
v -60.048042 2.941443 6.797531
v -30.242966 2.801309 3.675603
v -60.048042 2.941442 0.553678
v -60.048042 2.941442 -3.675611
v -30.631062 2.941441 -6.797539
v -30.406994 2.903892 -6.797539
v -30.242966 2.801307 -6.797539
v -30.631062 2.941442 -3.675612
v -30.406994 2.903893 -3.675612
v -30.631062 2.941442 -0.553685
v -30.406994 2.903893 -0.553685
v -30.242966 2.801308 -0.553685
v -60.048042 2.941441 -6.797537
v -30.242966 2.801308 -3.675612
v -60.048042 2.941442 -0.553684
v -32.592621 10.195197 19.447144
v -32.919930 7.066335 19.306353
v -31.223194 7.066333 15.361773
v -30.895885 10.195197 15.502561
v -32.378914 7.745681 18.614077
v -32.377438 7.618821 18.574085
v -31.490294 7.491960 16.475092
v -31.431707 7.525952 16.348684
v -32.346867 7.525952 18.476252
v -32.295391 7.491960 18.346785
v -32.096996 9.382523 18.430408
v -32.156013 9.347433 18.557489
v -32.206551 9.251566 18.647366
v -32.235081 9.120611 18.675945
v -31.381706 7.618821 16.259205
v -31.353689 7.745681 16.230633
v -31.209858 9.120611 16.292500
v -31.210987 9.251566 16.332869
v -31.241470 9.347433 16.431368
v -31.293144 9.382523 16.561604
v -31.332153 6.625946 -17.221865
v -31.286131 6.625946 -17.981577
v -31.644508 6.625946 -17.948023
v -31.326122 6.625946 -18.024675
v -31.391600 6.625946 -18.040653
v -31.465019 6.625946 -18.025230
v -31.057545 6.625946 -17.400288
v -31.061329 6.625946 -17.458960
v -31.090975 6.625946 -17.341764
v -31.152668 6.625946 -17.299070
v -54.779419 8.537024 -5.753431
v -54.737144 2.976307 -6.793064
v -54.777779 5.824907 -5.753430
v -54.779392 5.824907 -6.793064
v -54.743530 4.875374 -5.753430
v -54.660007 3.925841 -5.753430
v -54.770473 4.875374 -6.793064
v -54.779419 6.728280 -5.753430
v -54.779419 6.728280 -6.793064
v -54.641365 3.451074 -5.753430
v -54.754913 3.451073 -6.793064
v -54.778507 5.824907 -6.273247
v -54.711426 3.925841 -6.273247
v -54.755463 4.875374 -6.273247
v -54.779419 6.728264 -6.273247
v -54.700951 3.451074 -6.273247
v -54.632347 2.976307 -5.753430
v -54.681808 2.976307 -6.273247
v -54.779419 8.537024 -6.273248
v -54.779419 8.537024 -6.793065
v -54.754002 3.925840 -6.793064
v -33.154144 6.943757 19.384974
v -31.327196 6.943756 15.137670
v -33.084183 6.935085 19.415066
v -31.257236 6.935084 15.167764
v -32.638634 6.186631 -9.565116
v -32.638634 6.102208 -19.461353
v -32.638634 6.186630 -19.035149
v -32.638634 5.879184 -19.796534
v -32.638634 5.545876 -20.020182
v -32.638634 5.122412 -20.104767
v -32.638634 3.322292 -9.565116
v -32.638634 3.322290 -20.104767
v -59.260483 -0.000000 -0.000005
v -60.048042 -0.000000 -0.000005
v -60.048042 0.000001 3.675603
v -59.260483 0.000001 3.675603
v -29.796856 -0.000000 -0.000007
v -29.796856 0.000001 3.675601
v -29.796856 0.000001 7.351179
v -59.260483 0.000001 7.351181
v -60.048042 0.000001 8.507641
v -59.260483 0.000001 8.507641
v -54.779415 8.537024 1.594885
v -54.768177 2.975715 2.634521
v -54.779415 5.824908 1.594885
v -54.779415 5.824908 2.634520
v -54.780251 4.875221 1.594885
v -54.789989 3.916123 1.595297
v -54.780140 4.875221 2.634520
v -54.779415 6.728281 1.594885
v -54.779415 6.728281 2.634520
v -54.794544 3.435643 1.597598
v -54.764477 3.448069 2.634521
v -54.779415 8.537024 2.114702
v -54.779415 5.824908 2.114703
v -54.785652 3.915337 2.114703
v -54.781757 4.874952 2.114703
v -54.779415 6.728265 2.114703
v -54.787094 3.431058 2.114703
v -54.799393 2.960197 1.598566
v -54.796288 2.953274 2.114703
v -54.766743 3.922559 2.634520
v -54.779415 8.537024 2.634520
v -30.182926 2.659498 -6.864261
v -30.249645 2.659498 -6.797542
v -54.380836 4.234543 -6.797540
v -30.249645 3.007959 -6.797542
v -30.431667 3.622540 -6.797542
v -30.924526 4.068440 -6.797542
v -54.293369 4.301261 -6.864259
v -31.609711 4.234543 -6.797542
v -30.892334 4.129288 -6.864261
v -31.601742 4.301261 -6.864261
v -30.373013 3.659448 -6.864261
v -30.182926 3.017633 -6.864261
v -32.103554 6.632082 17.814274
v -31.482637 6.632082 18.557806
v -30.981600 6.632082 18.445803
v -31.086243 6.632082 18.532759
v -31.212633 6.632082 18.583118
v -31.348400 6.632082 18.591955
v -31.169945 6.632082 16.751469
v -31.670980 6.632082 16.863470
v -31.566338 6.632082 16.776514
v -31.439949 6.632082 16.726156
v -31.304182 6.632082 16.717310
v -30.549028 6.632082 17.494999
v -30.661030 6.632082 16.993959
v -30.574078 6.632082 17.098602
v -30.523718 6.632082 17.224993
v -30.514877 6.632082 17.360758
v -32.137707 6.632082 17.948511
v -32.128864 6.632082 18.084280
v -32.078503 6.632082 18.210672
v -31.991550 6.632082 18.315311
v -31.874435 6.632082 18.389273
v -30.907635 6.632082 18.328690
v -30.778145 6.632082 16.919996
v -31.744944 6.632082 16.980581
v -54.380833 8.544542 0.553675
v -54.293369 4.301262 0.486956
v -54.380833 4.234543 0.553675
v -54.293369 8.625623 0.486955
v -54.380836 9.045962 -7.122332
v -59.260483 9.045962 -7.122332
v -54.380836 9.045962 -3.675615
v -59.260483 9.045962 -3.675615
v -59.260483 9.045963 -0.228897
v -54.380836 9.045963 -0.228897
v -32.638630 3.057150 9.565108
v -39.476051 3.057148 9.565109
v -32.638630 0.310349 9.565109
v -39.476051 0.310347 9.565110
v -54.380833 9.045964 3.675601
v -54.380833 9.045964 7.122319
v -54.380833 9.045963 0.228884
v -54.293369 8.989043 7.085449
v -54.293369 8.989042 0.265753
v -54.293369 8.989043 3.675601
v -34.368843 5.879190 19.796526
v -34.368843 2.778035 20.104759
v -34.368843 6.186634 11.184204
v -39.476051 6.186633 11.184205
v -39.476051 6.186633 9.565109
v -34.368843 0.310350 20.104759
v -34.368843 6.102214 19.461342
v -34.368843 6.186636 19.035137
v -34.368843 5.545882 20.020178
v -34.368843 5.122419 20.104759
v -32.638630 0.310351 20.104759
v -32.638630 6.186634 9.565108
v -32.638630 6.102214 19.461342
v -32.638630 6.186636 19.035137
v -32.638630 5.879190 19.796526
v -32.638630 5.545882 20.020178
v -32.638630 5.122419 20.104759
v -32.638630 3.322296 20.104759
v -32.638630 3.057151 20.104759
v -54.293369 8.989042 0.265753
v -54.380833 8.813488 -0.000007
v -54.380833 9.045963 0.228884
v -54.293369 8.771950 0.066742
v -54.661144 8.537024 -5.753431
v -54.503971 2.976307 -5.753430
v -54.632347 2.976307 -5.753430
v -54.617966 2.976307 -6.793064
v -54.661144 8.537024 -6.793065
v -54.779419 8.537024 -6.793065
v -54.417587 3.046238 -5.810231
v -54.586399 8.467092 -5.810232
v -54.659462 5.824907 -5.753430
v -54.661118 5.824907 -6.793064
v -54.584747 5.824907 -5.810232
v -54.754002 3.925840 -6.793064
v -54.650894 4.875374 -6.793064
v -54.631409 3.925840 -6.793064
v -54.539234 3.925841 -5.753430
v -54.624744 4.875374 -5.753430
v -54.472958 3.972461 -5.810231
v -54.551903 4.898685 -5.810232
v -54.661144 6.728152 -5.753430
v -54.586399 6.706267 -5.810232
v -54.661144 6.728152 -6.793064
v -54.633919 3.451073 -6.793064
v -54.519859 3.451074 -5.753430
v -54.450840 3.509349 -5.810231
v -54.681808 2.976307 -6.273247
v -54.779419 8.537024 -6.273248
v -54.560524 2.976307 -6.273247
v -54.661144 8.537024 -6.273248
v -54.632347 2.976307 -5.753430
v -54.503971 2.976307 -5.753430
v -54.641365 3.451074 -5.753430
v -54.779419 8.537024 -6.793065
v -54.754913 3.451073 -6.793064
v -54.737144 2.976307 -6.793064
v -54.737144 2.976307 -6.793064
v -54.549496 3.509349 -6.736262
v -54.538506 3.046238 -6.736262
v -54.484154 3.046238 -6.273247
v -54.586399 8.467092 -6.273248
v -54.417587 3.046238 -5.810231
v -54.779419 6.728280 -5.753430
v -54.777779 5.824907 -5.753430
v -54.779419 6.728280 -6.793064
v -54.779392 5.824907 -6.793064
v -54.586399 6.706267 -6.736263
v -54.586323 5.824907 -6.736263
v -54.743530 4.875374 -5.753430
v -54.660007 3.925841 -5.753430
v -54.770473 4.875374 -6.793064
v -54.574722 4.898685 -6.736263
v -54.551598 3.972461 -6.736262
v -54.779419 8.537024 -5.753431
v -54.779419 8.537024 -5.753431
v -54.586399 8.467092 -6.736263
v -54.293369 8.989042 -0.265767
v -54.380833 8.813488 -0.000007
v -54.380836 9.045963 -0.228897
v -54.293369 8.771950 -0.066756
v -30.182926 2.659501 7.351181
v -30.249647 2.659501 7.351181
v -30.182926 2.659501 7.284461
v -39.476051 6.186633 9.565109
v -32.638630 6.186634 9.565108
v -32.638630 3.322295 9.565108
v -39.476051 3.322293 9.565109
v -32.727230 10.347348 -19.568615
v -30.900280 10.347348 -15.321316
v -32.797192 10.356021 -19.538523
v -30.970238 10.356021 -15.291223
v -57.432037 9.036960 -3.676267
v -57.409714 9.036960 -3.845837
v -57.409714 9.224789 -3.845837
v -57.432037 9.224789 -3.676267
v -57.344261 9.036960 -4.003850
v -57.344261 9.224789 -4.003850
v -57.240143 9.036960 -4.139539
v -57.240143 9.224789 -4.139539
v -57.104454 9.036960 -4.243658
v -56.946442 9.036960 -4.309109
v -56.946442 9.224789 -4.309109
v -56.776871 9.036960 -4.331433
v -56.776871 9.224789 -4.331433
v -56.607300 9.036960 -4.309109
v -56.607300 9.224789 -4.309109
v -56.449287 9.036960 -4.243658
v -56.313599 9.036960 -4.139539
v -56.313599 9.224789 -4.139539
v -56.209480 9.036960 -4.003850
v -56.209480 9.224789 -4.003850
v -56.144028 9.036960 -3.845837
v -56.144028 9.224789 -3.845837
v -56.121704 9.036960 -3.676267
v -56.121704 9.224789 -3.676267
v -56.144028 9.036960 -3.506698
v -56.209480 9.036960 -3.348684
v -56.209480 9.224789 -3.348684
v -56.313599 9.036960 -3.212995
v -56.313599 9.224789 -3.212995
v -56.449287 9.036960 -3.108876
v -56.449287 9.224789 -3.108876
v -56.607300 9.036960 -3.043425
v -56.776871 9.036960 -3.021101
v -56.776871 9.224789 -3.021101
v -56.946442 9.036960 -3.043425
v -56.946442 9.224789 -3.043425
v -57.104454 9.036960 -3.108876
v -57.104454 9.224789 -3.108876
v -57.240143 9.036960 -3.212995
v -57.240143 9.224789 -3.212995
v -57.344261 9.036960 -3.348684
v -57.409714 9.036960 -3.506698
v -57.409714 9.224789 -3.506698
v -57.104454 9.224789 -4.243658
v -56.449287 9.224789 -4.243658
v -56.144028 9.224789 -3.506698
v -56.607300 9.224789 -3.043425
v -57.344261 9.224789 -3.348684
v -39.476051 3.057145 -11.170228
v -34.289658 3.057146 -11.170229
v -34.289658 3.322291 -11.170229
v -39.476051 3.322290 -11.170228
v -54.779419 8.537024 -2.634525
v -54.541756 2.974211 -3.674159
v -54.779419 5.824907 -2.634525
v -54.779419 5.824907 -3.674160
v -54.776337 4.875220 -2.634524
v -54.728371 3.914205 -2.634524
v -54.765835 4.875374 -3.674160
v -54.779419 6.728281 -2.634525
v -54.779419 6.728281 -3.674160
v -54.694569 3.429530 -2.634524
v -54.599075 3.449388 -3.674159
v -54.779419 8.537024 -3.154343
v -54.779419 5.824907 -3.154342
v -54.696976 3.920954 -3.154342
v -54.769653 4.875374 -3.154342
v -54.779419 6.728264 -3.154342
v -54.636250 3.441836 -3.154342
v -54.676369 2.950721 -2.634524
v -54.588448 2.965645 -3.154342
v -54.675747 3.925351 -3.674160
v -54.779419 8.537024 -3.674160
v -60.048042 8.544543 6.797530
v -54.380833 8.544543 6.797530
v -60.048042 8.544543 3.675604
v -54.380833 8.544543 3.675603
v -60.048042 8.544542 0.553677
v -54.380833 8.544542 0.553677
v -32.797188 10.356027 19.538515
v -33.084183 6.935085 19.415066
v -32.727226 10.347354 19.568607
v -33.154144 6.943757 19.384974
v -54.586399 8.467093 6.736258
v -54.538506 3.046241 6.736259
v -54.586319 5.824909 6.736259
v -54.574722 4.898686 6.736259
v -54.551598 3.972463 6.736259
v -54.586399 6.706269 6.736259
v -54.549496 3.509352 6.736259
v -54.484154 3.046241 6.273242
v -54.586399 8.467093 6.273242
v -54.585461 5.824909 6.273242
v -54.510918 3.972463 6.273242
v -54.560963 4.898686 6.273242
v -54.586399 6.706269 6.273242
v -54.492878 3.509352 6.273242
v -54.586399 6.706269 5.810227
v -54.586399 8.467093 5.810226
v -54.417583 3.046241 5.810227
v -54.551903 4.898686 5.810227
v -54.584747 5.824909 5.810227
v -54.450836 3.509352 5.810227
v -54.472954 3.972463 5.810227
v -54.590126 2.996063 -0.587345
v -54.661144 8.537024 -0.555255
v -54.708931 2.993468 -0.583501
v -54.495071 2.953786 -1.599122
v -54.586399 8.467093 -0.612057
v -54.661144 5.824908 -0.555254
v -54.660622 5.824907 -1.594889
v -54.586399 5.824908 -0.612056
v -54.693733 3.914472 -1.595384
v -54.635868 4.875202 -1.594889
v -54.574028 3.914444 -1.595440
v -54.610641 3.929673 -0.561606
v -54.646603 4.875375 -0.555254
v -54.533504 3.975622 -0.617618
v -54.571106 4.898685 -0.612056
v -54.661144 6.728153 -0.555255
v -54.586399 6.706268 -0.612057
v -54.661144 6.728153 -1.594890
v -54.528690 3.431645 -1.598062
v -54.595760 3.462797 -0.574938
v -54.516270 3.519598 -0.630106
v -54.661495 2.977202 -1.092004
v -54.540077 2.977655 -1.092648
v -54.661144 8.537024 -1.075072
v -54.661144 8.537024 -1.594890
v -54.708931 2.993468 -0.583501
v -54.779419 8.537024 -0.555255
v -54.779419 8.537024 -0.555255
v -54.720978 3.461966 -0.573676
v -54.650566 3.431494 -1.597949
v -54.624607 2.953410 -1.599025
v -54.624607 2.953410 -1.599025
v -54.495071 2.953786 -1.599122
v -54.460045 3.492967 -1.541683
v -54.408176 3.026724 -1.543340
v -54.408176 3.026724 -1.543340
v -54.464359 3.047778 -1.092840
v -54.586399 8.467093 -1.075072
v -54.779419 6.728281 -0.555255
v -54.779419 5.824908 -0.555254
v -54.779419 6.728281 -1.594890
v -54.778931 5.824907 -1.594889
v -54.586399 6.706267 -1.538088
v -54.585865 5.824907 -1.538087
v -54.766701 4.875375 -0.555254
v -54.734116 3.929432 -0.561226
v -54.754520 4.875216 -1.594889
v -54.562080 4.898606 -1.538087
v -54.503113 3.962789 -1.538707
v -54.586399 8.467093 -1.538088
v -54.511387 3.069158 -0.649691
v -54.779419 8.537024 -1.075072
v -54.779419 8.537024 -1.594890
v -54.779419 8.537024 -1.594890
v -32.797192 10.356021 -19.538523
v -33.084187 6.935078 -19.415073
v -32.727230 10.347348 -19.568615
v -33.154148 6.943750 -19.384981
v -30.249645 2.659501 7.351179
v -30.182926 2.659501 7.284459
v -31.609715 4.234545 7.351179
v -54.293369 4.301263 7.284461
v -54.380833 4.234545 7.351180
v -30.924526 4.068443 7.351179
v -31.601742 4.301263 7.284459
v -30.892334 4.129290 7.284459
v -30.431667 3.622542 7.351179
v -30.373013 3.659450 7.284459
v -30.249645 3.007962 7.351179
v -30.182926 3.017636 7.284459
v -60.048042 2.659498 -6.797540
v -60.048042 8.544542 -6.797541
v -31.609711 4.234543 -6.797542
v -54.380836 8.544542 -6.797541
v -30.249645 2.659498 -6.797542
v -54.380836 4.234543 -6.797540
v -30.924526 4.068440 -6.797542
v -30.431667 3.622540 -6.797542
v -30.249645 3.007959 -6.797542
v -31.223194 7.066333 15.361773
v -30.895885 10.195197 15.502561
v -31.271530 6.994558 15.218134
v -30.927013 10.287880 15.366323
v -54.586399 8.467092 -4.634995
v -54.592751 3.046238 -4.634995
v -54.586323 5.824907 -4.634995
v -54.573029 4.898685 -4.634995
v -54.545570 3.972461 -4.634995
v -54.586399 6.706267 -4.634995
v -54.553852 3.509350 -4.634995
v -54.491238 3.046238 -4.171980
v -54.586399 8.467092 -4.171981
v -54.586399 5.824907 -4.171980
v -54.524193 3.972461 -4.171980
v -54.573654 4.898685 -4.171980
v -54.586399 6.706267 -4.171980
v -54.501450 3.509350 -4.171980
v -54.586399 6.706267 -3.708966
v -54.586399 8.467092 -3.708966
v -54.382050 3.044754 -3.708965
v -54.573544 4.898685 -3.708965
v -54.586399 5.824907 -3.708965
v -54.454956 3.508273 -3.708965
v -54.506252 3.972263 -3.708965
v -32.919933 7.066328 -19.306362
v -33.057453 6.994551 -19.370058
v -31.223196 7.066329 -15.361780
v -31.271530 6.994552 -15.218141
v -60.048042 2.941441 -6.797538
v -60.048042 2.659498 -6.797538
v -30.406994 2.903892 -6.797539
v -30.631062 2.941441 -6.797539
v -30.242966 2.801307 -6.797539
v -30.249645 2.659498 -6.797539
v -30.204636 2.644594 -6.797539
v -32.132874 6.492363 -17.804316
v -31.888870 6.492363 -18.416685
v -32.168831 6.492363 -17.945648
v -32.159359 6.492363 -18.091175
v -32.105377 6.492363 -18.226650
v -32.012173 6.492363 -18.338812
v -31.492607 6.492363 -18.587133
v -30.880241 6.492363 -18.343130
v -31.351276 6.492363 -18.623095
v -31.205751 6.492363 -18.613617
v -31.070274 6.492363 -18.559637
v -30.958111 6.492363 -18.466434
v -31.159977 6.492363 -16.722157
v -31.772348 6.492363 -16.966162
v -31.301310 6.492363 -16.686197
v -31.446835 6.492363 -16.695673
v -31.582312 6.492363 -16.749653
v -31.694475 6.492363 -16.842857
v -30.519709 6.492363 -17.504974
v -30.763714 6.492363 -16.892607
v -30.483753 6.492363 -17.363642
v -30.493227 6.492363 -17.218117
v -30.547209 6.492363 -17.082642
v -30.640411 6.492363 -16.970478
v -31.888870 6.601203 -18.416685
v -32.132874 6.601203 -17.804316
v -32.012173 6.601203 -18.338812
v -32.105377 6.601203 -18.226650
v -32.159359 6.601203 -18.091175
v -32.168831 6.601203 -17.945648
v -30.880241 6.601203 -18.343130
v -31.492607 6.601203 -18.587133
v -30.958111 6.601203 -18.466434
v -31.070274 6.601203 -18.559637
v -31.205751 6.601203 -18.613617
v -31.351276 6.601203 -18.623095
v -31.772348 6.601203 -16.966162
v -31.159977 6.601203 -16.722157
v -31.694475 6.601203 -16.842857
v -31.582312 6.601203 -16.749653
v -31.446835 6.601203 -16.695673
v -31.301310 6.601203 -16.686197
v -30.763714 6.601203 -16.892607
v -30.519709 6.601203 -17.504974
v -30.640411 6.601203 -16.970478
v -30.547209 6.601203 -17.082642
v -30.493227 6.601203 -17.218117
v -30.483753 6.601203 -17.363642
v -54.779415 8.537024 0.555250
v -54.624607 2.953411 1.599021
v -54.779415 5.824908 0.555250
v -54.778927 5.824908 1.594885
v -54.766697 4.875375 0.555250
v -54.734116 3.929432 0.561222
v -54.754517 4.875216 1.594885
v -54.779415 6.728281 0.555250
v -54.779415 6.728281 1.594885
v -54.720974 3.461966 0.573673
v -54.650562 3.431494 1.597945
v -54.779415 8.537024 1.075067
v -54.779320 5.824908 1.075068
v -54.713402 3.923733 1.079125
v -54.759941 4.875375 1.075068
v -54.779415 6.728265 1.075068
v -54.689911 3.450413 1.087593
v -54.708931 2.993468 0.583497
v -54.661495 2.977203 1.092001
v -54.693733 3.914473 1.595380
v -54.779415 8.537024 1.594885
v -54.380833 4.234545 7.351180
v -54.380833 8.813489 7.351179
v -54.380833 9.045964 7.122319
v -54.293369 4.301263 7.284461
v -54.293369 8.752570 7.284460
v -54.293369 8.989043 7.085449
v -54.661144 8.537025 5.753425
v -54.503971 2.976309 5.753426
v -54.632347 2.976309 5.753426
v -54.617966 2.976310 6.793060
v -54.661144 8.537025 6.793059
v -54.779415 8.537025 6.793059
v -54.417583 3.046241 5.810227
v -54.586399 8.467093 5.810226
v -54.659462 5.824909 5.753425
v -54.661114 5.824909 6.793060
v -54.584747 5.824909 5.810227
v -54.753998 3.925843 6.793060
v -54.650894 4.875376 6.793060
v -54.631409 3.925843 6.793060
v -54.539230 3.925843 5.753426
v -54.624741 4.875376 5.753425
v -54.472954 3.972463 5.810227
v -54.551903 4.898686 5.810227
v -54.661144 6.728154 5.753425
v -54.586399 6.706269 5.810227
v -54.661144 6.728154 6.793060
v -54.633919 3.451076 6.793060
v -54.519859 3.451076 5.753426
v -54.450836 3.509352 5.810227
v -54.681805 2.976309 6.273242
v -54.779415 8.537025 6.273242
v -54.560524 2.976309 6.273242
v -54.661144 8.537025 6.273242
v -54.632347 2.976309 5.753426
v -54.503971 2.976309 5.753426
v -54.641365 3.451076 5.753426
v -54.779415 8.537025 6.793059
v -54.754910 3.451076 6.793060
v -54.737144 2.976310 6.793060
v -54.737144 2.976310 6.793060
v -54.549496 3.509352 6.736259
v -54.538506 3.046241 6.736259
v -54.484154 3.046241 6.273242
v -54.586399 8.467093 6.273242
v -54.417583 3.046241 5.810227
v -54.779415 6.728282 5.753425
v -54.777775 5.824909 5.753425
v -54.779415 6.728282 6.793060
v -54.779392 5.824909 6.793060
v -54.586399 6.706269 6.736259
v -54.586319 5.824909 6.736259
v -54.743530 4.875376 5.753425
v -54.660007 3.925843 5.753426
v -54.770473 4.875376 6.793060
v -54.574722 4.898686 6.736259
v -54.551598 3.972463 6.736259
v -54.779415 8.537025 5.753425
v -54.779415 8.537025 5.753425
v -54.586399 8.467093 6.736258
v -29.796856 -0.000001 -3.675615
v -30.182926 2.659499 -3.675615
v -29.796856 -0.000001 -7.351192
v -30.204636 2.644594 -6.797542
v -29.857727 2.417614 -7.340673
v -29.857727 2.417615 -3.675615
v -29.796856 2.296479 -3.675615
v -29.796856 2.296479 -6.797542
v -29.858837 2.416080 -6.797542
v -29.858845 2.416070 -0.546773
v -29.796856 2.296480 -0.546773
v -29.796856 -0.000000 -0.000007
v -30.182926 2.659498 -7.284474
v -30.182926 2.659498 -7.351193
v -30.182926 2.659498 -6.864261
v -30.249645 2.659498 -6.797542
v -30.182926 2.659499 -0.066756
v -30.249645 2.659499 -0.000007
v -30.182926 2.619681 -0.000007
v -30.206059 2.647355 -0.546773
v -30.182926 2.659499 -0.486969
v -30.249645 2.659499 -0.553688
v -29.796856 2.296479 -7.351193
v -29.857727 2.417614 -7.351193
v -29.796856 2.296480 -0.000007
v -29.857727 2.417615 -0.000007
v -29.860733 2.413264 -0.000007
v -54.380833 9.045964 7.122319
v -59.260483 9.045964 7.122319
v -54.380833 9.045964 3.675601
v -59.260483 9.045964 3.675601
v -59.260483 9.045963 0.228884
v -54.380833 9.045963 0.228884
v -54.380836 8.813487 -7.351190
v -54.380836 9.045962 -7.122329
v -59.260483 9.045962 -7.122329
v -59.260483 8.813487 -7.351190
v -39.786400 2.778032 11.184206
v -34.368843 0.000002 11.184205
v -39.786400 6.496979 11.184205
v -39.786396 0.000001 11.184206
v -39.476051 6.186633 11.184205
v -34.368843 6.496981 11.184204
v -34.368843 0.310349 11.184205
v -39.476051 2.778032 11.184206
v -39.476051 0.310347 11.184206
v -34.368843 6.186634 11.184204
v -34.368843 2.778033 7.351213
v -39.786400 2.778031 7.351214
v -39.786396 0.000000 7.351215
v -29.796759 6.496981 11.184204
v -28.737152 6.496981 11.184204
v -34.368843 6.496980 8.682362
v -34.368843 5.169764 7.351213
v -34.368843 6.395952 8.172953
v -34.368843 6.108247 7.741097
v -34.368843 5.677668 7.452540
v -39.786400 5.171501 7.351214
v -39.786400 6.496979 8.680471
v -39.786400 5.678740 7.452398
v -39.786400 6.108755 7.740544
v -39.786400 6.396083 8.171787
v -29.796759 5.164408 7.351213
v -29.796759 6.496980 8.688184
v -29.796759 5.674361 7.452984
v -29.796759 6.106678 7.742803
v -29.796759 6.395544 8.176547
v -29.796757 6.496982 19.062876
v -29.796757 5.150636 20.415110
v -29.796757 6.394497 19.580353
v -29.796757 6.102647 20.019047
v -29.796757 5.665861 20.312176
v -28.737152 6.496980 8.698404
v -29.119509 5.155005 7.351213
v -28.766256 6.394828 8.182857
v -28.849142 6.103925 7.745796
v -28.973188 5.668556 7.453762
v -34.368843 0.000002 7.351214
v -29.796759 0.000002 7.351214
v -29.796759 2.778032 7.351213
v -34.368843 2.778035 20.415110
v -34.368843 0.000004 20.415110
v -29.796757 0.000004 20.415106
v -29.796757 2.778035 20.415110
v -39.786400 6.496979 11.184205
v -34.368843 6.496981 11.184204
v -34.368843 6.394686 19.582022
v -34.368843 6.496983 19.065577
v -34.368843 6.103371 20.019838
v -34.368843 5.667388 20.312382
v -34.368843 5.153111 20.415110
v -28.737148 6.496982 19.054558
v -28.766514 6.393919 19.575218
v -28.850140 6.100415 20.016613
v -28.975292 5.661156 20.311541
v -29.122925 5.143013 20.415110
v -39.786400 2.778029 -11.184211
v -34.368843 -0.000002 -11.184212
v -39.786400 6.496976 -11.184212
v -39.786400 -0.000003 -11.184211
v -39.476051 6.186630 -11.184212
v -34.368847 6.496977 -11.184213
v -34.368847 0.310345 -11.184212
v -39.476051 2.778029 -11.184211
v -39.476051 0.310344 -11.184211
v -34.368847 6.186631 -11.184213
v -59.260483 10.230021 -0.000005
v -59.260483 9.045964 3.675604
v -59.260483 10.230022 3.675603
v -59.260483 10.230022 7.697877
v -59.260483 8.813488 -0.000005
v -59.260483 0.000001 7.351183
v -59.260483 2.659501 7.351182
v -59.260483 0.000001 8.507643
v -59.260483 9.407471 8.507641
v -59.260483 9.818747 8.399152
v -59.260483 10.119821 8.102758
v -59.260483 9.045964 7.122321
v -59.260483 8.813489 7.351182
v -59.260483 9.045963 0.228886
v -30.249645 2.659498 -7.351193
v -30.182926 2.659498 -7.284474
v -31.609711 4.234542 -7.351193
v -54.293369 4.301261 -7.284472
v -54.380836 4.234542 -7.351192
v -30.924526 4.068440 -7.351193
v -31.601742 4.301261 -7.284474
v -30.892334 4.129288 -7.284474
v -30.431667 3.622540 -7.351193
v -30.373013 3.659448 -7.284474
v -30.249645 3.007959 -7.351193
v -30.182926 3.017634 -7.284474
v -31.223196 7.066329 -15.361780
v -30.895885 10.195191 -15.502571
v -31.271530 6.994552 -15.218141
v -30.927013 10.287874 -15.366333
v -31.874439 6.632075 -18.389286
v -31.991552 6.632075 -18.315321
v -32.078506 6.632075 -18.210678
v -32.128868 6.632075 -18.084288
v -32.137707 6.632075 -17.948523
v -30.907639 6.632075 -18.328699
v -31.744946 6.632075 -16.980591
v -30.778147 6.632075 -16.920006
v -32.103554 6.632075 -17.814283
v -32.168831 6.601203 -17.945648
v -32.132874 6.601203 -17.804316
v -32.159359 6.601203 -18.091175
v -32.105377 6.601203 -18.226650
v -32.012173 6.601203 -18.338812
v -31.888870 6.601203 -18.416685
v -30.981606 6.632075 -18.445812
v -30.880241 6.601203 -18.343130
v -30.958111 6.601203 -18.466434
v -31.086246 6.632075 -18.532766
v -31.070274 6.601203 -18.559637
v -31.212635 6.632075 -18.583128
v -31.205751 6.601203 -18.613617
v -31.348402 6.632075 -18.591969
v -31.351276 6.601203 -18.623095
v -31.482639 6.632075 -18.557814
v -31.492607 6.601203 -18.587133
v -30.661034 6.632075 -16.993971
v -30.763714 6.601203 -16.892607
v -30.640411 6.601203 -16.970478
v -30.574078 6.632075 -17.098612
v -30.547209 6.601203 -17.082642
v -30.523718 6.632075 -17.225002
v -30.493227 6.601203 -17.218117
v -30.514877 6.632075 -17.360769
v -30.483753 6.601203 -17.363642
v -30.549030 6.632075 -17.495007
v -30.519709 6.601203 -17.504974
v -31.670982 6.632075 -16.863478
v -31.772348 6.601203 -16.966162
v -31.694475 6.601203 -16.842857
v -31.566341 6.632075 -16.776524
v -31.582312 6.601203 -16.749653
v -31.439951 6.632075 -16.726162
v -31.446835 6.601203 -16.695673
v -31.304182 6.632075 -16.717321
v -31.301310 6.601203 -16.686197
v -31.169945 6.632075 -16.751476
v -31.159977 6.601203 -16.722157
v -54.681568 2.959800 1.598918
v -54.799393 2.960197 1.598566
v -54.653419 2.978019 2.634521
v -54.586399 8.467093 1.651686
v -54.661144 5.824908 1.594885
v -54.661144 5.824908 2.634520
v -54.586399 5.824908 1.651687
v -54.766743 3.922559 2.634520
v -54.661861 4.875204 2.634520
v -54.648346 3.922563 2.634520
v -54.673576 3.916569 1.595385
v -54.662338 4.875204 1.594885
v -54.599297 3.963523 1.651872
v -54.587753 4.898533 1.651687
v -54.661144 6.728154 1.594885
v -54.586399 6.706268 1.651687
v -54.661144 6.728154 2.634520
v -54.646606 3.448437 2.634521
v -54.678959 3.436447 1.597872
v -54.604897 3.494615 1.653798
v -54.796288 2.953274 2.114703
v -54.678856 2.949985 2.114703
v -54.661144 8.537024 2.114702
v -54.661144 8.537024 2.634520
v -54.799393 2.960197 1.598566
v -54.661144 8.537024 1.594885
v -54.779415 8.537024 1.594885
v -54.779415 8.537024 1.594885
v -54.794544 3.435643 1.597598
v -54.764477 3.448069 2.634521
v -54.768177 2.975715 2.634521
v -54.768177 2.975715 2.634521
v -54.576374 3.505159 2.577718
v -54.589836 3.049359 2.577718
v -54.604362 3.015574 2.114703
v -54.586399 8.467093 2.114702
v -54.779415 6.728281 1.594885
v -54.779415 5.824908 1.594885
v -54.779415 6.728281 2.634520
v -54.779415 5.824908 2.634520
v -54.586399 6.706268 2.577718
v -54.586399 5.824908 2.577718
v -54.780251 4.875221 1.594885
v -54.789989 3.916123 1.595297
v -54.780140 4.875221 2.634520
v -54.587852 4.898533 2.577718
v -54.577576 3.968678 2.577718
v -54.586399 8.467093 2.577717
v -54.607349 3.027772 1.655011
v -54.779415 8.537024 2.114702
v -54.779415 8.537024 2.634520
v -54.779415 8.537024 2.634520
v -28.970356 4.742912 9.590240
v -29.830486 4.079438 9.387827
v -29.687592 5.482387 9.590240
v -28.970352 4.742914 18.176010
v -29.830484 4.079439 18.378426
v -29.687590 5.482388 18.176010
v -29.830486 5.626554 9.387827
v -29.830484 5.626555 18.378426
v -28.829796 4.602834 9.387827
v -28.829796 4.602836 18.378426
v -29.714874 5.447502 9.590240
v -29.714870 5.447504 18.176010
v -28.997637 4.708028 9.590240
v -28.997635 4.708029 18.176010
v -54.779415 8.537024 2.634520
v -54.541756 2.974213 3.674155
v -54.779415 5.824908 2.634520
v -54.779415 5.824908 3.674155
v -54.776333 4.875221 2.634520
v -54.728371 3.914207 2.634520
v -54.765835 4.875375 3.674155
v -54.779415 6.728281 2.634520
v -54.779415 6.728281 3.674155
v -54.694569 3.429531 2.634521
v -54.599075 3.449389 3.674155
v -54.779415 8.537025 3.154337
v -54.779415 5.824908 3.154337
v -54.696972 3.920955 3.154338
v -54.769653 4.875375 3.154338
v -54.779415 6.728265 3.154337
v -54.636250 3.441837 3.154338
v -54.676369 2.950722 2.634521
v -54.588448 2.965646 3.154338
v -54.675747 3.925353 3.674155
v -54.779415 8.537025 3.674155
v -34.368843 -0.000001 -7.351219
v -29.796757 -0.000001 -7.351219
v -34.368847 -0.000003 -20.415113
v -29.796759 -0.000003 -20.415112
v -29.796757 -0.000002 -11.184212
v -34.368843 -0.000002 -11.184212
v -39.786400 -0.000002 -7.351218
v -39.786400 -0.000003 -11.184211
v -30.206059 2.647355 0.546762
v -60.048042 2.941442 0.553678
v -60.048042 2.659499 0.553678
v -30.406996 2.903893 0.553677
v -30.631065 2.941442 0.553677
v -30.242966 2.801308 0.553677
v -30.249647 2.659499 0.553677
v -60.048042 2.659499 -3.675614
v -60.048042 8.544542 -3.675615
v -60.048042 -0.000002 -8.507650
v -60.048042 10.230021 -3.675615
v -60.048042 10.230021 -7.697887
v -60.048042 9.407470 -8.507652
v -60.048042 2.941442 -0.553687
v -60.048042 2.941441 -6.797540
v -60.048042 2.659498 -6.797540
v -60.048042 8.544542 -6.797541
v -60.048042 -0.000001 -3.675613
v -60.048042 2.941442 -3.675614
v -60.048042 10.119820 -8.102770
v -60.048042 9.818746 -8.399164
v -60.048042 2.659499 -0.553687
v -60.048042 2.659499 -0.000006
v -60.048042 -0.000000 -0.000005
v -60.048042 8.544543 -0.553688
v -60.048042 10.230021 -0.000007
v -60.048042 8.813488 -0.000007
v -54.779419 8.537024 -0.555255
v -54.624607 2.953410 -1.599025
v -54.779419 5.824908 -0.555254
v -54.778931 5.824907 -1.594889
v -54.766701 4.875375 -0.555254
v -54.734116 3.929432 -0.561226
v -54.754520 4.875216 -1.594889
v -54.779419 6.728281 -0.555255
v -54.779419 6.728281 -1.594890
v -54.720978 3.461966 -0.573676
v -54.650566 3.431494 -1.597949
v -54.779419 8.537024 -1.075072
v -54.779320 5.824908 -1.075072
v -54.713402 3.923733 -1.079129
v -54.759941 4.875375 -1.075072
v -54.779419 6.728265 -1.075072
v -54.689911 3.450413 -1.087597
v -54.708931 2.993468 -0.583501
v -54.661495 2.977202 -1.092004
v -54.693733 3.914472 -1.595384
v -54.779419 8.537024 -1.594890
v -33.154148 6.943750 -19.384981
v -31.327196 6.943751 -15.137679
v -33.084187 6.935078 -19.415073
v -31.257236 6.935079 -15.167772
v -33.057453 6.994551 -19.370058
v -32.712936 10.287875 -19.518250
v -31.271530 6.994552 -15.218141
v -30.927013 10.287874 -15.366333
v -33.084187 6.935078 -19.415073
v -32.727230 10.347348 -19.568615
v -30.900280 10.347348 -15.321316
v -31.257236 6.935079 -15.167772
v -39.476051 3.322290 -11.170228
v -39.476051 3.322290 -9.565115
v -34.289658 3.322291 -11.170229
v -34.289658 3.322290 -20.104767
v -32.638634 3.322292 -9.565116
v -32.638634 3.322290 -20.104767
v -30.182926 2.659498 -7.351191
v -30.249645 2.659498 -7.351191
v -30.182926 2.659498 -7.284472
v -31.601742 4.301261 -7.284474
v -30.182926 3.017634 -7.284474
v -30.892334 4.129288 -7.284474
v -30.373013 3.659448 -7.284474
v -30.182926 3.017633 -6.864261
v -31.601742 4.301261 -6.864261
v -30.373013 3.659448 -6.864261
v -30.892334 4.129288 -6.864261
v -30.182926 2.659498 -7.284474
v -30.182926 2.659498 -6.864261
v -54.293369 4.301261 -6.864259
v -54.293369 4.301261 -7.284472
v -33.057449 6.994559 19.370047
v -32.712933 10.287881 19.518240
v -31.271530 6.994558 15.218134
v -30.927013 10.287880 15.366323
v -33.084183 6.935085 19.415066
v -32.727226 10.347354 19.568607
v -30.900280 10.347354 15.321307
v -31.257236 6.935084 15.167764
v -31.594238 8.025019 -17.969648
v -31.281887 8.025019 -17.243488
v -31.644508 6.625946 -17.948023
v -31.333275 8.025019 -17.961298
v -31.512154 8.025019 -18.004957
v -31.373260 8.025019 -18.004396
v -31.438736 8.025019 -18.020378
v -31.199802 8.025019 -17.278797
v -31.108471 8.025019 -17.438683
v -31.138113 8.025019 -17.321487
v -31.104685 8.025019 -17.380011
v -31.061329 6.625946 -17.458960
v -31.152668 6.625946 -17.299070
v -31.057545 6.625946 -17.400288
v -31.090975 6.625946 -17.341764
v -31.465019 6.625946 -18.025230
v -31.391600 6.625946 -18.040653
v -31.326122 6.625946 -18.024675
v -31.581673 8.520456 -17.975054
v -31.269318 8.520456 -17.248894
v -31.351501 8.784186 -17.439955
v -31.280329 8.652322 -17.274490
v -31.310410 8.748854 -17.344425
v -31.499578 8.520125 -18.010365
v -31.417860 8.784186 -17.820396
v -31.488628 8.652156 -17.984915
v -31.458717 8.748810 -17.915380
v -31.320707 8.364564 -17.966703
v -31.237103 8.637287 -17.772348
v -31.309505 8.500926 -17.940666
v -31.278908 8.600749 -17.869526
v -31.426167 8.497957 -18.025784
v -31.344065 8.764505 -17.834923
v -31.415165 8.631231 -18.000216
v -31.385115 8.728794 -17.930353
v -31.360695 8.440147 -18.009804
v -31.277634 8.710736 -17.816710
v -31.349567 8.575442 -17.983934
v -31.319164 8.674484 -17.913258
v -31.268936 8.784186 -17.474176
v -31.187225 8.520125 -17.284206
v -31.228081 8.748810 -17.379192
v -31.198172 8.652156 -17.309656
v -31.179504 8.637287 -17.638445
v -31.095905 8.364564 -17.444088
v -31.137707 8.600749 -17.541265
v -31.107105 8.500926 -17.470127
v -31.125542 8.497957 -17.326897
v -31.207640 8.764505 -17.517761
v -31.136539 8.631231 -17.352467
v -31.166590 8.728794 -17.422329
v -31.092117 8.440147 -17.385416
v -31.175175 8.710736 -17.578510
v -31.103245 8.575442 -17.411287
v -31.133644 8.674484 -17.481964
v -31.332153 6.625946 -17.221865
v -31.286131 6.625946 -17.981577
v -31.499487 8.784186 -17.783991
v -31.540581 8.748854 -17.879522
v -31.570660 8.652322 -17.949455
v -39.786400 2.778029 -7.351219
v -39.786400 -0.000002 -7.351218
v -39.786400 -0.000003 -11.184211
v -39.786400 2.778029 -11.184211
v -39.786400 6.496976 -11.184212
v -39.786400 5.678738 -7.452403
v -39.786400 5.171499 -7.351219
v -39.786400 6.108753 -7.740550
v -39.786400 6.396080 -8.171792
v -39.786400 6.496977 -8.680477
v -54.590126 2.996063 0.587342
v -54.661144 8.537024 0.555250
v -54.708931 2.993468 0.583497
v -54.495068 2.953787 1.599118
v -54.586399 8.467093 0.612052
v -54.661144 5.824908 0.555250
v -54.660618 5.824908 1.594885
v -54.586395 5.824908 0.612052
v -54.693733 3.914473 1.595380
v -54.635868 4.875203 1.594885
v -54.574028 3.914444 1.595436
v -54.610641 3.929673 0.561602
v -54.646603 4.875375 0.555250
v -54.533501 3.975622 0.617614
v -54.571106 4.898685 0.612052
v -54.661144 6.728153 0.555250
v -54.586399 6.706268 0.612052
v -54.661144 6.728154 1.594885
v -54.528690 3.431646 1.598058
v -54.595757 3.462797 0.574934
v -54.516270 3.519598 0.630102
v -54.661495 2.977203 1.092001
v -54.540077 2.977656 1.092644
v -54.661144 8.537024 1.075067
v -54.661144 8.537024 1.594885
v -54.708931 2.993468 0.583497
v -54.779415 8.537024 0.555250
v -54.779415 8.537024 0.555250
v -54.720974 3.461966 0.573673
v -54.650562 3.431494 1.597945
v -54.624607 2.953411 1.599021
v -54.624607 2.953411 1.599021
v -54.495068 2.953787 1.599118
v -54.460045 3.492967 1.541680
v -54.408173 3.026725 1.543337
v -54.408173 3.026725 1.543337
v -54.464359 3.047779 1.092836
v -54.586399 8.467093 1.075067
v -54.779415 6.728281 0.555250
v -54.779415 5.824908 0.555250
v -54.779415 6.728281 1.594885
v -54.778927 5.824908 1.594885
v -54.586399 6.706268 1.538083
v -54.585865 5.824908 1.538083
v -54.766697 4.875375 0.555250
v -54.734116 3.929432 0.561222
v -54.754517 4.875216 1.594885
v -54.562080 4.898608 1.538083
v -54.503113 3.962789 1.538703
v -54.586399 8.467093 1.538083
v -54.511383 3.069158 0.649687
v -54.779415 8.537024 1.075067
v -54.779415 8.537024 1.594885
v -54.779415 8.537024 1.594885
v -60.048042 2.941443 6.797531
v -60.048042 2.659501 6.797531
v -30.406996 2.903895 6.797530
v -30.631065 2.941443 6.797530
v -30.242966 2.801310 6.797530
v -30.249647 2.659501 6.797530
v -30.204636 2.644596 6.797530
v -54.474007 2.974246 3.674155
v -54.605946 2.974202 3.674155
v -54.662941 2.976309 4.713790
v -54.382046 3.044756 3.730957
v -54.586399 8.467093 3.730956
v -54.661144 5.824908 3.674155
v -54.660999 5.824909 4.713789
v -54.586399 5.824908 3.730957
v -54.740196 3.925842 4.713790
v -54.646633 4.875376 4.713789
v -54.621864 3.925842 4.713790
v -54.575169 3.925348 3.674155
v -54.647293 4.875375 3.674155
v -54.506252 3.972265 3.730957
v -54.573540 4.898686 3.730957
v -54.661144 6.728154 3.674155
v -54.586399 6.706268 3.730957
v -54.661144 6.728154 4.713789
v -54.635391 3.451075 4.713790
v -54.519653 3.449405 3.674155
v -54.454952 3.508275 3.730957
v -54.687889 2.976309 4.193973
v -54.567612 2.976309 4.193973
v -54.661144 8.537025 4.193972
v -54.605946 2.974202 3.674155
v -54.474007 2.974246 3.674155
v -54.661144 8.537025 3.674155
v -54.779415 8.537025 3.674155
v -54.779415 8.537025 3.674155
v -54.638172 3.449391 3.674155
v -54.752388 3.451075 4.713790
v -54.773251 2.976309 4.713790
v -54.773251 2.976309 4.713790
v -54.553852 3.509352 4.656989
v -54.592751 3.046241 4.656989
v -54.491238 3.046241 4.193973
v -54.586399 8.467093 4.193972
v -54.382046 3.044756 3.730957
v -54.779415 6.728281 3.674155
v -54.779415 5.824908 3.674155
v -54.779415 6.728282 4.713789
v -54.779282 5.824909 4.713789
v -54.586399 6.706269 4.656988
v -54.586319 5.824909 4.656988
v -54.765835 4.875375 3.674155
v -54.692768 3.925356 3.674155
v -54.765167 4.875376 4.713789
v -54.573025 4.898686 4.656988
v -54.545570 3.972463 4.656989
v -54.586399 8.467093 4.656988
v -54.779415 8.537025 4.193972
v -54.779415 8.537025 4.713789
v -54.779415 8.537025 4.713789
v -54.661144 8.537025 4.713789
v -54.779415 8.537025 5.753425
v -54.737144 2.976310 6.793060
v -54.777775 5.824909 5.753425
v -54.779392 5.824909 6.793060
v -54.743530 4.875376 5.753425
v -54.660007 3.925843 5.753426
v -54.770473 4.875376 6.793060
v -54.779415 6.728282 5.753425
v -54.779415 6.728282 6.793060
v -54.641365 3.451076 5.753426
v -54.754910 3.451076 6.793060
v -54.778503 5.824909 6.273242
v -54.711426 3.925843 6.273242
v -54.755463 4.875376 6.273242
v -54.779415 6.728266 6.273242
v -54.700947 3.451076 6.273242
v -54.632347 2.976309 5.753426
v -54.681805 2.976309 6.273242
v -54.779415 8.537025 6.273242
v -54.779415 8.537025 6.793059
v -54.753998 3.925843 6.793060
v -54.555714 2.950646 -2.634524
v -54.676369 2.950721 -2.634524
v -54.411243 2.974295 -3.674159
v -54.586399 8.467093 -2.691327
v -54.661144 5.824907 -2.634525
v -54.661144 5.824907 -3.674160
v -54.586399 5.824907 -2.691327
v -54.675747 3.925351 -3.674160
v -54.647293 4.875374 -3.674160
v -54.554047 3.925349 -3.674160
v -54.607426 3.914059 -2.634524
v -54.657951 4.875203 -2.634524
v -54.531410 3.962325 -2.691326
v -54.582993 4.898606 -2.691326
v -54.661144 6.728153 -2.634525
v -54.586399 6.706267 -2.691327
v -54.661144 6.728153 -3.674160
v -54.473362 3.449426 -3.674159
v -54.571243 3.429389 -2.634524
v -54.491852 3.490379 -2.691326
v -54.588448 2.965645 -3.154342
v -54.460693 2.965820 -3.154342
v -54.661144 8.537024 -3.154343
v -54.661144 8.537024 -3.674160
v -54.676369 2.950721 -2.634524
v -54.661144 8.537024 -2.634525
v -54.779419 8.537024 -2.634525
v -54.779419 8.537024 -2.634525
v -54.694569 3.429530 -2.634524
v -54.599075 3.449388 -3.674159
v -54.541756 2.974211 -3.674159
v -54.541756 2.974211 -3.674159
v -54.411243 2.974295 -3.674159
v -54.407867 3.507378 -3.617357
v -54.339329 3.043699 -3.617357
v -54.339329 3.043699 -3.617357
v -54.378254 3.035934 -3.154342
v -54.586399 8.467092 -3.154343
v -54.779419 6.728281 -2.634525
v -54.779419 5.824907 -2.634525
v -54.779419 6.728281 -3.674160
v -54.779419 5.824907 -3.674160
v -54.586399 6.706267 -3.617358
v -54.586399 5.824907 -3.617358
v -54.776337 4.875220 -2.634524
v -54.728371 3.914205 -2.634524
v -54.765835 4.875374 -3.674160
v -54.573704 4.898685 -3.617357
v -54.485462 3.971845 -3.617357
v -54.586399 8.467092 -3.617358
v -54.470814 3.022673 -2.691326
v -54.779419 8.537024 -3.154343
v -54.779419 8.537024 -3.674160
v -54.779419 8.537024 -3.674160
v -30.249645 2.659499 -0.553688
v -30.182926 2.659499 -0.486969
v -54.380836 4.234544 -0.553687
v -30.182926 3.017634 -0.486969
v -30.373013 3.659449 -0.486969
v -30.892334 4.129289 -0.486969
v -54.293369 4.301262 -0.486968
v -31.601742 4.301262 -0.486969
v -30.924526 4.068441 -0.553688
v -31.609711 4.234544 -0.553688
v -30.431667 3.622541 -0.553688
v -30.249645 3.007960 -0.553688
v -32.638634 0.310344 -20.104767
v -32.638634 0.310346 -9.565115
v -32.638634 3.057145 -20.104767
v -32.638634 3.057147 -9.565116
v -57.327175 9.224789 -3.993986
v -57.226192 9.224789 -4.125590
v -56.776871 9.224789 -4.311705
v -56.612408 9.224789 -4.290053
v -56.226566 9.224789 -3.993986
v -56.163086 9.224789 -3.840730
v -56.141434 9.224789 -3.676267
v -56.226566 9.224789 -3.358548
v -56.327549 9.224789 -3.226944
v -56.459152 9.224789 -3.125961
v -56.941334 9.224789 -3.062481
v -57.094589 9.224789 -3.125961
v -57.226192 9.224789 -3.226944
v -57.390656 9.224789 -3.511804
v -56.776871 10.293873 -3.676267
v -57.390656 9.465335 -3.840730
v -57.222427 10.010897 -3.795654
v -57.346935 9.742873 -3.829016
v -57.412308 9.465335 -3.676267
v -57.367046 9.742873 -3.676267
v -57.238148 10.010897 -3.676267
v -57.327175 9.465335 -3.993986
v -57.176346 10.010897 -3.906905
v -57.287979 9.742873 -3.971355
v -57.226192 9.465335 -4.125590
v -57.103043 10.010897 -4.002438
v -57.194187 9.742873 -4.093584
v -57.094589 9.465335 -4.226573
v -57.007507 10.010897 -4.075743
v -57.071957 9.742873 -4.187373
v -56.941334 9.465335 -4.290053
v -56.896255 10.010897 -4.121825
v -56.929619 9.742873 -4.246332
v -56.776871 9.465335 -4.311705
v -56.776871 10.010897 -4.137543
v -56.776871 9.742873 -4.266442
v -56.612408 9.465335 -4.290053
v -56.657486 10.010897 -4.121825
v -56.624123 9.742873 -4.246332
v -56.459152 9.465335 -4.226573
v -56.546234 10.010897 -4.075743
v -56.481785 9.742873 -4.187373
v -56.327549 9.465335 -4.125590
v -56.450699 10.010897 -4.002438
v -56.359554 9.742873 -4.093584
v -56.226566 9.465335 -3.993986
v -56.377396 10.010897 -3.906905
v -56.265762 9.742873 -3.971355
v -56.163086 9.465335 -3.840730
v -56.331314 10.010897 -3.795654
v -56.206806 9.742873 -3.829016
v -56.141434 9.465335 -3.676267
v -56.315594 10.010897 -3.676267
v -56.186695 9.742873 -3.676267
v -56.163086 9.465335 -3.511804
v -56.331314 10.010897 -3.556880
v -56.206806 9.742873 -3.523519
v -56.226566 9.465335 -3.358548
v -56.377396 10.010897 -3.445630
v -56.265762 9.742873 -3.381180
v -56.327549 9.465335 -3.226944
v -56.450699 10.010897 -3.350096
v -56.359554 9.742873 -3.258951
v -56.459152 9.465335 -3.125961
v -56.546234 10.010897 -3.276791
v -56.481785 9.742873 -3.165161
v -56.612408 9.465335 -3.062481
v -56.657486 10.010897 -3.230709
v -56.624123 9.742873 -3.106202
v -56.776871 9.465335 -3.040829
v -56.776871 10.010897 -3.214992
v -56.776871 9.742873 -3.086092
v -56.941334 9.465335 -3.062481
v -56.896255 10.010897 -3.230709
v -56.929619 9.742873 -3.106202
v -57.094589 9.465335 -3.125961
v -57.007507 10.010897 -3.276791
v -57.071957 9.742873 -3.165161
v -57.226192 9.465335 -3.226944
v -57.103043 10.010897 -3.350096
v -57.194187 9.742873 -3.258950
v -57.327175 9.465335 -3.358548
v -57.176346 10.010897 -3.445630
v -57.287979 9.742873 -3.381180
v -57.390656 9.465335 -3.511804
v -57.222427 10.010897 -3.556880
v -57.346935 9.742873 -3.523519
v -56.945774 10.248836 -3.721525
v -57.102047 10.144324 -3.763398
v -57.113518 10.144323 -3.676267
v -56.951733 10.248836 -3.676267
v -56.928307 10.248836 -3.763698
v -57.068413 10.144323 -3.844591
v -56.900517 10.248836 -3.799913
v -57.014915 10.144323 -3.914313
v -56.864300 10.248836 -3.827702
v -56.945194 10.144323 -3.967812
v -56.822128 10.248836 -3.845170
v -56.864002 10.144323 -4.001442
v -56.776871 10.248836 -3.851129
v -56.776871 10.144323 -4.012914
v -56.731613 10.248836 -3.845170
v -56.689739 10.144323 -4.001442
v -56.689442 10.248836 -3.827702
v -56.608547 10.144323 -3.967812
v -56.653225 10.248836 -3.799913
v -56.538826 10.144323 -3.914313
v -56.625435 10.248836 -3.763698
v -56.485325 10.144323 -3.844591
v -56.607967 10.248836 -3.721525
v -56.451694 10.144324 -3.763398
v -56.602009 10.248836 -3.676267
v -56.440224 10.144323 -3.676267
v -56.607967 10.248836 -3.631010
v -56.451694 10.144324 -3.589137
v -56.625435 10.248836 -3.588837
v -56.485325 10.144323 -3.507944
v -56.653225 10.248836 -3.552622
v -56.538826 10.144323 -3.438222
v -56.689442 10.248836 -3.524833
v -56.608547 10.144323 -3.384722
v -56.731613 10.248836 -3.507364
v -56.689739 10.144323 -3.351092
v -56.776871 10.248836 -3.501406
v -56.776871 10.144323 -3.339621
v -56.822128 10.248836 -3.507364
v -56.864002 10.144323 -3.351092
v -56.864300 10.248836 -3.524833
v -56.945194 10.144323 -3.384722
v -56.900517 10.248836 -3.552622
v -57.014915 10.144323 -3.438222
v -56.928307 10.248836 -3.588837
v -57.068413 10.144323 -3.507944
v -56.945774 10.248836 -3.631010
v -57.102047 10.144324 -3.589137
v -57.390656 9.224789 -3.840730
v -57.412308 9.224789 -3.676267
v -57.094589 9.224789 -4.226573
v -56.941334 9.224789 -4.290053
v -56.459152 9.224789 -4.226573
v -56.327549 9.224789 -4.125590
v -56.163086 9.224789 -3.511804
v -56.612408 9.224789 -3.062481
v -56.776871 9.224789 -3.040829
v -57.327175 9.224789 -3.358548
v -32.771172 10.269772 19.453176
v -31.014299 10.269772 15.368789
v -31.009016 10.249035 15.398835
v -32.745728 10.249036 19.436348
v -39.476051 6.186633 11.184205
v -39.476051 2.778032 11.184206
v -39.476051 6.186633 9.565109
v -39.476051 0.310347 11.184206
v -39.476051 0.310347 9.565110
v -39.476051 3.057148 9.565109
v -39.476051 3.322293 9.565109
v -30.249645 2.659499 -0.000007
v -30.182926 2.659499 0.066742
v -31.601742 4.301262 0.066742
v -54.380833 4.234544 -0.000006
v -31.609715 4.234544 -0.000007
v -30.924526 4.068441 -0.000007
v -30.431667 3.622541 -0.000007
v -30.249645 3.007960 -0.000007
v -54.293369 4.301262 0.066743
v -30.892334 4.129289 0.066742
v -30.373013 3.659449 0.066742
v -30.182926 3.017635 0.066742
v -54.380836 9.045962 -3.675615
v -54.380836 9.045962 -7.122332
v -54.380836 9.045963 -0.228897
v -54.293369 8.989041 -7.085463
v -54.293369 8.989042 -0.265767
v -54.293369 8.989041 -3.675615
v -57.432037 9.036962 3.676262
v -57.409714 9.036962 3.845832
v -57.409714 9.224791 3.845832
v -57.432037 9.224791 3.676262
v -57.344261 9.036962 4.003845
v -57.344261 9.224791 4.003845
v -57.240143 9.036962 4.139535
v -57.240143 9.224791 4.139535
v -57.104454 9.036962 4.243653
v -56.946442 9.036962 4.309104
v -56.946442 9.224791 4.309104
v -56.776871 9.036962 4.331429
v -56.776871 9.224791 4.331429
v -56.607300 9.036962 4.309104
v -56.607300 9.224791 4.309104
v -56.449287 9.036962 4.243653
v -56.313599 9.036962 4.139535
v -56.313599 9.224791 4.139535
v -56.209480 9.036962 4.003845
v -56.209480 9.224791 4.003845
v -56.144028 9.036962 3.845832
v -56.144028 9.224791 3.845832
v -56.121704 9.036962 3.676262
v -56.121704 9.224791 3.676262
v -56.144028 9.036962 3.506693
v -56.209480 9.036962 3.348680
v -56.209480 9.224791 3.348680
v -56.313599 9.036962 3.212990
v -56.313599 9.224791 3.212990
v -56.449287 9.036962 3.108873
v -56.449287 9.224791 3.108873
v -56.607300 9.036962 3.043420
v -56.776871 9.036962 3.021097
v -56.776871 9.224791 3.021097
v -56.946442 9.036962 3.043420
v -56.946442 9.224791 3.043420
v -57.104454 9.036962 3.108873
v -57.104454 9.224791 3.108873
v -57.240143 9.036962 3.212990
v -57.240143 9.224791 3.212990
v -57.344261 9.036962 3.348680
v -57.409714 9.036962 3.506693
v -57.409714 9.224791 3.506693
v -57.104454 9.224791 4.243653
v -56.449287 9.224791 4.243653
v -56.144028 9.224791 3.506693
v -56.607300 9.224791 3.043420
v -57.344261 9.224791 3.348680
v -60.048042 2.659499 0.553676
v -60.048042 8.544542 0.553675
v -54.380833 8.544542 0.553675
v -30.249645 3.007960 0.553674
v -31.609715 4.234543 0.553674
v -30.431667 3.622541 0.553674
v -30.924526 4.068441 0.553674
v -54.380833 4.234543 0.553675
v -30.249645 2.659499 0.553674
v -54.380836 8.544543 -0.553688
v -54.293369 4.301262 -0.486968
v -54.380836 4.234544 -0.553687
v -54.293369 8.625623 -0.486968
v -54.681568 2.959799 -1.598922
v -54.799397 2.960196 -1.598569
v -54.653419 2.978018 -2.634524
v -54.586399 8.467093 -1.651692
v -54.661144 5.824907 -1.594889
v -54.661144 5.824907 -2.634525
v -54.586399 5.824907 -1.651692
v -54.766743 3.922557 -2.634524
v -54.661861 4.875203 -2.634524
v -54.648346 3.922562 -2.634524
v -54.673580 3.916569 -1.595388
v -54.662338 4.875203 -1.594889
v -54.599297 3.963522 -1.651875
v -54.587753 4.898532 -1.651691
v -54.661144 6.728153 -1.594890
v -54.586399 6.706267 -1.651692
v -54.661144 6.728153 -2.634525
v -54.646606 3.448435 -2.634524
v -54.678959 3.436446 -1.597875
v -54.604897 3.494614 -1.653801
v -54.796288 2.953273 -2.114707
v -54.678856 2.949985 -2.114707
v -54.661144 8.537024 -2.114708
v -54.661144 8.537024 -2.634525
v -54.799397 2.960196 -1.598569
v -54.661144 8.537024 -1.594890
v -54.779419 8.537024 -1.594890
v -54.779419 8.537024 -1.594890
v -54.794544 3.435643 -1.597602
v -54.764477 3.448068 -2.634524
v -54.768177 2.975714 -2.634524
v -54.768177 2.975714 -2.634524
v -54.576374 3.505158 -2.577722
v -54.589840 3.049357 -2.577722
v -54.604362 3.015574 -2.114707
v -54.586399 8.467093 -2.114708
v -54.779419 6.728281 -1.594890
v -54.779419 5.824907 -1.594889
v -54.779419 6.728281 -2.634525
v -54.779419 5.824907 -2.634525
v -54.586399 6.706267 -2.577723
v -54.586399 5.824907 -2.577722
v -54.780251 4.875220 -1.594889
v -54.789993 3.916122 -1.595301
v -54.780140 4.875220 -2.634524
v -54.587852 4.898532 -2.577722
v -54.577576 3.968676 -2.577722
v -54.586399 8.467093 -2.577723
v -54.607349 3.027772 -1.655015
v -54.779419 8.537024 -2.114708
v -54.779419 8.537024 -2.634525
v -54.779419 8.537024 -2.634525
v -34.368847 2.778029 -20.415113
v -34.368847 6.496977 -11.184213
v -34.368847 6.186630 -19.035149
v -34.368847 5.122412 -20.104767
v -34.368847 6.102208 -19.461353
v -34.368847 5.545876 -20.020182
v -34.368847 -0.000003 -20.415113
v -34.368847 6.394681 -19.582029
v -34.368847 6.496976 -19.065588
v -34.368847 6.103365 -20.019848
v -34.368847 5.667382 -20.312387
v -34.368847 5.153104 -20.415113
v -34.368843 -0.000002 -11.184212
v -34.368847 2.778029 -20.104767
v -34.368847 0.310344 -20.104767
v -34.368847 0.310345 -11.184212
v -34.368847 6.186631 -11.184213
v -34.368847 5.879184 -19.796534
v -34.368843 0.310350 20.104759
v -34.368843 0.310349 11.184205
v -39.476051 0.310347 11.184206
v -32.638630 0.310349 9.565109
v -32.638630 0.310351 20.104759
v -39.476051 0.310347 9.565110
v -54.667423 3.046241 4.770593
v -54.586399 8.467093 5.696622
v -54.642254 3.046241 5.696623
v -54.584713 5.824909 5.696623
v -54.577496 4.898686 5.696623
v -54.573586 3.972463 5.696623
v -54.586399 6.706269 5.696623
v -54.615570 3.509352 5.696623
v -54.657562 3.046241 5.233608
v -54.586399 8.467093 5.233607
v -54.585251 5.824909 5.233607
v -54.598648 3.972463 5.233608
v -54.586197 4.898686 5.233607
v -54.586399 6.706269 5.233607
v -54.627037 3.509352 5.233608
v -54.586399 6.706269 4.770593
v -54.586399 8.467093 4.770592
v -54.593567 4.898686 4.770593
v -54.586334 5.824909 4.770593
v -54.623840 3.509352 4.770593
v -54.601528 3.972463 4.770593
v -30.970238 10.356027 15.291216
v -31.014299 10.269772 15.368789
v -32.771172 10.269772 19.453176
v -33.110085 7.030013 19.307394
v -31.353210 7.030012 15.223010
v -32.797188 10.356027 19.538515
v -33.154144 6.943757 19.384974
v -31.327196 6.943756 15.137670
v -30.900280 10.347354 15.321307
v -31.257236 6.935084 15.167764
v -30.970238 10.356027 15.291216
v -31.327196 6.943756 15.137670
v -32.295391 7.491960 18.346785
v -32.346867 7.525952 18.476252
v -32.096996 9.382523 18.430408
v -32.235081 9.120611 18.675945
v -32.156013 9.347433 18.557489
v -32.206551 9.251566 18.647366
v -31.353689 7.745681 16.230633
v -31.381706 7.618821 16.259205
v -31.209858 9.120611 16.292500
v -31.293144 9.382523 16.561604
v -31.210987 9.251566 16.332869
v -31.241470 9.347433 16.431368
v -31.499487 8.784192 17.783983
v -31.540577 8.748859 17.879513
v -31.570660 8.652328 17.949448
v -31.883102 7.829543 18.290972
v -31.247271 7.829543 16.812782
v -31.924837 9.245213 18.321228
v -31.635162 8.948949 18.037167
v -31.807961 9.161710 18.262823
v -31.701931 9.053269 18.158848
v -31.771801 8.685449 18.278881
v -32.061054 8.982053 18.566298
v -31.839066 8.790277 18.402426
v -31.944939 8.898841 18.507627
v -31.982758 9.209480 18.448036
v -31.694454 8.915462 18.165359
v -31.866470 9.126496 18.389925
v -31.760942 9.018879 18.286457
v -32.032570 9.113132 18.537729
v -31.744656 8.819433 18.254389
v -31.916611 9.030324 18.479599
v -31.811226 8.922823 18.375889
v -32.097645 7.599878 18.248684
v -31.910923 7.771734 18.275370
v -31.984921 7.666702 18.243317
v -32.179039 7.854302 18.515553
v -32.051918 7.871972 18.460382
v -31.936451 7.843413 18.355951
v -32.147903 7.634273 18.377907
v -32.025440 7.693528 18.346481
v -31.923611 7.778285 18.307083
v -32.177650 7.727415 18.475578
v -32.050186 7.767902 18.426283
v -31.933876 7.801658 18.337902
v -31.287754 7.854302 16.443489
v -31.236788 7.843413 16.729364
v -31.240381 7.871972 16.573715
v -31.425514 7.599877 16.686115
v -31.351889 7.666702 16.771641
v -31.277729 7.771734 16.803314
v -31.315819 7.727415 16.471991
v -31.263950 7.767901 16.598427
v -31.248116 7.801657 16.743645
v -31.366268 7.634273 16.560757
v -31.304861 7.693528 16.671274
v -31.263432 7.778285 16.772295
v -31.169777 8.982053 16.494247
v -31.179499 8.685449 16.901897
v -31.132511 8.898841 16.618891
v -31.136070 8.790277 16.768103
v -31.261005 8.948949 17.167328
v -31.254005 9.245213 16.761675
v -31.218588 9.053269 17.035172
v -31.216026 9.161710 16.886694
v -31.178612 8.819433 16.938450
v -31.170927 9.113132 16.534571
v -31.136189 8.922823 16.806562
v -31.133377 9.030324 16.658730
v -31.208723 8.915462 17.036123
v -31.201778 9.209480 16.632416
v -31.166534 9.018879 16.904568
v -31.163992 9.126496 16.756802
v -31.281887 8.025025 17.243479
v -31.594236 8.025025 17.969639
v -32.378914 7.745681 18.614077
v -32.377438 7.618821 18.574085
v -31.490294 7.491960 16.475092
v -31.431707 7.525952 16.348684
v -31.581669 8.520463 17.975046
v -31.269318 8.520463 17.248884
v -31.280327 8.652328 17.274485
v -31.310410 8.748859 17.344414
v -31.351501 8.784192 17.439947
v -31.874435 6.632082 18.389273
v -31.991550 6.632082 18.315311
v -32.078503 6.632082 18.210672
v -32.128864 6.632082 18.084280
v -32.137707 6.632082 17.948511
v -30.907635 6.632082 18.328690
v -31.744944 6.632082 16.980581
v -30.778145 6.632082 16.919996
v -32.103554 6.632082 17.814274
v -32.168831 6.601210 17.945639
v -32.132874 6.601210 17.804306
v -32.159355 6.601210 18.091164
v -32.105373 6.601210 18.226639
v -32.012169 6.601210 18.338806
v -31.888866 6.601210 18.416679
v -30.981600 6.632082 18.445803
v -30.880236 6.601210 18.343121
v -30.958107 6.601210 18.466425
v -31.086243 6.632082 18.532759
v -31.070271 6.601210 18.559628
v -31.212633 6.632082 18.583118
v -31.205748 6.601210 18.613607
v -31.348400 6.632082 18.591955
v -31.351273 6.601210 18.623083
v -31.482637 6.632082 18.557806
v -31.492605 6.601210 18.587126
v -30.661030 6.632082 16.993959
v -30.763714 6.601210 16.892595
v -30.640411 6.601210 16.970469
v -30.574078 6.632082 17.098602
v -30.547207 6.601210 17.082630
v -30.523718 6.632082 17.224993
v -30.493227 6.601210 17.218111
v -30.514877 6.632082 17.360758
v -30.483753 6.601210 17.363634
v -30.549028 6.632082 17.494999
v -30.519709 6.601210 17.504963
v -31.670980 6.632082 16.863470
v -31.772346 6.601210 16.966152
v -31.694473 6.601210 16.842848
v -31.566338 6.632082 16.776514
v -31.582310 6.601210 16.749647
v -31.439949 6.632082 16.726156
v -31.446831 6.601210 16.695663
v -31.304182 6.632082 16.717310
v -31.301308 6.601210 16.686190
v -31.169945 6.632082 16.751469
v -31.159977 6.601210 16.722145
v -32.919933 7.066328 -19.306362
v -33.057453 6.994551 -19.370058
v -32.712936 10.287875 -19.518250
v -32.592621 10.195191 -19.447151
v -54.779419 8.537024 -3.674160
v -54.773251 2.976308 -4.713794
v -54.779419 5.824907 -3.674160
v -54.779282 5.824907 -4.713795
v -54.765835 4.875374 -3.674160
v -54.692772 3.925354 -3.674160
v -54.765171 4.875374 -4.713795
v -54.779419 6.728281 -3.674160
v -54.779419 6.728280 -4.713795
v -54.638176 3.449390 -3.674159
v -54.752388 3.451074 -4.713794
v -54.779419 8.537024 -4.193978
v -54.779419 5.824907 -4.193977
v -54.709808 3.925841 -4.193977
v -54.765900 4.875374 -4.193977
v -54.779419 6.728264 -4.193977
v -54.681969 3.451074 -4.193977
v -54.605946 2.974201 -3.674159
v -54.687889 2.976308 -4.193977
v -54.740196 3.925841 -4.713794
v -54.779419 8.537024 -4.713795
v -54.511383 3.069158 0.649687
v -54.586399 8.467093 1.538083
v -54.408173 3.026725 1.543337
v -54.585865 5.824908 1.538083
v -54.562080 4.898608 1.538083
v -54.503113 3.962789 1.538703
v -54.586399 6.706268 1.538083
v -54.460045 3.492967 1.541680
v -54.464359 3.047779 1.092836
v -54.586399 8.467093 1.075067
v -54.586094 5.824908 1.075068
v -54.512768 3.970522 1.078741
v -54.564636 4.898685 1.075068
v -54.586399 6.706268 1.075068
v -54.481796 3.508844 1.087081
v -54.586399 6.706268 0.612052
v -54.586399 8.467093 0.612052
v -54.571106 4.898685 0.612052
v -54.586395 5.824908 0.612052
v -54.516270 3.519598 0.630102
v -54.533501 3.975622 0.617614
v -32.771175 10.269766 -19.453186
v -33.110085 7.030006 -19.307407
v -32.745728 10.249030 -19.436359
v -33.080753 7.046451 -19.292250
v -54.380833 8.813489 7.351179
v -54.380833 9.045964 7.122319
v -59.260483 9.045964 7.122319
v -59.260483 8.813489 7.351179
v -39.786400 2.778031 7.351214
v -39.786396 0.000000 7.351215
v -39.786396 0.000001 11.184206
v -39.786400 2.778032 11.184206
v -39.786400 6.496979 11.184205
v -39.786400 5.678740 7.452398
v -39.786400 5.171501 7.351214
v -39.786400 6.108755 7.740544
v -39.786400 6.396083 8.171787
v -39.786400 6.496979 8.680471
v -54.380836 8.544542 -6.797539
v -54.380836 4.234543 -6.797538
v -54.293369 4.301261 -6.864257
v -54.293369 8.625622 -6.864258
v -60.048042 8.544542 -6.797538
v -54.380836 8.544542 -6.797538
v -60.048042 8.544542 -3.675612
v -54.380836 8.544542 -3.675612
v -60.048042 8.544543 -0.553685
v -54.380836 8.544543 -0.553685
v -32.592621 10.195191 -19.447151
v -32.919933 7.066328 -19.306362
v -31.223196 7.066329 -15.361780
v -30.895885 10.195191 -15.502571
v -32.378914 7.745675 -18.614086
v -32.377441 7.618814 -18.574097
v -31.490295 7.491954 -16.475100
v -31.431709 7.525947 -16.348692
v -32.346870 7.525947 -18.476259
v -32.295395 7.491954 -18.346794
v -32.097000 9.382517 -18.430418
v -32.156013 9.347427 -18.557499
v -32.206554 9.251560 -18.647371
v -32.235085 9.120605 -18.675955
v -31.381706 7.618814 -16.259214
v -31.353689 7.745675 -16.230640
v -31.209858 9.120605 -16.292509
v -31.210991 9.251560 -16.332876
v -31.241474 9.347427 -16.431376
v -31.293144 9.382517 -16.561617
v -57.327175 9.224791 3.993981
v -57.226192 9.224791 4.125585
v -56.776871 9.224791 4.311701
v -56.612408 9.224791 4.290049
v -56.226566 9.224791 3.993981
v -56.163086 9.224791 3.840726
v -56.141434 9.224791 3.676262
v -56.226566 9.224791 3.358543
v -56.327549 9.224791 3.226940
v -56.459152 9.224791 3.125957
v -56.941334 9.224791 3.062476
v -57.094589 9.224791 3.125957
v -57.226192 9.224791 3.226940
v -57.390656 9.224791 3.511800
v -56.776871 10.293874 3.676262
v -57.390656 9.465336 3.840726
v -57.222427 10.010899 3.795650
v -57.346935 9.742875 3.829011
v -57.412308 9.465336 3.676262
v -57.367046 9.742875 3.676262
v -57.238148 10.010899 3.676262
v -57.327175 9.465336 3.993981
v -57.176346 10.010899 3.906900
v -57.287979 9.742875 3.971350
v -57.226192 9.465336 4.125585
v -57.103043 10.010899 4.002433
v -57.194187 9.742875 4.093579
v -57.094589 9.465336 4.226567
v -57.007507 10.010899 4.075738
v -57.071957 9.742875 4.187368
v -56.941334 9.465336 4.290049
v -56.896255 10.010899 4.121820
v -56.929619 9.742875 4.246328
v -56.776871 9.465336 4.311701
v -56.776871 10.010899 4.137537
v -56.776871 9.742875 4.266437
v -56.612408 9.465336 4.290049
v -56.657486 10.010899 4.121820
v -56.624123 9.742875 4.246328
v -56.459152 9.465336 4.226567
v -56.546234 10.010899 4.075738
v -56.481785 9.742875 4.187368
v -56.327549 9.465336 4.125585
v -56.450699 10.010899 4.002433
v -56.359554 9.742875 4.093579
v -56.226566 9.465336 3.993981
v -56.377396 10.010899 3.906900
v -56.265762 9.742875 3.971350
v -56.163086 9.465336 3.840726
v -56.331314 10.010899 3.795650
v -56.206806 9.742875 3.829011
v -56.141434 9.465336 3.676262
v -56.315594 10.010899 3.676262
v -56.186695 9.742875 3.676262
v -56.163086 9.465336 3.511800
v -56.331314 10.010899 3.556875
v -56.206806 9.742875 3.523514
v -56.226566 9.465336 3.358543
v -56.377396 10.010899 3.445625
v -56.265762 9.742875 3.381175
v -56.327549 9.465336 3.226940
v -56.450699 10.010899 3.350091
v -56.359554 9.742875 3.258946
v -56.459152 9.465336 3.125957
v -56.546234 10.010899 3.276787
v -56.481785 9.742875 3.165156
v -56.612408 9.465336 3.062476
v -56.657486 10.010899 3.230705
v -56.624123 9.742875 3.106197
v -56.776871 9.465336 3.040824
v -56.776871 10.010899 3.214987
v -56.776871 9.742875 3.086088
v -56.941334 9.465336 3.062476
v -56.896255 10.010899 3.230705
v -56.929619 9.742875 3.106197
v -57.094589 9.465336 3.125957
v -57.007507 10.010899 3.276787
v -57.071957 9.742875 3.165156
v -57.226192 9.465336 3.226940
v -57.103043 10.010899 3.350091
v -57.194187 9.742875 3.258946
v -57.327175 9.465336 3.358543
v -57.176346 10.010899 3.445625
v -57.287979 9.742875 3.381175
v -57.390656 9.465336 3.511800
v -57.222427 10.010899 3.556875
v -57.346935 9.742875 3.523514
v -56.945774 10.248837 3.721519
v -57.102047 10.144325 3.763393
v -57.113518 10.144325 3.676262
v -56.951733 10.248837 3.676262
v -56.928307 10.248837 3.763693
v -57.068413 10.144325 3.844586
v -56.900517 10.248837 3.799907
v -57.014915 10.144325 3.914307
v -56.864300 10.248837 3.827697
v -56.945194 10.144325 3.967807
v -56.822128 10.248837 3.845165
v -56.864002 10.144325 4.001438
v -56.776871 10.248837 3.851124
v -56.776871 10.144325 4.012908
v -56.731613 10.248837 3.845165
v -56.689739 10.144325 4.001438
v -56.689442 10.248837 3.827697
v -56.608547 10.144325 3.967807
v -56.653225 10.248837 3.799907
v -56.538826 10.144325 3.914307
v -56.625435 10.248837 3.763693
v -56.485325 10.144325 3.844586
v -56.607967 10.248837 3.721519
v -56.451694 10.144325 3.763393
v -56.602009 10.248837 3.676262
v -56.440224 10.144325 3.676262
v -56.607967 10.248837 3.631005
v -56.451694 10.144325 3.589131
v -56.625435 10.248837 3.588831
v -56.485325 10.144325 3.507939
v -56.653225 10.248837 3.552617
v -56.538826 10.144325 3.438217
v -56.689442 10.248837 3.524828
v -56.608547 10.144325 3.384718
v -56.731613 10.248837 3.507359
v -56.689739 10.144325 3.351087
v -56.776871 10.248837 3.501400
v -56.776871 10.144325 3.339616
v -56.822128 10.248837 3.507359
v -56.864002 10.144325 3.351087
v -56.864300 10.248837 3.524828
v -56.945194 10.144325 3.384718
v -56.900517 10.248837 3.552617
v -57.014915 10.144325 3.438217
v -56.928307 10.248837 3.588831
v -57.068413 10.144325 3.507939
v -56.945774 10.248837 3.631005
v -57.102047 10.144325 3.589131
v -57.390656 9.224791 3.840726
v -57.412308 9.224791 3.676262
v -57.094589 9.224791 4.226567
v -56.941334 9.224791 4.290049
v -56.459152 9.224791 4.226567
v -56.327549 9.224791 4.125585
v -56.163086 9.224791 3.511800
v -56.612408 9.224791 3.062476
v -56.776871 9.224791 3.040824
v -57.327175 9.224791 3.358543
v -34.289658 3.322290 -20.104767
v -34.289658 3.057146 -11.170229
v -34.289658 3.322291 -11.170229
v -34.289658 3.057145 -20.104767
v -31.009018 10.249029 -15.398845
v -32.745728 10.249030 -19.436359
v -33.080753 7.046451 -19.292250
v -31.344040 7.046451 -15.254735
v -31.332153 6.625951 17.221855
v -31.286129 6.625951 17.981567
v -31.644506 6.625951 17.948013
v -31.326118 6.625951 18.024668
v -31.391598 6.625951 18.040642
v -31.465019 6.625951 18.025219
v -31.057543 6.625951 17.400280
v -31.061329 6.625951 17.458952
v -31.090973 6.625951 17.341757
v -31.152664 6.625951 17.299061
v -60.048042 -0.000001 -3.675613
v -59.260483 -0.000001 -3.675613
v -29.796856 -0.000001 -3.675615
v -29.796856 -0.000001 -7.351192
v -59.260483 -0.000001 -7.351192
v -60.048042 -0.000002 -8.507650
v -59.260483 -0.000002 -8.507650
v -29.796856 -0.000000 -0.000007
v -60.048042 -0.000000 -0.000005
v -59.260483 -0.000000 -0.000005
v -54.779415 8.537025 4.713789
v -54.835968 2.976309 5.753426
v -54.779446 5.824909 4.713789
v -54.777775 5.824909 5.753425
v -54.787285 4.875376 4.713789
v -54.795879 3.925842 4.713790
v -54.769081 4.875376 5.753425
v -54.779415 6.728282 4.713789
v -54.779415 6.728282 5.753425
v -54.820091 3.451075 4.713790
v -54.810623 3.451076 5.753426
v -54.779415 8.537025 5.233607
v -54.778282 5.824909 5.233607
v -54.792854 3.925843 5.233608
v -54.778873 4.875376 5.233607
v -54.779415 6.728266 5.233607
v -54.821316 3.451076 5.233608
v -54.861454 2.976309 4.713790
v -54.854019 2.976309 5.233608
v -54.774876 3.925843 5.753426
v -54.779415 8.537025 5.753425
v -54.586399 8.467092 -6.736263
v -54.538506 3.046238 -6.736262
v -54.586323 5.824907 -6.736263
v -54.574722 4.898685 -6.736263
v -54.551598 3.972461 -6.736262
v -54.586399 6.706267 -6.736263
v -54.549496 3.509349 -6.736262
v -54.484154 3.046238 -6.273247
v -54.586399 8.467092 -6.273248
v -54.585461 5.824907 -6.273247
v -54.510921 3.972461 -6.273247
v -54.560966 4.898685 -6.273247
v -54.586399 6.706267 -6.273247
v -54.492882 3.509349 -6.273247
v -54.586399 6.706267 -5.810232
v -54.586399 8.467092 -5.810232
v -54.417587 3.046238 -5.810231
v -54.551903 4.898685 -5.810232
v -54.584747 5.824907 -5.810232
v -54.450840 3.509349 -5.810231
v -54.472958 3.972461 -5.810231
vt 0.078599 0.101688
vt 0.078599 0.144446
vt 0.077696 0.145258
vt 0.077696 0.100795
vt 0.112515 0.145973
vt 0.113418 0.146866
vt 0.112515 0.103214
vt 0.113418 0.102403
vt 0.172840 0.133429
vt 0.172840 0.131949
vt 0.173979 0.131949
vt 0.173979 0.133429
vt 0.172840 0.130426
vt 0.173979 0.130426
vt 0.172840 0.142203
vt 0.173979 0.142203
vt 0.172840 0.129008
vt 0.173979 0.129008
vt 0.173979 0.143494
vt 0.172840 0.143494
vt 0.172840 0.127833
vt 0.173979 0.127833
vt 0.173979 0.144470
vt 0.172840 0.144470
vt 0.172840 0.127018
vt 0.173979 0.127018
vt 0.175722 0.142203
vt 0.175722 0.133429
vt 0.176862 0.133429
vt 0.176862 0.142203
vt 0.176862 0.131949
vt 0.175722 0.131949
vt 0.176862 0.143494
vt 0.175722 0.143494
vt 0.176862 0.130426
vt 0.175722 0.130426
vt 0.176862 0.144470
vt 0.175722 0.144470
vt 0.176862 0.129007
vt 0.175722 0.129007
vt 0.176862 0.127833
vt 0.175722 0.127833
vt 0.176862 0.127018
vt 0.175722 0.127018
vt 0.225752 0.487014
vt 0.230599 0.487014
vt 0.230599 0.505448
vt 0.225752 0.505448
vt 0.225752 0.477788
vt 0.230599 0.477788
vt 0.220905 0.487014
vt 0.220905 0.505448
vt 0.225752 0.468088
vt 0.230599 0.468090
vt 0.220905 0.477788
vt 0.225752 0.458307
vt 0.230597 0.458301
vt 0.220905 0.468090
vt 0.225752 0.453381
vt 0.230577 0.453393
vt 0.220905 0.458355
vt 0.225752 0.448378
vt 0.230565 0.448505
vt 0.220905 0.453503
vt 0.220905 0.448731
vt 0.893241 0.378252
vt 0.893241 0.403771
vt 0.892082 0.403771
vt 0.891960 0.378252
vt 0.893241 0.429290
vt 0.891983 0.429347
vt 0.375357 0.613809
vt 0.394202 0.613809
vt 0.398635 0.614694
vt 0.402124 0.617036
vt 0.404459 0.620545
vt 0.405342 0.625006
vt 0.405342 0.724145
vt 0.375357 0.724145
vt 0.785764 0.822221
vt 0.801960 0.822221
vt 0.801960 0.916341
vt 0.785764 0.916341
vt 0.184713 0.170030
vt 0.184487 0.155383
vt 0.192089 0.155383
vt 0.192315 0.170030
vt 0.883535 0.282100
vt 0.923033 0.282100
vt 0.909054 0.303839
vt 0.883535 0.303839
vt 0.923032 0.358998
vt 0.909054 0.351944
vt 0.909054 0.306143
vt 0.883535 0.306143
vt 0.858015 0.303839
vt 0.853490 0.282100
vt 0.922146 0.362360
vt 0.858015 0.306143
vt 0.858015 0.351944
vt 0.853489 0.354142
vt 0.853490 0.303839
vt 0.919723 0.364821
vt 0.853489 0.365721
vt 0.916413 0.365721
vt 0.883535 0.351944
vt 0.883535 0.365721
vt 0.164200 0.486898
vt 0.164200 0.505331
vt 0.159354 0.505331
vt 0.159354 0.486898
vt 0.169048 0.486898
vt 0.169048 0.505331
vt 0.164200 0.477671
vt 0.159354 0.477671
vt 0.169048 0.477671
vt 0.164200 0.467975
vt 0.159354 0.467975
vt 0.169048 0.467974
vt 0.164239 0.458258
vt 0.159412 0.458311
vt 0.169055 0.458177
vt 0.164327 0.453425
vt 0.159542 0.453537
vt 0.169086 0.453259
vt 0.164386 0.448598
vt 0.159747 0.448822
vt 0.169102 0.448378
vt 0.140440 0.106687
vt 0.140772 0.106859
vt 0.142280 0.140385
vt 0.141966 0.140602
vt 0.159398 0.859880
vt 0.159398 0.822936
vt 0.185299 0.822936
vt 0.185299 0.859880
vt 0.156217 0.859880
vt 0.156217 0.819754
vt 0.185299 0.819754
vt 0.207131 0.822936
vt 0.212457 0.824013
vt 0.216973 0.827080
vt 0.219990 0.831669
vt 0.221050 0.837083
vt 0.221050 0.859880
vt 0.159398 0.953334
vt 0.185299 0.953334
vt 0.156217 0.956515
vt 0.210183 0.819754
vt 0.207111 0.822936
vt 0.221050 0.939074
vt 0.219983 0.944531
vt 0.216943 0.949157
vt 0.212394 0.952248
vt 0.207029 0.953334
vt 0.185299 0.956516
vt 0.215559 0.820828
vt 0.212445 0.824015
vt 0.207005 0.953334
vt 0.210057 0.956516
vt 0.220117 0.823885
vt 0.216967 0.827088
vt 0.215481 0.955431
vt 0.212380 0.952246
vt 0.223162 0.828460
vt 0.219989 0.831687
vt 0.220080 0.952344
vt 0.216936 0.949147
vt 0.224231 0.833857
vt 0.221050 0.837113
vt 0.223153 0.947723
vt 0.219981 0.944510
vt 0.224231 0.859880
vt 0.221050 0.859880
vt 0.224231 0.942272
vt 0.221050 0.939040
vt 0.176820 0.114903
vt 0.176608 0.100256
vt 0.182079 0.100256
vt 0.182291 0.114903
vt 0.176369 0.114903
vt 0.176157 0.100256
vt 0.182693 0.100256
vt 0.182905 0.114903
vt 0.182235 0.118457
vt 0.181962 0.119885
vt 0.181217 0.120930
vt 0.180200 0.121312
vt 0.178798 0.121312
vt 0.177781 0.120930
vt 0.177036 0.119885
vt 0.176763 0.118457
vt 0.176312 0.119249
vt 0.183306 0.100256
vt 0.183518 0.114903
vt 0.182849 0.119249
vt 0.182578 0.120665
vt 0.181838 0.121702
vt 0.180827 0.122081
vt 0.178334 0.122081
vt 0.177323 0.121702
vt 0.176583 0.120665
vt 0.183753 0.100256
vt 0.183965 0.114903
vt 0.183461 0.119854
vt 0.183194 0.121249
vt 0.182462 0.122270
vt 0.181463 0.122644
vt 0.178143 0.122644
vt 0.177144 0.122270
vt 0.176413 0.121249
vt 0.183908 0.120086
vt 0.183642 0.121468
vt 0.182914 0.122480
vt 0.044903 0.132857
vt 0.050089 0.132800
vt 0.051816 0.136433
vt 0.042856 0.137366
vt 0.051470 0.132532
vt 0.053219 0.136050
vt 0.052914 0.137833
vt 0.043001 0.138239
vt 0.044903 0.125255
vt 0.042856 0.121891
vt 0.052480 0.131800
vt 0.054224 0.135027
vt 0.054301 0.137431
vt 0.054050 0.139395
vt 0.043300 0.139868
vt 0.042564 0.138089
vt 0.042251 0.137464
vt 0.042251 0.122054
vt 0.050089 0.125198
vt 0.051816 0.122017
vt 0.052850 0.130800
vt 0.054575 0.133654
vt 0.055307 0.136404
vt 0.055427 0.138978
vt 0.054921 0.140700
vt 0.043115 0.141231
vt 0.042211 0.139610
vt 0.042319 0.137790
vt 0.041151 0.137796
vt 0.041151 0.122390
vt 0.042319 0.121722
vt 0.043001 0.121211
vt 0.052914 0.120724
vt 0.053219 0.122274
vt 0.051470 0.125466
vt 0.052850 0.127198
vt 0.054575 0.124548
vt 0.055667 0.135037
vt 0.056433 0.137952
vt 0.056294 0.140278
vt 0.056372 0.142812
vt 0.041978 0.143460
vt 0.041787 0.140933
vt 0.041432 0.138847
vt 0.040452 0.138691
vt 0.040452 0.122333
vt 0.041432 0.121310
vt 0.042564 0.121399
vt 0.043300 0.120117
vt 0.054050 0.119623
vt 0.054301 0.121002
vt 0.054224 0.123206
vt 0.052480 0.126198
vt 0.055667 0.123274
vt 0.056802 0.136592
vt 0.057302 0.139254
vt 0.057743 0.142390
vt 0.040650 0.143161
vt 0.040812 0.140004
vt 0.039322 0.140901
vt 0.039322 0.121307
vt 0.042211 0.120474
vt 0.055427 0.119916
vt 0.055307 0.121938
vt 0.056802 0.122185
vt 0.057676 0.137901
vt 0.058746 0.141358
vt 0.039678 0.142224
vt 0.039678 0.119951
vt 0.040812 0.120981
vt 0.056433 0.120855
vt 0.057676 0.121574
vt 0.059114 0.139995
vt 0.040650 0.118927
vt 0.041787 0.119958
vt 0.056294 0.119308
vt 0.057302 0.120247
vt 0.059114 0.120431
vt 0.041978 0.118508
vt 0.043115 0.119540
vt 0.057743 0.118160
vt 0.058746 0.119101
vt 0.054921 0.119008
vt 0.056372 0.117861
vt 0.434349 0.320078
vt 0.438598 0.320078
vt 0.438598 0.334863
vt 0.434349 0.334863
vt 0.434349 0.312693
vt 0.438598 0.312693
vt 0.430099 0.320078
vt 0.430099 0.334863
vt 0.434349 0.304932
vt 0.438598 0.304932
vt 0.430099 0.312693
vt 0.434349 0.297170
vt 0.438598 0.297170
vt 0.430099 0.304932
vt 0.434349 0.293289
vt 0.438598 0.293289
vt 0.430099 0.297166
vt 0.434349 0.289408
vt 0.438598 0.289408
vt 0.430099 0.293276
vt 0.430099 0.289391
vt 0.210378 0.487014
vt 0.210378 0.505448
vt 0.205531 0.505448
vt 0.205531 0.487014
vt 0.215225 0.487014
vt 0.215225 0.505448
vt 0.210378 0.477788
vt 0.205531 0.477788
vt 0.215225 0.477788
vt 0.210378 0.468088
vt 0.205531 0.468090
vt 0.215225 0.468090
vt 0.210378 0.458307
vt 0.205533 0.458301
vt 0.215225 0.458355
vt 0.210378 0.453381
vt 0.205553 0.453393
vt 0.215225 0.453503
vt 0.210378 0.448378
vt 0.205565 0.448505
vt 0.215225 0.448731
vt 0.693103 0.918290
vt 0.690327 0.918290
vt 0.690327 0.824757
vt 0.693103 0.824757
vt 0.338549 0.320249
vt 0.338549 0.335034
vt 0.334300 0.335034
vt 0.334300 0.320249
vt 0.342798 0.320249
vt 0.342798 0.335034
vt 0.338549 0.312864
vt 0.334300 0.312864
vt 0.342798 0.312864
vt 0.338549 0.305099
vt 0.334300 0.305102
vt 0.342798 0.305102
vt 0.338549 0.297255
vt 0.334300 0.297314
vt 0.342795 0.297262
vt 0.338549 0.293297
vt 0.334300 0.293436
vt 0.342776 0.293334
vt 0.338549 0.289391
vt 0.334300 0.289575
vt 0.342768 0.289448
vt 0.515683 0.332537
vt 0.551031 0.332537
vt 0.552227 0.335972
vt 0.515683 0.335972
vt 0.554002 0.334345
vt 0.551031 0.306472
vt 0.554002 0.306472
vt 0.551031 0.280408
vt 0.554002 0.278600
vt 0.552069 0.276973
vt 0.515683 0.280408
vt 0.515683 0.276973
vt 0.077748 0.092865
vt 0.077748 0.050597
vt 0.111275 0.049089
vt 0.111275 0.091356
vt 0.900285 0.429347
vt 0.899004 0.429347
vt 0.899126 0.403828
vt 0.900285 0.403828
vt 0.900285 0.378309
vt 0.899027 0.378252
vt 0.584611 0.337063
vt 0.584611 0.307018
vt 0.603383 0.307018
vt 0.603383 0.332537
vt 0.584611 0.276973
vt 0.603383 0.281442
vt 0.604360 0.332537
vt 0.604373 0.307018
vt 0.603383 0.337063
vt 0.603383 0.276973
vt 0.604361 0.281442
vt 0.604373 0.336977
vt 0.606350 0.307018
vt 0.606228 0.332537
vt 0.604373 0.276973
vt 0.606251 0.281442
vt 0.604373 0.337063
vt 0.606350 0.333082
vt 0.606350 0.336517
vt 0.606350 0.280953
vt 0.606350 0.277519
vt 0.606350 0.337063
vt 0.102649 0.478491
vt 0.102649 0.496924
vt 0.097802 0.496924
vt 0.097802 0.478491
vt 0.107496 0.478491
vt 0.107496 0.496924
vt 0.102649 0.469264
vt 0.097802 0.469264
vt 0.107496 0.469264
vt 0.102649 0.459568
vt 0.097802 0.459568
vt 0.107496 0.459568
vt 0.102649 0.449871
vt 0.097802 0.449871
vt 0.107497 0.449871
vt 0.102649 0.445023
vt 0.097802 0.445023
vt 0.107497 0.445023
vt 0.102649 0.440175
vt 0.097802 0.440175
vt 0.107497 0.440175
vt 0.682335 0.563573
vt 0.682335 0.589407
vt 0.665385 0.592329
vt 0.665385 0.563573
vt 0.665385 0.595104
vt 0.682335 0.625090
vt 0.665385 0.625090
vt 0.349243 0.875555
vt 0.349243 0.765219
vt 0.377998 0.765219
vt 0.377998 0.875555
vt 0.817693 0.825470
vt 0.814444 0.822221
vt 0.843526 0.822221
vt 0.843526 0.825470
vt 0.817693 0.918857
vt 0.814444 0.918857
vt 0.868390 0.822221
vt 0.868069 0.825470
vt 0.873774 0.823297
vt 0.872502 0.826356
vt 0.878338 0.826359
vt 0.875991 0.828697
vt 0.881388 0.830943
vt 0.878326 0.832206
vt 0.882459 0.836349
vt 0.879210 0.836668
vt 0.882459 0.918857
vt 0.879210 0.918857
vt 0.472461 0.299888
vt 0.472461 0.302815
vt 0.469026 0.302815
vt 0.469026 0.299888
vt 0.469026 0.308061
vt 0.472461 0.308061
vt 0.469026 0.311902
vt 0.472461 0.311902
vt 0.195004 0.486940
vt 0.195004 0.505373
vt 0.190157 0.505373
vt 0.190157 0.486940
vt 0.199851 0.486940
vt 0.199851 0.505373
vt 0.195004 0.477713
vt 0.190157 0.477713
vt 0.199851 0.477713
vt 0.195004 0.468017
vt 0.190157 0.468016
vt 0.199851 0.468017
vt 0.195004 0.458274
vt 0.190157 0.458215
vt 0.199851 0.458314
vt 0.195004 0.453382
vt 0.190157 0.453274
vt 0.199851 0.453452
vt 0.195004 0.448516
vt 0.190157 0.448377
vt 0.199851 0.448598
vt 0.161411 0.189983
vt 0.153809 0.189983
vt 0.154035 0.175337
vt 0.161637 0.175337
vt 0.153002 0.106686
vt 0.151476 0.140602
vt 0.151162 0.140385
vt 0.152670 0.106859
vt 0.133398 0.486709
vt 0.138245 0.486709
vt 0.138245 0.505142
vt 0.133398 0.505142
vt 0.133398 0.477482
vt 0.138244 0.477482
vt 0.128550 0.486709
vt 0.128550 0.505142
vt 0.133398 0.467786
vt 0.138244 0.467786
vt 0.128550 0.477482
vt 0.133398 0.458090
vt 0.138244 0.458088
vt 0.128550 0.467786
vt 0.133398 0.453241
vt 0.138244 0.453230
vt 0.128550 0.458090
vt 0.133398 0.448393
vt 0.138244 0.448378
vt 0.128550 0.453241
vt 0.128550 0.448393
vt 0.480914 0.300035
vt 0.480914 0.302963
vt 0.477479 0.302963
vt 0.477479 0.300035
vt 0.477479 0.308209
vt 0.480914 0.308209
vt 0.477479 0.312049
vt 0.480914 0.312049
vt 0.179630 0.486940
vt 0.184477 0.486940
vt 0.184477 0.505373
vt 0.179630 0.505373
vt 0.179630 0.477713
vt 0.184477 0.477713
vt 0.174783 0.486940
vt 0.174783 0.505373
vt 0.179630 0.468017
vt 0.184477 0.468016
vt 0.174783 0.477713
vt 0.179630 0.458274
vt 0.184477 0.458215
vt 0.174782 0.468017
vt 0.179630 0.453382
vt 0.184477 0.453274
vt 0.174782 0.458314
vt 0.179630 0.448516
vt 0.184477 0.448377
vt 0.174782 0.453452
vt 0.174782 0.448598
vt 0.472930 0.280408
vt 0.472930 0.276973
vt 0.509474 0.276973
vt 0.508278 0.280408
vt 0.511248 0.278600
vt 0.511248 0.306472
vt 0.508278 0.306472
vt 0.508278 0.332537
vt 0.511248 0.334345
vt 0.509315 0.335972
vt 0.472930 0.335972
vt 0.472930 0.332537
vt 0.378827 0.368587
vt 0.378827 0.383372
vt 0.374578 0.383372
vt 0.374578 0.368587
vt 0.383076 0.368587
vt 0.383076 0.383372
vt 0.378827 0.361203
vt 0.374578 0.361203
vt 0.383076 0.361203
vt 0.378827 0.353441
vt 0.374578 0.353441
vt 0.383076 0.353441
vt 0.378827 0.345679
vt 0.374578 0.345679
vt 0.383076 0.345679
vt 0.378827 0.341799
vt 0.374578 0.341799
vt 0.383076 0.341799
vt 0.378827 0.337918
vt 0.374578 0.337918
vt 0.383076 0.337918
vt 0.668265 0.769094
vt 0.694165 0.769094
vt 0.694165 0.806039
vt 0.668265 0.806039
vt 0.668265 0.675641
vt 0.694165 0.675641
vt 0.729916 0.769094
vt 0.729916 0.791891
vt 0.728856 0.797305
vt 0.725839 0.801895
vt 0.721323 0.804962
vt 0.715997 0.806039
vt 0.694165 0.809220
vt 0.665083 0.809220
vt 0.665083 0.769094
vt 0.665083 0.672459
vt 0.694165 0.672459
vt 0.715895 0.675641
vt 0.721261 0.676726
vt 0.725809 0.679817
vt 0.728849 0.684443
vt 0.729916 0.689901
vt 0.715977 0.806039
vt 0.719049 0.809220
vt 0.715871 0.675641
vt 0.718923 0.672459
vt 0.721311 0.804959
vt 0.724425 0.808147
vt 0.724348 0.673543
vt 0.721246 0.676729
vt 0.725833 0.801886
vt 0.728983 0.805089
vt 0.728946 0.676631
vt 0.725802 0.679827
vt 0.728855 0.797287
vt 0.732028 0.800514
vt 0.732019 0.681251
vt 0.728847 0.684464
vt 0.729916 0.791862
vt 0.733098 0.795117
vt 0.733098 0.686702
vt 0.729916 0.689934
vt 0.729916 0.769094
vt 0.733098 0.769094
vt 0.485932 0.300035
vt 0.489366 0.300035
vt 0.489366 0.302963
vt 0.485932 0.302963
vt 0.489366 0.308209
vt 0.485932 0.308209
vt 0.489366 0.312049
vt 0.485932 0.312049
vt 0.925272 0.368607
vt 0.915819 0.390346
vt 0.915819 0.368607
vt 0.915819 0.440649
vt 0.925272 0.445505
vt 0.924385 0.448867
vt 0.921962 0.451328
vt 0.913948 0.442550
vt 0.918652 0.452228
vt 0.885774 0.442550
vt 0.885774 0.452228
vt 0.855729 0.452228
vt 0.857600 0.442550
vt 0.855729 0.440650
vt 0.039004 0.191888
vt 0.039004 0.150593
vt 0.043460 0.162248
vt 0.043460 0.181842
vt 0.043816 0.160925
vt 0.043816 0.183198
vt 0.044788 0.159988
vt 0.044788 0.184222
vt 0.046116 0.159689
vt 0.046116 0.184640
vt 0.071759 0.152067
vt 0.060510 0.160337
vt 0.071759 0.193362
vt 0.060510 0.185288
vt 0.061881 0.160759
vt 0.061881 0.184989
vt 0.062884 0.161790
vt 0.062884 0.184048
vt 0.063252 0.163154
vt 0.063252 0.182718
vt 0.365894 0.368587
vt 0.365894 0.383372
vt 0.361645 0.383372
vt 0.361645 0.368587
vt 0.370143 0.368587
vt 0.370143 0.383372
vt 0.365894 0.361203
vt 0.361645 0.361203
vt 0.370143 0.361203
vt 0.365894 0.353441
vt 0.361645 0.353441
vt 0.370143 0.353441
vt 0.365894 0.345680
vt 0.361645 0.345680
vt 0.370143 0.345680
vt 0.365894 0.341799
vt 0.361645 0.341799
vt 0.370143 0.341799
vt 0.365894 0.337918
vt 0.361645 0.337918
vt 0.370143 0.337918
vt 0.397129 0.929269
vt 0.397129 0.818933
vt 0.427114 0.818933
vt 0.427114 0.918071
vt 0.426231 0.922533
vt 0.423896 0.926042
vt 0.420407 0.928383
vt 0.415973 0.929269
vt 0.352637 0.320249
vt 0.356886 0.320249
vt 0.356886 0.335034
vt 0.352637 0.335034
vt 0.352637 0.312865
vt 0.356886 0.312865
vt 0.348388 0.320249
vt 0.348388 0.335034
vt 0.352637 0.305099
vt 0.356886 0.305102
vt 0.348388 0.312865
vt 0.352637 0.297255
vt 0.356886 0.297314
vt 0.348388 0.305102
vt 0.352637 0.293297
vt 0.356886 0.293436
vt 0.348391 0.297262
vt 0.352637 0.289391
vt 0.356886 0.289575
vt 0.348410 0.293334
vt 0.348418 0.289448
vt 0.135154 0.312212
vt 0.137120 0.312212
vt 0.137120 0.313987
vt 0.135154 0.313987
vt 0.135154 0.310437
vt 0.137120 0.310437
vt 0.137120 0.315642
vt 0.135154 0.315642
vt 0.135154 0.308783
vt 0.137120 0.308783
vt 0.137120 0.317062
vt 0.135154 0.317062
vt 0.135154 0.307363
vt 0.137120 0.307363
vt 0.137120 0.318152
vt 0.135154 0.318152
vt 0.135154 0.306273
vt 0.137120 0.306273
vt 0.138833 0.308783
vt 0.140800 0.308783
vt 0.140800 0.310437
vt 0.138833 0.310437
vt 0.138833 0.307363
vt 0.140800 0.307363
vt 0.140800 0.312212
vt 0.138833 0.312212
vt 0.138833 0.306273
vt 0.140800 0.306273
vt 0.140800 0.313987
vt 0.138833 0.313987
vt 0.140800 0.315642
vt 0.138833 0.315642
vt 0.140800 0.317062
vt 0.138833 0.317062
vt 0.140800 0.318152
vt 0.138833 0.318152
vt 0.310373 0.320269
vt 0.310373 0.335055
vt 0.306124 0.335055
vt 0.306124 0.320270
vt 0.314622 0.320270
vt 0.314622 0.335055
vt 0.310373 0.312885
vt 0.306124 0.312885
vt 0.314622 0.312885
vt 0.310373 0.305124
vt 0.306124 0.305124
vt 0.314622 0.305122
vt 0.310373 0.297322
vt 0.306124 0.297358
vt 0.314622 0.297267
vt 0.310373 0.293406
vt 0.306124 0.293467
vt 0.314622 0.293305
vt 0.310373 0.289513
vt 0.306124 0.289583
vt 0.314622 0.289391
vt 0.087275 0.478491
vt 0.092122 0.478491
vt 0.092122 0.496924
vt 0.087275 0.496924
vt 0.087275 0.469264
vt 0.092122 0.469264
vt 0.082428 0.478491
vt 0.082428 0.496924
vt 0.087275 0.459568
vt 0.092122 0.459568
vt 0.082428 0.469264
vt 0.087275 0.449871
vt 0.092122 0.449871
vt 0.082428 0.459568
vt 0.087275 0.445023
vt 0.092122 0.445023
vt 0.082428 0.449871
vt 0.087275 0.440175
vt 0.092122 0.440175
vt 0.082428 0.445023
vt 0.082428 0.440175
vt 0.135377 0.155296
vt 0.136881 0.154544
vt 0.135330 0.189021
vt 0.133904 0.188051
vt 0.118023 0.486709
vt 0.118023 0.505142
vt 0.113176 0.505142
vt 0.113176 0.486709
vt 0.122870 0.486709
vt 0.122870 0.505142
vt 0.118023 0.477482
vt 0.113176 0.477482
vt 0.122870 0.477482
vt 0.118023 0.467786
vt 0.113176 0.467786
vt 0.122870 0.467786
vt 0.118023 0.458090
vt 0.113176 0.458087
vt 0.122870 0.458090
vt 0.118023 0.453241
vt 0.113176 0.453230
vt 0.122870 0.453241
vt 0.118023 0.448393
vt 0.113176 0.448378
vt 0.122870 0.448393
vt 0.178013 0.138059
vt 0.179153 0.138059
vt 0.179153 0.139539
vt 0.178013 0.139539
vt 0.178013 0.129285
vt 0.179153 0.129285
vt 0.179153 0.141062
vt 0.178013 0.141062
vt 0.178013 0.127994
vt 0.179153 0.127994
vt 0.179153 0.142480
vt 0.178013 0.142480
vt 0.178013 0.127018
vt 0.179153 0.127018
vt 0.179153 0.143654
vt 0.178013 0.143654
vt 0.179153 0.144469
vt 0.178013 0.144469
vt 0.180305 0.129285
vt 0.181444 0.129285
vt 0.181444 0.138059
vt 0.180305 0.138059
vt 0.180305 0.127994
vt 0.181444 0.127994
vt 0.181444 0.139539
vt 0.180305 0.139539
vt 0.180305 0.127018
vt 0.181444 0.127018
vt 0.181444 0.141062
vt 0.180305 0.141062
vt 0.181444 0.142480
vt 0.180305 0.142480
vt 0.181444 0.143654
vt 0.180305 0.143654
vt 0.181444 0.144469
vt 0.180305 0.144469
vt 0.375178 0.320248
vt 0.379427 0.320248
vt 0.379427 0.335033
vt 0.375178 0.335033
vt 0.375178 0.312863
vt 0.379427 0.312863
vt 0.370929 0.320248
vt 0.370929 0.335033
vt 0.375178 0.305102
vt 0.379427 0.305100
vt 0.370929 0.312863
vt 0.375211 0.297323
vt 0.379431 0.297247
vt 0.370929 0.305102
vt 0.375281 0.293454
vt 0.379452 0.293299
vt 0.370978 0.297369
vt 0.375317 0.289586
vt 0.379461 0.289391
vt 0.371080 0.293548
vt 0.371160 0.289719
vt 0.558437 0.276973
vt 0.577209 0.281499
vt 0.577209 0.307018
vt 0.558437 0.307018
vt 0.577209 0.276973
vt 0.578186 0.281499
vt 0.578199 0.307018
vt 0.558437 0.337063
vt 0.577209 0.332593
vt 0.578199 0.277059
vt 0.580054 0.281499
vt 0.580176 0.307018
vt 0.578186 0.332593
vt 0.577209 0.337063
vt 0.580176 0.280953
vt 0.580176 0.277518
vt 0.578199 0.276973
vt 0.580077 0.332593
vt 0.578199 0.337063
vt 0.580176 0.276973
vt 0.580176 0.333082
vt 0.580176 0.336517
vt 0.529726 0.356634
vt 0.539179 0.356634
vt 0.539179 0.378373
vt 0.539179 0.428677
vt 0.529726 0.433532
vt 0.530613 0.436894
vt 0.541050 0.430577
vt 0.533036 0.439355
vt 0.536345 0.440256
vt 0.569224 0.430577
vt 0.569224 0.440256
vt 0.597398 0.430577
vt 0.599269 0.440256
vt 0.599269 0.428677
vt 0.137910 0.107684
vt 0.139384 0.140440
vt 0.137958 0.141410
vt 0.136407 0.106933
vt 0.731335 0.918876
vt 0.731335 0.824757
vt 0.747531 0.824757
vt 0.747531 0.918876
vt 0.324461 0.320269
vt 0.328710 0.320270
vt 0.328710 0.335055
vt 0.324461 0.335055
vt 0.324461 0.312885
vt 0.328710 0.312885
vt 0.320212 0.320270
vt 0.320212 0.335055
vt 0.324461 0.305124
vt 0.328710 0.305124
vt 0.320212 0.312885
vt 0.324461 0.297322
vt 0.328710 0.297358
vt 0.320212 0.305122
vt 0.324461 0.293406
vt 0.328710 0.293467
vt 0.320212 0.297267
vt 0.324461 0.289513
vt 0.328710 0.289583
vt 0.320212 0.293305
vt 0.320212 0.289391
vt 0.810699 0.278495
vt 0.810699 0.300235
vt 0.785180 0.300235
vt 0.771201 0.278495
vt 0.840744 0.278495
vt 0.836218 0.300235
vt 0.810699 0.302539
vt 0.785180 0.302539
vt 0.785180 0.348340
vt 0.771201 0.355394
vt 0.840744 0.300235
vt 0.840744 0.350538
vt 0.836218 0.348340
vt 0.836218 0.302539
vt 0.772088 0.358755
vt 0.840744 0.362117
vt 0.774511 0.361216
vt 0.810699 0.362117
vt 0.810699 0.348340
vt 0.777820 0.362117
vt 0.389300 0.320248
vt 0.389300 0.335033
vt 0.385051 0.335033
vt 0.385051 0.320248
vt 0.393549 0.320248
vt 0.393549 0.335033
vt 0.389300 0.312863
vt 0.385051 0.312863
vt 0.393549 0.312863
vt 0.389300 0.305102
vt 0.385051 0.305100
vt 0.393549 0.305102
vt 0.389267 0.297323
vt 0.385047 0.297247
vt 0.393501 0.297369
vt 0.389198 0.293454
vt 0.385026 0.293299
vt 0.393399 0.293548
vt 0.389162 0.289586
vt 0.385017 0.289391
vt 0.393318 0.289719
vt 0.036917 0.146339
vt 0.071394 0.144787
vt 0.072016 0.145258
vt 0.036294 0.146866
vt 0.071394 0.101322
vt 0.072016 0.100795
vt 0.036917 0.102874
vt 0.036294 0.102402
vt 0.494384 0.300035
vt 0.497819 0.300035
vt 0.497819 0.302963
vt 0.494384 0.302963
vt 0.497819 0.308209
vt 0.494384 0.308209
vt 0.497819 0.312049
vt 0.494384 0.312049
vt 0.116019 0.150028
vt 0.115396 0.149501
vt 0.151118 0.151108
vt 0.150495 0.151580
vt 0.116019 0.193493
vt 0.115396 0.193965
vt 0.151118 0.195572
vt 0.150495 0.195045
vt 0.192869 0.114903
vt 0.187398 0.114903
vt 0.187611 0.100256
vt 0.193082 0.100256
vt 0.192926 0.118457
vt 0.192653 0.119885
vt 0.191909 0.120930
vt 0.190891 0.121312
vt 0.189490 0.121312
vt 0.188472 0.120930
vt 0.187728 0.119885
vt 0.187455 0.118457
vt 0.186784 0.114903
vt 0.186996 0.100256
vt 0.193533 0.100256
vt 0.193321 0.114903
vt 0.193377 0.119248
vt 0.193106 0.120665
vt 0.192367 0.121702
vt 0.191356 0.122081
vt 0.188862 0.122081
vt 0.187851 0.121702
vt 0.187112 0.120665
vt 0.186841 0.119248
vt 0.186172 0.114903
vt 0.186384 0.100256
vt 0.192546 0.122270
vt 0.193277 0.121249
vt 0.191546 0.122644
vt 0.188226 0.122644
vt 0.187227 0.122270
vt 0.186496 0.121249
vt 0.186228 0.119854
vt 0.185725 0.114903
vt 0.185937 0.100256
vt 0.186048 0.121468
vt 0.186776 0.122480
vt 0.185781 0.120086
vt 0.918387 0.677804
vt 0.918387 0.706887
vt 0.878261 0.706887
vt 0.878261 0.677804
vt 0.918387 0.731943
vt 0.917328 0.737253
vt 0.914312 0.741755
vt 0.909797 0.744763
vt 0.904472 0.745819
vt 0.878261 0.745819
vt 0.319021 0.368609
vt 0.323270 0.368609
vt 0.323270 0.383394
vt 0.319021 0.383394
vt 0.319021 0.361225
vt 0.323270 0.361225
vt 0.314772 0.368609
vt 0.314772 0.383394
vt 0.319021 0.353463
vt 0.323270 0.353463
vt 0.314772 0.361225
vt 0.319021 0.345702
vt 0.323270 0.345702
vt 0.314772 0.353463
vt 0.319021 0.341821
vt 0.323270 0.341821
vt 0.314772 0.345702
vt 0.319021 0.337940
vt 0.323270 0.337940
vt 0.314772 0.341821
vt 0.314772 0.337940
vt 0.775798 0.554273
vt 0.804553 0.554273
vt 0.804553 0.664609
vt 0.775798 0.664609
vt 0.157707 0.329044
vt 0.157707 0.327439
vt 0.160225 0.327439
vt 0.160225 0.329044
vt 0.157707 0.325718
vt 0.160225 0.325718
vt 0.163130 0.327317
vt 0.163130 0.328807
vt 0.157707 0.330422
vt 0.160225 0.330422
vt 0.157707 0.323996
vt 0.160225 0.323996
vt 0.163130 0.325718
vt 0.165936 0.326968
vt 0.165936 0.328132
vt 0.163130 0.330086
vt 0.157707 0.331479
vt 0.160225 0.331479
vt 0.157707 0.322392
vt 0.160225 0.322392
vt 0.163130 0.324119
vt 0.165936 0.325718
vt 0.167333 0.326630
vt 0.167333 0.327480
vt 0.165936 0.329132
vt 0.163130 0.331068
vt 0.157707 0.321014
vt 0.160225 0.321014
vt 0.163130 0.322629
vt 0.165936 0.324468
vt 0.167333 0.325718
vt 0.168427 0.326192
vt 0.168427 0.326633
vt 0.167333 0.328210
vt 0.165936 0.329900
vt 0.157707 0.319957
vt 0.160225 0.319957
vt 0.163130 0.321349
vt 0.165936 0.323303
vt 0.167333 0.324806
vt 0.168427 0.325718
vt 0.163130 0.320367
vt 0.165936 0.322303
vt 0.167333 0.323956
vt 0.168427 0.325244
vt 0.165936 0.321536
vt 0.167333 0.323226
vt 0.168427 0.324803
vt 0.165244 0.311829
vt 0.165244 0.310107
vt 0.167762 0.310107
vt 0.167762 0.311829
vt 0.165244 0.308503
vt 0.167762 0.308503
vt 0.170667 0.310230
vt 0.170667 0.311829
vt 0.165244 0.313550
vt 0.167762 0.313550
vt 0.165244 0.307125
vt 0.167762 0.307125
vt 0.170667 0.308739
vt 0.173473 0.310579
vt 0.173473 0.311829
vt 0.170667 0.313428
vt 0.165244 0.315155
vt 0.167762 0.315155
vt 0.165244 0.306068
vt 0.167762 0.306068
vt 0.170667 0.307460
vt 0.173473 0.309414
vt 0.174870 0.310916
vt 0.174870 0.311829
vt 0.173473 0.313078
vt 0.170667 0.314918
vt 0.165244 0.316532
vt 0.167762 0.316532
vt 0.170667 0.306478
vt 0.173473 0.308414
vt 0.174870 0.310067
vt 0.175964 0.311355
vt 0.175964 0.311829
vt 0.174870 0.312741
vt 0.173473 0.314243
vt 0.170667 0.316197
vt 0.165244 0.317590
vt 0.167762 0.317590
vt 0.173473 0.307647
vt 0.174870 0.309337
vt 0.175964 0.310914
vt 0.175964 0.312302
vt 0.174870 0.313591
vt 0.173473 0.315243
vt 0.170667 0.317179
vt 0.175964 0.312744
vt 0.174870 0.314321
vt 0.173473 0.316011
vt 0.688840 0.563573
vt 0.705790 0.563573
vt 0.705790 0.592329
vt 0.688840 0.589407
vt 0.705790 0.595104
vt 0.705790 0.625090
vt 0.688840 0.625090
vt 0.142513 0.312212
vt 0.142513 0.310437
vt 0.144479 0.310437
vt 0.144479 0.312212
vt 0.142513 0.308783
vt 0.144479 0.308783
vt 0.142513 0.313987
vt 0.144479 0.313987
vt 0.142513 0.307363
vt 0.144479 0.307363
vt 0.142513 0.315642
vt 0.144479 0.315642
vt 0.142513 0.306273
vt 0.144479 0.306273
vt 0.142513 0.317062
vt 0.144479 0.317062
vt 0.142513 0.318152
vt 0.144479 0.318152
vt 0.146192 0.315642
vt 0.146192 0.313987
vt 0.148159 0.313987
vt 0.148159 0.315642
vt 0.146192 0.312212
vt 0.148159 0.312212
vt 0.146192 0.317062
vt 0.148159 0.317062
vt 0.146192 0.310437
vt 0.148159 0.310437
vt 0.146192 0.318152
vt 0.148159 0.318152
vt 0.146192 0.308783
vt 0.148159 0.308783
vt 0.146192 0.307363
vt 0.148159 0.307363
vt 0.146192 0.306273
vt 0.148159 0.306273
vt 0.846564 0.935675
vt 0.872397 0.935675
vt 0.872397 0.938924
vt 0.843315 0.938924
vt 0.896940 0.935675
vt 0.897261 0.938924
vt 0.846564 0.842289
vt 0.843315 0.842289
vt 0.901373 0.934789
vt 0.902645 0.937848
vt 0.904862 0.932448
vt 0.907209 0.934786
vt 0.907197 0.928939
vt 0.910259 0.930202
vt 0.908081 0.924477
vt 0.911329 0.924796
vt 0.908081 0.842289
vt 0.911329 0.842289
vt 0.071901 0.478491
vt 0.076748 0.478491
vt 0.076748 0.496924
vt 0.071901 0.496924
vt 0.071901 0.469264
vt 0.076748 0.469264
vt 0.067054 0.478491
vt 0.067054 0.496924
vt 0.071901 0.459568
vt 0.076748 0.459568
vt 0.067054 0.469264
vt 0.071901 0.449871
vt 0.076748 0.449871
vt 0.067054 0.459568
vt 0.071901 0.445023
vt 0.076748 0.445023
vt 0.067054 0.449871
vt 0.071901 0.440175
vt 0.076748 0.440175
vt 0.067054 0.445023
vt 0.067054 0.440175
vt 0.132994 0.145732
vt 0.132091 0.146626
vt 0.132091 0.102162
vt 0.132994 0.102974
vt 0.166910 0.144206
vt 0.167813 0.145018
vt 0.167813 0.100555
vt 0.166910 0.101448
vt 0.095922 0.114807
vt 0.093876 0.110298
vt 0.102836 0.111231
vt 0.101109 0.114864
vt 0.095922 0.122409
vt 0.093876 0.125773
vt 0.094021 0.109425
vt 0.103933 0.109830
vt 0.104239 0.111614
vt 0.102489 0.115131
vt 0.101109 0.122466
vt 0.102836 0.125646
vt 0.093271 0.125609
vt 0.093271 0.110199
vt 0.093584 0.109574
vt 0.094320 0.107795
vt 0.105070 0.108268
vt 0.105321 0.110233
vt 0.105244 0.112636
vt 0.103500 0.115863
vt 0.104239 0.125390
vt 0.102489 0.122198
vt 0.103933 0.126939
vt 0.094021 0.126453
vt 0.093339 0.125942
vt 0.092171 0.125274
vt 0.092171 0.109867
vt 0.093339 0.109874
vt 0.093231 0.108054
vt 0.094135 0.106432
vt 0.105941 0.106964
vt 0.106446 0.108685
vt 0.106327 0.111259
vt 0.105594 0.114010
vt 0.103870 0.116864
vt 0.105321 0.126662
vt 0.105244 0.124458
vt 0.103500 0.121465
vt 0.105070 0.128041
vt 0.094320 0.127546
vt 0.093584 0.126264
vt 0.092452 0.126354
vt 0.091472 0.125330
vt 0.091472 0.108972
vt 0.092452 0.108817
vt 0.092807 0.106730
vt 0.107392 0.104851
vt 0.092998 0.104204
vt 0.107313 0.107386
vt 0.107453 0.109712
vt 0.106687 0.112626
vt 0.105594 0.123116
vt 0.103870 0.120465
vt 0.106327 0.125725
vt 0.106446 0.127747
vt 0.093231 0.127189
vt 0.090342 0.106763
vt 0.090342 0.126357
vt 0.091832 0.107660
vt 0.091670 0.104503
vt 0.108763 0.105274
vt 0.108322 0.108410
vt 0.107822 0.111072
vt 0.106687 0.124390
vt 0.107453 0.126809
vt 0.090698 0.105440
vt 0.091832 0.126683
vt 0.090698 0.127712
vt 0.109766 0.106305
vt 0.108696 0.109763
vt 0.107822 0.125478
vt 0.108322 0.127417
vt 0.107313 0.128356
vt 0.092807 0.127705
vt 0.091670 0.128737
vt 0.110133 0.107669
vt 0.108696 0.126090
vt 0.109766 0.128563
vt 0.108763 0.129504
vt 0.094135 0.128124
vt 0.092998 0.129155
vt 0.110133 0.127233
vt 0.105941 0.128655
vt 0.107392 0.129803
vt 0.436835 0.368434
vt 0.436835 0.383219
vt 0.432586 0.383219
vt 0.432586 0.368434
vt 0.441084 0.368434
vt 0.441084 0.383219
vt 0.436835 0.361050
vt 0.432586 0.361050
vt 0.441084 0.361050
vt 0.436835 0.353288
vt 0.432586 0.353288
vt 0.441084 0.353288
vt 0.436835 0.345527
vt 0.432586 0.345527
vt 0.441084 0.345523
vt 0.436835 0.341646
vt 0.432586 0.341646
vt 0.441084 0.341632
vt 0.436835 0.337765
vt 0.432586 0.337765
vt 0.441084 0.337748
vt 0.148827 0.486898
vt 0.153674 0.486898
vt 0.153674 0.505331
vt 0.148827 0.505331
vt 0.148827 0.477671
vt 0.153674 0.477671
vt 0.143979 0.486898
vt 0.143979 0.505331
vt 0.148827 0.467975
vt 0.153674 0.467975
vt 0.143979 0.477671
vt 0.148788 0.458258
vt 0.153616 0.458311
vt 0.143979 0.467974
vt 0.148701 0.453425
vt 0.153485 0.453537
vt 0.143973 0.458177
vt 0.148641 0.448598
vt 0.153280 0.448822
vt 0.143942 0.453259
vt 0.143925 0.448378
vt 0.925172 0.683996
vt 0.965299 0.683996
vt 0.965299 0.713078
vt 0.925172 0.713078
vt 0.965299 0.752011
vt 0.939088 0.752011
vt 0.933763 0.750954
vt 0.929248 0.747946
vt 0.926232 0.743445
vt 0.925172 0.738135
vt 0.073844 0.152067
vt 0.078300 0.162113
vt 0.078300 0.181707
vt 0.073844 0.193362
vt 0.078656 0.160757
vt 0.078656 0.183030
vt 0.079628 0.159733
vt 0.079628 0.183967
vt 0.080956 0.159314
vt 0.080956 0.184266
vt 0.106599 0.150593
vt 0.095350 0.158667
vt 0.095350 0.183618
vt 0.106599 0.191888
vt 0.096720 0.158966
vt 0.096720 0.183196
vt 0.097724 0.159907
vt 0.097724 0.182164
vt 0.098091 0.161237
vt 0.098091 0.180801
vt 0.178300 0.321678
vt 0.180819 0.321678
vt 0.180819 0.323282
vt 0.178300 0.323282
vt 0.178300 0.320300
vt 0.180819 0.320300
vt 0.183724 0.321915
vt 0.183724 0.323405
vt 0.180819 0.325004
vt 0.178300 0.325004
vt 0.178300 0.319243
vt 0.180819 0.319243
vt 0.183724 0.320635
vt 0.186530 0.322590
vt 0.186530 0.323754
vt 0.183724 0.325004
vt 0.180819 0.326726
vt 0.178300 0.326726
vt 0.183724 0.319654
vt 0.186530 0.321590
vt 0.187927 0.323242
vt 0.187927 0.324092
vt 0.186530 0.325004
vt 0.183724 0.326603
vt 0.180819 0.328330
vt 0.178300 0.328330
vt 0.186530 0.320822
vt 0.187927 0.322512
vt 0.189021 0.324530
vt 0.189021 0.324089
vt 0.187927 0.325004
vt 0.186530 0.326254
vt 0.183724 0.328093
vt 0.180819 0.329708
vt 0.178300 0.329708
vt 0.189021 0.325004
vt 0.187927 0.325916
vt 0.186530 0.327419
vt 0.183724 0.329373
vt 0.180819 0.330765
vt 0.178300 0.330765
vt 0.189021 0.325478
vt 0.187927 0.326766
vt 0.186530 0.328419
vt 0.183724 0.330355
vt 0.189021 0.325920
vt 0.187927 0.327496
vt 0.186530 0.329186
vt 0.185461 0.312005
vt 0.187979 0.312005
vt 0.187979 0.313727
vt 0.185461 0.313727
vt 0.185461 0.310284
vt 0.187979 0.310284
vt 0.190885 0.312005
vt 0.190885 0.313604
vt 0.187979 0.315331
vt 0.185461 0.315331
vt 0.185461 0.308679
vt 0.187979 0.308679
vt 0.190885 0.310406
vt 0.193690 0.312005
vt 0.193690 0.313255
vt 0.190885 0.315094
vt 0.187979 0.316709
vt 0.185461 0.316709
vt 0.185461 0.307302
vt 0.187979 0.307302
vt 0.190885 0.308916
vt 0.193690 0.310755
vt 0.195087 0.312005
vt 0.195087 0.312918
vt 0.193690 0.314420
vt 0.190885 0.316374
vt 0.187979 0.317766
vt 0.185461 0.317766
vt 0.185461 0.306244
vt 0.187979 0.306244
vt 0.190885 0.307637
vt 0.193690 0.309591
vt 0.195087 0.311093
vt 0.196181 0.312479
vt 0.196181 0.312005
vt 0.195087 0.313767
vt 0.193690 0.315420
vt 0.190885 0.317356
vt 0.190885 0.306655
vt 0.193690 0.308591
vt 0.195087 0.310243
vt 0.196181 0.311532
vt 0.196181 0.312921
vt 0.195087 0.314497
vt 0.193690 0.316187
vt 0.193690 0.307823
vt 0.195087 0.309513
vt 0.196181 0.311090
vt 0.684647 0.824757
vt 0.684647 0.918289
vt 0.681872 0.918289
vt 0.681872 0.824757
vt 0.038542 0.047745
vt 0.072068 0.049254
vt 0.072068 0.091521
vt 0.038542 0.090012
vt 0.306088 0.368609
vt 0.310337 0.368609
vt 0.310337 0.383394
vt 0.306088 0.383394
vt 0.306088 0.361225
vt 0.310337 0.361225
vt 0.301839 0.368609
vt 0.301839 0.383394
vt 0.306088 0.353463
vt 0.310337 0.353463
vt 0.301839 0.361225
vt 0.306088 0.345701
vt 0.310337 0.345701
vt 0.301839 0.353463
vt 0.306088 0.341821
vt 0.310337 0.341821
vt 0.301839 0.345701
vt 0.306088 0.337940
vt 0.310337 0.337940
vt 0.301839 0.341821
vt 0.301839 0.337940
vt 0.056527 0.482339
vt 0.056526 0.500772
vt 0.051680 0.500772
vt 0.051680 0.482339
vt 0.061374 0.482339
vt 0.061374 0.500772
vt 0.056527 0.473112
vt 0.051680 0.473112
vt 0.061374 0.473112
vt 0.056527 0.463416
vt 0.051680 0.463416
vt 0.061374 0.463416
vt 0.056527 0.453719
vt 0.051680 0.453719
vt 0.061374 0.453719
vt 0.056527 0.448871
vt 0.051680 0.448871
vt 0.061374 0.448871
vt 0.056527 0.444023
vt 0.051680 0.444023
vt 0.061374 0.444023
vt 0.153277 0.317274
vt 0.153174 0.317453
vt 0.151753 0.316363
vt 0.151899 0.316217
vt 0.154881 0.317939
vt 0.154828 0.318138
vt 0.150663 0.314943
vt 0.150842 0.314839
vt 0.156603 0.318165
vt 0.156603 0.318372
vt 0.149978 0.313289
vt 0.150178 0.313235
vt 0.158325 0.317939
vt 0.158378 0.318138
vt 0.149744 0.311513
vt 0.149951 0.311513
vt 0.159929 0.317274
vt 0.160032 0.317453
vt 0.149978 0.309738
vt 0.150178 0.309792
vt 0.161307 0.316217
vt 0.161453 0.316363
vt 0.150663 0.308084
vt 0.150842 0.308187
vt 0.162364 0.314839
vt 0.162543 0.314943
vt 0.151753 0.306664
vt 0.151899 0.306810
vt 0.163029 0.313235
vt 0.163228 0.313289
vt 0.153174 0.305574
vt 0.153277 0.305753
vt 0.163255 0.311513
vt 0.163462 0.311513
vt 0.154828 0.304889
vt 0.154881 0.305088
vt 0.163029 0.309792
vt 0.163228 0.309738
vt 0.156603 0.304655
vt 0.156603 0.304861
vt 0.162364 0.308187
vt 0.162543 0.308084
vt 0.158378 0.304889
vt 0.158325 0.305088
vt 0.161307 0.306810
vt 0.161453 0.306664
vt 0.160032 0.305574
vt 0.159929 0.305753
vt 0.178683 0.150444
vt 0.179909 0.151218
vt 0.180820 0.152314
vt 0.181347 0.153637
vt 0.181439 0.155058
vt 0.181082 0.156464
vt 0.177328 0.165191
vt 0.176553 0.166417
vt 0.175458 0.167327
vt 0.174135 0.167855
vt 0.172713 0.167947
vt 0.171308 0.167590
vt 0.167206 0.165825
vt 0.165980 0.165051
vt 0.165070 0.163956
vt 0.164543 0.162632
vt 0.164450 0.161211
vt 0.164808 0.159806
vt 0.168562 0.151078
vt 0.169336 0.149852
vt 0.170432 0.148942
vt 0.171755 0.148415
vt 0.173176 0.148322
vt 0.174582 0.148680
vt 0.401212 0.390506
vt 0.400514 0.386257
vt 0.401416 0.386257
vt 0.402195 0.390506
vt 0.401990 0.386722
vt 0.402820 0.390506
vt 0.401882 0.394755
vt 0.402961 0.394755
vt 0.403712 0.394291
vt 0.393470 0.390506
vt 0.393470 0.386257
vt 0.394437 0.386257
vt 0.394437 0.390506
vt 0.395048 0.386722
vt 0.395048 0.390506
vt 0.393470 0.394755
vt 0.394437 0.394755
vt 0.395048 0.394291
vt 0.416072 0.390454
vt 0.416220 0.386205
vt 0.417187 0.386205
vt 0.417041 0.390454
vt 0.417803 0.386669
vt 0.417678 0.390454
vt 0.416011 0.394703
vt 0.416898 0.394703
vt 0.417597 0.394239
vt 0.408967 0.390454
vt 0.408967 0.386205
vt 0.409934 0.386205
vt 0.409934 0.390454
vt 0.410545 0.386669
vt 0.410545 0.390454
vt 0.408967 0.394703
vt 0.409934 0.394703
vt 0.410545 0.394239
vt 0.628095 0.282705
vt 0.628095 0.315584
vt 0.621658 0.315584
vt 0.621658 0.282705
vt 0.628095 0.345629
vt 0.621658 0.345629
vt 0.621658 0.279396
vt 0.628095 0.279396
vt 0.621658 0.276973
vt 0.628095 0.276973
vt 0.536143 0.586307
vt 0.536143 0.581845
vt 0.554256 0.581845
vt 0.554256 0.586307
vt 0.536143 0.578336
vt 0.554256 0.578336
vt 0.536143 0.668496
vt 0.554256 0.685445
vt 0.536143 0.575995
vt 0.554256 0.575995
vt 0.482677 0.668496
vt 0.482677 0.685445
vt 0.769608 0.918876
vt 0.769608 0.824757
vt 0.780084 0.824757
vt 0.780084 0.918876
vt 0.173659 0.193894
vt 0.172926 0.194209
vt 0.153801 0.149746
vt 0.154533 0.149431
vt 0.430160 0.390354
vt 0.431129 0.390354
vt 0.431275 0.394603
vt 0.430308 0.394603
vt 0.430100 0.386104
vt 0.430986 0.386104
vt 0.431766 0.390354
vt 0.431891 0.394138
vt 0.431686 0.386569
vt 0.423055 0.390341
vt 0.424022 0.390341
vt 0.424022 0.394590
vt 0.423055 0.394590
vt 0.423055 0.386092
vt 0.424022 0.386092
vt 0.424633 0.390341
vt 0.424633 0.394126
vt 0.424633 0.386556
vt 0.436341 0.756181
vt 0.364762 0.756181
vt 0.364762 0.739377
vt 0.419057 0.739377
vt 0.436341 0.645845
vt 0.419057 0.645845
vt 0.064739 0.110477
vt 0.065593 0.110096
vt 0.067152 0.113721
vt 0.066288 0.114079
vt 0.064309 0.109477
vt 0.065166 0.109102
vt 0.066366 0.109944
vt 0.067794 0.113264
vt 0.066718 0.115079
vt 0.067580 0.114715
vt 0.063994 0.108745
vt 0.064853 0.108374
vt 0.065936 0.108945
vt 0.068224 0.114263
vt 0.067033 0.115811
vt 0.067893 0.115443
vt 0.065622 0.108214
vt 0.084464 0.128218
vt 0.083938 0.126865
vt 0.085220 0.127194
vt 0.085644 0.128274
vt 0.083626 0.125843
vt 0.084961 0.126359
vt 0.460640 0.781343
vt 0.443356 0.764539
vt 0.443356 0.671007
vt 0.460640 0.671007
vt 0.389062 0.781343
vt 0.389062 0.764539
vt 0.417021 0.515208
vt 0.417021 0.541399
vt 0.360306 0.541399
vt 0.360306 0.515188
vt 0.464885 0.515269
vt 0.464885 0.541399
vt 0.360306 0.509863
vt 0.417021 0.509875
vt 0.464885 0.509912
vt 0.475977 0.515376
vt 0.475977 0.541399
vt 0.417021 0.623906
vt 0.464885 0.623878
vt 0.360306 0.505348
vt 0.417021 0.505354
vt 0.464885 0.505372
vt 0.475673 0.509979
vt 0.475977 0.623791
vt 0.464885 0.629295
vt 0.417021 0.629313
vt 0.360306 0.502332
vt 0.417021 0.502333
vt 0.464885 0.502338
vt 0.474805 0.505403
vt 0.475670 0.629241
vt 0.464885 0.633888
vt 0.417021 0.633896
vt 0.473506 0.502346
vt 0.474794 0.633862
vt 0.464885 0.636956
vt 0.417021 0.636958
vt 0.473484 0.636950
vt 0.608199 0.795083
vt 0.656062 0.795083
vt 0.656062 0.891718
vt 0.608199 0.891718
vt 0.608199 0.754957
vt 0.656062 0.754957
vt 0.551484 0.795083
vt 0.551484 0.754957
vt 0.617223 0.339897
vt 0.610785 0.339897
vt 0.610785 0.307018
vt 0.617223 0.307018
vt 0.617223 0.343206
vt 0.610785 0.343206
vt 0.617223 0.276973
vt 0.610785 0.276973
vt 0.617223 0.345629
vt 0.610785 0.345629
vt 0.945863 0.248366
vt 0.946409 0.248544
vt 0.946409 0.248912
vt 0.981060 0.247247
vt 0.981605 0.247247
vt 0.981605 0.247792
vt 0.981605 0.244613
vt 0.981605 0.244588
vt 0.940883 0.248912
vt 0.940940 0.248556
vt 0.941428 0.248366
vt 0.122935 0.307370
vt 0.121557 0.308427
vt 0.121411 0.308281
vt 0.122832 0.307191
vt 0.120500 0.309805
vt 0.120321 0.309702
vt 0.124540 0.306706
vt 0.124486 0.306506
vt 0.119836 0.311409
vt 0.119636 0.311356
vt 0.126261 0.306479
vt 0.126261 0.306272
vt 0.119609 0.313131
vt 0.119403 0.313131
vt 0.127983 0.306706
vt 0.128036 0.306506
vt 0.119836 0.314853
vt 0.119636 0.314906
vt 0.129587 0.307370
vt 0.129691 0.307191
vt 0.120500 0.316457
vt 0.120321 0.316561
vt 0.130965 0.308427
vt 0.131111 0.308281
vt 0.121557 0.317835
vt 0.121411 0.317981
vt 0.132022 0.309805
vt 0.132201 0.309702
vt 0.122935 0.318892
vt 0.122832 0.319071
vt 0.132687 0.311409
vt 0.132886 0.311356
vt 0.124540 0.319557
vt 0.124486 0.319756
vt 0.132913 0.313131
vt 0.133120 0.313131
vt 0.126261 0.319783
vt 0.126261 0.319990
vt 0.132687 0.314853
vt 0.132886 0.314906
vt 0.127983 0.319557
vt 0.128036 0.319756
vt 0.132022 0.316457
vt 0.132201 0.316561
vt 0.129587 0.318892
vt 0.129691 0.319071
vt 0.130965 0.317835
vt 0.131111 0.317981
vt 0.949199 0.031797
vt 0.949199 0.025998
vt 0.952634 0.025998
vt 0.952634 0.031797
vt 0.949199 0.217281
vt 0.952634 0.217281
vt 0.326750 0.776790
vt 0.336977 0.776790
vt 0.336977 0.855950
vt 0.326750 0.855984
vt 0.326750 0.753994
vt 0.336977 0.754023
vt 0.336659 0.861420
vt 0.326750 0.861441
vt 0.326750 0.748579
vt 0.336661 0.748597
vt 0.335796 0.866057
vt 0.326750 0.866067
vt 0.326750 0.743990
vt 0.335805 0.743998
vt 0.334501 0.869156
vt 0.326750 0.869158
vt 0.326750 0.740923
vt 0.334522 0.740925
vt 0.444906 0.390353
vt 0.445951 0.390353
vt 0.446355 0.394602
vt 0.445288 0.394602
vt 0.444188 0.386104
vt 0.445174 0.386104
vt 0.446625 0.390353
vt 0.446943 0.394138
vt 0.445868 0.386569
vt 0.437144 0.390353
vt 0.438111 0.390353
vt 0.438111 0.394603
vt 0.437144 0.394603
vt 0.437144 0.386104
vt 0.438111 0.386104
vt 0.438722 0.390353
vt 0.438722 0.394138
vt 0.438722 0.386569
vt 0.941329 0.031797
vt 0.941329 0.025998
vt 0.944764 0.025998
vt 0.944764 0.031797
vt 0.941329 0.217282
vt 0.944764 0.217282
vt 0.556407 0.848142
vt 0.539123 0.864945
vt 0.484829 0.864945
vt 0.484829 0.848142
vt 0.556407 0.958478
vt 0.539123 0.958478
vt 0.936894 0.031797
vt 0.933459 0.031797
vt 0.933459 0.025998
vt 0.936894 0.025998
vt 0.936894 0.217281
vt 0.933459 0.217281
vt 0.310842 0.833291
vt 0.310842 0.754097
vt 0.321070 0.754131
vt 0.321070 0.833291
vt 0.310842 0.748640
vt 0.320752 0.748661
vt 0.310842 0.856088
vt 0.321070 0.856059
vt 0.310842 0.744014
vt 0.319889 0.744024
vt 0.320754 0.861484
vt 0.310842 0.861502
vt 0.310842 0.740923
vt 0.318594 0.740925
vt 0.319898 0.866083
vt 0.310842 0.866092
vt 0.318614 0.869156
vt 0.310842 0.869158
vt 0.571120 0.653836
vt 0.571120 0.560450
vt 0.589233 0.543500
vt 0.589233 0.653836
vt 0.517654 0.560450
vt 0.517654 0.543500
vt 0.326760 0.264995
vt 0.326760 0.024536
vt 0.352279 0.024536
vt 0.352279 0.264995
vt 0.326760 0.022705
vt 0.352279 0.022705
vt 0.377798 0.264995
vt 0.377798 0.024536
vt 0.326760 0.021364
vt 0.352279 0.021364
vt 0.377798 0.022705
vt 0.377798 0.021364
vt 0.434151 0.264995
vt 0.408632 0.264995
vt 0.408632 0.024536
vt 0.434151 0.024536
vt 0.383113 0.264995
vt 0.383113 0.024536
vt 0.408632 0.022705
vt 0.434151 0.022705
vt 0.383113 0.022705
vt 0.408632 0.021364
vt 0.434151 0.021364
vt 0.383113 0.021364
vt 0.337932 0.405133
vt 0.335378 0.399198
vt 0.336846 0.398567
vt 0.337446 0.398440
vt 0.337981 0.398571
vt 0.338308 0.398923
vt 0.340145 0.403195
vt 0.340176 0.403675
vt 0.339903 0.404153
vt 0.339399 0.404502
vt 0.689694 0.439019
vt 0.689122 0.438773
vt 0.704056 0.404055
vt 0.704628 0.404301
vt 0.499707 0.262901
vt 0.499707 0.022061
vt 0.529752 0.022061
vt 0.529752 0.262901
vt 0.469662 0.262901
vt 0.469662 0.022061
vt 0.499707 0.269339
vt 0.539205 0.269339
vt 0.469662 0.269339
vt 0.539205 0.262901
vt 0.185453 0.188302
vt 0.181352 0.190067
vt 0.179946 0.190424
vt 0.178525 0.190332
vt 0.177202 0.189805
vt 0.176106 0.188894
vt 0.175332 0.187668
vt 0.171578 0.178940
vt 0.171220 0.177535
vt 0.171313 0.176114
vt 0.171840 0.174791
vt 0.172751 0.173695
vt 0.173977 0.172921
vt 0.178078 0.171157
vt 0.179483 0.170799
vt 0.180905 0.170892
vt 0.182228 0.171419
vt 0.183323 0.172329
vt 0.184098 0.173555
vt 0.187852 0.182283
vt 0.188209 0.183688
vt 0.188117 0.185110
vt 0.187590 0.186433
vt 0.186679 0.187528
vt 0.646292 0.414879
vt 0.606405 0.414879
vt 0.606405 0.386705
vt 0.646292 0.386705
vt 0.646292 0.358531
vt 0.606405 0.358531
vt 0.442959 0.890022
vt 0.461072 0.890022
vt 0.461072 0.894483
vt 0.442959 0.894483
vt 0.442959 0.807833
vt 0.461072 0.790883
vt 0.461072 0.897992
vt 0.442959 0.897992
vt 0.389494 0.807833
vt 0.389494 0.790883
vt 0.461072 0.900334
vt 0.442959 0.900334
vt 0.454640 0.353380
vt 0.454187 0.349131
vt 0.455162 0.349131
vt 0.455631 0.353380
vt 0.455811 0.349596
vt 0.456255 0.353380
vt 0.455044 0.357629
vt 0.456093 0.357629
vt 0.456799 0.357165
vt 0.452641 0.341997
vt 0.452641 0.337748
vt 0.453607 0.337748
vt 0.453607 0.341997
vt 0.454218 0.338212
vt 0.454218 0.341997
vt 0.452641 0.346246
vt 0.453607 0.346246
vt 0.454218 0.345782
vt 0.738478 0.393928
vt 0.739023 0.393928
vt 0.739023 0.394473
vt 0.703773 0.391288
vt 0.688840 0.426006
vt 0.688268 0.425760
vt 0.703202 0.391042
vt 0.641676 0.332140
vt 0.641676 0.306621
vt 0.688001 0.306621
vt 0.688001 0.332140
vt 0.641676 0.281102
vt 0.688001 0.281102
vt 0.371427 0.402284
vt 0.371729 0.398140
vt 0.372787 0.398139
vt 0.372420 0.402279
vt 0.373498 0.398595
vt 0.373038 0.402278
vt 0.371039 0.406441
vt 0.372010 0.406410
vt 0.372654 0.405900
vt 0.448175 0.401737
vt 0.448175 0.397488
vt 0.449141 0.397488
vt 0.449141 0.401737
vt 0.449752 0.397952
vt 0.449752 0.401737
vt 0.448175 0.405986
vt 0.449141 0.405986
vt 0.449752 0.405522
vt 0.435567 0.401737
vt 0.436558 0.401737
vt 0.436089 0.405986
vt 0.435115 0.405986
vt 0.435971 0.397488
vt 0.437021 0.397488
vt 0.437183 0.401737
vt 0.436738 0.405522
vt 0.437727 0.397952
vt 0.442162 0.401737
vt 0.443129 0.401737
vt 0.443129 0.405986
vt 0.442162 0.405986
vt 0.442162 0.397488
vt 0.443129 0.397488
vt 0.443740 0.401737
vt 0.443740 0.405522
vt 0.443740 0.397952
vt 0.931468 0.247058
vt 0.930922 0.247604
vt 0.930922 0.247236
vt 0.976625 0.247247
vt 0.976079 0.247792
vt 0.976079 0.247247
vt 0.976079 0.244613
vt 0.976079 0.244588
vt 0.926487 0.247604
vt 0.925942 0.247058
vt 0.926431 0.247247
vt 0.598130 0.358355
vt 0.598130 0.386529
vt 0.558243 0.386529
vt 0.558243 0.358355
vt 0.598130 0.414703
vt 0.558243 0.414703
vt 0.804429 0.794588
vt 0.747714 0.794608
vt 0.747714 0.768397
vt 0.804429 0.768397
vt 0.747714 0.799933
vt 0.804429 0.799921
vt 0.852292 0.768397
vt 0.852292 0.794527
vt 0.852292 0.799883
vt 0.747714 0.804448
vt 0.804429 0.804442
vt 0.804429 0.685890
vt 0.852293 0.685918
vt 0.863385 0.768397
vt 0.863385 0.794420
vt 0.863080 0.799817
vt 0.852292 0.804424
vt 0.747714 0.807464
vt 0.804429 0.807463
vt 0.804429 0.680483
vt 0.852293 0.680501
vt 0.863385 0.686005
vt 0.862213 0.804393
vt 0.852292 0.807458
vt 0.804429 0.675900
vt 0.852293 0.675908
vt 0.863078 0.680555
vt 0.860914 0.807450
vt 0.804429 0.672838
vt 0.852293 0.672840
vt 0.862202 0.675934
vt 0.860892 0.672846
vt 0.384106 0.402358
vt 0.385066 0.402358
vt 0.385274 0.406607
vt 0.384336 0.406607
vt 0.384081 0.398139
vt 0.385044 0.398142
vt 0.385675 0.402358
vt 0.385794 0.406143
vt 0.385650 0.398601
vt 0.429102 0.401737
vt 0.430069 0.401737
vt 0.430069 0.405986
vt 0.429102 0.405986
vt 0.429102 0.397488
vt 0.430069 0.397488
vt 0.430680 0.401737
vt 0.430680 0.405522
vt 0.430680 0.397952
vt 0.715180 0.824757
vt 0.725655 0.824757
vt 0.725655 0.918876
vt 0.715180 0.918876
vt 0.601797 0.699383
vt 0.601797 0.602748
vt 0.649661 0.602748
vt 0.649661 0.699383
vt 0.601797 0.739509
vt 0.649661 0.739509
vt 0.545083 0.739509
vt 0.545083 0.699383
vt 0.668899 0.391042
vt 0.683833 0.425760
vt 0.683261 0.426006
vt 0.668327 0.391288
vt 0.765333 0.639070
vt 0.765333 0.749406
vt 0.748049 0.749406
vt 0.748049 0.655874
vt 0.693755 0.639070
vt 0.693755 0.655874
vt 0.724082 0.394680
vt 0.723537 0.394135
vt 0.724082 0.394135
vt 0.929024 0.031797
vt 0.925590 0.031797
vt 0.925590 0.025998
vt 0.929024 0.025998
vt 0.929024 0.217281
vt 0.925590 0.217281
vt 0.054829 0.113547
vt 0.056378 0.109946
vt 0.057243 0.110304
vt 0.055683 0.113928
vt 0.056808 0.108946
vt 0.057670 0.109310
vt 0.057884 0.110760
vt 0.056456 0.114081
vt 0.055256 0.114923
vt 0.054399 0.114547
vt 0.057123 0.108214
vt 0.057983 0.108582
vt 0.058314 0.109761
vt 0.056026 0.115080
vt 0.054943 0.115651
vt 0.054084 0.115280
vt 0.055712 0.115811
vt 0.364534 0.402296
vt 0.365526 0.402301
vt 0.365894 0.406441
vt 0.364835 0.406440
vt 0.364146 0.398139
vt 0.365117 0.398171
vt 0.366145 0.402303
vt 0.366604 0.405985
vt 0.365761 0.398680
vt 0.423089 0.401725
vt 0.424056 0.401725
vt 0.424056 0.405974
vt 0.423089 0.405974
vt 0.423089 0.397476
vt 0.424056 0.397476
vt 0.424667 0.401725
vt 0.424667 0.405509
vt 0.424667 0.397940
vt 0.410142 0.401837
vt 0.411125 0.401837
vt 0.410346 0.406086
vt 0.409444 0.406086
vt 0.410811 0.397588
vt 0.411890 0.397588
vt 0.411749 0.401837
vt 0.410919 0.405622
vt 0.412642 0.398053
vt 0.417077 0.401838
vt 0.418043 0.401838
vt 0.418043 0.406087
vt 0.417077 0.406087
vt 0.417077 0.397588
vt 0.418043 0.397588
vt 0.418655 0.401838
vt 0.418655 0.405622
vt 0.418655 0.398053
vt 0.396960 0.401890
vt 0.397341 0.397641
vt 0.398408 0.397641
vt 0.398004 0.401890
vt 0.398996 0.398105
vt 0.398678 0.401890
vt 0.396241 0.406139
vt 0.397227 0.406139
vt 0.397921 0.405675
vt 0.403431 0.401890
vt 0.403431 0.397641
vt 0.404398 0.397641
vt 0.404398 0.401890
vt 0.405009 0.398105
vt 0.405009 0.401890
vt 0.403431 0.406139
vt 0.404398 0.406139
vt 0.405009 0.405675
vt 0.178254 0.312698
vt 0.178192 0.312225
vt 0.180022 0.312225
vt 0.178254 0.311751
vt 0.178437 0.313140
vt 0.178437 0.311309
vt 0.178728 0.313519
vt 0.178728 0.310930
vt 0.177530 0.314717
vt 0.176970 0.313987
vt 0.179107 0.313810
vt 0.176970 0.310462
vt 0.177530 0.309733
vt 0.179107 0.310639
vt 0.178260 0.315277
vt 0.179548 0.313993
vt 0.178260 0.309172
vt 0.179548 0.310456
vt 0.179110 0.315629
vt 0.177608 0.316407
vt 0.176608 0.315639
vt 0.180022 0.314055
vt 0.176608 0.308810
vt 0.177608 0.308043
vt 0.179110 0.308820
vt 0.180022 0.310394
vt 0.180022 0.315749
vt 0.178773 0.316889
vt 0.180496 0.313993
vt 0.178773 0.307560
vt 0.180022 0.308700
vt 0.180496 0.310456
vt 0.180934 0.315629
vt 0.180022 0.317053
vt 0.180938 0.313810
vt 0.180022 0.307396
vt 0.180934 0.308820
vt 0.180938 0.310639
vt 0.181784 0.315277
vt 0.181272 0.316889
vt 0.181317 0.313519
vt 0.181272 0.307560
vt 0.181784 0.309172
vt 0.181317 0.310930
vt 0.182514 0.314717
vt 0.182437 0.316407
vt 0.181608 0.313140
vt 0.182437 0.308043
vt 0.182514 0.309733
vt 0.181608 0.311309
vt 0.183074 0.313987
vt 0.183437 0.315639
vt 0.181790 0.312698
vt 0.183437 0.308810
vt 0.183074 0.310462
vt 0.181790 0.311751
vt 0.181853 0.312225
vt 0.377958 0.402388
vt 0.378188 0.398139
vt 0.379126 0.398139
vt 0.378918 0.402388
vt 0.379646 0.398603
vt 0.379527 0.402388
vt 0.377933 0.406607
vt 0.378896 0.406604
vt 0.379503 0.406146
vt 0.390228 0.402388
vt 0.390228 0.398139
vt 0.391195 0.398139
vt 0.391195 0.402388
vt 0.391806 0.398603
vt 0.391806 0.402388
vt 0.390228 0.406637
vt 0.391195 0.406637
vt 0.391806 0.406173
vt 0.573261 0.877576
vt 0.591374 0.877576
vt 0.591374 0.987912
vt 0.573261 0.970962
vt 0.519796 0.987912
vt 0.519796 0.970962
vt 0.754073 0.395487
vt 0.754994 0.395443
vt 0.754663 0.396286
vt 0.753662 0.396543
vt 0.754461 0.396938
vt 0.753419 0.397341
vt 0.693802 0.281086
vt 0.740127 0.281086
vt 0.740127 0.306605
vt 0.693802 0.306605
vt 0.693802 0.332124
vt 0.740127 0.332124
vt 0.170909 0.325462
vt 0.172677 0.325936
vt 0.170847 0.325936
vt 0.171092 0.325020
vt 0.170909 0.326410
vt 0.171383 0.324641
vt 0.171092 0.326851
vt 0.171762 0.324350
vt 0.169625 0.324174
vt 0.170185 0.323444
vt 0.171383 0.327230
vt 0.172203 0.324168
vt 0.170915 0.322884
vt 0.171762 0.327521
vt 0.170185 0.328428
vt 0.169625 0.327698
vt 0.172677 0.324105
vt 0.171765 0.322532
vt 0.170263 0.321754
vt 0.169263 0.322521
vt 0.172203 0.327704
vt 0.170915 0.328988
vt 0.173151 0.324168
vt 0.172677 0.322411
vt 0.171427 0.321271
vt 0.172677 0.327766
vt 0.171765 0.329340
vt 0.169263 0.329350
vt 0.170263 0.330118
vt 0.173593 0.324350
vt 0.173589 0.322532
vt 0.172677 0.321107
vt 0.173151 0.327704
vt 0.172677 0.329460
vt 0.171427 0.330600
vt 0.173972 0.324641
vt 0.174439 0.322884
vt 0.173927 0.321271
vt 0.173593 0.327521
vt 0.173589 0.329340
vt 0.172677 0.330765
vt 0.174263 0.325020
vt 0.175169 0.323444
vt 0.175092 0.321754
vt 0.173972 0.327230
vt 0.174439 0.328988
vt 0.173927 0.330600
vt 0.174445 0.325462
vt 0.175729 0.324174
vt 0.176092 0.322521
vt 0.174263 0.326851
vt 0.175169 0.328428
vt 0.175092 0.330118
vt 0.174508 0.325936
vt 0.174445 0.326410
vt 0.175729 0.327698
vt 0.176092 0.329350
vt 0.328699 0.398440
vt 0.330166 0.399071
vt 0.330670 0.399421
vt 0.330943 0.399899
vt 0.330913 0.400379
vt 0.329075 0.404650
vt 0.328748 0.405003
vt 0.328213 0.405133
vt 0.327613 0.405007
vt 0.326146 0.404376
vt 0.583827 0.262901
vt 0.553783 0.262901
vt 0.553783 0.022061
vt 0.583827 0.022061
vt 0.583827 0.269339
vt 0.544330 0.269339
vt 0.613872 0.022061
vt 0.613872 0.262901
vt 0.544330 0.262901
vt 0.613872 0.269339
vt 0.422614 0.320077
vt 0.422614 0.334863
vt 0.421647 0.334863
vt 0.421647 0.320078
vt 0.423225 0.319898
vt 0.423225 0.334291
vt 0.422614 0.312693
vt 0.421647 0.312693
vt 0.423225 0.312693
vt 0.422727 0.304932
vt 0.421758 0.304932
vt 0.423330 0.305122
vt 0.423316 0.297166
vt 0.422355 0.297166
vt 0.423880 0.297550
vt 0.423770 0.293276
vt 0.422801 0.293276
vt 0.424299 0.293757
vt 0.424143 0.289392
vt 0.423065 0.289391
vt 0.424895 0.289968
vt 0.414038 0.352651
vt 0.414038 0.337866
vt 0.415005 0.337866
vt 0.415005 0.352652
vt 0.415616 0.338437
vt 0.415616 0.352831
vt 0.414039 0.360035
vt 0.415006 0.360035
vt 0.415617 0.360035
vt 0.414155 0.367797
vt 0.415124 0.367797
vt 0.415725 0.367606
vt 0.414359 0.375558
vt 0.415326 0.375558
vt 0.415950 0.375177
vt 0.414259 0.379439
vt 0.415216 0.379439
vt 0.415882 0.378963
vt 0.414089 0.383320
vt 0.414990 0.383320
vt 0.415564 0.382748
vt 0.108318 0.135552
vt 0.108318 0.137032
vt 0.107178 0.137032
vt 0.107178 0.135552
vt 0.107178 0.141180
vt 0.108318 0.141180
vt 0.108318 0.134029
vt 0.107178 0.134029
vt 0.108318 0.132611
vt 0.107178 0.132611
vt 0.100359 0.138238
vt 0.100359 0.136759
vt 0.101498 0.136759
vt 0.101498 0.138238
vt 0.101498 0.132611
vt 0.100359 0.132611
vt 0.100359 0.139762
vt 0.101498 0.139762
vt 0.100359 0.141180
vt 0.101498 0.141180
vt 0.408992 0.368534
vt 0.408992 0.383320
vt 0.408025 0.383320
vt 0.408025 0.368535
vt 0.409603 0.368355
vt 0.409603 0.382748
vt 0.408991 0.361151
vt 0.408025 0.361151
vt 0.409603 0.361151
vt 0.408929 0.353389
vt 0.407961 0.353389
vt 0.409544 0.353579
vt 0.408866 0.345627
vt 0.407890 0.345627
vt 0.409479 0.346008
vt 0.408669 0.341746
vt 0.407693 0.341746
vt 0.409297 0.342223
vt 0.408240 0.337866
vt 0.407354 0.337866
vt 0.408940 0.338437
vt 0.401237 0.352703
vt 0.401237 0.337918
vt 0.402204 0.337918
vt 0.402204 0.352704
vt 0.402815 0.338490
vt 0.402815 0.352883
vt 0.401250 0.360087
vt 0.402218 0.360087
vt 0.402828 0.360087
vt 0.401321 0.367849
vt 0.402286 0.367849
vt 0.402888 0.367658
vt 0.401274 0.375610
vt 0.402264 0.375610
vt 0.402919 0.375229
vt 0.400982 0.379491
vt 0.401953 0.379491
vt 0.402576 0.379015
vt 0.400775 0.383372
vt 0.401742 0.383372
vt 0.402358 0.382800
vt 0.766766 0.278495
vt 0.766766 0.355393
vt 0.760329 0.355393
vt 0.760329 0.278495
vt 0.760329 0.358755
vt 0.766766 0.358755
vt 0.158952 0.106706
vt 0.159218 0.106923
vt 0.155711 0.140450
vt 0.155404 0.140622
vt 0.678921 0.265637
vt 0.666047 0.219313
vt 0.666047 0.033178
vt 0.667404 0.027577
vt 0.671049 0.023549
vt 0.676073 0.022061
vt 0.678921 0.022061
vt 0.630816 0.265637
vt 0.630816 0.219313
vt 0.365036 0.945407
vt 0.365036 0.940974
vt 0.383149 0.940974
vt 0.383149 0.945407
vt 0.365036 0.916431
vt 0.383149 0.922129
vt 0.383149 0.919353
vt 0.365036 0.890598
vt 0.383149 0.890598
vt 0.036128 0.974485
vt 0.036128 0.666040
vt 0.063553 0.670082
vt 0.063970 0.670780
vt 0.063970 0.974485
vt 0.060169 0.666040
vt 0.061392 0.666709
vt 0.067618 0.670780
vt 0.074051 0.672686
vt 0.078719 0.677845
vt 0.080458 0.685018
vt 0.080458 0.923401
vt 0.063970 0.982729
vt 0.036128 0.982729
vt 0.061437 0.666678
vt 0.128394 0.923401
vt 0.128394 0.974485
vt 0.128394 0.982729
vt 0.143223 0.982729
vt 0.143223 0.974485
vt 0.765875 0.383416
vt 0.757696 0.391784
vt 0.757696 0.379138
vt 0.548693 0.832517
vt 0.548693 0.816321
vt 0.559169 0.827038
vt 0.686536 0.405804
vt 0.692399 0.411849
vt 0.692176 0.412134
vt 0.686314 0.406089
vt 0.695441 0.393401
vt 0.689579 0.399446
vt 0.689355 0.399160
vt 0.695218 0.393116
vt 0.156550 0.616421
vt 0.186535 0.616421
vt 0.186535 0.688000
vt 0.156550 0.688000
vt 0.395728 0.352704
vt 0.394762 0.352703
vt 0.394762 0.337918
vt 0.395728 0.337918
vt 0.395728 0.360087
vt 0.394761 0.360087
vt 0.396339 0.338490
vt 0.396339 0.352883
vt 0.395666 0.367849
vt 0.394697 0.367849
vt 0.396340 0.360087
vt 0.395602 0.375610
vt 0.394627 0.375610
vt 0.396281 0.367658
vt 0.395406 0.379491
vt 0.394429 0.379491
vt 0.396216 0.375229
vt 0.394977 0.383372
vt 0.394091 0.383372
vt 0.396033 0.379015
vt 0.395677 0.382800
vt 0.387973 0.368587
vt 0.388940 0.368586
vt 0.388940 0.383372
vt 0.387973 0.383372
vt 0.387987 0.361203
vt 0.388954 0.361203
vt 0.389551 0.368407
vt 0.389551 0.382800
vt 0.388058 0.353441
vt 0.389022 0.353441
vt 0.389565 0.361203
vt 0.388011 0.345679
vt 0.389000 0.345679
vt 0.389624 0.353632
vt 0.387718 0.341799
vt 0.388689 0.341799
vt 0.389656 0.346061
vt 0.387511 0.337918
vt 0.388479 0.337918
vt 0.389313 0.342275
vt 0.389095 0.338490
vt 0.184383 0.141180
vt 0.185243 0.141180
vt 0.185374 0.146363
vt 0.184515 0.146367
vt 0.183857 0.126534
vt 0.185736 0.126534
vt 0.186143 0.146131
vt 0.186011 0.141180
vt 0.184630 0.147747
vt 0.185489 0.147746
vt 0.186505 0.126534
vt 0.186258 0.147527
vt 0.186828 0.145526
vt 0.186697 0.141180
vt 0.187190 0.126534
vt 0.186945 0.146942
vt 0.188670 0.127914
vt 0.189529 0.127918
vt 0.189398 0.133101
vt 0.188538 0.133101
vt 0.188555 0.126534
vt 0.189415 0.126536
vt 0.189891 0.147747
vt 0.188012 0.147747
vt 0.866696 0.262901
vt 0.866696 0.025762
vt 0.869544 0.025762
vt 0.874568 0.027250
vt 0.878212 0.031278
vt 0.879570 0.036879
vt 0.879570 0.223014
vt 0.844956 0.262901
vt 0.844956 0.022061
vt 0.866696 0.025216
vt 0.916999 0.223014
vt 0.916999 0.262901
vt 0.863728 0.022061
vt 0.864718 0.022558
vt 0.283040 0.480597
vt 0.284546 0.466203
vt 0.286367 0.467654
vt 0.285132 0.479460
vt 0.287583 0.468525
vt 0.286463 0.479275
vt 0.285147 0.480788
vt 0.286481 0.480364
vt 0.287880 0.467148
vt 0.286666 0.466281
vt 0.191858 0.611644
vt 0.220613 0.611644
vt 0.220613 0.683223
vt 0.191858 0.683223
vt 0.158907 0.703685
vt 0.187989 0.703685
vt 0.187989 0.751549
vt 0.158907 0.751549
vt 0.212972 0.703685
vt 0.213028 0.751549
vt 0.187989 0.808263
vt 0.158907 0.808263
vt 0.212873 0.696595
vt 0.218310 0.703685
vt 0.218345 0.751549
vt 0.213046 0.808263
vt 0.218249 0.695064
vt 0.218356 0.808263
vt 0.817091 0.657819
vt 0.817091 0.628737
vt 0.864955 0.628737
vt 0.864955 0.657819
vt 0.817091 0.603873
vt 0.864955 0.603899
vt 0.817091 0.598490
vt 0.864955 0.598505
vt 0.872009 0.603979
vt 0.873554 0.598555
vt 0.332787 0.890618
vt 0.335563 0.890618
vt 0.335563 0.944912
vt 0.332787 0.944912
vt 0.755894 0.358755
vt 0.749456 0.358755
vt 0.749456 0.281857
vt 0.755894 0.281857
vt 0.749456 0.278495
vt 0.755894 0.278495
vt 0.949943 0.506626
vt 0.937069 0.466739
vt 0.937069 0.280605
vt 0.938426 0.275004
vt 0.942071 0.270975
vt 0.947095 0.269487
vt 0.949943 0.269487
vt 0.899639 0.506626
vt 0.899639 0.466739
vt 0.971682 0.506626
vt 0.949943 0.268942
vt 0.971682 0.265786
vt 0.951920 0.266284
vt 0.952910 0.265786
vt 0.682620 0.390060
vt 0.685538 0.417953
vt 0.684966 0.418024
vt 0.682048 0.390131
vt 0.111149 0.600720
vt 0.111022 0.600264
vt 0.112633 0.600650
vt 0.113707 0.602368
vt 0.114100 0.604713
vt 0.114100 0.912669
vt 0.111149 0.912669
vt 0.337321 0.586384
vt 0.343497 0.586408
vt 0.337321 0.608114
vt 0.345072 0.581033
vt 0.337321 0.581018
vt 0.308452 0.570048
vt 0.314662 0.591859
vt 0.308452 0.591879
vt 0.308452 0.597206
vt 0.316224 0.597193
vt 0.037618 0.464382
vt 0.036380 0.464381
vt 0.036380 0.445446
vt 0.037618 0.445446
vt 0.037618 0.473838
vt 0.036380 0.473838
vt 0.038401 0.446178
vt 0.038401 0.464611
vt 0.037652 0.483780
vt 0.036413 0.483780
vt 0.038401 0.473838
vt 0.038181 0.493842
vt 0.036915 0.493841
vt 0.038437 0.483535
vt 0.038560 0.498916
vt 0.037269 0.498914
vt 0.038977 0.493337
vt 0.038722 0.503928
vt 0.037459 0.503927
vt 0.039391 0.498277
vt 0.039611 0.503174
vt 0.444188 0.320078
vt 0.445155 0.320077
vt 0.445155 0.334863
vt 0.444188 0.334863
vt 0.444188 0.312693
vt 0.445155 0.312693
vt 0.445766 0.319898
vt 0.445766 0.334291
vt 0.444299 0.304932
vt 0.445268 0.304932
vt 0.445766 0.312693
vt 0.445035 0.297166
vt 0.446030 0.297166
vt 0.445869 0.305122
vt 0.445662 0.293275
vt 0.446690 0.293276
vt 0.446591 0.297546
vt 0.446131 0.289391
vt 0.447197 0.289392
vt 0.447225 0.293749
vt 0.447785 0.289959
vt 0.125062 0.154544
vt 0.126501 0.155296
vt 0.129928 0.188051
vt 0.128668 0.189021
vt 0.732456 0.265637
vt 0.719582 0.219313
vt 0.719582 0.033178
vt 0.720939 0.027577
vt 0.724584 0.023549
vt 0.729608 0.022061
vt 0.732456 0.022061
vt 0.684351 0.265637
vt 0.684351 0.219313
vt 0.351755 0.602748
vt 0.351755 0.581018
vt 0.357931 0.602724
vt 0.359506 0.608099
vt 0.351755 0.608114
vt 0.322886 0.597206
vt 0.322886 0.575374
vt 0.329096 0.575394
vt 0.322886 0.570048
vt 0.330658 0.570060
vt 0.499100 0.729844
vt 0.499100 0.801423
vt 0.470345 0.801423
vt 0.470345 0.729844
vt 0.341243 0.890598
vt 0.359356 0.890598
vt 0.359356 0.895031
vt 0.341243 0.895031
vt 0.359356 0.913876
vt 0.341243 0.919574
vt 0.359356 0.916652
vt 0.359356 0.945407
vt 0.341243 0.945407
vt 0.355219 0.368587
vt 0.355219 0.383373
vt 0.354252 0.383373
vt 0.354252 0.368588
vt 0.355830 0.368408
vt 0.355830 0.382801
vt 0.355233 0.361204
vt 0.354266 0.361204
vt 0.355844 0.361204
vt 0.355517 0.353442
vt 0.354546 0.353442
vt 0.356112 0.353633
vt 0.356216 0.345681
vt 0.355228 0.345681
vt 0.356757 0.346062
vt 0.356374 0.341800
vt 0.355381 0.341800
vt 0.356938 0.342276
vt 0.356504 0.337919
vt 0.355455 0.337919
vt 0.357210 0.338491
vt 0.347848 0.352704
vt 0.347848 0.337919
vt 0.348815 0.337919
vt 0.348815 0.352705
vt 0.349426 0.338491
vt 0.349426 0.352884
vt 0.347848 0.360088
vt 0.348815 0.360088
vt 0.349427 0.360088
vt 0.347921 0.367850
vt 0.348899 0.367850
vt 0.349521 0.367659
vt 0.348056 0.375611
vt 0.349058 0.375611
vt 0.349710 0.375230
vt 0.348049 0.379492
vt 0.349037 0.379492
vt 0.349728 0.379016
vt 0.348194 0.383373
vt 0.349168 0.383373
vt 0.349817 0.382802
vt 0.532994 0.729328
vt 0.532994 0.800906
vt 0.503008 0.800906
vt 0.503008 0.729328
vt 0.129069 0.316096
vt 0.127103 0.316096
vt 0.127103 0.314442
vt 0.129069 0.314442
vt 0.127103 0.312667
vt 0.129069 0.312667
vt 0.127103 0.310892
vt 0.129069 0.310892
vt 0.127103 0.309238
vt 0.129069 0.309238
vt 0.123196 0.309594
vt 0.125162 0.309594
vt 0.125162 0.311248
vt 0.123196 0.311248
vt 0.125162 0.313023
vt 0.123196 0.313023
vt 0.125162 0.314798
vt 0.123196 0.314798
vt 0.125162 0.316453
vt 0.123196 0.316453
vt 0.327107 0.890618
vt 0.327107 0.944912
vt 0.324332 0.944912
vt 0.324332 0.890618
vt 0.124260 0.189862
vt 0.123528 0.189953
vt 0.119791 0.154231
vt 0.120523 0.154141
vt 0.246003 0.486627
vt 0.246003 0.505563
vt 0.244765 0.505563
vt 0.244765 0.486628
vt 0.246786 0.486398
vt 0.246786 0.504831
vt 0.246003 0.477171
vt 0.244765 0.477171
vt 0.246786 0.477171
vt 0.246155 0.467231
vt 0.244898 0.467231
vt 0.246946 0.467475
vt 0.246532 0.457330
vt 0.245239 0.457328
vt 0.247339 0.457812
vt 0.246688 0.452443
vt 0.245376 0.452434
vt 0.247520 0.453037
vt 0.246747 0.447557
vt 0.245503 0.447530
vt 0.247571 0.448322
vt 0.362476 0.304176
vt 0.362476 0.289391
vt 0.363443 0.289391
vt 0.363443 0.304177
vt 0.364054 0.289963
vt 0.364054 0.304356
vt 0.362480 0.311561
vt 0.363447 0.311561
vt 0.364058 0.311561
vt 0.362680 0.319323
vt 0.363650 0.319324
vt 0.364253 0.319132
vt 0.363177 0.327177
vt 0.364155 0.327177
vt 0.364735 0.326782
vt 0.363530 0.331125
vt 0.364526 0.331123
vt 0.365087 0.330622
vt 0.363742 0.335033
vt 0.364801 0.335029
vt 0.365511 0.334433
vt 0.146989 0.155365
vt 0.143252 0.191087
vt 0.142519 0.190996
vt 0.146256 0.155274
vt 0.737886 0.265637
vt 0.737886 0.022061
vt 0.740735 0.022061
vt 0.745758 0.023549
vt 0.749403 0.027577
vt 0.750761 0.033178
vt 0.750761 0.219313
vt 0.785991 0.219313
vt 0.785991 0.265637
vt 0.096086 0.600264
vt 0.095930 0.600735
vt 0.095930 0.912684
vt 0.092979 0.912684
vt 0.092979 0.604728
vt 0.093372 0.602382
vt 0.094446 0.600665
vt 0.093540 0.135552
vt 0.094679 0.135552
vt 0.094679 0.137032
vt 0.093540 0.137032
vt 0.093540 0.134029
vt 0.094679 0.134029
vt 0.094679 0.141180
vt 0.093540 0.141180
vt 0.093540 0.132611
vt 0.094679 0.132611
vt 0.087860 0.140076
vt 0.086721 0.140076
vt 0.086721 0.138597
vt 0.087860 0.138597
vt 0.087860 0.141599
vt 0.086721 0.141599
vt 0.086721 0.134448
vt 0.087860 0.134448
vt 0.087860 0.143018
vt 0.086721 0.143018
vt 0.341422 0.352705
vt 0.340456 0.352704
vt 0.340456 0.337919
vt 0.341422 0.337919
vt 0.341436 0.360088
vt 0.340469 0.360088
vt 0.342033 0.338491
vt 0.342033 0.352884
vt 0.341720 0.367850
vt 0.340749 0.367850
vt 0.342047 0.360088
vt 0.342419 0.375611
vt 0.341432 0.375611
vt 0.342315 0.367659
vt 0.342577 0.379492
vt 0.341584 0.379492
vt 0.342961 0.375230
vt 0.342707 0.383373
vt 0.341658 0.383373
vt 0.343141 0.379016
vt 0.343413 0.382802
vt 0.334051 0.368588
vt 0.335018 0.368587
vt 0.335018 0.383373
vt 0.334051 0.383373
vt 0.334052 0.361204
vt 0.335018 0.361204
vt 0.335629 0.368408
vt 0.335629 0.382801
vt 0.334124 0.353442
vt 0.335102 0.353442
vt 0.335630 0.361204
vt 0.334259 0.345681
vt 0.335261 0.345681
vt 0.335725 0.353633
vt 0.334252 0.341800
vt 0.335241 0.341800
vt 0.335914 0.346062
vt 0.334397 0.337919
vt 0.335371 0.337919
vt 0.335931 0.342276
vt 0.336021 0.338491
vt 0.475498 0.873289
vt 0.472249 0.876538
vt 0.472249 0.837606
vt 0.475498 0.837606
vt 0.528963 0.873289
vt 0.528963 0.876538
vt 0.472249 0.808524
vt 0.475498 0.811773
vt 0.528963 0.808524
vt 0.528963 0.811773
vt 0.369671 0.622431
vt 0.369671 0.670294
vt 0.340589 0.670294
vt 0.340589 0.622431
vt 0.369671 0.727009
vt 0.340589 0.727009
vt 0.315551 0.670294
vt 0.315607 0.622431
vt 0.315532 0.727009
vt 0.310268 0.622431
vt 0.310233 0.670294
vt 0.315705 0.615341
vt 0.310222 0.727009
vt 0.310329 0.613809
vt 0.880241 0.598490
vt 0.928104 0.598490
vt 0.928104 0.627572
vt 0.880241 0.627572
vt 0.928104 0.652410
vt 0.880241 0.652436
vt 0.935158 0.652330
vt 0.880241 0.657819
vt 0.928104 0.657803
vt 0.936704 0.657754
vt 0.474384 0.659204
vt 0.474384 0.694887
vt 0.471135 0.694887
vt 0.471135 0.655955
vt 0.474384 0.720720
vt 0.471135 0.723969
vt 0.527849 0.659204
vt 0.527849 0.655955
vt 0.527849 0.720720
vt 0.527849 0.723969
vt 0.408689 0.304177
vt 0.407722 0.304176
vt 0.407722 0.289391
vt 0.408689 0.289391
vt 0.408689 0.311561
vt 0.407722 0.311561
vt 0.409300 0.289963
vt 0.409300 0.304356
vt 0.408679 0.319324
vt 0.407715 0.319323
vt 0.409300 0.311561
vt 0.408587 0.327160
vt 0.407635 0.327163
vt 0.409288 0.319133
vt 0.408543 0.331084
vt 0.407598 0.331091
vt 0.409194 0.326776
vt 0.408522 0.334980
vt 0.407559 0.334977
vt 0.409148 0.330609
vt 0.409128 0.334425
vt 0.426491 0.368422
vt 0.427458 0.368421
vt 0.427458 0.383207
vt 0.426491 0.383207
vt 0.426491 0.361038
vt 0.427458 0.361038
vt 0.428069 0.368242
vt 0.428069 0.382635
vt 0.426485 0.353275
vt 0.427452 0.353275
vt 0.428069 0.361038
vt 0.426595 0.345488
vt 0.427563 0.345488
vt 0.428057 0.353465
vt 0.426613 0.341609
vt 0.427577 0.341612
vt 0.428141 0.345864
vt 0.426583 0.337748
vt 0.427521 0.337767
vt 0.428151 0.342076
vt 0.428041 0.338350
vt 0.575408 0.827038
vt 0.564932 0.832517
vt 0.564932 0.816321
vt 0.581170 0.824539
vt 0.591646 0.830019
vt 0.581170 0.840736
vt 0.692621 0.402644
vt 0.692397 0.402359
vt 0.698261 0.396314
vt 0.698483 0.396599
vt 0.692680 0.406782
vt 0.692457 0.407067
vt 0.686595 0.401022
vt 0.686818 0.400737
vt 0.122995 0.600720
vt 0.122995 0.912669
vt 0.120043 0.912669
vt 0.120043 0.604713
vt 0.120436 0.602368
vt 0.121510 0.600650
vt 0.123122 0.600264
vt 0.191964 0.132388
vt 0.192095 0.127201
vt 0.192955 0.127205
vt 0.192823 0.132388
vt 0.192211 0.125821
vt 0.193069 0.125823
vt 0.193723 0.127437
vt 0.193592 0.132388
vt 0.193316 0.147034
vt 0.191437 0.147034
vt 0.193838 0.126042
vt 0.194409 0.128042
vt 0.194277 0.132388
vt 0.194085 0.147034
vt 0.194525 0.126626
vt 0.194771 0.147034
vt 0.713665 0.401556
vt 0.713563 0.397506
vt 0.714234 0.397506
vt 0.714337 0.401553
vt 0.713152 0.386070
vt 0.714619 0.386070
vt 0.714247 0.402632
vt 0.713575 0.402634
vt 0.237518 0.467314
vt 0.236279 0.467313
vt 0.236279 0.448378
vt 0.237518 0.448378
vt 0.237518 0.476770
vt 0.236279 0.476770
vt 0.238300 0.449110
vt 0.238300 0.467543
vt 0.237670 0.486710
vt 0.236412 0.486710
vt 0.238300 0.476770
vt 0.238046 0.496610
vt 0.236754 0.496613
vt 0.238460 0.486466
vt 0.238202 0.501498
vt 0.236891 0.501507
vt 0.238853 0.496129
vt 0.238261 0.506384
vt 0.237017 0.506411
vt 0.239034 0.500904
vt 0.239085 0.505619
vt 0.399106 0.320248
vt 0.400072 0.320247
vt 0.400072 0.335033
vt 0.399106 0.335033
vt 0.399110 0.312863
vt 0.400077 0.312863
vt 0.400683 0.320068
vt 0.400683 0.334461
vt 0.399309 0.305100
vt 0.400279 0.305100
vt 0.400688 0.312863
vt 0.399806 0.297247
vt 0.400784 0.297247
vt 0.400882 0.305292
vt 0.400159 0.293299
vt 0.401155 0.293300
vt 0.401364 0.297642
vt 0.400371 0.289391
vt 0.401430 0.289394
vt 0.401716 0.293802
vt 0.402140 0.289990
vt 0.102000 0.600264
vt 0.103641 0.600665
vt 0.104715 0.602382
vt 0.105108 0.604728
vt 0.105108 0.912684
vt 0.102156 0.912684
vt 0.102156 0.600735
vt 0.454518 0.304177
vt 0.453551 0.304176
vt 0.453551 0.289391
vt 0.454518 0.289391
vt 0.454518 0.311561
vt 0.453551 0.311561
vt 0.455129 0.289963
vt 0.455129 0.304356
vt 0.454631 0.319322
vt 0.453662 0.319322
vt 0.455129 0.311561
vt 0.455221 0.327088
vt 0.454260 0.327088
vt 0.455234 0.319132
vt 0.455675 0.330978
vt 0.454706 0.330978
vt 0.455784 0.326704
vt 0.456048 0.334862
vt 0.454969 0.334863
vt 0.456204 0.330497
vt 0.456800 0.334286
vt 0.327705 0.368609
vt 0.328672 0.368608
vt 0.328672 0.383394
vt 0.327705 0.383394
vt 0.327706 0.361225
vt 0.328673 0.361225
vt 0.329283 0.368429
vt 0.329283 0.382822
vt 0.327821 0.353463
vt 0.328790 0.353463
vt 0.329283 0.361225
vt 0.328026 0.345702
vt 0.328993 0.345702
vt 0.329392 0.353654
vt 0.327926 0.341821
vt 0.328882 0.341821
vt 0.329616 0.346083
vt 0.327755 0.337940
vt 0.328657 0.337940
vt 0.329549 0.342297
vt 0.329231 0.338511
vt 0.046640 0.484991
vt 0.046640 0.503928
vt 0.045402 0.503928
vt 0.045402 0.484993
vt 0.047422 0.484762
vt 0.047422 0.503196
vt 0.046640 0.475535
vt 0.045402 0.475535
vt 0.047422 0.475535
vt 0.046673 0.465593
vt 0.045434 0.465593
vt 0.047458 0.465838
vt 0.047202 0.455531
vt 0.045936 0.455533
vt 0.047998 0.456037
vt 0.047581 0.450458
vt 0.046290 0.450459
vt 0.048412 0.451096
vt 0.047744 0.445446
vt 0.046480 0.445447
vt 0.048632 0.446200
vt 0.445519 0.352533
vt 0.445519 0.337748
vt 0.446486 0.337748
vt 0.446486 0.352534
vt 0.447097 0.338319
vt 0.447097 0.352713
vt 0.445519 0.359917
vt 0.446486 0.359917
vt 0.447097 0.359917
vt 0.445630 0.367679
vt 0.446599 0.367679
vt 0.447201 0.367488
vt 0.446367 0.375444
vt 0.447361 0.375444
vt 0.447922 0.375064
vt 0.446993 0.379335
vt 0.448021 0.379335
vt 0.448556 0.378861
vt 0.447462 0.383219
vt 0.448529 0.383218
vt 0.449116 0.382651
vt 0.138474 0.328531
vt 0.136752 0.328531
vt 0.136752 0.326013
vt 0.138474 0.326013
vt 0.135031 0.328531
vt 0.135031 0.326013
vt 0.136752 0.323108
vt 0.138352 0.323108
vt 0.140079 0.328531
vt 0.140079 0.326013
vt 0.133426 0.328531
vt 0.133426 0.326013
vt 0.135153 0.323108
vt 0.136752 0.320302
vt 0.138002 0.320302
vt 0.139842 0.323108
vt 0.133663 0.323108
vt 0.135503 0.320302
vt 0.139167 0.320302
vt 0.134338 0.320302
vt 0.130060 0.321548
vt 0.131664 0.321548
vt 0.131664 0.324066
vt 0.130060 0.324066
vt 0.131427 0.326972
vt 0.129937 0.326972
vt 0.128338 0.321548
vt 0.128338 0.324066
vt 0.130752 0.329778
vt 0.129588 0.329778
vt 0.128338 0.326972
vt 0.126616 0.321548
vt 0.126616 0.324066
vt 0.128338 0.329778
vt 0.126739 0.326972
vt 0.125012 0.321548
vt 0.125012 0.324066
vt 0.127088 0.329778
vt 0.125249 0.326972
vt 0.125923 0.329778
vt 0.154011 0.314850
vt 0.154011 0.313196
vt 0.155978 0.313196
vt 0.155978 0.314850
vt 0.154011 0.311421
vt 0.155978 0.311421
vt 0.154011 0.309646
vt 0.155978 0.309646
vt 0.154011 0.307991
vt 0.155978 0.307991
vt 0.159906 0.307964
vt 0.159906 0.309618
vt 0.157940 0.309618
vt 0.157940 0.307964
vt 0.159906 0.311393
vt 0.157940 0.311393
vt 0.159906 0.313169
vt 0.157940 0.313169
vt 0.159906 0.314823
vt 0.157940 0.314823
vt 0.791421 0.265637
vt 0.791421 0.022061
vt 0.794270 0.022061
vt 0.799293 0.023549
vt 0.802938 0.027577
vt 0.804296 0.033178
vt 0.804296 0.219313
vt 0.839526 0.219313
vt 0.839526 0.265637
vt 0.415733 0.320194
vt 0.415733 0.334980
vt 0.414766 0.334980
vt 0.414766 0.320195
vt 0.416344 0.320015
vt 0.416344 0.334409
vt 0.415733 0.312811
vt 0.414766 0.312811
vt 0.416344 0.312811
vt 0.415723 0.305048
vt 0.414759 0.305048
vt 0.416333 0.305239
vt 0.415631 0.297212
vt 0.414679 0.297208
vt 0.416238 0.297596
vt 0.415587 0.293287
vt 0.414642 0.293281
vt 0.416193 0.293763
vt 0.415566 0.289391
vt 0.414603 0.289394
vt 0.416173 0.289947
vt 0.420391 0.352533
vt 0.420391 0.337748
vt 0.421357 0.337748
vt 0.421357 0.352534
vt 0.421968 0.338320
vt 0.421968 0.352713
vt 0.420391 0.359917
vt 0.421357 0.359917
vt 0.421968 0.359917
vt 0.420385 0.367680
vt 0.421352 0.367680
vt 0.421956 0.367490
vt 0.420494 0.375467
vt 0.421462 0.375467
vt 0.422040 0.375090
vt 0.420513 0.379346
vt 0.421476 0.379343
vt 0.422050 0.378879
vt 0.420482 0.383207
vt 0.421421 0.383188
vt 0.421940 0.382605
vt 0.139057 0.190237
vt 0.138325 0.190146
vt 0.142062 0.154424
vt 0.142794 0.154515
vt 0.293866 0.466394
vt 0.295958 0.467531
vt 0.297193 0.479337
vt 0.295371 0.480788
vt 0.298409 0.478466
vt 0.297289 0.467716
vt 0.298705 0.479843
vt 0.297491 0.480710
vt 0.295973 0.466203
vt 0.297307 0.466627
vt 0.158181 0.139993
vt 0.161788 0.105516
vt 0.163047 0.106486
vt 0.159621 0.139241
vt 0.147010 0.140705
vt 0.143462 0.106789
vt 0.143769 0.106961
vt 0.147277 0.140488
vt 0.154918 0.319930
vt 0.154918 0.322449
vt 0.153196 0.322449
vt 0.153196 0.319930
vt 0.156522 0.319930
vt 0.156522 0.322449
vt 0.154795 0.325354
vt 0.153196 0.325354
vt 0.151474 0.322449
vt 0.151474 0.319930
vt 0.156285 0.325354
vt 0.154446 0.328160
vt 0.153196 0.328160
vt 0.151597 0.325354
vt 0.149870 0.322449
vt 0.149870 0.319930
vt 0.155611 0.328160
vt 0.151946 0.328160
vt 0.150107 0.325354
vt 0.150782 0.328160
vt 0.146859 0.328064
vt 0.146859 0.325546
vt 0.148464 0.325546
vt 0.148464 0.328064
vt 0.145138 0.328064
vt 0.145138 0.325546
vt 0.146737 0.322640
vt 0.148227 0.322640
vt 0.143416 0.328064
vt 0.143416 0.325546
vt 0.145138 0.322640
vt 0.146387 0.319834
vt 0.147552 0.319834
vt 0.141811 0.328064
vt 0.141811 0.325546
vt 0.143538 0.322640
vt 0.145138 0.319834
vt 0.142048 0.322640
vt 0.143888 0.319834
vt 0.142723 0.319834
vt 0.880690 0.378798
vt 0.881352 0.378252
vt 0.881352 0.404317
vt 0.880690 0.404317
vt 0.880690 0.429836
vt 0.881352 0.430381
vt 0.762419 0.826876
vt 0.762419 0.916757
vt 0.762054 0.916757
vt 0.762054 0.826876
vt 0.763928 0.824757
vt 0.763928 0.918876
vt 0.754313 0.916757
vt 0.754313 0.826876
vt 0.754678 0.826876
vt 0.753211 0.824757
vt 0.754678 0.916757
vt 0.753211 0.918876
vt 0.676192 0.824757
vt 0.676192 0.914638
vt 0.675826 0.914638
vt 0.675826 0.824757
vt 0.661481 0.391892
vt 0.661616 0.392016
vt 0.661616 0.425019
vt 0.661481 0.425278
vt 0.109017 0.150772
vt 0.109017 0.193530
vt 0.108800 0.193354
vt 0.108800 0.151086
vt 0.657292 0.425085
vt 0.656706 0.425605
vt 0.656706 0.391667
vt 0.657292 0.392841
vt 0.886325 0.429836
vt 0.886325 0.404317
vt 0.886988 0.404317
vt 0.886988 0.430381
vt 0.886325 0.378797
vt 0.886988 0.378252
vt 0.111021 0.194002
vt 0.111021 0.151244
vt 0.111193 0.151576
vt 0.111193 0.193843
vt 0.126261 0.103634
vt 0.127232 0.102208
vt 0.127232 0.145673
vt 0.126261 0.144929
vt 0.119611 0.144247
vt 0.119611 0.102952
vt 0.120582 0.102208
vt 0.120582 0.145673
vt 0.602565 0.414401
vt 0.602565 0.386529
vt 0.603030 0.386529
vt 0.603030 0.414703
vt 0.602565 0.358656
vt 0.603030 0.358355
vt 0.116191 0.102824
vt 0.116191 0.144118
vt 0.115440 0.145622
vt 0.115440 0.102157
vt 0.173323 0.113714
vt 0.173323 0.115120
vt 0.173000 0.115089
vt 0.173000 0.113610
vt 0.173323 0.116541
vt 0.173000 0.116613
vt 0.173323 0.104986
vt 0.173000 0.104835
vt 0.173323 0.117864
vt 0.173000 0.118031
vt 0.173323 0.103760
vt 0.173000 0.103545
vt 0.173323 0.118959
vt 0.173000 0.119205
vt 0.173323 0.102850
vt 0.173000 0.102569
vt 0.173323 0.119734
vt 0.173000 0.120021
vt 0.173323 0.102323
vt 0.173000 0.102004
vt 0.173323 0.121498
vt 0.173000 0.121805
vt 0.173323 0.102230
vt 0.173000 0.101905
vt 0.173323 0.121855
vt 0.173000 0.122181
vt 0.173323 0.102588
vt 0.173000 0.102281
vt 0.173323 0.121763
vt 0.173000 0.122082
vt 0.173000 0.104065
vt 0.173323 0.104352
vt 0.173323 0.121236
vt 0.173000 0.121517
vt 0.173323 0.105127
vt 0.173000 0.104881
vt 0.173323 0.120325
vt 0.173000 0.120541
vt 0.173323 0.106222
vt 0.173000 0.106055
vt 0.173323 0.119099
vt 0.173000 0.119250
vt 0.173323 0.107545
vt 0.173000 0.107473
vt 0.173000 0.110476
vt 0.173323 0.110372
vt 0.173323 0.108966
vt 0.173000 0.108997
vt 0.707990 0.916757
vt 0.707625 0.916757
vt 0.707625 0.826876
vt 0.707990 0.826876
vt 0.699884 0.916757
vt 0.699884 0.826876
vt 0.709500 0.824757
vt 0.709500 0.918876
vt 0.700249 0.826876
vt 0.698783 0.824757
vt 0.698783 0.918876
vt 0.700249 0.916757
vt 0.670147 0.914638
vt 0.669781 0.914638
vt 0.669781 0.824757
vt 0.670147 0.824757
vt 0.112924 0.194002
vt 0.112707 0.193687
vt 0.112707 0.151420
vt 0.112924 0.151244
vt 0.553379 0.358656
vt 0.553845 0.358355
vt 0.553845 0.386529
vt 0.553379 0.386529
vt 0.553379 0.414401
vt 0.553845 0.414703
vt 0.174944 0.111086
vt 0.174621 0.111190
vt 0.174621 0.109711
vt 0.174944 0.109681
vt 0.174944 0.119814
vt 0.174621 0.119965
vt 0.174621 0.108187
vt 0.174944 0.108259
vt 0.174944 0.121040
vt 0.174621 0.121255
vt 0.174621 0.106769
vt 0.174944 0.106936
vt 0.174944 0.121950
vt 0.174621 0.122231
vt 0.174621 0.105595
vt 0.174944 0.105841
vt 0.174944 0.122477
vt 0.174621 0.122796
vt 0.174621 0.104780
vt 0.174944 0.105066
vt 0.174944 0.122570
vt 0.174621 0.122895
vt 0.174621 0.102995
vt 0.174944 0.103302
vt 0.174944 0.122212
vt 0.174621 0.122519
vt 0.174621 0.102619
vt 0.174944 0.102945
vt 0.174944 0.120448
vt 0.174621 0.120735
vt 0.174621 0.102718
vt 0.174944 0.103037
vt 0.174944 0.119674
vt 0.174621 0.119920
vt 0.174621 0.103283
vt 0.174944 0.103564
vt 0.174944 0.118578
vt 0.174621 0.118745
vt 0.174621 0.104259
vt 0.174944 0.104475
vt 0.174944 0.117255
vt 0.174621 0.117327
vt 0.174621 0.105550
vt 0.174944 0.105701
vt 0.174944 0.115834
vt 0.174621 0.115804
vt 0.174621 0.114324
vt 0.174944 0.114428
vt 0.699511 0.381278
vt 0.697640 0.381278
vt 0.697640 0.341391
vt 0.699511 0.341391
vt 0.660528 0.341993
vt 0.661074 0.341447
vt 0.661074 0.378876
vt 0.660528 0.378537
vt 0.656093 0.341993
vt 0.656093 0.378537
vt 0.655548 0.378876
vt 0.655548 0.341447
vt 0.271515 0.453050
vt 0.271515 0.498170
vt 0.270817 0.499019
vt 0.270817 0.453749
vt 0.972556 0.031797
vt 0.972556 0.037595
vt 0.972010 0.037661
vt 0.972010 0.032060
vt 0.972010 0.223795
vt 0.972556 0.223080
vt 0.972556 0.027552
vt 0.972010 0.028031
vt 0.972556 0.025998
vt 0.972010 0.026543
vt 0.972010 0.026543
vt 0.972556 0.025998
vt 0.933125 0.238418
vt 0.932580 0.238720
vt 0.932580 0.233474
vt 0.933125 0.233395
vt 0.933125 0.242063
vt 0.932580 0.242561
vt 0.932580 0.230546
vt 0.933125 0.230546
vt 0.933125 0.243421
vt 0.932580 0.243966
vt 0.933125 0.243421
vt 0.932580 0.243966
vt 0.967575 0.037595
vt 0.967030 0.037661
vt 0.967030 0.032060
vt 0.967575 0.031797
vt 0.967575 0.223080
vt 0.967030 0.223795
vt 0.967030 0.028031
vt 0.967575 0.027552
vt 0.967030 0.026543
vt 0.967575 0.025998
vt 0.967030 0.026543
vt 0.967575 0.025998
vt 0.673743 0.378322
vt 0.673743 0.341936
vt 0.674288 0.341391
vt 0.674288 0.378820
vt 0.672417 0.380720
vt 0.672116 0.380255
vt 0.962049 0.037661
vt 0.962049 0.032060
vt 0.962595 0.031797
vt 0.962595 0.037595
vt 0.962049 0.028031
vt 0.962595 0.027552
vt 0.962049 0.223795
vt 0.962595 0.223080
vt 0.962049 0.026543
vt 0.962595 0.025998
vt 0.962049 0.026543
vt 0.962595 0.025998
vt 0.264438 0.453050
vt 0.265137 0.453749
vt 0.265137 0.499019
vt 0.264439 0.498170
vt 0.957069 0.032060
vt 0.957614 0.031797
vt 0.957614 0.037595
vt 0.957069 0.037661
vt 0.957069 0.028031
vt 0.957614 0.027552
vt 0.957614 0.223080
vt 0.957069 0.223795
vt 0.957069 0.026543
vt 0.957614 0.025998
vt 0.957069 0.026543
vt 0.957614 0.025998
vt 0.666054 0.378322
vt 0.665509 0.378820
vt 0.665509 0.341391
vt 0.666054 0.341936
vt 0.667681 0.380255
vt 0.667380 0.380720
vt 0.938760 0.233395
vt 0.938760 0.238418
vt 0.938215 0.238720
vt 0.938215 0.233474
vt 0.938760 0.242063
vt 0.938215 0.242561
vt 0.938215 0.230546
vt 0.938760 0.230546
vt 0.938760 0.243421
vt 0.938215 0.243966
vt 0.938215 0.243966
vt 0.938760 0.243421
vt 0.943850 0.240235
vt 0.943850 0.234989
vt 0.944395 0.234910
vt 0.944395 0.239933
vt 0.943850 0.232061
vt 0.944395 0.232061
vt 0.943850 0.244076
vt 0.944395 0.243578
vt 0.943850 0.245481
vt 0.944395 0.244936
vt 0.943850 0.245481
vt 0.944395 0.244936
vt 0.949485 0.234989
vt 0.950031 0.234910
vt 0.950031 0.239933
vt 0.949485 0.240235
vt 0.949485 0.232061
vt 0.950031 0.232061
vt 0.950031 0.243578
vt 0.949485 0.244075
vt 0.950031 0.244936
vt 0.949485 0.245481
vt 0.950031 0.244936
vt 0.949485 0.245481
vt 0.258759 0.453050
vt 0.258759 0.498170
vt 0.258060 0.499019
vt 0.258060 0.453749
vt 0.680594 0.381278
vt 0.678723 0.381278
vt 0.678723 0.341391
vt 0.680594 0.341391
vt 0.651341 0.390892
vt 0.651887 0.391437
vt 0.651887 0.426785
vt 0.651341 0.426122
vt 0.691334 0.381278
vt 0.691334 0.341391
vt 0.693206 0.341391
vt 0.693206 0.381278
vt 0.685029 0.381278
vt 0.685029 0.341391
vt 0.686899 0.341391
vt 0.686899 0.381278
vt 0.971644 0.244928
vt 0.969773 0.246828
vt 0.969472 0.246363
vt 0.971098 0.244588
vt 0.962864 0.247932
vt 0.963410 0.247593
vt 0.965037 0.249367
vt 0.964735 0.249833
vn 0.000003 1.000000 -0.000000
vn 0.000003 1.000000 -0.000000
vn -0.000011 1.000000 -0.000000
vn -0.000011 1.000000 -0.000000
vn 0.000003 1.000000 -0.000000
vn 0.000003 1.000000 -0.000000
vn -0.000002 1.000000 -0.000000
vn -0.000002 1.000000 -0.000000
vn -0.000003 1.000000 -0.000000
vn -0.000003 1.000000 -0.000000
vn -0.000005 1.000000 -0.000000
vn -0.000005 1.000000 -0.000000
vn 0.000003 1.000000 -0.000000
vn 0.000003 1.000000 -0.000000
vn -0.000002 1.000000 -0.000000
vn -0.000002 1.000000 -0.000000
vn -0.000000 1.000000 -0.000000
vn -0.000000 1.000000 -0.000000
vn 0.000009 1.000000 -0.000000
vn 0.000009 1.000000 -0.000000
vn 0.000002 1.000000 -0.000000
vn 0.000002 1.000000 -0.000000
vn 0.000003 1.000000 -0.000000
vn 0.000003 1.000000 -0.000000
vn 0.000017 1.000000 -0.000000
vn 0.000017 1.000000 -0.000000
vn 0.000003 1.000000 -0.000000
vn 0.000003 1.000000 -0.000000
vn 0.000005 1.000000 -0.000000
vn 0.000005 1.000000 -0.000000
vn -0.000003 1.000000 -0.000000
vn -0.000003 1.000000 -0.000000
vn -0.000002 1.000000 -0.000000
vn -0.000002 1.000000 -0.000000
vn 0.000003 1.000000 -0.000000
vn 0.000003 1.000000 -0.000000
vn 0.000002 1.000000 -0.000000
vn 0.000002 1.000000 -0.000000
vn 0.000003 1.000000 -0.000000
vn 0.000003 1.000000 -0.000000
vn -0.000003 1.000000 -0.000000
vn -0.000003 1.000000 -0.000000
vn -0.000000 1.000000 -0.000000
vn -0.000000 1.000000 -0.000000
vn 0.000003 1.000000 -0.000000
vn 0.000003 1.000000 -0.000000
vn 0.000002 1.000000 -0.000000
vn 0.000002 1.000000 -0.000000
vn 0.000009 1.000000 -0.000000
vn 0.000009 1.000000 -0.000000
vn 0.000017 1.000000 -0.000000
vn 0.000017 1.000000 -0.000000
vn 0.000009 1.000000 -0.000000
vn 0.000009 1.000000 -0.000000
vn 0.000002 1.000000 -0.000000
vn 0.000002 1.000000 -0.000000
vn -0.000002 1.000000 -0.000000
vn -0.000002 1.000000 -0.000000
vn 0.000000 1.000000 -0.000000
vn 0.000000 1.000000 -0.000000
vn -0.000005 1.000000 -0.000000
vn -0.000005 1.000000 -0.000000
vn 0.000000 1.000000 -0.000000
vn 0.000000 1.000000 -0.000000
vn -0.000002 1.000000 -0.000000
vn -0.000002 1.000000 -0.000000
vn -0.000005 1.000000 -0.000000
vn -0.000005 1.000000 -0.000000
vn -0.000011 1.000000 -0.000000
vn -0.000011 1.000000 -0.000000
vn -0.000017 1.000000 -0.000000
vn -0.000017 1.000000 -0.000000
vn 0.000002 1.000000 -0.000000
vn 0.000002 1.000000 -0.000000
vn 0.000009 1.000000 -0.000000
vn 0.000009 1.000000 -0.000000
vn 0.000000 1.000000 -0.000000
vn 0.000000 1.000000 -0.000000
vn 0.000003 1.000000 -0.000000
vn 0.000003 1.000000 -0.000000
vn 0.000000 1.000000 -0.000000
vn 0.000000 1.000000 -0.000000
vn -0.000003 1.000000 -0.000000
vn -0.000003 1.000000 -0.000000
vn -0.000005 1.000000 -0.000000
vn -0.000005 1.000000 -0.000000
vn 0.000002 1.000000 -0.000000
vn 0.000002 1.000000 -0.000000
vn -0.000017 1.000000 -0.000000
vn -0.000017 1.000000 -0.000000
vn -0.000002 1.000000 -0.000000
vn -0.000002 1.000000 -0.000000
vn 0.000003 1.000000 -0.000000
vn 0.000003 1.000000 -0.000000
vn 0.000005 1.000000 -0.000000
vn 0.000005 1.000000 -0.000000
vn -0.000001 1.000000 -0.000000
vn -0.000001 1.000000 -0.000000
vn -0.000001 1.000000 -0.000000
vn -0.000001 1.000000 -0.000000
vn -0.000001 1.000000 -0.000000
vn -0.000001 1.000000 -0.000000
vn -0.000001 1.000000 -0.000000
vn -0.000001 1.000000 -0.000000
vn -0.000001 1.000000 -0.000000
vn -0.000001 1.000000 -0.000000
vn -0.000001 1.000000 -0.000000
vn -0.000001 1.000000 -0.000000
vn -0.000001 1.000000 -0.000000
vn -0.000001 1.000000 -0.000000
vn -0.000001 1.000000 -0.000000
vn -0.000001 1.000000 -0.000000
vn -0.000001 1.000000 -0.000000
vn -0.000001 1.000000 -0.000000
vn -0.000001 1.000000 -0.000000
vn -0.000001 1.000000 -0.000000
vn -0.000001 1.000000 -0.000000
vn -0.000001 1.000000 -0.000000
vn -0.000001 1.000000 -0.000000
vn -0.000001 1.000000 -0.000000
vn -0.912725 0.113151 0.392595
vn -0.912721 0.113152 0.392603
vn -0.912721 0.113152 0.392603
vn -0.912725 0.113151 0.392594
vn -0.912721 0.113152 0.392603
vn -0.912722 0.113143 0.392603
vn -0.912722 0.113143 0.392603
vn -0.912721 0.113152 0.392603
vn -0.912726 0.113141 0.392594
vn -0.912725 0.113151 0.392595
vn -0.912725 0.113151 0.392594
vn -0.912726 0.113142 0.392594
vn -0.912722 0.113143 0.392603
vn -0.912726 0.113141 0.392594
vn -0.912726 0.113142 0.392594
vn -0.912722 0.113143 0.392603
vn 0.319227 0.000000 0.947678
vn 0.364585 0.663531 0.653303
vn 0.000000 0.000000 1.000000
vn 0.000000 0.000000 1.000000
vn 0.000000 -0.000000 -1.000000
vn 0.000000 -0.000000 -1.000000
vn 0.364584 0.663531 -0.653303
vn 0.319259 0.000017 -0.947667
vn 0.367263 0.930117 -0.000000
vn 0.364585 0.663531 0.653303
vn 0.764623 0.420713 0.488214
vn 0.683196 0.730235 -0.000000
vn 0.000077 -0.999998 -0.001815
vn 0.000000 -1.000000 0.000000
vn 0.329165 -0.666267 -0.669133
vn 0.357994 -0.930747 -0.074507
vn 0.000000 1.000000 -0.000000
vn 0.000000 1.000000 -0.000000
vn 0.364585 0.663531 0.653303
vn 0.367263 0.930117 -0.000000
vn 0.319259 0.000017 -0.947667
vn 0.364584 0.663531 -0.653303
vn 0.764622 0.420715 -0.488214
vn 0.605156 0.000043 -0.796107
vn 0.300572 0.036587 0.953057
vn 0.240776 0.030410 0.970104
vn 0.547590 0.069161 0.833884
vn 0.591338 0.069584 0.803416
vn 0.357994 -0.930747 -0.074507
vn 0.329165 -0.666267 -0.669133
vn 0.748703 -0.406581 -0.523579
vn 0.656812 -0.741844 -0.135152
vn 0.319227 0.000000 0.947678
vn 0.318399 0.002262 0.947954
vn 0.605904 0.004335 0.795526
vn 0.605050 0.000000 0.796187
vn 0.316733 0.007034 -0.948489
vn 0.318571 0.002363 -0.947896
vn 0.606253 0.004531 -0.795259
vn 0.603720 0.012257 -0.797103
vn 0.000000 -0.000000 -1.000000
vn 0.000000 -0.000000 -1.000000
vn 0.318571 0.002363 -0.947896
vn 0.316733 0.007034 -0.948489
vn 0.315329 0.015255 0.948860
vn 0.318399 0.002262 0.947954
vn 0.000000 0.000000 1.000000
vn 0.000000 0.000000 1.000000
vn 0.300572 0.036587 0.953057
vn 0.319719 0.031721 0.946981
vn 0.000000 0.000000 1.000000
vn 0.000000 0.000000 1.000000
vn 0.319719 0.031721 0.946981
vn 0.315329 0.015255 0.948860
vn 0.000000 0.000000 1.000000
vn 0.000000 0.000000 1.000000
vn 0.000000 -0.000000 -1.000000
vn 0.000000 -0.000000 -1.000000
vn 0.317161 -0.001540 -0.948371
vn 0.326255 -0.018305 -0.945105
vn 0.000000 -0.000000 -1.000000
vn 0.000000 -0.000000 -1.000000
vn 0.316733 0.007034 -0.948489
vn 0.317161 -0.001540 -0.948371
vn 0.326255 -0.018305 -0.945105
vn 0.317161 -0.001540 -0.948371
vn 0.595895 0.005895 -0.803041
vn 0.600438 -0.023293 -0.799332
vn 0.317161 -0.001540 -0.948371
vn 0.316733 0.007034 -0.948489
vn 0.603720 0.012257 -0.797103
vn 0.595895 0.005895 -0.803041
vn 0.318399 0.002262 0.947954
vn 0.315329 0.015255 0.948860
vn 0.607635 0.024510 0.793838
vn 0.605904 0.004335 0.795526
vn 0.315329 0.015255 0.948860
vn 0.319719 0.031721 0.946981
vn 0.610464 0.054287 0.790181
vn 0.607635 0.024510 0.793838
vn 0.364585 0.663531 0.653303
vn 0.319227 0.000000 0.947678
vn 0.605050 0.000000 0.796187
vn 0.764623 0.420713 0.488214
vn 0.318571 0.002363 -0.947896
vn 0.319259 0.000017 -0.947667
vn 0.605156 0.000043 -0.796107
vn 0.606253 0.004531 -0.795259
vn 0.000000 -0.000000 -1.000000
vn 0.000000 -0.000000 -1.000000
vn 0.319259 0.000017 -0.947667
vn 0.318571 0.002363 -0.947896
vn 0.318399 0.002262 0.947954
vn 0.319227 0.000000 0.947678
vn 0.000000 0.000000 1.000000
vn 0.000000 0.000000 1.000000
vn 0.329165 -0.666267 -0.669133
vn 0.326255 -0.018305 -0.945105
vn 0.600438 -0.023293 -0.799332
vn 0.748703 -0.406581 -0.523579
vn 0.000000 -0.000000 -1.000000
vn 0.000000 -0.000000 -1.000000
vn 0.326255 -0.018305 -0.945105
vn 0.329165 -0.666267 -0.669133
vn 0.240776 0.030410 0.970104
vn 0.300572 0.036587 0.953057
vn 0.000000 0.000000 1.000000
vn 0.000000 -0.000000 1.000000
vn 0.319719 0.031721 0.946981
vn 0.300572 0.036587 0.953057
vn 0.591338 0.069584 0.803416
vn 0.610464 0.054287 0.790181
vn 0.306173 -0.949628 -0.066824
vn 0.357994 -0.930747 -0.074507
vn 0.656812 -0.741844 -0.135152
vn 0.609371 -0.782393 -0.128563
vn 0.000000 1.000000 -0.000000
vn 0.000000 1.000000 -0.000000
vn 0.367263 0.930117 -0.000000
vn 0.364584 0.663531 -0.653303
vn 0.000171 -0.999992 -0.004040
vn 0.000077 -0.999998 -0.001815
vn 0.357994 -0.930747 -0.074507
vn 0.306173 -0.949628 -0.066824
vn 0.364584 0.663531 -0.653303
vn 0.367263 0.930117 -0.000000
vn 0.683196 0.730235 -0.000000
vn 0.764622 0.420715 -0.488214
vn -0.859628 0.000000 0.510920
vn -0.659676 0.000000 0.751550
vn -0.659676 0.000000 0.751550
vn -0.859628 0.000000 0.510920
vn -0.751552 -0.000000 -0.659674
vn -0.510919 -0.000000 -0.859629
vn -0.510919 -0.000000 -0.859629
vn -0.751552 -0.000000 -0.659674
vn -0.946794 0.000008 -0.321840
vn -0.995766 0.000005 -0.091929
vn -0.995766 0.000005 -0.091929
vn -0.946794 0.000008 -0.321839
vn -0.091925 0.000000 0.995766
vn -0.321842 0.000000 0.946793
vn -0.321842 0.000000 0.946793
vn -0.091925 0.000000 0.995766
vn -0.884786 0.000003 -0.465997
vn -0.946794 0.000008 -0.321840
vn -0.946794 0.000008 -0.321839
vn -0.884786 0.000003 -0.465997
vn 0.884789 0.000000 0.465992
vn 0.751553 0.000000 0.659673
vn 0.751553 0.000000 0.659673
vn 0.884789 0.000000 0.465992
vn -0.995766 0.000005 -0.091929
vn -0.975438 0.000000 0.220274
vn -0.975438 0.000000 0.220274
vn -0.995766 0.000005 -0.091929
vn -0.975438 0.000000 0.220274
vn -0.859628 0.000000 0.510920
vn -0.859628 0.000000 0.510920
vn -0.975438 0.000000 0.220274
vn -0.465993 0.000000 0.884788
vn -0.321842 0.000000 0.946793
vn -0.321842 0.000000 0.946793
vn -0.465993 0.000000 0.884788
vn 0.884789 0.000000 0.465992
vn 0.946794 0.000000 0.321842
vn 0.946794 0.000000 0.321842
vn 0.884789 0.000000 0.465992
vn 0.510914 0.000000 0.859632
vn 0.220277 0.000000 0.975438
vn 0.220277 0.000000 0.975438
vn 0.510914 0.000000 0.859632
vn 0.220277 0.000000 0.975438
vn -0.091925 0.000000 0.995766
vn -0.091925 0.000000 0.995766
vn 0.220277 0.000000 0.975438
vn -0.884786 0.000003 -0.465997
vn -0.751552 -0.000000 -0.659674
vn -0.751552 -0.000000 -0.659674
vn -0.884786 0.000003 -0.465997
vn 0.751553 0.000000 0.659673
vn 0.510914 0.000000 0.859632
vn 0.510914 0.000000 0.859632
vn 0.751553 0.000000 0.659673
vn 0.995766 0.000000 0.091927
vn 0.946794 0.000000 0.321842
vn 0.946794 0.000000 0.321842
vn 0.995766 0.000000 0.091927
vn 0.859628 -0.000000 -0.510921
vn 0.975439 -0.000000 -0.220270
vn 0.975439 -0.000000 -0.220270
vn 0.859628 -0.000000 -0.510921
vn 0.975439 -0.000000 -0.220270
vn 0.995766 0.000000 0.091927
vn 0.995766 0.000000 0.091927
vn 0.975439 -0.000000 -0.220270
vn 0.659672 -0.000000 -0.751554
vn 0.859628 -0.000000 -0.510921
vn 0.859628 -0.000000 -0.510921
vn 0.659672 -0.000000 -0.751554
vn 0.091922 -0.000000 -0.995766
vn 0.321837 -0.000000 -0.946795
vn 0.321837 -0.000000 -0.946795
vn 0.091922 -0.000000 -0.995766
vn -0.510919 -0.000000 -0.859629
vn -0.220274 -0.000000 -0.975438
vn -0.220274 -0.000000 -0.975438
vn -0.510919 -0.000000 -0.859629
vn -0.220274 -0.000000 -0.975438
vn 0.091922 -0.000000 -0.995766
vn 0.091922 -0.000000 -0.995766
vn -0.220274 -0.000000 -0.975438
vn 0.466001 -0.000000 -0.884784
vn 0.659672 -0.000000 -0.751554
vn 0.659672 -0.000000 -0.751554
vn 0.466001 -0.000000 -0.884784
vn 0.466001 -0.000000 -0.884784
vn 0.321837 -0.000000 -0.946795
vn 0.321837 -0.000000 -0.946795
vn 0.466001 -0.000000 -0.884784
vn -0.659676 0.000000 0.751550
vn -0.465993 0.000000 0.884788
vn -0.465993 0.000000 0.884788
vn -0.659676 0.000000 0.751550
vn -0.000000 0.701591 0.712580
vn -0.000000 0.701591 0.712580
vn -0.000000 0.701591 0.712580
vn -0.000000 0.701591 0.712580
vn 0.319176 0.000003 0.947696
vn 0.364585 0.663531 0.653303
vn 0.000000 0.000000 1.000000
vn 0.000000 0.000000 1.000000
vn 0.000000 -0.000000 -1.000000
vn 0.000000 -0.000000 -1.000000
vn 0.364585 0.663531 -0.653303
vn 0.319082 0.000257 -0.947727
vn 0.367264 0.930117 -0.000000
vn 0.364585 0.663531 0.653303
vn 0.764623 0.420713 0.488214
vn 0.683197 0.730234 -0.000000
vn 0.000000 -1.000000 0.000000
vn 0.000000 -1.000000 0.000000
vn 0.360947 -0.670353 -0.648340
vn 0.353390 -0.935413 0.010891
vn 0.000000 1.000000 -0.000000
vn 0.000000 1.000000 -0.000000
vn 0.364585 0.663531 0.653303
vn 0.367264 0.930117 -0.000000
vn 0.319082 0.000257 -0.947727
vn 0.364585 0.663531 -0.653303
vn 0.764623 0.420713 -0.488214
vn 0.605105 0.000654 -0.796146
vn 0.325902 -0.028004 0.944989
vn 0.337025 -0.674895 0.656454
vn 0.735595 -0.462177 0.495270
vn 0.609898 -0.039911 0.791474
vn 0.353390 -0.935413 0.010891
vn 0.360947 -0.670353 -0.648340
vn 0.761548 -0.441034 -0.474904
vn 0.661464 -0.749698 0.020441
vn 0.319176 0.000003 0.947696
vn 0.319588 -0.001266 0.947556
vn 0.604428 -0.002384 0.796656
vn 0.604928 0.000007 0.796280
vn 0.317040 0.001243 -0.948411
vn 0.319325 0.001624 -0.947644
vn 0.606282 0.003094 -0.795244
vn 0.601698 0.003068 -0.798717
vn 0.000000 -0.000000 -1.000000
vn 0.000000 -0.000000 -1.000000
vn 0.319325 0.001624 -0.947644
vn 0.317040 0.001243 -0.948411
vn 0.318784 -0.002612 0.947824
vn 0.319588 -0.001266 0.947556
vn 0.000000 0.000000 1.000000
vn 0.000000 0.000000 1.000000
vn 0.325902 -0.028004 0.944989
vn 0.325814 -0.011482 0.945364
vn 0.000000 0.000000 1.000000
vn 0.000000 0.000000 1.000000
vn 0.325814 -0.011482 0.945364
vn 0.318784 -0.002612 0.947824
vn 0.000000 0.000000 1.000000
vn 0.000000 0.000000 1.000000
vn 0.000000 0.000000 -1.000000
vn 0.000000 0.000000 -1.000000
vn 0.325726 -0.018110 -0.945291
vn 0.323009 -0.020954 -0.946164
vn 0.000000 0.000000 -1.000000
vn 0.000000 -0.000000 -1.000000
vn 0.317040 0.001243 -0.948411
vn 0.325726 -0.018110 -0.945291
vn 0.323009 -0.020954 -0.946164
vn 0.325726 -0.018110 -0.945291
vn 0.599376 -0.017639 -0.800273
vn 0.611910 -0.046612 -0.789553
vn 0.325726 -0.018110 -0.945291
vn 0.317040 0.001243 -0.948411
vn 0.601698 0.003068 -0.798717
vn 0.599376 -0.017639 -0.800273
vn 0.319588 -0.001266 0.947556
vn 0.318784 -0.002612 0.947824
vn 0.604208 -0.004908 0.796811
vn 0.604428 -0.002384 0.796656
vn 0.318784 -0.002612 0.947824
vn 0.325814 -0.011482 0.945364
vn 0.607184 -0.013749 0.794443
vn 0.604208 -0.004908 0.796811
vn 0.364585 0.663531 0.653303
vn 0.319176 0.000003 0.947696
vn 0.604928 0.000007 0.796280
vn 0.764623 0.420713 0.488214
vn 0.319325 0.001624 -0.947644
vn 0.319082 0.000257 -0.947727
vn 0.605105 0.000654 -0.796146
vn 0.606282 0.003094 -0.795244
vn 0.000000 -0.000000 -1.000000
vn 0.000000 -0.000000 -1.000000
vn 0.319082 0.000257 -0.947727
vn 0.319325 0.001624 -0.947644
vn 0.319588 -0.001266 0.947556
vn 0.319176 0.000003 0.947696
vn 0.000000 0.000000 1.000000
vn 0.000000 0.000000 1.000000
vn 0.360947 -0.670353 -0.648340
vn 0.323009 -0.020954 -0.946164
vn 0.611910 -0.046612 -0.789553
vn 0.761548 -0.441034 -0.474904
vn 0.000000 -0.000000 -1.000000
vn 0.000000 0.000000 -1.000000
vn 0.323009 -0.020954 -0.946164
vn 0.360947 -0.670353 -0.648340
vn 0.337025 -0.674895 0.656454
vn 0.325902 -0.028004 0.944989
vn 0.000000 0.000000 1.000000
vn 0.000000 0.000001 1.000000
vn 0.325814 -0.011482 0.945364
vn 0.325902 -0.028004 0.944989
vn 0.609898 -0.039911 0.791474
vn 0.607184 -0.013749 0.794443
vn 0.337025 -0.674895 0.656454
vn 0.353390 -0.935413 0.010891
vn 0.661464 -0.749698 0.020441
vn 0.735595 -0.462177 0.495270
vn 0.000000 1.000000 -0.000000
vn 0.000000 1.000000 -0.000000
vn 0.367264 0.930117 -0.000000
vn 0.364585 0.663531 -0.653303
vn 0.000000 -1.000000 0.000000
vn 0.000000 -1.000000 0.000000
vn 0.353390 -0.935413 0.010891
vn 0.337025 -0.674895 0.656454
vn 0.364585 0.663531 -0.653303
vn 0.367264 0.930117 -0.000000
vn 0.683197 0.730234 -0.000000
vn 0.764623 0.420713 -0.488214
vn 0.679834 -0.733366 0.000000
vn 0.679834 -0.733366 0.000000
vn 0.679832 -0.733368 0.000000
vn 0.679832 -0.733368 0.000000
vn 0.679830 -0.733370 0.000000
vn 0.679832 -0.733368 0.000000
vn 0.679832 -0.733368 0.000000
vn 0.679830 -0.733370 0.000000
vn 0.000000 0.000000 1.000000
vn 0.000000 0.128598 0.991697
vn 0.000000 0.128598 0.991697
vn 0.000000 0.000000 1.000000
vn 0.000000 0.991186 0.132481
vn 0.000000 1.000000 -0.000000
vn 0.000000 1.000000 -0.000000
vn 0.000000 0.991186 0.132481
vn 0.000000 0.991186 0.132481
vn 0.000000 0.863066 0.505091
vn 0.000000 0.863066 0.505091
vn 0.000000 0.991186 0.132481
vn 0.000000 0.863066 0.505091
vn 0.000000 0.494915 0.868941
vn 0.000000 0.494915 0.868941
vn 0.000000 0.863066 0.505091
vn 0.000000 0.494915 0.868941
vn 0.000000 0.128598 0.991697
vn 0.000000 0.128598 0.991697
vn 0.000000 0.494915 0.868941
vn 0.000000 1.000000 -0.000000
vn 0.000000 1.000000 -0.000000
vn 0.000000 1.000000 -0.000000
vn 0.000000 1.000000 -0.000000
vn -0.496796 0.090806 -0.863104
vn -0.496796 0.090806 -0.863104
vn -0.496796 0.090806 -0.863104
vn -0.496796 0.090806 -0.863104
vn -0.000000 -0.000000 -1.000000
vn -0.000000 -0.000000 -1.000000
vn -0.000000 -0.000000 -1.000000
vn -0.000000 -0.000000 -1.000000
vn -0.000000 -0.000000 -1.000000
vn -0.000000 -0.000000 -1.000000
vn -0.000000 -0.000000 -1.000000
vn -0.000000 -0.000000 -1.000000
vn -0.000000 -0.000000 -1.000000
vn -0.000000 -0.000000 -1.000000
vn -0.000000 -0.000000 -1.000000
vn 0.000000 -0.995224 0.097618
vn 0.000000 -0.924403 0.381419
vn 0.000000 -0.924403 0.381418
vn 0.000000 -0.995224 0.097618
vn 0.000000 -0.383954 0.923352
vn 0.000000 -0.098417 0.995145
vn 0.000000 -0.098417 0.995145
vn 0.000000 -0.383954 0.923352
vn 0.000000 0.000000 1.000000
vn 0.000000 0.000000 1.000000
vn 0.000000 0.000000 1.000000
vn 0.000000 0.000000 1.000000
vn 0.000000 -1.000000 0.000000
vn 0.000000 -0.995224 0.097618
vn 0.000000 -0.995224 0.097618
vn 0.000000 -1.000000 0.000000
vn 0.000000 -0.098417 0.995145
vn 0.000000 0.000000 1.000000
vn 0.000000 0.000000 1.000000
vn 0.000000 -0.098417 0.995145
vn 0.000000 -0.924403 0.381419
vn 0.000000 -0.708478 0.705733
vn 0.000000 -0.708478 0.705733
vn 0.000000 -0.924403 0.381418
vn 0.000000 -1.000000 0.000000
vn 0.000000 -1.000000 0.000000
vn 0.000000 -1.000000 0.000000
vn 0.000000 -1.000000 0.000000
vn 0.000000 -0.708478 0.705733
vn 0.000000 -0.383954 0.923352
vn 0.000000 -0.383954 0.923352
vn 0.000000 -0.708478 0.705733
vn 0.000000 0.000000 1.000000
vn 0.000000 0.000000 1.000000
vn 0.000000 0.000000 1.000000
vn 1.000000 0.000000 0.000000
vn 1.000000 0.000000 0.000000
vn 1.000000 0.000000 0.000000
vn 1.000000 0.000000 0.000000
vn 0.999978 -0.003174 -0.005812
vn 0.999982 -0.006078 0.000032
vn 0.999999 -0.001157 0.000853
vn 0.999999 -0.001171 0.000027
vn 0.999620 -0.009841 -0.025753
vn 0.999930 -0.008637 -0.008054
vn 0.999936 -0.010236 -0.004850
vn 0.999796 -0.005516 -0.019422
vn 0.999796 -0.005516 -0.019422
vn 0.999936 -0.010236 -0.004850
vn 0.999982 -0.006078 0.000032
vn 0.999978 -0.003174 -0.005812
vn 0.999999 -0.001171 0.000027
vn 0.999999 -0.001157 0.000853
vn 1.000000 0.000000 0.000000
vn 1.000000 0.000000 0.000000
vn 0.999629 -0.012462 -0.024205
vn 0.999946 -0.006631 -0.008048
vn 0.999930 -0.008637 -0.008054
vn 0.999620 -0.009841 -0.025753
vn 0.998994 -0.018470 -0.040857
vn 0.999629 -0.012462 -0.024205
vn 0.999620 -0.009841 -0.025753
vn 0.998994 -0.010807 -0.043529
vn 0.999999 -0.001185 -0.000800
vn 0.999999 -0.001171 0.000027
vn 1.000000 0.000000 0.000000
vn 1.000000 0.000000 0.000000
vn 0.999427 -0.000762 -0.033835
vn 0.999796 -0.005516 -0.019422
vn 0.999978 -0.003174 -0.005812
vn 0.999932 -0.000268 -0.011649
vn 0.998994 -0.010807 -0.043529
vn 0.999620 -0.009841 -0.025753
vn 0.999796 -0.005516 -0.019422
vn 0.999427 -0.000762 -0.033835
vn 0.999932 -0.000268 -0.011649
vn 0.999978 -0.003174 -0.005812
vn 0.999999 -0.001171 0.000027
vn 0.999999 -0.001185 -0.000800
vn 1.000000 0.000000 0.000000
vn 1.000000 0.000000 0.000000
vn 1.000000 0.000000 0.000000
vn 1.000000 0.000000 0.000000
vn 0.949757 0.312962 -0.004048
vn 0.949996 0.312264 0.000036
vn 0.949995 0.312264 0.000035
vn 0.949757 0.312962 -0.004048
vn 0.950218 0.311560 0.004121
vn 0.950217 0.311560 0.004121
vn 0.949995 0.312264 0.000035
vn 0.949996 0.312264 0.000036
vn 0.000000 0.000000 1.000000
vn 0.000000 0.000000 1.000000
vn 0.000000 0.000000 1.000000
vn 0.000000 0.000000 1.000000
vn 0.000000 0.000000 1.000000
vn 0.000000 0.000000 1.000000
vn 0.000000 0.000000 1.000000
vn 0.000000 0.000000 1.000000
vn 0.000000 0.000000 1.000000
vn 0.000000 0.000000 1.000000
vn 0.000000 0.000000 1.000000
vn 0.000000 0.000000 1.000000
vn 0.000000 0.000000 1.000000
vn 0.000000 0.000000 1.000000
vn 0.000000 0.000000 1.000000
vn 0.000000 0.000000 1.000000
vn 0.000000 0.000000 1.000000
vn 0.000000 0.000000 1.000000
vn 0.000000 0.000000 1.000000
vn 0.000000 0.000000 1.000000
vn 0.000000 0.000000 1.000000
vn 0.000000 0.000000 1.000000
vn 0.000000 0.000000 1.000000
vn 0.000000 0.000000 1.000000
vn 0.000000 0.000000 1.000000
vn 0.000000 0.000000 1.000000
vn 0.000000 0.000000 1.000000
vn 0.000000 0.000000 1.000000
vn 0.000000 0.000000 1.000000
vn 0.000000 0.000000 1.000000
vn 0.000000 0.000000 1.000000
vn 0.000000 0.000000 1.000000
vn 0.000000 0.000000 1.000000
vn 0.000000 0.000000 1.000000
vn 0.000000 0.000000 1.000000
vn -1.000000 0.000000 -0.000000
vn -1.000000 0.000000 -0.000000
vn -1.000000 0.000000 -0.000000
vn -1.000000 0.000000 -0.000000
vn -1.000000 0.000000 -0.000000
vn -1.000000 0.000000 -0.000000
vn -1.000000 0.000000 -0.000000
vn -1.000000 0.000000 -0.000000
vn 0.606675 -0.000000 -0.794950
vn 0.606675 -0.000000 -0.794950
vn 0.606675 -0.000000 -0.794950
vn 0.606675 -0.000000 -0.794950
vn 0.000000 0.000000 1.000000
vn 0.000000 0.000000 1.000000
vn 0.000000 0.000000 1.000000
vn -1.000000 0.000000 0.000000
vn -1.000000 0.000000 0.000000
vn -1.000000 0.000000 0.000000
vn -1.000000 0.000000 0.000000
vn 0.000000 -0.000000 -1.000000
vn 0.000000 -0.000000 -1.000000
vn 0.000000 -0.000000 -1.000000
vn 0.463469 -0.886113 0.000000
vn 0.463469 -0.886113 0.000000
vn 0.463469 -0.886113 0.000000
vn 0.463469 -0.886113 0.000000
vn 0.787715 -0.616040 -0.000000
vn 0.787715 -0.616040 -0.000000
vn 0.787715 -0.616040 -0.000000
vn 0.787715 -0.616040 -0.000000
vn 0.710235 0.703965 -0.000000
vn 0.710235 0.703965 -0.000000
vn 0.710235 0.703965 -0.000000
vn 0.710235 0.703965 -0.000000
vn 0.705896 0.708316 -0.000000
vn 0.705896 0.708316 -0.000000
vn 0.705896 0.708316 -0.000000
vn 0.705896 0.708316 -0.000000
vn 0.716237 0.697851 0.002916
vn 0.716237 0.697851 0.002916
vn 0.716237 0.697851 0.002916
vn 0.716237 0.697851 0.002916
vn 0.716237 0.697851 -0.002916
vn 0.716237 0.697851 -0.002916
vn 0.716237 0.697851 -0.002916
vn 0.716237 0.697851 -0.002916
vn 0.717818 0.696231 -0.000000
vn 0.717818 0.696231 -0.000000
vn 0.717818 0.696231 -0.000000
vn 0.717818 0.696231 -0.000000
vn 0.000000 -0.000000 -1.000000
vn 0.000000 -0.000000 -1.000000
vn 0.000000 -0.000000 -1.000000
vn 0.000000 -0.000000 -1.000000
vn -0.787718 0.616036 0.000000
vn -0.787718 0.616036 0.000000
vn -0.787718 0.616036 0.000000
vn -0.787718 0.616036 0.000000
vn 0.000000 0.000000 1.000000
vn 0.000000 0.000000 1.000000
vn 0.000000 0.000000 1.000000
vn 0.000000 0.000000 1.000000
vn -0.917920 0.039084 -0.394837
vn -0.917920 0.039084 -0.394837
vn -0.917920 0.039084 -0.394837
vn -0.917920 0.039084 -0.394837
vn 0.103933 0.993579 0.044708
vn 0.103933 0.993579 0.044708
vn 0.103933 0.993579 0.044708
vn 0.103933 0.993579 0.044708
vn 0.000000 0.701592 -0.712579
vn 0.000000 0.701592 -0.712579
vn 0.000000 0.701592 -0.712579
vn 0.000000 0.701592 -0.712579
vn -1.000000 0.000000 -0.000000
vn -1.000000 0.000000 0.000000
vn -1.000000 0.000000 0.000000
vn -1.000000 0.000000 -0.000000
vn -1.000000 0.000000 0.000000
vn -1.000000 0.000000 -0.000000
vn -1.000000 0.000000 -0.000000
vn -1.000000 0.000000 -0.000000
vn -1.000000 0.000000 0.000000
vn -1.000000 0.000000 0.000000
vn -1.000000 -0.000000 -0.000002
vn -1.000000 0.000000 0.000000
vn -1.000000 0.000000 0.000000
vn -1.000000 0.000000 -0.000000
vn -1.000000 0.000000 -0.000000
vn -1.000000 0.000000 -0.000000
vn -1.000000 0.000000 -0.000000
vn -1.000000 0.000000 0.000000
vn -1.000000 0.000000 0.000002
vn -1.000000 0.000000 0.000002
vn -1.000000 0.000000 0.000000
vn -1.000000 0.000000 0.000000
vn -1.000000 0.000000 0.000000
vn -1.000000 0.000000 0.000000
vn -1.000000 -0.000000 -0.000002
vn -1.000000 0.000000 -0.000000
vn -1.000000 0.000000 -0.000000
vn -1.000000 0.000000 0.000001
vn -1.000000 0.000000 0.000000
vn -1.000000 0.000000 0.000001
vn -1.000000 0.000000 -0.000000
vn -1.000000 0.000000 -0.000000
vn -1.000000 0.000000 -0.000000
vn -1.000000 0.000000 0.000001
vn -1.000000 0.000000 0.000000
vn -1.000000 -0.000000 -0.000000
vn -1.000000 0.000000 0.000001
vn -1.000000 0.000000 0.000000
vn -1.000000 0.000000 0.000000
vn -1.000000 0.000000 -0.000000
vn -1.000000 0.000000 -0.000000
vn -1.000000 -0.000000 -0.000000
vn -1.000000 -0.000000 -0.000000
vn -1.000000 -0.000000 -0.000000
vn -1.000000 0.000000 0.000000
vn -0.000000 -0.000000 -1.000000
vn -0.000000 -0.000000 -1.000000
vn -0.000000 -0.000000 -1.000000
vn -0.000000 -0.000000 -1.000000
vn 1.000000 0.000162 0.000144
vn 1.000000 0.000000 0.000000
vn 1.000000 0.000000 0.000000
vn 1.000000 0.000087 0.000164
vn 0.999196 0.037920 0.013053
vn 0.999933 0.011225 0.002725
vn 0.999943 0.010004 0.003821
vn 0.999258 0.033946 0.018200
vn 0.996259 0.056259 0.065599
vn 0.997688 0.059206 0.033356
vn 0.997810 0.049547 0.043820
vn 0.996596 0.037036 0.073652
vn 0.997688 0.059206 0.033356
vn 0.999196 0.037920 0.013053
vn 0.999258 0.033946 0.018200
vn 0.997810 0.049547 0.043820
vn 0.999933 0.011225 0.002725
vn 1.000000 0.000162 0.000144
vn 1.000000 0.000087 0.000164
vn 0.999943 0.010004 0.003821
vn 0.995110 0.048825 0.085866
vn 0.996259 0.056259 0.065599
vn 0.996596 0.037036 0.073652
vn 0.995757 0.021898 0.089377
vn 0.993862 0.073617 0.082574
vn 0.995401 0.076163 0.058110
vn 0.996259 0.056259 0.065599
vn 0.995110 0.048825 0.085866
vn 0.999921 0.012446 0.001628
vn 1.000000 0.000238 0.000124
vn 1.000000 0.000162 0.000144
vn 0.999933 0.011225 0.002725
vn 0.997347 0.069207 0.022581
vn 0.999092 0.041884 0.007861
vn 0.999196 0.037920 0.013053
vn 0.997688 0.059206 0.033356
vn 0.995401 0.076163 0.058110
vn 0.997347 0.069207 0.022581
vn 0.997688 0.059206 0.033356
vn 0.996259 0.056259 0.065599
vn 0.999092 0.041884 0.007861
vn 0.999921 0.012446 0.001628
vn 0.999933 0.011225 0.002725
vn 0.999196 0.037920 0.013053
vn 1.000000 0.000238 0.000124
vn 1.000000 0.000000 0.000000
vn 1.000000 0.000000 0.000000
vn 1.000000 0.000162 0.000144
vn 0.319178 0.000003 -0.947695
vn 0.000000 0.000000 -1.000000
vn 0.000000 -0.000000 -1.000000
vn 0.364586 0.663530 -0.653303
vn 0.000000 0.000000 1.000000
vn 0.319083 0.000257 0.947727
vn 0.364586 0.663531 0.653302
vn 0.000000 0.000000 1.000000
vn 0.367264 0.930117 -0.000000
vn 0.683197 0.730235 -0.000000
vn 0.764625 0.420714 -0.488210
vn 0.364586 0.663530 -0.653303
vn 0.000000 -1.000000 0.000000
vn 0.353392 -0.935412 -0.010890
vn 0.360948 -0.670352 0.648340
vn 0.000000 -1.000000 0.000000
vn 0.000000 1.000000 -0.000000
vn 0.367264 0.930117 -0.000000
vn 0.364586 0.663530 -0.653303
vn 0.000000 1.000000 -0.000000
vn 0.319083 0.000257 0.947727
vn 0.605107 0.000654 0.796144
vn 0.764623 0.420713 0.488213
vn 0.364586 0.663531 0.653302
vn 0.325905 -0.028005 -0.944988
vn 0.609906 -0.039912 -0.791469
vn 0.735598 -0.462176 -0.495267
vn 0.337026 -0.674895 -0.656453
vn 0.353392 -0.935412 -0.010890
vn 0.661468 -0.749695 -0.020440
vn 0.761550 -0.441030 0.474905
vn 0.360948 -0.670352 0.648340
vn 0.319178 0.000003 -0.947695
vn 0.604931 0.000007 -0.796278
vn 0.604435 -0.002385 -0.796651
vn 0.319592 -0.001266 -0.947554
vn 0.317040 0.001243 0.948411
vn 0.601697 0.003068 0.798718
vn 0.606282 0.003094 0.795244
vn 0.319325 0.001624 0.947644
vn 0.000000 0.000000 1.000000
vn 0.317040 0.001243 0.948411
vn 0.319325 0.001624 0.947644
vn 0.000000 0.000000 1.000000
vn 0.318787 -0.002613 -0.947823
vn 0.000000 -0.000000 -1.000000
vn 0.000000 -0.000000 -1.000000
vn 0.319592 -0.001266 -0.947554
vn 0.325905 -0.028005 -0.944988
vn 0.000000 0.000000 -1.000000
vn 0.000000 0.000001 -1.000000
vn 0.325818 -0.011483 -0.945363
vn 0.325818 -0.011483 -0.945363
vn 0.000000 0.000001 -1.000000
vn 0.000000 -0.000000 -1.000000
vn 0.318787 -0.002613 -0.947823
vn 0.000000 0.000000 1.000000
vn 0.323010 -0.020955 0.946164
vn 0.325728 -0.018109 0.945290
vn 0.000000 0.000000 1.000000
vn 0.000000 0.000000 1.000000
vn 0.325728 -0.018109 0.945290
vn 0.317040 0.001243 0.948411
vn 0.000000 0.000000 1.000000
vn 0.323010 -0.020955 0.946164
vn 0.611914 -0.046611 0.789550
vn 0.599379 -0.017638 0.800271
vn 0.325728 -0.018109 0.945290
vn 0.325728 -0.018109 0.945290
vn 0.599379 -0.017638 0.800271
vn 0.601697 0.003068 0.798718
vn 0.317040 0.001243 0.948411
vn 0.319592 -0.001266 -0.947554
vn 0.604435 -0.002385 -0.796651
vn 0.604215 -0.004908 -0.796806
vn 0.318787 -0.002613 -0.947823
vn 0.318787 -0.002613 -0.947823
vn 0.604215 -0.004908 -0.796806
vn 0.607187 -0.013750 -0.794440
vn 0.325818 -0.011483 -0.945363
vn 0.364586 0.663530 -0.653303
vn 0.764625 0.420714 -0.488210
vn 0.604931 0.000007 -0.796278
vn 0.319178 0.000003 -0.947695
vn 0.319325 0.001624 0.947644
vn 0.606282 0.003094 0.795244
vn 0.605107 0.000654 0.796144
vn 0.319083 0.000257 0.947727
vn 0.000000 0.000000 1.000000
vn 0.319325 0.001624 0.947644
vn 0.319083 0.000257 0.947727
vn 0.000000 0.000000 1.000000
vn 0.319592 -0.001266 -0.947554
vn 0.000000 -0.000000 -1.000000
vn 0.000000 0.000000 -1.000000
vn 0.319178 0.000003 -0.947695
vn 0.360948 -0.670352 0.648340
vn 0.761550 -0.441030 0.474905
vn 0.611914 -0.046611 0.789550
vn 0.323010 -0.020955 0.946164
vn 0.000000 0.000000 1.000000
vn 0.360948 -0.670352 0.648340
vn 0.323010 -0.020955 0.946164
vn 0.000000 0.000000 1.000000
vn 0.337026 -0.674895 -0.656453
vn 0.000000 -0.000001 -1.000000
vn 0.000000 0.000000 -1.000000
vn 0.325905 -0.028005 -0.944988
vn 0.325818 -0.011483 -0.945363
vn 0.607187 -0.013750 -0.794440
vn 0.609906 -0.039912 -0.791469
vn 0.325905 -0.028005 -0.944988
vn 0.337026 -0.674895 -0.656453
vn 0.735598 -0.462176 -0.495267
vn 0.661468 -0.749695 -0.020440
vn 0.353392 -0.935412 -0.010890
vn 0.000000 1.000000 -0.000000
vn 0.364586 0.663531 0.653302
vn 0.367264 0.930117 -0.000000
vn 0.000000 1.000000 -0.000000
vn 0.000000 -1.000000 0.000000
vn 0.337026 -0.674895 -0.656453
vn 0.353392 -0.935412 -0.010890
vn 0.000000 -1.000000 0.000000
vn 0.364586 0.663531 0.653302
vn 0.764623 0.420713 0.488213
vn 0.683197 0.730235 -0.000000
vn 0.367264 0.930117 -0.000000
vn -0.968261 0.090808 0.232863
vn -0.968261 0.090808 0.232863
vn -0.968261 0.090808 0.232863
vn -0.968261 0.090808 0.232863
vn 0.606679 0.000000 0.794947
vn 0.606679 0.000000 0.794947
vn 0.606679 0.000000 0.794947
vn 0.606679 0.000000 0.794947
vn 0.000000 -1.000000 0.000000
vn 0.000000 -1.000000 0.000000
vn 0.000000 -1.000000 0.000000
vn 0.000000 -1.000000 0.000000
vn 0.000000 -1.000000 0.000000
vn 0.000000 -1.000000 0.000000
vn 0.000000 -1.000000 0.000000
vn 0.000000 -1.000000 0.000000
vn 1.000000 -0.000000 -0.000000
vn 1.000000 -0.000000 -0.000001
vn 0.997618 -0.068976 0.000206
vn 1.000000 -0.000000 -0.000000
vn 1.000000 -0.000000 -0.000000
vn 1.000000 -0.000000 -0.000000
vn 1.000000 -0.000000 -0.000000
vn 0.997619 -0.068963 -0.000317
vn 1.000000 -0.000000 -0.000001
vn 1.000000 -0.000000 -0.000002
vn 0.990392 -0.138288 0.000413
vn 0.997618 -0.068976 0.000206
vn 0.997619 -0.068963 -0.000317
vn 0.990396 -0.138262 -0.000636
vn 1.000000 -0.000000 -0.000000
vn 1.000000 -0.000000 -0.000000
vn 1.000000 -0.000000 -0.000000
vn 1.000000 -0.000000 -0.000000
vn 1.000000 -0.000000 -0.000000
vn 1.000000 -0.000000 -0.000000
vn 0.964585 -0.263772 -0.000799
vn 0.964062 -0.265671 -0.001965
vn 0.964940 -0.262470 -0.000000
vn 0.964940 -0.262470 -0.000000
vn 1.000000 -0.000000 -0.000000
vn 1.000000 -0.000000 -0.000000
vn 1.000000 -0.000000 -0.000002
vn 1.000000 -0.000000 -0.000001
vn 0.997618 -0.068976 0.000206
vn 0.990392 -0.138288 0.000413
vn 0.961258 -0.275604 -0.005090
vn 0.961560 -0.274591 -0.001532
vn 0.964940 -0.262470 -0.000000
vn 0.964940 -0.262470 -0.000000
vn 0.964060 -0.265677 0.001963
vn 0.964582 -0.263781 0.000802
vn 0.961558 -0.274601 0.001079
vn 0.961233 -0.275698 0.004586
vn 0.990396 -0.138262 -0.000636
vn 0.997619 -0.068963 -0.000317
vn 1.000000 -0.000000 -0.000000
vn 1.000000 -0.000000 -0.000000
vn 1.000000 -0.000000 -0.000000
vn 1.000000 -0.000000 -0.000000
vn 1.000000 -0.000000 -0.000000
vn 1.000000 -0.000000 -0.000000
vn 1.000000 -0.000000 -0.000000
vn 0.997619 -0.068963 -0.000317
vn 0.997618 -0.068976 0.000206
vn 1.000000 0.000000 0.000000
vn 1.000000 0.000000 0.000000
vn 1.000000 0.000000 0.000000
vn 1.000000 0.000000 0.000000
vn 1.000000 0.000000 0.000000
vn 1.000000 -0.000000 -0.000000
vn 1.000000 -0.000000 -0.000000
vn 0.961258 -0.275604 -0.005090
vn 0.962273 -0.272010 -0.006497
vn 0.961786 -0.273719 -0.006793
vn 0.961560 -0.274591 -0.001532
vn 0.962273 -0.272010 -0.006497
vn 0.963086 -0.269152 -0.004707
vn 0.963081 -0.269169 -0.004749
vn 0.961786 -0.273719 -0.006793
vn 0.963086 -0.269152 -0.004707
vn 0.963426 -0.267956 -0.003118
vn 0.963543 -0.267536 -0.002955
vn 0.963081 -0.269169 -0.004749
vn 0.963426 -0.267956 -0.003118
vn 0.964062 -0.265671 -0.001965
vn 0.964585 -0.263772 -0.000799
vn 0.963543 -0.267536 -0.002955
vn 0.964060 -0.265677 0.001963
vn 0.963406 -0.268030 0.003108
vn 0.963528 -0.267590 0.002950
vn 0.964582 -0.263781 0.000802
vn 0.963406 -0.268030 0.003108
vn 0.963046 -0.269299 0.004619
vn 0.963040 -0.269317 0.004658
vn 0.963528 -0.267590 0.002950
vn 0.963046 -0.269299 0.004619
vn 0.962224 -0.272188 0.006211
vn 0.961742 -0.273880 0.006413
vn 0.963040 -0.269317 0.004658
vn 0.962224 -0.272188 0.006211
vn 0.961233 -0.275698 0.004586
vn 0.961558 -0.274601 0.001079
vn 0.961742 -0.273880 0.006413
vn -0.395140 0.000001 0.918621
vn -0.303968 0.000408 0.952682
vn -0.284056 0.109569 0.952527
vn -0.393168 0.102923 0.913688
vn -0.065473 0.986755 0.148415
vn 0.064446 0.974856 0.213315
vn 0.199183 0.974854 -0.099927
vn 0.062711 0.986755 -0.149603
vn 0.064446 0.974856 0.213315
vn 0.427355 0.837995 0.339310
vn 0.540240 0.837990 0.076894
vn 0.199183 0.974854 -0.099927
vn 0.392892 0.102940 -0.913805
vn 0.496138 0.109580 -0.861301
vn 0.482561 0.000404 -0.875862
vn 0.395137 0.000000 -0.918622
vn 0.834669 0.003278 0.550742
vn 0.837870 0.036127 0.544673
vn 0.971645 0.036126 0.233667
vn 0.973849 0.003278 0.227173
vn 0.427355 0.837995 0.339310
vn 0.774752 0.483766 0.407099
vn 0.828361 0.483763 0.282476
vn 0.540240 0.837990 0.076894
vn 0.482561 0.000404 -0.875862
vn 0.486522 0.003730 -0.873660
vn 0.395143 0.000001 -0.918620
vn 0.395137 0.000000 -0.918622
vn -0.395140 0.000001 0.918621
vn -0.395146 -0.000002 0.918619
vn -0.299644 0.003728 0.954044
vn -0.303968 0.000408 0.952682
vn 0.834669 0.003278 0.550742
vn 0.973849 0.003278 0.227173
vn 0.974450 -0.017439 0.223928
vn 0.962474 0.037505 0.268771
vn 0.940645 0.091069 0.326945
vn 0.917249 0.122841 0.378899
vn 0.905890 0.122842 0.405306
vn 0.884262 0.091067 0.458025
vn 0.857046 0.037506 0.513873
vn 0.832726 -0.017437 0.553411
vn 0.496138 0.109580 -0.861301
vn 0.766817 0.092945 -0.635101
vn 0.732666 0.001361 -0.680587
vn 0.482561 0.000404 -0.875862
vn 0.774752 0.483766 0.407099
vn 0.905890 0.122842 0.405306
vn 0.917249 0.122841 0.378899
vn 0.828361 0.483763 0.282476
vn 0.066292 0.092950 0.993461
vn -0.284056 0.109569 0.952527
vn -0.303968 0.000408 0.952682
vn 0.009784 0.001365 0.999951
vn 0.529914 0.035445 0.847310
vn 0.066292 0.092950 0.993461
vn 0.009784 0.001365 0.999951
vn 0.496794 0.001159 0.867868
vn 0.832726 -0.017437 0.553411
vn 0.529914 0.035445 0.847310
vn 0.496794 0.001159 0.867868
vn 0.834669 0.003278 0.550742
vn 0.979558 0.035437 -0.198019
vn 0.974450 -0.017439 0.223928
vn 0.973849 0.003278 0.227173
vn 0.971706 0.001158 -0.236191
vn 0.766817 0.092945 -0.635101
vn 0.979558 0.035437 -0.198019
vn 0.971706 0.001158 -0.236191
vn 0.732666 0.001361 -0.680587
vn 0.834669 0.003278 0.550742
vn 0.496794 0.001159 0.867868
vn 0.509627 0.029633 0.859885
vn 0.837870 0.036127 0.544673
vn 0.496794 0.001159 0.867868
vn 0.009784 0.001365 0.999951
vn 0.020833 0.015187 0.999668
vn 0.509627 0.029633 0.859885
vn 0.009784 0.001365 0.999951
vn -0.303968 0.000408 0.952682
vn -0.299644 0.003728 0.954044
vn 0.020833 0.015187 0.999668
vn 0.971645 0.036126 0.233667
vn 0.974737 0.029635 -0.221383
vn 0.971706 0.001158 -0.236191
vn 0.973849 0.003278 0.227173
vn 0.974737 0.029635 -0.221383
vn 0.740060 0.015190 -0.672370
vn 0.732666 0.001361 -0.680587
vn 0.971706 0.001158 -0.236191
vn 0.740060 0.015190 -0.672370
vn 0.486522 0.003730 -0.873660
vn 0.482561 0.000404 -0.875862
vn 0.732666 0.001361 -0.680587
vn 0.774752 0.483766 0.407099
vn 0.712747 0.372835 0.594126
vn 0.884262 0.091067 0.458025
vn 0.905890 0.122842 0.405306
vn 0.712747 0.372835 0.594126
vn 0.616023 0.190063 0.764455
vn 0.857046 0.037506 0.513873
vn 0.884262 0.091067 0.458025
vn 0.616023 0.190063 0.764455
vn 0.529914 0.035445 0.847310
vn 0.832726 -0.017437 0.553411
vn 0.857046 0.037506 0.513873
vn 0.427355 0.837995 0.339310
vn 0.320033 0.676769 0.662995
vn 0.712747 0.372835 0.594126
vn 0.774752 0.483766 0.407099
vn 0.320033 0.676769 0.662995
vn 0.178010 0.359894 0.915854
vn 0.616023 0.190063 0.764455
vn 0.712747 0.372835 0.594126
vn 0.178010 0.359894 0.915854
vn 0.066292 0.092950 0.993461
vn 0.529914 0.035445 0.847310
vn 0.616023 0.190063 0.764455
vn 0.064446 0.974856 0.213315
vn -0.080857 0.804081 0.588995
vn 0.320033 0.676769 0.662995
vn 0.427355 0.837995 0.339310
vn -0.080857 0.804081 0.588995
vn -0.219554 0.427070 0.877159
vn 0.178010 0.359894 0.915854
vn 0.320033 0.676769 0.662995
vn -0.219554 0.427070 0.877159
vn -0.284056 0.109569 0.952527
vn 0.066292 0.092950 0.993461
vn 0.178010 0.359894 0.915854
vn 0.496138 0.109580 -0.861301
vn 0.485771 0.427091 -0.762640
vn 0.787295 0.359903 -0.500636
vn 0.766817 0.092945 -0.635101
vn 0.485771 0.427091 -0.762640
vn 0.371967 0.804086 -0.463775
vn 0.701405 0.676769 -0.223640
vn 0.787295 0.359903 -0.500636
vn 0.371967 0.804086 -0.463775
vn 0.199183 0.974854 -0.099927
vn 0.540240 0.837990 0.076894
vn 0.701405 0.676769 -0.223640
vn 0.766817 0.092945 -0.635101
vn 0.787295 0.359903 -0.500636
vn 0.978627 0.190061 -0.078524
vn 0.979558 0.035437 -0.198019
vn 0.787295 0.359903 -0.500636
vn 0.701405 0.676769 -0.223640
vn 0.921492 0.372835 0.108843
vn 0.978627 0.190061 -0.078524
vn 0.701405 0.676769 -0.223640
vn 0.540240 0.837990 0.076894
vn 0.828361 0.483763 0.282476
vn 0.921492 0.372835 0.108843
vn 0.979558 0.035437 -0.198019
vn 0.978627 0.190061 -0.078524
vn 0.962474 0.037505 0.268771
vn 0.974450 -0.017439 0.223928
vn 0.978627 0.190061 -0.078524
vn 0.921492 0.372835 0.108843
vn 0.940645 0.091069 0.326945
vn 0.962474 0.037505 0.268771
vn 0.921492 0.372835 0.108843
vn 0.828361 0.483763 0.282476
vn 0.917249 0.122841 0.378899
vn 0.940645 0.091069 0.326945
vn -0.065473 0.986755 0.148415
vn -0.230849 0.816409 0.529326
vn -0.080857 0.804081 0.588995
vn 0.064446 0.974856 0.213315
vn -0.230849 0.816409 0.529326
vn -0.359337 0.423358 0.831652
vn -0.219554 0.427070 0.877159
vn -0.080857 0.804081 0.588995
vn -0.359337 0.423358 0.831652
vn -0.393168 0.102923 0.913688
vn -0.284056 0.109569 0.952527
vn -0.219554 0.427070 0.877159
vn 0.392892 0.102940 -0.913805
vn 0.356605 0.423380 -0.832815
vn 0.485771 0.427091 -0.762640
vn 0.496138 0.109580 -0.861301
vn 0.356605 0.423380 -0.832815
vn 0.225505 0.816408 -0.531625
vn 0.371967 0.804086 -0.463775
vn 0.485771 0.427091 -0.762640
vn 0.225505 0.816408 -0.531625
vn 0.062711 0.986755 -0.149603
vn 0.199183 0.974854 -0.099927
vn 0.371967 0.804086 -0.463775
vn 0.606495 -0.000000 -0.795087
vn 0.606495 -0.000000 -0.795087
vn 0.606495 -0.000000 -0.795087
vn 0.606495 -0.000000 -0.795087
vn 0.000000 0.000000 1.000000
vn 0.000000 0.000000 1.000000
vn 0.000000 -0.000000 1.000000
vn 0.000000 -0.000000 1.000000
vn 0.000000 -0.000000 1.000000
vn 0.000000 -0.000000 1.000000
vn 0.000000 -0.000000 1.000000
vn 0.000000 -0.000000 1.000000
vn 0.000000 0.000000 1.000000
vn 0.000000 0.000000 1.000000
vn 0.000000 0.000000 1.000000
vn 0.000000 0.000000 1.000000
vn 0.000000 0.000000 1.000000
vn 0.000000 0.000000 1.000000
vn 0.000000 0.000000 1.000000
vn 0.000000 0.000000 1.000000
vn 0.000000 0.000000 1.000000
vn 0.000000 0.000000 1.000000
vn 0.000000 0.000000 1.000000
vn 0.000000 0.000000 1.000000
vn 0.889638 -0.373122 -0.263295
vn 0.978373 -0.051339 -0.200378
vn 0.974311 -0.069702 -0.214147
vn 0.921837 -0.309053 -0.233887
vn 0.802973 -0.373121 -0.464775
vn 0.889638 -0.373122 -0.263295
vn 0.921837 -0.309053 -0.233887
vn 0.803778 -0.309046 -0.508363
vn 0.863016 -0.025482 -0.504533
vn 0.866600 0.000347 -0.499003
vn 0.818319 -0.051340 -0.572467
vn 0.825529 -0.069704 -0.560038
vn 0.512590 -0.394419 -0.762683
vn 0.566923 -0.378965 -0.731426
vn 0.515976 -0.192177 -0.834768
vn 0.461177 -0.166705 -0.871508
vn 0.673634 0.440518 -0.593432
vn 0.691016 0.380110 -0.614828
vn 0.713353 0.555073 -0.427811
vn 0.685578 0.618920 -0.383302
vn 0.664842 -0.727938 -0.167603
vn 0.589536 -0.788751 -0.174127
vn 0.763533 -0.645436 -0.020729
vn 0.819651 -0.571540 -0.038923
vn 0.515976 -0.192177 -0.834768
vn 0.535637 0.004462 -0.844437
vn 0.489848 -0.009074 -0.871761
vn 0.461177 -0.166705 -0.871508
vn 0.531852 -0.788749 -0.308235
vn 0.578915 -0.727926 -0.367397
vn 0.591960 -0.571534 -0.568271
vn 0.540157 -0.645431 -0.540045
vn 0.540157 -0.645431 -0.540045
vn 0.591960 -0.571534 -0.568271
vn 0.566923 -0.378965 -0.731426
vn 0.512590 -0.394419 -0.762683
vn 0.920879 -0.378968 0.091460
vn 0.906204 -0.394422 0.152401
vn 0.949850 -0.166709 0.264563
vn 0.960863 -0.192184 0.199518
vn 0.981405 0.004468 0.191894
vn 0.969752 -0.009070 0.243925
vn 0.975235 0.194899 0.104552
vn 0.980657 0.183286 0.068695
vn 0.819651 -0.571540 -0.038923
vn 0.763533 -0.645436 -0.020729
vn 0.906204 -0.394422 0.152401
vn 0.920879 -0.378968 0.091460
vn 0.974311 -0.069702 -0.214147
vn 0.978373 -0.051339 -0.200378
vn 0.958246 0.000348 -0.285947
vn 0.959795 -0.025480 -0.279543
vn 0.959795 -0.025480 -0.279543
vn 0.958246 0.000348 -0.285947
vn 0.938035 0.063444 -0.340684
vn 0.943041 0.040779 -0.330168
vn 0.980657 0.183286 0.068695
vn 0.975235 0.194899 0.104552
vn 0.894093 0.440513 -0.080911
vn 0.921580 0.380103 -0.078812
vn 0.818319 -0.051340 -0.572467
vn 0.802973 -0.373121 -0.464775
vn 0.803778 -0.309046 -0.508363
vn 0.825529 -0.069704 -0.560038
vn 0.713353 0.555073 -0.427811
vn 0.801172 0.555072 -0.223650
vn 0.749757 0.618919 -0.234101
vn 0.685578 0.618920 -0.383302
vn 0.664842 -0.727938 -0.167603
vn 0.578915 -0.727926 -0.367397
vn 0.531852 -0.788749 -0.308235
vn 0.589536 -0.788751 -0.174127
vn 0.981405 0.004468 0.191894
vn 0.960863 -0.192184 0.199518
vn 0.949850 -0.166709 0.264563
vn 0.969752 -0.009070 0.243925
vn 0.914323 0.132602 -0.382663
vn 0.906609 0.132597 -0.400597
vn 0.904985 0.104826 -0.412328
vn 0.921721 0.104834 -0.373418
vn 0.594799 0.194901 -0.779889
vn 0.624560 0.183286 -0.759165
vn 0.691016 0.380110 -0.614828
vn 0.673634 0.440518 -0.593432
vn 0.489848 -0.009074 -0.871761
vn 0.535637 0.004462 -0.844437
vn 0.624560 0.183286 -0.759165
vn 0.594799 0.194901 -0.779889
vn 0.943041 0.040779 -0.330168
vn 0.938035 0.063444 -0.340684
vn 0.914323 0.132602 -0.382663
vn 0.921721 0.104834 -0.373418
vn 0.921580 0.380103 -0.078812
vn 0.894093 0.440513 -0.080911
vn 0.749757 0.618919 -0.234101
vn 0.801172 0.555072 -0.223650
vn 0.888249 0.040777 -0.457549
vn 0.892442 0.063433 -0.446680
vn 0.866600 0.000347 -0.499003
vn 0.863016 -0.025482 -0.504533
vn 0.531852 -0.788749 -0.308235
vn 0.540157 -0.645431 -0.540045
vn 0.556221 -0.637025 -0.533683
vn 0.602106 -0.727912 -0.328044
vn 0.602106 -0.727912 -0.328044
vn 0.556221 -0.637025 -0.533683
vn 0.701340 -0.507971 -0.500088
vn 0.746419 -0.551281 -0.372756
vn 0.746419 -0.551281 -0.372756
vn 0.701340 -0.507971 -0.500088
vn 0.803778 -0.309046 -0.508363
vn 0.540157 -0.645431 -0.540045
vn 0.512590 -0.394419 -0.762683
vn 0.525214 -0.399849 -0.751180
vn 0.556221 -0.637025 -0.533683
vn 0.556221 -0.637025 -0.533683
vn 0.525214 -0.399849 -0.751180
vn 0.673407 -0.353732 -0.649151
vn 0.701340 -0.507971 -0.500088
vn 0.701340 -0.507971 -0.500088
vn 0.673407 -0.353732 -0.649151
vn 0.803778 -0.309046 -0.508363
vn 0.512590 -0.394419 -0.762683
vn 0.461177 -0.166705 -0.871508
vn 0.522408 -0.169817 -0.835615
vn 0.525214 -0.399849 -0.751180
vn 0.525214 -0.399849 -0.751180
vn 0.522408 -0.169817 -0.835615
vn 0.702239 -0.174459 -0.690235
vn 0.673407 -0.353732 -0.649151
vn 0.673407 -0.353732 -0.649151
vn 0.702239 -0.174459 -0.690235
vn 0.803778 -0.309046 -0.508363
vn 0.949850 -0.166709 0.264563
vn 0.906204 -0.394422 0.152401
vn 0.906539 -0.399845 0.135322
vn 0.965905 -0.169815 0.195422
vn 0.965905 -0.169815 0.195422
vn 0.906539 -0.399845 0.135322
vn 0.934381 -0.353741 -0.042435
vn 0.984040 -0.174453 -0.035090
vn 0.984040 -0.174453 -0.035090
vn 0.934381 -0.353741 -0.042435
vn 0.921837 -0.309053 -0.233887
vn 0.906204 -0.394422 0.152401
vn 0.763533 -0.645436 -0.020729
vn 0.769966 -0.637024 -0.036772
vn 0.906539 -0.399845 0.135322
vn 0.906539 -0.399845 0.135322
vn 0.769966 -0.637024 -0.036772
vn 0.845374 -0.507982 -0.165221
vn 0.934381 -0.353741 -0.042435
vn 0.934381 -0.353741 -0.042435
vn 0.845374 -0.507982 -0.165221
vn 0.921837 -0.309053 -0.233887
vn 0.763533 -0.645436 -0.020729
vn 0.589536 -0.788751 -0.174127
vn 0.652235 -0.727910 -0.211509
vn 0.769966 -0.637024 -0.036772
vn 0.769966 -0.637024 -0.036772
vn 0.652235 -0.727910 -0.211509
vn 0.783951 -0.551281 -0.285500
vn 0.845374 -0.507982 -0.165221
vn 0.845374 -0.507982 -0.165221
vn 0.783951 -0.551281 -0.285500
vn 0.921837 -0.309053 -0.233887
vn 0.974311 -0.069702 -0.214147
vn 0.959795 -0.025480 -0.279543
vn 0.986253 0.030433 -0.162414
vn 0.992608 -0.075282 -0.095191
vn 0.992608 -0.075282 -0.095191
vn 0.986253 0.030433 -0.162414
vn 0.985699 0.160810 0.050379
vn 0.986244 -0.028567 0.162809
vn 0.986244 -0.028567 0.162809
vn 0.985699 0.160810 0.050379
vn 0.975235 0.194899 0.104552
vn 0.969752 -0.009070 0.243925
vn 0.959795 -0.025480 -0.279543
vn 0.943041 0.040779 -0.330168
vn 0.949493 0.169952 -0.263780
vn 0.986253 0.030433 -0.162414
vn 0.986253 0.030433 -0.162414
vn 0.949493 0.169952 -0.263780
vn 0.912868 0.389153 -0.123419
vn 0.985699 0.160810 0.050379
vn 0.985699 0.160810 0.050379
vn 0.912868 0.389153 -0.123419
vn 0.894093 0.440513 -0.080911
vn 0.975235 0.194899 0.104552
vn 0.943041 0.040779 -0.330168
vn 0.921721 0.104834 -0.373418
vn 0.896287 0.272473 -0.349896
vn 0.949493 0.169952 -0.263780
vn 0.949493 0.169952 -0.263780
vn 0.896287 0.272473 -0.349896
vn 0.795368 0.543821 -0.267674
vn 0.912868 0.389153 -0.123419
vn 0.912868 0.389153 -0.123419
vn 0.795368 0.543821 -0.267674
vn 0.749757 0.618919 -0.234101
vn 0.894093 0.440513 -0.080911
vn 0.863016 -0.025482 -0.504533
vn 0.825529 -0.069704 -0.560038
vn 0.751752 -0.075285 -0.655135
vn 0.796180 0.030432 -0.604294
vn 0.796180 0.030432 -0.604294
vn 0.751752 -0.075285 -0.655135
vn 0.560069 -0.028568 -0.827953
vn 0.641321 0.160813 -0.750231
vn 0.641321 0.160813 -0.750231
vn 0.560069 -0.028568 -0.827953
vn 0.489848 -0.009074 -0.871761
vn 0.594799 0.194901 -0.779889
vn 0.888249 0.040777 -0.457549
vn 0.863016 -0.025482 -0.504533
vn 0.796180 0.030432 -0.604294
vn 0.844492 0.169952 -0.507888
vn 0.844492 0.169952 -0.507888
vn 0.796180 0.030432 -0.604294
vn 0.641321 0.160813 -0.750231
vn 0.717404 0.389158 -0.577831
vn 0.717404 0.389158 -0.577831
vn 0.641321 0.160813 -0.750231
vn 0.594799 0.194901 -0.779889
vn 0.673634 0.440518 -0.593432
vn 0.904985 0.104826 -0.412328
vn 0.888249 0.040777 -0.457549
vn 0.844492 0.169952 -0.507888
vn 0.870417 0.272473 -0.410040
vn 0.870417 0.272473 -0.410040
vn 0.844492 0.169952 -0.507888
vn 0.717404 0.389158 -0.577831
vn 0.741322 0.543820 -0.393322
vn 0.741322 0.543820 -0.393322
vn 0.717404 0.389158 -0.577831
vn 0.673634 0.440518 -0.593432
vn 0.685578 0.618920 -0.383302
vn 0.825529 -0.069704 -0.560038
vn 0.803778 -0.309046 -0.508363
vn 0.702239 -0.174459 -0.690235
vn 0.751752 -0.075285 -0.655135
vn 0.751752 -0.075285 -0.655135
vn 0.702239 -0.174459 -0.690235
vn 0.522408 -0.169817 -0.835615
vn 0.560069 -0.028568 -0.827953
vn 0.560069 -0.028568 -0.827953
vn 0.522408 -0.169817 -0.835615
vn 0.461177 -0.166705 -0.871508
vn 0.489848 -0.009074 -0.871761
vn 0.803778 -0.309046 -0.508363
vn 0.921837 -0.309053 -0.233887
vn 0.783951 -0.551281 -0.285500
vn 0.746419 -0.551281 -0.372756
vn 0.746419 -0.551281 -0.372756
vn 0.783951 -0.551281 -0.285500
vn 0.652235 -0.727910 -0.211509
vn 0.602106 -0.727912 -0.328044
vn 0.602106 -0.727912 -0.328044
vn 0.652235 -0.727910 -0.211509
vn 0.589536 -0.788751 -0.174127
vn 0.531852 -0.788749 -0.308235
vn 0.921721 0.104834 -0.373418
vn 0.904985 0.104826 -0.412328
vn 0.870417 0.272473 -0.410040
vn 0.896287 0.272473 -0.349896
vn 0.896287 0.272473 -0.349896
vn 0.870417 0.272473 -0.410040
vn 0.741322 0.543820 -0.393322
vn 0.795368 0.543821 -0.267674
vn 0.795368 0.543821 -0.267674
vn 0.741322 0.543820 -0.393322
vn 0.685578 0.618920 -0.383302
vn 0.749757 0.618919 -0.234101
vn 0.921837 -0.309053 -0.233887
vn 0.974311 -0.069702 -0.214147
vn 0.992608 -0.075282 -0.095191
vn 0.984040 -0.174453 -0.035090
vn 0.984040 -0.174453 -0.035090
vn 0.992608 -0.075282 -0.095191
vn 0.986244 -0.028567 0.162809
vn 0.965905 -0.169815 0.195422
vn 0.965905 -0.169815 0.195422
vn 0.986244 -0.028567 0.162809
vn 0.969752 -0.009070 0.243925
vn 0.949850 -0.166709 0.264563
vn 0.904985 0.104826 -0.412328
vn 0.906609 0.132597 -0.400597
vn 0.892442 0.063433 -0.446680
vn 0.888249 0.040777 -0.457549
vn -1.000000 -0.000019 0.000032
vn -1.000000 -0.000037 0.000065
vn -1.000000 0.000000 0.000001
vn -1.000000 0.000000 -0.000000
vn -0.999332 -0.034830 -0.011028
vn -0.999495 -0.028596 -0.013834
vn -0.999973 -0.007312 0.000479
vn -0.999974 -0.007224 0.000224
vn -0.994063 -0.025698 -0.105724
vn -0.992456 0.005812 -0.122464
vn -0.997606 -0.029535 -0.062536
vn -0.997331 -0.053296 -0.049906
vn -0.997331 -0.053296 -0.049906
vn -0.997606 -0.029535 -0.062536
vn -0.999495 -0.028596 -0.013834
vn -0.999332 -0.034830 -0.011028
vn -0.999974 -0.007224 0.000224
vn -0.999973 -0.007312 0.000479
vn -1.000000 -0.000037 0.000065
vn -1.000000 -0.000019 0.000032
vn -0.990969 0.000204 -0.134094
vn -0.988574 0.027888 -0.148133
vn -0.992456 0.005812 -0.122464
vn -0.994063 -0.025698 -0.105724
vn -0.992402 -0.027479 -0.119926
vn -0.990969 0.000204 -0.134094
vn -0.994063 -0.025698 -0.105724
vn -0.994392 -0.056709 -0.089268
vn -0.999975 -0.007135 -0.000030
vn -0.999974 -0.007224 0.000224
vn -1.000000 -0.000019 0.000032
vn -1.000000 -0.000000 -0.000001
vn -0.996329 -0.077077 -0.037262
vn -0.997331 -0.053296 -0.049906
vn -0.999332 -0.034830 -0.011028
vn -0.999123 -0.041064 -0.008223
vn -0.994392 -0.056709 -0.089268
vn -0.994063 -0.025698 -0.105724
vn -0.997331 -0.053296 -0.049906
vn -0.996329 -0.077077 -0.037262
vn -0.999123 -0.041064 -0.008223
vn -0.999332 -0.034830 -0.011028
vn -0.999974 -0.007224 0.000224
vn -0.999975 -0.007135 -0.000030
vn -1.000000 -0.000000 -0.000001
vn -1.000000 -0.000019 0.000032
vn -1.000000 0.000000 -0.000000
vn -1.000000 -0.000000 -0.000001
vn -0.000000 1.000000 -0.000000
vn -0.000000 1.000000 -0.000000
vn 0.000000 1.000000 -0.000000
vn 0.000000 1.000000 -0.000000
vn -0.000000 1.000000 -0.000000
vn -0.000000 1.000000 -0.000000
vn -0.000000 1.000000 -0.000000
vn -0.000000 1.000000 -0.000000
vn 1.000000 0.000000 0.000000
vn 1.000000 0.000000 0.000000
vn 1.000000 0.000000 0.000000
vn 1.000000 0.000000 0.000000
vn 0.999978 -0.003173 0.005812
vn 0.999999 -0.001171 -0.000027
vn 0.999999 -0.001157 -0.000853
vn 0.999982 -0.006078 -0.000031
vn 0.999620 -0.009842 0.025753
vn 0.999796 -0.005516 0.019422
vn 0.999936 -0.010237 0.004852
vn 0.999930 -0.008637 0.008055
vn 0.999796 -0.005516 0.019422
vn 0.999978 -0.003173 0.005812
vn 0.999982 -0.006078 -0.000031
vn 0.999936 -0.010237 0.004852
vn 0.999999 -0.001171 -0.000027
vn 1.000000 0.000000 0.000000
vn 1.000000 0.000000 0.000000
vn 0.999999 -0.001157 -0.000853
vn 0.999629 -0.012462 0.024207
vn 0.999620 -0.009842 0.025753
vn 0.999930 -0.008637 0.008055
vn 0.999946 -0.006631 0.008049
vn 0.998994 -0.018472 0.040859
vn 0.998994 -0.010807 0.043529
vn 0.999620 -0.009842 0.025753
vn 0.999629 -0.012462 0.024207
vn 0.999999 -0.001184 0.000799
vn 1.000000 0.000000 0.000000
vn 1.000000 0.000000 0.000000
vn 0.999999 -0.001171 -0.000027
vn 0.999427 -0.000761 0.033833
vn 0.999932 -0.000268 0.011648
vn 0.999978 -0.003173 0.005812
vn 0.999796 -0.005516 0.019422
vn 0.998994 -0.010807 0.043529
vn 0.999427 -0.000761 0.033833
vn 0.999796 -0.005516 0.019422
vn 0.999620 -0.009842 0.025753
vn 0.999932 -0.000268 0.011648
vn 0.999999 -0.001184 0.000799
vn 0.999999 -0.001171 -0.000027
vn 0.999978 -0.003173 0.005812
vn 1.000000 0.000000 0.000000
vn 1.000000 0.000000 0.000000
vn 1.000000 0.000000 0.000000
vn 1.000000 0.000000 0.000000
vn 0.325539 0.615313 0.717923
vn 0.083609 0.699778 0.709451
vn 0.083608 0.699778 0.709451
vn 0.325536 0.615315 0.717923
vn 0.587151 0.369472 0.720239
vn 0.325539 0.615313 0.717923
vn 0.325536 0.615315 0.717923
vn 0.587151 0.369473 0.720239
vn 0.696297 0.100945 0.710620
vn 0.587151 0.369472 0.720239
vn 0.587151 0.369473 0.720239
vn 0.696297 0.100943 0.710620
vn 0.696297 0.100943 0.710620
vn 0.707262 0.000000 0.706952
vn 0.707262 0.000000 0.706952
vn 0.696297 0.100945 0.710620
vn 0.000000 0.707266 0.706947
vn 0.083608 0.699778 0.709451
vn 0.083609 0.699778 0.709451
vn 0.000000 0.707266 0.706947
vn -0.567055 0.786737 -0.243913
vn -0.567055 0.786737 -0.243913
vn -0.567055 0.786737 -0.243913
vn -0.567055 0.786737 -0.243913
vn -0.000000 -0.000001 -1.000000
vn -0.000000 -0.000001 -1.000000
vn -0.000000 -0.000001 -1.000000
vn -0.000000 -0.000001 -1.000000
vn -1.000000 0.000000 -0.000000
vn -1.000000 0.000000 -0.000000
vn -1.000000 0.000000 -0.000000
vn -1.000000 0.000000 -0.000000
vn 0.000000 0.000000 1.000000
vn 0.000000 0.000000 1.000000
vn 0.000000 0.000000 1.000000
vn 0.000000 0.000000 1.000000
vn 0.000000 -0.000000 -1.000000
vn 0.000000 -0.000000 -1.000000
vn 0.000000 -0.000000 -1.000000
vn 0.000000 -0.000000 -1.000000
vn 0.000078 0.995210 0.097759
vn -0.000000 1.000000 -0.000000
vn -0.000000 1.000000 -0.000000
vn 0.000033 0.995210 0.097763
vn 0.000000 0.000000 1.000000
vn 0.000000 0.000000 1.000000
vn 0.000689 0.098645 0.995122
vn 0.000075 0.098331 0.995154
vn 0.000000 -0.000000 -1.000000
vn 0.000000 -0.000000 -1.000000
vn 0.000054 0.098459 -0.995141
vn 0.000540 0.098705 -0.995117
vn -0.000000 1.000000 -0.000000
vn 0.000535 0.995189 0.097969
vn 0.000918 0.995444 0.095346
vn -0.000000 1.000000 -0.000000
vn 0.000000 0.000000 1.000000
vn 0.000075 0.098331 0.995154
vn 0.000032 0.098314 0.995155
vn 0.000000 0.000000 1.000000
vn 0.000000 0.000000 1.000000
vn 0.000000 0.000000 1.000000
vn 0.000000 0.000000 1.000000
vn 0.000000 0.000000 1.000000
vn 0.000057 0.995221 -0.097647
vn -0.000000 1.000000 -0.000000
vn -0.000000 1.000000 -0.000000
vn 0.000413 0.995203 -0.097828
vn 0.000689 0.098645 0.995122
vn 0.000000 0.000000 1.000000
vn 0.001458 0.114528 0.993419
vn 0.000413 0.995203 -0.097828
vn -0.000000 1.000000 -0.000000
vn -0.000000 1.000000 -0.000000
vn 0.000747 0.995443 -0.095360
vn -0.000000 1.000000 -0.000000
vn 0.000078 0.995210 0.097759
vn 0.000535 0.995189 0.097969
vn -0.000000 1.000000 -0.000000
vn 0.000000 -0.000000 -1.000000
vn 0.000540 0.098705 -0.995117
vn 0.001190 0.114838 -0.993384
vn 0.000535 0.995189 0.097969
vn 0.000078 0.995210 0.097759
vn 0.000242 0.924244 0.381803
vn 0.001706 0.924150 0.382026
vn 0.001706 0.924150 0.382026
vn 0.000242 0.924244 0.381803
vn 0.000323 0.708090 0.706122
vn 0.002425 0.708043 0.706165
vn 0.002425 0.708043 0.706165
vn 0.000323 0.708090 0.706122
vn 0.000236 0.383620 0.923491
vn 0.001957 0.383811 0.923410
vn 0.001957 0.383811 0.923410
vn 0.000236 0.383620 0.923491
vn 0.000075 0.098331 0.995154
vn 0.000689 0.098645 0.995122
vn 0.000057 0.995221 -0.097647
vn 0.000413 0.995203 -0.097828
vn 0.001320 0.924307 -0.381648
vn 0.000176 0.924397 -0.381432
vn 0.000176 0.924397 -0.381432
vn 0.001320 0.924307 -0.381648
vn 0.001884 0.708425 -0.705783
vn 0.000234 0.708501 -0.705710
vn 0.000234 0.708501 -0.705710
vn 0.001884 0.708425 -0.705783
vn 0.001528 0.384130 -0.923278
vn 0.000171 0.384010 -0.923329
vn 0.000171 0.384010 -0.923329
vn 0.001528 0.384130 -0.923278
vn 0.000540 0.098705 -0.995117
vn 0.000054 0.098459 -0.995141
vn 0.000032 0.098314 0.995155
vn 0.000075 0.098331 0.995154
vn 0.000236 0.383620 0.923491
vn 0.000101 0.383580 0.923508
vn 0.000101 0.383580 0.923508
vn 0.000236 0.383620 0.923491
vn 0.000323 0.708090 0.706122
vn 0.000139 0.708054 0.706158
vn 0.000139 0.708054 0.706158
vn 0.000323 0.708090 0.706122
vn 0.000242 0.924244 0.381803
vn 0.000104 0.924233 0.381830
vn 0.000104 0.924233 0.381830
vn 0.000242 0.924244 0.381803
vn 0.000078 0.995210 0.097759
vn 0.000033 0.995210 0.097763
vn 0.000413 0.995203 -0.097828
vn 0.000747 0.995443 -0.095360
vn 0.002395 0.929780 -0.368108
vn 0.001320 0.924307 -0.381648
vn 0.001320 0.924307 -0.381648
vn 0.002395 0.929780 -0.368108
vn 0.003513 0.725946 -0.687743
vn 0.001884 0.708425 -0.705783
vn 0.001884 0.708425 -0.705783
vn 0.003513 0.725946 -0.687743
vn 0.003012 0.412919 -0.910763
vn 0.001528 0.384130 -0.923278
vn 0.001528 0.384130 -0.923278
vn 0.003012 0.412919 -0.910763
vn 0.001190 0.114838 -0.993384
vn 0.000540 0.098705 -0.995117
vn 0.000689 0.098645 0.995122
vn 0.001458 0.114528 0.993419
vn 0.003699 0.412386 0.911002
vn 0.001957 0.383811 0.923410
vn 0.001957 0.383811 0.923410
vn 0.003699 0.412386 0.911002
vn 0.004319 0.725577 0.688128
vn 0.002425 0.708043 0.706165
vn 0.002425 0.708043 0.706165
vn 0.004319 0.725577 0.688128
vn 0.002946 0.929699 0.368309
vn 0.001706 0.924150 0.382026
vn 0.001706 0.924150 0.382026
vn 0.002946 0.929699 0.368309
vn 0.000918 0.995444 0.095346
vn 0.000535 0.995189 0.097969
vn -1.000000 0.000000 -0.000000
vn -1.000000 0.000000 -0.000000
vn -1.000000 0.000000 -0.000000
vn -1.000000 0.000000 -0.000000
vn -0.999983 0.001356 -0.005655
vn -1.000000 0.000821 -0.000026
vn -0.999999 0.000807 -0.000778
vn -0.999942 -0.001676 -0.010664
vn -0.999585 0.008506 -0.027533
vn -0.999827 0.001889 -0.018509
vn -0.999553 -0.002933 -0.029770
vn -0.999013 0.006195 -0.043990
vn -0.999827 0.001889 -0.018509
vn -0.999983 0.001356 -0.005655
vn -0.999942 -0.001676 -0.010664
vn -0.999553 -0.002933 -0.029770
vn -1.000000 0.000821 -0.000026
vn -1.000000 0.000000 -0.000000
vn -1.000000 0.000000 -0.000000
vn -0.999999 0.000807 -0.000778
vn -0.999476 0.014155 -0.029116
vn -0.999585 0.008506 -0.027533
vn -0.999013 0.006195 -0.043990
vn -0.998745 0.013553 -0.048215
vn -0.999837 0.014740 -0.010385
vn -0.999886 0.010457 -0.010897
vn -0.999585 0.008506 -0.027533
vn -0.999476 0.014155 -0.029116
vn -0.999999 0.000835 0.000725
vn -1.000000 0.000000 -0.000000
vn -1.000000 0.000000 -0.000000
vn -1.000000 0.000821 -0.000026
vn -0.999953 0.006675 -0.007054
vn -0.999990 0.004388 -0.000638
vn -0.999983 0.001356 -0.005655
vn -0.999827 0.001889 -0.018509
vn -0.999886 0.010457 -0.010897
vn -0.999953 0.006675 -0.007054
vn -0.999827 0.001889 -0.018509
vn -0.999585 0.008506 -0.027533
vn -0.999990 0.004388 -0.000638
vn -0.999999 0.000835 0.000725
vn -1.000000 0.000821 -0.000026
vn -0.999983 0.001356 -0.005655
vn -1.000000 0.000000 -0.000000
vn -1.000000 0.000000 -0.000000
vn -1.000000 0.000000 -0.000000
vn -1.000000 0.000000 -0.000000
vn 1.000000 0.000000 0.000000
vn 1.000000 0.000000 0.000000
vn 1.000000 0.000000 0.000000
vn 1.000000 0.000000 0.000000
vn 1.000000 0.000000 0.000001
vn 1.000000 0.000000 0.000000
vn 1.000000 0.000000 0.000000
vn 1.000000 0.000000 0.000002
vn 1.000000 0.000000 0.000000
vn 1.000000 0.000000 0.000000
vn 1.000000 0.000000 0.000000
vn 1.000000 0.000000 0.000000
vn 1.000000 0.000000 0.000001
vn 1.000000 0.000000 0.000003
vn 1.000000 0.000000 0.000000
vn 1.000000 0.000000 0.000000
vn 1.000000 0.000000 0.000002
vn 1.000000 0.000000 0.000003
vn 1.000000 0.000000 0.000001
vn 1.000000 0.000000 0.000000
vn 1.000000 0.000000 0.000000
vn 1.000000 0.000000 0.000000
vn -0.715051 -0.627777 0.307568
vn -0.715051 -0.627777 0.307568
vn -0.715051 -0.627777 0.307568
vn -0.715051 -0.627777 0.307568
vn -0.912722 0.113146 -0.392602
vn -0.912722 0.113146 -0.392602
vn -0.912722 0.113146 -0.392602
vn -0.912722 0.113146 -0.392602
vn 0.000000 0.000000 1.000000
vn 0.000000 0.000000 1.000000
vn 0.000000 0.000000 1.000000
vn 0.000000 0.000000 1.000000
vn 0.531578 -0.815563 0.228653
vn 0.531578 -0.815563 0.228653
vn 0.531578 -0.815563 0.228653
vn 0.531578 -0.815563 0.228653
vn 0.000000 -1.000000 0.000000
vn -0.000000 -1.000000 0.000000
vn -0.000000 -1.000000 0.000000
vn -0.000000 -1.000000 0.000000
vn 0.000000 -1.000000 0.000000
vn 0.000000 -1.000000 0.000000
vn 0.000000 -1.000000 0.000000
vn 0.000000 -1.000000 0.000000
vn 0.000000 -1.000000 0.000000
vn 0.000000 -1.000000 0.000000
vn -0.000000 -1.000000 0.000000
vn 0.000000 -1.000000 0.000000
vn 0.000000 -0.000000 -1.000000
vn 0.000000 -0.000000 -1.000000
vn 0.000000 0.128598 -0.991697
vn 0.000000 0.128598 -0.991697
vn 0.000000 0.991186 -0.132481
vn 0.000000 0.991186 -0.132481
vn 0.000000 1.000000 -0.000000
vn 0.000000 1.000000 -0.000000
vn 0.000000 0.991186 -0.132481
vn 0.000000 0.991186 -0.132481
vn 0.000000 0.863066 -0.505092
vn 0.000000 0.863066 -0.505092
vn 0.000000 0.863066 -0.505092
vn 0.000000 0.863066 -0.505092
vn 0.000000 0.494914 -0.868942
vn 0.000000 0.494914 -0.868942
vn 0.000000 0.494914 -0.868942
vn 0.000000 0.494914 -0.868942
vn 0.000000 0.128598 -0.991697
vn 0.000000 0.128598 -0.991697
vn 0.000000 1.000000 0.000000
vn 0.000000 1.000000 -0.000000
vn 0.000000 1.000000 -0.000000
vn 0.000000 1.000000 0.000000
vn 0.949757 0.312961 0.004048
vn 0.949757 0.312961 0.004048
vn 0.949996 0.312264 -0.000035
vn 0.949996 0.312263 -0.000037
vn 0.950217 0.311560 -0.004121
vn 0.949996 0.312263 -0.000037
vn 0.949996 0.312264 -0.000035
vn 0.950217 0.311560 -0.004121
vn 0.597818 0.801631 -0.001069
vn 0.596810 0.802383 0.000001
vn 0.765834 0.643038 0.000000
vn 0.765095 0.643917 -0.000875
vn 0.754959 0.655773 0.000060
vn 0.759139 0.650867 0.008955
vn 0.457284 0.860454 0.224747
vn 0.574760 0.818322 0.000116
vn 0.539104 0.819814 0.193057
vn 0.759139 0.650867 0.008955
vn 0.689307 0.699921 -0.186995
vn 0.539301 0.798141 -0.268562
vn 1.000000 0.000000 0.000000
vn 1.000000 0.000000 -0.000000
vn 0.972295 0.233758 -0.000000
vn 0.972301 0.233733 -0.000327
vn 0.455386 0.732893 -0.505462
vn 0.455881 0.746179 -0.485169
vn 0.539301 0.798141 -0.268562
vn 0.689307 0.699921 -0.186995
vn 0.758709 0.651361 -0.009461
vn 0.464194 0.858494 -0.217973
vn 0.535709 0.823990 -0.184543
vn 1.000000 0.000000 0.000001
vn 0.972292 0.233770 0.000332
vn 0.972295 0.233758 -0.000000
vn 1.000000 0.000000 -0.000000
vn 0.535709 0.823990 -0.184543
vn 0.464194 0.858494 -0.217973
vn 0.299869 0.905621 -0.299881
vn 0.539301 0.798141 -0.268562
vn 0.455881 0.746179 -0.485169
vn 0.456123 0.764268 -0.455902
vn 0.299880 0.905618 0.299880
vn 0.457284 0.860454 0.224747
vn 0.539104 0.819814 0.193057
vn 1.000000 0.000000 0.000001
vn 0.972291 0.233771 0.000804
vn 0.972292 0.233770 0.000332
vn 0.759139 0.650867 0.008955
vn 0.539104 0.819814 0.193057
vn 0.457284 0.860454 0.224747
vn 0.754959 0.655773 0.000060
vn 0.574760 0.818322 0.000116
vn 0.464194 0.858494 -0.217973
vn 0.758709 0.651361 -0.009461
vn 1.000000 0.000000 0.000000
vn 0.972301 0.233733 -0.000327
vn 0.972340 0.233571 -0.000753
vn 0.765095 0.643917 -0.000875
vn 0.765834 0.643038 0.000000
vn 0.972340 0.233571 -0.000753
vn 0.758709 0.651361 -0.009461
vn 0.972301 0.233733 -0.000327
vn 0.972295 0.233758 -0.000000
vn 0.754959 0.655773 0.000060
vn 0.765095 0.643917 -0.000875
vn 0.972340 0.233571 -0.000753
vn 0.972301 0.233733 -0.000327
vn 0.758709 0.651361 -0.009461
vn 0.972292 0.233770 0.000332
vn 0.759139 0.650867 0.008955
vn 0.754959 0.655773 0.000060
vn 0.972295 0.233758 -0.000000
vn 0.972291 0.233771 0.000804
vn 0.689307 0.699921 -0.186995
vn 0.759139 0.650867 0.008955
vn 0.972292 0.233770 0.000332
vn 0.535709 0.823990 -0.184543
vn 0.597818 0.801631 -0.001069
vn 0.765095 0.643917 -0.000875
vn 0.758709 0.651361 -0.009461
vn 0.083590 0.699620 -0.709609
vn 0.083589 0.699620 -0.709609
vn 0.325463 0.615175 -0.718076
vn 0.325462 0.615175 -0.718076
vn 0.325462 0.615175 -0.718076
vn 0.325463 0.615175 -0.718076
vn 0.587014 0.369388 -0.720393
vn 0.587013 0.369390 -0.720393
vn 0.587013 0.369390 -0.720393
vn 0.587014 0.369388 -0.720393
vn 0.696139 0.100922 -0.710778
vn 0.696140 0.100920 -0.710778
vn -0.000000 0.707107 -0.707107
vn -0.000000 0.707107 -0.707107
vn 0.083589 0.699620 -0.709609
vn 0.083590 0.699620 -0.709609
vn 0.696140 0.100920 -0.710778
vn 0.696139 0.100922 -0.710778
vn 0.707107 -0.000000 -0.707106
vn 0.707107 -0.000000 -0.707106
vn 1.000000 0.000573 0.000439
vn 1.000000 0.000000 0.000000
vn 1.000000 0.000000 0.000000
vn 1.000000 0.000343 0.000586
vn 0.999853 -0.004164 0.016656
vn 0.999986 0.000317 0.005216
vn 0.999985 -0.001864 0.005153
vn 0.999919 -0.007717 0.010102
vn 0.997513 -0.067942 0.018745
vn 0.999098 -0.036541 0.021638
vn 0.999446 -0.032848 0.005363
vn 0.997733 -0.067206 0.003411
vn 0.999098 -0.036541 0.021638
vn 0.999853 -0.004164 0.016656
vn 0.999919 -0.007717 0.010102
vn 0.999446 -0.032848 0.005363
vn 0.999986 0.000317 0.005216
vn 1.000000 0.000573 0.000439
vn 1.000000 0.000343 0.000586
vn 0.999985 -0.001864 0.005153
vn 0.997335 -0.070703 0.017998
vn 0.997513 -0.067942 0.018745
vn 0.997733 -0.067206 0.003411
vn 0.996789 -0.079754 0.007170
vn 0.997683 -0.061616 0.028847
vn 0.997057 -0.068670 0.034083
vn 0.997513 -0.067942 0.018745
vn 0.997335 -0.070703 0.017998
vn 0.999983 0.002497 0.005279
vn 1.000000 0.000803 0.000291
vn 1.000000 0.000573 0.000439
vn 0.999986 0.000317 0.005216
vn 0.998476 -0.040130 0.037892
vn 0.999731 -0.000612 0.023209
vn 0.999853 -0.004164 0.016656
vn 0.999098 -0.036541 0.021638
vn 0.997057 -0.068670 0.034083
vn 0.998476 -0.040130 0.037892
vn 0.999098 -0.036541 0.021638
vn 0.997513 -0.067942 0.018745
vn 0.999731 -0.000612 0.023209
vn 0.999983 0.002497 0.005279
vn 0.999986 0.000317 0.005216
vn 0.999853 -0.004164 0.016656
vn 1.000000 0.000803 0.000291
vn 1.000000 0.000000 0.000000
vn 1.000000 0.000000 0.000000
vn 1.000000 0.000573 0.000439
vn -0.000000 -0.000000 -1.000000
vn -0.000000 -0.000000 -1.000000
vn -0.000000 -0.000000 -1.000000
vn -0.000000 -0.000000 -1.000000
vn -0.000000 -0.000000 -1.000000
vn -0.000000 -0.000000 -1.000000
vn -0.000000 -0.000000 -1.000000
vn -0.000000 -0.000000 -1.000000
vn -0.000000 -0.000000 -1.000000
vn 0.000000 -0.000000 -1.000000
vn 0.000000 -0.000000 -1.000000
vn -0.000000 -0.000000 -1.000000
vn -0.000000 -0.000000 -1.000000
vn 0.000000 -0.000000 -1.000000
vn 0.000000 -0.000000 -1.000000
vn -0.000000 -0.000000 -1.000000
vn -0.000000 -0.000000 -1.000000
vn -0.000000 -0.000000 -1.000000
vn -0.000000 -0.000000 -1.000000
vn -0.000000 -0.000000 -1.000000
vn 1.000000 0.000000 -0.000000
vn 1.000000 0.000000 -0.000000
vn 1.000000 0.000000 -0.000000
vn 1.000000 0.000000 -0.000000
vn 1.000000 0.000000 -0.000000
vn 1.000000 -0.000000 -0.000000
vn 1.000000 -0.000000 -0.000000
vn 1.000000 -0.000000 -0.000000
vn 1.000000 -0.000000 -0.000000
vn 1.000000 0.000000 -0.000000
vn 1.000000 0.000000 -0.000000
vn 0.395138 0.000003 0.918622
vn 0.395138 0.000003 0.918622
vn 0.395138 0.000003 0.918622
vn 0.395138 0.000003 0.918622
vn 0.000006 1.000000 -0.000000
vn 0.000012 1.000000 -0.000000
vn 0.000012 1.000000 -0.000000
vn 0.000006 1.000000 -0.000000
vn -0.000024 1.000000 -0.000000
vn -0.000024 1.000000 -0.000000
vn -0.000024 1.000000 -0.000000
vn -0.000024 1.000000 -0.000000
vn 0.000000 1.000000 -0.000000
vn 0.000000 1.000000 -0.000000
vn 0.000000 1.000000 -0.000000
vn 0.000000 1.000000 -0.000000
vn -0.000012 1.000000 -0.000000
vn -0.000006 1.000000 -0.000000
vn -0.000006 1.000000 -0.000000
vn -0.000012 1.000000 -0.000000
vn 0.000000 1.000000 -0.000000
vn -0.000006 1.000000 -0.000000
vn -0.000006 1.000000 -0.000000
vn 0.000000 1.000000 -0.000000
vn -0.000006 1.000000 -0.000000
vn 0.000006 1.000000 -0.000000
vn 0.000006 1.000000 -0.000000
vn -0.000006 1.000000 -0.000000
vn 0.000000 1.000000 -0.000000
vn -0.000024 1.000000 -0.000000
vn -0.000024 1.000000 -0.000000
vn 0.000000 1.000000 -0.000000
vn 0.000024 1.000000 -0.000000
vn 0.000000 1.000000 -0.000000
vn 0.000000 1.000000 -0.000000
vn 0.000024 1.000000 -0.000000
vn 0.000000 1.000000 -0.000000
vn 0.000024 1.000000 -0.000000
vn 0.000024 1.000000 -0.000000
vn 0.000000 1.000000 -0.000000
vn 0.000000 1.000000 -0.000000
vn -0.000012 1.000000 -0.000000
vn -0.000012 1.000000 -0.000000
vn 0.000000 1.000000 -0.000000
vn 0.000006 1.000000 -0.000000
vn 0.000000 1.000000 -0.000000
vn 0.000000 1.000000 -0.000000
vn 0.000006 1.000000 -0.000000
vn 0.000000 1.000000 -0.000000
vn -0.000006 1.000000 -0.000000
vn -0.000006 1.000000 -0.000000
vn 0.000000 1.000000 -0.000000
vn 0.000000 1.000000 -0.000000
vn 0.000000 1.000000 -0.000000
vn 0.000000 1.000000 -0.000000
vn 0.000000 1.000000 -0.000000
vn -0.000006 1.000000 -0.000000
vn -0.000006 1.000000 -0.000000
vn -0.000006 1.000000 -0.000000
vn -0.000006 1.000000 -0.000000
vn -0.000006 1.000000 -0.000000
vn 0.000006 1.000000 -0.000000
vn 0.000006 1.000000 -0.000000
vn -0.000006 1.000000 -0.000000
vn 0.000000 1.000000 -0.000000
vn 0.000006 1.000000 -0.000000
vn 0.000006 1.000000 -0.000000
vn 0.000000 1.000000 -0.000000
vn -0.000024 1.000000 -0.000000
vn 0.000000 1.000000 -0.000000
vn 0.000000 1.000000 -0.000000
vn -0.000024 1.000000 -0.000000
vn 0.000012 1.000000 -0.000000
vn 0.000000 1.000000 -0.000000
vn 0.000000 1.000000 -0.000000
vn 0.000012 1.000000 -0.000000
vn -0.000006 1.000000 -0.000000
vn 0.000000 1.000000 -0.000000
vn 0.000000 1.000000 -0.000000
vn -0.000006 1.000000 -0.000000
vn 0.000006 1.000000 -0.000000
vn 0.000000 1.000000 -0.000000
vn 0.000000 1.000000 -0.000000
vn 0.000006 1.000000 -0.000000
vn 0.000006 1.000000 -0.000000
vn 0.000006 1.000000 -0.000000
vn 0.000006 1.000000 -0.000000
vn 0.000006 1.000000 -0.000000
vn 0.000000 1.000000 -0.000000
vn 0.000000 1.000000 -0.000000
vn 0.000000 1.000000 -0.000000
vn 0.000000 1.000000 -0.000000
vn 0.000000 1.000000 -0.000000
vn 0.000000 1.000000 -0.000000
vn 0.000000 1.000000 -0.000000
vn 0.000000 1.000000 -0.000000
vn 0.000024 1.000000 -0.000000
vn 0.000024 1.000000 -0.000000
vn 0.000024 1.000000 -0.000000
vn 0.000024 1.000000 -0.000000
vn -1.000000 -0.000000 -0.000000
vn -1.000000 -0.000000 -0.000000
vn -1.000000 -0.000000 -0.000000
vn -1.000000 -0.000000 -0.000000
vn -1.000000 -0.000000 -0.000002
vn -1.000000 -0.000000 -0.000002
vn -1.000000 -0.000000 -0.000003
vn -1.000000 -0.000000 -0.000003
vn -1.000000 0.000000 -0.000000
vn -1.000000 0.000000 -0.000000
vn -1.000000 -0.000000 -0.000002
vn -1.000000 -0.000000 -0.000002
vn -1.000000 0.000000 -0.000000
vn -1.000000 0.000000 -0.000000
vn -1.000000 0.000000 -0.000000
vn -1.000000 0.000000 -0.000000
vn -1.000000 -0.000000 -0.000001
vn -1.000000 -0.000000 -0.000001
vn -1.000000 0.000000 -0.000000
vn -1.000000 0.000000 -0.000000
vn -1.000000 -0.000000 -0.000001
vn -1.000000 -0.000000 -0.000001
vn -1.000000 -0.000000 -0.000001
vn -1.000000 -0.000000 -0.000001
vn -1.000000 -0.000000 -0.000001
vn -1.000000 -0.000000 -0.000001
vn -1.000000 -0.000000 -0.000001
vn -1.000000 -0.000000 -0.000001
vn -1.000000 0.000000 -0.000000
vn -1.000000 0.000000 -0.000000
vn -1.000000 0.000000 -0.000000
vn -1.000000 0.000000 -0.000000
vn -1.000000 -0.000000 -0.000003
vn -1.000000 -0.000000 -0.000003
vn -1.000000 -0.000000 -0.000001
vn -1.000000 -0.000000 -0.000001
vn 1.000000 0.000000 0.000000
vn 0.989654 0.143473 -0.000000
vn 0.989654 0.143473 -0.000000
vn 1.000000 0.000000 0.000000
vn 0.118635 0.992938 -0.000000
vn 0.467644 0.883917 -0.000000
vn 0.467644 0.883917 -0.000000
vn 0.118635 0.992938 -0.000000
vn 0.000000 1.000000 -0.000000
vn 0.118635 0.992938 -0.000000
vn 0.118635 0.992938 -0.000000
vn 0.000000 1.000000 -0.000000
vn 0.846372 0.532592 -0.000000
vn 0.989654 0.143473 -0.000000
vn 0.989654 0.143473 -0.000000
vn 0.846372 0.532592 -0.000000
vn 0.467644 0.883917 -0.000000
vn 0.846372 0.532592 -0.000000
vn 0.846372 0.532592 -0.000000
vn 0.467644 0.883917 -0.000000
vn 0.083590 0.699623 0.709606
vn 0.083590 0.699623 0.709606
vn 0.325464 0.615177 0.718074
vn 0.325465 0.615177 0.718074
vn 0.325465 0.615177 0.718074
vn 0.325464 0.615177 0.718074
vn 0.587016 0.369390 0.720392
vn 0.587016 0.369388 0.720392
vn 0.587016 0.369388 0.720392
vn 0.587016 0.369390 0.720392
vn 0.696142 0.100920 0.710775
vn 0.696141 0.100922 0.710776
vn 0.000000 0.707108 0.707106
vn 0.000000 0.707108 0.707106
vn 0.083590 0.699623 0.709606
vn 0.083590 0.699623 0.709606
vn 0.696141 0.100922 0.710776
vn 0.696142 0.100920 0.710775
vn 0.707109 0.000000 0.707104
vn 0.707109 0.000000 0.707104
vn -0.000058 0.000003 1.000000
vn -0.000058 0.000003 1.000000
vn -0.000058 0.000003 1.000000
vn -0.000058 0.000003 1.000000
vn -0.000058 0.000003 1.000000
vn -0.000058 0.000003 1.000000
vn -0.000058 0.000003 1.000000
vn 1.000000 0.000000 0.000000
vn 1.000000 0.000000 0.000000
vn 1.000000 0.000000 0.000000
vn 1.000000 0.000000 0.000000
vn 0.998862 0.044346 0.017582
vn 0.999986 0.004641 0.002507
vn 0.999989 0.003388 0.003096
vn 0.998988 0.038096 0.023913
vn 0.988466 0.118756 0.093980
vn 0.993176 0.105035 0.050681
vn 0.993479 0.089842 0.070204
vn 0.986846 0.095413 0.130503
vn 0.993176 0.105035 0.050681
vn 0.998862 0.044346 0.017582
vn 0.998988 0.038096 0.023913
vn 0.993479 0.089842 0.070204
vn 0.999986 0.004641 0.002507
vn 1.000000 0.000000 0.000000
vn 1.000000 0.000000 0.000000
vn 0.999989 0.003388 0.003096
vn 0.987386 0.106696 0.116979
vn 0.988466 0.118756 0.093980
vn 0.986846 0.095413 0.130503
vn 0.983492 0.080965 0.161828
vn 0.988625 0.132321 0.071493
vn 0.988226 0.141729 0.057644
vn 0.988466 0.118756 0.093980
vn 0.987386 0.106696 0.116979
vn 0.999981 0.005895 0.001918
vn 1.000000 0.000000 0.000000
vn 1.000000 0.000000 0.000000
vn 0.999986 0.004641 0.002507
vn 0.992263 0.120159 0.031233
vn 0.998656 0.050604 0.011243
vn 0.998862 0.044346 0.017582
vn 0.993176 0.105035 0.050681
vn 0.988226 0.141729 0.057644
vn 0.992263 0.120159 0.031233
vn 0.993176 0.105035 0.050681
vn 0.988466 0.118756 0.093980
vn 0.998656 0.050604 0.011243
vn 0.999981 0.005895 0.001918
vn 0.999986 0.004641 0.002507
vn 0.998862 0.044346 0.017582
vn 1.000000 0.000000 0.000000
vn 1.000000 0.000000 0.000000
vn 1.000000 0.000000 0.000000
vn 1.000000 0.000000 0.000000
vn -0.000000 -1.000000 0.000000
vn -0.000000 -1.000000 0.000000
vn -0.000299 -0.995533 -0.094415
vn -0.000306 -0.995323 -0.096598
vn -0.000370 -0.099862 -0.995001
vn -0.000434 -0.117002 -0.993132
vn 0.000000 -0.000000 -1.000000
vn 0.000000 0.000000 1.000000
vn -0.000361 -0.116983 0.993134
vn -0.000308 -0.099766 0.995011
vn -0.000263 -0.995320 0.096629
vn -0.000822 -0.925836 0.377924
vn -0.000801 -0.931055 0.364879
vn -0.000257 -0.995525 0.094498
vn -0.000822 -0.925836 0.377924
vn -0.001134 -0.712409 0.701764
vn -0.001131 -0.729745 0.683718
vn -0.000801 -0.931055 0.364879
vn -0.001134 -0.712409 0.701764
vn -0.000890 -0.387760 0.921760
vn -0.000933 -0.417816 0.908531
vn -0.001131 -0.729745 0.683718
vn -0.000890 -0.387760 0.921760
vn -0.000308 -0.099766 0.995011
vn -0.000361 -0.116983 0.993134
vn -0.000933 -0.417816 0.908531
vn -0.000299 -0.995533 -0.094415
vn -0.000935 -0.931136 -0.364671
vn -0.000960 -0.925899 -0.377770
vn -0.000306 -0.995323 -0.096598
vn -0.000935 -0.931136 -0.364671
vn -0.001330 -0.729942 -0.683508
vn -0.001335 -0.712601 -0.701568
vn -0.000960 -0.925899 -0.377770
vn -0.001330 -0.729942 -0.683508
vn -0.001110 -0.417982 -0.908455
vn -0.001060 -0.387969 -0.921672
vn -0.001335 -0.712601 -0.701568
vn -0.001110 -0.417982 -0.908455
vn -0.000434 -0.117002 -0.993132
vn -0.000370 -0.099862 -0.995001
vn -0.001060 -0.387969 -0.921672
vn -0.000263 -0.995320 0.096629
vn -0.000257 -0.995525 0.094498
vn -0.000000 -1.000000 0.000000
vn -0.000000 -1.000000 0.000000
vn -0.917919 0.039084 0.394838
vn -0.917919 0.039084 0.394838
vn -0.917919 0.039084 0.394838
vn -0.917919 0.039084 0.394838
vn 0.319229 -0.000000 -0.947678
vn 0.000000 -0.000000 -1.000000
vn 0.000000 -0.000000 -1.000000
vn 0.364585 0.663531 -0.653303
vn 0.000000 0.000000 1.000000
vn 0.319229 0.000000 0.947678
vn 0.364586 0.663531 0.653302
vn 0.000000 0.000000 1.000000
vn 0.367264 0.930117 -0.000000
vn 0.683196 0.730235 -0.000000
vn 0.764622 0.420714 -0.488214
vn 0.364585 0.663531 -0.653303
vn 0.000682 -0.999733 0.023085
vn 0.364231 -0.930774 -0.031542
vn 0.307003 -0.951633 -0.011961
vn 0.001010 -0.999867 0.016297
vn 0.000000 1.000000 -0.000000
vn 0.367264 0.930117 -0.000000
vn 0.364585 0.663531 -0.653303
vn 0.000000 1.000000 -0.000000
vn 0.319229 0.000000 0.947678
vn 0.605052 0.000000 0.796186
vn 0.764623 0.420713 0.488213
vn 0.364586 0.663531 0.653302
vn 0.296956 0.015599 -0.954764
vn 0.564747 0.037099 -0.824430
vn 0.720032 -0.429339 -0.545180
vn 0.325502 -0.672113 -0.665066
vn 0.364231 -0.930774 -0.031542
vn 0.662413 -0.745486 -0.073886
vn 0.660241 -0.749583 -0.046981
vn 0.307003 -0.951633 -0.011961
vn 0.319229 -0.000000 -0.947678
vn 0.605052 -0.000000 -0.796186
vn 0.604669 0.001064 -0.796476
vn 0.318695 0.000560 -0.947857
vn 0.312445 0.018986 0.949746
vn 0.606608 0.030425 0.794419
vn 0.606114 0.004311 0.795366
vn 0.318523 0.002250 0.947913
vn 0.000000 0.000000 1.000000
vn 0.312445 0.018986 0.949746
vn 0.318523 0.002250 0.947913
vn 0.000000 0.000000 1.000000
vn 0.309982 0.009916 -0.950691
vn 0.000000 -0.000000 -1.000000
vn 0.000000 -0.000000 -1.000000
vn 0.318695 0.000560 -0.947857
vn 0.296956 0.015599 -0.954764
vn 0.000000 -0.000000 -1.000000
vn 0.000000 -0.000000 -1.000000
vn 0.300866 0.020962 -0.953436
vn 0.300866 0.020962 -0.953436
vn 0.000000 -0.000000 -1.000000
vn 0.000000 -0.000000 -1.000000
vn 0.309982 0.009916 -0.950691
vn 0.000000 0.000000 1.000000
vn 0.315022 0.047088 0.947916
vn 0.310279 0.043750 0.949638
vn 0.000000 0.000000 1.000000
vn 0.000000 0.000000 1.000000
vn 0.310279 0.043750 0.949638
vn 0.312445 0.018986 0.949746
vn 0.000000 0.000000 1.000000
vn 0.315022 0.047088 0.947916
vn 0.593858 0.093943 0.799067
vn 0.602190 0.074527 0.794867
vn 0.310279 0.043750 0.949638
vn 0.310279 0.043750 0.949638
vn 0.602190 0.074527 0.794867
vn 0.606608 0.030425 0.794419
vn 0.312445 0.018986 0.949746
vn 0.318695 0.000560 -0.947857
vn 0.604669 0.001064 -0.796476
vn 0.598759 0.014918 -0.800791
vn 0.309982 0.009916 -0.950691
vn 0.309982 0.009916 -0.950691
vn 0.598759 0.014918 -0.800791
vn 0.583010 0.036698 -0.811636
vn 0.300866 0.020962 -0.953436
vn 0.364585 0.663531 -0.653303
vn 0.764622 0.420714 -0.488214
vn 0.605052 -0.000000 -0.796186
vn 0.319229 -0.000000 -0.947678
vn 0.318523 0.002250 0.947913
vn 0.606114 0.004311 0.795366
vn 0.605052 0.000000 0.796186
vn 0.319229 0.000000 0.947678
vn 0.000000 0.000000 1.000000
vn 0.318523 0.002250 0.947913
vn 0.319229 0.000000 0.947678
vn 0.000000 0.000000 1.000000
vn 0.318695 0.000560 -0.947857
vn 0.000000 -0.000000 -1.000000
vn 0.000000 -0.000000 -1.000000
vn 0.319229 -0.000000 -0.947678
vn 0.257525 0.035841 0.965607
vn 0.588835 0.081950 0.804088
vn 0.593858 0.093943 0.799067
vn 0.315022 0.047088 0.947916
vn 0.000000 0.000001 1.000000
vn 0.257525 0.035841 0.965607
vn 0.315022 0.047088 0.947916
vn 0.000000 0.000000 1.000000
vn 0.325502 -0.672113 -0.665066
vn 0.000000 -0.000000 -1.000000
vn 0.000000 -0.000000 -1.000000
vn 0.296956 0.015599 -0.954764
vn 0.300866 0.020962 -0.953436
vn 0.583010 0.036698 -0.811636
vn 0.564747 0.037099 -0.824430
vn 0.296956 0.015599 -0.954764
vn 0.325502 -0.672113 -0.665066
vn 0.720032 -0.429339 -0.545180
vn 0.662413 -0.745486 -0.073886
vn 0.364231 -0.930774 -0.031542
vn 0.000000 1.000000 -0.000000
vn 0.364586 0.663531 0.653302
vn 0.367264 0.930117 -0.000000
vn 0.000000 1.000000 -0.000000
vn 0.000403 -0.999583 0.028868
vn 0.325502 -0.672113 -0.665066
vn 0.364231 -0.930774 -0.031542
vn 0.000682 -0.999733 0.023085
vn 0.364586 0.663531 0.653302
vn 0.764623 0.420713 0.488213
vn 0.683196 0.730235 -0.000000
vn 0.367264 0.930117 -0.000000
vn 0.455930 -0.087550 0.885699
vn 0.455930 -0.087550 0.885699
vn 0.455930 -0.087550 0.885699
vn 0.455930 -0.087550 0.885699
vn 0.667358 0.309776 -0.677253
vn 0.665447 0.503114 -0.551412
vn 0.665448 0.503114 -0.551412
vn 0.657531 0.223175 -0.719615
vn 0.657531 0.223175 -0.719615
vn 0.606498 -0.000000 -0.795085
vn 0.606498 -0.000000 -0.795085
vn 0.667358 0.309776 -0.677253
vn -0.968269 0.090810 -0.232827
vn -0.968269 0.090810 -0.232827
vn -0.968269 0.090810 -0.232827
vn -0.968269 0.090810 -0.232827
vn -0.000000 -0.000000 -1.000000
vn -0.000000 -0.000000 -1.000000
vn -0.000000 -0.000000 -1.000000
vn -0.000000 -0.000000 -1.000000
vn -0.000000 -0.000000 -1.000000
vn -0.000000 -0.000000 -1.000000
vn -0.000000 -0.000000 -1.000000
vn -0.000000 -0.000000 -1.000000
vn 0.000000 -0.000000 -1.000000
vn 0.000000 -0.000000 -1.000000
vn -0.000000 -0.000000 -1.000000
vn 1.000000 0.000011 -0.000021
vn 1.000000 0.000000 0.000000
vn 1.000000 0.000000 0.000000
vn 1.000000 0.000000 0.000000
vn 0.999400 0.033067 0.010297
vn 0.999216 0.038364 0.009778
vn 0.999976 0.006910 0.000059
vn 0.999976 0.006980 -0.000181
vn 0.992092 0.038228 0.119551
vn 0.989509 0.083910 0.117609
vn 0.996477 0.071196 0.044334
vn 0.997621 0.049853 0.047611
vn 0.997621 0.049853 0.047611
vn 0.996477 0.071196 0.044334
vn 0.999216 0.038364 0.009778
vn 0.999400 0.033067 0.010297
vn 0.999976 0.006980 -0.000181
vn 0.999976 0.006910 0.000059
vn 1.000000 0.000000 0.000000
vn 1.000000 0.000011 -0.000021
vn 0.985916 0.029081 0.164691
vn 0.982364 0.088115 0.164913
vn 0.989509 0.083910 0.117609
vn 0.992092 0.038228 0.119551
vn 0.986007 -0.030542 0.163884
vn 0.985916 0.029081 0.164691
vn 0.992092 0.038228 0.119551
vn 0.992508 -0.007583 0.121946
vn 0.999975 0.007051 -0.000421
vn 0.999976 0.006980 -0.000181
vn 1.000000 0.000011 -0.000021
vn 1.000000 0.000022 -0.000042
vn 0.998295 0.028535 0.050921
vn 0.997621 0.049853 0.047611
vn 0.999400 0.033067 0.010297
vn 0.999556 0.027771 0.010816
vn 0.992508 -0.007583 0.121946
vn 0.992092 0.038228 0.119551
vn 0.997621 0.049853 0.047611
vn 0.998295 0.028535 0.050921
vn 0.999556 0.027771 0.010816
vn 0.999400 0.033067 0.010297
vn 0.999976 0.006980 -0.000181
vn 0.999975 0.007051 -0.000421
vn 1.000000 0.000022 -0.000042
vn 1.000000 0.000011 -0.000021
vn 1.000000 0.000000 0.000000
vn 1.000000 0.000000 0.000000
vn 0.679834 -0.733366 0.000000
vn 0.679832 -0.733368 0.000000
vn 0.679832 -0.733368 0.000000
vn 0.679834 -0.733366 0.000000
vn 0.679830 -0.733370 0.000000
vn 0.679830 -0.733370 0.000000
vn 0.679832 -0.733368 0.000000
vn 0.679832 -0.733368 0.000000
vn 1.000000 0.000000 0.000000
vn 0.989654 0.143473 -0.000000
vn 0.989654 0.143473 -0.000000
vn 1.000000 0.000000 0.000000
vn 0.118635 0.992938 -0.000000
vn 0.467644 0.883917 -0.000000
vn 0.467644 0.883917 -0.000000
vn 0.118635 0.992938 -0.000000
vn -0.000000 1.000000 -0.000000
vn 0.118635 0.992938 -0.000000
vn 0.118635 0.992938 -0.000000
vn -0.000000 1.000000 -0.000000
vn 0.846373 0.532591 -0.000000
vn 0.989654 0.143473 -0.000000
vn 0.989654 0.143473 -0.000000
vn 0.846373 0.532591 -0.000000
vn 0.467644 0.883917 -0.000000
vn 0.846373 0.532591 -0.000000
vn 0.846373 0.532591 -0.000000
vn 0.467644 0.883917 -0.000000
vn -0.567042 0.786742 0.243929
vn -0.567042 0.786742 0.243929
vn -0.567041 0.786742 0.243929
vn -0.567042 0.786742 0.243929
vn 0.686429 0.664557 0.295262
vn 0.686429 0.664557 0.295262
vn 0.686429 0.664557 0.295262
vn 0.686429 0.664557 0.295262
vn 1.000000 0.000000 0.000000
vn 1.000000 0.000000 0.000000
vn 1.000000 0.000000 0.000000
vn 1.000000 0.000000 0.000000
vn 0.998862 0.044346 -0.017581
vn 0.998988 0.038096 -0.023912
vn 0.999989 0.003388 -0.003095
vn 0.999986 0.004641 -0.002507
vn 0.988466 0.118755 -0.093981
vn 0.986846 0.095412 -0.130503
vn 0.993479 0.089842 -0.070204
vn 0.993176 0.105035 -0.050680
vn 0.993176 0.105035 -0.050680
vn 0.993479 0.089842 -0.070204
vn 0.998988 0.038096 -0.023912
vn 0.998862 0.044346 -0.017581
vn 0.999986 0.004641 -0.002507
vn 0.999989 0.003388 -0.003095
vn 1.000000 0.000000 0.000000
vn 1.000000 0.000000 0.000000
vn 0.987387 0.106695 -0.116979
vn 0.983492 0.080964 -0.161826
vn 0.986846 0.095412 -0.130503
vn 0.988466 0.118755 -0.093981
vn 0.988625 0.132320 -0.071495
vn 0.987387 0.106695 -0.116979
vn 0.988466 0.118755 -0.093981
vn 0.988226 0.141729 -0.057645
vn 0.999981 0.005894 -0.001918
vn 0.999986 0.004641 -0.002507
vn 1.000000 0.000000 0.000000
vn 1.000000 0.000000 0.000000
vn 0.992263 0.120159 -0.031233
vn 0.993176 0.105035 -0.050680
vn 0.998862 0.044346 -0.017581
vn 0.998656 0.050604 -0.011243
vn 0.988226 0.141729 -0.057645
vn 0.988466 0.118755 -0.093981
vn 0.993176 0.105035 -0.050680
vn 0.992263 0.120159 -0.031233
vn 0.998656 0.050604 -0.011243
vn 0.998862 0.044346 -0.017581
vn 0.999986 0.004641 -0.002507
vn 0.999981 0.005894 -0.001918
vn 1.000000 0.000000 0.000000
vn 1.000000 0.000000 0.000000
vn 1.000000 0.000000 0.000000
vn 1.000000 0.000000 0.000000
vn 1.000000 -0.000000 -0.000001
vn 1.000000 -0.000000 -0.000001
vn 1.000000 0.000000 0.000001
vn 1.000000 -0.000000 -0.000000
vn 1.000000 0.000000 0.000000
vn 1.000000 0.000000 0.000000
vn 1.000000 0.000000 0.000000
vn 1.000000 0.000000 0.000000
vn 1.000000 -0.000000 -0.000000
vn 1.000000 0.000000 0.000001
vn 1.000000 0.000000 0.000000
vn 1.000000 0.000000 0.000000
vn 1.000000 0.000000 0.000000
vn 1.000000 0.000000 0.000000
vn 1.000000 0.000000 0.000000
vn 1.000000 0.000000 0.000000
vn 1.000000 0.000000 0.000000
vn 1.000000 0.000000 0.000000
vn 1.000000 0.000000 0.000000
vn 1.000000 0.000000 0.000001
vn 1.000000 -0.000000 -0.000000
vn 1.000000 0.000000 0.000001
vn 0.000000 -1.000000 0.000000
vn 0.000000 -1.000000 0.000000
vn 0.000000 -1.000000 0.000000
vn 0.000000 -1.000000 0.000000
vn -0.000000 -1.000000 0.000000
vn -0.000000 -1.000000 0.000000
vn 0.000000 -1.000000 0.000000
vn 0.000000 -1.000000 0.000000
vn -1.000000 -0.000537 -0.000401
vn -1.000000 0.000000 -0.000000
vn -1.000000 0.000000 -0.000000
vn -1.000000 -0.000768 -0.000243
vn -0.999883 0.005617 -0.014206
vn -0.999987 -0.000494 -0.005181
vn -0.999982 -0.002901 -0.005197
vn -0.999828 0.003071 -0.018307
vn -0.997736 0.065404 -0.015696
vn -0.999200 0.036307 -0.016744
vn -0.998875 0.038917 -0.027115
vn -0.997555 0.064222 -0.027545
vn -0.999200 0.036307 -0.016744
vn -0.999883 0.005617 -0.014206
vn -0.999828 0.003071 -0.018307
vn -0.998875 0.038917 -0.027115
vn -0.999987 -0.000494 -0.005181
vn -1.000000 -0.000537 -0.000401
vn -1.000000 -0.000768 -0.000243
vn -0.999982 -0.002901 -0.005197
vn -0.997449 0.069394 -0.016761
vn -0.997736 0.065404 -0.015696
vn -0.997555 0.064222 -0.027545
vn -0.997757 0.060994 -0.027584
vn -0.996954 0.077763 -0.005957
vn -0.997774 0.066579 -0.003844
vn -0.997736 0.065404 -0.015696
vn -0.997449 0.069394 -0.016761
vn -0.999985 0.001914 -0.005164
vn -1.000000 -0.000306 -0.000560
vn -1.000000 -0.000537 -0.000401
vn -0.999987 -0.000494 -0.005181
vn -0.999413 0.033648 -0.006365
vn -0.999916 0.008163 -0.010103
vn -0.999883 0.005617 -0.014206
vn -0.999200 0.036307 -0.016744
vn -0.997774 0.066579 -0.003844
vn -0.999413 0.033648 -0.006365
vn -0.999200 0.036307 -0.016744
vn -0.997736 0.065404 -0.015696
vn -0.999916 0.008163 -0.010103
vn -0.999985 0.001914 -0.005164
vn -0.999987 -0.000494 -0.005181
vn -0.999883 0.005617 -0.014206
vn -1.000000 -0.000306 -0.000560
vn -1.000000 0.000000 -0.000000
vn -1.000000 0.000000 -0.000000
vn -1.000000 -0.000537 -0.000401
vn 1.000000 0.000000 -0.000000
vn 1.000000 0.000000 -0.000000
vn 0.997618 -0.068976 -0.000207
vn 1.000000 0.000000 0.000000
vn 1.000000 0.000000 -0.000000
vn 0.997619 -0.068963 0.000315
vn 1.000000 0.000000 -0.000000
vn 1.000000 0.000000 -0.000000
vn 1.000000 0.000000 0.000000
vn 0.997618 -0.068976 -0.000207
vn 0.990392 -0.138288 -0.000416
vn 1.000000 0.000000 0.000000
vn 0.997619 -0.068963 0.000315
vn 1.000000 0.000000 -0.000000
vn 1.000000 0.000000 -0.000000
vn 0.990395 -0.138262 0.000632
vn 1.000000 0.000000 -0.000000
vn 1.000000 0.000000 -0.000000
vn 1.000000 0.000000 -0.000000
vn 1.000000 0.000000 -0.000000
vn 0.964586 -0.263768 0.000798
vn 0.964941 -0.262465 -0.000000
vn 0.964941 -0.262465 -0.000000
vn 0.964063 -0.265667 0.001962
vn 1.000000 0.000000 -0.000000
vn 1.000000 0.000000 0.000000
vn 1.000000 0.000000 0.000000
vn 1.000000 0.000000 -0.000000
vn 0.997618 -0.068976 -0.000207
vn 0.961560 -0.274591 0.001530
vn 0.961257 -0.275606 0.005088
vn 0.990392 -0.138288 -0.000416
vn 0.964941 -0.262465 -0.000000
vn 0.964583 -0.263778 -0.000803
vn 0.964061 -0.265674 -0.001964
vn 0.964941 -0.262465 -0.000000
vn 0.961557 -0.274602 -0.001082
vn 0.997619 -0.068963 0.000315
vn 0.990395 -0.138262 0.000632
vn 0.961233 -0.275700 -0.004582
vn 1.000000 0.000000 -0.000000
vn 0.997619 -0.068963 0.000315
vn 1.000000 0.000000 -0.000000
vn 1.000000 0.000000 -0.000000
vn 1.000000 0.000000 -0.000000
vn 1.000000 0.000000 -0.000000
vn 1.000000 0.000000 -0.000000
vn 1.000000 0.000000 0.000000
vn 0.997618 -0.068976 -0.000207
vn 1.000000 0.000000 -0.000000
vn 1.000000 0.000000 0.000000
vn 1.000000 0.000000 0.000000
vn 1.000000 0.000000 0.000000
vn 1.000000 0.000000 0.000000
vn 1.000000 0.000000 0.000000
vn 1.000000 0.000000 0.000000
vn 0.961257 -0.275606 0.005088
vn 0.961560 -0.274591 0.001530
vn 0.961785 -0.273721 0.006789
vn 0.962272 -0.272012 0.006492
vn 0.962272 -0.272012 0.006492
vn 0.961785 -0.273721 0.006789
vn 0.963081 -0.269171 0.004747
vn 0.963086 -0.269154 0.004706
vn 0.963086 -0.269154 0.004706
vn 0.963081 -0.269171 0.004747
vn 0.963544 -0.267535 0.002955
vn 0.963426 -0.267956 0.003119
vn 0.963426 -0.267956 0.003119
vn 0.963544 -0.267535 0.002955
vn 0.964586 -0.263768 0.000798
vn 0.964063 -0.265667 0.001962
vn 0.964061 -0.265674 -0.001964
vn 0.964583 -0.263778 -0.000803
vn 0.963529 -0.267588 -0.002951
vn 0.963406 -0.268030 -0.003108
vn 0.963406 -0.268030 -0.003108
vn 0.963529 -0.267588 -0.002951
vn 0.963040 -0.269317 -0.004657
vn 0.963046 -0.269299 -0.004618
vn 0.963046 -0.269299 -0.004618
vn 0.963040 -0.269317 -0.004657
vn 0.961742 -0.273882 -0.006407
vn 0.962224 -0.272189 -0.006207
vn 0.962224 -0.272189 -0.006207
vn 0.961742 -0.273882 -0.006407
vn 0.961557 -0.274602 -0.001082
vn 0.961233 -0.275700 -0.004582
vn 1.000000 0.000000 0.000001
vn 1.000000 0.000000 0.000001
vn 0.989654 0.143473 0.000000
vn 0.989654 0.143473 0.000000
vn 0.118635 0.992938 -0.000000
vn 0.118635 0.992938 -0.000000
vn 0.467644 0.883917 -0.000000
vn 0.467644 0.883917 -0.000000
vn 0.000000 1.000000 -0.000000
vn 0.000000 1.000000 -0.000000
vn 0.118635 0.992938 -0.000000
vn 0.118635 0.992938 -0.000000
vn 0.846372 0.532592 -0.000000
vn 0.846372 0.532592 -0.000000
vn 0.989654 0.143473 0.000000
vn 0.989654 0.143473 0.000000
vn 0.467644 0.883917 -0.000000
vn 0.467644 0.883917 -0.000000
vn 0.846372 0.532592 -0.000000
vn 0.846372 0.532592 -0.000000
vn 0.000000 -1.000000 0.000000
vn -0.000306 -0.995323 0.096599
vn -0.000299 -0.995533 0.094415
vn 0.000000 -1.000000 0.000000
vn -0.000369 -0.099862 0.995001
vn 0.000000 0.000000 1.000000
vn -0.000432 -0.117002 0.993132
vn 0.000000 -0.000000 -1.000000
vn -0.000308 -0.099766 -0.995011
vn -0.000361 -0.116983 -0.993134
vn -0.000263 -0.995320 -0.096629
vn -0.000257 -0.995525 -0.094498
vn -0.000802 -0.931055 -0.364879
vn -0.000822 -0.925837 -0.377923
vn -0.000822 -0.925837 -0.377923
vn -0.000802 -0.931055 -0.364879
vn -0.001131 -0.729746 -0.683718
vn -0.001134 -0.712408 -0.701764
vn -0.001134 -0.712408 -0.701764
vn -0.001131 -0.729746 -0.683718
vn -0.000934 -0.417815 -0.908531
vn -0.000891 -0.387760 -0.921760
vn -0.000891 -0.387760 -0.921760
vn -0.000934 -0.417815 -0.908531
vn -0.000361 -0.116983 -0.993134
vn -0.000308 -0.099766 -0.995011
vn -0.000299 -0.995533 0.094415
vn -0.000306 -0.995323 0.096599
vn -0.000960 -0.925899 0.377770
vn -0.000935 -0.931136 0.364671
vn -0.000935 -0.931136 0.364671
vn -0.000960 -0.925899 0.377770
vn -0.001334 -0.712601 0.701568
vn -0.001330 -0.729942 0.683507
vn -0.001330 -0.729942 0.683507
vn -0.001334 -0.712601 0.701568
vn -0.001058 -0.387970 0.921672
vn -0.001108 -0.417982 0.908455
vn -0.001108 -0.417982 0.908455
vn -0.001058 -0.387970 0.921672
vn -0.000369 -0.099862 0.995001
vn -0.000432 -0.117002 0.993132
vn -0.000263 -0.995320 -0.096629
vn 0.000000 -1.000000 0.000000
vn 0.000000 -1.000000 0.000000
vn -0.000257 -0.995525 -0.094498
vn -0.000000 1.000000 -0.000000
vn -0.000000 1.000000 -0.000000
vn -0.000000 1.000000 -0.000000
vn -0.000000 1.000000 -0.000000
vn -0.000000 1.000000 -0.000000
vn -0.000000 1.000000 -0.000000
vn -0.000000 1.000000 -0.000000
vn -0.000000 1.000000 -0.000000
vn 1.000000 0.000000 0.000000
vn 1.000000 0.000000 0.000000
vn 1.000000 0.000000 0.000000
vn 1.000000 0.000000 0.000000
vn 1.000000 0.000000 0.000000
vn 1.000000 0.000000 0.000000
vn 1.000000 0.000000 0.000000
vn 1.000000 0.000000 0.000001
vn 1.000000 0.000000 0.000000
vn 1.000000 0.000000 0.000000
vn 1.000000 0.000000 0.000000
vn 1.000000 0.000000 0.000001
vn 1.000000 0.000000 0.000000
vn 1.000000 -0.000000 0.000000
vn 1.000000 0.000000 0.000000
vn 1.000000 0.000000 0.000000
vn 1.000000 -0.000000 0.000000
vn 1.000000 0.000000 0.000001
vn 1.000000 0.000000 0.000001
vn 1.000000 0.000000 0.000000
vn 1.000000 0.000000 0.000000
vn 1.000000 -0.000000 0.000000
vn 1.000000 -0.000000 0.000000
vn 1.000000 -0.000001 -0.000001
vn 1.000000 -0.000000 -0.000007
vn 1.000000 -0.000001 -0.000001
vn 1.000000 -0.000000 -0.000012
vn 1.000000 -0.000000 -0.000007
vn 0.686430 0.664556 -0.295262
vn 0.686430 0.664556 -0.295262
vn 0.686430 0.664556 -0.295262
vn 0.686430 0.664556 -0.295262
vn 0.000000 1.000000 -0.000000
vn 0.082922 0.996556 -0.000000
vn 0.082922 0.996556 -0.000000
vn 0.000000 1.000000 -0.000000
vn 0.082922 0.996556 -0.000000
vn 0.354576 0.935027 -0.000000
vn 0.354576 0.935027 -0.000000
vn 0.082922 0.996556 -0.000000
vn 0.354576 0.935027 -0.000000
vn 0.530243 0.847846 -0.000000
vn 0.530243 0.847845 -0.000000
vn 0.354576 0.935027 -0.000000
vn 0.000000 1.000000 -0.000000
vn 0.000000 1.000000 -0.000000
vn 0.082922 0.996556 -0.000000
vn 0.082921 0.996556 -0.000000
vn 0.082921 0.996556 -0.000000
vn 0.082922 0.996556 -0.000000
vn 0.354576 0.935027 -0.000000
vn 0.354576 0.935027 -0.000000
vn 0.354576 0.935027 -0.000000
vn 0.354576 0.935027 -0.000000
vn 0.530243 0.847845 -0.000000
vn 0.530244 0.847845 -0.000000
vn 0.000000 1.000000 -0.000000
vn 0.000000 1.000000 -0.000000
vn 0.082922 0.996556 -0.000000
vn 0.082922 0.996556 -0.000000
vn 0.082922 0.996556 -0.000000
vn 0.082922 0.996556 -0.000000
vn 0.354579 0.935026 -0.000000
vn 0.354579 0.935026 -0.000000
vn 0.354579 0.935026 -0.000000
vn 0.354579 0.935026 -0.000000
vn 0.530247 0.847843 -0.000000
vn 0.530247 0.847843 -0.000000
vn 0.000000 1.000000 -0.000000
vn 0.082923 0.996556 -0.000000
vn 0.082922 0.996556 -0.000000
vn 0.000000 1.000000 -0.000000
vn 0.082923 0.996556 -0.000000
vn 0.354579 0.935026 -0.000000
vn 0.354579 0.935026 -0.000000
vn 0.082922 0.996556 -0.000000
vn 0.354579 0.935026 -0.000000
vn 0.530247 0.847844 -0.000000
vn 0.530247 0.847843 -0.000000
vn 0.354579 0.935026 -0.000000
vn 0.880550 -0.027463 0.473157
vn 0.846901 -0.208973 0.488968
vn 0.837623 -0.125253 0.531695
vn 0.840755 -0.101880 0.531744
vn 0.846901 -0.208973 0.488968
vn 0.937414 -0.208972 0.278544
vn 0.847073 -0.395903 0.354581
vn 0.839969 -0.395908 0.371090
vn 0.937414 -0.208972 0.278544
vn 0.949076 -0.027462 0.313847
vn 0.964239 -0.101879 0.244670
vn 0.962051 -0.125252 0.242425
vn 0.949076 -0.027462 0.313847
vn 0.880550 -0.027463 0.473157
vn 0.913868 0.053870 0.402421
vn 0.920636 0.053877 0.386687
vn 0.837623 -0.125253 0.531695
vn 0.846901 -0.208973 0.488968
vn 0.850973 -0.183153 0.492240
vn 0.850973 -0.183153 0.492240
vn 0.846901 -0.208973 0.488968
vn 0.855608 -0.276656 0.437489
vn 0.855608 -0.276656 0.437489
vn 0.846901 -0.208973 0.488968
vn 0.839969 -0.395908 0.371090
vn 0.913868 0.053870 0.402421
vn 0.880550 -0.027463 0.473157
vn 0.897383 -0.000883 0.441252
vn 0.897383 -0.000883 0.441252
vn 0.880550 -0.027463 0.473157
vn 0.870883 -0.057405 0.488126
vn 0.870883 -0.057405 0.488126
vn 0.880550 -0.027463 0.473157
vn 0.840755 -0.101880 0.531744
vn 0.847073 -0.395903 0.354581
vn 0.937414 -0.208972 0.278544
vn 0.906036 -0.276642 0.320264
vn 0.906036 -0.276642 0.320264
vn 0.937414 -0.208972 0.278544
vn 0.942588 -0.183161 0.279249
vn 0.942588 -0.183161 0.279249
vn 0.937414 -0.208972 0.278544
vn 0.962051 -0.125252 0.242425
vn 0.964239 -0.101879 0.244670
vn 0.949076 -0.027462 0.313847
vn 0.953293 -0.057413 0.296539
vn 0.953293 -0.057413 0.296539
vn 0.949076 -0.027462 0.313847
vn 0.937487 -0.000876 0.348020
vn 0.937487 -0.000876 0.348020
vn 0.949076 -0.027462 0.313847
vn 0.920636 0.053877 0.386687
vn 0.000001 -1.000000 0.000000
vn 0.000001 -1.000000 0.000000
vn 0.000001 -1.000000 0.000000
vn 0.000001 -1.000000 0.000000
vn 0.000001 -1.000000 0.000000
vn 0.000001 -1.000000 0.000000
vn 0.000001 -1.000000 0.000000
vn 0.000001 -1.000000 0.000000
vn 0.000001 -1.000000 0.000000
vn 0.000001 -1.000000 0.000000
vn -1.000000 -0.000483 0.000388
vn -1.000000 0.000000 -0.000000
vn -1.000000 0.000000 -0.000000
vn -1.000000 -0.000259 0.000426
vn -0.998692 -0.036428 0.035870
vn -0.999899 -0.012227 0.007254
vn -0.999930 -0.008672 0.008070
vn -0.999082 -0.024315 0.035283
vn -0.994429 -0.027171 0.101842
vn -0.996293 -0.034836 0.078663
vn -0.997048 -0.020924 0.073873
vn -0.994843 -0.024316 0.098472
vn -0.996293 -0.034836 0.078663
vn -0.998692 -0.036428 0.035870
vn -0.999082 -0.024315 0.035283
vn -0.997048 -0.020924 0.073873
vn -0.999899 -0.012227 0.007254
vn -1.000000 -0.000483 0.000388
vn -1.000000 -0.000259 0.000426
vn -0.999930 -0.008672 0.008070
vn -0.993955 -0.034044 0.104376
vn -0.994429 -0.027171 0.101842
vn -0.994843 -0.024316 0.098472
vn -0.993776 -0.038627 0.104482
vn -0.994112 -0.029484 0.104267
vn -0.994000 -0.029981 0.105190
vn -0.994429 -0.027171 0.101842
vn -0.993955 -0.034044 0.104376
vn -0.999855 -0.015783 0.006437
vn -1.000000 -0.000706 0.000351
vn -1.000000 -0.000483 0.000388
vn -0.999899 -0.012227 0.007254
vn -0.995318 -0.048636 0.083528
vn -0.998154 -0.048562 0.036468
vn -0.998692 -0.036428 0.035870
vn -0.996293 -0.034836 0.078663
vn -0.994000 -0.029981 0.105190
vn -0.995318 -0.048636 0.083528
vn -0.996293 -0.034836 0.078663
vn -0.994429 -0.027171 0.101842
vn -0.998154 -0.048562 0.036468
vn -0.999855 -0.015783 0.006437
vn -0.999899 -0.012227 0.007254
vn -0.998692 -0.036428 0.035870
vn -1.000000 -0.000706 0.000351
vn -1.000000 0.000000 -0.000000
vn -1.000000 0.000000 -0.000000
vn -1.000000 -0.000483 0.000388
vn -0.103919 -0.993581 -0.044703
vn -0.103919 -0.993581 -0.044703
vn -0.103919 -0.993581 -0.044703
vn -0.103919 -0.993581 -0.044703
vn -1.000000 0.000000 0.000000
vn -1.000000 0.000000 0.000000
vn -1.000000 0.000000 0.000000
vn -1.000000 0.000000 0.000000
vn -1.000000 0.000000 0.000000
vn -1.000000 0.000000 0.000000
vn -1.000000 0.000000 0.000000
vn -1.000000 0.000000 0.000000
vn 0.000000 -1.000000 0.000000
vn 0.000000 -1.000000 0.000000
vn 0.000000 -1.000000 0.000000
vn 0.000000 -1.000000 0.000000
vn 0.000000 -1.000000 0.000000
vn 0.000000 -1.000000 0.000000
vn 0.000000 -1.000000 0.000000
vn 0.000000 -1.000000 0.000000
vn 0.000000 -1.000000 0.000000
vn 0.000000 -1.000000 0.000000
vn 0.000000 -1.000000 0.000000
vn 0.000000 -1.000000 0.000000
vn 0.000000 -1.000000 0.000000
vn 0.000000 -1.000000 0.000000
vn 0.000000 -1.000000 0.000000
vn 0.000000 -1.000000 0.000000
vn 0.000000 -1.000000 0.000000
vn 0.000000 -1.000000 0.000000
vn 0.000000 -1.000000 0.000000
vn -1.000000 0.000000 0.000000
vn -1.000000 0.000000 0.000001
vn -1.000000 0.000000 0.000001
vn -1.000000 0.000000 0.000000
vn -0.999983 0.001356 0.005655
vn -0.999942 -0.001676 0.010663
vn -0.999999 0.000806 0.000777
vn -1.000000 0.000821 0.000026
vn -0.999585 0.008506 0.027533
vn -0.999013 0.006196 0.043990
vn -0.999553 -0.002932 0.029769
vn -0.999827 0.001889 0.018510
vn -0.999827 0.001889 0.018510
vn -0.999553 -0.002932 0.029769
vn -0.999942 -0.001676 0.010663
vn -0.999983 0.001356 0.005655
vn -1.000000 0.000821 0.000026
vn -0.999999 0.000806 0.000777
vn -1.000000 0.000000 0.000001
vn -1.000000 0.000000 0.000000
vn -0.999476 0.014155 0.029116
vn -0.998745 0.013553 0.048218
vn -0.999013 0.006196 0.043990
vn -0.999585 0.008506 0.027533
vn -0.999838 0.014740 0.010382
vn -0.999476 0.014155 0.029116
vn -0.999585 0.008506 0.027533
vn -0.999886 0.010457 0.010897
vn -0.999999 0.000835 -0.000725
vn -1.000000 0.000821 0.000026
vn -1.000000 0.000000 0.000000
vn -1.000000 -0.000000 -0.000001
vn -0.999953 0.006675 0.007056
vn -0.999827 0.001889 0.018510
vn -0.999983 0.001356 0.005655
vn -0.999990 0.004388 0.000640
vn -0.999886 0.010457 0.010897
vn -0.999585 0.008506 0.027533
vn -0.999827 0.001889 0.018510
vn -0.999953 0.006675 0.007056
vn -0.999990 0.004388 0.000640
vn -0.999983 0.001356 0.005655
vn -1.000000 0.000821 0.000026
vn -0.999999 0.000835 -0.000725
vn -1.000000 -0.000000 -0.000001
vn -1.000000 0.000000 0.000000
vn -1.000000 0.000000 0.000000
vn -1.000000 -0.000000 -0.000001
vn 0.083591 0.699627 0.709602
vn 0.325464 0.615182 0.718070
vn 0.325467 0.615180 0.718070
vn 0.083590 0.699627 0.709602
vn 0.325464 0.615182 0.718070
vn 0.587024 0.369393 0.720383
vn 0.587024 0.369394 0.720383
vn 0.325467 0.615180 0.718070
vn 0.587024 0.369393 0.720383
vn 0.696152 0.100922 0.710765
vn 0.696152 0.100925 0.710765
vn 0.587024 0.369394 0.720383
vn 0.000000 0.707113 0.707101
vn 0.083591 0.699627 0.709602
vn 0.083590 0.699627 0.709602
vn 0.000000 0.707113 0.707101
vn 0.696152 0.100922 0.710765
vn 0.707116 0.000000 0.707098
vn 0.707116 0.000000 0.707098
vn 0.696152 0.100925 0.710765
vn 0.000000 1.000000 -0.000000
vn 0.000000 1.000000 -0.000000
vn 0.000000 1.000000 -0.000000
vn 0.000000 1.000000 -0.000000
vn 0.000000 1.000000 -0.000000
vn 0.000000 1.000000 -0.000000
vn 0.000000 1.000000 -0.000000
vn 0.000000 1.000000 -0.000000
vn 0.000000 1.000000 -0.000000
vn 0.000000 1.000000 -0.000000
vn 0.000000 1.000000 -0.000000
vn 0.000000 1.000000 -0.000000
vn 0.000000 1.000000 -0.000000
vn 0.000000 1.000000 -0.000000
vn 0.000000 1.000000 -0.000000
vn 0.000000 1.000000 -0.000000
vn 0.000000 1.000000 -0.000000
vn 0.000000 1.000000 -0.000000
vn 0.000000 1.000000 -0.000000
vn 0.000000 1.000000 -0.000000
vn 0.000000 1.000000 -0.000000
vn 0.000000 1.000000 -0.000000
vn 0.000000 1.000000 -0.000000
vn 0.000000 1.000000 -0.000000
vn 0.606499 0.000000 0.795085
vn 0.606499 0.000000 0.795085
vn 0.606499 0.000000 0.795085
vn 0.606499 0.000000 0.795085
vn -0.000000 1.000000 -0.000000
vn -0.000000 1.000000 -0.000000
vn -0.000000 1.000000 -0.000000
vn -0.000000 1.000000 -0.000000
vn 0.000000 1.000000 -0.000000
vn -0.000000 1.000000 -0.000000
vn -0.000000 1.000000 -0.000000
vn 0.000000 1.000000 -0.000000
vn 0.000000 0.000000 1.000000
vn 0.000000 0.000000 1.000000
vn 0.000000 0.000000 1.000000
vn 0.000000 0.000000 1.000000
vn 0.545449 0.838144 -0.000000
vn 0.545449 0.838144 -0.000000
vn 0.545449 0.838144 -0.000000
vn 0.545449 0.838144 -0.000000
vn 0.545449 0.838144 -0.000000
vn 0.545449 0.838144 -0.000000
vn 0.545449 0.838144 -0.000000
vn 0.545449 0.838144 -0.000000
vn 0.000000 -0.995224 -0.097617
vn 0.000000 -0.995224 -0.097617
vn 0.000000 -0.924403 -0.381417
vn 0.000000 -0.924403 -0.381417
vn 0.000000 -0.383951 -0.923353
vn 0.000000 -0.383951 -0.923353
vn 0.000000 -0.098413 -0.995146
vn 0.000000 -0.098413 -0.995146
vn 0.000000 0.000000 -1.000000
vn 0.000000 0.000000 -1.000000
vn 0.000000 0.000000 -1.000000
vn 0.000000 0.000000 -1.000000
vn 0.000000 -1.000000 0.000000
vn 0.000000 -1.000000 0.000000
vn 0.000000 -0.995224 -0.097617
vn 0.000000 -0.995224 -0.097617
vn 0.000000 -0.098413 -0.995146
vn 0.000000 -0.098413 -0.995146
vn 0.000000 -0.000000 -1.000000
vn 0.000000 0.000000 -1.000000
vn 0.000000 -0.924403 -0.381417
vn 0.000000 -0.924403 -0.381417
vn 0.000000 -0.708480 -0.705731
vn 0.000000 -0.708480 -0.705731
vn 0.000000 -1.000000 0.000000
vn 0.000000 -1.000000 0.000000
vn 0.000000 -1.000000 0.000000
vn 0.000000 -1.000000 0.000000
vn 0.000000 -0.708480 -0.705731
vn 0.000000 -0.708480 -0.705731
vn 0.000000 -0.383951 -0.923353
vn 0.000000 -0.383951 -0.923353
vn 0.000000 0.000000 -1.000000
vn 0.000000 0.000000 -1.000000
vn 0.000000 -0.000000 -1.000000
vn 0.632737 0.533874 -0.560912
vn 0.632737 0.533874 -0.560912
vn 0.632737 0.533874 -0.560912
vn 0.632737 0.533874 -0.560912
vn 0.319101 0.000255 0.947721
vn 0.364584 0.663531 0.653303
vn 0.000000 0.000000 1.000000
vn 0.000000 0.000000 1.000000
vn 0.000000 -0.000000 -1.000000
vn 0.000000 -0.000000 -1.000000
vn 0.364584 0.663531 -0.653303
vn 0.319191 0.000008 -0.947690
vn 0.367265 0.930117 -0.000000
vn 0.364584 0.663531 0.653303
vn 0.764620 0.420712 0.488218
vn 0.683198 0.730234 -0.000000
vn 0.000000 -1.000000 0.000000
vn 0.000000 -1.000000 0.000000
vn 0.339267 -0.660713 -0.669594
vn 0.352574 -0.934843 -0.041958
vn 0.000000 1.000000 -0.000000
vn 0.000000 1.000000 -0.000000
vn 0.364584 0.663531 0.653303
vn 0.367265 0.930117 -0.000000
vn 0.319191 0.000008 -0.947690
vn 0.364584 0.663531 -0.653303
vn 0.764620 0.420712 -0.488218
vn 0.604978 0.000020 -0.796243
vn 0.312283 0.015480 0.949863
vn 0.237145 0.012426 0.971395
vn 0.573599 0.030054 0.818585
vn 0.611640 0.028613 0.790619
vn 0.352574 -0.934843 -0.041958
vn 0.339267 -0.660713 -0.669594
vn 0.733108 -0.417710 -0.536722
vn 0.656408 -0.750307 -0.078539
vn 0.319101 0.000255 0.947721
vn 0.316916 0.005962 0.948435
vn 0.606521 0.011609 0.794982
vn 0.605150 0.000648 0.796111
vn 0.310363 0.005558 -0.950602
vn 0.316895 0.001841 -0.948459
vn 0.602756 0.003523 -0.797918
vn 0.593839 0.009685 -0.804526
vn 0.000000 -0.000000 -1.000000
vn 0.000000 -0.000000 -1.000000
vn 0.316895 0.001841 -0.948459
vn 0.310363 0.005558 -0.950602
vn 0.318537 0.020797 0.947682
vn 0.316916 0.005962 0.948435
vn 0.000000 0.000000 1.000000
vn 0.000000 0.000000 1.000000
vn 0.312283 0.015480 0.949863
vn 0.335681 0.020041 0.941762
vn 0.000000 0.000000 1.000000
vn 0.000000 -0.000000 1.000000
vn 0.335681 0.020041 0.941762
vn 0.318537 0.020797 0.947682
vn 0.000000 0.000000 1.000000
vn 0.000000 0.000000 1.000000
vn 0.000000 -0.000000 -1.000000
vn 0.000000 -0.000000 -1.000000
vn 0.303614 0.002454 -0.952792
vn 0.291670 0.005490 -0.956503
vn 0.000000 -0.000000 -1.000000
vn 0.000000 -0.000000 -1.000000
vn 0.310363 0.005558 -0.950602
vn 0.303614 0.002454 -0.952792
vn 0.291670 0.005490 -0.956503
vn 0.303614 0.002454 -0.952792
vn 0.579093 0.008389 -0.815218
vn 0.566328 0.005301 -0.824163
vn 0.303614 0.002454 -0.952792
vn 0.310363 0.005558 -0.950602
vn 0.593839 0.009685 -0.804526
vn 0.579093 0.008389 -0.815218
vn 0.316916 0.005962 0.948435
vn 0.318537 0.020797 0.947682
vn 0.611071 0.035908 0.790761
vn 0.606521 0.011609 0.794982
vn 0.318537 0.020797 0.947682
vn 0.335681 0.020041 0.941762
vn 0.620584 0.044591 0.782872
vn 0.611071 0.035908 0.790761
vn 0.364584 0.663531 0.653303
vn 0.319101 0.000255 0.947721
vn 0.605150 0.000648 0.796111
vn 0.764620 0.420712 0.488218
vn 0.316895 0.001841 -0.948459
vn 0.319191 0.000008 -0.947690
vn 0.604978 0.000020 -0.796243
vn 0.602756 0.003523 -0.797918
vn 0.000000 -0.000000 -1.000000
vn 0.000000 -0.000000 -1.000000
vn 0.319191 0.000008 -0.947690
vn 0.316895 0.001841 -0.948459
vn 0.316916 0.005962 0.948435
vn 0.319101 0.000255 0.947721
vn 0.000000 0.000000 1.000000
vn 0.000000 0.000000 1.000000
vn 0.339267 -0.660713 -0.669594
vn 0.291670 0.005490 -0.956503
vn 0.566328 0.005301 -0.824163
vn 0.733108 -0.417710 -0.536722
vn 0.000000 -0.000000 -1.000000
vn 0.000000 -0.000000 -1.000000
vn 0.291670 0.005490 -0.956503
vn 0.339267 -0.660713 -0.669594
vn 0.237145 0.012426 0.971395
vn 0.312283 0.015480 0.949863
vn 0.000000 -0.000000 1.000000
vn 0.000000 0.000000 1.000000
vn 0.335681 0.020041 0.941762
vn 0.312283 0.015480 0.949863
vn 0.611640 0.028613 0.790619
vn 0.620584 0.044591 0.782872
vn 0.301099 -0.952847 -0.037720
vn 0.352574 -0.934843 -0.041958
vn 0.656408 -0.750307 -0.078539
vn 0.633610 -0.769570 -0.079375
vn 0.000000 1.000000 -0.000000
vn 0.000000 1.000000 -0.000000
vn 0.367265 0.930117 -0.000000
vn 0.364584 0.663531 -0.653303
vn 0.000000 -1.000000 0.000000
vn 0.000000 -1.000000 0.000000
vn 0.352574 -0.934843 -0.041958
vn 0.301099 -0.952847 -0.037720
vn 0.364584 0.663531 -0.653303
vn 0.367265 0.930117 -0.000000
vn 0.683198 0.730234 -0.000000
vn 0.764620 0.420712 -0.488218
vn 0.632747 0.533870 0.560905
vn 0.632747 0.533870 0.560905
vn 0.632747 0.533870 0.560905
vn 0.632747 0.533870 0.560905
vn 0.000000 1.000000 -0.000000
vn 0.000000 1.000000 -0.000000
vn 0.000000 1.000000 -0.000000
vn 0.000000 0.000000 1.000000
vn 0.000000 0.000000 1.000000
vn 0.000000 0.000000 1.000000
vn 0.000000 0.000000 1.000000
vn 0.103940 0.993578 -0.044708
vn 0.103940 0.993578 -0.044708
vn 0.103940 0.993578 -0.044708
vn 0.103940 0.993578 -0.044708
vn -1.000000 0.000000 -0.000000
vn -1.000000 0.000000 -0.000000
vn -0.965926 -0.000000 -0.258818
vn -0.965926 -0.000000 -0.258818
vn -0.965926 -0.000000 -0.258818
vn -0.965926 -0.000000 -0.258818
vn -0.866024 -0.000000 -0.500003
vn -0.866024 -0.000000 -0.500003
vn -0.866024 -0.000000 -0.500003
vn -0.866024 -0.000000 -0.500003
vn -0.707105 -0.000000 -0.707108
vn -0.707105 -0.000000 -0.707108
vn -0.707105 -0.000000 -0.707108
vn -0.707105 -0.000000 -0.707108
vn -0.500001 -0.000000 -0.866025
vn -0.500001 -0.000000 -0.866025
vn -0.500001 -0.000000 -0.866025
vn -0.500001 -0.000000 -0.866025
vn -0.258820 -0.000000 -0.965926
vn -0.258820 -0.000000 -0.965926
vn -0.258820 -0.000000 -0.965926
vn -0.258820 -0.000000 -0.965926
vn 0.000000 -0.000000 -1.000000
vn 0.000000 -0.000000 -1.000000
vn 0.000000 -0.000000 -1.000000
vn 0.000000 -0.000000 -1.000000
vn 0.258819 -0.000000 -0.965926
vn 0.258819 -0.000000 -0.965926
vn 0.258819 -0.000000 -0.965926
vn 0.258819 -0.000000 -0.965926
vn 0.500000 -0.000000 -0.866025
vn 0.500000 -0.000000 -0.866025
vn 0.500000 -0.000000 -0.866025
vn 0.500000 -0.000000 -0.866025
vn 0.707107 -0.000000 -0.707107
vn 0.707107 -0.000000 -0.707107
vn 0.707107 -0.000000 -0.707107
vn 0.707107 -0.000000 -0.707107
vn 0.866025 -0.000000 -0.500001
vn 0.866025 -0.000000 -0.500001
vn 0.866025 -0.000000 -0.500001
vn 0.866025 -0.000000 -0.500001
vn 0.965926 -0.000000 -0.258818
vn 0.965926 -0.000000 -0.258818
vn 0.965926 -0.000000 -0.258818
vn 0.965926 -0.000000 -0.258818
vn 1.000000 0.000000 0.000000
vn 1.000000 0.000000 0.000000
vn 1.000000 0.000000 0.000000
vn 1.000000 0.000000 0.000000
vn 0.965926 0.000000 0.258818
vn 0.965926 0.000000 0.258818
vn 0.965926 0.000000 0.258818
vn 0.965926 0.000000 0.258818
vn 0.866025 0.000000 0.500001
vn 0.866025 0.000000 0.500001
vn 0.866025 0.000000 0.500001
vn 0.866025 0.000000 0.500001
vn 0.707108 0.000000 0.707106
vn 0.707108 0.000000 0.707106
vn 0.707108 0.000000 0.707106
vn 0.707108 0.000000 0.707106
vn 0.500001 0.000000 0.866025
vn 0.500001 0.000000 0.866025
vn 0.500001 0.000000 0.866025
vn 0.500001 0.000000 0.866025
vn 0.258819 0.000000 0.965926
vn 0.258819 0.000000 0.965926
vn 0.258819 0.000000 0.965926
vn 0.258819 0.000000 0.965926
vn 0.000000 0.000000 1.000000
vn 0.000000 0.000000 1.000000
vn 0.000000 0.000000 1.000000
vn 0.000000 0.000000 1.000000
vn -0.258820 0.000000 0.965926
vn -0.258820 0.000000 0.965926
vn -0.258820 0.000000 0.965926
vn -0.258820 0.000000 0.965926
vn -0.500002 0.000000 0.866024
vn -0.500002 0.000000 0.866024
vn -0.500002 0.000000 0.866024
vn -0.500002 0.000000 0.866024
vn -0.707107 0.000000 0.707107
vn -0.707107 0.000000 0.707107
vn -0.707107 0.000000 0.707107
vn -0.707107 0.000000 0.707107
vn -0.866024 0.000000 0.500002
vn -0.866024 0.000000 0.500002
vn -0.866024 0.000000 0.500002
vn -0.866024 0.000000 0.500002
vn -0.965926 0.000000 0.258818
vn -0.965926 0.000000 0.258818
vn -0.965926 0.000000 0.258818
vn -0.965926 0.000000 0.258818
vn -1.000000 0.000000 -0.000000
vn -1.000000 0.000000 -0.000000
vn -0.000000 -0.000000 -1.000000
vn -0.000000 -0.000000 -1.000000
vn -0.000000 -0.000000 -1.000000
vn -0.000000 -0.000000 -1.000000
vn -1.000000 0.000000 -0.000000
vn -1.000000 0.000000 -0.000000
vn -1.000000 0.000000 -0.000000
vn -1.000000 0.000000 -0.000000
vn -0.998967 -0.041775 -0.017863
vn -0.999985 -0.004764 -0.002525
vn -0.999979 -0.006146 -0.001836
vn -0.998712 -0.048756 -0.014028
vn -0.990300 -0.104397 -0.091695
vn -0.993964 -0.096893 -0.051460
vn -0.992685 -0.113650 -0.040742
vn -0.989618 -0.125882 -0.069360
vn -0.993964 -0.096893 -0.051460
vn -0.998967 -0.041775 -0.017863
vn -0.998712 -0.048756 -0.014028
vn -0.992685 -0.113650 -0.040742
vn -0.999985 -0.004764 -0.002525
vn -1.000000 0.000000 -0.000000
vn -1.000000 0.000000 -0.000000
vn -0.999979 -0.006146 -0.001836
vn -0.989799 -0.088794 -0.111417
vn -0.990300 -0.104397 -0.091695
vn -0.989618 -0.125882 -0.069360
vn -0.990635 -0.109460 -0.081612
vn -0.987693 -0.068261 -0.140723
vn -0.989995 -0.082625 -0.114379
vn -0.990300 -0.104397 -0.091695
vn -0.989799 -0.088794 -0.111417
vn -0.999989 -0.003382 -0.003214
vn -1.000000 0.000000 -0.000000
vn -1.000000 0.000000 -0.000000
vn -0.999985 -0.004764 -0.002525
vn -0.994832 -0.080166 -0.062319
vn -0.999159 -0.034807 -0.021696
vn -0.998967 -0.041775 -0.017863
vn -0.993964 -0.096893 -0.051460
vn -0.989995 -0.082625 -0.114379
vn -0.994832 -0.080166 -0.062319
vn -0.993964 -0.096893 -0.051460
vn -0.990300 -0.104397 -0.091695
vn -0.999159 -0.034807 -0.021696
vn -0.999989 -0.003382 -0.003214
vn -0.999985 -0.004764 -0.002525
vn -0.998967 -0.041775 -0.017863
vn -1.000000 0.000000 -0.000000
vn -1.000000 0.000000 -0.000000
vn -1.000000 0.000000 -0.000000
vn -1.000000 0.000000 -0.000000
vn 0.000000 -1.000000 0.000000
vn 0.000000 -1.000000 0.000000
vn 0.000000 -1.000000 0.000000
vn 0.000000 -1.000000 0.000000
vn 0.000000 -1.000000 0.000000
vn 0.000000 -1.000000 0.000000
vn 0.000000 -1.000000 0.000000
vn 0.000000 -1.000000 0.000000
vn -0.395148 0.000002 0.918618
vn -0.395148 0.000002 0.918618
vn -0.395148 0.000002 0.918618
vn -0.395148 0.000002 0.918618
vn 1.000000 0.000511 0.000425
vn 1.000000 0.000734 0.000386
vn 1.000000 0.000000 0.000000
vn 1.000000 0.000000 0.000000
vn 0.998632 0.039811 0.033908
vn 0.998271 0.050191 0.030600
vn 0.999853 0.016206 0.005662
vn 0.999889 0.013117 0.007009
vn 0.993779 0.032731 0.106455
vn 0.993885 0.044071 0.101248
vn 0.996074 0.056234 0.068373
vn 0.996241 0.043414 0.074957
vn 0.996241 0.043414 0.074957
vn 0.996074 0.056234 0.068373
vn 0.998271 0.050191 0.030600
vn 0.998632 0.039811 0.033908
vn 0.999889 0.013117 0.007009
vn 0.999853 0.016206 0.005662
vn 1.000000 0.000734 0.000386
vn 1.000000 0.000511 0.000425
vn 0.992502 0.033071 0.117670
vn 0.992187 0.044970 0.116371
vn 0.993885 0.044071 0.101248
vn 0.993779 0.032731 0.106455
vn 0.992675 0.021130 0.118956
vn 0.992502 0.033071 0.117670
vn 0.993779 0.032731 0.106455
vn 0.993511 0.021377 0.111706
vn 0.999915 0.010028 0.008356
vn 0.999889 0.013117 0.007009
vn 1.000000 0.000511 0.000425
vn 1.000000 0.000288 0.000465
vn 0.996201 0.030528 0.081557
vn 0.996241 0.043414 0.074957
vn 0.998632 0.039811 0.033908
vn 0.998874 0.029444 0.037212
vn 0.993511 0.021377 0.111706
vn 0.993779 0.032731 0.106455
vn 0.996241 0.043414 0.074957
vn 0.996201 0.030528 0.081557
vn 0.998874 0.029444 0.037212
vn 0.998632 0.039811 0.033908
vn 0.999889 0.013117 0.007009
vn 0.999915 0.010028 0.008356
vn 1.000000 0.000288 0.000465
vn 1.000000 0.000511 0.000425
vn 1.000000 0.000000 0.000000
vn 1.000000 0.000000 0.000000
vn 0.319225 0.000000 0.947679
vn 0.364585 0.663531 0.653303
vn 0.000000 0.000000 1.000000
vn 0.000000 0.000000 1.000000
vn 0.000000 -0.000000 -1.000000
vn 0.000000 -0.000000 -1.000000
vn 0.364585 0.663531 -0.653303
vn 0.319176 0.000081 -0.947695
vn 0.367264 0.930117 -0.000000
vn 0.364585 0.663531 0.653303
vn 0.764622 0.420713 0.488216
vn 0.683197 0.730234 -0.000000
vn 0.008664 -0.999120 0.041029
vn 0.003439 -0.998877 0.047252
vn 0.298082 -0.951495 0.076185
vn 0.363601 -0.928352 0.077183
vn 0.000000 1.000000 -0.000000
vn 0.000000 1.000000 -0.000000
vn 0.364585 0.663531 0.653303
vn 0.367264 0.930117 -0.000000
vn 0.319176 0.000081 -0.947695
vn 0.364585 0.663531 -0.653303
vn 0.764622 0.420713 -0.488216
vn 0.605056 0.000206 -0.796183
vn 0.323411 -0.020931 0.946027
vn 0.356400 -0.654853 0.666444
vn 0.748521 -0.416138 0.516281
vn 0.589355 -0.008836 0.807826
vn 0.363601 -0.928352 0.077183
vn 0.298082 -0.951495 0.076185
vn 0.636883 -0.764020 0.103212
vn 0.667039 -0.737963 0.102320
vn 0.319225 0.000000 0.947679
vn 0.316980 0.002505 0.948429
vn 0.603604 0.004809 0.797270
vn 0.605046 0.000000 0.796191
vn 0.315866 0.015243 -0.948681
vn 0.317151 0.004172 -0.948366
vn 0.605476 0.008068 -0.795823
vn 0.605417 0.025791 -0.795490
vn -0.000115 0.000257 -1.000000
vn 0.000000 -0.000000 -1.000000
vn 0.317151 0.004172 -0.948366
vn 0.315866 0.015243 -0.948681
vn 0.311228 0.005785 0.950318
vn 0.316980 0.002505 0.948429
vn 0.000000 0.000000 1.000000
vn 0.000771 -0.003179 0.999995
vn 0.323411 -0.020931 0.946027
vn 0.308335 -0.006372 0.951256
vn 0.004092 -0.016725 0.999852
vn 0.013883 -0.025397 0.999581
vn 0.308335 -0.006372 0.951256
vn 0.311228 0.005785 0.950318
vn 0.000771 -0.003179 0.999995
vn 0.004092 -0.016725 0.999852
vn -0.000769 0.003813 -0.999992
vn -0.000459 0.002800 -0.999996
vn 0.314458 0.029138 -0.948824
vn 0.299677 0.030974 -0.953538
vn -0.000459 0.002800 -0.999996
vn -0.000115 0.000257 -1.000000
vn 0.315866 0.015243 -0.948681
vn 0.314458 0.029138 -0.948824
vn 0.299677 0.030974 -0.953538
vn 0.314458 0.029138 -0.948824
vn 0.602868 0.046768 -0.796469
vn 0.584487 0.057752 -0.809345
vn 0.314458 0.029138 -0.948824
vn 0.315866 0.015243 -0.948681
vn 0.605417 0.025791 -0.795490
vn 0.602868 0.046768 -0.796469
vn 0.316980 0.002505 0.948429
vn 0.311228 0.005785 0.950318
vn 0.596499 0.013226 0.802505
vn 0.603604 0.004809 0.797270
vn 0.311228 0.005785 0.950318
vn 0.308335 -0.006372 0.951256
vn 0.585679 0.010383 0.810477
vn 0.596499 0.013226 0.802505
vn 0.364585 0.663531 0.653303
vn 0.319225 0.000000 0.947679
vn 0.605046 0.000000 0.796191
vn 0.764622 0.420713 0.488216
vn 0.317151 0.004172 -0.948366
vn 0.319176 0.000081 -0.947695
vn 0.605056 0.000206 -0.796183
vn 0.605476 0.008068 -0.795823
vn 0.000000 -0.000000 -1.000000
vn 0.000000 -0.000000 -1.000000
vn 0.319176 0.000081 -0.947695
vn 0.317151 0.004172 -0.948366
vn 0.316980 0.002505 0.948429
vn 0.319225 0.000000 0.947679
vn 0.000000 0.000000 1.000000
vn 0.000000 0.000000 1.000000
vn 0.232281 0.023445 -0.972366
vn 0.299677 0.030974 -0.953538
vn 0.584487 0.057752 -0.809345
vn 0.553850 0.052543 -0.830957
vn -0.000839 0.002182 -0.999997
vn -0.000769 0.003813 -0.999992
vn 0.299677 0.030974 -0.953538
vn 0.232281 0.023445 -0.972366
vn 0.356400 -0.654853 0.666444
vn 0.323411 -0.020931 0.946027
vn 0.013883 -0.025397 0.999581
vn 0.021241 -0.023358 0.999502
vn 0.308335 -0.006372 0.951256
vn 0.323411 -0.020931 0.946027
vn 0.589355 -0.008836 0.807826
vn 0.585679 0.010383 0.810477
vn 0.356400 -0.654853 0.666444
vn 0.363601 -0.928352 0.077183
vn 0.667039 -0.737963 0.102320
vn 0.748521 -0.416138 0.516281
vn 0.000000 1.000000 -0.000000
vn 0.000000 1.000000 -0.000000
vn 0.367264 0.930117 -0.000000
vn 0.364585 0.663531 -0.653303
vn 0.013338 -0.999282 0.035459
vn 0.008664 -0.999120 0.041029
vn 0.363601 -0.928352 0.077183
vn 0.356400 -0.654853 0.666444
vn 0.364585 0.663531 -0.653303
vn 0.367264 0.930117 -0.000000
vn 0.683197 0.730234 -0.000000
vn 0.764622 0.420713 -0.488216
vn -0.395137 -0.000003 -0.918622
vn -0.395137 -0.000003 -0.918622
vn -0.395137 -0.000003 -0.918622
vn -0.395137 -0.000003 -0.918622
vn 0.325464 0.615177 0.718074
vn 0.325465 0.615177 0.718074
vn 0.083590 0.699623 0.709605
vn 0.083591 0.699623 0.709605
vn 0.587018 0.369391 0.720389
vn 0.587019 0.369390 0.720389
vn 0.325465 0.615177 0.718074
vn 0.325464 0.615177 0.718074
vn 0.696143 0.100921 0.710774
vn 0.696142 0.100923 0.710774
vn 0.587019 0.369390 0.720389
vn 0.587018 0.369391 0.720389
vn 0.696142 0.100923 0.710774
vn 0.696143 0.100921 0.710774
vn 0.707107 0.000000 0.707107
vn 0.707107 0.000000 0.707107
vn 0.000000 0.707110 0.707103
vn 0.000000 0.707110 0.707103
vn 0.083591 0.699623 0.709605
vn 0.083590 0.699623 0.709605
vn 0.000000 0.000000 1.000000
vn 0.000000 -0.000000 1.000000
vn 0.000000 -0.000000 1.000000
vn 0.000000 -0.000000 1.000000
vn 0.000000 -0.000000 1.000000
vn 0.000000 -0.000000 1.000000
vn 0.000000 0.000000 1.000000
vn 0.000000 0.000000 1.000000
vn 0.000000 0.000000 1.000000
vn 0.000000 0.000000 1.000000
vn 0.000000 0.000000 1.000000
vn 0.956544 -0.087548 -0.278136
vn 0.956544 -0.087548 -0.278136
vn 0.956544 -0.087548 -0.278136
vn 0.956544 -0.087548 -0.278136
vn 1.000000 0.000011 0.000021
vn 1.000000 0.000000 0.000000
vn 1.000000 0.000000 0.000000
vn 1.000000 0.000000 0.000000
vn 0.999400 0.033068 -0.010297
vn 0.999976 0.006980 0.000181
vn 0.999976 0.006910 -0.000059
vn 0.999216 0.038365 -0.009778
vn 0.992092 0.038227 -0.119552
vn 0.997621 0.049853 -0.047612
vn 0.996477 0.071196 -0.044334
vn 0.989509 0.083909 -0.117608
vn 0.997621 0.049853 -0.047612
vn 0.999400 0.033068 -0.010297
vn 0.999216 0.038365 -0.009778
vn 0.996477 0.071196 -0.044334
vn 0.999976 0.006980 0.000181
vn 1.000000 0.000011 0.000021
vn 1.000000 0.000000 0.000000
vn 0.999976 0.006910 -0.000059
vn 0.985916 0.029080 -0.164692
vn 0.992092 0.038227 -0.119552
vn 0.989509 0.083909 -0.117608
vn 0.982364 0.088115 -0.164913
vn 0.986006 -0.030543 -0.163886
vn 0.992508 -0.007583 -0.121947
vn 0.992092 0.038227 -0.119552
vn 0.985916 0.029080 -0.164692
vn 0.999975 0.007051 0.000421
vn 1.000000 0.000022 0.000042
vn 1.000000 0.000011 0.000021
vn 0.999976 0.006980 0.000181
vn 0.998295 0.028535 -0.050922
vn 0.999556 0.027772 -0.010816
vn 0.999400 0.033068 -0.010297
vn 0.997621 0.049853 -0.047612
vn 0.992508 -0.007583 -0.121947
vn 0.998295 0.028535 -0.050922
vn 0.997621 0.049853 -0.047612
vn 0.992092 0.038227 -0.119552
vn 0.999556 0.027772 -0.010816
vn 0.999975 0.007051 0.000421
vn 0.999976 0.006980 0.000181
vn 0.999400 0.033068 -0.010297
vn 1.000000 0.000022 0.000042
vn 1.000000 0.000000 0.000000
vn 1.000000 0.000000 0.000000
vn 1.000000 0.000011 0.000021
vn 0.531575 -0.815564 -0.228657
vn 0.531575 -0.815564 -0.228657
vn 0.531575 -0.815564 -0.228657
vn 0.531575 -0.815564 -0.228657
vn -0.000000 -0.000000 -1.000000
vn -0.000000 -0.000000 -1.000000
vn -0.000000 -0.000000 -1.000000
vn -0.000000 -0.000000 -1.000000
vn -0.000000 -0.000000 -1.000000
vn -0.000000 -0.000000 -1.000000
vn -0.000000 -0.000000 -1.000000
vn -0.859626 -0.000000 -0.510924
vn -0.859626 -0.000000 -0.510924
vn -0.659669 -0.000000 -0.751556
vn -0.659669 -0.000000 -0.751556
vn -0.751556 0.000000 0.659669
vn -0.751556 0.000000 0.659669
vn -0.510921 0.000000 0.859628
vn -0.510921 0.000000 0.859628
vn -0.946793 0.000000 0.321844
vn -0.946793 0.000000 0.321844
vn -0.995766 0.000000 0.091930
vn -0.995766 0.000000 0.091930
vn -0.091932 -0.000000 -0.995765
vn -0.091932 -0.000000 -0.995765
vn -0.321850 -0.000000 -0.946791
vn -0.321850 -0.000000 -0.946791
vn -0.884787 0.000000 0.465996
vn -0.884787 0.000000 0.465996
vn -0.946793 0.000000 0.321844
vn -0.946793 0.000000 0.321844
vn 0.884788 -0.000000 -0.465994
vn 0.884788 -0.000000 -0.465994
vn 0.751559 -0.000000 -0.659666
vn 0.751559 -0.000000 -0.659666
vn -0.995766 0.000000 0.091930
vn -0.995766 0.000000 0.091930
vn -0.975438 -0.000000 -0.220276
vn -0.975438 -0.000000 -0.220276
vn -0.975438 -0.000000 -0.220276
vn -0.975438 -0.000000 -0.220276
vn -0.859626 -0.000000 -0.510924
vn -0.859626 -0.000000 -0.510924
vn -0.465993 -0.000000 -0.884788
vn -0.465993 -0.000000 -0.884788
vn -0.321850 -0.000000 -0.946791
vn -0.321850 -0.000000 -0.946791
vn 0.884788 -0.000000 -0.465994
vn 0.884788 -0.000000 -0.465994
vn 0.946793 -0.000000 -0.321844
vn 0.946793 -0.000000 -0.321844
vn 0.510921 -0.000000 -0.859628
vn 0.510921 -0.000000 -0.859628
vn 0.220277 -0.000000 -0.975438
vn 0.220277 -0.000000 -0.975438
vn 0.220277 -0.000000 -0.975438
vn 0.220277 -0.000000 -0.975438
vn -0.091932 -0.000000 -0.995765
vn -0.091932 -0.000000 -0.995765
vn -0.884787 0.000000 0.465996
vn -0.884787 0.000000 0.465996
vn -0.751556 0.000000 0.659669
vn -0.751556 0.000000 0.659669
vn 0.751559 -0.000000 -0.659666
vn 0.751559 -0.000000 -0.659666
vn 0.510921 -0.000000 -0.859628
vn 0.510921 -0.000000 -0.859628
vn 0.995766 -0.000000 -0.091926
vn 0.995766 -0.000000 -0.091926
vn 0.946793 -0.000000 -0.321844
vn 0.946793 -0.000000 -0.321844
vn 0.859625 0.000000 0.510925
vn 0.859625 0.000000 0.510925
vn 0.975437 0.000000 0.220278
vn 0.975437 0.000000 0.220278
vn 0.975437 0.000000 0.220278
vn 0.975437 0.000000 0.220278
vn 0.995766 -0.000000 -0.091926
vn 0.995766 -0.000000 -0.091926
vn 0.659670 0.000000 0.751555
vn 0.659670 0.000000 0.751555
vn 0.859625 0.000000 0.510925
vn 0.859625 0.000000 0.510925
vn 0.091931 0.000000 0.995765
vn 0.091931 0.000000 0.995765
vn 0.321850 0.000000 0.946791
vn 0.321850 0.000000 0.946791
vn -0.510921 0.000000 0.859628
vn -0.510921 0.000000 0.859628
vn -0.220277 0.000000 0.975438
vn -0.220277 0.000000 0.975438
vn -0.220277 0.000000 0.975438
vn -0.220277 0.000000 0.975438
vn 0.091931 0.000000 0.995765
vn 0.091931 0.000000 0.995765
vn 0.465995 0.000000 0.884787
vn 0.465995 0.000000 0.884787
vn 0.659670 0.000000 0.751555
vn 0.659670 0.000000 0.751555
vn 0.465995 0.000000 0.884787
vn 0.465995 0.000000 0.884787
vn 0.321850 0.000000 0.946791
vn 0.321850 0.000000 0.946791
vn -0.659669 -0.000000 -0.751556
vn -0.659669 -0.000000 -0.751556
vn -0.465993 -0.000000 -0.884788
vn -0.465993 -0.000000 -0.884788
vn -1.000000 -0.000094 0.000117
vn -1.000000 -0.000162 0.000189
vn -1.000000 0.000000 0.000001
vn -1.000000 0.000000 -0.000000
vn -0.999290 -0.034348 0.015518
vn -0.999112 -0.039523 0.014632
vn -0.999927 -0.011688 0.002982
vn -0.999944 -0.010083 0.003162
vn -0.996683 -0.051347 0.063133
vn -0.995989 -0.062470 0.064059
vn -0.997254 -0.062484 0.039760
vn -0.997958 -0.050889 0.038611
vn -0.997958 -0.050889 0.038611
vn -0.997254 -0.062484 0.039760
vn -0.999112 -0.039523 0.014632
vn -0.999290 -0.034348 0.015518
vn -0.999944 -0.010083 0.003162
vn -0.999927 -0.011688 0.002982
vn -1.000000 -0.000162 0.000189
vn -1.000000 -0.000094 0.000117
vn -0.996056 -0.049335 0.073752
vn -0.995785 -0.056499 0.072245
vn -0.995989 -0.062470 0.064059
vn -0.996683 -0.051347 0.063133
vn -0.996286 -0.041664 0.075361
vn -0.996056 -0.049335 0.073752
vn -0.996683 -0.051347 0.063133
vn -0.997287 -0.039658 0.062019
vn -0.999959 -0.008477 0.003343
vn -0.999944 -0.010083 0.003162
vn -1.000000 -0.000094 0.000117
vn -1.000000 -0.000027 0.000046
vn -0.998504 -0.039672 0.037624
vn -0.997958 -0.050889 0.038611
vn -0.999290 -0.034348 0.015518
vn -0.999440 -0.029180 0.016385
vn -0.997287 -0.039658 0.062019
vn -0.996683 -0.051347 0.063133
vn -0.997958 -0.050889 0.038611
vn -0.998504 -0.039672 0.037624
vn -0.999440 -0.029180 0.016385
vn -0.999290 -0.034348 0.015518
vn -0.999944 -0.010083 0.003162
vn -0.999959 -0.008477 0.003343
vn -1.000000 -0.000027 0.000046
vn -1.000000 -0.000094 0.000117
vn -1.000000 0.000000 -0.000000
vn -1.000000 -0.000000 -0.000001
vn 0.667362 0.309776 0.677250
vn 0.657534 0.223174 0.719613
vn 0.665451 0.503113 0.551409
vn 0.665451 0.503113 0.551409
vn 0.657534 0.223174 0.719613
vn 0.667362 0.309776 0.677250
vn 0.606501 0.000000 0.795083
vn 0.606501 0.000000 0.795083
vn 0.319104 0.000254 -0.947720
vn 0.000000 -0.000000 -1.000000
vn 0.000000 -0.000000 -1.000000
vn 0.364585 0.663531 -0.653303
vn 0.000000 0.000000 1.000000
vn 0.319193 0.000008 0.947690
vn 0.364585 0.663532 0.653302
vn 0.000000 0.000000 1.000000
vn 0.367264 0.930117 -0.000000
vn 0.683197 0.730234 -0.000000
vn 0.764621 0.420713 -0.488216
vn 0.364585 0.663531 -0.653303
vn 0.000000 -1.000000 0.000000
vn 0.352576 -0.934842 0.041959
vn 0.339269 -0.660713 0.669593
vn 0.000000 -1.000000 0.000000
vn 0.000000 1.000000 -0.000000
vn 0.367264 0.930117 -0.000000
vn 0.364585 0.663531 -0.653303
vn 0.000000 1.000000 -0.000000
vn 0.319193 0.000008 0.947690
vn 0.604980 0.000021 0.796241
vn 0.764621 0.420713 0.488217
vn 0.364585 0.663532 0.653302
vn 0.312284 0.015479 -0.949863
vn 0.611642 0.028612 -0.790617
vn 0.573601 0.030053 -0.818584
vn 0.237145 0.012425 -0.971395
vn 0.352576 -0.934842 0.041959
vn 0.656411 -0.750304 0.078541
vn 0.733112 -0.417706 0.536720
vn 0.339269 -0.660713 0.669593
vn 0.319104 0.000254 -0.947720
vn 0.605155 0.000647 -0.796107
vn 0.606526 0.011608 -0.794979
vn 0.316919 0.005961 -0.948434
vn 0.310361 0.005558 0.950603
vn 0.593836 0.009684 0.804528
vn 0.602756 0.003522 0.797918
vn 0.316895 0.001841 0.948459
vn 0.000000 -0.000000 1.000000
vn 0.310361 0.005558 0.950603
vn 0.316895 0.001841 0.948459
vn 0.000000 0.000000 1.000000
vn 0.318536 0.020797 -0.947682
vn 0.000000 0.000000 -1.000000
vn 0.000000 -0.000000 -1.000000
vn 0.316919 0.005961 -0.948434
vn 0.312284 0.015479 -0.949863
vn 0.000000 -0.000000 -1.000000
vn 0.000000 0.000000 -1.000000
vn 0.335681 0.020041 -0.941762
vn 0.335681 0.020041 -0.941762
vn 0.000000 0.000000 -1.000000
vn 0.000000 0.000000 -1.000000
vn 0.318536 0.020797 -0.947682
vn 0.000000 0.000000 1.000000
vn 0.291673 0.005490 0.956502
vn 0.303615 0.002454 0.952792
vn 0.000000 -0.000000 1.000000
vn 0.000000 -0.000000 1.000000
vn 0.303615 0.002454 0.952792
vn 0.310361 0.005558 0.950603
vn 0.000000 -0.000000 1.000000
vn 0.291673 0.005490 0.956502
vn 0.566332 0.005302 0.824160
vn 0.579093 0.008390 0.815218
vn 0.303615 0.002454 0.952792
vn 0.303615 0.002454 0.952792
vn 0.579093 0.008390 0.815218
vn 0.593836 0.009684 0.804528
vn 0.310361 0.005558 0.950603
vn 0.316919 0.005961 -0.948434
vn 0.606526 0.011608 -0.794979
vn 0.611071 0.035908 -0.790761
vn 0.318536 0.020797 -0.947682
vn 0.318536 0.020797 -0.947682
vn 0.611071 0.035908 -0.790761
vn 0.620582 0.044591 -0.782872
vn 0.335681 0.020041 -0.941762
vn 0.364585 0.663531 -0.653303
vn 0.764621 0.420713 -0.488216
vn 0.605155 0.000647 -0.796107
vn 0.319104 0.000254 -0.947720
vn 0.316895 0.001841 0.948459
vn 0.602756 0.003522 0.797918
vn 0.604980 0.000021 0.796241
vn 0.319193 0.000008 0.947690
vn 0.000000 0.000000 1.000000
vn 0.316895 0.001841 0.948459
vn 0.319193 0.000008 0.947690
vn 0.000000 0.000000 1.000000
vn 0.316919 0.005961 -0.948434
vn 0.000000 -0.000000 -1.000000
vn 0.000000 -0.000000 -1.000000
vn 0.319104 0.000254 -0.947720
vn 0.339269 -0.660713 0.669593
vn 0.733112 -0.417706 0.536720
vn 0.566332 0.005302 0.824160
vn 0.291673 0.005490 0.956502
vn 0.000000 0.000000 1.000000
vn 0.339269 -0.660713 0.669593
vn 0.291673 0.005490 0.956502
vn 0.000000 0.000000 1.000000
vn 0.237145 0.012425 -0.971395
vn 0.000000 -0.000000 -1.000000
vn 0.000000 -0.000000 -1.000000
vn 0.312284 0.015479 -0.949863
vn 0.335681 0.020041 -0.941762
vn 0.620582 0.044591 -0.782872
vn 0.611642 0.028612 -0.790617
vn 0.312284 0.015479 -0.949863
vn 0.301100 -0.952846 0.037721
vn 0.633613 -0.769568 0.079377
vn 0.656411 -0.750304 0.078541
vn 0.352576 -0.934842 0.041959
vn 0.000000 1.000000 -0.000000
vn 0.364585 0.663532 0.653302
vn 0.367264 0.930117 -0.000000
vn 0.000000 1.000000 -0.000000
vn 0.000000 -1.000000 0.000000
vn 0.301100 -0.952846 0.037721
vn 0.352576 -0.934842 0.041959
vn 0.000000 -1.000000 0.000000
vn 0.364585 0.663532 0.653302
vn 0.764621 0.420713 0.488217
vn 0.683197 0.730234 -0.000000
vn 0.367264 0.930117 -0.000000
vn 0.597816 0.801633 0.001069
vn 0.765092 0.643920 0.000875
vn 0.765832 0.643041 -0.000000
vn 0.596806 0.802386 -0.000000
vn 0.754956 0.655776 -0.000060
vn 0.574760 0.818322 -0.000116
vn 0.457287 0.860452 -0.224745
vn 0.759138 0.650868 -0.008955
vn 0.539105 0.819814 -0.193056
vn 0.539298 0.798142 0.268565
vn 0.689306 0.699921 0.186998
vn 0.759138 0.650868 -0.008955
vn 1.000000 0.000000 0.000000
vn 0.972300 0.233738 0.000326
vn 0.972294 0.233762 0.000000
vn 1.000000 0.000000 0.000000
vn 0.455383 0.732890 0.505468
vn 0.689306 0.699921 0.186998
vn 0.539298 0.798142 0.268565
vn 0.455876 0.746179 0.485174
vn 0.758706 0.651365 0.009460
vn 0.535708 0.823992 0.184537
vn 0.464193 0.858496 0.217966
vn 1.000000 0.000000 0.000000
vn 1.000000 0.000000 0.000000
vn 0.972294 0.233762 0.000000
vn 0.972292 0.233771 -0.000330
vn 0.535708 0.823992 0.184537
vn 0.299870 0.905625 0.299870
vn 0.464193 0.858496 0.217966
vn 0.539298 0.798142 0.268565
vn 0.456115 0.764271 0.455905
vn 0.455876 0.746179 0.485174
vn 0.299892 0.905615 -0.299877
vn 0.539105 0.819814 -0.193056
vn 0.457287 0.860452 -0.224745
vn 1.000000 0.000000 0.000000
vn 0.972292 0.233771 -0.000330
vn 0.972291 0.233771 -0.000799
vn 0.759138 0.650868 -0.008955
vn 0.457287 0.860452 -0.224745
vn 0.539105 0.819814 -0.193056
vn 0.754956 0.655776 -0.000060
vn 0.758706 0.651365 0.009460
vn 0.464193 0.858496 0.217966
vn 0.574760 0.818322 -0.000116
vn 1.000000 0.000000 0.000000
vn 0.972338 0.233575 0.000753
vn 0.972300 0.233738 0.000326
vn 0.765092 0.643920 0.000875
vn 0.972338 0.233575 0.000753
vn 0.765832 0.643041 -0.000000
vn 0.758706 0.651365 0.009460
vn 0.754956 0.655776 -0.000060
vn 0.972294 0.233762 0.000000
vn 0.972300 0.233738 0.000326
vn 0.765092 0.643920 0.000875
vn 0.758706 0.651365 0.009460
vn 0.972300 0.233738 0.000326
vn 0.972338 0.233575 0.000753
vn 0.972292 0.233771 -0.000330
vn 0.972294 0.233762 0.000000
vn 0.754956 0.655776 -0.000060
vn 0.759138 0.650868 -0.008955
vn 0.972291 0.233771 -0.000799
vn 0.972292 0.233771 -0.000330
vn 0.759138 0.650868 -0.008955
vn 0.689306 0.699921 0.186998
vn 0.535708 0.823992 0.184537
vn 0.758706 0.651365 0.009460
vn 0.765092 0.643920 0.000875
vn 0.597816 0.801633 0.001069
vn 0.000000 1.000000 -0.000000
vn 0.000000 1.000000 -0.000000
vn 0.000000 1.000000 -0.000000
vn 0.000000 1.000000 -0.000000
vn 0.000000 1.000000 -0.000000
vn 0.000000 1.000000 -0.000000
vn 0.000000 1.000000 -0.000000
vn 0.000000 1.000000 -0.000000
vn 0.000000 0.701546 -0.712625
vn 0.000000 0.701546 -0.712625
vn 0.000000 0.701546 -0.712625
vn 0.000000 0.701546 -0.712625
vn 0.000000 0.000001 1.000000
vn 0.000000 0.000001 1.000000
vn 0.000000 0.000000 1.000000
vn 0.000000 0.000000 1.000000
vn 0.000000 0.000000 1.000000
vn 0.000000 0.000000 1.000000
vn 0.000000 -0.000001 1.000000
vn 0.000000 -0.000001 1.000000
vn 0.000000 0.000002 1.000000
vn 0.000000 0.000002 1.000000
vn 0.000000 0.000001 1.000000
vn 0.000000 0.000001 1.000000
vn 0.000000 -0.000001 1.000000
vn 0.000000 -0.000001 1.000000
vn 0.000000 -0.000003 1.000000
vn 0.000000 -0.000003 1.000000
vn 0.000000 0.000000 -1.000000
vn -0.000000 -0.000000 -1.000000
vn -0.000000 -0.000000 -1.000000
vn 0.000000 -0.000000 -1.000000
vn 0.000001 0.000000 1.000000
vn 0.000001 0.000000 1.000000
vn 0.000000 0.000000 1.000000
vn 0.000000 0.000000 1.000000
vn 0.000078 0.995210 -0.097759
vn 0.000033 0.995210 -0.097763
vn -0.000000 1.000000 -0.000000
vn -0.000000 1.000000 -0.000000
vn -0.000000 -0.000000 -1.000000
vn 0.000074 0.098330 -0.995154
vn 0.000689 0.098643 -0.995123
vn 0.000000 -0.000000 -1.000000
vn 0.000000 0.000000 1.000000
vn 0.000541 0.098707 0.995116
vn 0.000054 0.098461 0.995141
vn 0.000000 0.000000 1.000000
vn 0.000000 1.000000 -0.000000
vn 0.000000 1.000000 -0.000000
vn 0.000919 0.995444 -0.095346
vn 0.000535 0.995189 -0.097969
vn -0.000000 -0.000000 -1.000000
vn -0.000000 -0.000000 -1.000000
vn 0.000032 0.098313 -0.995156
vn 0.000074 0.098330 -0.995154
vn -0.000000 -0.000000 -1.000000
vn -0.000000 -0.000000 -1.000000
vn -0.000000 -0.000000 -1.000000
vn -0.000000 -0.000000 -1.000000
vn 0.000057 0.995221 0.097646
vn 0.000413 0.995203 0.097828
vn 0.000000 1.000000 -0.000000
vn -0.000000 1.000000 -0.000000
vn 0.000689 0.098643 -0.995123
vn 0.001458 0.114526 -0.993419
vn 0.000000 -0.000000 -1.000000
vn 0.000413 0.995203 0.097828
vn 0.000748 0.995443 0.095360
vn 0.000000 1.000000 -0.000000
vn 0.000000 1.000000 -0.000000
vn -0.000000 1.000000 -0.000000
vn 0.000000 1.000000 -0.000000
vn 0.000535 0.995189 -0.097969
vn 0.000078 0.995210 -0.097759
vn 0.000000 0.000000 1.000000
vn 0.001191 0.114840 0.993383
vn 0.000541 0.098707 0.995116
vn 0.000535 0.995189 -0.097969
vn 0.001706 0.924150 -0.382026
vn 0.000242 0.924244 -0.381804
vn 0.000078 0.995210 -0.097759
vn 0.001706 0.924150 -0.382026
vn 0.002425 0.708044 -0.706165
vn 0.000322 0.708090 -0.706122
vn 0.000242 0.924244 -0.381804
vn 0.002425 0.708044 -0.706165
vn 0.001957 0.383811 -0.923410
vn 0.000235 0.383620 -0.923491
vn 0.000322 0.708090 -0.706122
vn 0.001957 0.383811 -0.923410
vn 0.000689 0.098643 -0.995123
vn 0.000074 0.098330 -0.995154
vn 0.000235 0.383620 -0.923491
vn 0.000057 0.995221 0.097646
vn 0.000176 0.924398 0.381429
vn 0.001320 0.924308 0.381646
vn 0.000413 0.995203 0.097828
vn 0.000176 0.924398 0.381429
vn 0.000235 0.708503 0.705708
vn 0.001884 0.708427 0.705782
vn 0.001320 0.924308 0.381646
vn 0.000235 0.708503 0.705708
vn 0.000171 0.384012 0.923328
vn 0.001528 0.384132 0.923277
vn 0.001884 0.708427 0.705782
vn 0.000171 0.384012 0.923328
vn 0.000054 0.098461 0.995141
vn 0.000541 0.098707 0.995116
vn 0.001528 0.384132 0.923277
vn 0.000032 0.098313 -0.995156
vn 0.000101 0.383580 -0.923508
vn 0.000235 0.383620 -0.923491
vn 0.000074 0.098330 -0.995154
vn 0.000101 0.383580 -0.923508
vn 0.000138 0.708054 -0.706158
vn 0.000322 0.708090 -0.706122
vn 0.000235 0.383620 -0.923491
vn 0.000138 0.708054 -0.706158
vn 0.000104 0.924233 -0.381830
vn 0.000242 0.924244 -0.381804
vn 0.000322 0.708090 -0.706122
vn 0.000104 0.924233 -0.381830
vn 0.000033 0.995210 -0.097763
vn 0.000078 0.995210 -0.097759
vn 0.000242 0.924244 -0.381804
vn 0.000413 0.995203 0.097828
vn 0.001320 0.924308 0.381646
vn 0.002395 0.929780 0.368107
vn 0.000748 0.995443 0.095360
vn 0.001320 0.924308 0.381646
vn 0.001884 0.708427 0.705782
vn 0.003512 0.725946 0.687742
vn 0.002395 0.929780 0.368107
vn 0.001884 0.708427 0.705782
vn 0.001528 0.384132 0.923277
vn 0.003012 0.412920 0.910762
vn 0.003512 0.725946 0.687742
vn 0.001528 0.384132 0.923277
vn 0.000541 0.098707 0.995116
vn 0.001191 0.114840 0.993383
vn 0.003012 0.412920 0.910762
vn 0.000689 0.098643 -0.995123
vn 0.001957 0.383811 -0.923410
vn 0.003699 0.412386 -0.911002
vn 0.001458 0.114526 -0.993419
vn 0.001957 0.383811 -0.923410
vn 0.002425 0.708044 -0.706165
vn 0.004319 0.725577 -0.688128
vn 0.003699 0.412386 -0.911002
vn 0.002425 0.708044 -0.706165
vn 0.001706 0.924150 -0.382026
vn 0.002946 0.929698 -0.368310
vn 0.004319 0.725577 -0.688128
vn 0.001706 0.924150 -0.382026
vn 0.000535 0.995189 -0.097969
vn 0.000919 0.995444 -0.095346
vn 0.002946 0.929698 -0.368310
vn -0.000000 -0.000000 -1.000000
vn 0.000000 -0.000000 -1.000000
vn 0.000000 -0.000000 -1.000000
vn -0.000000 -0.000000 -1.000000
vn 0.000000 -0.000000 -1.000000
vn -0.000000 -0.000000 -1.000000
vn -0.000000 -0.000000 -1.000000
vn 0.000000 -0.000000 -1.000000
vn -0.000000 -0.000000 -1.000000
vn -0.000000 -0.000000 -1.000000
vn -0.000000 -0.000000 -1.000000
vn -0.000000 -0.000000 -1.000000
vn -0.000000 -0.000000 -1.000000
vn -0.000000 -0.000000 -1.000000
vn -0.000000 -0.000000 -1.000000
vn -0.000000 -0.000000 -1.000000
vn 1.000000 -0.000000 -0.000000
vn 1.000000 0.000000 0.000000
vn 1.000000 -0.000000 -0.000000
vn 1.000000 0.000000 0.000001
vn 1.000000 -0.000000 -0.000000
vn 1.000000 -0.000000 -0.000000
vn 1.000000 -0.000000 -0.000000
vn 1.000000 -0.000000 -0.000001
vn 1.000000 0.000000 0.000001
vn 1.000000 -0.000000 -0.000003
vn 1.000000 -0.000000 -0.000000
vn 1.000000 0.000000 0.000001
vn 1.000000 0.000000 0.000001
vn 1.000000 0.000000 0.000000
vn 1.000000 0.000000 0.000000
vn 1.000000 -0.000000 -0.000003
vn 1.000000 0.000000 0.000001
vn 1.000000 0.000000 0.000001
vn 1.000000 0.000000 0.000001
vn 1.000000 0.000000 0.000001
vn 1.000000 -0.000000 -0.000001
vn 1.000000 0.000000 0.000000
vn 1.000000 0.000000 0.000001
vn 1.000000 0.000000 0.000000
vn 1.000000 0.000000 0.000000
vn 1.000000 0.000000 0.000000
vn 1.000000 0.000000 0.000001
vn 1.000000 0.000000 0.000002
vn 0.325463 0.615175 -0.718076
vn 0.083590 0.699620 -0.709609
vn 0.083590 0.699620 -0.709609
vn 0.325466 0.615174 -0.718076
vn 0.587021 0.369389 -0.720388
vn 0.325463 0.615175 -0.718076
vn 0.325466 0.615174 -0.718076
vn 0.587020 0.369390 -0.720388
vn 0.696148 0.100922 -0.710769
vn 0.587021 0.369389 -0.720388
vn 0.587020 0.369390 -0.720388
vn 0.696148 0.100924 -0.710769
vn 0.696148 0.100924 -0.710769
vn 0.707112 -0.000000 -0.707101
vn 0.707112 -0.000000 -0.707101
vn 0.696148 0.100922 -0.710769
vn -0.000000 0.707105 -0.707108
vn 0.083590 0.699620 -0.709609
vn 0.083590 0.699620 -0.709609
vn -0.000000 0.707105 -0.707108
vn 0.956547 -0.087549 0.278125
vn 0.956547 -0.087549 0.278125
vn 0.956547 -0.087549 0.278125
vn 0.956547 -0.087549 0.278125
vn -0.668434 0.708213 0.227223
vn -0.699728 0.711483 0.064595
vn -0.699728 0.711483 0.064596
vn -0.668434 0.708213 0.227224
vn -0.699728 0.711483 0.064595
vn -0.685436 0.711491 -0.154787
vn -0.685435 0.711491 -0.154789
vn -0.699728 0.711483 0.064596
vn -0.685436 0.711491 -0.154787
vn -0.604058 0.711486 -0.359029
vn -0.604058 0.711486 -0.359029
vn -0.685435 0.711491 -0.154789
vn -0.604058 0.711486 -0.359029
vn -0.463556 0.711475 -0.528127
vn -0.463558 0.711475 -0.528126
vn -0.604058 0.711486 -0.359029
vn -0.463556 0.711475 -0.528127
vn -0.328997 0.708202 -0.624669
vn -0.328997 0.708202 -0.624669
vn -0.463558 0.711475 -0.528126
vn 0.528122 0.711486 -0.463546
vn 0.624668 0.708199 -0.329004
vn 0.624668 0.708199 -0.329004
vn 0.528119 0.711486 -0.463549
vn 0.359023 0.711493 -0.604053
vn 0.528122 0.711486 -0.463546
vn 0.528119 0.711486 -0.463549
vn 0.359022 0.711493 -0.604054
vn 0.154792 0.711473 -0.685453
vn 0.359023 0.711493 -0.604053
vn 0.359022 0.711493 -0.604054
vn 0.154790 0.711473 -0.685453
vn -0.064601 0.711469 -0.699742
vn 0.154792 0.711473 -0.685453
vn 0.154790 0.711473 -0.685453
vn -0.064602 0.711469 -0.699742
vn -0.227232 0.708196 -0.668450
vn -0.064601 0.711469 -0.699742
vn -0.064602 0.711469 -0.699742
vn -0.227231 0.708196 -0.668450
vn 0.463563 0.711475 0.528123
vn 0.329001 0.708194 0.624676
vn 0.329003 0.708194 0.624675
vn 0.463563 0.711475 0.528123
vn 0.604071 0.711473 0.359033
vn 0.463563 0.711475 0.528123
vn 0.463563 0.711475 0.528123
vn 0.604071 0.711472 0.359034
vn 0.685439 0.711486 0.154792
vn 0.604071 0.711473 0.359033
vn 0.604071 0.711472 0.359034
vn 0.685440 0.711486 0.154789
vn 0.699724 0.711487 -0.064596
vn 0.685439 0.711486 0.154792
vn 0.685440 0.711486 0.154789
vn 0.699724 0.711487 -0.064597
vn 0.668439 0.708208 -0.227224
vn 0.699724 0.711487 -0.064596
vn 0.699724 0.711487 -0.064597
vn 0.668440 0.708208 -0.227223
vn -0.528115 0.711492 0.463544
vn -0.624654 0.708217 0.328993
vn -0.624655 0.708217 0.328991
vn -0.528113 0.711492 0.463546
vn -0.359024 0.711492 0.604054
vn -0.528115 0.711492 0.463544
vn -0.528113 0.711492 0.463546
vn -0.359023 0.711492 0.604055
vn -0.154789 0.711491 0.685435
vn -0.359024 0.711492 0.604054
vn -0.359023 0.711492 0.604055
vn -0.154787 0.711491 0.685435
vn 0.064605 0.711482 0.699729
vn -0.154789 0.711491 0.685435
vn -0.154787 0.711491 0.685435
vn 0.064601 0.711482 0.699729
vn 0.227237 0.708188 0.668456
vn 0.064605 0.711482 0.699729
vn 0.064601 0.711482 0.699729
vn 0.227236 0.708187 0.668457
vn -0.328997 0.708202 -0.624669
vn -0.227232 0.708196 -0.668450
vn -0.227231 0.708196 -0.668450
vn -0.328997 0.708202 -0.624669
vn -0.624654 0.708217 0.328993
vn -0.668434 0.708213 0.227223
vn -0.668434 0.708213 0.227224
vn -0.624655 0.708217 0.328991
vn 0.227236 0.708187 0.668457
vn 0.329003 0.708194 0.624675
vn 0.329001 0.708194 0.624676
vn 0.227237 0.708188 0.668456
vn 0.668440 0.708208 -0.227223
vn 0.624668 0.708199 -0.329004
vn 0.624668 0.708199 -0.329004
vn 0.668439 0.708208 -0.227224
vn 0.319225 -0.000000 -0.947679
vn 0.000000 -0.000000 -1.000000
vn 0.000000 -0.000000 -1.000000
vn 0.364584 0.663531 -0.653303
vn 0.000000 0.000000 1.000000
vn 0.319229 0.000000 0.947678
vn 0.364585 0.663532 0.653302
vn 0.000000 0.000000 1.000000
vn 0.367263 0.930117 -0.000000
vn 0.683196 0.730235 -0.000000
vn 0.764620 0.420713 -0.488218
vn 0.364584 0.663531 -0.653303
vn -0.010048 -0.999827 0.015680
vn 0.359520 -0.933105 0.007760
vn 0.377024 -0.649985 0.659828
vn -0.004231 -0.998804 0.048711
vn 0.000000 1.000000 -0.000000
vn 0.367263 0.930117 -0.000000
vn 0.364584 0.663531 -0.653303
vn 0.000000 1.000000 -0.000000
vn 0.319229 0.000000 0.947678
vn 0.605052 0.000000 0.796186
vn 0.764622 0.420715 0.488213
vn 0.364585 0.663532 0.653302
vn 0.320723 -0.005550 -0.947157
vn 0.607734 -0.008945 -0.794090
vn 0.754899 -0.426806 -0.497960
vn 0.353268 -0.663428 -0.659595
vn 0.359520 -0.933105 0.007760
vn 0.690465 -0.723363 -0.002135
vn 0.788150 -0.394165 0.472709
vn 0.377024 -0.649985 0.659828
vn 0.319225 -0.000000 -0.947679
vn 0.605047 -0.000000 -0.796190
vn 0.605297 -0.000411 -0.796000
vn 0.319489 -0.000217 -0.947590
vn 0.321770 0.002201 0.946815
vn 0.610405 0.002886 0.792085
vn 0.606036 -0.000351 0.795437
vn 0.319884 -0.000185 0.947457
vn 0.000000 0.000000 1.000000
vn 0.321770 0.002201 0.946815
vn 0.319884 -0.000185 0.947457
vn 0.000000 0.000000 1.000000
vn 0.321346 -0.002639 -0.946958
vn 0.000187 -0.000241 -1.000000
vn 0.000000 -0.000000 -1.000000
vn 0.319489 -0.000217 -0.947590
vn 0.320723 -0.005550 -0.947157
vn 0.002139 -0.003553 -0.999991
vn 0.000983 -0.002760 -0.999996
vn 0.321516 -0.006521 -0.946882
vn 0.321516 -0.006521 -0.946882
vn 0.000983 -0.002760 -0.999996
vn 0.000187 -0.000241 -1.000000
vn 0.321346 -0.002639 -0.946958
vn 0.000000 -0.000000 1.000000
vn 0.345745 -0.004875 0.938316
vn 0.330643 0.002133 0.943753
vn 0.000000 -0.000000 1.000000
vn 0.000000 -0.000000 1.000000
vn 0.330643 0.002133 0.943753
vn 0.321770 0.002201 0.946815
vn 0.000000 0.000000 1.000000
vn 0.345745 -0.004875 0.938316
vn 0.635678 -0.003200 0.771948
vn 0.619062 0.005731 0.785321
vn 0.330643 0.002133 0.943753
vn 0.330643 0.002133 0.943753
vn 0.619062 0.005731 0.785321
vn 0.610405 0.002886 0.792085
vn 0.321770 0.002201 0.946815
vn 0.319489 -0.000217 -0.947590
vn 0.605297 -0.000411 -0.796000
vn 0.606514 -0.003672 -0.795065
vn 0.321346 -0.002639 -0.946958
vn 0.321346 -0.002639 -0.946958
vn 0.606514 -0.003672 -0.795065
vn 0.608160 -0.008694 -0.793767
vn 0.321516 -0.006521 -0.946882
vn 0.364584 0.663531 -0.653303
vn 0.764620 0.420713 -0.488218
vn 0.605047 -0.000000 -0.796190
vn 0.319225 -0.000000 -0.947679
vn 0.319884 -0.000185 0.947457
vn 0.606036 -0.000351 0.795437
vn 0.605052 0.000000 0.796186
vn 0.319229 0.000000 0.947678
vn 0.000000 0.000000 1.000000
vn 0.319884 -0.000185 0.947457
vn 0.319229 0.000000 0.947678
vn 0.000000 0.000000 1.000000
vn 0.319489 -0.000217 -0.947590
vn 0.000000 -0.000000 -1.000000
vn 0.000000 -0.000000 -1.000000
vn 0.319225 -0.000000 -0.947679
vn 0.377024 -0.649985 0.659828
vn 0.788150 -0.394165 0.472709
vn 0.635678 -0.003200 0.771948
vn 0.345745 -0.004875 0.938316
vn 0.000000 0.000000 1.000000
vn 0.377024 -0.649985 0.659828
vn 0.345745 -0.004875 0.938316
vn 0.000000 -0.000000 1.000000
vn 0.353268 -0.663428 -0.659595
vn 0.002685 -0.002137 -0.999994
vn 0.002139 -0.003553 -0.999991
vn 0.320723 -0.005550 -0.947157
vn 0.321516 -0.006521 -0.946882
vn 0.608160 -0.008694 -0.793767
vn 0.607734 -0.008945 -0.794090
vn 0.320723 -0.005550 -0.947157
vn 0.353268 -0.663428 -0.659595
vn 0.754899 -0.426806 -0.497960
vn 0.690465 -0.723363 -0.002135
vn 0.359520 -0.933105 0.007760
vn 0.000000 1.000000 -0.000000
vn 0.364585 0.663532 0.653302
vn 0.367263 0.930117 -0.000000
vn 0.000000 1.000000 -0.000000
vn -0.015636 -0.999748 -0.016128
vn 0.353268 -0.663428 -0.659595
vn 0.359520 -0.933105 0.007760
vn -0.010048 -0.999827 0.015680
vn 0.364585 0.663532 0.653302
vn 0.764622 0.420715 0.488213
vn 0.683196 0.730235 -0.000000
vn 0.367263 0.930117 -0.000000
vn 0.000000 -0.000000 -1.000000
vn 0.000000 -0.000000 -1.000000
vn 0.000000 -0.000000 -1.000000
vn -1.000000 0.000000 0.000000
vn -1.000000 0.000000 0.000000
vn -1.000000 0.000000 0.000000
vn -1.000000 0.000000 0.000000
vn 0.000000 0.000000 1.000000
vn 0.000000 0.000000 1.000000
vn 0.000000 0.000000 1.000000
vn 0.463469 -0.886113 0.000000
vn 0.463469 -0.886113 0.000000
vn 0.463469 -0.886113 0.000000
vn 0.463469 -0.886113 0.000000
vn 0.787720 -0.616033 0.000000
vn 0.787720 -0.616033 0.000000
vn 0.787720 -0.616033 0.000000
vn 0.787720 -0.616033 0.000000
vn 0.710231 0.703969 -0.000000
vn 0.710231 0.703969 -0.000000
vn 0.710231 0.703969 -0.000000
vn 0.710231 0.703969 -0.000000
vn 0.705896 0.708316 -0.000000
vn 0.705896 0.708316 -0.000000
vn 0.705896 0.708316 -0.000000
vn 0.705896 0.708316 -0.000000
vn 0.716238 0.697850 -0.002915
vn 0.716238 0.697850 -0.002915
vn 0.716238 0.697850 -0.002915
vn 0.716238 0.697850 -0.002915
vn 0.716237 0.697851 0.002913
vn 0.716237 0.697851 0.002913
vn 0.716237 0.697851 0.002913
vn 0.716237 0.697851 0.002913
vn 0.717818 0.696231 -0.000000
vn 0.717818 0.696231 -0.000000
vn 0.717818 0.696231 -0.000000
vn 0.717818 0.696231 -0.000000
vn 0.000000 0.000001 1.000000
vn 0.000000 0.000001 1.000000
vn 0.000000 0.000001 1.000000
vn 0.000000 0.000001 1.000000
vn -0.787718 0.616037 -0.000000
vn -0.787718 0.616037 -0.000000
vn -0.787718 0.616037 -0.000000
vn -0.787718 0.616037 -0.000000
vn 0.000000 0.000010 -1.000000
vn 0.000000 0.000010 -1.000000
vn 0.000000 0.000010 -1.000000
vn 0.000000 0.000010 -1.000000
vn -1.000000 -0.000000 -0.000000
vn -1.000000 0.000000 0.000001
vn -1.000000 0.000000 0.000001
vn -1.000000 -0.000000 -0.000000
vn -0.998967 -0.041776 0.017863
vn -0.998712 -0.048756 0.014029
vn -0.999979 -0.006146 0.001837
vn -0.999985 -0.004764 0.002525
vn -0.990300 -0.104397 0.091695
vn -0.989618 -0.125882 0.069360
vn -0.992685 -0.113650 0.040742
vn -0.993964 -0.096892 0.051459
vn -0.993964 -0.096892 0.051459
vn -0.992685 -0.113650 0.040742
vn -0.998712 -0.048756 0.014029
vn -0.998967 -0.041776 0.017863
vn -0.999985 -0.004764 0.002525
vn -0.999979 -0.006146 0.001837
vn -1.000000 0.000000 0.000001
vn -1.000000 -0.000000 -0.000000
vn -0.989799 -0.088794 0.111418
vn -0.990635 -0.109460 0.081612
vn -0.989618 -0.125882 0.069360
vn -0.990300 -0.104397 0.091695
vn -0.987693 -0.068261 0.140723
vn -0.989799 -0.088794 0.111418
vn -0.990300 -0.104397 0.091695
vn -0.989995 -0.082625 0.114380
vn -0.999989 -0.003382 0.003213
vn -0.999985 -0.004764 0.002525
vn -1.000000 -0.000000 -0.000000
vn -1.000000 -0.000000 -0.000001
vn -0.994832 -0.080166 0.062319
vn -0.993964 -0.096892 0.051459
vn -0.998967 -0.041776 0.017863
vn -0.999159 -0.034808 0.021694
vn -0.989995 -0.082625 0.114380
vn -0.990300 -0.104397 0.091695
vn -0.993964 -0.096892 0.051459
vn -0.994832 -0.080166 0.062319
vn -0.999159 -0.034808 0.021694
vn -0.998967 -0.041776 0.017863
vn -0.999985 -0.004764 0.002525
vn -0.999989 -0.003382 0.003213
vn -1.000000 -0.000000 -0.000001
vn -1.000000 -0.000000 -0.000000
vn -1.000000 -0.000000 -0.000000
vn -1.000000 -0.000000 -0.000001
vn 0.000000 -1.000000 0.000000
vn 0.000000 -1.000000 0.000000
vn 0.000000 -1.000000 0.000000
vn 0.000000 -1.000000 0.000000
vn 0.000000 -1.000000 0.000000
vn 0.000000 -1.000000 0.000000
vn 0.000000 -1.000000 0.000000
vn 0.000000 -1.000000 0.000000
vn 0.000000 -1.000000 0.000000
vn 0.000000 -1.000000 0.000000
vn 0.000000 -1.000000 0.000000
vn 0.000000 -1.000000 0.000000
vn -0.000058 0.000002 -1.000000
vn -0.000058 0.000002 -1.000000
vn -0.000058 0.000002 -1.000000
vn -0.000058 0.000002 -1.000000
vn -0.000058 0.000002 -1.000000
vn -0.000058 0.000002 -1.000000
vn -0.000058 0.000002 -1.000000
vn -1.000000 -0.000000 0.000000
vn -1.000000 -0.000000 0.000000
vn -1.000000 -0.000000 -0.000000
vn -1.000000 -0.000000 -0.000000
vn -1.000000 -0.000000 -0.000000
vn -1.000000 -0.000000 0.000000
vn -1.000000 0.000000 -0.000000
vn -1.000000 0.000000 -0.000000
vn -1.000000 -0.000000 -0.000000
vn -1.000000 -0.000000 -0.000000
vn -1.000000 -0.000000 -0.000000
vn -1.000000 -0.000000 -0.000000
vn -1.000000 -0.000000 -0.000000
vn -1.000000 0.000000 -0.000000
vn -1.000000 0.000000 -0.000000
vn -1.000000 -0.000000 -0.000004
vn -1.000000 -0.000000 -0.000004
vn -1.000000 -0.000000 -0.000001
vn -1.000000 -0.000000 -0.000000
vn -1.000000 -0.000000 -0.000001
vn -1.000000 0.000000 0.000002
vn -1.000000 -0.000000 -0.000000
vn -1.000000 0.000000 0.000002
vn -1.000000 -0.000000 -0.000000
vn -1.000000 -0.000000 -0.000000
vn -1.000000 -0.000000 0.000000
vn -1.000000 -0.000000 0.000000
vn -1.000000 -0.000000 0.000002
vn -1.000000 -0.000000 0.000000
vn -1.000000 -0.000000 0.000002
vn -1.000000 0.000000 -0.000000
vn -1.000000 0.000000 -0.000000
vn -1.000000 -0.000000 0.000000
vn -1.000000 -0.000000 0.000002
vn -1.000000 -0.000000 0.000000
vn -1.000000 0.000000 0.000003
vn -1.000000 0.000000 0.000004
vn -1.000000 0.000000 0.000002
vn -1.000000 0.000000 0.000002
vn -1.000000 0.000000 0.000001
vn -1.000000 0.000000 -0.000000
vn -1.000000 0.000000 -0.000000
vn -1.000000 0.000000 0.000001
vn -1.000000 0.000000 0.000002
vn -1.000000 0.000000 0.000004
vn -1.000000 -0.000094 -0.000117
vn -1.000000 0.000000 -0.000000
vn -1.000000 0.000000 -0.000000
vn -1.000000 -0.000162 -0.000189
vn -0.999289 -0.034348 -0.015517
vn -0.999944 -0.010082 -0.003162
vn -0.999927 -0.011688 -0.002983
vn -0.999112 -0.039523 -0.014632
vn -0.996683 -0.051347 -0.063133
vn -0.997958 -0.050888 -0.038611
vn -0.997254 -0.062484 -0.039758
vn -0.995989 -0.062470 -0.064058
vn -0.997958 -0.050888 -0.038611
vn -0.999289 -0.034348 -0.015517
vn -0.999112 -0.039523 -0.014632
vn -0.997254 -0.062484 -0.039758
vn -0.999944 -0.010082 -0.003162
vn -1.000000 -0.000094 -0.000117
vn -1.000000 -0.000162 -0.000189
vn -0.999927 -0.011688 -0.002983
vn -0.996056 -0.049335 -0.073752
vn -0.996683 -0.051347 -0.063133
vn -0.995989 -0.062470 -0.064058
vn -0.995785 -0.056499 -0.072243
vn -0.996285 -0.041665 -0.075361
vn -0.997287 -0.039657 -0.062020
vn -0.996683 -0.051347 -0.063133
vn -0.996056 -0.049335 -0.073752
vn -0.999959 -0.008477 -0.003341
vn -1.000000 -0.000027 -0.000046
vn -1.000000 -0.000094 -0.000117
vn -0.999944 -0.010082 -0.003162
vn -0.998504 -0.039672 -0.037624
vn -0.999440 -0.029180 -0.016384
vn -0.999289 -0.034348 -0.015517
vn -0.997958 -0.050888 -0.038611
vn -0.997287 -0.039657 -0.062020
vn -0.998504 -0.039672 -0.037624
vn -0.997958 -0.050888 -0.038611
vn -0.996683 -0.051347 -0.063133
vn -0.999440 -0.029180 -0.016384
vn -0.999959 -0.008477 -0.003341
vn -0.999944 -0.010082 -0.003162
vn -0.999289 -0.034348 -0.015517
vn -1.000000 -0.000027 -0.000046
vn -1.000000 0.000000 -0.000000
vn -1.000000 0.000000 -0.000000
vn -1.000000 -0.000094 -0.000117
vn -0.103939 -0.993578 0.044708
vn -0.103939 -0.993578 0.044708
vn -0.103939 -0.993578 0.044708
vn -0.103939 -0.993578 0.044708
vn 0.912719 -0.113139 -0.392611
vn 0.912719 -0.113135 -0.392612
vn 0.912720 -0.113133 -0.392611
vn 0.912720 -0.113138 -0.392609
vn 0.912719 -0.113135 -0.392612
vn 0.912720 -0.113133 -0.392611
vn 0.912721 -0.113131 -0.392610
vn 0.912720 -0.113133 -0.392611
vn 0.912720 -0.113133 -0.392611
vn 0.912720 -0.113138 -0.392610
vn 0.912721 -0.113137 -0.392609
vn 0.912721 -0.113131 -0.392610
vn 0.912720 -0.113138 -0.392610
vn 0.912719 -0.113139 -0.392611
vn 0.912720 -0.113138 -0.392609
vn 0.912721 -0.113137 -0.392609
vn -0.000000 1.000000 -0.000000
vn 0.000000 1.000000 -0.000000
vn 0.000000 1.000000 -0.000000
vn -0.000000 1.000000 -0.000000
vn -0.000000 1.000000 -0.000000
vn -0.000000 1.000000 -0.000000
vn -0.000000 1.000000 -0.000000
vn -0.000000 1.000000 -0.000000
vn 0.000000 1.000000 -0.000000
vn 0.000000 1.000000 -0.000000
vn 0.000000 1.000000 -0.000000
vn 1.000000 0.000000 0.000001
vn 1.000000 0.000000 0.000001
vn 0.989654 0.143473 0.000000
vn 0.989654 0.143473 0.000000
vn 0.118635 0.992938 -0.000000
vn 0.118635 0.992938 -0.000000
vn 0.467644 0.883917 -0.000000
vn 0.467644 0.883917 -0.000000
vn 0.000000 1.000000 -0.000000
vn 0.000000 1.000000 -0.000000
vn 0.118635 0.992938 -0.000000
vn 0.118635 0.992938 -0.000000
vn 0.846373 0.532591 -0.000000
vn 0.846373 0.532591 -0.000000
vn 0.989654 0.143473 0.000000
vn 0.989654 0.143473 0.000000
vn 0.467644 0.883917 -0.000000
vn 0.467644 0.883917 -0.000000
vn 0.846373 0.532591 -0.000000
vn 0.846373 0.532591 -0.000000
vn 0.912727 -0.113134 0.392595
vn 0.912727 -0.113132 0.392596
vn 0.912727 -0.113128 0.392595
vn 0.912728 -0.113130 0.392594
vn 0.912728 -0.113130 0.392594
vn 0.912727 -0.113128 0.392595
vn 0.912724 -0.113129 0.392602
vn 0.912724 -0.113130 0.392602
vn 0.912724 -0.113130 0.392602
vn 0.912724 -0.113129 0.392602
vn 0.912724 -0.113132 0.392603
vn 0.912723 -0.113134 0.392603
vn 0.912723 -0.113134 0.392603
vn 0.912724 -0.113132 0.392603
vn 0.912727 -0.113132 0.392596
vn 0.912727 -0.113134 0.392595
vn -0.395136 0.000000 -0.918623
vn -0.393167 0.102925 -0.913688
vn -0.284059 0.109572 -0.952525
vn -0.303974 0.000407 -0.952680
vn -0.065472 0.986755 -0.148419
vn 0.062716 0.986756 0.149597
vn 0.199179 0.974856 0.099921
vn 0.064445 0.974855 -0.213320
vn 0.064445 0.974855 -0.213320
vn 0.199179 0.974856 0.099921
vn 0.540232 0.837996 -0.076895
vn 0.427359 0.837992 -0.339314
vn 0.392900 0.102922 0.913803
vn 0.395138 -0.000001 0.918622
vn 0.482559 0.000405 0.875864
vn 0.496142 0.109570 0.861300
vn 0.834670 0.003277 -0.550740
vn 0.973849 0.003276 -0.227172
vn 0.971646 0.036126 -0.233663
vn 0.837869 0.036127 -0.544674
vn 0.427359 0.837992 -0.339314
vn 0.540232 0.837996 -0.076895
vn 0.828357 0.483773 -0.282468
vn 0.774751 0.483765 -0.407103
vn 0.482559 0.000405 0.875864
vn 0.395138 -0.000001 0.918622
vn 0.395138 0.000000 0.918622
vn 0.486518 0.003731 0.873663
vn -0.395136 0.000000 -0.918623
vn -0.303974 0.000407 -0.952680
vn -0.299655 0.003730 -0.954040
vn -0.395143 -0.000002 -0.918620
vn 0.834670 0.003277 -0.550740
vn 0.832728 -0.017442 -0.553408
vn 0.857040 0.037504 -0.513883
vn 0.884256 0.091072 -0.458037
vn 0.905885 0.122850 -0.405316
vn 0.917246 0.122854 -0.378901
vn 0.940647 0.091076 -0.326937
vn 0.962476 0.037505 -0.268763
vn 0.974450 -0.017441 -0.223928
vn 0.973849 0.003276 -0.227172
vn 0.496142 0.109570 0.861300
vn 0.482559 0.000405 0.875864
vn 0.732664 0.001363 0.680589
vn 0.766813 0.092948 0.635106
vn 0.774751 0.483765 -0.407103
vn 0.828357 0.483773 -0.282468
vn 0.917246 0.122854 -0.378901
vn 0.905885 0.122850 -0.405316
vn 0.066295 0.092951 -0.993461
vn 0.009794 0.001363 -0.999951
vn -0.303974 0.000407 -0.952680
vn -0.284059 0.109572 -0.952525
vn 0.529922 0.035438 -0.847306
vn 0.496816 0.001157 -0.867855
vn 0.009794 0.001363 -0.999951
vn 0.066295 0.092951 -0.993461
vn 0.832728 -0.017442 -0.553408
vn 0.834670 0.003277 -0.550740
vn 0.496816 0.001157 -0.867855
vn 0.529922 0.035438 -0.847306
vn 0.979555 0.035439 0.198030
vn 0.971705 0.001158 0.236195
vn 0.973849 0.003276 -0.227172
vn 0.974450 -0.017441 -0.223928
vn 0.766813 0.092948 0.635106
vn 0.732664 0.001363 0.680589
vn 0.971705 0.001158 0.236195
vn 0.979555 0.035439 0.198030
vn 0.834670 0.003277 -0.550740
vn 0.837869 0.036127 -0.544674
vn 0.509653 0.029634 -0.859870
vn 0.496816 0.001157 -0.867855
vn 0.496816 0.001157 -0.867855
vn 0.509653 0.029634 -0.859870
vn 0.020849 0.015190 -0.999667
vn 0.009794 0.001363 -0.999951
vn 0.009794 0.001363 -0.999951
vn 0.020849 0.015190 -0.999667
vn -0.299655 0.003730 -0.954040
vn -0.303974 0.000407 -0.952680
vn 0.971646 0.036126 -0.233663
vn 0.973849 0.003276 -0.227172
vn 0.971705 0.001158 0.236195
vn 0.974736 0.029634 0.221385
vn 0.974736 0.029634 0.221385
vn 0.971705 0.001158 0.236195
vn 0.732664 0.001363 0.680589
vn 0.740062 0.015191 0.672367
vn 0.740062 0.015191 0.672367
vn 0.732664 0.001363 0.680589
vn 0.482559 0.000405 0.875864
vn 0.486518 0.003731 0.873663
vn 0.774751 0.483765 -0.407103
vn 0.905885 0.122850 -0.405316
vn 0.884256 0.091072 -0.458037
vn 0.712750 0.372834 -0.594124
vn 0.712750 0.372834 -0.594124
vn 0.884256 0.091072 -0.458037
vn 0.857040 0.037504 -0.513883
vn 0.616023 0.190068 -0.764454
vn 0.616023 0.190068 -0.764454
vn 0.857040 0.037504 -0.513883
vn 0.832728 -0.017442 -0.553408
vn 0.529922 0.035438 -0.847306
vn 0.427359 0.837992 -0.339314
vn 0.774751 0.483765 -0.407103
vn 0.712750 0.372834 -0.594124
vn 0.320028 0.676769 -0.662998
vn 0.320028 0.676769 -0.662998
vn 0.712750 0.372834 -0.594124
vn 0.616023 0.190068 -0.764454
vn 0.178008 0.359904 -0.915850
vn 0.178008 0.359904 -0.915850
vn 0.616023 0.190068 -0.764454
vn 0.529922 0.035438 -0.847306
vn 0.066295 0.092951 -0.993461
vn 0.064445 0.974855 -0.213320
vn 0.427359 0.837992 -0.339314
vn 0.320028 0.676769 -0.662998
vn -0.080864 0.804091 -0.588981
vn -0.080864 0.804091 -0.588981
vn 0.320028 0.676769 -0.662998
vn 0.178008 0.359904 -0.915850
vn -0.219564 0.427084 -0.877149
vn -0.219564 0.427084 -0.877149
vn 0.178008 0.359904 -0.915850
vn 0.066295 0.092951 -0.993461
vn -0.284059 0.109572 -0.952525
vn 0.496142 0.109570 0.861300
vn 0.766813 0.092948 0.635106
vn 0.787300 0.359902 0.500630
vn 0.485780 0.427082 0.762640
vn 0.485780 0.427082 0.762640
vn 0.787300 0.359902 0.500630
vn 0.701406 0.676770 0.223633
vn 0.371968 0.804091 0.463765
vn 0.371968 0.804091 0.463765
vn 0.701406 0.676770 0.223633
vn 0.540232 0.837996 -0.076895
vn 0.199179 0.974856 0.099921
vn 0.766813 0.092948 0.635106
vn 0.979555 0.035439 0.198030
vn 0.978626 0.190065 0.078531
vn 0.787300 0.359902 0.500630
vn 0.787300 0.359902 0.500630
vn 0.978626 0.190065 0.078531
vn 0.921491 0.372840 -0.108836
vn 0.701406 0.676770 0.223633
vn 0.701406 0.676770 0.223633
vn 0.921491 0.372840 -0.108836
vn 0.828357 0.483773 -0.282468
vn 0.540232 0.837996 -0.076895
vn 0.979555 0.035439 0.198030
vn 0.974450 -0.017441 -0.223928
vn 0.962476 0.037505 -0.268763
vn 0.978626 0.190065 0.078531
vn 0.978626 0.190065 0.078531
vn 0.962476 0.037505 -0.268763
vn 0.940647 0.091076 -0.326937
vn 0.921491 0.372840 -0.108836
vn 0.921491 0.372840 -0.108836
vn 0.940647 0.091076 -0.326937
vn 0.917246 0.122854 -0.378901
vn 0.828357 0.483773 -0.282468
vn -0.065472 0.986755 -0.148419
vn 0.064445 0.974855 -0.213320
vn -0.080864 0.804091 -0.588981
vn -0.230844 0.816411 -0.529324
vn -0.230844 0.816411 -0.529324
vn -0.080864 0.804091 -0.588981
vn -0.219564 0.427084 -0.877149
vn -0.359334 0.423374 -0.831645
vn -0.359334 0.423374 -0.831645
vn -0.219564 0.427084 -0.877149
vn -0.284059 0.109572 -0.952525
vn -0.393167 0.102925 -0.913688
vn 0.392900 0.102922 0.913803
vn 0.496142 0.109570 0.861300
vn 0.485780 0.427082 0.762640
vn 0.356614 0.423372 0.832816
vn 0.356614 0.423372 0.832816
vn 0.485780 0.427082 0.762640
vn 0.371968 0.804091 0.463765
vn 0.225509 0.816414 0.531614
vn 0.225509 0.816414 0.531614
vn 0.371968 0.804091 0.463765
vn 0.199179 0.974856 0.099921
vn 0.062716 0.986756 0.149597
vn -1.000000 -0.000001 0.000000
vn -1.000000 -0.000000 0.000000
vn -1.000000 -0.000000 0.000000
vn -1.000000 -0.000001 0.000000
vn -1.000000 -0.000000 0.000000
vn -1.000000 -0.000000 0.000000
vn -1.000000 0.000000 0.000000
vn -1.000000 0.000000 0.000000
vn -1.000000 0.000000 0.000000
vn -1.000000 0.000000 0.000000
vn -1.000000 0.000000 0.000000
vn -1.000000 0.000000 0.000000
vn 0.319225 -0.000000 -0.947679
vn 0.000000 -0.000000 -1.000000
vn 0.000000 -0.000000 -1.000000
vn 0.364584 0.663531 -0.653303
vn 0.000000 0.000000 1.000000
vn 0.319175 0.000081 0.947696
vn 0.364585 0.663531 0.653302
vn 0.000000 0.000000 1.000000
vn 0.367264 0.930117 -0.000000
vn 0.683196 0.730235 -0.000000
vn 0.764621 0.420714 -0.488216
vn 0.364584 0.663531 -0.653303
vn 0.008667 -0.999120 -0.041029
vn 0.363601 -0.928352 -0.077183
vn 0.298081 -0.951495 -0.076185
vn 0.003440 -0.998877 -0.047253
vn 0.000000 1.000000 -0.000000
vn 0.367264 0.930117 -0.000000
vn 0.364584 0.663531 -0.653303
vn 0.000000 1.000000 -0.000000
vn 0.319175 0.000081 0.947696
vn 0.605052 0.000206 0.796186
vn 0.764621 0.420713 0.488217
vn 0.364585 0.663531 0.653302
vn 0.323414 -0.020932 -0.946026
vn 0.589360 -0.008837 -0.807822
vn 0.748523 -0.416138 -0.516278
vn 0.356403 -0.654852 -0.666443
vn 0.363601 -0.928352 -0.077183
vn 0.667037 -0.737965 -0.102320
vn 0.636880 -0.764023 -0.103211
vn 0.298081 -0.951495 -0.076185
vn 0.319225 -0.000000 -0.947679
vn 0.605046 0.000000 -0.796191
vn 0.603603 0.004809 -0.797271
vn 0.316979 0.002505 -0.948429
vn 0.315866 0.015243 0.948682
vn 0.605415 0.025791 0.795492
vn 0.605472 0.008068 0.795826
vn 0.317149 0.004172 0.948367
vn -0.000113 0.000257 1.000000
vn 0.315866 0.015243 0.948682
vn 0.317149 0.004172 0.948367
vn 0.000000 0.000000 1.000000
vn 0.311226 0.005785 -0.950318
vn 0.000771 -0.003180 -0.999995
vn 0.000000 -0.000000 -1.000000
vn 0.316979 0.002505 -0.948429
vn 0.323414 -0.020932 -0.946026
vn 0.013882 -0.025397 -0.999581
vn 0.004092 -0.016726 -0.999852
vn 0.308336 -0.006372 -0.951256
vn 0.308336 -0.006372 -0.951256
vn 0.004092 -0.016726 -0.999852
vn 0.000771 -0.003180 -0.999995
vn 0.311226 0.005785 -0.950318
vn -0.000767 0.003814 0.999992
vn 0.299677 0.030974 0.953538
vn 0.314459 0.029139 0.948824
vn -0.000455 0.002801 0.999996
vn -0.000455 0.002801 0.999996
vn 0.314459 0.029139 0.948824
vn 0.315866 0.015243 0.948682
vn -0.000113 0.000257 1.000000
vn 0.299677 0.030974 0.953538
vn 0.584486 0.057753 0.809346
vn 0.602867 0.046768 0.796470
vn 0.314459 0.029139 0.948824
vn 0.314459 0.029139 0.948824
vn 0.602867 0.046768 0.796470
vn 0.605415 0.025791 0.795492
vn 0.315866 0.015243 0.948682
vn 0.316979 0.002505 -0.948429
vn 0.603603 0.004809 -0.797271
vn 0.596496 0.013226 -0.802507
vn 0.311226 0.005785 -0.950318
vn 0.311226 0.005785 -0.950318
vn 0.596496 0.013226 -0.802507
vn 0.585678 0.010383 -0.810477
vn 0.308336 -0.006372 -0.951256
vn 0.364584 0.663531 -0.653303
vn 0.764621 0.420714 -0.488216
vn 0.605046 0.000000 -0.796191
vn 0.319225 -0.000000 -0.947679
vn 0.317149 0.004172 0.948367
vn 0.605472 0.008068 0.795826
vn 0.605052 0.000206 0.796186
vn 0.319175 0.000081 0.947696
vn 0.000000 0.000000 1.000000
vn 0.317149 0.004172 0.948367
vn 0.319175 0.000081 0.947696
vn 0.000000 0.000000 1.000000
vn 0.316979 0.002505 -0.948429
vn 0.000000 -0.000000 -1.000000
vn 0.000000 -0.000000 -1.000000
vn 0.319225 -0.000000 -0.947679
vn 0.232279 0.023445 0.972367
vn 0.553847 0.052543 0.830959
vn 0.584486 0.057753 0.809346
vn 0.299677 0.030974 0.953538
vn -0.000840 0.002181 0.999997
vn 0.232279 0.023445 0.972367
vn 0.299677 0.030974 0.953538
vn -0.000767 0.003814 0.999992
vn 0.356403 -0.654852 -0.666443
vn 0.021240 -0.023359 -0.999502
vn 0.013882 -0.025397 -0.999581
vn 0.323414 -0.020932 -0.946026
vn 0.308336 -0.006372 -0.951256
vn 0.585678 0.010383 -0.810477
vn 0.589360 -0.008837 -0.807822
vn 0.323414 -0.020932 -0.946026
vn 0.356403 -0.654852 -0.666443
vn 0.748523 -0.416138 -0.516278
vn 0.667037 -0.737965 -0.102320
vn 0.363601 -0.928352 -0.077183
vn 0.000000 1.000000 -0.000000
vn 0.364585 0.663531 0.653302
vn 0.367264 0.930117 -0.000000
vn 0.000000 1.000000 -0.000000
vn 0.013343 -0.999282 -0.035459
vn 0.356403 -0.654852 -0.666443
vn 0.363601 -0.928352 -0.077183
vn 0.008667 -0.999120 -0.041029
vn 0.364585 0.663531 0.653302
vn 0.764621 0.420713 0.488217
vn 0.683196 0.730235 -0.000000
vn 0.367264 0.930117 -0.000000
vn 0.000000 0.000003 1.000000
vn 0.000000 0.000003 1.000000
vn 0.000000 0.000003 1.000000
vn 0.000000 0.000003 1.000000
vn 0.000000 0.000003 1.000000
vn 0.000000 0.000003 1.000000
vn 0.000000 0.000003 1.000000
vn 0.319225 -0.000000 -0.947679
vn 0.000000 -0.000000 -1.000000
vn 0.000000 -0.000000 -1.000000
vn 0.364584 0.663531 -0.653303
vn 0.000000 -0.000000 1.000000
vn 0.319257 0.000017 0.947668
vn 0.364585 0.663531 0.653302
vn 0.000000 0.000000 1.000000
vn 0.367264 0.930117 -0.000000
vn 0.683197 0.730234 -0.000000
vn 0.764620 0.420713 -0.488218
vn 0.364584 0.663531 -0.653303
vn 0.000077 -0.999998 0.001815
vn 0.357995 -0.930746 0.074507
vn 0.329165 -0.666267 0.669133
vn 0.000000 -1.000000 0.000000
vn 0.000000 1.000000 -0.000000
vn 0.367264 0.930117 -0.000000
vn 0.364584 0.663531 -0.653303
vn 0.000000 1.000000 -0.000000
vn 0.319257 0.000017 0.947668
vn 0.605150 0.000043 0.796111
vn 0.764621 0.420713 0.488217
vn 0.364585 0.663531 0.653302
vn 0.300571 0.036586 -0.953057
vn 0.591336 0.069583 -0.803418
vn 0.547590 0.069159 -0.833884
vn 0.240775 0.030409 -0.970105
vn 0.357995 -0.930746 0.074507
vn 0.656814 -0.741841 0.135153
vn 0.748703 -0.406578 0.523582
vn 0.329165 -0.666267 0.669133
vn 0.319225 -0.000000 -0.947679
vn 0.605047 -0.000000 -0.796190
vn 0.605900 0.004335 -0.795529
vn 0.318397 0.002261 -0.947955
vn 0.316730 0.007034 0.948490
vn 0.603714 0.012257 0.797107
vn 0.606248 0.004532 0.795263
vn 0.318567 0.002364 0.947897
vn 0.000000 -0.000000 1.000000
vn 0.316730 0.007034 0.948490
vn 0.318567 0.002364 0.947897
vn 0.000000 -0.000000 1.000000
vn 0.315325 0.015255 -0.948861
vn 0.000000 0.000000 -1.000000
vn 0.000000 -0.000000 -1.000000
vn 0.318397 0.002261 -0.947955
vn 0.300571 0.036586 -0.953057
vn 0.000000 -0.000000 -1.000000
vn 0.000000 0.000000 -1.000000
vn 0.319717 0.031721 -0.946982
vn 0.319717 0.031721 -0.946982
vn 0.000000 0.000000 -1.000000
vn 0.000000 0.000000 -1.000000
vn 0.315325 0.015255 -0.948861
vn 0.000000 0.000001 1.000000
vn 0.326253 -0.018304 0.945105
vn 0.317159 -0.001540 0.948371
vn 0.000000 0.000000 1.000000
vn 0.000000 0.000000 1.000000
vn 0.317159 -0.001540 0.948371
vn 0.316730 0.007034 0.948490
vn 0.000000 -0.000000 1.000000
vn 0.326253 -0.018304 0.945105
vn 0.600437 -0.023292 0.799333
vn 0.595892 0.005895 0.803043
vn 0.317159 -0.001540 0.948371
vn 0.317159 -0.001540 0.948371
vn 0.595892 0.005895 0.803043
vn 0.603714 0.012257 0.797107
vn 0.316730 0.007034 0.948490
vn 0.318397 0.002261 -0.947955
vn 0.605900 0.004335 -0.795529
vn 0.607629 0.024509 -0.793843
vn 0.315325 0.015255 -0.948861
vn 0.315325 0.015255 -0.948861
vn 0.607629 0.024509 -0.793843
vn 0.610460 0.054286 -0.790185
vn 0.319717 0.031721 -0.946982
vn 0.364584 0.663531 -0.653303
vn 0.764620 0.420713 -0.488218
vn 0.605047 -0.000000 -0.796190
vn 0.319225 -0.000000 -0.947679
vn 0.318567 0.002364 0.947897
vn 0.606248 0.004532 0.795263
vn 0.605150 0.000043 0.796111
vn 0.319257 0.000017 0.947668
vn 0.000000 -0.000000 1.000000
vn 0.318567 0.002364 0.947897
vn 0.319257 0.000017 0.947668
vn 0.000000 -0.000000 1.000000
vn 0.318397 0.002261 -0.947955
vn 0.000000 -0.000000 -1.000000
vn 0.000000 -0.000000 -1.000000
vn 0.319225 -0.000000 -0.947679
vn 0.329165 -0.666267 0.669133
vn 0.748703 -0.406578 0.523582
vn 0.600437 -0.023292 0.799333
vn 0.326253 -0.018304 0.945105
vn 0.000000 0.000000 1.000000
vn 0.329165 -0.666267 0.669133
vn 0.326253 -0.018304 0.945105
vn 0.000000 0.000001 1.000000
vn 0.240775 0.030409 -0.970105
vn 0.000000 -0.000000 -1.000000
vn 0.000000 -0.000000 -1.000000
vn 0.300571 0.036586 -0.953057
vn 0.319717 0.031721 -0.946982
vn 0.610460 0.054286 -0.790185
vn 0.591336 0.069583 -0.803418
vn 0.300571 0.036586 -0.953057
vn 0.306176 -0.949627 0.066825
vn 0.609374 -0.782390 0.128564
vn 0.656814 -0.741841 0.135153
vn 0.357995 -0.930746 0.074507
vn 0.000000 1.000000 -0.000000
vn 0.364585 0.663531 0.653302
vn 0.367264 0.930117 -0.000000
vn 0.000000 1.000000 -0.000000
vn 0.000171 -0.999992 0.004040
vn 0.306176 -0.949627 0.066825
vn 0.357995 -0.930746 0.074507
vn 0.000077 -0.999998 0.001815
vn 0.364585 0.663531 0.653302
vn 0.764621 0.420713 0.488217
vn 0.683197 0.730234 -0.000000
vn 0.367264 0.930117 -0.000000
vn -1.000000 -0.000483 -0.000388
vn -1.000000 -0.000259 -0.000426
vn -1.000000 0.000000 0.000001
vn -1.000000 -0.000000 -0.000000
vn -0.998692 -0.036428 -0.035870
vn -0.999082 -0.024315 -0.035283
vn -0.999930 -0.008673 -0.008070
vn -0.999899 -0.012228 -0.007254
vn -0.994430 -0.027172 -0.101841
vn -0.994843 -0.024316 -0.098470
vn -0.997048 -0.020924 -0.073871
vn -0.996293 -0.034836 -0.078662
vn -0.996293 -0.034836 -0.078662
vn -0.997048 -0.020924 -0.073871
vn -0.999082 -0.024315 -0.035283
vn -0.998692 -0.036428 -0.035870
vn -0.999899 -0.012228 -0.007254
vn -0.999930 -0.008673 -0.008070
vn -1.000000 -0.000259 -0.000426
vn -1.000000 -0.000483 -0.000388
vn -0.993955 -0.034045 -0.104375
vn -0.993777 -0.038627 -0.104480
vn -0.994843 -0.024316 -0.098470
vn -0.994430 -0.027172 -0.101841
vn -0.994112 -0.029485 -0.104267
vn -0.993955 -0.034045 -0.104375
vn -0.994430 -0.027172 -0.101841
vn -0.994000 -0.029981 -0.105191
vn -0.999855 -0.015783 -0.006437
vn -0.999899 -0.012228 -0.007254
vn -1.000000 -0.000483 -0.000388
vn -1.000000 -0.000706 -0.000351
vn -0.995318 -0.048636 -0.083529
vn -0.996293 -0.034836 -0.078662
vn -0.998692 -0.036428 -0.035870
vn -0.998154 -0.048562 -0.036469
vn -0.994000 -0.029981 -0.105191
vn -0.994430 -0.027172 -0.101841
vn -0.996293 -0.034836 -0.078662
vn -0.995318 -0.048636 -0.083529
vn -0.998154 -0.048562 -0.036469
vn -0.998692 -0.036428 -0.035870
vn -0.999899 -0.012228 -0.007254
vn -0.999855 -0.015783 -0.006437
vn -1.000000 -0.000706 -0.000351
vn -1.000000 -0.000483 -0.000388
vn -1.000000 -0.000000 -0.000000
vn -1.000000 -0.000000 -0.000001
vn 0.319227 0.000000 0.947678
vn 0.364585 0.663531 0.653303
vn 0.000000 0.000000 1.000000
vn 0.000000 0.000000 1.000000
vn 0.000000 -0.000000 -1.000000
vn 0.000000 -0.000000 -1.000000
vn 0.364586 0.663530 -0.653303
vn 0.319226 -0.000000 -0.947679
vn 0.367265 0.930116 -0.000000
vn 0.364585 0.663531 0.653303
vn 0.764622 0.420713 0.488215
vn 0.683199 0.730232 -0.000000
vn 0.000682 -0.999733 -0.023084
vn 0.001010 -0.999867 -0.016296
vn 0.307005 -0.951633 0.011961
vn 0.364232 -0.930774 0.031543
vn 0.000000 1.000000 -0.000000
vn 0.000000 1.000000 -0.000000
vn 0.364585 0.663531 0.653303
vn 0.367265 0.930116 -0.000000
vn 0.319226 -0.000000 -0.947679
vn 0.364586 0.663530 -0.653303
vn 0.764623 0.420710 -0.488216
vn 0.605048 -0.000000 -0.796189
vn 0.296955 0.015599 0.954764
vn 0.325501 -0.672112 0.665068
vn 0.720030 -0.429339 0.545182
vn 0.564748 0.037099 0.824429
vn 0.364232 -0.930774 0.031543
vn 0.307005 -0.951633 0.011961
vn 0.660243 -0.749581 0.046980
vn 0.662414 -0.745485 0.073887
vn 0.319227 0.000000 0.947678
vn 0.318693 0.000560 0.947858
vn 0.604666 0.001064 0.796479
vn 0.605049 0.000000 0.796188
vn 0.312444 0.018985 -0.949746
vn 0.318520 0.002250 -0.947913
vn 0.606110 0.004311 -0.795369
vn 0.606606 0.030425 -0.794421
vn 0.000000 -0.000000 -1.000000
vn 0.000000 -0.000000 -1.000000
vn 0.318520 0.002250 -0.947913
vn 0.312444 0.018985 -0.949746
vn 0.309984 0.009916 0.950690
vn 0.318693 0.000560 0.947858
vn 0.000000 0.000000 1.000000
vn 0.000000 0.000000 1.000000
vn 0.296955 0.015599 0.954764
vn 0.300869 0.020962 0.953435
vn 0.000000 0.000000 1.000000
vn 0.000000 0.000000 1.000000
vn 0.300869 0.020962 0.953435
vn 0.309984 0.009916 0.950690
vn 0.000000 0.000000 1.000000
vn 0.000000 0.000000 1.000000
vn 0.000000 -0.000000 -1.000000
vn 0.000000 -0.000000 -1.000000
vn 0.310275 0.043750 -0.949639
vn 0.315018 0.047087 -0.947917
vn 0.000000 -0.000000 -1.000000
vn 0.000000 -0.000000 -1.000000
vn 0.312444 0.018985 -0.949746
vn 0.310275 0.043750 -0.949639
vn 0.315018 0.047087 -0.947917
vn 0.310275 0.043750 -0.949639
vn 0.602186 0.074526 -0.794870
vn 0.593851 0.093942 -0.799072
vn 0.310275 0.043750 -0.949639
vn 0.312444 0.018985 -0.949746
vn 0.606606 0.030425 -0.794421
vn 0.602186 0.074526 -0.794870
vn 0.318693 0.000560 0.947858
vn 0.309984 0.009916 0.950690
vn 0.598760 0.014918 0.800790
vn 0.604666 0.001064 0.796479
vn 0.309984 0.009916 0.950690
vn 0.300869 0.020962 0.953435
vn 0.583015 0.036698 0.811632
vn 0.598760 0.014918 0.800790
vn 0.364585 0.663531 0.653303
vn 0.319227 0.000000 0.947678
vn 0.605049 0.000000 0.796188
vn 0.764622 0.420713 0.488215
vn 0.318520 0.002250 -0.947913
vn 0.319226 -0.000000 -0.947679
vn 0.605048 -0.000000 -0.796189
vn 0.606110 0.004311 -0.795369
vn 0.000000 -0.000000 -1.000000
vn 0.000000 -0.000000 -1.000000
vn 0.319226 -0.000000 -0.947679
vn 0.318520 0.002250 -0.947913
vn 0.318693 0.000560 0.947858
vn 0.319227 0.000000 0.947678
vn 0.000000 0.000000 1.000000
vn 0.000000 0.000000 1.000000
vn 0.257523 0.035841 -0.965607
vn 0.315018 0.047087 -0.947917
vn 0.593851 0.093942 -0.799072
vn 0.588831 0.081951 -0.804091
vn 0.000000 -0.000000 -1.000000
vn 0.000000 -0.000000 -1.000000
vn 0.315018 0.047087 -0.947917
vn 0.257523 0.035841 -0.965607
vn 0.325501 -0.672112 0.665068
vn 0.296955 0.015599 0.954764
vn 0.000000 0.000000 1.000000
vn 0.000000 -0.000000 1.000000
vn 0.300869 0.020962 0.953435
vn 0.296955 0.015599 0.954764
vn 0.564748 0.037099 0.824429
vn 0.583015 0.036698 0.811632
vn 0.325501 -0.672112 0.665068
vn 0.364232 -0.930774 0.031543
vn 0.662414 -0.745485 0.073887
vn 0.720030 -0.429339 0.545182
vn 0.000000 1.000000 -0.000000
vn 0.000000 1.000000 -0.000000
vn 0.367265 0.930116 -0.000000
vn 0.364586 0.663530 -0.653303
vn 0.000403 -0.999583 -0.028868
vn 0.000682 -0.999733 -0.023084
vn 0.364232 -0.930774 0.031543
vn 0.325501 -0.672112 0.665068
vn 0.364586 0.663530 -0.653303
vn 0.367265 0.930116 -0.000000
vn 0.683199 0.730232 -0.000000
vn 0.764623 0.420710 -0.488216
vn 0.083590 0.699623 -0.709606
vn 0.325467 0.615176 -0.718073
vn 0.325463 0.615178 -0.718074
vn 0.083591 0.699623 -0.709606
vn 0.325467 0.615176 -0.718073
vn 0.587022 0.369391 -0.720386
vn 0.587022 0.369391 -0.720386
vn 0.325463 0.615178 -0.718074
vn 0.587022 0.369391 -0.720386
vn 0.696150 0.100924 -0.710767
vn 0.696150 0.100921 -0.710767
vn 0.587022 0.369391 -0.720386
vn -0.000000 0.707110 -0.707104
vn 0.083590 0.699623 -0.709606
vn 0.083591 0.699623 -0.709606
vn -0.000000 0.707110 -0.707104
vn 0.696150 0.100924 -0.710767
vn 0.707114 -0.000000 -0.707100
vn 0.707114 -0.000000 -0.707100
vn 0.696150 0.100921 -0.710767
vn -1.000000 0.000000 0.000000
vn -1.000000 0.000000 0.000000
vn -1.000000 0.000000 0.000000
vn -1.000000 0.000000 0.000000
vn 0.258819 -0.000000 -0.965926
vn -0.000001 -0.000000 -1.000000
vn -0.000000 0.080210 -0.996778
vn 0.257985 0.080210 -0.962814
vn -0.866026 -0.000000 -0.499999
vn -0.965926 -0.000000 -0.258819
vn -0.962814 0.080210 -0.257983
vn -0.863236 0.080210 -0.498387
vn 1.000000 0.000000 0.000000
vn 0.965927 -0.000000 -0.258815
vn 0.962814 0.080209 -0.257983
vn 0.996778 0.080209 -0.000000
vn 0.258819 0.000000 0.965926
vn 0.500001 0.000000 0.866025
vn 0.498389 0.080210 0.863235
vn 0.257985 0.080211 0.962813
vn -0.866026 0.000000 0.499998
vn -0.707106 0.000000 0.707107
vn -0.704828 0.080209 0.704829
vn -0.863237 0.080210 0.498386
vn -0.258819 -0.000000 -0.965926
vn -0.499999 -0.000000 -0.866026
vn -0.498388 0.080210 -0.863236
vn -0.257986 0.080210 -0.962813
vn 0.866025 -0.000000 -0.500001
vn 0.707106 -0.000000 -0.707108
vn 0.704827 0.080210 -0.704830
vn 0.863235 0.080210 -0.498390
vn 0.707106 0.000000 0.707108
vn 0.866025 0.000000 0.500001
vn 0.863235 0.080209 0.498389
vn 0.704828 0.080210 0.704829
vn -0.499999 0.000000 0.866026
vn -0.258819 0.000000 0.965926
vn -0.257986 0.080210 0.962813
vn -0.498388 0.080210 0.863236
vn -0.707106 -0.000000 -0.707108
vn -0.866026 -0.000000 -0.499999
vn -0.863236 0.080210 -0.498387
vn -0.704827 0.080210 -0.704830
vn -1.000000 0.000000 -0.000000
vn -0.965926 0.000000 0.258819
vn -0.962814 0.080210 0.257983
vn -0.996778 0.080210 -0.000000
vn 0.500001 -0.000000 -0.866025
vn 0.258819 -0.000000 -0.965926
vn 0.257985 0.080210 -0.962814
vn 0.498389 0.080210 -0.863235
vn 0.965927 0.000000 0.258815
vn 1.000000 0.000000 0.000000
vn 0.996778 0.080209 -0.000000
vn 0.962814 0.080209 0.257983
vn -0.000001 0.000000 1.000000
vn 0.258819 0.000000 0.965926
vn 0.257985 0.080211 0.962813
vn -0.000000 0.080210 0.996778
vn -0.965926 0.000000 0.258819
vn -0.866026 0.000000 0.499998
vn -0.863237 0.080210 0.498386
vn -0.962814 0.080210 0.257983
vn -0.000001 -0.000000 -1.000000
vn -0.258819 -0.000000 -0.965926
vn -0.257986 0.080210 -0.962813
vn -0.000000 0.080210 -0.996778
vn 0.965927 -0.000000 -0.258815
vn 0.866025 -0.000000 -0.500001
vn 0.863235 0.080210 -0.498390
vn 0.962814 0.080209 -0.257983
vn 0.500001 0.000000 0.866025
vn 0.707106 0.000000 0.707108
vn 0.704828 0.080210 0.704829
vn 0.498389 0.080210 0.863235
vn -0.707106 0.000000 0.707107
vn -0.499999 0.000000 0.866026
vn -0.498388 0.080210 0.863236
vn -0.704828 0.080209 0.704829
vn -0.499999 -0.000000 -0.866026
vn -0.707106 -0.000000 -0.707108
vn -0.704827 0.080210 -0.704830
vn -0.498388 0.080210 -0.863236
vn 0.707106 -0.000000 -0.707108
vn 0.500001 -0.000000 -0.866025
vn 0.498389 0.080210 -0.863235
vn 0.704827 0.080210 -0.704830
vn 0.866025 0.000000 0.500001
vn 0.965927 0.000000 0.258815
vn 0.962814 0.080209 0.257983
vn 0.863235 0.080209 0.498389
vn -0.258819 0.000000 0.965926
vn -0.000001 0.000000 1.000000
vn -0.000000 0.080210 0.996778
vn -0.257986 0.080210 0.962813
vn -0.962814 0.080210 -0.257983
vn -0.996778 0.080210 -0.000000
vn -0.954903 0.296917 -0.000000
vn -0.922366 0.296917 -0.247145
vn -0.922366 0.296917 -0.247145
vn -0.954903 0.296917 -0.000000
vn -0.829372 0.558696 -0.000000
vn -0.801112 0.558697 -0.214658
vn -0.398209 0.911068 -0.106698
vn -0.412254 0.911069 -0.000000
vn -0.000000 1.000000 -0.000001
vn -0.357022 0.911069 -0.206130
vn -0.398209 0.911068 -0.106698
vn -0.000000 1.000000 -0.000001
vn -0.863236 0.080210 -0.498387
vn -0.962814 0.080210 -0.257983
vn -0.922366 0.296917 -0.247145
vn -0.826972 0.296917 -0.477450
vn -0.826972 0.296917 -0.477450
vn -0.922366 0.296917 -0.247145
vn -0.801112 0.558697 -0.214658
vn -0.718257 0.558698 -0.414685
vn -0.801112 0.558697 -0.214658
vn -0.829372 0.558696 -0.000000
vn -0.647480 0.762083 -0.000000
vn -0.625416 0.762084 -0.167581
vn -0.412254 0.911069 -0.000000
vn -0.398208 0.911069 0.106699
vn -0.000000 1.000000 -0.000001
vn -0.704827 0.080210 -0.704830
vn -0.863236 0.080210 -0.498387
vn -0.826972 0.296917 -0.477450
vn -0.675218 0.296917 -0.675219
vn -0.675218 0.296917 -0.675219
vn -0.826972 0.296917 -0.477450
vn -0.718257 0.558698 -0.414685
vn -0.586454 0.558698 -0.586454
vn -0.206124 0.911069 -0.357025
vn -0.291509 0.911068 -0.291511
vn -0.000000 1.000000 -0.000001
vn -0.586454 0.558698 -0.586454
vn -0.718257 0.558698 -0.414685
vn -0.560731 0.762084 -0.323740
vn -0.457838 0.762082 -0.457838
vn -0.498388 0.080210 -0.863236
vn -0.704827 0.080210 -0.704830
vn -0.675218 0.296917 -0.675219
vn -0.477451 0.296919 -0.826971
vn -0.477451 0.296919 -0.826971
vn -0.675218 0.296917 -0.675219
vn -0.586454 0.558698 -0.586454
vn -0.414685 0.558699 -0.718256
vn -0.106693 0.911068 -0.398211
vn -0.206124 0.911069 -0.357025
vn -0.000000 1.000000 -0.000001
vn -0.414685 0.558699 -0.718256
vn -0.586454 0.558698 -0.586454
vn -0.457838 0.762082 -0.457838
vn -0.323739 0.762082 -0.560735
vn -0.257986 0.080210 -0.962813
vn -0.498388 0.080210 -0.863236
vn -0.477451 0.296919 -0.826971
vn -0.247147 0.296917 -0.922366
vn -0.247147 0.296917 -0.922366
vn -0.477451 0.296919 -0.826971
vn -0.414685 0.558699 -0.718256
vn -0.214657 0.558698 -0.801111
vn 0.000000 0.911069 -0.412255
vn -0.106693 0.911068 -0.398211
vn -0.000000 1.000000 -0.000001
vn -0.214657 0.558698 -0.801111
vn -0.414685 0.558699 -0.718256
vn -0.323739 0.762082 -0.560735
vn -0.167579 0.762084 -0.625417
vn -0.000000 0.080210 -0.996778
vn -0.257986 0.080210 -0.962813
vn -0.247147 0.296917 -0.922366
vn -0.000000 0.296917 -0.954903
vn -0.000000 0.296917 -0.954903
vn -0.247147 0.296917 -0.922366
vn -0.214657 0.558698 -0.801111
vn 0.000001 0.558697 -0.829372
vn 0.106693 0.911069 -0.398208
vn 0.000000 0.911069 -0.412255
vn -0.000000 1.000000 -0.000001
vn 0.000001 0.558697 -0.829372
vn -0.214657 0.558698 -0.801111
vn -0.167579 0.762084 -0.625417
vn 0.000001 0.762084 -0.647478
vn 0.257985 0.080210 -0.962814
vn -0.000000 0.080210 -0.996778
vn -0.000000 0.296917 -0.954903
vn 0.247148 0.296917 -0.922366
vn 0.247148 0.296917 -0.922366
vn -0.000000 0.296917 -0.954903
vn 0.000001 0.558697 -0.829372
vn 0.214659 0.558697 -0.801111
vn 0.206125 0.911068 -0.357027
vn 0.106693 0.911069 -0.398208
vn -0.000000 1.000000 -0.000001
vn 0.214659 0.558697 -0.801111
vn 0.000001 0.558697 -0.829372
vn 0.000001 0.762084 -0.647478
vn 0.167581 0.762084 -0.625416
vn 0.498389 0.080210 -0.863235
vn 0.257985 0.080210 -0.962814
vn 0.247148 0.296917 -0.922366
vn 0.477451 0.296918 -0.826971
vn 0.477451 0.296918 -0.826971
vn 0.247148 0.296917 -0.922366
vn 0.214659 0.558697 -0.801111
vn 0.414687 0.558699 -0.718255
vn 0.291511 0.911067 -0.291510
vn 0.206125 0.911068 -0.357027
vn -0.000000 1.000000 -0.000001
vn 0.414687 0.558699 -0.718255
vn 0.214659 0.558697 -0.801111
vn 0.167581 0.762084 -0.625416
vn 0.323741 0.762082 -0.560733
vn 0.704827 0.080210 -0.704830
vn 0.498389 0.080210 -0.863235
vn 0.477451 0.296918 -0.826971
vn 0.675218 0.296917 -0.675219
vn 0.675218 0.296917 -0.675219
vn 0.477451 0.296918 -0.826971
vn 0.414687 0.558699 -0.718255
vn 0.586454 0.558699 -0.586454
vn 0.357022 0.911068 -0.206134
vn 0.291511 0.911067 -0.291510
vn -0.000000 1.000000 -0.000001
vn 0.586454 0.558699 -0.586454
vn 0.414687 0.558699 -0.718255
vn 0.323741 0.762082 -0.560733
vn 0.457838 0.762082 -0.457837
vn 0.863235 0.080210 -0.498390
vn 0.704827 0.080210 -0.704830
vn 0.675218 0.296917 -0.675219
vn 0.826971 0.296915 -0.477452
vn 0.826971 0.296915 -0.477452
vn 0.675218 0.296917 -0.675219
vn 0.586454 0.558699 -0.586454
vn 0.718255 0.558697 -0.414688
vn 0.398210 0.911067 -0.106701
vn 0.357022 0.911068 -0.206134
vn -0.000000 1.000000 -0.000001
vn 0.718255 0.558697 -0.414688
vn 0.586454 0.558699 -0.586454
vn 0.457838 0.762082 -0.457837
vn 0.560729 0.762084 -0.323743
vn 0.962814 0.080209 -0.257983
vn 0.863235 0.080210 -0.498390
vn 0.826971 0.296915 -0.477452
vn 0.922366 0.296916 -0.247147
vn 0.922366 0.296916 -0.247147
vn 0.826971 0.296915 -0.477452
vn 0.718255 0.558697 -0.414688
vn 0.801112 0.558697 -0.214658
vn 0.412252 0.911070 -0.000000
vn 0.398210 0.911067 -0.106701
vn -0.000000 1.000000 -0.000001
vn 0.801112 0.558697 -0.214658
vn 0.718255 0.558697 -0.414688
vn 0.560729 0.762084 -0.323743
vn 0.625414 0.762085 -0.167581
vn 0.996778 0.080209 -0.000000
vn 0.962814 0.080209 -0.257983
vn 0.922366 0.296916 -0.247147
vn 0.954904 0.296916 -0.000000
vn 0.954904 0.296916 -0.000000
vn 0.922366 0.296916 -0.247147
vn 0.801112 0.558697 -0.214658
vn 0.829372 0.558697 -0.000000
vn 0.398208 0.911068 0.106701
vn 0.412252 0.911070 -0.000000
vn -0.000000 1.000000 -0.000001
vn 0.829372 0.558697 -0.000000
vn 0.801112 0.558697 -0.214658
vn 0.625414 0.762085 -0.167581
vn 0.647480 0.762083 -0.000000
vn 0.962814 0.080209 0.257983
vn 0.996778 0.080209 -0.000000
vn 0.954904 0.296916 -0.000000
vn 0.922366 0.296916 0.247147
vn 0.922366 0.296916 0.247147
vn 0.954904 0.296916 -0.000000
vn 0.829372 0.558697 -0.000000
vn 0.801112 0.558697 0.214657
vn 0.357018 0.911069 0.206134
vn 0.398208 0.911068 0.106701
vn -0.000000 1.000000 -0.000001
vn 0.801112 0.558697 0.214657
vn 0.829372 0.558697 -0.000000
vn 0.647480 0.762083 -0.000000
vn 0.625415 0.762085 0.167581
vn 0.863235 0.080209 0.498389
vn 0.962814 0.080209 0.257983
vn 0.922366 0.296916 0.247147
vn 0.826971 0.296916 0.477452
vn 0.826971 0.296916 0.477452
vn 0.922366 0.296916 0.247147
vn 0.801112 0.558697 0.214657
vn 0.718257 0.558697 0.414687
vn 0.291507 0.911069 0.291509
vn 0.357018 0.911069 0.206134
vn -0.000000 1.000000 -0.000001
vn 0.718257 0.558697 0.414687
vn 0.801112 0.558697 0.214657
vn 0.625415 0.762085 0.167581
vn 0.560730 0.762084 0.323743
vn 0.704828 0.080210 0.704829
vn 0.863235 0.080209 0.498389
vn 0.826971 0.296916 0.477452
vn 0.675218 0.296917 0.675219
vn 0.675218 0.296917 0.675219
vn 0.826971 0.296916 0.477452
vn 0.718257 0.558697 0.414687
vn 0.586455 0.558698 0.586453
vn 0.206124 0.911068 0.357026
vn 0.291507 0.911069 0.291509
vn -0.000000 1.000000 -0.000001
vn 0.586455 0.558698 0.586453
vn 0.718257 0.558697 0.414687
vn 0.560730 0.762084 0.323743
vn 0.457836 0.762084 0.457837
vn 0.498389 0.080210 0.863235
vn 0.704828 0.080210 0.704829
vn 0.675218 0.296917 0.675219
vn 0.477451 0.296918 0.826970
vn 0.477451 0.296918 0.826970
vn 0.675218 0.296917 0.675219
vn 0.586455 0.558698 0.586453
vn 0.414686 0.558699 0.718255
vn 0.106702 0.911069 0.398207
vn 0.206124 0.911068 0.357026
vn -0.000000 1.000000 -0.000001
vn 0.414686 0.558699 0.718255
vn 0.586455 0.558698 0.586453
vn 0.457836 0.762084 0.457837
vn 0.323740 0.762083 0.560733
vn 0.257985 0.080211 0.962813
vn 0.498389 0.080210 0.863235
vn 0.477451 0.296918 0.826970
vn 0.247147 0.296917 0.922366
vn 0.247147 0.296917 0.922366
vn 0.477451 0.296918 0.826970
vn 0.414686 0.558699 0.718255
vn 0.214657 0.558698 0.801111
vn 0.000000 0.911069 0.412254
vn 0.106702 0.911069 0.398207
vn -0.000000 1.000000 -0.000001
vn 0.214657 0.558698 0.801111
vn 0.414686 0.558699 0.718255
vn 0.323740 0.762083 0.560733
vn 0.167579 0.762085 0.625415
vn -0.000000 0.080210 0.996778
vn 0.257985 0.080211 0.962813
vn 0.247147 0.296917 0.922366
vn -0.000000 0.296917 0.954903
vn -0.000000 0.296917 0.954903
vn 0.247147 0.296917 0.922366
vn 0.214657 0.558698 0.801111
vn 0.000000 0.558697 0.829372
vn -0.106702 0.911067 0.398210
vn 0.000000 0.911069 0.412254
vn -0.000000 1.000000 -0.000001
vn 0.000000 0.558697 0.829372
vn 0.214657 0.558698 0.801111
vn 0.167579 0.762085 0.625415
vn 0.000001 0.762084 0.647478
vn -0.257986 0.080210 0.962813
vn -0.000000 0.080210 0.996778
vn -0.000000 0.296917 0.954903
vn -0.247148 0.296917 0.922366
vn -0.247148 0.296917 0.922366
vn -0.000000 0.296917 0.954903
vn 0.000000 0.558697 0.829372
vn -0.214656 0.558698 0.801111
vn -0.206126 0.911069 0.357023
vn -0.106702 0.911067 0.398210
vn -0.000000 1.000000 -0.000001
vn -0.214656 0.558698 0.801111
vn 0.000000 0.558697 0.829372
vn 0.000001 0.762084 0.647478
vn -0.167577 0.762084 0.625417
vn -0.498388 0.080210 0.863236
vn -0.257986 0.080210 0.962813
vn -0.247148 0.296917 0.922366
vn -0.477452 0.296918 0.826970
vn -0.477452 0.296918 0.826970
vn -0.247148 0.296917 0.922366
vn -0.214656 0.558698 0.801111
vn -0.414685 0.558699 0.718256
vn -0.291511 0.911067 0.291510
vn -0.206126 0.911069 0.357023
vn -0.000000 1.000000 -0.000001
vn -0.414685 0.558699 0.718256
vn -0.214656 0.558698 0.801111
vn -0.167577 0.762084 0.625417
vn -0.323740 0.762082 0.560735
vn -0.704828 0.080209 0.704829
vn -0.498388 0.080210 0.863236
vn -0.477452 0.296918 0.826970
vn -0.675218 0.296917 0.675219
vn -0.675218 0.296917 0.675219
vn -0.477452 0.296918 0.826970
vn -0.414685 0.558699 0.718256
vn -0.586454 0.558698 0.586454
vn -0.357022 0.911068 0.206130
vn -0.291511 0.911067 0.291510
vn -0.000000 1.000000 -0.000001
vn -0.586454 0.558698 0.586454
vn -0.414685 0.558699 0.718256
vn -0.323740 0.762082 0.560735
vn -0.457839 0.762082 0.457837
vn -0.863237 0.080210 0.498386
vn -0.704828 0.080209 0.704829
vn -0.675218 0.296917 0.675219
vn -0.826972 0.296917 0.477449
vn -0.826972 0.296917 0.477449
vn -0.675218 0.296917 0.675219
vn -0.586454 0.558698 0.586454
vn -0.718257 0.558698 0.414684
vn -0.398208 0.911069 0.106699
vn -0.357022 0.911068 0.206130
vn -0.000000 1.000000 -0.000001
vn -0.718257 0.558698 0.414684
vn -0.586454 0.558698 0.586454
vn -0.457839 0.762082 0.457837
vn -0.560730 0.762086 0.323740
vn -0.962814 0.080210 0.257983
vn -0.863237 0.080210 0.498386
vn -0.826972 0.296917 0.477449
vn -0.922366 0.296917 0.247145
vn -0.922366 0.296917 0.247145
vn -0.826972 0.296917 0.477449
vn -0.718257 0.558698 0.414684
vn -0.801112 0.558697 0.214657
vn -0.801112 0.558697 0.214657
vn -0.718257 0.558698 0.414684
vn -0.560730 0.762086 0.323740
vn -0.625413 0.762086 0.167581
vn -0.996778 0.080210 -0.000000
vn -0.962814 0.080210 0.257983
vn -0.922366 0.296917 0.247145
vn -0.954903 0.296917 -0.000000
vn -0.954903 0.296917 -0.000000
vn -0.922366 0.296917 0.247145
vn -0.801112 0.558697 0.214657
vn -0.829372 0.558696 -0.000000
vn -0.291509 0.911068 -0.291511
vn -0.357022 0.911069 -0.206130
vn -0.000000 1.000000 -0.000001
vn -0.829372 0.558696 -0.000000
vn -0.801112 0.558697 0.214657
vn -0.625413 0.762086 0.167581
vn -0.647480 0.762083 -0.000000
vn -0.965926 -0.000000 -0.258819
vn -1.000000 0.000000 -0.000000
vn -0.996778 0.080210 -0.000000
vn -0.962814 0.080210 -0.257983
vn -0.412254 0.911069 -0.000000
vn -0.398209 0.911068 -0.106698
vn -0.625416 0.762084 -0.167581
vn -0.647480 0.762083 -0.000000
vn -0.398209 0.911068 -0.106698
vn -0.357022 0.911069 -0.206130
vn -0.560731 0.762084 -0.323740
vn -0.625416 0.762084 -0.167581
vn -0.357022 0.911069 -0.206130
vn -0.291509 0.911068 -0.291511
vn -0.457838 0.762082 -0.457838
vn -0.560731 0.762084 -0.323740
vn -0.291509 0.911068 -0.291511
vn -0.206124 0.911069 -0.357025
vn -0.323739 0.762082 -0.560735
vn -0.457838 0.762082 -0.457838
vn -0.206124 0.911069 -0.357025
vn -0.106693 0.911068 -0.398211
vn -0.167579 0.762084 -0.625417
vn -0.323739 0.762082 -0.560735
vn -0.106693 0.911068 -0.398211
vn 0.000000 0.911069 -0.412255
vn 0.000001 0.762084 -0.647478
vn -0.167579 0.762084 -0.625417
vn 0.000000 0.911069 -0.412255
vn 0.106693 0.911069 -0.398208
vn 0.167581 0.762084 -0.625416
vn 0.000001 0.762084 -0.647478
vn 0.106693 0.911069 -0.398208
vn 0.206125 0.911068 -0.357027
vn 0.323741 0.762082 -0.560733
vn 0.167581 0.762084 -0.625416
vn 0.206125 0.911068 -0.357027
vn 0.291511 0.911067 -0.291510
vn 0.457838 0.762082 -0.457837
vn 0.323741 0.762082 -0.560733
vn 0.291511 0.911067 -0.291510
vn 0.357022 0.911068 -0.206134
vn 0.560729 0.762084 -0.323743
vn 0.457838 0.762082 -0.457837
vn 0.357022 0.911068 -0.206134
vn 0.398210 0.911067 -0.106701
vn 0.625414 0.762085 -0.167581
vn 0.560729 0.762084 -0.323743
vn 0.398210 0.911067 -0.106701
vn 0.412252 0.911070 -0.000000
vn 0.647480 0.762083 -0.000000
vn 0.625414 0.762085 -0.167581
vn 0.412252 0.911070 -0.000000
vn 0.398208 0.911068 0.106701
vn 0.625415 0.762085 0.167581
vn 0.647480 0.762083 -0.000000
vn 0.398208 0.911068 0.106701
vn 0.357018 0.911069 0.206134
vn 0.560730 0.762084 0.323743
vn 0.625415 0.762085 0.167581
vn 0.357018 0.911069 0.206134
vn 0.291507 0.911069 0.291509
vn 0.457836 0.762084 0.457837
vn 0.560730 0.762084 0.323743
vn 0.291507 0.911069 0.291509
vn 0.206124 0.911068 0.357026
vn 0.323740 0.762083 0.560733
vn 0.457836 0.762084 0.457837
vn 0.206124 0.911068 0.357026
vn 0.106702 0.911069 0.398207
vn 0.167579 0.762085 0.625415
vn 0.323740 0.762083 0.560733
vn 0.106702 0.911069 0.398207
vn 0.000000 0.911069 0.412254
vn 0.000001 0.762084 0.647478
vn 0.167579 0.762085 0.625415
vn 0.000000 0.911069 0.412254
vn -0.106702 0.911067 0.398210
vn -0.167577 0.762084 0.625417
vn 0.000001 0.762084 0.647478
vn -0.106702 0.911067 0.398210
vn -0.206126 0.911069 0.357023
vn -0.323740 0.762082 0.560735
vn -0.167577 0.762084 0.625417
vn -0.206126 0.911069 0.357023
vn -0.291511 0.911067 0.291510
vn -0.457839 0.762082 0.457837
vn -0.323740 0.762082 0.560735
vn -0.291511 0.911067 0.291510
vn -0.357022 0.911068 0.206130
vn -0.560730 0.762086 0.323740
vn -0.457839 0.762082 0.457837
vn -0.357022 0.911068 0.206130
vn -0.398208 0.911069 0.106699
vn -0.625413 0.762086 0.167581
vn -0.560730 0.762086 0.323740
vn -0.398208 0.911069 0.106699
vn -0.412254 0.911069 -0.000000
vn -0.647480 0.762083 -0.000000
vn -0.625413 0.762086 0.167581
vn -0.718257 0.558698 -0.414685
vn -0.801112 0.558697 -0.214658
vn -0.625416 0.762084 -0.167581
vn -0.560731 0.762084 -0.323740
vn -0.715029 -0.627807 -0.307558
vn -0.715029 -0.627807 -0.307558
vn -0.715029 -0.627807 -0.307558
vn -0.715029 -0.627807 -0.307558
vn 1.000000 0.000000 0.000000
vn 1.000000 0.000000 0.000000
vn 1.000000 0.000000 0.000000
vn 1.000000 0.000000 0.000000
vn 1.000000 0.000000 0.000000
vn 1.000000 0.000000 0.000000
vn 1.000000 0.000000 0.000000
vn 1.000000 0.000000 0.000000
vn 1.000000 0.000000 0.000000
vn 1.000000 0.000000 0.000000
vn 1.000000 0.000000 0.000000
vn 0.325540 0.615319 -0.717918
vn 0.325539 0.615320 -0.717918
vn 0.083609 0.699782 -0.709447
vn 0.083609 0.699782 -0.709447
vn 0.587154 0.369474 -0.720235
vn 0.587153 0.369476 -0.720235
vn 0.325539 0.615320 -0.717918
vn 0.325540 0.615319 -0.717918
vn 0.696298 0.100946 -0.710618
vn 0.696299 0.100943 -0.710618
vn 0.587153 0.369476 -0.720235
vn 0.587154 0.369474 -0.720235
vn 0.696299 0.100943 -0.710618
vn 0.696298 0.100946 -0.710618
vn 0.707264 -0.000000 -0.706950
vn 0.707264 -0.000000 -0.706950
vn -0.000000 0.707268 -0.706946
vn -0.000000 0.707268 -0.706946
vn 0.083609 0.699782 -0.709447
vn 0.083609 0.699782 -0.709447
vn 0.545454 0.838141 -0.000000
vn 0.545454 0.838141 -0.000000
vn 0.545451 0.838143 -0.000000
vn 0.545451 0.838143 -0.000000
vn 0.545449 0.838144 -0.000000
vn 0.545451 0.838143 -0.000000
vn 0.545451 0.838143 -0.000000
vn 0.545449 0.838144 -0.000000
vn -1.000000 0.000000 0.000000
vn -0.965926 0.000000 0.258819
vn -0.965926 0.000000 0.258819
vn -1.000000 0.000000 0.000000
vn -0.965926 0.000000 0.258819
vn -0.866024 0.000000 0.500002
vn -0.866024 0.000000 0.500002
vn -0.965926 0.000000 0.258819
vn -0.866024 0.000000 0.500002
vn -0.707106 0.000000 0.707108
vn -0.707106 0.000000 0.707108
vn -0.866024 0.000000 0.500002
vn -0.707106 0.000000 0.707108
vn -0.499999 0.000000 0.866026
vn -0.499999 0.000000 0.866026
vn -0.707106 0.000000 0.707108
vn -0.499999 0.000000 0.866026
vn -0.258819 0.000000 0.965926
vn -0.258819 0.000000 0.965926
vn -0.499999 0.000000 0.866026
vn -0.258819 0.000000 0.965926
vn 0.000000 0.000000 1.000000
vn 0.000000 0.000000 1.000000
vn -0.258819 0.000000 0.965926
vn 0.000000 0.000000 1.000000
vn 0.258818 0.000000 0.965926
vn 0.258818 0.000000 0.965926
vn 0.000000 0.000000 1.000000
vn 0.258818 0.000000 0.965926
vn 0.499999 0.000000 0.866026
vn 0.499999 0.000000 0.866026
vn 0.258818 0.000000 0.965926
vn 0.499999 0.000000 0.866026
vn 0.707107 0.000000 0.707107
vn 0.707107 0.000000 0.707107
vn 0.499999 0.000000 0.866026
vn 0.707107 0.000000 0.707107
vn 0.866025 0.000000 0.500000
vn 0.866025 0.000000 0.500000
vn 0.707107 0.000000 0.707107
vn 0.866025 0.000000 0.500000
vn 0.965926 0.000000 0.258819
vn 0.965926 0.000000 0.258819
vn 0.866025 0.000000 0.500000
vn 0.965926 0.000000 0.258819
vn 1.000000 0.000000 0.000000
vn 1.000000 0.000000 0.000000
vn 0.965926 0.000000 0.258819
vn 1.000000 0.000000 0.000000
vn 0.965926 -0.000000 -0.258820
vn 0.965926 -0.000000 -0.258820
vn 1.000000 0.000000 0.000000
vn 0.965926 -0.000000 -0.258820
vn 0.866025 -0.000000 -0.500001
vn 0.866025 -0.000000 -0.500001
vn 0.965926 -0.000000 -0.258820
vn 0.866025 -0.000000 -0.500001
vn 0.707107 -0.000000 -0.707107
vn 0.707107 -0.000000 -0.707107
vn 0.866025 -0.000000 -0.500001
vn 0.707107 -0.000000 -0.707107
vn 0.500001 -0.000000 -0.866025
vn 0.500001 -0.000000 -0.866025
vn 0.707107 -0.000000 -0.707107
vn 0.500001 -0.000000 -0.866025
vn 0.258818 -0.000000 -0.965926
vn 0.258818 -0.000000 -0.965926
vn 0.500001 -0.000000 -0.866025
vn 0.258818 -0.000000 -0.965926
vn 0.000000 -0.000000 -1.000000
vn 0.000000 -0.000000 -1.000000
vn 0.258818 -0.000000 -0.965926
vn 0.000000 -0.000000 -1.000000
vn -0.258819 -0.000000 -0.965926
vn -0.258819 -0.000000 -0.965926
vn 0.000000 -0.000000 -1.000000
vn -0.258819 -0.000000 -0.965926
vn -0.500001 -0.000000 -0.866025
vn -0.500001 -0.000000 -0.866025
vn -0.258819 -0.000000 -0.965926
vn -0.500001 -0.000000 -0.866025
vn -0.707106 -0.000000 -0.707108
vn -0.707106 -0.000000 -0.707108
vn -0.500001 -0.000000 -0.866025
vn -0.707106 -0.000000 -0.707108
vn -0.866024 -0.000000 -0.500003
vn -0.866024 -0.000000 -0.500003
vn -0.707106 -0.000000 -0.707108
vn -0.866024 -0.000000 -0.500003
vn -0.965926 -0.000000 -0.258820
vn -0.965926 -0.000000 -0.258820
vn -0.866024 -0.000000 -0.500003
vn -0.965926 -0.000000 -0.258820
vn -1.000000 0.000000 0.000000
vn -1.000000 0.000000 0.000000
vn -0.965926 -0.000000 -0.258820
vn 0.000000 0.000000 1.000000
vn 0.000000 0.000000 1.000000
vn 0.000000 0.000000 1.000000
vn 0.000000 0.000000 1.000000
vn 0.000000 0.000000 1.000000
vn 0.000000 0.000000 1.000000
vn 0.000000 0.000000 1.000000
vn 0.000000 0.000000 1.000000
vn 0.000000 0.000000 1.000000
vn 0.000000 0.000000 1.000000
vn 0.000000 0.000000 1.000000
vn 0.606502 -0.000000 -0.795082
vn 0.606502 -0.000000 -0.795082
vn 0.606502 -0.000000 -0.795082
vn 0.606502 -0.000000 -0.795082
vn 0.319226 0.000000 0.947679
vn 0.364585 0.663531 0.653303
vn 0.000000 0.000000 1.000000
vn 0.000000 0.000000 1.000000
vn 0.000000 -0.000000 -1.000000
vn 0.000000 -0.000000 -1.000000
vn 0.364584 0.663532 -0.653303
vn 0.319227 -0.000000 -0.947678
vn 0.367263 0.930117 -0.000000
vn 0.364585 0.663531 0.653303
vn 0.764622 0.420713 0.488215
vn 0.683196 0.730235 -0.000000
vn -0.010050 -0.999827 -0.015680
vn -0.004234 -0.998804 -0.048710
vn 0.377023 -0.649986 -0.659827
vn 0.359519 -0.933106 -0.007760
vn 0.000000 1.000000 -0.000000
vn 0.000000 1.000000 -0.000000
vn 0.364585 0.663531 0.653303
vn 0.367263 0.930117 -0.000000
vn 0.319227 -0.000000 -0.947678
vn 0.364584 0.663532 -0.653303
vn 0.764621 0.420715 -0.488215
vn 0.605049 -0.000000 -0.796188
vn 0.320719 -0.005550 0.947158
vn 0.353265 -0.663430 0.659594
vn 0.754897 -0.426808 0.497961
vn 0.607731 -0.008944 0.794093
vn 0.359519 -0.933106 -0.007760
vn 0.377023 -0.649986 -0.659827
vn 0.788150 -0.394165 -0.472709
vn 0.690464 -0.723363 0.002136
vn 0.319226 0.000000 0.947679
vn 0.319490 -0.000217 0.947590
vn 0.605298 -0.000411 0.795999
vn 0.605048 0.000000 0.796189
vn 0.321769 0.002201 -0.946816
vn 0.319881 -0.000186 -0.947458
vn 0.606032 -0.000351 -0.795441
vn 0.610402 0.002886 -0.792086
vn 0.000000 -0.000000 -1.000000
vn 0.000000 -0.000000 -1.000000
vn 0.319881 -0.000186 -0.947458
vn 0.321769 0.002201 -0.946816
vn 0.321348 -0.002638 0.946958
vn 0.319490 -0.000217 0.947590
vn 0.000000 0.000000 1.000000
vn 0.000187 -0.000240 1.000000
vn 0.320719 -0.005550 0.947158
vn 0.321514 -0.006520 0.946883
vn 0.000980 -0.002759 0.999996
vn 0.002136 -0.003553 0.999991
vn 0.321514 -0.006520 0.946883
vn 0.321348 -0.002638 0.946958
vn 0.000187 -0.000240 1.000000
vn 0.000980 -0.002759 0.999996
vn 0.000000 -0.000000 -1.000000
vn 0.000000 -0.000000 -1.000000
vn 0.330643 0.002133 -0.943754
vn 0.345744 -0.004875 -0.938316
vn 0.000000 -0.000000 -1.000000
vn 0.000000 -0.000000 -1.000000
vn 0.321769 0.002201 -0.946816
vn 0.330643 0.002133 -0.943754
vn 0.345744 -0.004875 -0.938316
vn 0.330643 0.002133 -0.943754
vn 0.619062 0.005731 -0.785321
vn 0.635676 -0.003200 -0.771949
vn 0.330643 0.002133 -0.943754
vn 0.321769 0.002201 -0.946816
vn 0.610402 0.002886 -0.792086
vn 0.619062 0.005731 -0.785321
vn 0.319490 -0.000217 0.947590
vn 0.321348 -0.002638 0.946958
vn 0.606516 -0.003672 0.795062
vn 0.605298 -0.000411 0.795999
vn 0.321348 -0.002638 0.946958
vn 0.321514 -0.006520 0.946883
vn 0.608162 -0.008693 0.793766
vn 0.606516 -0.003672 0.795062
vn 0.364585 0.663531 0.653303
vn 0.319226 0.000000 0.947679
vn 0.605048 0.000000 0.796189
vn 0.764622 0.420713 0.488215
vn 0.319881 -0.000186 -0.947458
vn 0.319227 -0.000000 -0.947678
vn 0.605049 -0.000000 -0.796188
vn 0.606032 -0.000351 -0.795441
vn 0.000000 -0.000000 -1.000000
vn 0.000000 -0.000000 -1.000000
vn 0.319227 -0.000000 -0.947678
vn 0.319881 -0.000186 -0.947458
vn 0.319490 -0.000217 0.947590
vn 0.319226 0.000000 0.947679
vn 0.000000 0.000000 1.000000
vn 0.000000 0.000000 1.000000
vn 0.377023 -0.649986 -0.659827
vn 0.345744 -0.004875 -0.938316
vn 0.635676 -0.003200 -0.771949
vn 0.788150 -0.394165 -0.472709
vn 0.000000 0.000000 -1.000000
vn 0.000000 -0.000000 -1.000000
vn 0.345744 -0.004875 -0.938316
vn 0.377023 -0.649986 -0.659827
vn 0.353265 -0.663430 0.659594
vn 0.320719 -0.005550 0.947158
vn 0.002136 -0.003553 0.999991
vn 0.002684 -0.002136 0.999994
vn 0.321514 -0.006520 0.946883
vn 0.320719 -0.005550 0.947158
vn 0.607731 -0.008944 0.794093
vn 0.608162 -0.008693 0.793766
vn 0.353265 -0.663430 0.659594
vn 0.359519 -0.933106 -0.007760
vn 0.690464 -0.723363 0.002136
vn 0.754897 -0.426808 0.497961
vn 0.000000 1.000000 -0.000000
vn 0.000000 1.000000 -0.000000
vn 0.367263 0.930117 -0.000000
vn 0.364584 0.663532 -0.653303
vn -0.015638 -0.999748 0.016128
vn -0.010050 -0.999827 -0.015680
vn 0.359519 -0.933106 -0.007760
vn 0.353265 -0.663430 0.659594
vn 0.364584 0.663532 -0.653303
vn 0.367263 0.930117 -0.000000
vn 0.683196 0.730235 -0.000000
vn 0.764621 0.420715 -0.488215
vn -1.000000 -0.000001 0.000002
vn -1.000000 -0.000000 0.000003
vn -1.000000 -0.000000 0.000003
vn -1.000000 -0.000001 0.000002
vn -1.000000 -0.000001 0.000000
vn -1.000000 -0.000001 0.000002
vn -1.000000 -0.000001 0.000002
vn -1.000000 -0.000001 0.000000
vn -1.000000 0.000000 0.000002
vn -1.000000 0.000000 0.000000
vn -1.000000 0.000000 0.000000
vn -1.000000 0.000000 0.000002
vn -1.000000 0.000000 0.000001
vn -1.000000 0.000000 0.000002
vn -1.000000 0.000000 0.000002
vn -1.000000 0.000000 0.000001
vn -1.000000 0.000000 -0.000000
vn -1.000000 0.000000 0.000001
vn -1.000000 0.000000 0.000001
vn -1.000000 0.000000 -0.000000
vn -1.000000 0.000000 0.000002
vn -1.000000 0.000000 -0.000000
vn -1.000000 0.000000 -0.000000
vn -1.000000 0.000000 0.000002
vn -1.000000 0.000000 0.000000
vn -1.000000 -0.000000 -0.000000
vn -1.000000 -0.000000 -0.000000
vn -1.000000 0.000000 0.000000
vn -1.000000 -0.000000 0.000003
vn -1.000000 0.000000 0.000002
vn -1.000000 0.000000 0.000002
vn -1.000000 -0.000000 0.000003
vn -0.000000 1.000000 -0.000000
vn -0.000000 1.000000 -0.000000
vn -0.000000 1.000000 -0.000000
vn -0.000000 1.000000 -0.000000
vn -0.000000 1.000000 -0.000000
vn -0.000000 1.000000 -0.000000
vn -0.000000 1.000000 -0.000000
vn -0.000000 1.000000 -0.000000
vn 1.000000 0.000573 -0.000439
vn 1.000000 0.000343 -0.000586
vn 1.000000 0.000000 0.000000
vn 1.000000 0.000000 0.000000
vn 0.999853 -0.004164 -0.016657
vn 0.999919 -0.007717 -0.010102
vn 0.999985 -0.001864 -0.005153
vn 0.999986 0.000316 -0.005217
vn 0.997513 -0.067942 -0.018746
vn 0.997733 -0.067206 -0.003412
vn 0.999446 -0.032848 -0.005363
vn 0.999098 -0.036541 -0.021637
vn 0.999098 -0.036541 -0.021637
vn 0.999446 -0.032848 -0.005363
vn 0.999919 -0.007717 -0.010102
vn 0.999853 -0.004164 -0.016657
vn 0.999986 0.000316 -0.005217
vn 0.999985 -0.001864 -0.005153
vn 1.000000 0.000343 -0.000586
vn 1.000000 0.000573 -0.000439
vn 0.997335 -0.070703 -0.017999
vn 0.996789 -0.079753 -0.007172
vn 0.997733 -0.067206 -0.003412
vn 0.997513 -0.067942 -0.018746
vn 0.997683 -0.061617 -0.028847
vn 0.997335 -0.070703 -0.017999
vn 0.997513 -0.067942 -0.018746
vn 0.997057 -0.068670 -0.034083
vn 0.999983 0.002497 -0.005281
vn 0.999986 0.000316 -0.005217
vn 1.000000 0.000573 -0.000439
vn 1.000000 0.000803 -0.000291
vn 0.998476 -0.040129 -0.037892
vn 0.999098 -0.036541 -0.021637
vn 0.999853 -0.004164 -0.016657
vn 0.999730 -0.000612 -0.023210
vn 0.997057 -0.068670 -0.034083
vn 0.997513 -0.067942 -0.018746
vn 0.999098 -0.036541 -0.021637
vn 0.998476 -0.040129 -0.037892
vn 0.999730 -0.000612 -0.023210
vn 0.999853 -0.004164 -0.016657
vn 0.999986 0.000316 -0.005217
vn 0.999983 0.002497 -0.005281
vn 1.000000 0.000803 -0.000291
vn 1.000000 0.000573 -0.000439
vn 1.000000 0.000000 0.000000
vn 1.000000 0.000000 0.000000
vn -0.912726 0.113144 -0.392594
vn -0.912726 0.113144 -0.392594
vn -0.912725 0.113145 -0.392595
vn -0.912726 0.113144 -0.392595
vn -0.912726 0.113144 -0.392595
vn -0.912725 0.113145 -0.392595
vn -0.912725 0.113149 -0.392595
vn -0.912725 0.113149 -0.392595
vn -0.912725 0.113148 -0.392594
vn -0.912725 0.113148 -0.392594
vn -0.912726 0.113144 -0.392594
vn -0.912726 0.113144 -0.392594
vn -0.912725 0.113149 -0.392595
vn -0.912725 0.113149 -0.392595
vn -0.912725 0.113148 -0.392594
vn -0.912725 0.113148 -0.392594
vn 0.395148 0.000000 -0.918618
vn 0.395148 0.000000 -0.918618
vn 0.395148 0.000000 -0.918618
vn 0.395148 0.000000 -0.918618
vn 0.889639 -0.373121 0.263291
vn 0.921836 -0.309055 0.233887
vn 0.974312 -0.069705 0.214143
vn 0.978374 -0.051342 0.200371
vn 0.802973 -0.373121 0.464774
vn 0.803768 -0.309057 0.508370
vn 0.921836 -0.309055 0.233887
vn 0.889639 -0.373121 0.263291
vn 0.863013 -0.025482 0.504538
vn 0.825525 -0.069705 0.560044
vn 0.818319 -0.051342 0.572467
vn 0.866600 0.000344 0.499003
vn 0.512587 -0.394420 0.762684
vn 0.461177 -0.166703 0.871508
vn 0.515969 -0.192186 0.834770
vn 0.566918 -0.378971 0.731427
vn 0.673635 0.440521 0.593428
vn 0.685577 0.618922 0.383300
vn 0.713349 0.555079 0.427809
vn 0.691016 0.380116 0.614824
vn 0.664848 -0.727933 0.167603
vn 0.819655 -0.571534 0.038924
vn 0.763537 -0.645431 0.020726
vn 0.589537 -0.788751 0.174120
vn 0.515969 -0.192186 0.834770
vn 0.461177 -0.166703 0.871508
vn 0.489851 -0.009069 0.871759
vn 0.535628 0.004465 0.844442
vn 0.531847 -0.788753 0.308233
vn 0.540153 -0.645436 0.540044
vn 0.591958 -0.571536 0.568271
vn 0.578912 -0.727931 0.367393
vn 0.540153 -0.645436 0.540044
vn 0.512587 -0.394420 0.762684
vn 0.566918 -0.378971 0.731427
vn 0.591958 -0.571536 0.568271
vn 0.920878 -0.378970 -0.091462
vn 0.960861 -0.192190 -0.199523
vn 0.949852 -0.166711 -0.264555
vn 0.906205 -0.394421 -0.152394
vn 0.981404 0.004465 -0.191901
vn 0.980657 0.183286 -0.068696
vn 0.975235 0.194898 -0.104549
vn 0.969753 -0.009072 -0.243921
vn 0.819655 -0.571534 0.038924
vn 0.920878 -0.378970 -0.091462
vn 0.906205 -0.394421 -0.152394
vn 0.763537 -0.645431 0.020726
vn 0.974312 -0.069705 0.214143
vn 0.959795 -0.025478 0.279542
vn 0.958247 0.000350 0.285942
vn 0.978374 -0.051342 0.200371
vn 0.959795 -0.025478 0.279542
vn 0.943044 0.040775 0.330161
vn 0.938037 0.063422 0.340683
vn 0.958247 0.000350 0.285942
vn 0.980657 0.183286 -0.068696
vn 0.921576 0.380111 0.078823
vn 0.894089 0.440519 0.080917
vn 0.975235 0.194898 -0.104549
vn 0.818319 -0.051342 0.572467
vn 0.825525 -0.069705 0.560044
vn 0.803768 -0.309057 0.508370
vn 0.802973 -0.373121 0.464774
vn 0.713349 0.555079 0.427809
vn 0.685577 0.618922 0.383300
vn 0.749753 0.618925 0.234100
vn 0.801163 0.555081 0.223658
vn 0.664848 -0.727933 0.167603
vn 0.589537 -0.788751 0.174120
vn 0.531847 -0.788753 0.308233
vn 0.578912 -0.727931 0.367393
vn 0.981404 0.004465 -0.191901
vn 0.969753 -0.009072 -0.243921
vn 0.949852 -0.166711 -0.264555
vn 0.960861 -0.192190 -0.199523
vn 0.914325 0.132583 0.382664
vn 0.921724 0.104821 0.373413
vn 0.904984 0.104842 0.412325
vn 0.906609 0.132594 0.400598
vn 0.594804 0.194906 0.779885
vn 0.673635 0.440521 0.593428
vn 0.691016 0.380116 0.614824
vn 0.624559 0.183292 0.759164
vn 0.489851 -0.009069 0.871759
vn 0.594804 0.194906 0.779885
vn 0.624559 0.183292 0.759164
vn 0.535628 0.004465 0.844442
vn 0.943044 0.040775 0.330161
vn 0.921724 0.104821 0.373413
vn 0.914325 0.132583 0.382664
vn 0.938037 0.063422 0.340683
vn 0.921576 0.380111 0.078823
vn 0.801163 0.555081 0.223658
vn 0.749753 0.618925 0.234100
vn 0.894089 0.440519 0.080917
vn 0.888249 0.040782 0.457548
vn 0.863013 -0.025482 0.504538
vn 0.866600 0.000344 0.499003
vn 0.892442 0.063449 0.446678
vn 0.531847 -0.788753 0.308233
vn 0.602107 -0.727912 0.328041
vn 0.556218 -0.637030 0.533681
vn 0.540153 -0.645436 0.540044
vn 0.602107 -0.727912 0.328041
vn 0.746426 -0.551273 0.372754
vn 0.701341 -0.507969 0.500089
vn 0.556218 -0.637030 0.533681
vn 0.746426 -0.551273 0.372754
vn 0.803768 -0.309057 0.508370
vn 0.701341 -0.507969 0.500089
vn 0.540153 -0.645436 0.540044
vn 0.556218 -0.637030 0.533681
vn 0.525217 -0.399838 0.751184
vn 0.512587 -0.394420 0.762684
vn 0.556218 -0.637030 0.533681
vn 0.701341 -0.507969 0.500089
vn 0.673386 -0.353762 0.649156
vn 0.525217 -0.399838 0.751184
vn 0.701341 -0.507969 0.500089
vn 0.803768 -0.309057 0.508370
vn 0.673386 -0.353762 0.649156
vn 0.512587 -0.394420 0.762684
vn 0.525217 -0.399838 0.751184
vn 0.522416 -0.169808 0.835612
vn 0.461177 -0.166703 0.871508
vn 0.525217 -0.399838 0.751184
vn 0.673386 -0.353762 0.649156
vn 0.702227 -0.174476 0.690243
vn 0.522416 -0.169808 0.835612
vn 0.673386 -0.353762 0.649156
vn 0.803768 -0.309057 0.508370
vn 0.702227 -0.174476 0.690243
vn 0.949852 -0.166711 -0.264555
vn 0.965907 -0.169816 -0.195413
vn 0.906540 -0.399843 -0.135316
vn 0.906205 -0.394421 -0.152394
vn 0.965907 -0.169816 -0.195413
vn 0.984039 -0.174459 0.035089
vn 0.934383 -0.353735 0.042431
vn 0.906540 -0.399843 -0.135316
vn 0.984039 -0.174459 0.035089
vn 0.921836 -0.309055 0.233887
vn 0.934383 -0.353735 0.042431
vn 0.906205 -0.394421 -0.152394
vn 0.906540 -0.399843 -0.135316
vn 0.769970 -0.637020 0.036762
vn 0.763537 -0.645431 0.020726
vn 0.906540 -0.399843 -0.135316
vn 0.934383 -0.353735 0.042431
vn 0.845378 -0.507976 0.165214
vn 0.769970 -0.637020 0.036762
vn 0.934383 -0.353735 0.042431
vn 0.921836 -0.309055 0.233887
vn 0.845378 -0.507976 0.165214
vn 0.763537 -0.645431 0.020726
vn 0.769970 -0.637020 0.036762
vn 0.652240 -0.727908 0.211502
vn 0.589537 -0.788751 0.174120
vn 0.769970 -0.637020 0.036762
vn 0.845378 -0.507976 0.165214
vn 0.783950 -0.551287 0.285493
vn 0.652240 -0.727908 0.211502
vn 0.845378 -0.507976 0.165214
vn 0.921836 -0.309055 0.233887
vn 0.783950 -0.551287 0.285493
vn 0.974312 -0.069705 0.214143
vn 0.992608 -0.075286 0.095191
vn 0.986253 0.030431 0.162414
vn 0.959795 -0.025478 0.279542
vn 0.992608 -0.075286 0.095191
vn 0.986245 -0.028571 -0.162802
vn 0.985699 0.160807 -0.050376
vn 0.986253 0.030431 0.162414
vn 0.986245 -0.028571 -0.162802
vn 0.969753 -0.009072 -0.243921
vn 0.975235 0.194898 -0.104549
vn 0.985699 0.160807 -0.050376
vn 0.959795 -0.025478 0.279542
vn 0.986253 0.030431 0.162414
vn 0.949493 0.169949 0.263780
vn 0.943044 0.040775 0.330161
vn 0.986253 0.030431 0.162414
vn 0.985699 0.160807 -0.050376
vn 0.912868 0.389153 0.123417
vn 0.949493 0.169949 0.263780
vn 0.985699 0.160807 -0.050376
vn 0.975235 0.194898 -0.104549
vn 0.894089 0.440519 0.080917
vn 0.912868 0.389153 0.123417
vn 0.943044 0.040775 0.330161
vn 0.949493 0.169949 0.263780
vn 0.896292 0.272469 0.349888
vn 0.921724 0.104821 0.373413
vn 0.949493 0.169949 0.263780
vn 0.912868 0.389153 0.123417
vn 0.795368 0.543819 0.267676
vn 0.896292 0.272469 0.349888
vn 0.912868 0.389153 0.123417
vn 0.894089 0.440519 0.080917
vn 0.749753 0.618925 0.234100
vn 0.795368 0.543819 0.267676
vn 0.863013 -0.025482 0.504538
vn 0.796180 0.030432 0.604294
vn 0.751751 -0.075285 0.655136
vn 0.825525 -0.069705 0.560044
vn 0.796180 0.030432 0.604294
vn 0.641329 0.160815 0.750223
vn 0.560083 -0.028568 0.827944
vn 0.751751 -0.075285 0.655136
vn 0.641329 0.160815 0.750223
vn 0.594804 0.194906 0.779885
vn 0.489851 -0.009069 0.871759
vn 0.560083 -0.028568 0.827944
vn 0.888249 0.040782 0.457548
vn 0.844491 0.169954 0.507888
vn 0.796180 0.030432 0.604294
vn 0.863013 -0.025482 0.504538
vn 0.844491 0.169954 0.507888
vn 0.717405 0.389155 0.577831
vn 0.641329 0.160815 0.750223
vn 0.796180 0.030432 0.604294
vn 0.717405 0.389155 0.577831
vn 0.673635 0.440521 0.593428
vn 0.594804 0.194906 0.779885
vn 0.641329 0.160815 0.750223
vn 0.904984 0.104842 0.412325
vn 0.870418 0.272477 0.410037
vn 0.844491 0.169954 0.507888
vn 0.888249 0.040782 0.457548
vn 0.870418 0.272477 0.410037
vn 0.741322 0.543820 0.393321
vn 0.717405 0.389155 0.577831
vn 0.844491 0.169954 0.507888
vn 0.741322 0.543820 0.393321
vn 0.685577 0.618922 0.383300
vn 0.673635 0.440521 0.593428
vn 0.717405 0.389155 0.577831
vn 0.825525 -0.069705 0.560044
vn 0.751751 -0.075285 0.655136
vn 0.702227 -0.174476 0.690243
vn 0.803768 -0.309057 0.508370
vn 0.751751 -0.075285 0.655136
vn 0.560083 -0.028568 0.827944
vn 0.522416 -0.169808 0.835612
vn 0.702227 -0.174476 0.690243
vn 0.560083 -0.028568 0.827944
vn 0.489851 -0.009069 0.871759
vn 0.461177 -0.166703 0.871508
vn 0.522416 -0.169808 0.835612
vn 0.803768 -0.309057 0.508370
vn 0.746426 -0.551273 0.372754
vn 0.783950 -0.551287 0.285493
vn 0.921836 -0.309055 0.233887
vn 0.746426 -0.551273 0.372754
vn 0.602107 -0.727912 0.328041
vn 0.652240 -0.727908 0.211502
vn 0.783950 -0.551287 0.285493
vn 0.602107 -0.727912 0.328041
vn 0.531847 -0.788753 0.308233
vn 0.589537 -0.788751 0.174120
vn 0.652240 -0.727908 0.211502
vn 0.921724 0.104821 0.373413
vn 0.896292 0.272469 0.349888
vn 0.870418 0.272477 0.410037
vn 0.904984 0.104842 0.412325
vn 0.896292 0.272469 0.349888
vn 0.795368 0.543819 0.267676
vn 0.741322 0.543820 0.393321
vn 0.870418 0.272477 0.410037
vn 0.795368 0.543819 0.267676
vn 0.749753 0.618925 0.234100
vn 0.685577 0.618922 0.383300
vn 0.741322 0.543820 0.393321
vn 0.921836 -0.309055 0.233887
vn 0.984039 -0.174459 0.035089
vn 0.992608 -0.075286 0.095191
vn 0.974312 -0.069705 0.214143
vn 0.984039 -0.174459 0.035089
vn 0.965907 -0.169816 -0.195413
vn 0.986245 -0.028571 -0.162802
vn 0.992608 -0.075286 0.095191
vn 0.965907 -0.169816 -0.195413
vn 0.949852 -0.166711 -0.264555
vn 0.969753 -0.009072 -0.243921
vn 0.986245 -0.028571 -0.162802
vn 0.904984 0.104842 0.412325
vn 0.888249 0.040782 0.457548
vn 0.892442 0.063449 0.446678
vn 0.906609 0.132594 0.400598
vn -0.668452 0.708195 -0.227225
vn -0.668452 0.708195 -0.227227
vn -0.699736 0.711475 -0.064598
vn -0.699736 0.711475 -0.064602
vn -0.699736 0.711475 -0.064602
vn -0.699736 0.711475 -0.064598
vn -0.685445 0.711482 0.154784
vn -0.685444 0.711482 0.154792
vn -0.685444 0.711482 0.154792
vn -0.685445 0.711482 0.154784
vn -0.604056 0.711493 0.359018
vn -0.604051 0.711493 0.359026
vn -0.604051 0.711493 0.359026
vn -0.604056 0.711493 0.359018
vn -0.463535 0.711506 0.528106
vn -0.463537 0.711505 0.528103
vn -0.463537 0.711505 0.528103
vn -0.463535 0.711506 0.528106
vn -0.328984 0.708224 0.624650
vn -0.328987 0.708224 0.624649
vn 0.528127 0.711473 0.463560
vn 0.528125 0.711473 0.463563
vn 0.624661 0.708209 0.328997
vn 0.624662 0.708208 0.328996
vn 0.359035 0.711455 0.604090
vn 0.359039 0.711455 0.604088
vn 0.528125 0.711473 0.463563
vn 0.528127 0.711473 0.463560
vn 0.154790 0.711461 0.685465
vn 0.154789 0.711461 0.685466
vn 0.359039 0.711455 0.604088
vn 0.359035 0.711455 0.604090
vn -0.064600 0.711477 0.699733
vn -0.064596 0.711477 0.699734
vn 0.154789 0.711461 0.685466
vn 0.154790 0.711461 0.685465
vn -0.227219 0.708212 0.668437
vn -0.227221 0.708212 0.668436
vn -0.064596 0.711477 0.699734
vn -0.064600 0.711477 0.699733
vn 0.463551 0.711484 -0.528120
vn 0.463550 0.711484 -0.528121
vn 0.328990 0.708221 -0.624651
vn 0.328990 0.708221 -0.624651
vn 0.604060 0.711486 -0.359026
vn 0.604060 0.711486 -0.359026
vn 0.463550 0.711484 -0.528121
vn 0.463551 0.711484 -0.528120
vn 0.685441 0.711485 -0.154788
vn 0.685443 0.711485 -0.154781
vn 0.604060 0.711486 -0.359026
vn 0.604060 0.711486 -0.359026
vn 0.699740 0.711472 0.064591
vn 0.699739 0.711472 0.064598
vn 0.685443 0.711485 -0.154781
vn 0.685441 0.711485 -0.154788
vn 0.668451 0.708197 0.227224
vn 0.668452 0.708197 0.227221
vn 0.699739 0.711472 0.064598
vn 0.699740 0.711472 0.064591
vn -0.528117 0.711490 -0.463546
vn -0.528113 0.711490 -0.463550
vn -0.624670 0.708202 -0.328995
vn -0.624668 0.708202 -0.328999
vn -0.359019 0.711482 -0.604069
vn -0.359027 0.711482 -0.604064
vn -0.528113 0.711490 -0.463550
vn -0.528117 0.711490 -0.463546
vn -0.154797 0.711466 -0.685459
vn -0.154792 0.711466 -0.685460
vn -0.359027 0.711482 -0.604064
vn -0.359019 0.711482 -0.604069
vn 0.064594 0.711461 -0.699750
vn 0.064597 0.711461 -0.699750
vn -0.154792 0.711466 -0.685460
vn -0.154797 0.711466 -0.685459
vn 0.227221 0.708206 -0.668442
vn 0.227221 0.708206 -0.668442
vn 0.064597 0.711461 -0.699750
vn 0.064594 0.711461 -0.699750
vn -0.328987 0.708224 0.624649
vn -0.328984 0.708224 0.624650
vn -0.227221 0.708212 0.668436
vn -0.227219 0.708212 0.668437
vn -0.624668 0.708202 -0.328999
vn -0.624670 0.708202 -0.328995
vn -0.668452 0.708195 -0.227227
vn -0.668452 0.708195 -0.227225
vn 0.227221 0.708206 -0.668442
vn 0.227221 0.708206 -0.668442
vn 0.328990 0.708221 -0.624651
vn 0.328990 0.708221 -0.624651
vn 0.668452 0.708197 0.227221
vn 0.668451 0.708197 0.227224
vn 0.624662 0.708208 0.328996
vn 0.624661 0.708209 0.328997
vn 0.455940 -0.087549 -0.885694
vn 0.455940 -0.087549 -0.885694
vn 0.455940 -0.087549 -0.885694
vn 0.455940 -0.087549 -0.885694
vn -1.000000 -0.000018 -0.000032
vn -1.000000 0.000000 -0.000000
vn -1.000000 0.000000 -0.000000
vn -1.000000 -0.000037 -0.000064
vn -0.999332 -0.034830 0.011028
vn -0.999974 -0.007223 -0.000224
vn -0.999973 -0.007312 -0.000479
vn -0.999495 -0.028596 0.013832
vn -0.994064 -0.025698 0.105723
vn -0.997331 -0.053296 0.049905
vn -0.997606 -0.029535 0.062534
vn -0.992456 0.005813 0.122463
vn -0.997331 -0.053296 0.049905
vn -0.999332 -0.034830 0.011028
vn -0.999495 -0.028596 0.013832
vn -0.997606 -0.029535 0.062534
vn -0.999974 -0.007223 -0.000224
vn -1.000000 -0.000018 -0.000032
vn -1.000000 -0.000037 -0.000064
vn -0.999973 -0.007312 -0.000479
vn -0.990969 0.000203 0.134093
vn -0.994064 -0.025698 0.105723
vn -0.992456 0.005813 0.122463
vn -0.988574 0.027887 0.148132
vn -0.992403 -0.027480 0.119926
vn -0.994392 -0.056709 0.089267
vn -0.994064 -0.025698 0.105723
vn -0.990969 0.000203 0.134093
vn -0.999975 -0.007135 0.000031
vn -1.000000 0.000000 -0.000000
vn -1.000000 -0.000018 -0.000032
vn -0.999974 -0.007223 -0.000224
vn -0.996329 -0.077077 0.037262
vn -0.999123 -0.041064 0.008224
vn -0.999332 -0.034830 0.011028
vn -0.997331 -0.053296 0.049905
vn -0.994392 -0.056709 0.089267
vn -0.996329 -0.077077 0.037262
vn -0.997331 -0.053296 0.049905
vn -0.994064 -0.025698 0.105723
vn -0.999123 -0.041064 0.008224
vn -0.999975 -0.007135 0.000031
vn -0.999974 -0.007223 -0.000224
vn -0.999332 -0.034830 0.011028
vn -1.000000 0.000000 -0.000000
vn -1.000000 0.000000 -0.000000
vn -1.000000 0.000000 -0.000000
vn -1.000000 -0.000018 -0.000032
vn 1.000000 0.000162 -0.000144
vn 1.000000 0.000086 -0.000163
vn 1.000000 0.000000 0.000000
vn 1.000000 0.000000 0.000000
vn 0.999196 0.037920 -0.013053
vn 0.999258 0.033946 -0.018197
vn 0.999943 0.010004 -0.003820
vn 0.999933 0.011225 -0.002724
vn 0.996259 0.056259 -0.065600
vn 0.996596 0.037035 -0.073654
vn 0.997810 0.049547 -0.043819
vn 0.997688 0.059206 -0.033356
vn 0.997688 0.059206 -0.033356
vn 0.997810 0.049547 -0.043819
vn 0.999258 0.033946 -0.018197
vn 0.999196 0.037920 -0.013053
vn 0.999933 0.011225 -0.002724
vn 0.999943 0.010004 -0.003820
vn 1.000000 0.000086 -0.000163
vn 1.000000 0.000162 -0.000144
vn 0.995109 0.048825 -0.085869
vn 0.995757 0.021898 -0.089381
vn 0.996596 0.037035 -0.073654
vn 0.996259 0.056259 -0.065600
vn 0.993862 0.073617 -0.082575
vn 0.995109 0.048825 -0.085869
vn 0.996259 0.056259 -0.065600
vn 0.995401 0.076164 -0.058110
vn 0.999921 0.012446 -0.001629
vn 0.999933 0.011225 -0.002724
vn 1.000000 0.000162 -0.000144
vn 1.000000 0.000238 -0.000125
vn 0.997347 0.069207 -0.022583
vn 0.997688 0.059206 -0.033356
vn 0.999196 0.037920 -0.013053
vn 0.999092 0.041884 -0.007862
vn 0.995401 0.076164 -0.058110
vn 0.996259 0.056259 -0.065600
vn 0.997688 0.059206 -0.033356
vn 0.997347 0.069207 -0.022583
vn 0.999092 0.041884 -0.007862
vn 0.999196 0.037920 -0.013053
vn 0.999933 0.011225 -0.002724
vn 0.999921 0.012446 -0.001629
vn 1.000000 0.000238 -0.000125
vn 1.000000 0.000162 -0.000144
vn 1.000000 0.000000 0.000000
vn 1.000000 0.000000 0.000000
vn -0.496833 0.090796 0.863083
vn -0.496833 0.090796 0.863083
vn -0.496833 0.090796 0.863083
vn -0.496833 0.090796 0.863083
vn 0.000000 0.701546 0.712624
vn 0.000000 0.701546 0.712624
vn 0.000000 0.701546 0.712624
vn 0.000000 0.701546 0.712624
vn -1.000000 -0.000000 0.000000
vn -1.000000 -0.000000 0.000000
vn -1.000000 -0.000000 -0.000000
vn -1.000000 -0.000000 -0.000000
vn -1.000000 -0.000000 -0.000000
vn -1.000000 -0.000000 -0.000000
vn -1.000000 -0.000000 -0.000000
vn -1.000000 -0.000000 -0.000000
vn -1.000000 -0.000000 -0.000000
vn -1.000000 -0.000000 -0.000000
vn -1.000000 -0.000000 -0.000000
vn -1.000000 -0.000000 -0.000000
vn 0.606497 0.000000 0.795086
vn 0.606497 0.000000 0.795086
vn 0.606497 0.000000 0.795086
vn 0.606497 0.000000 0.795086
vn -0.000000 -1.000000 0.000000
vn -0.000000 -1.000000 0.000000
vn -0.000000 -1.000000 0.000000
vn -0.000000 -1.000000 0.000000
vn 0.000000 -1.000000 0.000000
vn -0.000000 -1.000000 0.000000
vn -0.000000 -1.000000 0.000000
vn 0.000000 -1.000000 0.000000
vn 0.880550 -0.027462 -0.473157
vn 0.840758 -0.101878 -0.531739
vn 0.837621 -0.125250 -0.531698
vn 0.846900 -0.208974 -0.488969
vn 0.846900 -0.208974 -0.488969
vn 0.839972 -0.395904 -0.371090
vn 0.847072 -0.395907 -0.354579
vn 0.937413 -0.208974 -0.278543
vn 0.937413 -0.208974 -0.278543
vn 0.962052 -0.125251 -0.242422
vn 0.964240 -0.101876 -0.244667
vn 0.949077 -0.027462 -0.313845
vn 0.949077 -0.027462 -0.313845
vn 0.920640 0.053871 -0.386678
vn 0.913868 0.053875 -0.402421
vn 0.880550 -0.027462 -0.473157
vn 0.837621 -0.125250 -0.531698
vn 0.850969 -0.183166 -0.492241
vn 0.846900 -0.208974 -0.488969
vn 0.850969 -0.183166 -0.492241
vn 0.855611 -0.276647 -0.437489
vn 0.846900 -0.208974 -0.488969
vn 0.855611 -0.276647 -0.437489
vn 0.839972 -0.395904 -0.371090
vn 0.846900 -0.208974 -0.488969
vn 0.913868 0.053875 -0.402421
vn 0.897383 -0.000886 -0.441251
vn 0.880550 -0.027462 -0.473157
vn 0.897383 -0.000886 -0.441251
vn 0.870890 -0.057409 -0.488113
vn 0.880550 -0.027462 -0.473157
vn 0.870890 -0.057409 -0.488113
vn 0.840758 -0.101878 -0.531739
vn 0.880550 -0.027462 -0.473157
vn 0.847072 -0.395907 -0.354579
vn 0.906030 -0.276656 -0.320266
vn 0.937413 -0.208974 -0.278543
vn 0.906030 -0.276656 -0.320266
vn 0.942588 -0.183163 -0.279249
vn 0.937413 -0.208974 -0.278543
vn 0.942588 -0.183163 -0.279249
vn 0.962052 -0.125251 -0.242422
vn 0.937413 -0.208974 -0.278543
vn 0.964240 -0.101876 -0.244667
vn 0.953294 -0.057407 -0.296539
vn 0.949077 -0.027462 -0.313845
vn 0.953294 -0.057407 -0.296539
vn 0.937494 -0.000897 -0.348000
vn 0.949077 -0.027462 -0.313845
vn 0.937494 -0.000897 -0.348000
vn 0.920640 0.053871 -0.386678
vn 0.949077 -0.027462 -0.313845
vn 0.258822 0.000000 0.965925
vn 0.257987 0.080210 0.962813
vn -0.000000 0.080210 0.996778
vn -0.000001 0.000000 1.000000
vn -0.866026 0.000000 0.499999
vn -0.863236 0.080209 0.498387
vn -0.962815 0.080210 0.257981
vn -0.965927 0.000000 0.258815
vn 1.000000 -0.000000 -0.000001
vn 0.996778 0.080209 -0.000000
vn 0.962814 0.080209 0.257985
vn 0.965926 0.000000 0.258819
vn 0.258820 -0.000000 -0.965926
vn 0.257986 0.080210 -0.962813
vn 0.498390 0.080210 -0.863234
vn 0.500002 -0.000000 -0.866024
vn -0.866026 -0.000000 -0.499999
vn -0.863236 0.080210 -0.498387
vn -0.704826 0.080210 -0.704831
vn -0.707105 -0.000000 -0.707109
vn -0.258822 0.000000 0.965925
vn -0.257987 0.080210 0.962813
vn -0.498389 0.080209 0.863235
vn -0.500000 0.000000 0.866025
vn 0.866026 0.000000 0.499999
vn 0.863236 0.080209 0.498389
vn 0.704827 0.080210 0.704830
vn 0.707107 0.000000 0.707107
vn 0.707106 -0.000000 -0.707107
vn 0.704827 0.080210 -0.704830
vn 0.863236 0.080209 -0.498388
vn 0.866026 -0.000000 -0.499999
vn -0.500000 -0.000000 -0.866025
vn -0.498389 0.080210 -0.863235
vn -0.257986 0.080210 -0.962813
vn -0.258820 -0.000000 -0.965926
vn -0.707105 0.000000 0.707109
vn -0.704827 0.080209 0.704830
vn -0.863236 0.080209 0.498387
vn -0.866026 0.000000 0.499999
vn -1.000000 -0.000000 -0.000001
vn -0.996778 0.080210 -0.000000
vn -0.962815 0.080210 -0.257981
vn -0.965927 -0.000000 -0.258815
vn 0.500002 0.000000 0.866024
vn 0.498390 0.080210 0.863234
vn 0.257987 0.080210 0.962813
vn 0.258822 0.000000 0.965925
vn 0.965926 -0.000000 -0.258819
vn 0.962814 0.080209 -0.257985
vn 0.996778 0.080209 -0.000000
vn 1.000000 -0.000000 -0.000001
vn -0.000001 -0.000000 -1.000000
vn -0.000000 0.080210 -0.996778
vn 0.257986 0.080210 -0.962813
vn 0.258820 -0.000000 -0.965926
vn -0.965927 -0.000000 -0.258815
vn -0.962815 0.080210 -0.257981
vn -0.863236 0.080210 -0.498387
vn -0.866026 -0.000000 -0.499999
vn -0.000001 0.000000 1.000000
vn -0.000000 0.080210 0.996778
vn -0.257987 0.080210 0.962813
vn -0.258822 0.000000 0.965925
vn 0.965926 0.000000 0.258819
vn 0.962814 0.080209 0.257985
vn 0.863236 0.080209 0.498389
vn 0.866026 0.000000 0.499999
vn 0.500002 -0.000000 -0.866024
vn 0.498390 0.080210 -0.863234
vn 0.704827 0.080210 -0.704830
vn 0.707106 -0.000000 -0.707107
vn -0.707105 -0.000000 -0.707109
vn -0.704826 0.080210 -0.704831
vn -0.498389 0.080210 -0.863235
vn -0.500000 -0.000000 -0.866025
vn -0.500000 0.000000 0.866025
vn -0.498389 0.080209 0.863235
vn -0.704827 0.080209 0.704830
vn -0.707105 0.000000 0.707109
vn 0.707107 0.000000 0.707107
vn 0.704827 0.080210 0.704830
vn 0.498390 0.080210 0.863234
vn 0.500002 0.000000 0.866024
vn 0.866026 -0.000000 -0.499999
vn 0.863236 0.080209 -0.498388
vn 0.962814 0.080209 -0.257985
vn 0.965926 -0.000000 -0.258819
vn -0.258820 -0.000000 -0.965926
vn -0.257986 0.080210 -0.962813
vn -0.000000 0.080210 -0.996778
vn -0.000001 -0.000000 -1.000000
vn -0.962815 0.080210 0.257981
vn -0.922366 0.296916 0.247147
vn -0.954903 0.296916 -0.000000
vn -0.996778 0.080210 -0.000000
vn -0.922366 0.296916 0.247147
vn -0.801111 0.558697 0.214660
vn -0.829372 0.558697 -0.000000
vn -0.954903 0.296916 -0.000000
vn -0.398210 0.911067 0.106699
vn 0.000000 1.000000 -0.000000
vn -0.412255 0.911069 -0.000000
vn -0.357026 0.911067 0.206129
vn 0.000000 1.000000 -0.000000
vn -0.398210 0.911067 0.106699
vn -0.863236 0.080209 0.498387
vn -0.826971 0.296916 0.477451
vn -0.922366 0.296916 0.247147
vn -0.962815 0.080210 0.257981
vn -0.826971 0.296916 0.477451
vn -0.718257 0.558697 0.414687
vn -0.801111 0.558697 0.214660
vn -0.922366 0.296916 0.247147
vn -0.801111 0.558697 0.214660
vn -0.625416 0.762084 0.167581
vn -0.647477 0.762085 -0.000000
vn -0.829372 0.558697 -0.000000
vn -0.412255 0.911069 -0.000000
vn 0.000000 1.000000 -0.000000
vn -0.398211 0.911067 -0.106699
vn -0.704827 0.080209 0.704830
vn -0.675218 0.296917 0.675219
vn -0.826971 0.296916 0.477451
vn -0.863236 0.080209 0.498387
vn -0.675218 0.296917 0.675219
vn -0.586454 0.558697 0.586454
vn -0.718257 0.558697 0.414687
vn -0.826971 0.296916 0.477451
vn -0.206128 0.911070 0.357020
vn 0.000000 1.000000 -0.000000
vn -0.291513 0.911067 0.291508
vn -0.586454 0.558697 0.586454
vn -0.457837 0.762083 0.457837
vn -0.560732 0.762084 0.323740
vn -0.718257 0.558697 0.414687
vn -0.498389 0.080209 0.863235
vn -0.477452 0.296917 0.826970
vn -0.675218 0.296917 0.675219
vn -0.704827 0.080209 0.704830
vn -0.477452 0.296917 0.826970
vn -0.414684 0.558698 0.718257
vn -0.586454 0.558697 0.586454
vn -0.675218 0.296917 0.675219
vn -0.106701 0.911068 0.398208
vn 0.000000 1.000000 -0.000000
vn -0.206128 0.911070 0.357020
vn -0.414684 0.558698 0.718257
vn -0.323741 0.762083 0.560733
vn -0.457837 0.762083 0.457837
vn -0.586454 0.558697 0.586454
vn -0.257987 0.080210 0.962813
vn -0.247148 0.296917 0.922366
vn -0.477452 0.296917 0.826970
vn -0.498389 0.080209 0.863235
vn -0.247148 0.296917 0.922366
vn -0.214657 0.558697 0.801112
vn -0.414684 0.558698 0.718257
vn -0.477452 0.296917 0.826970
vn 0.000000 0.911069 0.412254
vn 0.000000 1.000000 -0.000000
vn -0.106701 0.911068 0.398208
vn -0.214657 0.558697 0.801112
vn -0.167579 0.762084 0.625416
vn -0.323741 0.762083 0.560733
vn -0.414684 0.558698 0.718257
vn -0.000000 0.080210 0.996778
vn 0.000000 0.296918 0.954903
vn -0.247148 0.296917 0.922366
vn -0.257987 0.080210 0.962813
vn 0.000000 0.296918 0.954903
vn 0.000000 0.558697 0.829372
vn -0.214657 0.558697 0.801112
vn -0.247148 0.296917 0.922366
vn 0.106701 0.911069 0.398207
vn 0.000000 1.000000 -0.000000
vn 0.000000 0.911069 0.412254
vn 0.000000 0.558697 0.829372
vn -0.000000 0.762084 0.647478
vn -0.167579 0.762084 0.625416
vn -0.214657 0.558697 0.801112
vn 0.257987 0.080210 0.962813
vn 0.247148 0.296918 0.922365
vn 0.000000 0.296918 0.954903
vn -0.000000 0.080210 0.996778
vn 0.247148 0.296918 0.922365
vn 0.214659 0.558698 0.801111
vn 0.000000 0.558697 0.829372
vn 0.000000 0.296918 0.954903
vn 0.206124 0.911069 0.357023
vn 0.000000 1.000000 -0.000000
vn 0.106701 0.911069 0.398207
vn 0.214659 0.558698 0.801111
vn 0.167579 0.762084 0.625416
vn -0.000000 0.762084 0.647478
vn 0.000000 0.558697 0.829372
vn 0.498390 0.080210 0.863234
vn 0.477451 0.296917 0.826971
vn 0.247148 0.296918 0.922365
vn 0.257987 0.080210 0.962813
vn 0.477451 0.296917 0.826971
vn 0.414686 0.558698 0.718256
vn 0.214659 0.558698 0.801111
vn 0.247148 0.296918 0.922365
vn 0.291508 0.911069 0.291506
vn 0.000000 1.000000 -0.000000
vn 0.206124 0.911069 0.357023
vn 0.414686 0.558698 0.718256
vn 0.323741 0.762084 0.560732
vn 0.167579 0.762084 0.625416
vn 0.214659 0.558698 0.801111
vn 0.704827 0.080210 0.704830
vn 0.675217 0.296917 0.675220
vn 0.477451 0.296917 0.826971
vn 0.498390 0.080210 0.863234
vn 0.675217 0.296917 0.675220
vn 0.586453 0.558698 0.586455
vn 0.414686 0.558698 0.718256
vn 0.477451 0.296917 0.826971
vn 0.357022 0.911068 0.206133
vn 0.000000 1.000000 -0.000000
vn 0.291508 0.911069 0.291506
vn 0.586453 0.558698 0.586455
vn 0.457832 0.762087 0.457835
vn 0.323741 0.762084 0.560732
vn 0.414686 0.558698 0.718256
vn 0.863236 0.080209 0.498389
vn 0.826971 0.296915 0.477452
vn 0.675217 0.296917 0.675220
vn 0.704827 0.080210 0.704830
vn 0.826971 0.296915 0.477452
vn 0.718256 0.558697 0.414687
vn 0.586453 0.558698 0.586455
vn 0.675217 0.296917 0.675220
vn 0.398209 0.911068 0.106702
vn 0.000000 1.000000 -0.000000
vn 0.357022 0.911068 0.206133
vn 0.718256 0.558697 0.414687
vn 0.560729 0.762086 0.323741
vn 0.457832 0.762087 0.457835
vn 0.586453 0.558698 0.586455
vn 0.962814 0.080209 0.257985
vn 0.922366 0.296915 0.247147
vn 0.826971 0.296915 0.477452
vn 0.863236 0.080209 0.498389
vn 0.922366 0.296915 0.247147
vn 0.801112 0.558697 0.214658
vn 0.718256 0.558697 0.414687
vn 0.826971 0.296915 0.477452
vn 0.412252 0.911070 -0.000000
vn 0.000000 1.000000 -0.000000
vn 0.398209 0.911068 0.106702
vn 0.801112 0.558697 0.214658
vn 0.625414 0.762085 0.167581
vn 0.560729 0.762086 0.323741
vn 0.718256 0.558697 0.414687
vn 0.996778 0.080209 -0.000000
vn 0.954904 0.296915 -0.000000
vn 0.922366 0.296915 0.247147
vn 0.962814 0.080209 0.257985
vn 0.954904 0.296915 -0.000000
vn 0.829372 0.558698 -0.000000
vn 0.801112 0.558697 0.214658
vn 0.922366 0.296915 0.247147
vn 0.398211 0.911067 -0.106702
vn 0.000000 1.000000 -0.000000
vn 0.412252 0.911070 -0.000000
vn 0.829372 0.558698 -0.000000
vn 0.647476 0.762085 -0.000000
vn 0.625414 0.762085 0.167581
vn 0.801112 0.558697 0.214658
vn 0.962814 0.080209 -0.257985
vn 0.922366 0.296915 -0.247147
vn 0.954904 0.296915 -0.000000
vn 0.996778 0.080209 -0.000000
vn 0.922366 0.296915 -0.247147
vn 0.801111 0.558697 -0.214658
vn 0.829372 0.558698 -0.000000
vn 0.954904 0.296915 -0.000000
vn 0.357021 0.911068 -0.206132
vn 0.000000 1.000000 -0.000000
vn 0.398211 0.911067 -0.106702
vn 0.801111 0.558697 -0.214658
vn 0.625414 0.762085 -0.167582
vn 0.647476 0.762085 -0.000000
vn 0.829372 0.558698 -0.000000
vn 0.863236 0.080209 -0.498388
vn 0.826971 0.296916 -0.477452
vn 0.922366 0.296915 -0.247147
vn 0.962814 0.080209 -0.257985
vn 0.826971 0.296916 -0.477452
vn 0.718256 0.558697 -0.414687
vn 0.801111 0.558697 -0.214658
vn 0.922366 0.296915 -0.247147
vn 0.291511 0.911068 -0.291507
vn 0.000000 1.000000 -0.000000
vn 0.357021 0.911068 -0.206132
vn 0.718256 0.558697 -0.414687
vn 0.560731 0.762085 -0.323741
vn 0.625414 0.762085 -0.167582
vn 0.801111 0.558697 -0.214658
vn 0.704827 0.080210 -0.704830
vn 0.675217 0.296917 -0.675220
vn 0.826971 0.296916 -0.477452
vn 0.863236 0.080209 -0.498388
vn 0.675217 0.296917 -0.675220
vn 0.586453 0.558697 -0.586456
vn 0.718256 0.558697 -0.414687
vn 0.826971 0.296916 -0.477452
vn 0.206129 0.911068 -0.357024
vn 0.000000 1.000000 -0.000000
vn 0.291511 0.911068 -0.291507
vn 0.586453 0.558697 -0.586456
vn 0.457836 0.762084 -0.457837
vn 0.560731 0.762085 -0.323741
vn 0.718256 0.558697 -0.414687
vn 0.498390 0.080210 -0.863234
vn 0.477451 0.296918 -0.826971
vn 0.675217 0.296917 -0.675220
vn 0.704827 0.080210 -0.704830
vn 0.477451 0.296918 -0.826971
vn 0.414686 0.558697 -0.718257
vn 0.586453 0.558697 -0.586456
vn 0.675217 0.296917 -0.675220
vn 0.106701 0.911068 -0.398208
vn 0.000000 1.000000 -0.000000
vn 0.206129 0.911068 -0.357024
vn 0.414686 0.558697 -0.718257
vn 0.323741 0.762083 -0.560733
vn 0.457836 0.762084 -0.457837
vn 0.586453 0.558697 -0.586456
vn 0.257986 0.080210 -0.962813
vn 0.247148 0.296918 -0.922365
vn 0.477451 0.296918 -0.826971
vn 0.498390 0.080210 -0.863234
vn 0.247148 0.296918 -0.922365
vn 0.214660 0.558697 -0.801111
vn 0.414686 0.558697 -0.718257
vn 0.477451 0.296918 -0.826971
vn 0.000000 0.911069 -0.412254
vn 0.000000 1.000000 -0.000000
vn 0.106701 0.911068 -0.398208
vn 0.214660 0.558697 -0.801111
vn 0.167580 0.762084 -0.625416
vn 0.323741 0.762083 -0.560733
vn 0.414686 0.558697 -0.718257
vn -0.000000 0.080210 -0.996778
vn -0.000000 0.296918 -0.954903
vn 0.247148 0.296918 -0.922365
vn 0.257986 0.080210 -0.962813
vn -0.000000 0.296918 -0.954903
vn -0.000000 0.558697 -0.829372
vn 0.214660 0.558697 -0.801111
vn 0.247148 0.296918 -0.922365
vn -0.106701 0.911068 -0.398208
vn 0.000000 1.000000 -0.000000
vn 0.000000 0.911069 -0.412254
vn -0.000000 0.558697 -0.829372
vn -0.000000 0.762083 -0.647479
vn 0.167580 0.762084 -0.625416
vn 0.214660 0.558697 -0.801111
vn -0.257986 0.080210 -0.962813
vn -0.247148 0.296917 -0.922366
vn -0.000000 0.296918 -0.954903
vn -0.000000 0.080210 -0.996778
vn -0.247148 0.296917 -0.922366
vn -0.214660 0.558696 -0.801111
vn -0.000000 0.558697 -0.829372
vn -0.000000 0.296918 -0.954903
vn -0.206125 0.911070 -0.357021
vn 0.000000 1.000000 -0.000000
vn -0.106701 0.911068 -0.398208
vn -0.214660 0.558696 -0.801111
vn -0.167582 0.762084 -0.625415
vn -0.000000 0.762083 -0.647479
vn -0.000000 0.558697 -0.829372
vn -0.498389 0.080210 -0.863235
vn -0.477451 0.296918 -0.826971
vn -0.247148 0.296917 -0.922366
vn -0.257986 0.080210 -0.962813
vn -0.477451 0.296918 -0.826971
vn -0.414685 0.558697 -0.718258
vn -0.214660 0.558696 -0.801111
vn -0.247148 0.296917 -0.922366
vn -0.291509 0.911068 -0.291510
vn 0.000000 1.000000 -0.000000
vn -0.206125 0.911070 -0.357021
vn -0.414685 0.558697 -0.718258
vn -0.323741 0.762083 -0.560733
vn -0.167582 0.762084 -0.625415
vn -0.214660 0.558696 -0.801111
vn -0.704826 0.080210 -0.704831
vn -0.675218 0.296918 -0.675219
vn -0.477451 0.296918 -0.826971
vn -0.498389 0.080210 -0.863235
vn -0.675218 0.296918 -0.675219
vn -0.586453 0.558698 -0.586455
vn -0.414685 0.558697 -0.718258
vn -0.477451 0.296918 -0.826971
vn -0.357026 0.911067 -0.206129
vn 0.000000 1.000000 -0.000000
vn -0.291509 0.911068 -0.291510
vn -0.586453 0.558698 -0.586455
vn -0.457836 0.762083 -0.457839
vn -0.323741 0.762083 -0.560733
vn -0.414685 0.558697 -0.718258
vn -0.863236 0.080210 -0.498387
vn -0.826971 0.296916 -0.477451
vn -0.675218 0.296918 -0.675219
vn -0.704826 0.080210 -0.704831
vn -0.826971 0.296916 -0.477451
vn -0.718255 0.558698 -0.414688
vn -0.586453 0.558698 -0.586455
vn -0.675218 0.296918 -0.675219
vn -0.398211 0.911067 -0.106699
vn 0.000000 1.000000 -0.000000
vn -0.357026 0.911067 -0.206129
vn -0.718255 0.558698 -0.414688
vn -0.560731 0.762084 -0.323741
vn -0.457836 0.762083 -0.457839
vn -0.586453 0.558698 -0.586455
vn -0.962815 0.080210 -0.257981
vn -0.922366 0.296916 -0.247147
vn -0.826971 0.296916 -0.477451
vn -0.863236 0.080210 -0.498387
vn -0.922366 0.296916 -0.247147
vn -0.801111 0.558697 -0.214660
vn -0.718255 0.558698 -0.414688
vn -0.826971 0.296916 -0.477451
vn -0.801111 0.558697 -0.214660
vn -0.625413 0.762086 -0.167582
vn -0.560731 0.762084 -0.323741
vn -0.718255 0.558698 -0.414688
vn -0.996778 0.080210 -0.000000
vn -0.954903 0.296916 -0.000000
vn -0.922366 0.296916 -0.247147
vn -0.962815 0.080210 -0.257981
vn -0.954903 0.296916 -0.000000
vn -0.829372 0.558697 -0.000000
vn -0.801111 0.558697 -0.214660
vn -0.922366 0.296916 -0.247147
vn -0.291513 0.911067 0.291508
vn 0.000000 1.000000 -0.000000
vn -0.357026 0.911067 0.206129
vn -0.829372 0.558697 -0.000000
vn -0.647477 0.762085 -0.000000
vn -0.625413 0.762086 -0.167582
vn -0.801111 0.558697 -0.214660
vn -0.965927 0.000000 0.258815
vn -0.962815 0.080210 0.257981
vn -0.996778 0.080210 -0.000000
vn -1.000000 -0.000000 -0.000001
vn -0.412255 0.911069 -0.000000
vn -0.647477 0.762085 -0.000000
vn -0.625416 0.762084 0.167581
vn -0.398210 0.911067 0.106699
vn -0.398210 0.911067 0.106699
vn -0.625416 0.762084 0.167581
vn -0.560732 0.762084 0.323740
vn -0.357026 0.911067 0.206129
vn -0.357026 0.911067 0.206129
vn -0.560732 0.762084 0.323740
vn -0.457837 0.762083 0.457837
vn -0.291513 0.911067 0.291508
vn -0.291513 0.911067 0.291508
vn -0.457837 0.762083 0.457837
vn -0.323741 0.762083 0.560733
vn -0.206128 0.911070 0.357020
vn -0.206128 0.911070 0.357020
vn -0.323741 0.762083 0.560733
vn -0.167579 0.762084 0.625416
vn -0.106701 0.911068 0.398208
vn -0.106701 0.911068 0.398208
vn -0.167579 0.762084 0.625416
vn -0.000000 0.762084 0.647478
vn 0.000000 0.911069 0.412254
vn 0.000000 0.911069 0.412254
vn -0.000000 0.762084 0.647478
vn 0.167579 0.762084 0.625416
vn 0.106701 0.911069 0.398207
vn 0.106701 0.911069 0.398207
vn 0.167579 0.762084 0.625416
vn 0.323741 0.762084 0.560732
vn 0.206124 0.911069 0.357023
vn 0.206124 0.911069 0.357023
vn 0.323741 0.762084 0.560732
vn 0.457832 0.762087 0.457835
vn 0.291508 0.911069 0.291506
vn 0.291508 0.911069 0.291506
vn 0.457832 0.762087 0.457835
vn 0.560729 0.762086 0.323741
vn 0.357022 0.911068 0.206133
vn 0.357022 0.911068 0.206133
vn 0.560729 0.762086 0.323741
vn 0.625414 0.762085 0.167581
vn 0.398209 0.911068 0.106702
vn 0.398209 0.911068 0.106702
vn 0.625414 0.762085 0.167581
vn 0.647476 0.762085 -0.000000
vn 0.412252 0.911070 -0.000000
vn 0.412252 0.911070 -0.000000
vn 0.647476 0.762085 -0.000000
vn 0.625414 0.762085 -0.167582
vn 0.398211 0.911067 -0.106702
vn 0.398211 0.911067 -0.106702
vn 0.625414 0.762085 -0.167582
vn 0.560731 0.762085 -0.323741
vn 0.357021 0.911068 -0.206132
vn 0.357021 0.911068 -0.206132
vn 0.560731 0.762085 -0.323741
vn 0.457836 0.762084 -0.457837
vn 0.291511 0.911068 -0.291507
vn 0.291511 0.911068 -0.291507
vn 0.457836 0.762084 -0.457837
vn 0.323741 0.762083 -0.560733
vn 0.206129 0.911068 -0.357024
vn 0.206129 0.911068 -0.357024
vn 0.323741 0.762083 -0.560733
vn 0.167580 0.762084 -0.625416
vn 0.106701 0.911068 -0.398208
vn 0.106701 0.911068 -0.398208
vn 0.167580 0.762084 -0.625416
vn -0.000000 0.762083 -0.647479
vn 0.000000 0.911069 -0.412254
vn 0.000000 0.911069 -0.412254
vn -0.000000 0.762083 -0.647479
vn -0.167582 0.762084 -0.625415
vn -0.106701 0.911068 -0.398208
vn -0.106701 0.911068 -0.398208
vn -0.167582 0.762084 -0.625415
vn -0.323741 0.762083 -0.560733
vn -0.206125 0.911070 -0.357021
vn -0.206125 0.911070 -0.357021
vn -0.323741 0.762083 -0.560733
vn -0.457836 0.762083 -0.457839
vn -0.291509 0.911068 -0.291510
vn -0.291509 0.911068 -0.291510
vn -0.457836 0.762083 -0.457839
vn -0.560731 0.762084 -0.323741
vn -0.357026 0.911067 -0.206129
vn -0.357026 0.911067 -0.206129
vn -0.560731 0.762084 -0.323741
vn -0.625413 0.762086 -0.167582
vn -0.398211 0.911067 -0.106699
vn -0.398211 0.911067 -0.106699
vn -0.625413 0.762086 -0.167582
vn -0.647477 0.762085 -0.000000
vn -0.412255 0.911069 -0.000000
vn -0.718257 0.558697 0.414687
vn -0.560732 0.762084 0.323740
vn -0.625416 0.762084 0.167581
vn -0.801111 0.558697 0.214660
vn -1.000000 0.000000 -0.000000
vn -1.000000 0.000000 -0.000000
vn -1.000000 0.000000 -0.000000
vn -1.000000 0.000000 -0.000000
vn -0.912722 0.113146 0.392602
vn -0.912722 0.113146 0.392602
vn -0.912722 0.113146 0.392602
vn -0.912722 0.113146 0.392602
vn 0.000002 -1.000000 0.000000
vn 0.000002 -1.000000 0.000000
vn 0.000002 -1.000000 0.000000
vn 0.000002 -1.000000 0.000000
vn 0.000002 -1.000000 0.000000
vn 0.000002 -1.000000 0.000000
vn 0.000002 -1.000000 0.000000
vn 0.000002 -1.000000 0.000000
vn 0.000002 -1.000000 0.000000
vn 0.000002 -1.000000 0.000000
vn 0.000000 -1.000000 0.000000
vn 0.000000 -1.000000 0.000000
vn 0.000000 -1.000000 0.000000
vn -0.000000 -1.000000 0.000000
vn 0.000000 -1.000000 0.000000
vn 0.000000 -1.000000 0.000000
vn 0.000000 -1.000000 0.000000
vn 0.000000 -1.000000 0.000000
vn 0.000000 -1.000000 0.000000
vn 0.000000 -1.000000 0.000000
vn 0.000000 -1.000000 0.000000
vn 0.000000 -1.000000 0.000000
vn -0.000000 -1.000000 0.000000
vn -0.000000 -1.000000 0.000000
vn -0.000000 -1.000000 0.000000
vn 0.000000 -1.000000 0.000000
vn 0.000000 -1.000000 0.000000
vn -0.000000 -1.000000 0.000000
vn -0.000000 -1.000000 0.000000
vn -1.000000 -0.000537 0.000401
vn -1.000000 -0.000768 0.000244
vn -1.000000 0.000000 0.000001
vn -1.000000 0.000000 0.000000
vn -0.999883 0.005617 0.014205
vn -0.999828 0.003071 0.018306
vn -0.999982 -0.002901 0.005196
vn -0.999987 -0.000494 0.005180
vn -0.997736 0.065403 0.015695
vn -0.997556 0.064222 0.027543
vn -0.998875 0.038916 0.027115
vn -0.999200 0.036306 0.016744
vn -0.999200 0.036306 0.016744
vn -0.998875 0.038916 0.027115
vn -0.999828 0.003071 0.018306
vn -0.999883 0.005617 0.014205
vn -0.999987 -0.000494 0.005180
vn -0.999982 -0.002901 0.005196
vn -1.000000 -0.000768 0.000244
vn -1.000000 -0.000537 0.000401
vn -0.997449 0.069394 0.016760
vn -0.997757 0.060994 0.027580
vn -0.997556 0.064222 0.027543
vn -0.997736 0.065403 0.015695
vn -0.996954 0.077762 0.005959
vn -0.997449 0.069394 0.016760
vn -0.997736 0.065403 0.015695
vn -0.997774 0.066579 0.003844
vn -0.999985 0.001914 0.005164
vn -0.999987 -0.000494 0.005180
vn -1.000000 -0.000537 0.000401
vn -1.000000 -0.000306 0.000558
vn -0.999413 0.033648 0.006364
vn -0.999200 0.036306 0.016744
vn -0.999883 0.005617 0.014205
vn -0.999916 0.008163 0.010103
vn -0.997774 0.066579 0.003844
vn -0.997736 0.065403 0.015695
vn -0.999200 0.036306 0.016744
vn -0.999413 0.033648 0.006364
vn -0.999916 0.008163 0.010103
vn -0.999883 0.005617 0.014205
vn -0.999987 -0.000494 0.005180
vn -0.999985 0.001914 0.005164
vn -1.000000 -0.000306 0.000558
vn -1.000000 -0.000537 0.000401
vn -1.000000 0.000000 0.000000
vn -1.000000 -0.000000 -0.000001
vn 1.000000 0.000511 -0.000425
vn 1.000000 0.000000 0.000000
vn 1.000000 0.000000 0.000000
vn 1.000000 0.000735 -0.000385
vn 0.998632 0.039810 -0.033909
vn 0.999889 0.013117 -0.007009
vn 0.999853 0.016206 -0.005662
vn 0.998271 0.050190 -0.030600
vn 0.993779 0.032731 -0.106455
vn 0.996241 0.043414 -0.074957
vn 0.996074 0.056234 -0.068374
vn 0.993885 0.044071 -0.101248
vn 0.996241 0.043414 -0.074957
vn 0.998632 0.039810 -0.033909
vn 0.998271 0.050190 -0.030600
vn 0.996074 0.056234 -0.068374
vn 0.999889 0.013117 -0.007009
vn 1.000000 0.000511 -0.000425
vn 1.000000 0.000735 -0.000385
vn 0.999853 0.016206 -0.005662
vn 0.992502 0.033070 -0.117670
vn 0.993779 0.032731 -0.106455
vn 0.993885 0.044071 -0.101248
vn 0.992187 0.044970 -0.116371
vn 0.992675 0.021129 -0.118956
vn 0.993512 0.021377 -0.111705
vn 0.993779 0.032731 -0.106455
vn 0.992502 0.033070 -0.117670
vn 0.999915 0.010028 -0.008357
vn 1.000000 0.000288 -0.000465
vn 1.000000 0.000511 -0.000425
vn 0.999889 0.013117 -0.007009
vn 0.996201 0.030528 -0.081555
vn 0.998874 0.029444 -0.037212
vn 0.998632 0.039810 -0.033909
vn 0.996241 0.043414 -0.074957
vn 0.993512 0.021377 -0.111705
vn 0.996201 0.030528 -0.081555
vn 0.996241 0.043414 -0.074957
vn 0.993779 0.032731 -0.106455
vn 0.998874 0.029444 -0.037212
vn 0.999915 0.010028 -0.008357
vn 0.999889 0.013117 -0.007009
vn 0.998632 0.039810 -0.033909
vn 1.000000 0.000288 -0.000465
vn 1.000000 0.000000 0.000000
vn 1.000000 0.000000 0.000000
vn 1.000000 0.000511 -0.000425
s off
g polySurface312
usemtl LandingTrack1StraightSG
f 27/1567/1 46/1568/2 47/1569/3 28/1570/4
f 21/1603/5 39/1604/6 40/1600/7 22/1599/8
f 16/1590/9 32/1589/10 33/1593/11 17/1594/12
f 24/1587/13 42/1588/14 43/1584/15 25/1583/16
f 18/1606/17 35/1605/18 36/1609/19 19/1610/20
f 26/1571/21 45/1572/22 46/1568/23 27/1567/24
f 20/1607/25 38/1608/26 39/1604/27 21/1603/28
f 2/1586/29 30/1585/30 32/1589/31 16/1590/32
f 29/1578/33 48/1577/34 31/1581/35 1/1582/36
f 23/1591/37 41/1592/38 42/1588/39 24/1587/40
f 4/1602/41 34/1601/42 35/1605/43 18/1606/44
f 9/1575/45 44/1576/46 45/1572/47 26/1571/48
f 6/1611/49 37/1612/50 38/1608/51 20/1607/52
f 19/1610/53 36/1609/54 12/1613/55 5/1614/56
f 25/1583/57 43/1584/58 14/1580/59 8/1579/60
f 17/1594/61 33/1593/62 11/1597/63 3/1598/64
f 22/1599/65 40/1600/66 13/1596/67 7/1595/68
f 28/1570/69 47/1569/70 15/1573/71 10/1574/72
f 5/1614/73 12/1613/74 37/1612/75 6/1611/76
f 8/1579/77 14/1580/78 44/1576/79 9/1575/80
f 3/1598/81 11/1597/82 34/1601/83 4/1602/84
f 7/1595/85 13/1596/86 41/1592/87 23/1591/88
f 10/1574/89 15/1573/90 48/1577/91 29/1578/92
f 1/1582/93 31/1581/94 30/1585/95 2/1586/96
f 71/1615/97 61/1616/98 62/1617/99 63/1618/100 64/1619/101 60/1620/102 70/1621/103 51/1622/104 52/1623/105 53/1624/106 54/1625/107 50/1626/108 69/1627/109 68/1628/110 67/1629/111 66/1630/112 65/1631/113 49/1632/114 72/1633/115 56/1634/116 57/1635/117 58/1636/118 59/1637/119 55/1638/120
f 77/1/121 76/2/122 79/3/123 80/4/124
f 76/2/125 75/5/126 78/6/127 79/3/128
f 74/7/129 77/1/130 80/4/131 73/8/132
f 75/5/133 74/7/134 73/8/135 78/6/136
f 96/2447/137 107/2448/138 108/2449/139 119/2450/140
f 121/2468/141 132/2469/142 134/2470/143 98/2471/144
f 104/1651/145 107/1650/146 85/1652/147 117/1653/148
f 102/1639/149 113/1640/150 83/1641/151 103/1642/152
f 131/1648/153 109/1649/154 107/1650/155 104/1651/156
f 98/2471/157 134/2470/158 130/2472/159 123/2473/160
f 100/2462/161 106/2465/162 118/2467/163 101/2464/164
f 103/1642/165 83/1641/166 115/1643/167 116/1644/168
f 96/2447/169 86/2453/170 88/2455/171 97/2451/172
f 90/2478/173 87/2475/174 124/2476/175 128/2479/176
f 127/2477/177 122/2474/178 87/2475/179 90/2478/180
f 93/2456/181 86/2453/182 120/2454/183 125/2457/184
f 100/2462/185 92/2459/186 126/2460/187 110/2463/188
f 92/2459/189 93/2456/190 125/2457/191 126/2460/192
f 111/2483/193 89/2480/194 91/2481/195 99/2484/196
f 89/2480/197 127/2477/198 90/2478/199 91/2481/200
f 99/2484/201 91/2481/202 129/2482/203 114/2485/204
f 91/2481/205 90/2478/206 128/2479/207 129/2482/208
f 86/2453/209 93/2456/210 95/2458/211 88/2455/212
f 93/2456/213 92/2459/214 94/2461/215 95/2458/216
f 107/2448/217 96/2447/218 97/2451/219 85/2452/220
f 87/2475/221 98/2471/222 123/2473/223 124/2476/224
f 122/2474/225 121/2468/226 98/2471/227 87/2475/228
f 86/2453/229 96/2447/230 119/2450/231 120/2454/232
f 83/2487/233 99/2484/234 114/2485/235 115/2488/236
f 112/2486/237 111/2483/238 99/2484/239 83/2487/240
f 106/2465/241 100/2462/242 110/2463/243 105/2466/244
f 92/2459/245 100/2462/246 101/2464/247 94/2461/248
f 81/1646/249 103/1642/250 116/1644/251 84/1647/252
f 133/1654/253 131/1648/254 104/1651/255 134/1655/256
f 82/1645/257 102/1639/258 103/1642/259 81/1646/260
f 134/1655/261 104/1651/262 117/1653/263 130/1656/264
f 139/17/265 140/21/266 161/22/267 162/18/268
f 173/19/269 174/23/270 151/24/271 152/20/272
f 135/9/273 137/10/274 164/11/275 160/12/276
f 170/2489/277 166/2490/278 141/2491/279 143/2492/280
f 148/15/281 135/9/282 160/12/283 171/16/284
f 165/30/285 167/33/286 146/34/287 142/27/288
f 137/10/289 138/13/290 163/14/291 164/11/292
f 138/13/293 139/17/294 162/18/295 163/14/296
f 136/2493/297 141/2491/298 166/2490/299 159/2494/300
f 142/27/301 153/28/302 178/29/303 165/30/304
f 168/2497/305 169/2495/306 144/2496/307 145/2498/308
f 169/2495/309 170/2489/310 143/2492/311 144/2496/312
f 171/16/313 173/19/314 152/20/315 148/15/316
f 167/33/317 168/37/318 145/38/319 146/34/320
f 182/31/321 178/29/322 153/28/323 155/32/324
f 180/39/325 181/35/326 156/36/327 157/40/328
f 181/35/329 182/31/330 155/32/331 156/36/332
f 179/41/333 180/39/334 157/40/335 158/42/336
f 176/2499/337 172/2500/338 147/2501/339 149/2502/340
f 174/2507/341 175/2505/342 150/2506/343 151/2508/344
f 175/2505/345 176/2499/346 149/2502/347 150/2506/348
f 177/43/349 179/41/350 158/42/351 154/44/352
f 154/2503/353 147/2501/354 172/2500/355 177/2504/356
f 140/21/357 136/25/358 159/26/359 161/22/360
f 184/3677/361 186/3678/362 185/3679/363 183/3680/364
f 202/2509/365 187/2510/366 231/2511/367 220/2512/368
f 222/2530/369 236/2531/370 238/2532/371 204/2533/372
f 210/1669/373 187/1668/374 191/1670/375 219/1671/376
f 208/1657/377 215/1658/378 190/1659/379 209/1660/380
f 235/1666/381 232/1667/382 187/1668/383 210/1669/384
f 204/2533/385 238/2532/386 233/2534/387 224/2535/388
f 206/2524/389 188/2527/390 234/2529/391 207/2526/392
f 209/1660/393 190/1659/394 217/1661/395 218/1662/396
f 202/2509/397 192/2515/398 194/2517/399 203/2513/400
f 196/2540/401 193/2537/402 225/2538/403 229/2541/404
f 228/2539/405 223/2536/406 193/2537/407 196/2540/408
f 199/2518/409 192/2515/410 221/2516/411 226/2519/412
f 206/2524/413 198/2521/414 227/2522/415 212/2525/416
f 198/2521/417 199/2518/418 226/2519/419 227/2522/420
f 213/2545/421 195/2542/422 197/2543/423 205/2546/424
f 195/2542/425 228/2539/426 196/2540/427 197/2543/428
f 205/2546/429 197/2543/430 230/2544/431 216/2547/432
f 197/2543/433 196/2540/434 229/2541/435 230/2544/436
f 192/2515/437 199/2518/438 201/2520/439 194/2517/440
f 199/2518/441 198/2521/442 200/2523/443 201/2520/444
f 187/2510/445 202/2509/446 203/2513/447 191/2514/448
f 193/2537/449 204/2533/450 224/2535/451 225/2538/452
f 223/2536/453 222/2530/454 204/2533/455 193/2537/456
f 192/2515/457 202/2509/458 220/2512/459 221/2516/460
f 190/2549/461 205/2546/462 216/2547/463 217/2550/464
f 214/2548/465 213/2545/466 205/2546/467 190/2549/468
f 188/2527/469 206/2524/470 212/2525/471 211/2528/472
f 198/2521/473 206/2524/474 207/2526/475 200/2523/476
f 188/1664/477 209/1660/478 218/1662/479 234/1665/480
f 237/1672/481 235/1666/482 210/1669/483 238/1673/484
f 189/1663/485 208/1657/486 209/1660/487 188/1664/488
f 238/1673/489 210/1669/490 219/1671/491 233/1674/492
f 239/3493/493 242/3494/494 243/3495/495 240/3496/496
f 244/3497/497 240/3496/498 243/3495/499 241/3498/500
f 245/2551/501 248/2552/502 253/2553/503 254/2554/504
f 255/1675/505 256/1676/506 258/1677/507 257/1678/508
f 257/1678/509 246/1681/510 250/1682/511 255/1675/512
f 246/1681/513 247/1683/514 249/1684/515 250/1682/516
f 247/2555/517 253/2553/518 248/2552/519 249/2556/520
f 251/1679/521 252/1680/522 258/1677/523 256/1676/524
f 259/2557/525 261/2558/526 262/2559/527 260/2560/528
f 263/2561/529 270/2562/530 267/2563/531 269/2564/532 268/2565/533 266/2566/534 271/2567/535
f 263/2561/536 264/2568/537 265/2569/538 270/2562/539
f 279/1685/540 278/1686/541 284/1687/542 285/1688/543
f 280/2570/544 281/2571/545 288/2572/546 287/2573/547
f 273/2574/548 277/2577/549 282/2578/550 290/2576/551
f 274/1691/552 279/1685/553 285/1688/554 283/1692/555
f 281/2571/556 273/2574/557 289/2575/558 288/2572/559
f 278/1686/560 272/1689/561 286/1690/562 284/1687/563
f 275/1695/564 274/1691/565 283/1692/566 276/1696/567
f 272/1689/568 280/1693/569 287/1694/570 286/1690/571
f 290/2576/572 289/2575/573 273/2574/574
f 304/45/575 306/46/576 307/47/577 300/48/578
f 303/53/579 308/54/580 309/50/581 301/49/582
f 305/59/583 310/60/584 311/57/585 302/56/586
f 302/56/587 311/57/588 308/54/589 303/53/590
f 301/49/591 309/50/592 306/46/593 304/45/594
f 299/62/595 291/63/596 310/60/597 305/59/598
f 293/65/599 299/62/600 305/59/601 298/64/602
f 294/55/603 301/49/604 304/45/605 297/51/606
f 296/61/607 302/56/608 303/53/609 295/58/610
f 298/64/611 305/59/612 302/56/613 296/61/614
f 295/58/615 303/53/616 301/49/617 294/55/618
f 297/51/619 304/45/620 300/48/621 292/52/622
f 313/66/623 312/67/624 317/68/625 315/69/626
f 314/70/627 316/71/628 317/68/629 312/67/630
f 328/2579/631 323/2580/632 333/2581/633 332/2582/634 318/2583/635
f 334/2590/636 326/2594/637 327/2595/638 318/2583/639
f 323/2580/640 335/2584/641 337/2585/642 333/2581/643
f 318/2583/644 332/2582/645 320/2586/646 322/2587/647 321/2588/648 319/2589/649 334/2590/650
f 328/2579/651 318/2583/652 324/2591/653 325/2592/654
f 330/2597/655 331/2596/656 327/2595/657 329/2598/658
f 324/2591/659 318/2583/660 327/2595/661 331/2596/662
f 335/2584/663 336/2593/664 337/2585/665
f 345/72/666 343/73/667 342/74/668 341/75/669 339/76/670 340/77/671 338/78/672 344/79/673
f 348/3681/674 347/3682/675 346/3683/676 349/3684/677
f 358/2599/678 356/2600/679 351/2601/680
f 351/80/681 356/81/682 357/82/683 354/83/684
f 354/2602/685 357/2603/686 359/2604/687
f 351/1697/688 354/1698/689 359/1699/690 358/1700/691
f 355/3499/692 352/3500/693 360/3501/694 361/3502/695
f 352/3500/696 355/3499/697 357/3503/698 356/3504/699
f 353/3507/700 350/3509/701 358/3510/702 359/3508/703
f 355/3499/704 353/3507/705 359/3508/706 357/3503/707
f 350/3509/708 352/3500/709 356/3504/710 358/3510/711
f 361/3502/712 360/3501/713 362/3505/714 363/3506/715
f 352/2605/716 350/2606/717 362/2607/718 360/2608/719
f 350/3511/720 353/3512/721 363/3513/722 362/3514/723
f 353/2609/724 355/2610/725 361/2611/726 363/2612/727
f 364/84/728 366/85/729 367/86/730 365/87/731
f 369/1701/732 371/1702/733 370/1703/734 368/1704/735
f 374/3817/736 373/3818/737 375/3819/738 372/3820/739
f 390/88/740 381/89/741 388/90/742 379/91/743
f 388/90/744 387/94/745 391/95/746 379/91/747
f 388/90/748 381/89/749 384/92/750 389/93/751
f 389/93/752 383/105/753 382/107/754 380/106/755
f 383/105/756 389/93/757 392/103/758
f 392/103/759 389/93/760 393/98/761
f 393/98/762 389/93/763 384/92/764
f 390/88/765 379/91/766 394/96/767 386/97/768
f 394/96/769 379/91/770 391/95/771 385/99/772
f 394/96/773 395/100/774 377/101/775 378/102/776 386/97/777
f 395/100/778 380/106/779 382/107/780 376/104/781
f 376/104/782 377/101/783 395/100/784
f 397/2613/785 398/2614/786 399/2615/787 396/2616/788
f 413/108/789 409/109/790 416/110/791 415/111/792
f 412/117/793 410/114/794 418/115/795 417/118/796
f 414/123/797 411/120/798 420/121/799 419/124/800
f 411/120/801 412/117/802 417/118/803 420/121/804
f 410/114/805 413/108/806 415/111/807 418/115/808
f 408/126/809 414/123/810 419/124/811 400/127/812
f 402/128/813 407/125/814 414/123/815 408/126/816
f 403/116/817 406/112/818 413/108/819 410/114/820
f 405/122/821 404/119/822 412/117/823 411/120/824
f 407/125/825 405/122/826 411/120/827 414/123/828
f 404/119/829 403/116/830 410/114/831 412/117/832
f 406/112/833 401/113/834 409/109/835 413/108/836
f 436/2617/837 454/2618/838 465/2619/839 421/2620/840
f 456/2638/841 438/2639/842 472/2640/843 470/2641/844
f 444/1715/845 453/1720/846 425/1721/847 421/1716/848
f 442/1705/849 443/1706/850 424/1707/851 449/1708/852
f 469/1714/853 444/1715/854 421/1716/855 466/1717/856
f 438/2639/857 458/2644/858 467/2645/859 472/2640/860
f 440/2631/861 441/2636/862 468/2637/863 422/2634/864
f 443/1706/865 452/1711/866 451/1712/867 424/1707/868
f 436/2617/869 437/2624/870 428/2627/871 426/2621/872
f 430/2647/873 463/2651/874 459/2648/875 427/2643/876
f 462/2646/877 430/2647/878 427/2643/879 457/2642/880
f 433/2625/881 460/2626/882 455/2622/883 426/2621/884
f 440/2631/885 446/2632/886 461/2629/887 432/2628/888
f 432/2628/889 461/2629/890 460/2626/891 433/2625/892
f 447/2652/893 439/2653/894 431/2650/895 429/2649/896
f 429/2649/897 431/2650/898 430/2647/899 462/2646/900
f 439/2653/901 450/2657/902 464/2654/903 431/2650/904
f 431/2650/905 464/2654/906 463/2651/907 430/2647/908
f 426/2621/909 428/2627/910 435/2630/911 433/2625/912
f 433/2625/913 435/2630/914 434/2633/915 432/2628/916
f 421/2620/917 425/2623/918 437/2624/919 436/2617/920
f 427/2643/921 459/2648/922 458/2644/923 438/2639/924
f 457/2642/925 427/2643/926 438/2639/927 456/2638/928
f 426/2621/929 455/2622/930 454/2618/931 436/2617/932
f 424/2656/933 451/2658/934 450/2657/935 439/2653/936
f 448/2655/937 424/2656/938 439/2653/939 447/2652/940
f 422/2634/941 445/2635/942 446/2632/943 440/2631/944
f 432/2628/945 434/2633/946 441/2636/947 440/2631/948
f 422/1710/949 468/1713/950 452/1711/951 443/1706/952
f 471/1718/953 472/1719/954 444/1715/955 469/1714/956
f 423/1709/957 422/1710/958 443/1706/959 442/1705/960
f 472/1719/961 467/1722/962 453/1720/963 444/1715/964
f 473/129/965 474/130/966 476/131/967 475/132/968
f 477/3685/969 478/3686/970 479/3687/971 480/3688/972
f 485/1723/973 486/1724/974 484/1725/975 483/1726/976
f 482/1727/977 485/1723/978 483/1726/979 481/1728/980
f 489/133/981 487/134/982 528/135/983 490/136/984
f 488/146/985 489/133/986 490/136/987 529/147/988
f 487/134/989 491/138/990 492/139/991 528/135/992
f 529/147/993 493/156/994 494/148/995 488/146/996
f 488/146/997 494/148/998 495/137/999 489/133/1000
f 502/170/1001 516/169/1002 530/173/1003 527/174/1004
f 489/133/1005 495/137/1006 491/138/1007 487/134/1008
f 528/135/1009 492/139/1010 513/149/1011 503/150/1012
f 527/174/1013 530/173/1014 497/175/1015 517/176/1016
f 521/159/1017 498/160/1018 493/156/1019 529/147/1020
f 490/136/1021 526/145/1022 496/151/1023 522/152/1024 523/153/1025 524/154/1026 525/155/1027 529/147/1028
f 528/135/1029 511/140/1030 510/141/1031 509/142/1032 507/143/1033 508/144/1034 526/145/1035 490/136/1036
f 513/149/1037 512/157/1038 506/158/1039 503/150/1040
f 512/157/1041 514/161/1042 505/162/1043 506/158/1044
f 514/161/1045 515/165/1046 504/166/1047 505/162/1048
f 515/165/1049 516/169/1050 502/170/1051 504/166/1052
f 497/175/1053 499/171/1054 518/172/1055 517/176/1056
f 499/171/1057 500/167/1058 519/168/1059 518/172/1060
f 500/167/1061 501/163/1062 520/164/1063 519/168/1064
f 501/163/1065 498/160/1066 521/159/1067 520/164/1068
f 531/2659/1069 535/2660/1070 554/2661/1071 549/2662/1072
f 588/1729/1073 555/1730/1074 570/1731/1075 551/1732/1076
f 555/1730/1077 563/1735/1078 579/1736/1079 570/1731/1080
f 550/2675/1081 571/2676/1082 538/2677/1083 532/2678/1084
f 534/177/1085 587/178/1086 542/179/1087 539/180/1088
f 563/209/1089 567/200/1090 583/199/1091 579/208/1092
f 538/2677/1093 543/2681/1094 586/2682/1095 532/2678/1096
f 531/2659/1097 533/2663/1098 546/2664/1099 535/2660/1100
f 534/177/1101 539/180/1102 575/185/1103 577/186/1104 576/187/1105 574/188/1106 559/189/1107 561/190/1108 560/191/1109 558/192/1110
f 571/212/1111 578/205/1112 540/195/1113 538/204/1114
f 567/200/1115 559/189/1116 574/188/1117 583/199/1118
f 562/2665/1119 554/2661/1120 535/2660/1121 537/2666/1122
f 566/2671/1123 562/2665/1124 537/2666/1125 536/2672/1126
f 558/192/1127 566/193/1128 536/181/1129 534/177/1130
f 582/196/1131 575/185/1132 539/180/1133 541/184/1134
f 578/205/1135 582/196/1136 541/184/1137 540/195/1138
f 534/177/1139 536/181/1140 548/182/1141 587/178/1142
f 536/2672/1143 537/2666/1144 547/2669/1145 548/2673/1146
f 537/2666/1147 535/2660/1148 546/2664/1149 547/2669/1150
f 542/179/1151 544/183/1152 541/184/1153 539/180/1154
f 544/183/1155 545/194/1156 540/195/1157 541/184/1158
f 545/194/1159 543/203/1160 538/204/1161 540/195/1162
f 567/200/1163 569/201/1164 561/190/1165 559/189/1166
f 569/201/1167 568/202/1168 560/191/1169 561/190/1170
f 568/202/1171 566/193/1172 558/192/1173 560/191/1174
f 563/209/1175 565/210/1176 569/201/1177 567/200/1178
f 565/210/1179 564/211/1180 568/202/1181 569/201/1182
f 564/2670/1183 562/2665/1184 566/2671/1185 568/2674/1186
f 555/1730/1187 557/1734/1188 565/1741/1189 563/1735/1190
f 557/1734/1191 556/1740/1192 564/1745/1193 565/1741/1194
f 556/2668/1195 554/2661/1196 562/2665/1197 564/2670/1198
f 571/212/1199 573/213/1200 580/206/1201 578/205/1202
f 573/213/1203 572/214/1204 581/207/1205 580/206/1206
f 572/1738/1207 570/1731/1208 579/1736/1209 581/1742/1210
f 578/205/1211 580/206/1212 584/197/1213 582/196/1214
f 580/206/1215 581/207/1216 585/198/1217 584/197/1218
f 581/207/1219 579/208/1220 583/199/1221 585/198/1222
f 582/196/1223 584/197/1224 577/186/1225 575/185/1226
f 584/197/1227 585/198/1228 576/187/1229 577/186/1230
f 585/198/1231 583/199/1232 574/188/1233 576/187/1234
f 588/1729/1235 589/1733/1236 557/1734/1237 555/1730/1238
f 589/1733/1239 590/1739/1240 556/1740/1241 557/1734/1242
f 590/2667/1243 549/2662/1244 554/2661/1245 556/2668/1246
f 550/2675/1247 552/2679/1248 573/2680/1249 571/2676/1250
f 552/1743/1251 553/1737/1252 572/1738/1253 573/1744/1254
f 553/1737/1255 551/1732/1256 570/1731/1257 572/1738/1258
f 592/3689/1259 591/3690/1260 594/3691/1261 593/3692/1262
f 595/2683/1263 605/2684/1264 597/2685/1265 599/2686/1266 598/2687/1267 608/2688/1268 607/2689/1269
f 607/2689/1270 603/2693/1271 604/2694/1272 595/2683/1273
f 602/2691/1274 600/2695/1275 601/2696/1276 606/2692/1277
f 596/2690/1278 602/2691/1279 606/2692/1280 605/2684/1281 595/2683/1282
f 682/215/1283 689/216/1284 667/217/1285 625/218/1286
f 683/223/1287 682/215/1288 625/218/1289 624/224/1290
f 639/248/1291 623/249/1292 688/233/1293 630/234/1294
f 651/289/1295 685/288/1296 684/293/1297 645/294/1298
f 634/291/1299 613/296/1300 611/292/1301 626/286/1302
f 686/274/1303 657/259/1304 663/273/1305 687/282/1306
f 684/2697/1307 612/2698/1308 631/2699/1309 645/2700/1310
f 642/260/1311 609/275/1312 610/283/1313 648/284/1314
f 648/284/1315 610/283/1316 685/288/1317 651/289/1318
f 616/272/1319 660/257/1320 654/240/1321 615/256/1322
f 617/255/1323 666/239/1324 675/254/1325 619/271/1326
f 687/282/1327 663/273/1328 660/257/1329 616/272/1330
f 667/217/1331 689/216/1332 690/219/1333 674/220/1334
f 674/220/1335 690/219/1336 691/225/1337 678/226/1338
f 619/271/1339 675/254/1340 679/270/1341 620/281/1342
f 688/233/1343 683/223/1344 624/224/1345 630/234/1346
f 611/292/1347 618/287/1348 671/280/1349 626/286/1350
f 686/274/1351 609/275/1352 642/260/1353 657/259/1354
f 617/255/1355 615/256/1356 654/240/1357 666/239/1358
f 692/235/1359 621/250/1360 627/251/1361 670/236/1362
f 638/290/1363 614/295/1364 613/296/1365 634/291/1366
f 631/297/1367 612/298/1368 614/295/1369 638/290/1370
f 678/226/1371 691/225/1372 692/235/1373 670/236/1374
f 620/281/1375 679/270/1376 671/280/1377 618/287/1378
f 635/266/1379 622/267/1380 623/249/1381 639/248/1382
f 642/1746/1383 648/1747/1384 649/1748/1385 644/1749/1386
f 644/244/1387 649/261/1388 650/245/1389 643/232/1390
f 643/232/1391 650/245/1392 624/224/1393
f 648/1747/1394 651/1750/1395 652/1751/1396 649/1748/1397
f 649/261/1398 652/276/1399 653/262/1400 650/245/1401
f 650/245/1402 653/262/1403 624/224/1404
f 651/2703/1405 645/2700/1406 646/2702/1407 652/2704/1408
f 652/276/1409 646/263/1410 647/246/1411 653/262/1412
f 653/262/1413 647/246/1414 624/224/1415
f 654/240/1416 660/257/1417 661/241/1418 656/229/1419
f 656/229/1420 661/241/1421 662/230/1422 655/222/1423
f 655/222/1424 662/230/1425 625/218/1426
f 660/257/1427 663/273/1428 664/258/1429 661/241/1430
f 661/241/1431 664/258/1432 665/242/1433 662/230/1434
f 662/230/1435 665/242/1436 625/218/1437
f 663/273/1438 657/259/1439 658/243/1440 664/258/1441
f 664/258/1442 658/243/1443 659/231/1444 665/242/1445
f 665/242/1446 659/231/1447 625/218/1448
f 667/217/1449 674/220/1450 676/227/1451 669/221/1452
f 669/221/1453 676/227/1454 677/238/1455 668/228/1456
f 668/228/1457 677/238/1458 675/254/1459 666/239/1460
f 674/220/1461 678/226/1462 680/237/1463 676/227/1464
f 676/227/1465 680/237/1466 681/253/1467 677/238/1468
f 677/238/1469 681/253/1470 679/270/1471 675/254/1472
f 678/226/1473 670/236/1474 672/252/1475 680/237/1476
f 680/237/1477 672/252/1478 673/269/1479 681/253/1480
f 681/253/1481 673/269/1482 671/280/1483 679/270/1484
f 639/248/1485 630/234/1486 632/247/1487 641/265/1488
f 641/265/1489 632/247/1490 633/264/1491 640/277/1492
f 640/2705/1493 633/2701/1494 631/2699/1495 638/2706/1496
f 635/266/1497 639/248/1498 641/265/1499 637/278/1500
f 637/278/1501 641/265/1502 640/277/1503 636/285/1504
f 636/285/1505 640/277/1506 638/290/1507 634/291/1508
f 627/251/1509 635/266/1510 637/278/1511 629/268/1512
f 629/268/1513 637/278/1514 636/285/1515 628/279/1516
f 628/279/1517 636/285/1518 634/291/1519 626/286/1520
f 630/234/1521 624/224/1522 647/246/1523 632/247/1524
f 632/247/1525 647/246/1526 646/263/1527 633/264/1528
f 633/2701/1529 646/2702/1530 645/2700/1531 631/2699/1532
f 624/224/1533 625/218/1534 659/231/1535 643/232/1536
f 643/232/1537 659/231/1538 658/243/1539 644/244/1540
f 644/244/1541 658/243/1542 657/259/1543 642/260/1544
f 670/236/1545 627/251/1546 629/268/1547 672/252/1548
f 672/252/1549 629/268/1550 628/279/1551 673/269/1552
f 673/269/1553 628/279/1554 626/286/1555 671/280/1556
f 625/218/1557 667/217/1558 669/221/1559 655/222/1560
f 655/222/1561 669/221/1562 668/228/1563 656/229/1564
f 656/229/1565 668/228/1566 666/239/1567 654/240/1568
f 627/251/1569 621/250/1570 622/267/1571 635/266/1572
f 708/299/1573 701/300/1574 713/301/1575 704/302/1576
f 707/307/1577 699/308/1578 696/304/1579 705/303/1580
f 709/313/1581 703/314/1582 712/311/1583 706/310/1584
f 706/310/1585 712/311/1586 699/308/1587 707/307/1588
f 705/303/1589 696/304/1590 701/300/1591 708/299/1592
f 711/316/1593 694/317/1594 703/314/1595 709/313/1596
f 710/319/1597 711/316/1598 709/313/1599 702/318/1600
f 695/309/1601 705/303/1602 708/299/1603 700/305/1604
f 698/315/1605 706/310/1606 707/307/1607 697/312/1608
f 702/318/1609 709/313/1610 706/310/1611 698/315/1612
f 697/312/1613 707/307/1614 705/303/1615 695/309/1616
f 700/305/1617 708/299/1618 704/302/1619 693/306/1620
f 718/1752/1621 716/1753/1622 717/1754/1623 719/1755/1624
f 715/1756/1625 714/1757/1626 716/1753/1627 718/1752/1628
f 733/320/1629 729/321/1630 736/322/1631 735/323/1632
f 732/329/1633 730/326/1634 738/327/1635 737/330/1636
f 734/335/1637 731/332/1638 740/333/1639 739/336/1640
f 731/332/1641 732/329/1642 737/330/1643 740/333/1644
f 730/326/1645 733/320/1646 735/323/1647 738/327/1648
f 728/338/1649 734/335/1650 739/336/1651 720/339/1652
f 722/340/1653 727/337/1654 734/335/1655 728/338/1656
f 723/328/1657 726/324/1658 733/320/1659 730/326/1660
f 725/334/1661 724/331/1662 732/329/1663 731/332/1664
f 727/337/1665 725/334/1666 731/332/1667 734/335/1668
f 724/331/1669 723/328/1670 730/326/1671 732/329/1672
f 726/324/1673 721/325/1674 729/321/1675 733/320/1676
f 746/3693/1677 742/3694/1678 747/3695/1679 748/3696/1680
f 749/3699/1681 746/3693/1682 748/3696/1683 750/3700/1684
f 751/3701/1685 749/3699/1686 750/3700/1687 752/3702/1688
f 752/3702/1689 743/3703/1690 741/3704/1691 751/3701/1692
f 744/3697/1693 747/3695/1694 742/3694/1695 745/3698/1696
f 753/3515/1697 754/3516/1698 756/3517/1699 755/3518/1700
f 757/2707/1701 759/2708/1702 760/2709/1703 758/2710/1704
f 763/341/1705 762/342/1706 764/343/1707 761/344/1708
f 796/2711/1709 797/2712/1710 765/2713/1711 795/2714/1712
f 799/2725/1713 798/2726/1714 801/2727/1715 800/2728/1716
f 770/1758/1717 803/1759/1718 802/1760/1719 776/1761/1720
f 765/2713/1721 797/2712/1722 780/2715/1723 771/2716/1724
f 801/2727/1725 798/2726/1726 808/2729/1727 786/2730/1728
f 768/1763/1729 781/1762/1730 790/1767/1731 769/1768/1732
f 765/2713/1733 771/2716/1734 775/2722/1735 766/2717/1736
f 795/2714/1737 765/2713/1738 766/2717/1739 767/2718/1740
f 805/1769/1741 803/1759/1742 768/1763/1743 785/1770/1744
f 780/2715/1745 797/2712/1746 791/2719/1747
f 785/1770/1748 768/1763/1749 769/1768/1750 809/1775/1751
f 803/1759/1752 770/1758/1753 781/1762/1754 768/1763/1755
f 801/2727/1756 786/2730/1757 813/2733/1758
f 781/1762/1759 770/1758/1760 772/1765/1761 784/1766/1762
f 784/1766/1763 772/1765/1764 773/1772/1765 783/1773/1766
f 783/1773/1767 773/1772/1768 774/1779/1769 782/1780/1770
f 782/2720/1771 774/2721/1772 771/2716/1773 780/2715/1774
f 805/1769/1775 785/1770/1776 787/1776/1777 804/1777/1778
f 804/1777/1779 787/1776/1780 788/1783/1781 806/1784/1782
f 806/1784/1783 788/1783/1784 789/1787/1785 807/1788/1786
f 807/2731/1787 789/2732/1788 786/2730/1789 808/2729/1790
f 775/2722/1791 771/2716/1792 774/2721/1793 777/2724/1794
f 777/1778/1795 774/1779/1796 773/1772/1797 778/1771/1798
f 778/1771/1799 773/1772/1800 772/1765/1801 779/1764/1802
f 779/1764/1803 772/1765/1804 770/1758/1805 776/1761/1806
f 785/1770/1807 809/1775/1808 810/1782/1809 787/1776/1810
f 787/1776/1811 810/1782/1812 811/1786/1813 788/1783/1814
f 788/1783/1815 811/1786/1816 812/1789/1817 789/1787/1818
f 789/2732/1819 812/2734/1820 813/2733/1821 786/2730/1822
f 780/2715/1823 791/2719/1824 794/2723/1825 782/2720/1826
f 782/1780/1827 794/1785/1828 793/1781/1829 783/1773/1830
f 783/1773/1831 793/1781/1832 792/1774/1833 784/1766/1834
f 784/1766/1835 792/1774/1836 790/1767/1837 781/1762/1838
f 829/345/1839 825/346/1840 834/347/1841 822/348/1842
f 828/354/1843 826/351/1844 817/352/1845 820/355/1846
f 830/360/1847 827/357/1848 833/358/1849 824/361/1850
f 827/357/1851 828/354/1852 820/355/1853 833/358/1854
f 826/351/1855 829/345/1856 822/348/1857 817/352/1858
f 832/363/1859 830/360/1860 824/361/1861 815/364/1862
f 831/365/1863 823/362/1864 830/360/1865 832/363/1866
f 816/353/1867 821/349/1868 829/345/1869 826/351/1870
f 819/359/1871 818/356/1872 828/354/1873 827/357/1874
f 823/362/1875 819/359/1876 827/357/1877 830/360/1878
f 818/356/1879 816/353/1880 826/351/1881 828/354/1882
f 821/349/1883 814/350/1884 825/346/1885 829/345/1886
f 837/366/1887 844/367/1888 841/368/1889 842/369/1890
f 843/373/1891 836/376/1892 835/377/1893 838/375/1894
f 844/367/1895 846/371/1896 839/372/1897 845/370/1898
f 843/373/1899 840/374/1900 839/372/1901 846/371/1902
f 838/375/1903 840/374/1904 843/373/1905
f 845/370/1906 841/368/1907 844/367/1908
f 848/3519/1909 847/3520/1910 850/3521/1911 849/3522/1912
f 854/378/1913 853/379/1914 852/380/1915 851/381/1916
f 856/2735/1917 857/2736/1918 858/2737/1919 855/2738/1920
f 859/3523/1921 860/3524/1922 862/3525/1923 861/3526/1924
f 868/1790/1925 867/1791/1926 866/1792/1927 865/1793/1928
f 868/1790/1929 870/1796/1930 869/1797/1931 863/1794/1932
f 863/1794/1933 864/1795/1934 867/1791/1935 868/1790/1936
f 871/2739/1937 878/2740/1938 877/2741/1939 874/2742/1940
f 879/1798/1941 881/1799/1942 882/1800/1943 880/1801/1944
f 881/1799/1945 879/1798/1946 876/1802/1947 872/1803/1948
f 872/1803/1949 876/1802/1950 875/1806/1951 873/1807/1952
f 873/2743/1953 875/2744/1954 874/2742/1955 877/2741/1956
f 883/1804/1957 880/1801/1958 882/1800/1959 884/1805/1960
f 886/382/1961 888/383/1962 890/384/1963 885/385/1964
f 887/386/1965 885/385/1966 890/384/1967 889/387/1968
f 908/406/1969 909/409/1970 917/404/1971 900/399/1972
f 901/395/1973 905/398/1974 913/403/1975 897/400/1976
f 914/407/1977 905/398/1978 894/402/1979 912/408/1980
f 898/388/1981 896/389/1982 902/390/1983 903/391/1984
f 895/1814/1985 892/1812/1986 912/1811/1987 894/1815/1988
f 904/394/1989 899/401/1990 910/405/1991
f 891/392/1992 906/393/1993 902/390/1994 896/389/1995
f 910/1808/1996 899/1809/1997 911/1810/1998
f 912/1811/1999 892/1812/2000 907/1813/2001
f 915/1816/2002 913/1817/2003 914/1818/2004
f 891/392/2005 893/397/2006 906/393/2007
f 905/398/2008 914/407/2009 913/403/2010
f 901/395/2011 897/400/2012 899/401/2013 904/394/2014
f 898/388/2015 903/391/2016 916/396/2017
f 900/399/2018 917/404/2019 916/396/2020
f 904/394/2021 903/391/2022 902/390/2023 901/395/2024
f 900/399/2025 916/396/2026 903/391/2027 904/394/2028
f 906/393/2029 905/398/2030 901/395/2031 902/390/2032
f 893/397/2033 894/402/2034 905/398/2035 906/393/2036
f 910/405/2037 908/406/2038 900/399/2039 904/394/2040
f 925/3713/2041 927/3714/2042 926/3710/2043 923/3709/2044
f 923/3709/2045 926/3710/2046 928/3706/2047 922/3705/2048
f 922/3705/2049 928/3706/2050 929/3707/2051 921/3708/2052
f 920/3715/2053 924/3716/2054 927/3714/2055 925/3713/2056
f 921/3708/2057 929/3707/2058 918/3711/2059 919/3712/2060
f 943/410/2061 939/411/2062 946/412/2063 945/413/2064
f 942/419/2065 940/416/2066 948/417/2067 947/420/2068
f 944/425/2069 941/422/2070 950/423/2071 949/426/2072
f 941/422/2073 942/419/2074 947/420/2075 950/423/2076
f 940/416/2077 943/410/2078 945/413/2079 948/417/2080
f 938/428/2081 944/425/2082 949/426/2083 930/429/2084
f 932/430/2085 937/427/2086 944/425/2087 938/428/2088
f 933/418/2089 936/414/2090 943/410/2091 940/416/2092
f 935/424/2093 934/421/2094 942/419/2095 941/422/2096
f 937/427/2097 935/424/2098 941/422/2099 944/425/2100
f 934/421/2101 933/418/2102 940/416/2103 942/419/2104
f 936/414/2105 931/415/2106 939/411/2107 943/410/2108
f 951/2745/2109 963/2746/2110 964/2747/2111 954/2748/2112 955/2749/2113 953/2750/2114 961/2751/2115
f 963/2746/2116 951/2745/2117 960/2752/2118 959/2753/2119
f 958/2756/2120 962/2755/2121 957/2757/2122 956/2758/2123
f 952/2754/2124 951/2745/2125 961/2751/2126 962/2755/2127 958/2756/2128
f 968/431/2129 966/432/2130 970/433/2131 969/434/2132
f 966/432/2133 965/436/2134 967/437/2135 971/435/2136
f 971/435/2137 970/433/2138 966/432/2139
f 973/2759/2140 972/2760/2141 974/2761/2142 975/2762/2143
f 1002/1819/2144 1003/1820/2145 1022/1821/2146 1021/1822/2147
f 996/1857/2148 997/1853/2149 1015/1854/2150 1014/1858/2151
f 991/1839/2152 992/1843/2153 1008/1844/2154 1007/1840/2155
f 999/1841/2156 1000/1837/2157 1018/1838/2158 1017/1842/2159
f 993/1855/2160 994/1859/2161 1011/1860/2162 1010/1856/2163
f 1001/1825/2164 1002/1819/2165 1021/1822/2166 1020/1826/2167
f 995/1861/2168 996/1857/2169 1014/1858/2170 1013/1862/2171
f 977/1835/2172 991/1839/2173 1007/1840/2174 1005/1836/2175
f 1004/1827/2176 976/1831/2177 1006/1832/2178 1023/1828/2179
f 998/1845/2180 999/1841/2181 1017/1842/2182 1016/1846/2183
f 979/1851/2184 993/1855/2185 1010/1856/2186 1009/1852/2187
f 984/1829/2188 1001/1825/2189 1020/1826/2190 1019/1830/2191
f 981/1865/2192 995/1861/2193 1013/1862/2194 1012/1866/2195
f 994/1859/2196 980/1863/2197 987/1864/2198 1011/1860/2199
f 1000/1837/2200 983/1833/2201 989/1834/2202 1018/1838/2203
f 992/1843/2204 978/1847/2205 986/1848/2206 1008/1844/2207
f 997/1853/2208 982/1849/2209 988/1850/2210 1015/1854/2211
f 1003/1820/2212 985/1823/2213 990/1824/2214 1022/1821/2215
f 980/1863/2216 981/1865/2217 1012/1866/2218 987/1864/2219
f 983/1833/2220 984/1829/2221 1019/1830/2222 989/1834/2223
f 978/1847/2224 979/1851/2225 1009/1852/2226 986/1848/2227
f 982/1849/2228 998/1845/2229 1016/1846/2230 988/1850/2231
f 985/1823/2232 1004/1827/2233 1023/1828/2234 990/1824/2235
f 976/1831/2236 977/1835/2237 1005/1836/2238 1006/1832/2239
f 1025/438/2240 1024/439/2241 1026/440/2242 1027/441/2243
f 1042/442/2244 1034/443/2245 1028/444/2246 1041/445/2247
f 1043/446/2248 1040/447/2249 1034/443/2250 1042/442/2251
f 1032/455/2252 1035/454/2253 1036/456/2254 1030/457/2255
f 1045/453/2256 1037/452/2257 1035/454/2258 1032/455/2259
f 1033/451/2260 1038/450/2261 1037/452/2262 1045/453/2263
f 1031/449/2264 1039/448/2265 1038/450/2266 1033/451/2267
f 1030/457/2268 1036/456/2269 1029/458/2270 1044/459/2271
f 1041/445/2272 1028/444/2273 1039/448/2274 1031/449/2275
f 1055/460/2276 1050/461/2277 1047/462/2278 1054/463/2279
f 1046/1867/2280 1048/1868/2281 1053/1869/2282 1051/1870/2283
f 1057/1871/2284 1046/1867/2285 1051/1870/2286 1056/1872/2287
f 1049/464/2288 1047/462/2289 1050/461/2290 1052/465/2291
f 1048/466/2292 1049/464/2293 1052/465/2294 1053/467/2295
f 1065/3717/2296 1067/3718/2297 1066/3719/2298 1063/3720/2299
f 1063/3720/2300 1066/3719/2301 1068/3723/2302 1062/3724/2303
f 1062/3724/2304 1068/3723/2305 1069/3725/2306 1061/3726/2307
f 1064/3721/2308 1060/3722/2309 1067/3718/2310 1065/3717/2311
f 1061/3726/2312 1069/3725/2313 1058/3727/2314 1059/3728/2315
f 1076/2763/2316 1070/2764/2317 1075/2765/2318 1073/2766/2319 1074/2767/2320 1071/2768/2321 1072/2769/2322
f 1090/468/2323 1086/469/2324 1093/470/2325 1092/471/2326
f 1089/477/2327 1087/474/2328 1095/475/2329 1094/478/2330
f 1091/483/2331 1088/480/2332 1097/481/2333 1096/484/2334
f 1088/480/2335 1089/477/2336 1094/478/2337 1097/481/2338
f 1087/474/2339 1090/468/2340 1092/471/2341 1095/475/2342
f 1085/486/2343 1091/483/2344 1096/484/2345 1077/487/2346
f 1079/488/2347 1084/485/2348 1091/483/2349 1085/486/2350
f 1080/476/2351 1083/472/2352 1090/468/2353 1087/474/2354
f 1082/482/2355 1081/479/2356 1089/477/2357 1088/480/2358
f 1084/485/2359 1082/482/2360 1088/480/2361 1091/483/2362
f 1081/479/2363 1080/476/2364 1087/474/2365 1089/477/2366
f 1083/472/2367 1078/473/2368 1086/469/2369 1090/468/2370
f 1100/1873/2371 1101/1874/2372 1111/1875/2373 1121/1876/2374
f 1107/2770/2375 1112/2771/2376 1099/2772/2377
f 1098/2775/2378 1120/2776/2379 1103/2777/2380
f 1102/1877/2381 1104/1881/2382 1117/1882/2383 1116/1878/2384
f 1104/1881/2385 1105/1885/2386 1118/1886/2387 1117/1882/2388
f 1105/1885/2389 1106/1889/2390 1119/1890/2391 1118/1886/2392
f 1106/2778/2393 1103/2777/2394 1120/2776/2395 1119/2779/2396
f 1111/1875/2397 1113/1879/2398 1110/1880/2399 1121/1876/2400
f 1113/1879/2401 1114/1883/2402 1109/1884/2403 1110/1880/2404
f 1114/1883/2405 1115/1887/2406 1108/1888/2407 1109/1884/2408
f 1115/2773/2409 1112/2771/2410 1107/2770/2411 1108/2774/2412
f 1102/1877/2413 1116/1878/2414 1101/1874/2415 1100/1873/2416
f 1122/489/2417 1123/490/2418 1125/491/2419 1124/492/2420
f 1140/2780/2421 1164/2781/2422 1152/2782/2423 1151/2783/2424
f 1166/2801/2425 1142/2802/2426 1149/2803/2427 1178/2804/2428
f 1148/1901/2429 1163/1906/2430 1129/1907/2431 1151/1902/2432
f 1146/1891/2433 1147/1892/2434 1158/1893/2435 1157/1894/2436
f 1177/1900/2437 1148/1901/2438 1151/1902/2439 1153/1903/2440
f 1142/2802/2441 1168/2807/2442 1175/2808/2443 1149/2803/2444
f 1144/2794/2445 1145/2799/2446 1176/2800/2447 1126/2797/2448
f 1147/1892/2449 1162/1897/2450 1161/1898/2451 1158/1893/2452
f 1140/2780/2453 1141/2787/2454 1132/2790/2455 1130/2784/2456
f 1134/2810/2457 1173/2814/2458 1169/2811/2459 1131/2806/2460
f 1172/2809/2461 1134/2810/2462 1131/2806/2463 1167/2805/2464
f 1137/2788/2465 1170/2789/2466 1165/2785/2467 1130/2784/2468
f 1144/2794/2469 1154/2795/2470 1171/2792/2471 1136/2791/2472
f 1136/2791/2473 1171/2792/2474 1170/2789/2475 1137/2788/2476
f 1155/2815/2477 1143/2816/2478 1135/2813/2479 1133/2812/2480
f 1133/2812/2481 1135/2813/2482 1134/2810/2483 1172/2809/2484
f 1143/2816/2485 1159/2820/2486 1174/2817/2487 1135/2813/2488
f 1135/2813/2489 1174/2817/2490 1173/2814/2491 1134/2810/2492
f 1130/2784/2493 1132/2790/2494 1139/2793/2495 1137/2788/2496
f 1137/2788/2497 1139/2793/2498 1138/2796/2499 1136/2791/2500
f 1151/2783/2501 1129/2786/2502 1141/2787/2503 1140/2780/2504
f 1131/2806/2505 1169/2811/2506 1168/2807/2507 1142/2802/2508
f 1167/2805/2509 1131/2806/2510 1142/2802/2511 1166/2801/2512
f 1130/2784/2513 1165/2785/2514 1164/2781/2515 1140/2780/2516
f 1128/2819/2517 1160/2821/2518 1159/2820/2519 1143/2816/2520
f 1156/2818/2521 1128/2819/2522 1143/2816/2523 1155/2815/2524
f 1126/2797/2525 1150/2798/2526 1154/2795/2527 1144/2794/2528
f 1136/2791/2529 1138/2796/2530 1145/2799/2531 1144/2794/2532
f 1126/1896/2533 1176/1899/2534 1162/1897/2535 1147/1892/2536
f 1179/1904/2537 1149/1905/2538 1148/1901/2539 1177/1900/2540
f 1127/1895/2541 1126/1896/2542 1147/1892/2543 1146/1891/2544
f 1149/1905/2545 1175/1908/2546 1163/1906/2547 1148/1901/2548
f 1181/2822/2549 1180/2823/2550 1183/2824/2551 1182/2825/2552
f 1185/3732/2553 1186/3733/2554 1189/3734/2555 1188/3729/2556
f 1188/3729/2557 1187/3730/2558 1184/3731/2559 1185/3732/2560
f 1190/493/2561 1192/494/2562 1193/495/2563 1191/496/2564
f 1194/2826/2565 1199/2827/2566 1196/2828/2567 1200/2829/2568 1201/2830/2569 1202/2831/2570 1198/2832/2571
f 1194/2826/2572 1195/2833/2573 1197/2834/2574 1199/2827/2575
f 1215/497/2576 1217/498/2577 1218/499/2578 1211/500/2579
f 1214/505/2580 1220/506/2581 1221/502/2582 1212/501/2583
f 1216/511/2584 1222/512/2585 1223/509/2586 1213/508/2587
f 1213/508/2588 1223/509/2589 1220/506/2590 1214/505/2591
f 1212/501/2592 1221/502/2593 1217/498/2594 1215/497/2595
f 1210/514/2596 1219/515/2597 1222/512/2598 1216/511/2599
f 1204/517/2600 1210/514/2601 1216/511/2602 1209/516/2603
f 1205/507/2604 1212/501/2605 1215/497/2606 1208/503/2607
f 1207/513/2608 1213/508/2609 1214/505/2610 1206/510/2611
f 1209/516/2612 1216/511/2613 1213/508/2614 1207/513/2615
f 1206/510/2616 1214/505/2617 1212/501/2618 1205/507/2619
f 1208/503/2620 1215/497/2621 1211/500/2622 1203/504/2623
f 1224/3527/2624 1225/3528/2625 1228/3529/2626 1227/3530/2627
f 1229/3531/2628 1226/3532/2629 1228/3529/2630 1225/3528/2631
f 1241/518/2632 1240/519/2633 1230/520/2634 1234/521/2635
f 1237/1909/2636 1231/1910/2637 1238/1911/2638 1233/1912/2639
f 1236/1913/2640 1237/1909/2641 1233/1912/2642 1235/1914/2643
f 1232/522/2644 1230/520/2645 1240/519/2646 1239/523/2647
f 1231/524/2648 1232/522/2649 1239/523/2650 1238/525/2651
f 1242/3533/2652 1244/3534/2653 1245/3535/2654 1243/3536/2655
f 1248/3537/2656 1249/3538/2657 1246/3539/2658 1247/3540/2659
f 1263/526/2660 1265/527/2661 1266/528/2662 1259/529/2663
f 1262/534/2664 1267/535/2665 1268/531/2666 1260/530/2667
f 1264/540/2668 1269/541/2669 1270/538/2670 1261/537/2671
f 1261/537/2672 1270/538/2673 1267/535/2674 1262/534/2675
f 1260/530/2676 1268/531/2677 1265/527/2678 1263/526/2679
f 1258/543/2680 1250/544/2681 1269/541/2682 1264/540/2683
f 1252/546/2684 1258/543/2685 1264/540/2686 1257/545/2687
f 1253/536/2688 1260/530/2689 1263/526/2690 1256/532/2691
f 1255/542/2692 1261/537/2693 1262/534/2694 1254/539/2695
f 1257/545/2696 1264/540/2697 1261/537/2698 1255/542/2699
f 1254/539/2700 1262/534/2701 1260/530/2702 1253/536/2703
f 1256/532/2704 1263/526/2705 1259/529/2706 1251/533/2707
f 1273/547/2708 1278/548/2709 1277/549/2710 1280/550/2711
f 1279/554/2712 1274/556/2713 1271/557/2714 1272/558/2715
f 1280/550/2716 1281/551/2717 1275/552/2718 1282/553/2719
f 1279/554/2720 1282/553/2721 1275/552/2722 1276/555/2723
f 1274/556/2724 1279/554/2725 1276/555/2726
f 1281/551/2727 1280/550/2728 1277/549/2729
f 1287/1915/2730 1285/1916/2731 1286/1917/2732 1288/1918/2733
f 1284/1919/2734 1283/1920/2735 1285/1916/2736 1287/1915/2737
f 1304/559/2738 1300/560/2739 1309/561/2740 1297/562/2741
f 1303/568/2742 1301/565/2743 1292/566/2744 1295/569/2745
f 1305/574/2746 1302/571/2747 1308/572/2748 1299/575/2749
f 1302/571/2750 1303/568/2751 1295/569/2752 1308/572/2753
f 1301/565/2754 1304/559/2755 1297/562/2756 1292/566/2757
f 1307/577/2758 1305/574/2759 1299/575/2760 1290/578/2761
f 1306/579/2762 1298/576/2763 1305/574/2764 1307/577/2765
f 1291/567/2766 1296/563/2767 1304/559/2768 1301/565/2769
f 1294/573/2770 1293/570/2771 1303/568/2772 1302/571/2773
f 1298/576/2774 1294/573/2775 1302/571/2776 1305/574/2777
f 1293/570/2778 1291/567/2779 1301/565/2780 1303/568/2781
f 1296/563/2782 1289/564/2783 1300/560/2784 1304/559/2785
f 1312/580/2786 1313/581/2787 1351/582/2788 1310/583/2789
f 1311/584/2790 1352/585/2791 1313/581/2792 1312/580/2793
f 1310/583/2794 1351/582/2795 1315/592/2796 1314/593/2797
f 1352/585/2798 1311/584/2799 1317/595/2800 1316/596/2801
f 1311/584/2802 1312/580/2803 1318/594/2804 1317/595/2805
f 1325/618/2806 1350/622/2807 1353/623/2808 1339/619/2809
f 1312/580/2810 1310/583/2811 1314/593/2812 1318/594/2813
f 1351/582/2814 1326/602/2815 1336/603/2816 1315/592/2817
f 1350/622/2818 1340/621/2819 1320/620/2820 1353/623/2821
f 1344/604/2822 1352/585/2823 1316/596/2824 1321/605/2825
f 1313/581/2826 1352/585/2827 1348/597/2828 1347/598/2829 1346/599/2830 1345/600/2831 1319/601/2832 1349/586/2833
f 1351/582/2834 1313/581/2835 1349/586/2836 1331/587/2837 1330/588/2838 1332/589/2839 1333/590/2840 1334/591/2841
f 1336/603/2842 1326/602/2843 1329/606/2844 1335/607/2845
f 1335/607/2846 1329/606/2847 1328/610/2848 1337/611/2849
f 1337/611/2850 1328/610/2851 1327/614/2852 1338/615/2853
f 1338/615/2854 1327/614/2855 1325/618/2856 1339/619/2857
f 1320/620/2858 1340/621/2859 1341/617/2860 1322/616/2861
f 1322/616/2862 1341/617/2863 1342/613/2864 1323/612/2865
f 1323/612/2866 1342/613/2867 1343/609/2868 1324/608/2869
f 1324/608/2870 1343/609/2871 1344/604/2872 1321/605/2873
f 1365/624/2874 1358/625/2875 1354/626/2876 1364/627/2877
f 1361/1921/2878 1357/1922/2879 1362/1923/2880 1355/1924/2881
f 1360/1925/2882 1359/1926/2883 1357/1922/2884 1361/1921/2885
f 1356/628/2886 1363/629/2887 1364/627/2888 1354/626/2889
f 1355/630/2890 1362/631/2891 1363/629/2892 1356/628/2893
f 1368/1927/2894 1389/1928/2895 1379/1929/2896 1369/1930/2897
f 1375/2835/2898 1367/2836/2899 1380/2837/2900
f 1366/2840/2901 1371/2841/2902 1388/2842/2903
f 1370/1933/2904 1384/1934/2905 1385/1937/2906 1372/1938/2907
f 1372/1938/2908 1385/1937/2909 1386/1941/2910 1373/1942/2911
f 1373/1942/2912 1386/1941/2913 1387/1943/2914 1374/1944/2915
f 1374/2843/2916 1387/2844/2917 1388/2842/2918 1371/2841/2919
f 1379/1929/2920 1389/1928/2921 1378/1931/2922 1381/1932/2923
f 1381/1932/2924 1378/1931/2925 1377/1935/2926 1382/1936/2927
f 1382/1936/2928 1377/1935/2929 1376/1939/2930 1383/1940/2931
f 1383/2838/2932 1376/2839/2933 1375/2835/2934 1380/2837/2935
f 1370/1933/2936 1368/1927/2937 1369/1930/2938 1384/1934/2939
f 1390/1945/2940 1391/1946/2941 1393/1947/2942 1394/1948/2943
f 1391/1946/2944 1392/1949/2945 1395/1950/2946 1393/1947/2947
f 1401/632/2948 1400/633/2949 1399/634/2950
f 1406/635/2951 1400/633/2952 1401/632/2953 1402/636/2954
f 1404/638/2955 1398/640/2956 1405/639/2957
f 1402/636/2958 1403/637/2959 1406/635/2960
f 1396/641/2961 1405/639/2962 1398/640/2963 1397/642/2964
f 1403/637/2965 1404/638/2966 1405/639/2967 1406/635/2968
f 1396/641/2969 1397/642/2970 1409/643/2971 1408/644/2972
f 1409/643/2973 1407/645/2974 1408/644/2975
f 1412/3541/2976 1411/3542/2977 1410/3543/2978 1413/3544/2979
f 1423/1951/2980 1415/1952/2981 1418/1953/2982 1414/1954/2983
f 1415/1952/2984 1416/1955/2985 1419/1956/2986 1418/1953/2987
f 1416/1955/2988 1417/1959/2989 1424/1960/2990 1419/1956/2991
f 1425/1957/2992 1414/1954/2993 1418/1953/2994 1420/1958/2995
f 1420/1958/2996 1418/1953/2997 1419/1956/2998 1421/1961/2999
f 1421/1961/3000 1419/1956/3001 1424/1960/3002 1422/1962/3003
f 1435/1963/3004 1426/1964/3005 1430/1965/3006 1427/1966/3007
f 1427/1966/3008 1430/1965/3009 1431/1969/3010 1428/1970/3011
f 1428/1970/3012 1431/1969/3013 1436/1972/3014 1429/1973/3015
f 1437/1967/3016 1432/1968/3017 1430/1965/3018 1426/1964/3019
f 1432/1968/3020 1433/1971/3021 1431/1969/3022 1430/1965/3023
f 1433/1971/3024 1434/1974/3025 1436/1972/3026 1431/1969/3027
f 1438/658/3028 1439/646/3029 1442/655/3030 1451/659/3031
f 1439/646/3032 1440/647/3033 1444/648/3034 1447/649/3035
f 1440/647/3036 1441/656/3037 1454/657/3038 1453/654/3039
f 1441/656/3040 1438/658/3041 1448/665/3042 1457/664/3043
f 1442/655/3044 1439/646/3045 1443/653/3046
f 1443/653/3047 1439/646/3048 1446/651/3049
f 1446/651/3050 1439/646/3051 1447/649/3052
f 1448/665/3053 1438/658/3054 1449/663/3055
f 1449/663/3056 1438/658/3057 1450/661/3058
f 1450/661/3059 1438/658/3060 1451/659/3061
f 1444/648/3062 1440/647/3063 1445/650/3064
f 1445/650/3065 1440/647/3066 1452/652/3067
f 1452/652/3068 1440/647/3069 1453/654/3070
f 1454/657/3071 1441/656/3072 1455/660/3073
f 1455/660/3074 1441/656/3075 1456/662/3076
f 1456/662/3077 1441/656/3078 1457/664/3079
f 1458/1975/3080 1460/1976/3081 1463/1977/3082 1462/1978/3083 1461/1979/3084 1459/1980/3085 1465/1981/3086 1464/1982/3087 1466/1983/3088 1467/1984/3089
f 1482/666/3090 1486/667/3091 1487/668/3092 1476/669/3093
f 1481/675/3094 1479/672/3095 1471/673/3096 1474/676/3097
f 1483/681/3098 1480/678/3099 1488/679/3100 1478/682/3101
f 1480/678/3102 1481/675/3103 1474/676/3104 1488/679/3105
f 1479/672/3106 1482/666/3107 1476/669/3108 1471/673/3109
f 1485/684/3110 1483/681/3111 1478/682/3112 1469/685/3113
f 1484/686/3114 1477/683/3115 1483/681/3116 1485/684/3117
f 1470/674/3118 1475/670/3119 1482/666/3120 1479/672/3121
f 1473/680/3122 1472/677/3123 1481/675/3124 1480/678/3125
f 1477/683/3126 1473/680/3127 1480/678/3128 1483/681/3129
f 1472/677/3130 1470/674/3131 1479/672/3132 1481/675/3133
f 1475/670/3134 1468/671/3135 1486/667/3136 1482/666/3137
f 1491/1985/3138 1489/1986/3139 1490/1987/3140 1492/1988/3141
f 1500/687/3142 1499/688/3143 1493/689/3144 1495/690/3145 1494/691/3146 1496/692/3147 1497/693/3148 1498/694/3149
f 1504/1989/3150 1506/1990/3151 1507/1991/3152 1508/1992/3153
f 1508/1992/3154 1510/1998/3155 1509/1996/3156
f 1503/1995/3157 1504/1989/3158 1508/1992/3159 1509/1996/3160
f 1504/1989/3161 1501/1993/3162 1505/1994/3163 1506/1990/3164
f 1503/1995/3165 1502/1997/3166 1501/1993/3167 1504/1989/3168
f 1526/695/3169 1519/696/3170 1531/697/3171 1522/698/3172
f 1525/703/3173 1517/704/3174 1514/700/3175 1523/699/3176
f 1527/709/3177 1521/710/3178 1530/707/3179 1524/706/3180
f 1524/706/3181 1530/707/3182 1517/704/3183 1525/703/3184
f 1523/699/3185 1514/700/3186 1519/696/3187 1526/695/3188
f 1529/712/3189 1512/713/3190 1521/710/3191 1527/709/3192
f 1528/715/3193 1529/712/3194 1527/709/3195 1520/714/3196
f 1513/705/3197 1523/699/3198 1526/695/3199 1518/701/3200
f 1516/711/3201 1524/706/3202 1525/703/3203 1515/708/3204
f 1520/714/3205 1527/709/3206 1524/706/3207 1516/711/3208
f 1515/708/3209 1525/703/3210 1523/699/3211 1513/705/3212
f 1518/701/3213 1526/695/3214 1522/698/3215 1511/702/3216
f 1539/3735/3217 1537/3736/3218 1540/3737/3219 1541/3738/3220
f 1537/3736/3221 1536/3739/3222 1542/3740/3223 1540/3737/3224
f 1536/3739/3225 1535/3743/3226 1543/3744/3227 1542/3740/3228
f 1534/3741/3229 1539/3735/3230 1541/3738/3231 1538/3742/3232
f 1535/3743/3233 1533/3745/3234 1532/3746/3235 1543/3744/3236
f 1566/1999/3237 1550/2000/3238 1554/2001/3239 1553/2002/3240 1552/2003/3241 1551/2004/3242 1567/2005/3243 1544/2006/3244 1560/2007/3245 1561/2008/3246 1562/2009/3247 1563/2010/3248 1564/2011/3249 1545/2012/3250 1549/2013/3251 1548/2014/3252 1547/2015/3253 1546/2016/3254 1565/2017/3255 1555/2018/3256 1559/2019/3257 1558/2020/3258 1557/2021/3259 1556/2022/3260
f 1570/3747/3261 1569/3748/3262 1571/3749/3263 1568/3750/3264
f 1572/2023/3265 1573/2024/3266 1575/2025/3267 1574/2026/3268
f 1577/2027/3269 1574/2026/3270 1575/2025/3271 1576/2028/3272
f 1578/2845/3273 1579/2846/3274 1581/2847/3275 1580/2848/3276
f 1585/3545/3277 1587/3546/3278 1582/3547/3279 1583/3548/3280
f 1586/3549/3281 1584/3550/3282 1582/3547/3283 1587/3546/3284
f 1595/2029/3285 1601/2030/3286 1600/2031/3287 1594/2032/3288
f 1596/2849/3289 1603/2850/3290 1604/2851/3291 1597/2852/3292
f 1589/2854/3293 1606/2855/3294 1598/2856/3295 1593/2857/3296
f 1590/2033/3297 1599/2034/3298 1601/2030/3299 1595/2029/3300
f 1597/2852/3301 1604/2851/3302 1605/2853/3303 1589/2854/3304
f 1594/2032/3305 1600/2031/3306 1602/2035/3307 1588/2036/3308
f 1591/2037/3309 1592/2038/3310 1599/2034/3311 1590/2033/3312
f 1588/2036/3313 1602/2035/3314 1603/2039/3315 1596/2040/3316
f 1606/2855/3317 1589/2854/3318 1605/2853/3319
f 1608/3825/3320 1609/3826/3321 1607/3827/3322 1610/3828/3323
f 1629/2858/3324 1611/2859/3325 1662/2860/3326 1651/2861/3327
f 1653/2879/3328 1642/2880/3329 1615/2881/3330 1631/2882/3331
f 1638/2053/3332 1611/2052/3333 1618/2054/3334 1649/2055/3335
f 1635/2041/3336 1645/2042/3337 1614/2043/3338 1637/2044/3339
f 1636/2050/3340 1663/2051/3341 1611/2052/3342 1638/2053/3343
f 1631/2882/3344 1615/2881/3345 1664/2883/3346 1655/2884/3347
f 1633/2873/3348 1640/2876/3349 1650/2878/3350 1634/2875/3351
f 1637/2044/3352 1614/2043/3353 1647/2045/3354 1648/2046/3355
f 1629/2858/3356 1619/2864/3357 1621/2866/3358 1630/2862/3359
f 1623/2889/3360 1620/2886/3361 1656/2887/3362 1660/2890/3363
f 1659/2888/3364 1654/2885/3365 1620/2886/3366 1623/2889/3367
f 1626/2867/3368 1619/2864/3369 1652/2865/3370 1657/2868/3371
f 1633/2873/3372 1625/2870/3373 1658/2871/3374 1641/2874/3375
f 1625/2870/3376 1626/2867/3377 1657/2868/3378 1658/2871/3379
f 1643/2894/3380 1622/2891/3381 1624/2892/3382 1632/2895/3383
f 1622/2891/3384 1659/2888/3385 1623/2889/3386 1624/2892/3387
f 1632/2895/3388 1624/2892/3389 1661/2893/3390 1646/2896/3391
f 1624/2892/3392 1623/2889/3393 1660/2890/3394 1661/2893/3395
f 1619/2864/3396 1626/2867/3397 1628/2869/3398 1621/2866/3399
f 1626/2867/3400 1625/2870/3401 1627/2872/3402 1628/2869/3403
f 1611/2859/3404 1629/2858/3405 1630/2862/3406 1618/2863/3407
f 1620/2886/3408 1631/2882/3409 1655/2884/3410 1656/2887/3411
f 1654/2885/3412 1653/2879/3413 1631/2882/3414 1620/2886/3415
f 1619/2864/3416 1629/2858/3417 1651/2861/3418 1652/2865/3419
f 1614/2898/3420 1632/2895/3421 1646/2896/3422 1647/2899/3423
f 1644/2897/3424 1643/2894/3425 1632/2895/3426 1614/2898/3427
f 1640/2876/3428 1633/2873/3429 1641/2874/3430 1639/2877/3431
f 1625/2870/3432 1633/2873/3433 1634/2875/3434 1627/2872/3435
f 1612/2048/3436 1637/2044/3437 1648/2046/3438 1617/2049/3439
f 1616/2056/3440 1636/2050/3441 1638/2053/3442 1615/2057/3443
f 1613/2047/3444 1635/2041/3445 1637/2044/3446 1612/2048/3447
f 1615/2057/3448 1638/2053/3449 1649/2055/3450 1664/2058/3451
f 1666/3829/3452 1668/3830/3453 1665/3831/3454 1667/3832/3455
f 1670/2059/3456 1669/2060/3457 1671/2061/3458
f 1673/2900/3459 1672/2901/3460 1675/2902/3461 1674/2903/3462
f 1677/2062/3463 1676/2063/3464 1678/2064/3465 1679/2065/3466
f 1680/716/3467 1683/717/3468 1682/718/3469 1681/719/3470
f 1681/719/3471 1682/718/3472 1685/722/3473 1684/723/3474
f 1684/723/3475 1685/722/3476 1687/726/3477 1686/727/3478
f 1686/727/3479 1687/726/3480 1723/730/3481 1688/731/3482
f 1688/2904/3483 1723/2905/3484 1690/2906/3485 1689/2907/3486
f 1689/2907/3487 1690/2906/3488 1692/2908/3489 1691/2909/3490
f 1691/2909/3491 1692/2908/3492 1694/2910/3493 1693/2911/3494
f 1693/2911/3495 1694/2910/3496 1724/2912/3497 1695/2913/3498
f 1695/742/3499 1724/743/3500 1697/739/3501 1696/738/3502
f 1696/738/3503 1697/739/3504 1699/735/3505 1698/734/3506
f 1698/734/3507 1699/735/3508 1701/736/3509 1700/737/3510
f 1700/737/3511 1701/736/3512 1703/740/3513 1702/741/3514
f 1702/741/3515 1703/740/3516 1725/744/3517 1704/745/3518
f 1704/745/3519 1725/744/3520 1706/746/3521 1705/747/3522
f 1705/747/3523 1706/746/3524 1708/748/3525 1707/749/3526
f 1707/749/3527 1708/748/3528 1710/750/3529 1709/751/3530
f 1709/2914/3531 1710/2915/3532 1726/2916/3533 1711/2917/3534
f 1711/2917/3535 1726/2916/3536 1713/2918/3537 1712/2919/3538
f 1712/2919/3539 1713/2918/3540 1715/2920/3541 1714/2921/3542
f 1714/2921/3543 1715/2920/3544 1717/2922/3545 1716/2923/3546
f 1716/732/3547 1717/733/3548 1719/729/3549 1718/728/3550
f 1718/728/3551 1719/729/3552 1727/725/3553 1720/724/3554
f 1720/724/3555 1727/725/3556 1722/721/3557 1721/720/3558
f 1721/720/3559 1722/721/3560 1683/717/3561 1680/716/3562
f 1729/2924/3563 1728/2925/3564 1731/2926/3565 1730/2927/3566
f 1747/752/3567 1743/753/3568 1752/754/3569 1740/755/3570
f 1746/761/3571 1744/758/3572 1735/759/3573 1738/762/3574
f 1748/767/3575 1745/764/3576 1751/765/3577 1742/768/3578
f 1745/764/3579 1746/761/3580 1738/762/3581 1751/765/3582
f 1744/758/3583 1747/752/3584 1740/755/3585 1735/759/3586
f 1750/770/3587 1748/767/3588 1742/768/3589 1733/771/3590
f 1749/772/3591 1741/769/3592 1748/767/3593 1750/770/3594
f 1734/760/3595 1739/756/3596 1747/752/3597 1744/758/3598
f 1737/766/3599 1736/763/3600 1746/761/3601 1745/764/3602
f 1741/769/3603 1737/766/3604 1745/764/3605 1748/767/3606
f 1736/763/3607 1734/760/3608 1744/758/3609 1746/761/3610
f 1739/756/3611 1732/757/3612 1743/753/3613 1747/752/3614
f 1753/2066/3615 1755/2067/3616 1756/2068/3617 1754/2069/3618
f 1757/2070/3619 1758/2071/3620 1756/2068/3621 1755/2067/3622
f 1761/2928/3623 1759/2929/3624 1762/2930/3625 1760/2931/3626
f 1775/773/3627 1777/774/3628 1778/775/3629 1771/776/3630
f 1774/781/3631 1780/782/3632 1781/778/3633 1772/777/3634
f 1776/787/3635 1782/788/3636 1783/785/3637 1773/784/3638
f 1773/784/3639 1783/785/3640 1780/782/3641 1774/781/3642
f 1772/777/3643 1781/778/3644 1777/774/3645 1775/773/3646
f 1770/790/3647 1779/791/3648 1782/788/3649 1776/787/3650
f 1764/793/3651 1770/790/3652 1776/787/3653 1769/792/3654
f 1765/783/3655 1772/777/3656 1775/773/3657 1768/779/3658
f 1767/789/3659 1773/784/3660 1774/781/3661 1766/786/3662
f 1769/792/3663 1776/787/3664 1773/784/3665 1767/789/3666
f 1766/786/3667 1774/781/3668 1772/777/3669 1765/783/3670
f 1768/779/3671 1775/773/3672 1771/776/3673 1763/780/3674
f 1799/2932/3675 1785/2933/3676 1810/2934/3677 1822/2935/3678
f 1824/2953/3679 1836/2954/3680 1808/2955/3681 1801/2956/3682
f 1807/2084/3683 1785/2083/3684 1788/2085/3685 1821/2086/3686
f 1805/2072/3687 1815/2073/3688 1816/2074/3689 1806/2075/3690
f 1835/2081/3691 1811/2082/3692 1785/2083/3693 1807/2084/3694
f 1801/2956/3695 1808/2955/3696 1833/2957/3697 1826/2958/3698
f 1803/2947/3699 1784/2950/3700 1834/2952/3701 1804/2949/3702
f 1806/2075/3703 1816/2074/3704 1819/2076/3705 1820/2077/3706
f 1799/2932/3707 1789/2938/3708 1791/2940/3709 1800/2936/3710
f 1793/2963/3711 1790/2960/3712 1827/2961/3713 1831/2964/3714
f 1830/2962/3715 1825/2959/3716 1790/2960/3717 1793/2963/3718
f 1796/2941/3719 1789/2938/3720 1823/2939/3721 1828/2942/3722
f 1803/2947/3723 1795/2944/3724 1829/2945/3725 1812/2948/3726
f 1795/2944/3727 1796/2941/3728 1828/2942/3729 1829/2945/3730
f 1813/2968/3731 1792/2965/3732 1794/2966/3733 1802/2969/3734
f 1792/2965/3735 1830/2962/3736 1793/2963/3737 1794/2966/3738
f 1802/2969/3739 1794/2966/3740 1832/2967/3741 1817/2970/3742
f 1794/2966/3743 1793/2963/3744 1831/2964/3745 1832/2967/3746
f 1789/2938/3747 1796/2941/3748 1798/2943/3749 1791/2940/3750
f 1796/2941/3751 1795/2944/3752 1797/2946/3753 1798/2943/3754
f 1785/2933/3755 1799/2932/3756 1800/2936/3757 1788/2937/3758
f 1790/2960/3759 1801/2956/3760 1826/2958/3761 1827/2961/3762
f 1825/2959/3763 1824/2953/3764 1801/2956/3765 1790/2960/3766
f 1789/2938/3767 1799/2932/3768 1822/2935/3769 1823/2939/3770
f 1787/2972/3771 1802/2969/3772 1817/2970/3773 1818/2973/3774
f 1814/2971/3775 1813/2968/3776 1802/2969/3777 1787/2972/3778
f 1784/2950/3779 1803/2947/3780 1812/2948/3781 1809/2951/3782
f 1795/2944/3783 1803/2947/3784 1804/2949/3785 1797/2946/3786
f 1784/2079/3787 1806/2075/3788 1820/2077/3789 1834/2080/3790
f 1837/2087/3791 1835/2081/3792 1807/2084/3793 1808/2088/3794
f 1786/2078/3795 1805/2072/3796 1806/2075/3797 1784/2079/3798
f 1808/2088/3799 1807/2084/3800 1821/2086/3801 1833/2089/3802
f 1840/2974/3803 1839/2975/3804 1841/2976/3805 1838/2977/3806
f 1847/3751/3807 1849/3752/3808 1848/3753/3809 1844/3754/3810
f 1850/3755/3811 1851/3756/3812 1849/3752/3813 1847/3751/3814
f 1852/3759/3815 1853/3760/3816 1851/3756/3817 1850/3755/3818
f 1853/3760/3819 1852/3759/3820 1842/3761/3821 1843/3762/3822
f 1845/3757/3823 1846/3758/3824 1844/3754/3825 1848/3753/3826
f 1854/2978/3827 1858/2979/3828 1862/2980/3829 1861/2981/3830 1860/2982/3831 1856/2983/3832 1859/2984/3833
f 1854/2978/3834 1859/2984/3835 1857/2985/3836 1855/2986/3837
f 1863/794/3838 1865/795/3839 1866/796/3840 1864/797/3841
f 1879/798/3842 1875/799/3843 1882/800/3844 1881/801/3845
f 1878/807/3846 1876/804/3847 1885/805/3848 1884/808/3849
f 1880/813/3850 1877/810/3851 1887/811/3852 1886/814/3853
f 1877/810/3854 1878/807/3855 1884/808/3856 1887/811/3857
f 1876/804/3858 1879/798/3859 1881/801/3860 1885/805/3861
f 1874/816/3862 1880/813/3863 1886/814/3864 1883/817/3865
f 1868/818/3866 1873/815/3867 1880/813/3868 1874/816/3869
f 1869/806/3870 1872/802/3871 1879/798/3872 1876/804/3873
f 1871/812/3874 1870/809/3875 1878/807/3876 1877/810/3877
f 1873/815/3878 1871/812/3879 1877/810/3880 1880/813/3881
f 1870/809/3882 1869/806/3883 1876/804/3884 1878/807/3885
f 1872/802/3886 1867/803/3887 1875/799/3888 1879/798/3889
f 1888/3551/3890 1890/3552/3891 1891/3553/3892 1889/3554/3893
f 1898/2987/3894 1897/2988/3895 1893/2989/3896 1892/2990/3897 1895/2991/3898 1894/2992/3899 1896/2993/3900
f 1903/830/3901 1926/829/3902 1925/833/3903 1904/834/3904
f 1937/828/3905 1916/827/3906 1915/831/3907 1938/832/3908
f 1899/819/3909 1924/820/3910 1928/821/3911 1901/822/3912
f 1934/2994/3913 1907/2995/3914 1905/2996/3915 1930/2997/3916
f 1912/823/3917 1935/824/3918 1924/820/3919 1899/819/3920
f 1929/838/3921 1906/837/3922 1910/841/3923 1931/842/3924
f 1901/822/3925 1928/821/3926 1927/825/3927 1902/826/3928
f 1902/826/3929 1927/825/3930 1926/829/3931 1903/830/3932
f 1900/3000/3933 1923/3001/3934 1930/2997/3935 1905/2996/3936
f 1906/837/3937 1929/838/3938 1942/839/3939 1917/840/3940
f 1932/3002/3941 1909/3003/3942 1908/2999/3943 1933/2998/3944
f 1933/2998/3945 1908/2999/3946 1907/2995/3947 1934/2994/3948
f 1935/824/3949 1912/823/3950 1916/827/3951 1937/828/3952
f 1931/842/3953 1910/841/3954 1909/845/3955 1932/846/3956
f 1946/843/3957 1919/844/3958 1917/840/3959 1942/839/3960
f 1944/849/3961 1921/850/3962 1920/848/3963 1945/847/3964
f 1945/847/3965 1920/848/3966 1919/844/3967 1946/843/3968
f 1943/851/3969 1922/852/3970 1921/850/3971 1944/849/3972
f 1940/3004/3973 1913/3005/3974 1911/3006/3975 1936/3007/3976
f 1938/3012/3977 1915/3013/3978 1914/3009/3979 1939/3008/3980
f 1939/3008/3981 1914/3009/3982 1913/3005/3983 1940/3004/3984
f 1941/853/3985 1918/854/3986 1922/852/3987 1943/851/3988
f 1918/3010/3989 1941/3011/3990 1936/3007/3991 1911/3006/3992
f 1904/834/3993 1925/833/3994 1923/835/3995 1900/836/3996
f 1962/855/3997 1955/856/3998 1967/857/3999 1958/858/4000
f 1961/863/4001 1953/864/4002 1950/860/4003 1959/859/4004
f 1963/869/4005 1957/870/4006 1966/867/4007 1960/866/4008
f 1960/866/4009 1966/867/4010 1953/864/4011 1961/863/4012
f 1959/859/4013 1950/860/4014 1955/856/4015 1962/855/4016
f 1965/872/4017 1948/873/4018 1957/870/4019 1963/869/4020
f 1964/875/4021 1965/872/4022 1963/869/4023 1956/874/4024
f 1949/865/4025 1959/859/4026 1962/855/4027 1954/861/4028
f 1952/871/4029 1960/866/4030 1961/863/4031 1951/868/4032
f 1956/874/4033 1963/869/4034 1960/866/4035 1952/871/4036
f 1951/868/4037 1961/863/4038 1959/859/4039 1949/865/4040
f 1954/861/4041 1962/855/4042 1958/858/4043 1947/862/4044
f 1969/3764/4045 1972/3763/4046 1973/3767/4047 1970/3768/4048
f 1972/3763/4049 1969/3764/4050 1968/3765/4051 1971/3766/4052
f 1992/3014/4053 2014/3015/4054 2025/3016/4055 1974/3017/4056
f 2016/3035/4057 1994/3036/4058 1978/3037/4059 2005/3038/4060
f 2001/2100/4061 2012/2105/4062 1981/2106/4063 1974/2101/4064
f 1998/2090/4065 2000/2091/4066 1977/2092/4067 2008/2093/4068
f 1999/2099/4069 2001/2100/4070 1974/2101/4071 2026/2102/4072
f 1994/3036/4073 2018/3041/4074 2027/3042/4075 1978/3037/4076
f 1996/3028/4077 1997/3033/4078 2013/3034/4079 2003/3031/4080
f 2000/2091/4081 2011/2096/4082 2010/2097/4083 1977/2092/4084
f 1992/3014/4085 1993/3021/4086 1984/3024/4087 1982/3018/4088
f 1986/3044/4089 2023/3048/4090 2019/3045/4091 1983/3040/4092
f 2022/3043/4093 1986/3044/4094 1983/3040/4095 2017/3039/4096
f 1989/3022/4097 2020/3023/4098 2015/3019/4099 1982/3018/4100
f 1996/3028/4101 2004/3029/4102 2021/3026/4103 1988/3025/4104
f 1988/3025/4105 2021/3026/4106 2020/3023/4107 1989/3022/4108
f 2006/3049/4109 1995/3050/4110 1987/3047/4111 1985/3046/4112
f 1985/3046/4113 1987/3047/4114 1986/3044/4115 2022/3043/4116
f 1995/3050/4117 2009/3054/4118 2024/3051/4119 1987/3047/4120
f 1987/3047/4121 2024/3051/4122 2023/3048/4123 1986/3044/4124
f 1982/3018/4125 1984/3024/4126 1991/3027/4127 1989/3022/4128
f 1989/3022/4129 1991/3027/4130 1990/3030/4131 1988/3025/4132
f 1974/3017/4133 1981/3020/4134 1993/3021/4135 1992/3014/4136
f 1983/3040/4137 2019/3045/4138 2018/3041/4139 1994/3036/4140
f 2017/3039/4141 1983/3040/4142 1994/3036/4143 2016/3035/4144
f 1982/3018/4145 2015/3019/4146 2014/3015/4147 1992/3014/4148
f 1977/3053/4149 2010/3055/4150 2009/3054/4151 1995/3050/4152
f 2007/3052/4153 1977/3053/4154 1995/3050/4155 2006/3049/4156
f 2003/3031/4157 2002/3032/4158 2004/3029/4159 1996/3028/4160
f 1988/3025/4161 1990/3030/4162 1997/3033/4163 1996/3028/4164
f 1975/2095/4165 1980/2098/4166 2011/2096/4167 2000/2091/4168
f 1979/2103/4169 1978/2104/4170 2001/2100/4171 1999/2099/4172
f 1976/2094/4173 1975/2095/4174 2000/2091/4175 1998/2090/4176
f 1978/2104/4177 2027/2107/4178 2012/2105/4179 2001/2100/4180
f 2040/891/4181 2032/885/4182 2051/892/4183 2041/895/4184
f 2033/882/4185 2029/887/4186 2047/893/4187 2037/888/4188
f 2048/896/4189 2044/897/4190 2053/894/4191 2037/888/4192
f 2030/876/4193 2035/877/4194 2034/878/4195 2028/879/4196
f 2054/2114/4197 2053/2115/4198 2044/2111/4199 2046/2113/4200
f 2036/881/4201 2042/890/4202 2031/886/4203
f 2039/883/4204 2028/879/4205 2034/878/4206 2038/884/4207
f 2042/2108/4208 2043/2109/4209 2031/2110/4210
f 2044/2111/4211 2045/2112/4212 2046/2113/4213
f 2049/2116/4214 2048/2117/4215 2047/2118/4216
f 2039/883/4217 2038/884/4218 2052/889/4219
f 2037/888/4220 2047/893/4221 2048/896/4222
f 2033/882/4223 2036/881/4224 2031/886/4225 2029/887/4226
f 2030/876/4227 2050/880/4228 2035/877/4229
f 2032/885/4230 2050/880/4231 2051/892/4232
f 2036/881/4233 2033/882/4234 2034/878/4235 2035/877/4236
f 2032/885/4237 2036/881/4238 2035/877/4239 2050/880/4240
f 2038/884/4241 2034/878/4242 2033/882/4243 2037/888/4244
f 2052/889/4245 2038/884/4246 2037/888/4247 2053/894/4248
f 2042/890/4249 2036/881/4250 2032/885/4251 2040/891/4252
f 2055/2119/4253 2057/2120/4254 2058/2121/4255 2056/2122/4256
f 2060/2123/4257 2059/2124/4258 2058/2121/4259 2057/2120/4260
f 2063/3821/4261 2062/3822/4262 2061/3823/4263 2064/3824/4264
f 2069/3056/4265 2067/3057/4266 2065/3058/4267 2072/3059/4268
f 2072/3059/4269 2065/3058/4270 2068/3062/4271 2073/3063/4272
f 2074/3060/4273 2070/3061/4274 2067/3057/4275 2069/3056/4276
f 2073/3063/4277 2068/3062/4278 2066/3064/4279 2071/3065/4280
f 2106/3066/4281 2105/3067/4282 2075/3068/4283 2107/3069/4284
f 2109/3080/4285 2110/3081/4286 2111/3082/4287 2108/3083/4288
f 2080/2125/4289 2086/2126/4290 2112/2127/4291 2113/2128/4292
f 2075/3068/4293 2081/3072/4294 2090/3073/4295 2107/3069/4296
f 2111/3082/4297 2096/3084/4298 2118/3085/4299 2108/3083/4300
f 2078/2131/4301 2079/2138/4302 2100/2139/4303 2091/2132/4304
f 2075/3068/4305 2076/3071/4306 2085/3074/4307 2081/3072/4308
f 2105/3067/4309 2077/3070/4310 2076/3071/4311 2075/3068/4312
f 2115/2136/4313 2095/2137/4314 2078/2131/4315 2113/2128/4316
f 2090/3073/4317 2101/3077/4318 2107/3069/4319
f 2095/2137/4320 2119/2146/4321 2079/2138/4322 2078/2131/4323
f 2113/2128/4324 2078/2131/4325 2091/2132/4326 2080/2125/4327
f 2111/3082/4328 2123/3086/4329 2096/3084/4330
f 2091/2132/4331 2094/2133/4332 2082/2130/4333 2080/2125/4334
f 2094/2133/4335 2093/2141/4336 2083/2135/4337 2082/2130/4338
f 2093/2141/4339 2092/2148/4340 2084/2143/4341 2083/2135/4342
f 2092/3075/4343 2090/3073/4344 2081/3072/4345 2084/3076/4346
f 2115/2136/4347 2114/2144/4348 2097/2145/4349 2095/2137/4350
f 2114/2144/4351 2116/2149/4352 2098/2150/4353 2097/2145/4354
f 2116/2149/4355 2117/2153/4356 2099/2154/4357 2098/2150/4358
f 2117/3087/4359 2118/3085/4360 2096/3084/4361 2099/3088/4362
f 2085/3074/4363 2087/3078/4364 2084/3076/4365 2081/3072/4366
f 2087/2142/4367 2088/2134/4368 2083/2135/4369 2084/2143/4370
f 2088/2134/4371 2089/2129/4372 2082/2130/4373 2083/2135/4374
f 2089/2129/4375 2086/2126/4376 2080/2125/4377 2082/2130/4378
f 2095/2137/4379 2097/2145/4380 2120/2151/4381 2119/2146/4382
f 2097/2145/4383 2098/2150/4384 2121/2155/4385 2120/2151/4386
f 2098/2150/4387 2099/2154/4388 2122/2156/4389 2121/2155/4390
f 2099/3088/4391 2096/3084/4392 2123/3086/4393 2122/3089/4394
f 2090/3073/4395 2092/3075/4396 2104/3079/4397 2101/3077/4398
f 2092/2148/4399 2093/2141/4400 2103/2147/4401 2104/2152/4402
f 2093/2141/4403 2094/2133/4404 2102/2140/4405 2103/2147/4406
f 2094/2133/4407 2091/2132/4408 2100/2139/4409 2102/2140/4410
f 2128/3090/4411 2131/3091/4412 2124/3092/4413 2126/3093/4414
f 2131/3091/4415 2132/3094/4416 2127/3095/4417 2124/3092/4418
f 2133/3096/4419 2128/3090/4420 2126/3093/4421 2129/3097/4422
f 2132/3094/4423 2130/3098/4424 2125/3099/4425 2127/3095/4426
f 2141/898/4427 2139/899/4428 2140/900/4429
f 2146/901/4430 2142/902/4431 2141/898/4432 2140/900/4433
f 2144/905/4434 2145/904/4435 2137/906/4436
f 2142/902/4437 2146/901/4438 2143/903/4439
f 2135/907/4440 2136/908/4441 2137/906/4442 2145/904/4443
f 2143/903/4444 2146/901/4445 2145/904/4446 2144/905/4447
f 2135/907/4448 2147/909/4449 2134/910/4450 2136/908/4451
f 2134/910/4452 2147/909/4453 2138/911/4454
f 2153/3773/4455 2150/3777/4456 2154/3778/4457 2155/3774/4458
f 2156/3770/4459 2153/3773/4460 2155/3774/4461 2157/3771/4462
f 2158/3769/4463 2156/3770/4464 2157/3771/4465 2159/3772/4466
f 2159/3772/4467 2149/3775/4468 2148/3776/4469 2158/3769/4470
f 2151/3779/4471 2154/3778/4472 2150/3777/4473 2152/3780/4474
f 2160/912/4475 2161/913/4476 2163/914/4477 2162/915/4478
f 2172/3555/4479 2168/3556/4480 2173/3557/4481 2174/3558/4482
f 2168/3556/4483 2167/3559/4484 2175/3560/4485 2173/3557/4486
f 2167/3559/4487 2166/3563/4488 2176/3564/4489 2175/3560/4490
f 2166/3563/4491 2165/3567/4492 2177/3568/4493 2176/3564/4494
f 2165/3567/4495 2164/3571/4496 2178/3572/4497 2177/3568/4498
f 2179/3591/4499 2169/3595/4500 2180/3596/4501 2181/3592/4502
f 2182/3587/4503 2179/3591/4504 2181/3592/4505 2183/3588/4506
f 2184/3583/4507 2182/3587/4508 2183/3588/4509 2185/3584/4510
f 2186/3579/4511 2184/3583/4512 2185/3584/4513 2187/3580/4514
f 2188/3575/4515 2186/3579/4516 2187/3580/4517 2189/3576/4518
f 2190/3589/4519 2171/3586/4520 2191/3585/4521 2192/3590/4522
f 2193/3593/4523 2190/3589/4524 2192/3590/4525 2194/3594/4526
f 2195/3597/4527 2193/3593/4528 2194/3594/4529 2196/3598/4530
f 2197/3601/4531 2195/3597/4532 2196/3598/4533 2198/3602/4534
f 2199/3600/4535 2197/3601/4536 2198/3602/4537 2200/3599/4538
f 2201/3565/4539 2170/3561/4540 2202/3562/4541 2203/3566/4542
f 2204/3569/4543 2201/3565/4544 2203/3566/4545 2205/3570/4546
f 2206/3573/4547 2204/3569/4548 2205/3570/4549 2207/3574/4550
f 2208/3577/4551 2206/3573/4552 2207/3574/4553 2209/3578/4554
f 2210/3581/4555 2208/3577/4556 2209/3578/4557 2211/3582/4558
f 2164/3571/4559 2188/3575/4560 2189/3576/4561 2178/3572/4562
f 2170/3561/4563 2172/3555/4564 2174/3558/4565 2202/3562/4566
f 2211/3582/4567 2191/3585/4568 2171/3586/4569 2210/3581/4570
f 2200/3599/4571 2180/3596/4572 2169/3595/4573 2199/3600/4574
f 2226/3100/4575 2248/3101/4576 2238/3102/4577 2237/3103/4578
f 2250/3121/4579 2228/3122/4580 2235/3123/4581 2262/3124/4582
f 2234/2167/4583 2247/2172/4584 2215/2173/4585 2237/2168/4586
f 2232/2157/4587 2233/2158/4588 2214/2159/4589 2243/2160/4590
f 2261/2166/4591 2234/2167/4592 2237/2168/4593 2239/2169/4594
f 2228/3122/4595 2252/3127/4596 2259/3128/4597 2235/3123/4598
f 2230/3114/4599 2231/3119/4600 2260/3120/4601 2212/3117/4602
f 2233/2158/4603 2246/2163/4604 2245/2164/4605 2214/2159/4606
f 2226/3100/4607 2227/3107/4608 2218/3110/4609 2216/3104/4610
f 2220/3130/4611 2257/3134/4612 2253/3131/4613 2217/3126/4614
f 2256/3129/4615 2220/3130/4616 2217/3126/4617 2251/3125/4618
f 2223/3108/4619 2254/3109/4620 2249/3105/4621 2216/3104/4622
f 2230/3114/4623 2240/3115/4624 2255/3112/4625 2222/3111/4626
f 2222/3111/4627 2255/3112/4628 2254/3109/4629 2223/3108/4630
f 2241/3135/4631 2229/3136/4632 2221/3133/4633 2219/3132/4634
f 2219/3132/4635 2221/3133/4636 2220/3130/4637 2256/3129/4638
f 2229/3136/4639 2244/3140/4640 2258/3137/4641 2221/3133/4642
f 2221/3133/4643 2258/3137/4644 2257/3134/4645 2220/3130/4646
f 2216/3104/4647 2218/3110/4648 2225/3113/4649 2223/3108/4650
f 2223/3108/4651 2225/3113/4652 2224/3116/4653 2222/3111/4654
f 2237/3103/4655 2215/3106/4656 2227/3107/4657 2226/3100/4658
f 2217/3126/4659 2253/3131/4660 2252/3127/4661 2228/3122/4662
f 2251/3125/4663 2217/3126/4664 2228/3122/4665 2250/3121/4666
f 2216/3104/4667 2249/3105/4668 2248/3101/4669 2226/3100/4670
f 2214/3139/4671 2245/3141/4672 2244/3140/4673 2229/3136/4674
f 2242/3138/4675 2214/3139/4676 2229/3136/4677 2241/3135/4678
f 2212/3117/4679 2236/3118/4680 2240/3115/4681 2230/3114/4682
f 2222/3111/4683 2224/3116/4684 2231/3119/4685 2230/3114/4686
f 2212/2162/4687 2260/2165/4688 2246/2163/4689 2233/2158/4690
f 2263/2170/4691 2235/2171/4692 2234/2167/4693 2261/2166/4694
f 2213/2161/4695 2212/2162/4696 2233/2158/4697 2232/2157/4698
f 2235/2171/4699 2259/2174/4700 2247/2172/4701 2234/2167/4702
f 2272/3142/4703 2265/3143/4704 2270/3144/4705
f 2265/916/4706 2268/917/4707 2271/918/4708 2270/919/4709
f 2268/3145/4710 2273/3146/4711 2271/3147/4712
f 2265/2175/4713 2272/2176/4714 2273/2177/4715 2268/2178/4716
f 2269/3603/4717 2275/3604/4718 2274/3605/4719 2266/3606/4720
f 2266/3606/4721 2270/3609/4722 2271/3610/4723 2269/3603/4724
f 2267/3614/4725 2273/3613/4726 2272/3612/4727 2264/3611/4728
f 2269/3603/4729 2271/3610/4730 2273/3613/4731 2267/3614/4732
f 2264/3611/4733 2272/3612/4734 2270/3609/4735 2266/3606/4736
f 2275/3604/4737 2277/3607/4738 2276/3608/4739 2274/3605/4740
f 2266/3148/4741 2274/3149/4742 2276/3150/4743 2264/3151/4744
f 2264/3615/4745 2276/3616/4746 2277/3617/4747 2267/3618/4748
f 2267/3152/4749 2277/3153/4750 2275/3154/4751 2269/3155/4752
f 2293/920/4753 2286/921/4754 2298/922/4755 2289/923/4756
f 2292/928/4757 2284/929/4758 2281/925/4759 2290/924/4760
f 2294/934/4761 2288/935/4762 2297/932/4763 2291/931/4764
f 2291/931/4765 2297/932/4766 2284/929/4767 2292/928/4768
f 2290/924/4769 2281/925/4770 2286/921/4771 2293/920/4772
f 2296/937/4773 2279/938/4774 2288/935/4775 2294/934/4776
f 2295/940/4777 2296/937/4778 2294/934/4779 2287/939/4780
f 2280/930/4781 2290/924/4782 2293/920/4783 2285/926/4784
f 2283/936/4785 2291/931/4786 2292/928/4787 2282/933/4788
f 2287/939/4789 2294/934/4790 2291/931/4791 2283/936/4792
f 2282/933/4793 2292/928/4794 2290/924/4795 2280/930/4796
f 2285/926/4797 2293/920/4798 2289/923/4799 2278/927/4800
f 2304/2179/4801 2301/2180/4802 2302/2181/4803 2303/2182/4804
f 2304/2179/4805 2299/2183/4806 2305/2185/4807 2306/2186/4808
f 2299/2183/4809 2304/2179/4810 2303/2182/4811 2300/2184/4812
f 2313/3156/4813 2309/3157/4814 2308/3158/4815 2311/3159/4816 2310/3160/4817 2312/3161/4818 2307/3162/4819
f 2324/941/4820 2314/942/4821 2322/943/4822 2316/944/4823
f 2322/943/4824 2314/942/4825 2325/947/4826 2321/948/4827
f 2322/943/4828 2323/949/4829 2319/950/4830 2316/944/4831
f 2323/949/4832 2315/959/4833 2317/958/4834 2318/960/4835
f 2318/960/4836 2326/957/4837 2323/949/4838
f 2326/957/4839 2327/955/4840 2323/949/4841
f 2327/955/4842 2319/950/4843 2323/949/4844
f 2324/941/4845 2330/945/4846 2328/946/4847 2314/942/4848
f 2328/946/4849 2320/954/4850 2325/947/4851 2314/942/4852
f 2328/946/4853 2330/945/4854 2329/951/4855 2333/952/4856 2331/953/4857
f 2331/953/4858 2332/956/4859 2317/958/4860 2315/959/4861
f 2332/956/4862 2331/953/4863 2333/952/4864
f 2349/961/4865 2345/962/4866 2354/963/4867 2342/964/4868
f 2348/970/4869 2346/967/4870 2337/968/4871 2340/971/4872
f 2350/976/4873 2347/973/4874 2353/974/4875 2344/977/4876
f 2347/973/4877 2348/970/4878 2340/971/4879 2353/974/4880
f 2346/967/4881 2349/961/4882 2342/964/4883 2337/968/4884
f 2352/979/4885 2350/976/4886 2344/977/4887 2335/980/4888
f 2351/981/4889 2343/978/4890 2350/976/4891 2352/979/4892
f 2336/969/4893 2341/965/4894 2349/961/4895 2346/967/4896
f 2339/975/4897 2338/972/4898 2348/970/4899 2347/973/4900
f 2343/978/4901 2339/975/4902 2347/973/4903 2350/976/4904
f 2338/972/4905 2336/969/4906 2346/967/4907 2348/970/4908
f 2341/965/4909 2334/966/4910 2345/962/4911 2349/961/4912
f 2357/2187/4913 2358/2188/4914 2356/2189/4915 2355/2190/4916
f 2361/982/4917 2362/983/4918 2365/984/4919 2366/985/4920
f 2362/983/4921 2360/986/4922 2364/987/4923 2365/984/4924
f 2360/986/4925 2359/988/4926 2363/989/4927 2364/987/4928
f 2359/988/4929 2361/982/4930 2366/985/4931 2363/989/4932
f 2371/2191/4933 2372/2192/4934 2370/2193/4935 2369/2194/4936
f 2368/2195/4937 2371/2191/4938 2369/2194/4939 2367/2196/4940
f 2374/2197/4941 2375/2198/4942 2373/2199/4943
f 2385/990/4944 2384/991/4945 2377/992/4946 2380/993/4947
f 2376/2200/4948 2381/2201/4949 2383/2202/4950 2378/2203/4951
f 2387/2204/4952 2386/2205/4953 2381/2201/4954 2376/2200/4955
f 2379/994/4956 2382/995/4957 2380/993/4958 2377/992/4959
f 2378/996/4960 2383/997/4961 2382/995/4962 2379/994/4963
f 2390/998/4964 2395/999/4965 2394/1000/4966 2391/1001/4967
f 2391/1001/4968 2394/1000/4969 2393/1004/4970 2389/1005/4971
f 2389/1005/4972 2393/1004/4973 2392/1003/4974 2388/1002/4975
f 2388/1002/4976 2392/1003/4977 2395/999/4978 2390/998/4979
f 2396/3163/4980 2414/3164/4981 2419/3165/4982 2400/3166/4983
f 2453/2206/4984 2416/2207/4985 2435/2208/4986 2420/2209/4987
f 2420/2209/4988 2435/2208/4989 2444/2212/4990 2428/2213/4991
f 2415/3179/4992 2397/3180/4993 2403/3181/4994 2436/3182/4995
f 2399/1006/4996 2404/1007/4997 2407/1008/4998 2452/1009/4999
f 2428/1034/5000 2444/1035/5001 2448/1026/5002 2432/1025/5003
f 2403/3181/5004 2397/3180/5005 2451/3183/5006 2408/3184/5007
f 2396/3163/5008 2400/3166/5009 2411/3171/5010 2398/3172/5011
f 2399/1006/5012 2423/1010/5013 2425/1011/5014 2426/1012/5015 2424/1013/5016 2439/1014/5017 2441/1015/5018 2442/1016/5019 2440/1017/5020 2404/1007/5021
f 2436/1043/5022 2403/1039/5023 2405/1030/5024 2443/1038/5025
f 2432/1025/5026 2448/1026/5027 2439/1014/5028 2424/1013/5029
f 2427/3169/5030 2402/3170/5031 2400/3166/5032 2419/3165/5033
f 2431/3174/5034 2401/3175/5035 2402/3170/5036 2427/3169/5037
f 2423/1010/5038 2399/1006/5039 2401/1021/5040 2431/1022/5041
f 2447/1029/5042 2406/1018/5043 2404/1007/5044 2440/1017/5045
f 2443/1038/5046 2405/1030/5047 2406/1018/5048 2447/1029/5049
f 2399/1006/5050 2452/1009/5051 2413/1020/5052 2401/1021/5053
f 2401/3175/5054 2413/3178/5055 2412/3176/5056 2402/3170/5057
f 2402/3170/5058 2412/3176/5059 2411/3171/5060 2400/3166/5061
f 2407/1008/5062 2404/1007/5063 2406/1018/5064 2409/1019/5065
f 2409/1019/5066 2406/1018/5067 2405/1030/5068 2410/1031/5069
f 2410/1031/5070 2405/1030/5071 2403/1039/5072 2408/1040/5073
f 2432/1025/5074 2424/1013/5075 2426/1012/5076 2434/1024/5077
f 2434/1024/5078 2426/1012/5079 2425/1011/5080 2433/1023/5081
f 2433/1023/5082 2425/1011/5083 2423/1010/5084 2431/1022/5085
f 2428/1034/5086 2432/1025/5087 2434/1024/5088 2430/1032/5089
f 2430/1032/5090 2434/1024/5091 2433/1023/5092 2429/1033/5093
f 2429/3173/5094 2433/3177/5095 2431/3174/5096 2427/3169/5097
f 2420/2209/5098 2428/2213/5099 2430/2219/5100 2422/2214/5101
f 2422/2214/5102 2430/2219/5103 2429/2222/5104 2421/2220/5105
f 2421/3168/5106 2429/3173/5107 2427/3169/5108 2419/3165/5109
f 2436/1043/5110 2443/1038/5111 2445/1037/5112 2438/1041/5113
f 2438/1041/5114 2445/1037/5115 2446/1036/5116 2437/1042/5117
f 2437/2211/5118 2446/2218/5119 2444/2212/5120 2435/2208/5121
f 2443/1038/5122 2447/1029/5123 2449/1028/5124 2445/1037/5125
f 2445/1037/5126 2449/1028/5127 2450/1027/5128 2446/1036/5129
f 2446/1036/5130 2450/1027/5131 2448/1026/5132 2444/1035/5133
f 2447/1029/5134 2440/1017/5135 2442/1016/5136 2449/1028/5137
f 2449/1028/5138 2442/1016/5139 2441/1015/5140 2450/1027/5141
f 2450/1027/5142 2441/1015/5143 2439/1014/5144 2448/1026/5145
f 2453/2206/5146 2420/2209/5147 2422/2214/5148 2454/2215/5149
f 2454/2215/5150 2422/2214/5151 2421/2220/5152 2455/2221/5153
f 2455/3167/5154 2421/3168/5155 2419/3165/5156 2414/3164/5157
f 2415/3179/5158 2436/3182/5159 2438/3185/5160 2417/3186/5161
f 2417/2216/5162 2438/2217/5163 2437/2211/5164 2418/2210/5165
f 2418/2210/5166 2437/2211/5167 2435/2208/5168 2416/2207/5169
f 2457/1044/5170 2456/1045/5171 2459/1046/5172 2458/1047/5173
f 2459/1046/5174 2456/1045/5175 2462/1048/5176 2461/1049/5177 2463/1050/5178 2464/1051/5179 2465/1052/5180 2460/1053/5181
f 2481/3187/5182 2504/3188/5183 2492/3189/5184 2467/3190/5185
f 2506/3208/5186 2483/3209/5187 2490/3210/5188 2518/3211/5189
f 2489/2233/5190 2503/2238/5191 2470/2239/5192 2467/2234/5193
f 2487/2223/5194 2488/2224/5195 2498/2225/5196 2497/2226/5197
f 2517/2232/5198 2489/2233/5199 2467/2234/5200 2493/2235/5201
f 2483/3209/5202 2508/3214/5203 2515/3215/5204 2490/3210/5205
f 2485/3201/5206 2486/3206/5207 2516/3207/5208 2466/3204/5209
f 2488/2224/5210 2502/2229/5211 2501/2230/5212 2498/2225/5213
f 2481/3187/5214 2482/3194/5215 2473/3197/5216 2471/3191/5217
f 2475/3217/5218 2513/3221/5219 2509/3218/5220 2472/3213/5221
f 2512/3216/5222 2475/3217/5223 2472/3213/5224 2507/3212/5225
f 2478/3195/5226 2510/3196/5227 2505/3192/5228 2471/3191/5229
f 2485/3201/5230 2494/3202/5231 2511/3199/5232 2477/3198/5233
f 2477/3198/5234 2511/3199/5235 2510/3196/5236 2478/3195/5237
f 2495/3222/5238 2484/3223/5239 2476/3220/5240 2474/3219/5241
f 2474/3219/5242 2476/3220/5243 2475/3217/5244 2512/3216/5245
f 2484/3223/5246 2499/3227/5247 2514/3224/5248 2476/3220/5249
f 2476/3220/5250 2514/3224/5251 2513/3221/5252 2475/3217/5253
f 2471/3191/5254 2473/3197/5255 2480/3200/5256 2478/3195/5257
f 2478/3195/5258 2480/3200/5259 2479/3203/5260 2477/3198/5261
f 2467/3190/5262 2470/3193/5263 2482/3194/5264 2481/3187/5265
f 2472/3213/5266 2509/3218/5267 2508/3214/5268 2483/3209/5269
f 2507/3212/5270 2472/3213/5271 2483/3209/5272 2506/3208/5273
f 2471/3191/5274 2505/3192/5275 2504/3188/5276 2481/3187/5277
f 2469/3226/5278 2500/3228/5279 2499/3227/5280 2484/3223/5281
f 2496/3225/5282 2469/3226/5283 2484/3223/5284 2495/3222/5285
f 2466/3204/5286 2491/3205/5287 2494/3202/5288 2485/3201/5289
f 2477/3198/5290 2479/3203/5291 2486/3206/5292 2485/3201/5293
f 2466/2228/5294 2516/2231/5295 2502/2229/5296 2488/2224/5297
f 2519/2236/5298 2490/2237/5299 2489/2233/5300 2517/2232/5301
f 2468/2227/5302 2466/2228/5303 2488/2224/5304 2487/2223/5305
f 2490/2237/5306 2515/2240/5307 2503/2238/5308 2489/2233/5309
f 2526/3229/5310 2524/3230/5311 2522/3231/5312 2523/3232/5313 2520/3233/5314 2521/3234/5315 2525/3235/5316
f 2542/3236/5317 2565/3237/5318 2554/3238/5319 2553/3239/5320
f 2567/3257/5321 2544/3258/5322 2580/3259/5323 2578/3260/5324
f 2550/2251/5325 2563/2256/5326 2531/2257/5327 2553/2252/5328
f 2548/2241/5329 2549/2242/5330 2529/2243/5331 2559/2244/5332
f 2577/2250/5333 2550/2251/5334 2553/2252/5335 2555/2253/5336
f 2544/3258/5337 2569/3263/5338 2576/3264/5339 2580/3259/5340
f 2546/3250/5341 2547/3255/5342 2564/3256/5343 2552/3253/5344
f 2549/2242/5345 2562/2247/5346 2561/2248/5347 2529/2243/5348
f 2542/3236/5349 2543/3243/5350 2534/3246/5351 2532/3240/5352
f 2536/3266/5353 2574/3270/5354 2570/3267/5355 2533/3262/5356
f 2573/3265/5357 2536/3266/5358 2533/3262/5359 2568/3261/5360
f 2539/3244/5361 2571/3245/5362 2566/3241/5363 2532/3240/5364
f 2546/3250/5365 2556/3251/5366 2572/3248/5367 2538/3247/5368
f 2538/3247/5369 2572/3248/5370 2571/3245/5371 2539/3244/5372
f 2557/3271/5373 2545/3272/5374 2537/3269/5375 2535/3268/5376
f 2535/3268/5377 2537/3269/5378 2536/3266/5379 2573/3265/5380
f 2545/3272/5381 2560/3276/5382 2575/3273/5383 2537/3269/5384
f 2537/3269/5385 2575/3273/5386 2574/3270/5387 2536/3266/5388
f 2532/3240/5389 2534/3246/5390 2541/3249/5391 2539/3244/5392
f 2539/3244/5393 2541/3249/5394 2540/3252/5395 2538/3247/5396
f 2553/3239/5397 2531/3242/5398 2543/3243/5399 2542/3236/5400
f 2533/3262/5401 2570/3267/5402 2569/3263/5403 2544/3258/5404
f 2568/3261/5405 2533/3262/5406 2544/3258/5407 2567/3257/5408
f 2532/3240/5409 2566/3241/5410 2565/3237/5411 2542/3236/5412
f 2529/3275/5413 2561/3277/5414 2560/3276/5415 2545/3272/5416
f 2558/3274/5417 2529/3275/5418 2545/3272/5419 2557/3271/5420
f 2552/3253/5421 2551/3254/5422 2556/3251/5423 2546/3250/5424
f 2538/3247/5425 2540/3252/5426 2547/3255/5427 2546/3250/5428
f 2527/2246/5429 2530/2249/5430 2562/2247/5431 2549/2242/5432
f 2579/2254/5433 2580/2255/5434 2550/2251/5435 2577/2250/5436
f 2528/2245/5437 2527/2246/5438 2549/2242/5439 2548/2241/5440
f 2580/2255/5441 2576/2258/5442 2563/2256/5443 2550/2251/5444
f 2595/1054/5445 2589/1055/5446 2600/1056/5447 2599/1057/5448
f 2594/1062/5449 2587/1063/5450 2584/1059/5451 2592/1058/5452
f 2596/1068/5453 2591/1069/5454 2601/1066/5455 2593/1065/5456
f 2593/1065/5457 2601/1066/5458 2587/1063/5459 2594/1062/5460
f 2592/1058/5461 2584/1059/5462 2589/1055/5463 2595/1054/5464
f 2598/1071/5465 2582/1072/5466 2591/1069/5467 2596/1068/5468
f 2597/1074/5469 2598/1071/5470 2596/1068/5471 2590/1073/5472
f 2583/1064/5473 2592/1058/5474 2595/1054/5475 2588/1060/5476
f 2586/1070/5477 2593/1065/5478 2594/1062/5479 2585/1067/5480
f 2590/1073/5481 2596/1068/5482 2593/1065/5483 2586/1070/5484
f 2585/1067/5485 2594/1062/5486 2592/1058/5487 2583/1064/5488
f 2588/1060/5489 2595/1054/5490 2599/1057/5491 2581/1061/5492
f 2616/3278/5493 2627/3279/5494 2628/3280/5495 2640/3281/5496
f 2642/3299/5497 2654/3300/5498 2625/3301/5499 2618/3302/5500
f 2624/2271/5501 2627/2270/5502 2605/2272/5503 2639/2273/5504
f 2622/2259/5505 2633/2260/5506 2634/2261/5507 2623/2262/5508
f 2653/2268/5509 2629/2269/5510 2627/2270/5511 2624/2271/5512
f 2618/3302/5513 2625/3301/5514 2651/3303/5515 2644/3304/5516
f 2620/3293/5517 2602/3296/5518 2652/3298/5519 2621/3295/5520
f 2623/2262/5521 2634/2261/5522 2637/2263/5523 2638/2264/5524
f 2616/3278/5525 2606/3284/5526 2608/3286/5527 2617/3282/5528
f 2610/3309/5529 2607/3306/5530 2645/3307/5531 2649/3310/5532
f 2648/3308/5533 2643/3305/5534 2607/3306/5535 2610/3309/5536
f 2613/3287/5537 2606/3284/5538 2641/3285/5539 2646/3288/5540
f 2620/3293/5541 2612/3290/5542 2647/3291/5543 2630/3294/5544
f 2612/3290/5545 2613/3287/5546 2646/3288/5547 2647/3291/5548
f 2631/3314/5549 2609/3311/5550 2611/3312/5551 2619/3315/5552
f 2609/3311/5553 2648/3308/5554 2610/3309/5555 2611/3312/5556
f 2619/3315/5557 2611/3312/5558 2650/3313/5559 2635/3316/5560
f 2611/3312/5561 2610/3309/5562 2649/3310/5563 2650/3313/5564
f 2606/3284/5565 2613/3287/5566 2615/3289/5567 2608/3286/5568
f 2613/3287/5569 2612/3290/5570 2614/3292/5571 2615/3289/5572
f 2627/3279/5573 2616/3278/5574 2617/3282/5575 2605/3283/5576
f 2607/3306/5577 2618/3302/5578 2644/3304/5579 2645/3307/5580
f 2643/3305/5581 2642/3299/5582 2618/3302/5583 2607/3306/5584
f 2606/3284/5585 2616/3278/5586 2640/3281/5587 2641/3285/5588
f 2604/3318/5589 2619/3315/5590 2635/3316/5591 2636/3319/5592
f 2632/3317/5593 2631/3314/5594 2619/3315/5595 2604/3318/5596
f 2602/3296/5597 2620/3293/5598 2630/3294/5599 2626/3297/5600
f 2612/3290/5601 2620/3293/5602 2621/3295/5603 2614/3292/5604
f 2602/2266/5605 2623/2262/5606 2638/2264/5607 2652/2267/5608
f 2655/2274/5609 2653/2268/5610 2624/2271/5611 2625/2275/5612
f 2603/2265/5613 2622/2259/5614 2623/2262/5615 2602/2266/5616
f 2625/2275/5617 2624/2271/5618 2639/2273/5619 2651/2276/5620
f 2663/3789/5621 2661/3787/5622 2664/3788/5623 2665/3790/5624
f 2661/3787/5625 2660/3781/5626 2666/3784/5627 2664/3788/5628
f 2660/3781/5629 2659/3782/5630 2667/3783/5631 2666/3784/5632
f 2662/3791/5633 2663/3789/5634 2665/3790/5635 2658/3792/5636
f 2659/3782/5637 2657/3785/5638 2656/3786/5639 2667/3783/5640
f 2669/1075/5641 2671/1076/5642 2670/1077/5643 2668/1078/5644
f 2675/3320/5645 2674/3321/5646 2705/3322/5647 2708/3323/5648
f 2672/1079/5649 2807/1080/5650 2687/1081/5651 2693/1082/5652
f 2678/1127/5653 2677/1128/5654 2720/1129/5655 2723/1130/5656
f 2814/3340/5657 2681/3341/5658 2735/3342/5659 2738/3343/5660
f 2816/1097/5661 2684/1105/5662 2750/1106/5663 2753/1098/5664
f 2810/3324/5665 2809/3330/5666 2699/3331/5667 2702/3325/5668
f 2676/1131/5669 2812/1137/5670 2714/1138/5671 2717/1132/5672
f 2680/1153/5673 2679/1143/5674 2729/1144/5675 2732/1154/5676
f 2683/3355/5677 2682/3351/5678 2744/3352/5679 2747/3356/5680
f 2673/1087/5681 2672/1079/5682 2693/1082/5683 2696/1088/5684
f 2808/1083/5685 2685/1089/5686 2756/1090/5687 2690/1084/5688
f 2811/3328/5689 2675/3320/5690 2708/3323/5691 2711/3329/5692
f 2813/1135/5693 2678/1127/5694 2723/1130/5695 2726/1136/5696
f 2815/3346/5697 2814/3340/5698 2738/3343/5699 2741/3347/5700
f 2685/1089/5701 2816/1097/5702 2753/1098/5703 2756/1090/5704
f 2674/3321/5705 2810/3324/5706 2702/3325/5707 2705/3322/5708
f 2677/1128/5709 2676/1131/5710 2717/1132/5711 2720/1129/5712
f 2681/1163/5713 2680/1153/5714 2732/1154/5715 2735/1164/5716
f 2684/1105/5717 2683/1114/5718 2747/1115/5719 2750/1106/5720
f 2809/1095/5721 2673/1087/5722 2696/1088/5723 2699/1096/5724
f 2812/1137/5725 2811/1145/5726 2711/1146/5727 2714/1138/5728
f 2679/1143/5729 2813/1135/5730 2726/1136/5731 2729/1144/5732
f 2682/3351/5733 2815/3346/5734 2741/3347/5735 2744/3352/5736
f 2687/1081/5737 2690/1084/5738 2691/1091/5739 2689/1085/5740
f 2689/1085/5741 2691/1091/5742 2692/1100/5743 2688/1092/5744
f 2759/2277/5745 2762/2278/5746 2686/2279/5747
f 2763/2281/5748 2759/2277/5749 2686/2279/5750
f 2693/1082/5751 2687/1081/5752 2689/1085/5753 2695/1086/5754
f 2695/1086/5755 2689/1085/5756 2688/1092/5757 2694/1093/5758
f 2688/1092/5759 2692/1100/5760 2761/1109/5761 2760/1101/5762
f 2762/2278/5763 2805/2280/5764 2686/2279/5765
f 2696/1088/5766 2693/1082/5767 2695/1086/5768 2698/1094/5769
f 2698/1094/5770 2695/1086/5771 2694/1093/5772 2697/1103/5773
f 2767/2287/5774 2765/2283/5775 2686/2279/5776
f 2697/1103/5777 2694/1093/5778 2764/1102/5779 2766/1112/5780
f 2699/1096/5781 2696/1088/5782 2698/1094/5783 2701/1104/5784
f 2701/1104/5785 2698/1094/5786 2697/1103/5787 2700/1113/5788
f 2769/2292/5789 2767/2287/5790 2686/2279/5791
f 2700/2296/5792 2697/2297/5793 2766/2285/5794 2768/2291/5795
f 2702/3325/5796 2699/3331/5797 2701/3336/5798 2704/3332/5799
f 2704/3332/5800 2701/3336/5801 2700/3339/5802 2703/3337/5803
f 2771/2298/5804 2769/2292/5805 2686/2279/5806
f 2703/2304/5807 2700/2296/5808 2768/2291/5809 2770/2295/5810
f 2705/3322/5811 2702/3325/5812 2704/3332/5813 2707/3326/5814
f 2707/3326/5815 2704/3332/5816 2703/3337/5817 2706/3333/5818
f 2773/2305/5819 2771/2298/5820 2686/2279/5821
f 2706/2310/5822 2703/2304/5823 2770/2295/5824 2772/2303/5825
f 2708/3323/5826 2705/3322/5827 2707/3326/5828 2710/3327/5829
f 2710/3327/5830 2707/3326/5831 2706/3333/5832 2709/3334/5833
f 2775/2311/5834 2773/2305/5835 2686/2279/5836
f 2709/2316/5837 2706/2310/5838 2772/2303/5839 2774/2309/5840
f 2711/3329/5841 2708/3323/5842 2710/3327/5843 2713/3335/5844
f 2713/3335/5845 2710/3327/5846 2709/3334/5847 2712/3338/5848
f 2777/2317/5849 2775/2311/5850 2686/2279/5851
f 2712/2322/5852 2709/2316/5853 2774/2309/5854 2776/2315/5855
f 2714/1138/5856 2711/1146/5857 2713/1155/5858 2716/1147/5859
f 2716/1147/5860 2713/1155/5861 2712/1165/5862 2715/1156/5863
f 2779/2323/5864 2777/2317/5865 2686/2279/5866
f 2715/2328/5867 2712/2322/5868 2776/2315/5869 2778/2321/5870
f 2717/1132/5871 2714/1138/5872 2716/1147/5873 2719/1139/5874
f 2719/1139/5875 2716/1147/5876 2715/1156/5877 2718/1148/5878
f 2781/2329/5879 2779/2323/5880 2686/2279/5881
f 2718/1148/5882 2715/1156/5883 2778/1166/5884 2780/1157/5885
f 2720/1129/5886 2717/1132/5887 2719/1139/5888 2722/1133/5889
f 2722/1133/5890 2719/1139/5891 2718/1148/5892 2721/1140/5893
f 2783/2333/5894 2781/2329/5895 2686/2279/5896
f 2721/1140/5897 2718/1148/5898 2780/1157/5899 2782/1149/5900
f 2723/1130/5901 2720/1129/5902 2722/1133/5903 2725/1134/5904
f 2725/1134/5905 2722/1133/5906 2721/1140/5907 2724/1141/5908
f 2785/2332/5909 2783/2333/5910 2686/2279/5911
f 2724/1141/5912 2721/1140/5913 2782/1149/5914 2784/1150/5915
f 2726/1136/5916 2723/1130/5917 2725/1134/5918 2728/1142/5919
f 2728/1142/5920 2725/1134/5921 2724/1141/5922 2727/1151/5923
f 2787/2326/5924 2785/2332/5925 2686/2279/5926
f 2727/1151/5927 2724/1141/5928 2784/1150/5929 2786/1160/5930
f 2729/1144/5931 2726/1136/5932 2728/1142/5933 2731/1152/5934
f 2731/1152/5935 2728/1142/5936 2727/1151/5937 2730/1161/5938
f 2789/2320/5939 2787/2326/5940 2686/2279/5941
f 2730/1161/5942 2727/1151/5943 2786/1160/5944 2788/1169/5945
f 2732/1154/5946 2729/1144/5947 2731/1152/5948 2734/1162/5949
f 2734/1162/5950 2731/1152/5951 2730/1161/5952 2733/1170/5953
f 2791/2314/5954 2789/2320/5955 2686/2279/5956
f 2733/1170/5957 2730/1161/5958 2788/1169/5959 2790/1173/5960
f 2735/1164/5961 2732/1154/5962 2734/1162/5963 2737/1171/5964
f 2737/1171/5965 2734/1162/5966 2733/1170/5967 2736/1174/5968
f 2793/2308/5969 2791/2314/5970 2686/2279/5971
f 2736/2324/5972 2733/2330/5973 2790/2325/5974 2792/2319/5975
f 2738/3343/5976 2735/3342/5977 2737/3344/5978 2740/3345/5979
f 2740/3345/5980 2737/3344/5981 2736/3348/5982 2739/3349/5983
f 2795/2302/5984 2793/2308/5985 2686/2279/5986
f 2739/2318/5987 2736/2324/5988 2792/2319/5989 2794/2313/5990
f 2741/3347/5991 2738/3343/5992 2740/3345/5993 2743/3350/5994
f 2743/3350/5995 2740/3345/5996 2739/3349/5997 2742/3353/5998
f 2797/2294/5999 2795/2302/6000 2686/2279/6001
f 2742/2312/6002 2739/2318/6003 2794/2313/6004 2796/2307/6005
f 2744/3352/6006 2741/3347/6007 2743/3350/6008 2746/3354/6009
f 2746/3354/6010 2743/3350/6011 2742/3353/6012 2745/3357/6013
f 2799/2290/6014 2797/2294/6015 2686/2279/6016
f 2745/2306/6017 2742/2312/6018 2796/2307/6019 2798/2301/6020
f 2747/3356/6021 2744/3352/6022 2746/3354/6023 2749/3358/6024
f 2749/3358/6025 2746/3354/6026 2745/3357/6027 2748/3359/6028
f 2801/2284/6029 2799/2290/6030 2686/2279/6031
f 2748/2300/6032 2745/2306/6033 2798/2301/6034 2800/2293/6035
f 2750/1106/6036 2747/1115/6037 2749/1120/6038 2752/1116/6039
f 2752/1116/6040 2749/1120/6041 2748/1124/6042 2751/1121/6043
f 2803/2282/6044 2801/2284/6045 2686/2279/6046
f 2751/2299/6047 2748/2300/6048 2800/2293/6049 2802/2289/6050
f 2753/1098/6051 2750/1106/6052 2752/1116/6053 2755/1107/6054
f 2755/1107/6055 2752/1116/6056 2751/1121/6057 2754/1117/6058
f 2805/2280/6059 2803/2282/6060 2686/2279/6061
f 2754/1117/6062 2751/1121/6063 2802/1125/6064 2804/1122/6065
f 2756/1090/6066 2753/1098/6067 2755/1107/6068 2758/1099/6069
f 2758/1099/6070 2755/1107/6071 2754/1117/6072 2757/1108/6073
f 2757/1108/6074 2754/1117/6075 2804/1122/6076 2806/1118/6077
f 2690/1084/6078 2756/1090/6079 2758/1099/6080 2691/1091/6081
f 2691/1091/6082 2758/1099/6083 2757/1108/6084 2692/1100/6085
f 2765/2283/6086 2763/2281/6087 2686/2279/6088
f 2692/1100/6089 2757/1108/6090 2806/1118/6091 2761/1109/6092
f 2807/1080/6093 2808/1083/6094 2690/1084/6095 2687/1081/6096
f 2762/1119/6097 2759/1110/6098 2760/1101/6099 2761/1109/6100
f 2759/1110/6101 2763/1111/6102 2764/1102/6103 2760/1101/6104
f 2763/2281/6105 2765/2283/6106 2766/2285/6107 2764/2286/6108
f 2765/2283/6109 2767/2287/6110 2768/2291/6111 2766/2285/6112
f 2767/2287/6113 2769/2292/6114 2770/2295/6115 2768/2291/6116
f 2769/2292/6117 2771/2298/6118 2772/2303/6119 2770/2295/6120
f 2771/2298/6121 2773/2305/6122 2774/2309/6123 2772/2303/6124
f 2773/2305/6125 2775/2311/6126 2776/2315/6127 2774/2309/6128
f 2775/2311/6129 2777/2317/6130 2778/2321/6131 2776/2315/6132
f 2777/2317/6133 2779/2323/6134 2780/2327/6135 2778/2321/6136
f 2779/1167/6137 2781/1158/6138 2782/1149/6139 2780/1157/6140
f 2781/1158/6141 2783/1159/6142 2784/1150/6143 2782/1149/6144
f 2783/1159/6145 2785/1168/6146 2786/1160/6147 2784/1150/6148
f 2785/1168/6149 2787/1172/6150 2788/1169/6151 2786/1160/6152
f 2787/2326/6153 2789/2320/6154 2790/2325/6155 2788/2331/6156
f 2789/2320/6157 2791/2314/6158 2792/2319/6159 2790/2325/6160
f 2791/2314/6161 2793/2308/6162 2794/2313/6163 2792/2319/6164
f 2793/2308/6165 2795/2302/6166 2796/2307/6167 2794/2313/6168
f 2795/2302/6169 2797/2294/6170 2798/2301/6171 2796/2307/6172
f 2797/2294/6173 2799/2290/6174 2800/2293/6175 2798/2301/6176
f 2799/2290/6177 2801/2284/6178 2802/2289/6179 2800/2293/6180
f 2801/2284/6181 2803/2282/6182 2804/2288/6183 2802/2289/6184
f 2803/1126/6185 2805/1123/6186 2806/1118/6187 2804/1122/6188
f 2805/1123/6189 2762/1119/6190 2761/1109/6191 2806/1118/6192
f 2694/1093/6193 2688/1092/6194 2760/1101/6195 2764/1102/6196
f 2818/3619/6197 2819/3620/6198 2820/3621/6199 2817/3622/6200
f 2824/1175/6201 2825/1176/6202 2826/1177/6203 2822/1178/6204
f 2822/1178/6205 2827/1179/6206 2823/1180/6207 2821/1181/6208
f 2827/1179/6209 2822/1178/6210 2826/1177/6211
f 2837/3800/6212 2833/3799/6213 2832/3801/6214 2830/3802/6215
f 2838/3796/6216 2834/3795/6217 2833/3799/6218 2837/3800/6219
f 2839/3793/6220 2835/3794/6221 2834/3795/6222 2838/3796/6223
f 2835/3794/6224 2839/3793/6225 2829/3797/6226 2828/3798/6227
f 2831/3803/6228 2836/3804/6229 2830/3802/6230 2832/3801/6231
f 2843/3623/6232 2841/3624/6233 2840/3625/6234 2845/3626/6235
f 2844/3627/6236 2845/3626/6237 2840/3625/6238 2842/3628/6239
f 2846/1182/6240 2847/1183/6241 2848/1184/6242 2849/1185/6243
f 2847/1183/6244 2850/1186/6245 2851/1187/6246 2848/1184/6247
f 2850/1186/6248 2852/1190/6249 2853/1191/6250 2851/1187/6251
f 2852/1190/6252 2854/1194/6253 2889/1195/6254 2853/1191/6255
f 2854/3360/6256 2855/3361/6257 2856/3362/6258 2889/3363/6259
f 2855/3361/6260 2857/3364/6261 2858/3365/6262 2856/3362/6263
f 2857/3364/6264 2859/3366/6265 2860/3367/6266 2858/3365/6267
f 2859/3366/6268 2861/3368/6269 2890/3369/6270 2860/3367/6271
f 2861/1210/6272 2862/1206/6273 2863/1207/6274 2890/1211/6275
f 2862/1206/6276 2864/1200/6277 2865/1203/6278 2863/1207/6279
f 2864/1200/6280 2866/1201/6281 2867/1202/6282 2865/1203/6283
f 2866/1201/6284 2868/1204/6285 2869/1205/6286 2867/1202/6287
f 2868/1204/6288 2870/1208/6289 2891/1209/6290 2869/1205/6291
f 2870/1208/6292 2871/1212/6293 2872/1213/6294 2891/1209/6295
f 2871/1212/6296 2873/1214/6297 2874/1215/6298 2872/1213/6299
f 2873/1214/6300 2875/1216/6301 2876/1217/6302 2874/1215/6303
f 2875/3370/6304 2877/3371/6305 2892/3372/6306 2876/3373/6307
f 2877/3371/6308 2878/3374/6309 2879/3375/6310 2892/3372/6311
f 2878/3374/6312 2880/3376/6313 2881/3377/6314 2879/3375/6315
f 2880/3376/6316 2882/3378/6317 2883/3379/6318 2881/3377/6319
f 2882/1198/6320 2884/1196/6321 2885/1197/6322 2883/1199/6323
f 2884/1196/6324 2886/1192/6325 2893/1193/6326 2885/1197/6327
f 2886/1192/6328 2887/1188/6329 2888/1189/6330 2893/1193/6331
f 2887/1188/6332 2846/1182/6333 2849/1185/6334 2888/1189/6335
f 2894/3380/6336 2902/3381/6337 2897/3382/6338 2899/3383/6339 2900/3384/6340 2898/3385/6341 2901/3386/6342
f 2894/3380/6343 2901/3386/6344 2896/3387/6345 2895/3388/6346
f 2905/3805/6347 2903/3806/6348 2906/3807/6349 2904/3808/6350
f 2921/3389/6351 2932/3390/6352 2933/3391/6353 2943/3392/6354
f 2945/3410/6355 2957/3411/6356 2930/3412/6357 2923/3413/6358
f 2929/2346/6359 2932/2345/6360 2910/2347/6361 2942/2348/6362
f 2927/2334/6363 2938/2335/6364 2909/2336/6365 2928/2337/6366
f 2956/2343/6367 2934/2344/6368 2932/2345/6369 2929/2346/6370
f 2923/3413/6371 2930/3412/6372 2954/3414/6373 2947/3415/6374
f 2925/3404/6375 2907/3407/6376 2955/3409/6377 2926/3406/6378
f 2928/2337/6379 2909/2336/6380 2940/2338/6381 2941/2339/6382
f 2921/3389/6383 2911/3395/6384 2913/3397/6385 2922/3393/6386
f 2915/3420/6387 2912/3417/6388 2948/3418/6389 2952/3421/6390
f 2951/3419/6391 2946/3416/6392 2912/3417/6393 2915/3420/6394
f 2918/3398/6395 2911/3395/6396 2944/3396/6397 2949/3399/6398
f 2925/3404/6399 2917/3401/6400 2950/3402/6401 2935/3405/6402
f 2917/3401/6403 2918/3398/6404 2949/3399/6405 2950/3402/6406
f 2936/3425/6407 2914/3422/6408 2916/3423/6409 2924/3426/6410
f 2914/3422/6411 2951/3419/6412 2915/3420/6413 2916/3423/6414
f 2924/3426/6415 2916/3423/6416 2953/3424/6417 2939/3427/6418
f 2916/3423/6419 2915/3420/6420 2952/3421/6421 2953/3424/6422
f 2911/3395/6423 2918/3398/6424 2920/3400/6425 2913/3397/6426
f 2918/3398/6427 2917/3401/6428 2919/3403/6429 2920/3400/6430
f 2932/3390/6431 2921/3389/6432 2922/3393/6433 2910/3394/6434
f 2912/3417/6435 2923/3413/6436 2947/3415/6437 2948/3418/6438
f 2946/3416/6439 2945/3410/6440 2923/3413/6441 2912/3417/6442
f 2911/3395/6443 2921/3389/6444 2943/3392/6445 2944/3396/6446
f 2909/3429/6447 2924/3426/6448 2939/3427/6449 2940/3430/6450
f 2937/3428/6451 2936/3425/6452 2924/3426/6453 2909/3429/6454
f 2907/3407/6455 2925/3404/6456 2935/3405/6457 2931/3408/6458
f 2917/3401/6459 2925/3404/6460 2926/3406/6461 2919/3403/6462
f 2907/2341/6463 2928/2337/6464 2941/2339/6465 2955/2342/6466
f 2958/2349/6467 2956/2343/6468 2929/2346/6469 2930/2350/6470
f 2908/2340/6471 2927/2334/6472 2928/2337/6473 2907/2341/6474
f 2930/2350/6475 2929/2346/6476 2942/2348/6477 2954/2351/6478
f 2973/1218/6479 2972/1219/6480 2959/1220/6481 2965/1221/6482
f 2974/1224/6483 2973/1218/6484 2965/1221/6485 2971/1225/6486
f 2963/1230/6487 2961/1232/6488 2967/1233/6489 2966/1231/6490
f 2976/1228/6491 2963/1230/6492 2966/1231/6493 2968/1229/6494
f 2964/1226/6495 2976/1228/6496 2968/1229/6497 2969/1227/6498
f 2962/1222/6499 2964/1226/6500 2969/1227/6501 2970/1223/6502
f 2961/1232/6503 2975/1234/6504 2960/1235/6505 2967/1233/6506
f 2972/1219/6507 2962/1222/6508 2970/1223/6509 2959/1220/6510
f 2977/2352/6511 2981/2353/6512 2980/2354/6513 2978/2355/6514
f 2978/2355/6515 2980/2354/6516 2982/2356/6517 2979/2357/6518
f 2996/1236/6519 2998/1237/6520 2999/1238/6521 2992/1239/6522
f 2995/1244/6523 3000/1245/6524 3001/1241/6525 2993/1240/6526
f 2997/1250/6527 3002/1251/6528 3003/1248/6529 2994/1247/6530
f 2994/1247/6531 3003/1248/6532 3000/1245/6533 2995/1244/6534
f 2993/1240/6535 3001/1241/6536 2998/1237/6537 2996/1236/6538
f 2991/1253/6539 2983/1254/6540 3002/1251/6541 2997/1250/6542
f 2985/1256/6543 2991/1253/6544 2997/1250/6545 2990/1255/6546
f 2986/1246/6547 2993/1240/6548 2996/1236/6549 2989/1242/6550
f 2988/1252/6551 2994/1247/6552 2995/1244/6553 2987/1249/6554
f 2990/1255/6555 2997/1250/6556 2994/1247/6557 2988/1252/6558
f 2987/1249/6559 2995/1244/6560 2993/1240/6561 2986/1246/6562
f 2989/1242/6563 2996/1236/6564 2992/1239/6565 2984/1243/6566
f 3008/1257/6567 3011/1258/6568 3010/1259/6569 3007/1260/6570
f 3007/1260/6571 3010/1259/6572 3009/1263/6573 3006/1264/6574
f 3005/1261/6575 3004/1262/6576 3011/1258/6577 3008/1257/6578
f 3006/1264/6579 3009/1263/6580 3004/1262/6581 3005/1261/6582
f 3013/3431/6583 3015/3432/6584 3014/3433/6585 3012/3434/6586
f 3089/1265/6587 3032/1266/6588 3074/1267/6589 3096/1268/6590
f 3090/1269/6591 3031/1270/6592 3032/1266/6593 3089/1265/6594
f 3046/1285/6595 3037/1276/6596 3095/1275/6597 3030/1286/6598
f 3058/1338/6599 3052/1344/6600 3091/1345/6601 3092/1339/6602
f 3041/1336/6603 3033/1341/6604 3018/1346/6605 3020/1342/6606
f 3093/1321/6607 3094/1330/6608 3070/1323/6609 3064/1308/6610
f 3091/3435/6611 3052/3436/6612 3038/3437/6613 3019/3438/6614
f 3049/1307/6615 3055/1331/6616 3017/1332/6617 3016/1322/6618
f 3055/1331/6619 3058/1338/6620 3092/1339/6621 3017/1332/6622
f 3023/1324/6623 3022/1312/6624 3061/1294/6625 3067/1310/6626
f 3024/1311/6627 3026/1325/6628 3082/1313/6629 3073/1295/6630
f 3094/1330/6631 3023/1324/6632 3067/1310/6633 3070/1323/6634
f 3074/1267/6635 3081/1273/6636 3097/1274/6637 3096/1268/6638
f 3081/1273/6639 3085/1283/6640 3098/1284/6641 3097/1274/6642
f 3026/1325/6643 3027/1333/6644 3086/1326/6645 3082/1313/6646
f 3095/1275/6647 3037/1276/6648 3031/1270/6649 3090/1269/6650
f 3018/1346/6651 3033/1341/6652 3078/1334/6653 3025/1340/6654
f 3093/1321/6655 3064/1308/6656 3049/1307/6657 3016/1322/6658
f 3024/1311/6659 3073/1295/6660 3061/1294/6661 3022/1312/6662
f 3099/1299/6663 3077/1298/6664 3034/1316/6665 3028/1317/6666
f 3045/1337/6667 3041/1336/6668 3020/1342/6669 3021/1343/6670
f 3038/1347/6671 3045/1337/6672 3021/1343/6673 3019/1348/6674
f 3085/1283/6675 3077/1298/6676 3099/1299/6677 3098/1284/6678
f 3027/1333/6679 3025/1340/6680 3078/1334/6681 3086/1326/6682
f 3042/1301/6683 3046/1285/6684 3030/1286/6685 3029/1302/6686
f 3049/2358/6687 3051/2359/6688 3056/2360/6689 3055/2361/6690
f 3051/1290/6691 3050/1277/6692 3057/1289/6693 3056/1306/6694
f 3050/1277/6695 3031/1270/6696 3057/1289/6697
f 3055/2361/6698 3056/2360/6699 3059/2362/6700 3058/2363/6701
f 3056/1306/6702 3057/1289/6703 3060/1305/6704 3059/1320/6705
f 3057/1289/6706 3031/1270/6707 3060/1305/6708
f 3058/3443/6709 3059/3444/6710 3053/3440/6711 3052/3436/6712
f 3059/1320/6713 3060/1305/6714 3054/1288/6715 3053/1304/6716
f 3060/1305/6717 3031/1270/6718 3054/1288/6719
f 3061/1294/6720 3063/1280/6721 3068/1293/6722 3067/1310/6723
f 3063/1280/6724 3062/1271/6725 3069/1279/6726 3068/1293/6727
f 3062/1271/6728 3032/1266/6729 3069/1279/6730
f 3067/1310/6731 3068/1293/6732 3071/1309/6733 3070/1323/6734
f 3068/1293/6735 3069/1279/6736 3072/1292/6737 3071/1309/6738
f 3069/1279/6739 3032/1266/6740 3072/1292/6741
f 3070/1323/6742 3071/1309/6743 3065/1291/6744 3064/1308/6745
f 3071/1309/6746 3072/1292/6747 3066/1278/6748 3065/1291/6749
f 3072/1292/6750 3032/1266/6751 3066/1278/6752
f 3074/1267/6753 3076/1272/6754 3083/1282/6755 3081/1273/6756
f 3076/1272/6757 3075/1281/6758 3084/1296/6759 3083/1282/6760
f 3075/1281/6761 3073/1295/6762 3082/1313/6763 3084/1296/6764
f 3081/1273/6765 3083/1282/6766 3087/1297/6767 3085/1283/6768
f 3083/1282/6769 3084/1296/6770 3088/1314/6771 3087/1297/6772
f 3084/1296/6773 3082/1313/6774 3086/1326/6775 3088/1314/6776
f 3085/1283/6777 3087/1297/6778 3079/1315/6779 3077/1298/6780
f 3087/1297/6781 3088/1314/6782 3080/1327/6783 3079/1315/6784
f 3088/1314/6785 3086/1326/6786 3078/1334/6787 3080/1327/6788
f 3046/1285/6789 3048/1300/6790 3039/1287/6791 3037/1276/6792
f 3048/1300/6793 3047/1319/6794 3040/1303/6795 3039/1287/6796
f 3047/3441/6797 3045/3442/6798 3038/3437/6799 3040/3439/6800
f 3042/1301/6801 3044/1318/6802 3048/1300/6803 3046/1285/6804
f 3044/1318/6805 3043/1329/6806 3047/1319/6807 3048/1300/6808
f 3043/1329/6809 3041/1336/6810 3045/1337/6811 3047/1319/6812
f 3034/1316/6813 3036/1328/6814 3044/1318/6815 3042/1301/6816
f 3036/1328/6817 3035/1335/6818 3043/1329/6819 3044/1318/6820
f 3035/1335/6821 3033/1341/6822 3041/1336/6823 3043/1329/6824
f 3037/1276/6825 3039/1287/6826 3054/1288/6827 3031/1270/6828
f 3039/1287/6829 3040/1303/6830 3053/1304/6831 3054/1288/6832
f 3040/3439/6833 3038/3437/6834 3052/3436/6835 3053/3440/6836
f 3031/1270/6837 3050/1277/6838 3066/1278/6839 3032/1266/6840
f 3050/1277/6841 3051/1290/6842 3065/1291/6843 3066/1278/6844
f 3051/1290/6845 3049/1307/6846 3064/1308/6847 3065/1291/6848
f 3077/1298/6849 3079/1315/6850 3036/1328/6851 3034/1316/6852
f 3079/1315/6853 3080/1327/6854 3035/1335/6855 3036/1328/6856
f 3080/1327/6857 3078/1334/6858 3033/1341/6859 3035/1335/6860
f 3032/1266/6861 3062/1271/6862 3076/1272/6863 3074/1267/6864
f 3062/1271/6865 3063/1280/6866 3075/1281/6867 3076/1272/6868
f 3063/1280/6869 3061/1294/6870 3073/1295/6871 3075/1281/6872
f 3034/1316/6873 3042/1301/6874 3029/1302/6875 3028/1317/6876
f 3108/3629/6877 3110/3630/6878 3109/3631/6879 3104/3632/6880
f 3104/3632/6881 3109/3631/6882 3111/3635/6883 3103/3636/6884
f 3103/3636/6885 3111/3635/6886 3112/3639/6887 3102/3640/6888
f 3102/3640/6889 3112/3639/6890 3113/3643/6891 3101/3644/6892
f 3101/3644/6893 3113/3643/6894 3114/3647/6895 3100/3648/6896
f 3115/3668/6897 3117/3667/6898 3116/3671/6899 3105/3672/6900
f 3118/3664/6901 3119/3663/6902 3117/3667/6903 3115/3668/6904
f 3120/3660/6905 3121/3659/6906 3119/3663/6907 3118/3664/6908
f 3122/3656/6909 3123/3655/6910 3121/3659/6911 3120/3660/6912
f 3124/3652/6913 3125/3651/6914 3123/3655/6915 3122/3656/6916
f 3126/3661/6917 3128/3662/6918 3127/3658/6919 3107/3657/6920
f 3129/3665/6921 3130/3666/6922 3128/3662/6923 3126/3661/6924
f 3131/3669/6925 3132/3670/6926 3130/3666/6927 3129/3665/6928
f 3133/3673/6929 3134/3674/6930 3132/3670/6931 3131/3669/6932
f 3135/3676/6933 3136/3675/6934 3134/3674/6935 3133/3673/6936
f 3137/3637/6937 3139/3638/6938 3138/3634/6939 3106/3633/6940
f 3140/3641/6941 3141/3642/6942 3139/3638/6943 3137/3637/6944
f 3142/3645/6945 3143/3646/6946 3141/3642/6947 3140/3641/6948
f 3144/3649/6949 3145/3650/6950 3143/3646/6951 3142/3645/6952
f 3146/3653/6953 3147/3654/6954 3145/3650/6955 3144/3649/6956
f 3100/3648/6957 3114/3647/6958 3125/3651/6959 3124/3652/6960
f 3106/3633/6961 3138/3634/6962 3110/3630/6963 3108/3629/6964
f 3147/3654/6965 3146/3653/6966 3107/3657/6967 3127/3658/6968
f 3136/3675/6969 3135/3676/6970 3105/3672/6971 3116/3671/6972
f 3149/3445/6973 3150/3446/6974 3151/3447/6975 3148/3448/6976
f 3167/1349/6977 3163/1350/6978 3172/1351/6979 3160/1352/6980
f 3166/1358/6981 3164/1355/6982 3155/1356/6983 3158/1359/6984
f 3168/1364/6985 3165/1361/6986 3171/1362/6987 3162/1365/6988
f 3165/1361/6989 3166/1358/6990 3158/1359/6991 3171/1362/6992
f 3164/1355/6993 3167/1349/6994 3160/1352/6995 3155/1356/6996
f 3170/1367/6997 3168/1364/6998 3162/1365/6999 3153/1368/7000
f 3169/1369/7001 3161/1366/7002 3168/1364/7003 3170/1367/7004
f 3154/1357/7005 3159/1353/7006 3167/1349/7007 3164/1355/7008
f 3157/1363/7009 3156/1360/7010 3166/1358/7011 3165/1361/7012
f 3161/1366/7013 3157/1363/7014 3165/1361/7015 3168/1364/7016
f 3156/1360/7017 3154/1357/7018 3164/1355/7019 3166/1358/7020
f 3159/1353/7021 3152/1354/7022 3163/1350/7023 3167/1349/7024
f 3186/1370/7025 3188/1371/7026 3189/1372/7027 3182/1373/7028
f 3185/1378/7029 3190/1379/7030 3191/1375/7031 3183/1374/7032
f 3187/1384/7033 3192/1385/7034 3193/1382/7035 3184/1381/7036
f 3184/1381/7037 3193/1382/7038 3190/1379/7039 3185/1378/7040
f 3183/1374/7041 3191/1375/7042 3188/1371/7043 3186/1370/7044
f 3181/1387/7045 3173/1388/7046 3192/1385/7047 3187/1384/7048
f 3175/1390/7049 3181/1387/7050 3187/1384/7051 3180/1389/7052
f 3176/1380/7053 3183/1374/7054 3186/1370/7055 3179/1376/7056
f 3178/1386/7057 3184/1381/7058 3185/1378/7059 3177/1383/7060
f 3180/1389/7061 3187/1384/7062 3184/1381/7063 3178/1386/7064
f 3177/1383/7065 3185/1378/7066 3183/1374/7067 3176/1380/7068
f 3179/1376/7069 3186/1370/7070 3182/1373/7071 3174/1377/7072
f 3194/3449/7073 3195/3450/7074 3197/3451/7075 3196/3452/7076
f 3200/3809/7077 3201/3810/7078 3198/3811/7079 3199/3812/7080
f 3203/1391/7081 3204/1392/7082 3205/1393/7083 3202/1394/7084
f 3205/1393/7085 3206/1395/7086 3211/1396/7087 3210/1397/7088 3209/1398/7089 3207/1399/7090 3208/1400/7091 3202/1394/7092
f 3213/3813/7093 3214/3814/7094 3215/3815/7095 3212/3816/7096
f 3216/2364/7097 3217/2365/7098 3219/2366/7099 3218/2367/7100
f 3220/2368/7101 3218/2367/7102 3219/2366/7103 3221/2369/7104
f 3222/1411/7105 3235/1412/7106 3226/1409/7107 3223/1401/7108
f 3223/1401/7109 3231/1402/7110 3228/1403/7111 3224/1404/7112
f 3224/1404/7113 3237/1410/7114 3238/1413/7115 3225/1414/7116
f 3225/1414/7117 3241/1420/7118 3232/1419/7119 3222/1411/7120
f 3226/1409/7121 3227/1407/7122 3223/1401/7123
f 3227/1407/7124 3230/1405/7125 3223/1401/7126
f 3230/1405/7127 3231/1402/7128 3223/1401/7129
f 3232/1419/7130 3233/1417/7131 3222/1411/7132
f 3233/1417/7133 3234/1415/7134 3222/1411/7135
f 3234/1415/7136 3235/1412/7137 3222/1411/7138
f 3228/1403/7139 3229/1406/7140 3224/1404/7141
f 3229/1406/7142 3236/1408/7143 3224/1404/7144
f 3236/1408/7145 3237/1410/7146 3224/1404/7147
f 3238/1413/7148 3239/1416/7149 3225/1414/7150
f 3239/1416/7151 3240/1418/7152 3225/1414/7153
f 3240/1418/7154 3241/1420/7155 3225/1414/7156
f 3245/3453/7157 3278/3454/7158 3275/3455/7159 3244/3456/7160
f 3242/1421/7161 3263/1422/7162 3257/1423/7163 3377/1424/7164
f 3248/1469/7165 3293/1470/7166 3290/1471/7167 3247/1472/7168
f 3384/3473/7169 3308/3474/7170 3305/3475/7171 3251/3476/7172
f 3386/1446/7173 3323/1445/7174 3320/1454/7175 3254/1455/7176
f 3380/3462/7177 3272/3461/7178 3269/3467/7179 3379/3468/7180
f 3246/1478/7181 3287/1477/7182 3284/1485/7183 3382/1486/7184
f 3250/1487/7185 3302/1488/7186 3299/1480/7187 3249/1479/7188
f 3253/3486/7189 3317/3487/7190 3314/3482/7191 3252/3481/7192
f 3243/1425/7193 3266/1426/7194 3263/1422/7195 3242/1421/7196
f 3378/1430/7197 3260/1429/7198 3326/1437/7199 3255/1438/7200
f 3381/3457/7201 3281/3458/7202 3278/3454/7203 3245/3453/7204
f 3383/1473/7205 3296/1474/7206 3293/1470/7207 3248/1469/7208
f 3385/3477/7209 3311/3478/7210 3308/3474/7211 3384/3473/7212
f 3255/1438/7213 3326/1437/7214 3323/1445/7215 3386/1446/7216
f 3244/3456/7217 3275/3455/7218 3272/3461/7219 3380/3462/7220
f 3247/1472/7221 3290/1471/7222 3287/1477/7223 3246/1478/7224
f 3251/1497/7225 3305/1498/7226 3302/1488/7227 3250/1487/7228
f 3254/1455/7229 3320/1454/7230 3317/1460/7231 3253/1461/7232
f 3379/1431/7233 3269/1432/7234 3266/1426/7235 3243/1425/7236
f 3382/1486/7237 3284/1485/7238 3281/1495/7239 3381/1496/7240
f 3249/1479/7241 3299/1480/7242 3296/1474/7243 3383/1473/7244
f 3252/3481/7245 3314/3482/7246 3311/3478/7247 3385/3477/7248
f 3257/1423/7249 3259/1428/7250 3261/1436/7251 3260/1429/7252
f 3259/1428/7253 3258/1435/7254 3262/1443/7255 3261/1436/7256
f 3329/2370/7257 3256/2371/7258 3332/2372/7259
f 3333/2373/7260 3256/2371/7261 3329/2370/7262
f 3263/1422/7263 3265/1427/7264 3259/1428/7265 3257/1423/7266
f 3265/1427/7267 3264/1434/7268 3258/1435/7269 3259/1428/7270
f 3258/1435/7271 3330/1442/7272 3331/1451/7273 3262/1443/7274
f 3332/2372/7275 3256/2371/7276 3375/2374/7277
f 3266/1426/7278 3268/1433/7279 3265/1427/7280 3263/1422/7281
f 3268/1433/7282 3267/1440/7283 3264/1434/7284 3265/1427/7285
f 3337/2377/7286 3256/2371/7287 3335/2375/7288
f 3267/1440/7289 3336/1448/7290 3334/1441/7291 3264/1434/7292
f 3269/1432/7293 3271/1439/7294 3268/1433/7295 3266/1426/7296
f 3271/1439/7297 3270/1447/7298 3267/1440/7299 3268/1433/7300
f 3339/2381/7301 3256/2371/7302 3337/2377/7303
f 3270/2388/7304 3338/2382/7305 3336/2379/7306 3267/2389/7307
f 3272/3461/7308 3274/3466/7309 3271/3471/7310 3269/3467/7311
f 3274/3466/7312 3273/3470/7313 3270/3472/7314 3271/3471/7315
f 3341/2386/7316 3256/2371/7317 3339/2381/7318
f 3273/2394/7319 3340/2387/7320 3338/2382/7321 3270/2388/7322
f 3275/3455/7323 3277/3460/7324 3274/3466/7325 3272/3461/7326
f 3277/3460/7327 3276/3465/7328 3273/3470/7329 3274/3466/7330
f 3343/2392/7331 3256/2371/7332 3341/2386/7333
f 3276/2401/7334 3342/2393/7335 3340/2387/7336 3273/2394/7337
f 3278/3454/7338 3280/3459/7339 3277/3460/7340 3275/3455/7341
f 3280/3459/7342 3279/3464/7343 3276/3465/7344 3277/3460/7345
f 3345/2399/7346 3256/2371/7347 3343/2392/7348
f 3279/2407/7349 3344/2400/7350 3342/2393/7351 3276/2401/7352
f 3281/3458/7353 3283/3463/7354 3280/3459/7355 3278/3454/7356
f 3283/3463/7357 3282/3469/7358 3279/3464/7359 3280/3459/7360
f 3347/2405/7361 3256/2371/7362 3345/2399/7363
f 3282/2413/7364 3346/2406/7365 3344/2400/7366 3279/2407/7367
f 3284/1485/7368 3286/1494/7369 3283/1506/7370 3281/1495/7371
f 3286/1494/7372 3285/1505/7373 3282/1513/7374 3283/1506/7375
f 3349/2411/7376 3256/2371/7377 3347/2405/7378
f 3285/2419/7379 3348/2412/7380 3346/2406/7381 3282/2413/7382
f 3287/1477/7383 3289/1484/7384 3286/1494/7385 3284/1485/7386
f 3289/1484/7387 3288/1493/7388 3285/1505/7389 3286/1494/7390
f 3351/2417/7391 3256/2371/7392 3349/2411/7393
f 3288/1493/7394 3350/1504/7395 3348/1512/7396 3285/1505/7397
f 3290/1471/7398 3292/1476/7399 3289/1484/7400 3287/1477/7401
f 3292/1476/7402 3291/1483/7403 3288/1493/7404 3289/1484/7405
f 3353/2423/7406 3256/2371/7407 3351/2417/7408
f 3291/1483/7409 3352/1492/7410 3350/1504/7411 3288/1493/7412
f 3293/1470/7413 3295/1475/7414 3292/1476/7415 3290/1471/7416
f 3295/1475/7417 3294/1482/7418 3291/1483/7419 3292/1476/7420
f 3355/2424/7421 3256/2371/7422 3353/2423/7423
f 3294/1482/7424 3354/1491/7425 3352/1492/7426 3291/1483/7427
f 3296/1474/7428 3298/1481/7429 3295/1475/7430 3293/1470/7431
f 3298/1481/7432 3297/1490/7433 3294/1482/7434 3295/1475/7435
f 3357/2420/7436 3256/2371/7437 3355/2424/7438
f 3297/1490/7439 3356/1501/7440 3354/1491/7441 3294/1482/7442
f 3299/1480/7443 3301/1489/7444 3298/1481/7445 3296/1474/7446
f 3301/1489/7447 3300/1500/7448 3297/1490/7449 3298/1481/7450
f 3359/2414/7451 3256/2371/7452 3357/2420/7453
f 3300/1500/7454 3358/1509/7455 3356/1501/7456 3297/1490/7457
f 3302/1488/7458 3304/1499/7459 3301/1489/7460 3299/1480/7461
f 3304/1499/7462 3303/1508/7463 3300/1500/7464 3301/1489/7465
f 3361/2408/7466 3256/2371/7467 3359/2414/7468
f 3303/1508/7469 3360/1515/7470 3358/1509/7471 3300/1500/7472
f 3305/1498/7473 3307/1507/7474 3304/1499/7475 3302/1488/7476
f 3307/1507/7477 3306/1514/7478 3303/1508/7479 3304/1499/7480
f 3363/2402/7481 3256/2371/7482 3361/2408/7483
f 3306/2422/7484 3362/2415/7485 3360/2421/7486 3303/2426/7487
f 3308/3474/7488 3310/3479/7489 3307/3480/7490 3305/3475/7491
f 3310/3479/7492 3309/3484/7493 3306/3485/7494 3307/3480/7495
f 3365/2395/7496 3256/2371/7497 3363/2402/7498
f 3309/2416/7499 3364/2409/7500 3362/2415/7501 3306/2422/7502
f 3311/3478/7503 3313/3483/7504 3310/3479/7505 3308/3474/7506
f 3313/3483/7507 3312/3489/7508 3309/3484/7509 3310/3479/7510
f 3367/2390/7511 3256/2371/7512 3365/2395/7513
f 3312/2410/7514 3366/2403/7515 3364/2409/7516 3309/2416/7517
f 3314/3482/7518 3316/3488/7519 3313/3483/7520 3311/3478/7521
f 3316/3488/7522 3315/3491/7523 3312/3489/7524 3313/3483/7525
f 3369/2383/7526 3256/2371/7527 3367/2390/7528
f 3315/2404/7529 3368/2396/7530 3366/2403/7531 3312/2410/7532
f 3317/3487/7533 3319/3490/7534 3316/3488/7535 3314/3482/7536
f 3319/3490/7537 3318/3492/7538 3315/3491/7539 3316/3488/7540
f 3371/2380/7541 3256/2371/7542 3369/2383/7543
f 3318/2398/7544 3370/2391/7545 3368/2396/7546 3315/2404/7547
f 3320/1454/7548 3322/1459/7549 3319/1465/7550 3317/1460/7551
f 3322/1459/7552 3321/1464/7553 3318/1468/7554 3319/1465/7555
f 3373/2376/7556 3256/2371/7557 3371/2380/7558
f 3321/2397/7559 3372/2384/7560 3370/2391/7561 3318/2398/7562
f 3323/1445/7563 3325/1453/7564 3322/1459/7565 3320/1454/7566
f 3325/1453/7567 3324/1458/7568 3321/1464/7569 3322/1459/7570
f 3375/2374/7571 3256/2371/7572 3373/2376/7573
f 3324/1458/7574 3374/1463/7575 3372/1467/7576 3321/1464/7577
f 3326/1437/7578 3328/1444/7579 3325/1453/7580 3323/1445/7581
f 3328/1444/7582 3327/1452/7583 3324/1458/7584 3325/1453/7585
f 3327/1452/7586 3376/1457/7587 3374/1463/7588 3324/1458/7589
f 3260/1429/7590 3261/1436/7591 3328/1444/7592 3326/1437/7593
f 3261/1436/7594 3262/1443/7595 3327/1452/7596 3328/1444/7597
f 3335/2375/7598 3256/2371/7599 3333/2373/7600
f 3262/1443/7601 3331/1451/7602 3376/1457/7603 3327/1452/7604
f 3377/1424/7605 3257/1423/7606 3260/1429/7607 3378/1430/7608
f 3332/1456/7609 3331/1451/7610 3330/1442/7611 3329/1449/7612
f 3329/1449/7613 3330/1442/7614 3334/1441/7615 3333/1450/7616
f 3333/2373/7617 3334/2378/7618 3336/2379/7619 3335/2375/7620
f 3335/2375/7621 3336/2379/7622 3338/2382/7623 3337/2377/7624
f 3337/2377/7625 3338/2382/7626 3340/2387/7627 3339/2381/7628
f 3339/2381/7629 3340/2387/7630 3342/2393/7631 3341/2386/7632
f 3341/2386/7633 3342/2393/7634 3344/2400/7635 3343/2392/7636
f 3343/2392/7637 3344/2400/7638 3346/2406/7639 3345/2399/7640
f 3345/2399/7641 3346/2406/7642 3348/2412/7643 3347/2405/7644
f 3347/2405/7645 3348/2412/7646 3350/2418/7647 3349/2411/7648
f 3349/1511/7649 3350/1504/7650 3352/1492/7651 3351/1502/7652
f 3351/1502/7653 3352/1492/7654 3354/1491/7655 3353/1503/7656
f 3353/1503/7657 3354/1491/7658 3356/1501/7659 3355/1510/7660
f 3355/1510/7661 3356/1501/7662 3358/1509/7663 3357/1516/7664
f 3357/2420/7665 3358/2425/7666 3360/2421/7667 3359/2414/7668
f 3359/2414/7669 3360/2421/7670 3362/2415/7671 3361/2408/7672
f 3361/2408/7673 3362/2415/7674 3364/2409/7675 3363/2402/7676
f 3363/2402/7677 3364/2409/7678 3366/2403/7679 3365/2395/7680
f 3365/2395/7681 3366/2403/7682 3368/2396/7683 3367/2390/7684
f 3367/2390/7685 3368/2396/7686 3370/2391/7687 3369/2383/7688
f 3369/2383/7689 3370/2391/7690 3372/2384/7691 3371/2380/7692
f 3371/2380/7693 3372/2384/7694 3374/2385/7695 3373/2376/7696
f 3373/1466/7697 3374/1463/7698 3376/1457/7699 3375/1462/7700
f 3375/1462/7701 3376/1457/7702 3331/1451/7703 3332/1456/7704
f 3264/1434/7705 3334/1441/7706 3330/1442/7707 3258/1435/7708
f 3389/1517/7709 3387/1518/7710 3390/1519/7711 3388/1520/7712
f 3394/1521/7713 3391/1522/7714 3392/1523/7715 3393/1524/7716
f 3395/2427/7717 3404/2428/7718 3403/2429/7719 3401/2430/7720 3402/2431/7721 3396/2432/7722 3398/2433/7723 3399/2434/7724 3400/2435/7725 3397/2436/7726
f 3406/2437/7727 3409/2438/7728 3408/2439/7729 3407/2440/7730
f 3409/2438/7731 3410/2442/7732 3411/2445/7733
f 3405/2441/7734 3410/2442/7735 3409/2438/7736 3406/2437/7737
f 3406/2437/7738 3407/2440/7739 3412/2443/7740 3414/2444/7741
f 3405/2441/7742 3406/2437/7743 3414/2444/7744 3413/2446/7745
f 3430/1525/7746 3423/1526/7747 3435/1527/7748 3426/1528/7749
f 3429/1533/7750 3421/1534/7751 3418/1530/7752 3427/1529/7753
f 3431/1539/7754 3425/1540/7755 3434/1537/7756 3428/1536/7757
f 3428/1536/7758 3434/1537/7759 3421/1534/7760 3429/1533/7761
f 3427/1529/7762 3418/1530/7763 3423/1526/7764 3430/1525/7765
f 3433/1542/7766 3416/1543/7767 3425/1540/7768 3431/1539/7769
f 3432/1545/7770 3433/1542/7771 3431/1539/7772 3424/1544/7773
f 3417/1535/7774 3427/1529/7775 3430/1525/7776 3422/1531/7777
f 3420/1541/7778 3428/1536/7779 3429/1533/7780 3419/1538/7781
f 3424/1544/7782 3431/1539/7783 3428/1536/7784 3420/1541/7785
f 3419/1538/7786 3429/1533/7787 3427/1529/7788 3417/1535/7789
f 3422/1531/7790 3430/1525/7791 3426/1528/7792 3415/1532/7793
f 3448/1546/7794 3444/1547/7795 3451/1548/7796 3450/1549/7797
f 3447/1555/7798 3445/1552/7799 3454/1553/7800 3453/1556/7801
f 3449/1561/7802 3446/1558/7803 3456/1559/7804 3455/1562/7805
f 3446/1558/7806 3447/1555/7807 3453/1556/7808 3456/1559/7809
f 3445/1552/7810 3448/1546/7811 3450/1549/7812 3454/1553/7813
f 3443/1564/7814 3449/1561/7815 3455/1562/7816 3452/1565/7817
f 3437/1566/7818 3442/1563/7819 3449/1561/7820 3443/1564/7821
f 3438/1554/7822 3441/1550/7823 3448/1546/7824 3445/1552/7825
f 3440/1560/7826 3439/1557/7827 3447/1555/7828 3446/1558/7829
f 3442/1563/7830 3440/1560/7831 3446/1558/7832 3449/1561/7833
f 3439/1557/7834 3438/1554/7835 3445/1552/7836 3447/1555/7837
f 3441/1550/7838 3436/1551/7839 3444/1547/7840 3448/1546/7841
