# This file uses centimeters as units for non-parametric coordinates.

mtllib Letrero_Model.mtl
g default
v 3.620708 5.955012 -1.044406
v 3.620708 10.967754 -1.044406
v 3.620708 6.499542 -1.044406
v -4.498994 10.578611 -1.044405
v -4.498993 6.344154 -1.044405
v 13.643979 10.578611 -1.044407
v 13.643979 6.344154 -1.044407
v 13.634836 6.499543 -1.044407
v 13.634836 10.423224 -1.044407
v -4.689970 6.537378 -1.044405
v -4.689970 10.385386 -1.044405
v 14.224098 10.423224 -1.044407
v -4.537321 10.967753 0.000148
v 3.620708 10.967754 0.000147
v -4.537321 5.955012 0.000148
v 3.620708 5.955012 0.000147
v -5.079113 10.423224 0.000148
v 13.682307 10.967754 0.000146
v 13.682307 5.955013 0.000146
v -5.079113 6.499542 0.000148
v 14.224098 10.423224 0.000146
v -4.671027 10.481881 -1.044405
v -4.639870 10.528511 -1.044405
v -4.592820 10.559948 -1.044405
v -4.592820 6.362817 -1.044405
v -4.639869 6.394254 -1.044405
v -4.671027 6.440884 -1.044405
v 13.737806 10.559949 -1.044407
v 13.784855 10.528511 -1.044407
v 13.816012 10.481882 -1.044407
v 14.224099 6.496804 -1.044407
v 13.816293 6.441305 -1.044407
v 13.784855 6.394255 -1.044407
v 13.737806 6.362818 -1.044407
v -4.744656 10.926512 0.000148
v -4.920426 10.809065 0.000148
v -5.037871 10.633296 0.000148
v -5.037871 6.289468 0.000148
v -4.920426 6.113698 0.000148
v -4.744656 5.996253 0.000148
v 14.182857 10.633297 0.000146
v 14.065411 10.809066 0.000146
v 13.889642 10.926512 0.000146
v 14.224099 6.496804 0.000146
v 13.889642 5.996254 0.000146
v 14.065412 6.113699 0.000146
v 14.182857 6.289469 0.000146
v 3.620708 10.423223 -1.044406
v -4.489850 10.423224 -1.044405
v 3.620708 6.344154 -1.044406
v 13.682307 5.955013 -1.044407
v -4.489850 6.499542 -1.044405
v 3.620708 10.578611 -1.044406
v -4.537321 10.967753 -1.044405
v -4.537321 5.955012 -1.044405
v 13.682307 10.967754 -1.044407
v -5.079113 10.423224 -1.044405
v -5.079113 6.499542 -1.044405
v 13.834956 10.385387 -1.044407
v 14.182857 10.633297 -1.044407
v -5.037871 6.289468 -1.044405
v -5.037871 10.633296 -1.044405
v 13.834956 6.535130 -1.044407
v -4.744656 10.926512 -1.044405
v -4.920426 10.809065 -1.044405
v -4.920426 6.113698 -1.044405
v -4.744656 5.996253 -1.044405
v 14.065411 10.809066 -1.044407
v 13.889642 10.926512 -1.044407
v 14.182857 6.289469 -1.044407
v 14.065411 6.113699 -1.044407
v 13.889642 5.996254 -1.044407
v 3.620709 0.000001 -1.044406
v 3.620708 5.012742 -1.044406
v 3.620709 0.544530 -1.044406
v -4.498993 4.623600 -1.044405
v -4.498993 0.389142 -1.044405
v 13.643979 4.623600 -1.044407
v 13.643980 0.389143 -1.044407
v 13.634836 4.468213 -1.044407
v -4.689970 0.582367 -1.044405
v -4.689970 4.430375 -1.044405
v 14.224099 4.468213 -1.044407
v -4.537321 5.012742 0.000148
v 3.620708 5.012742 0.000147
v -4.537321 0.000000 0.000148
v 3.620709 0.000001 0.000147
v -5.079113 4.468212 0.000148
v 13.682307 5.012742 0.000146
v 13.682307 0.000001 0.000146
v -5.079113 0.544530 0.000148
v 14.224099 4.468213 0.000146
v -4.671027 4.526869 -1.044405
v -4.639869 4.573499 -1.044405
v -4.592820 4.604936 -1.044405
v -4.592820 0.407806 -1.044405
v -4.639869 0.439243 -1.044405
v -4.671026 0.485873 -1.044405
v 13.737806 4.604937 -1.044407
v 13.784855 4.573500 -1.044407
v 13.816013 4.526870 -1.044407
v 14.224099 0.541793 -1.044407
v 13.816293 0.486293 -1.044407
v 13.784855 0.439244 -1.044407
v 13.737806 0.407806 -1.044407
v -4.744656 4.971501 0.000148
v -4.920426 4.854055 0.000148
v -5.037871 4.678285 0.000148
v -5.037871 0.334457 0.000148
v -4.920425 0.158687 0.000148
v -4.744656 0.041242 0.000148
v 14.182857 4.678286 0.000146
v 14.065412 4.854056 0.000146
v 13.889642 4.971501 0.000146
v 14.224099 0.541793 0.000146
v 13.889642 0.041243 0.000146
v 14.065412 0.158688 0.000146
v 14.182857 0.334458 0.000146
v 3.620708 4.468212 -1.044406
v -4.489850 4.468212 -1.044405
v 3.620709 0.389143 -1.044406
v 13.682307 0.000001 -1.044407
v -4.489850 0.544530 -1.044405
v 3.620708 4.623600 -1.044406
v -4.537321 5.012742 -1.044405
v -4.537321 0.000000 -1.044405
v 13.682307 5.012742 -1.044407
v -5.079113 4.468212 -1.044405
v -5.079113 0.544530 -1.044405
v 13.834956 4.430376 -1.044407
v 14.182857 4.678286 -1.044407
v -5.037871 0.334457 -1.044405
v -5.037871 4.678285 -1.044405
v 13.834956 0.580119 -1.044407
v -4.744656 4.971501 -1.044405
v -4.920426 4.854055 -1.044405
v -4.920425 0.158687 -1.044405
v -4.744656 0.041242 -1.044405
v 14.065412 4.854056 -1.044407
v 13.889642 4.971501 -1.044407
v 14.182857 0.334458 -1.044407
v 14.065412 0.158688 -1.044407
v 13.889642 0.041243 -1.044407
v 3.620708 5.955012 -1.044406
v 13.682307 5.955013 -1.044407
v 3.620708 10.967754 -1.044406
v -4.537321 10.967753 -1.044405
v -4.537321 5.955012 -1.044405
v 13.682307 10.967754 -1.044407
v -5.079113 10.423224 -1.044405
v -5.079113 6.499542 -1.044405
v 14.224098 10.423224 -1.044407
v 14.182857 10.633297 -1.044407
v -5.037871 6.289468 -1.044405
v -5.037871 10.633296 -1.044405
v 14.224099 6.496804 -1.044407
v -4.744656 10.926512 -1.044405
v -4.920426 10.809065 -1.044405
v -4.920426 6.113698 -1.044405
v -4.744656 5.996253 -1.044405
v 14.065411 10.809066 -1.044407
v 13.889642 10.926512 -1.044407
v 14.182857 6.289469 -1.044407
v 14.065411 6.113699 -1.044407
v 13.889642 5.996254 -1.044407
v 3.620709 0.000001 -1.044406
v 13.682307 0.000001 -1.044407
v 3.620708 5.012742 -1.044406
v -4.537321 5.012742 -1.044405
v -4.537321 0.000000 -1.044405
v 13.682307 5.012742 -1.044407
v -5.079113 4.468212 -1.044405
v -5.079113 0.544530 -1.044405
v 14.224099 4.468213 -1.044407
v 14.182857 4.678286 -1.044407
v -5.037871 0.334457 -1.044405
v -5.037871 4.678285 -1.044405
v 14.224099 0.541793 -1.044407
v -4.744656 4.971501 -1.044405
v -4.920426 4.854055 -1.044405
v -4.920425 0.158687 -1.044405
v -4.744656 0.041242 -1.044405
v 14.065412 4.854056 -1.044407
v 13.889642 4.971501 -1.044407
v 14.182857 0.334458 -1.044407
v 14.065412 0.158688 -1.044407
v 13.889642 0.041243 -1.044407
v 3.620709 5.955012 1.044700
v 3.620708 10.967754 1.044700
v 3.620709 6.499542 1.044700
v -4.498994 10.578611 1.044701
v -4.498993 6.344154 1.044701
v 13.643979 10.578611 1.044699
v 13.643979 6.344154 1.044699
v 13.634836 6.499543 1.044699
v 13.634836 10.423224 1.044699
v -4.689970 6.537378 1.044701
v -4.689970 10.385386 1.044701
v 14.224098 10.423224 1.044699
v -4.671027 10.481881 1.044701
v -4.639870 10.528511 1.044701
v -4.592820 10.559948 1.044701
v -4.592820 6.362817 1.044701
v -4.639869 6.394254 1.044701
v -4.671027 6.440884 1.044701
v 13.737806 10.559949 1.044699
v 13.784855 10.528511 1.044699
v 13.816012 10.481882 1.044699
v 14.224099 6.496804 1.044699
v 13.816293 6.441305 1.044699
v 13.784855 6.394255 1.044699
v 13.737806 6.362818 1.044699
v 3.620708 10.423223 1.044700
v -4.489850 10.423224 1.044701
v 3.620709 6.344154 1.044700
v 13.682307 5.955013 1.044699
v -4.489850 6.499542 1.044701
v 3.620708 10.578611 1.044700
v -4.537321 10.967753 1.044701
v -4.537321 5.955012 1.044701
v 13.682307 10.967754 1.044699
v -5.079113 10.423224 1.044701
v -5.079113 6.499542 1.044701
v 13.834956 10.385387 1.044699
v 14.182857 10.633297 1.044699
v -5.037871 6.289468 1.044701
v -5.037871 10.633296 1.044701
v 13.834956 6.535130 1.044699
v -4.744656 10.926512 1.044701
v -4.920426 10.809065 1.044701
v -4.920426 6.113698 1.044701
v -4.744656 5.996253 1.044701
v 14.065411 10.809066 1.044699
v 13.889642 10.926512 1.044699
v 14.182857 6.289469 1.044699
v 14.065412 6.113699 1.044699
v 13.889642 5.996254 1.044699
v 3.620709 0.000001 1.044700
v 3.620709 5.012742 1.044700
v 3.620709 0.544530 1.044700
v -4.498993 4.623600 1.044701
v -4.498993 0.389142 1.044701
v 13.643979 4.623600 1.044699
v 13.643980 0.389143 1.044699
v 13.634836 0.544531 1.044699
v 13.634836 4.468213 1.044699
v -4.689970 0.582367 1.044701
v -4.689970 4.430375 1.044701
v 14.224099 4.468213 1.044699
v -4.671027 4.526869 1.044701
v -4.639869 4.573499 1.044701
v -4.592820 4.604936 1.044701
v -4.592820 0.407806 1.044701
v -4.639869 0.439243 1.044701
v -4.671026 0.485873 1.044701
v 13.737806 4.604937 1.044699
v 13.784855 4.573500 1.044699
v 13.816013 4.526870 1.044699
v 14.224099 0.541793 1.044699
v 13.816294 0.486293 1.044699
v 13.784856 0.439244 1.044699
v 13.737806 0.407806 1.044699
v 3.620709 4.468212 1.044700
v -4.489850 4.468212 1.044701
v 3.620709 0.389143 1.044700
v 13.682307 0.000001 1.044699
v -4.489850 0.544530 1.044701
v 3.620709 4.623600 1.044700
v -4.537321 5.012742 1.044701
v -4.537321 0.000000 1.044701
v 13.682307 5.012742 1.044699
v -5.079113 4.468212 1.044701
v -5.079112 0.544530 1.044701
v 13.834956 4.430376 1.044699
v 14.182857 4.678286 1.044699
v -5.037871 0.334457 1.044701
v -5.037871 4.678285 1.044701
v 13.834956 0.580119 1.044699
v -4.744656 4.971501 1.044701
v -4.920426 4.854055 1.044701
v -4.920425 0.158687 1.044701
v -4.744656 0.041242 1.044701
v 14.065412 4.854056 1.044699
v 13.889642 4.971501 1.044699
v 14.182857 0.334458 1.044699
v 14.065412 0.158688 1.044699
v 13.889642 0.041243 1.044699
v 3.620709 5.955012 1.044700
v 13.682307 5.955013 1.044699
v 3.620708 10.967754 1.044700
v -4.537321 10.967753 1.044701
v -4.537321 5.955012 1.044701
v 13.682307 10.967754 1.044699
v -5.079113 10.423224 1.044701
v -5.079113 6.499542 1.044701
v 14.224098 10.423224 1.044699
v 14.182857 10.633297 1.044699
v -5.037871 6.289468 1.044701
v -5.037871 10.633296 1.044701
v 14.224099 6.496804 1.044699
v -4.744656 10.926512 1.044701
v -4.920426 10.809065 1.044701
v -4.920426 6.113698 1.044701
v -4.744656 5.996253 1.044701
v 14.065411 10.809066 1.044699
v 13.889642 10.926512 1.044699
v 14.182857 6.289469 1.044699
v 14.065412 6.113699 1.044699
v 13.889642 5.996254 1.044699
v 3.620709 0.000001 1.044700
v 13.682307 0.000001 1.044699
v 3.620709 5.012742 1.044700
v -4.537321 5.012742 1.044701
v -4.537321 0.000000 1.044701
v 13.682307 5.012742 1.044699
v -5.079113 4.468212 1.044701
v -5.079112 0.544530 1.044701
v 14.224099 4.468213 1.044699
v 14.182857 4.678286 1.044699
v -5.037871 0.334457 1.044701
v -5.037871 4.678285 1.044701
v 14.224099 0.541793 1.044699
v -4.744656 4.971501 1.044701
v -4.920426 4.854055 1.044701
v -4.920425 0.158687 1.044701
v -4.744656 0.041242 1.044701
v 14.065412 4.854056 1.044699
v 13.889642 4.971501 1.044699
v 14.182857 0.334458 1.044699
v 14.065412 0.158688 1.044699
v 13.889642 0.041243 1.044699
v -2.839652 4.951159 0.422094
v -2.839653 19.762082 0.422094
v -2.937670 4.951159 0.409190
v -2.937671 19.762082 0.409190
v -3.029007 4.951159 0.371357
v -3.029008 19.762082 0.371357
v -3.107441 4.951159 0.311173
v -3.107441 19.762082 0.311173
v -3.167624 4.951159 0.232740
v -3.167624 19.762082 0.232740
v -3.205457 4.951159 0.141403
v -3.205458 19.762082 0.141403
v -3.218361 4.951159 0.043386
v -3.218362 19.762082 0.043386
v -3.205457 4.951159 -0.054631
v -3.205458 19.762082 -0.054631
v -3.167624 4.951159 -0.145969
v -3.167624 19.762082 -0.145969
v -3.107441 4.951159 -0.224402
v -3.107441 19.762082 -0.224402
v -3.029007 4.951159 -0.284586
v -3.029008 19.762082 -0.284586
v -2.937670 4.951159 -0.322419
v -2.937671 19.762082 -0.322419
v -2.839653 4.951159 -0.335323
v -2.839653 19.762082 -0.335323
v -2.741635 4.951159 -0.322419
v -2.741636 19.762082 -0.322419
v -2.650299 4.951159 -0.284586
v -2.650299 19.762082 -0.284586
v -2.571865 4.951159 -0.224402
v -2.571866 19.762082 -0.224402
v -2.511681 4.951159 -0.145969
v -2.511682 19.762082 -0.145969
v -2.473849 4.951159 -0.054631
v -2.473849 19.762082 -0.054631
v -2.460945 4.951159 0.043386
v -2.460945 19.762082 0.043386
v -2.473849 4.951159 0.141403
v -2.473849 19.762082 0.141403
v -2.511681 4.951159 0.232740
v -2.511682 19.762082 0.232740
v -2.571865 4.951159 0.311173
v -2.571866 19.762082 0.311173
v -2.650299 4.951159 0.371357
v -2.650299 19.762082 0.371357
v -2.741635 4.951159 0.409190
v -2.741636 19.762082 0.409190
v -2.839653 11.983385 0.422094
v -2.839653 18.681841 0.422094
v -2.937671 18.681841 0.409190
v -2.937671 11.983385 0.409190
v -3.029008 18.681841 0.371357
v -3.029007 11.983385 0.371357
v -3.107441 18.681841 0.311173
v -3.107441 11.983385 0.311173
v -3.167624 18.681841 0.232740
v -3.167624 11.983385 0.232740
v -3.205458 18.681841 0.141403
v -3.205457 11.983385 0.141403
v -3.218362 18.681841 0.043386
v -3.218361 11.983385 0.043386
v -3.205458 18.681841 -0.054631
v -3.205457 11.983385 -0.054631
v -3.167624 18.681841 -0.145969
v -3.167624 11.983385 -0.145969
v -3.107441 18.681841 -0.224402
v -3.107441 11.983385 -0.224402
v -3.029008 18.681841 -0.284586
v -3.029007 11.983385 -0.284586
v -2.937671 18.681841 -0.322419
v -2.937671 11.983385 -0.322419
v -2.839653 18.681841 -0.335323
v -2.839653 11.983385 -0.335323
v -2.741636 18.681841 -0.322419
v -2.741636 11.983385 -0.322419
v -2.650299 18.681841 -0.284586
v -2.650299 11.983385 -0.284586
v -2.571866 18.681841 -0.224402
v -2.571865 11.983385 -0.224402
v -2.511682 18.681841 -0.145969
v -2.511682 11.983385 -0.145969
v -2.473849 18.681841 -0.054631
v -2.473849 11.983385 -0.054631
v -2.460945 18.681841 0.043386
v -2.460945 11.983385 0.043386
v -2.473849 18.681841 0.141403
v -2.473849 11.983385 0.141403
v -2.511682 18.681841 0.232740
v -2.511682 11.983385 0.232740
v -2.571866 18.681841 0.311173
v -2.571865 11.983385 0.311173
v -2.650299 18.681841 0.371357
v -2.650299 11.983385 0.371357
v -2.741636 18.681841 0.409190
v -2.741636 11.983385 0.409190
v 11.984638 4.951159 0.422093
v 11.984638 19.762083 0.422093
v 12.082656 4.951159 0.409189
v 12.082656 19.762083 0.409189
v 12.173993 4.951159 0.371356
v 12.173992 19.762083 0.371356
v 12.252427 4.951159 0.311172
v 12.252426 19.762083 0.311172
v 12.312610 4.951159 0.232739
v 12.312609 19.762083 0.232739
v 12.350444 4.951159 0.141401
v 12.350443 19.762083 0.141401
v 12.363346 4.951159 0.043384
v 12.363346 19.762083 0.043384
v 12.350444 4.951159 -0.054633
v 12.350443 19.762083 -0.054633
v 12.312609 4.951159 -0.145970
v 12.312609 19.762083 -0.145970
v 12.252427 4.951159 -0.224403
v 12.252426 19.762083 -0.224403
v 12.173993 4.951159 -0.284587
v 12.173992 19.762083 -0.284587
v 12.082656 4.951159 -0.322420
v 12.082656 19.762083 -0.322420
v 11.984638 4.951159 -0.335324
v 11.984638 19.762083 -0.335324
v 11.886621 4.951159 -0.322420
v 11.886621 19.762083 -0.322420
v 11.795285 4.951159 -0.284587
v 11.795284 19.762083 -0.284587
v 11.716851 4.951159 -0.224403
v 11.716850 19.762083 -0.224403
v 11.656668 4.951159 -0.145970
v 11.656668 19.762083 -0.145970
v 11.618834 4.951159 -0.054633
v 11.618833 19.762083 -0.054633
v 11.605930 4.951159 0.043384
v 11.605929 19.762083 0.043384
v 11.618834 4.951159 0.141401
v 11.618833 19.762083 0.141401
v 11.656668 4.951159 0.232739
v 11.656668 19.762083 0.232739
v 11.716851 4.951159 0.311172
v 11.716851 19.762083 0.311172
v 11.795285 4.951159 0.371356
v 11.795284 19.762083 0.371356
v 11.886621 4.951159 0.409189
v 11.886621 19.762083 0.409189
v 11.984638 11.983386 0.422093
v 11.984638 18.681841 0.422093
v 12.082656 18.681841 0.409189
v 12.082656 11.983386 0.409189
v 12.173993 18.681841 0.371356
v 12.173993 11.983386 0.371356
v 12.252426 18.681841 0.311172
v 12.252426 11.983386 0.311172
v 12.312609 18.681841 0.232739
v 12.312609 11.983386 0.232739
v 12.350443 18.681841 0.141401
v 12.350443 11.983386 0.141401
v 12.363346 18.681841 0.043384
v 12.363346 11.983386 0.043384
v 12.350443 18.681841 -0.054633
v 12.350443 11.983386 -0.054633
v 12.312609 18.681841 -0.145970
v 12.312609 11.983386 -0.145970
v 12.252426 18.681841 -0.224403
v 12.252426 11.983386 -0.224403
v 12.173993 18.681841 -0.284587
v 12.173993 11.983386 -0.284587
v 12.082656 18.681841 -0.322420
v 12.082656 11.983386 -0.322420
v 11.984638 18.681841 -0.335324
v 11.984638 11.983386 -0.335324
v 11.886621 18.681841 -0.322420
v 11.886621 11.983386 -0.322420
v 11.795284 18.681841 -0.284587
v 11.795284 11.983386 -0.284587
v 11.716851 18.681841 -0.224403
v 11.716851 11.983386 -0.224403
v 11.656668 18.681841 -0.145970
v 11.656668 11.983386 -0.145970
v 11.618833 18.681841 -0.054633
v 11.618834 11.983386 -0.054633
v 11.605929 18.681841 0.043384
v 11.605930 11.983386 0.043384
v 11.618833 18.681841 0.141401
v 11.618834 11.983386 0.141401
v 11.656668 18.681841 0.232739
v 11.656668 11.983386 0.232739
v 11.716851 18.681841 0.311172
v 11.716851 11.983386 0.311172
v 11.795284 18.681841 0.371356
v 11.795284 11.983386 0.371356
v 11.886621 18.681841 0.409189
v 11.886621 11.983386 0.409189
v -2.839652 4.951159 0.422094
v -2.937670 4.951159 0.409190
v -2.937671 19.762082 0.409190
v -2.839653 19.762082 0.422094
v -3.029007 4.951159 0.371357
v -3.029008 19.762082 0.371357
v -3.107441 4.951159 0.311173
v -3.107441 19.762082 0.311173
v -3.167624 4.951159 0.232740
v -3.167624 19.762082 0.232740
v -3.205457 4.951159 0.141403
v -3.205458 19.762082 0.141403
v -3.218361 4.951159 0.043386
v -3.218362 19.762082 0.043386
v -3.205457 4.951159 -0.054631
v -3.205458 19.762082 -0.054631
v -3.167624 4.951159 -0.145969
v -3.167624 19.762082 -0.145969
v -3.107441 4.951159 -0.224402
v -3.107441 19.762082 -0.224402
v -3.029007 4.951159 -0.284586
v -3.029008 19.762082 -0.284586
v -2.937670 4.951159 -0.322419
v -2.937671 19.762082 -0.322419
v -2.839653 4.951159 -0.335323
v -2.839653 19.762082 -0.335323
v -2.741635 4.951159 -0.322419
v -2.741636 19.762082 -0.322419
v -2.650299 4.951159 -0.284586
v -2.650299 19.762082 -0.284586
v -2.571865 4.951159 -0.224402
v -2.571866 19.762082 -0.224402
v -2.511681 4.951159 -0.145969
v -2.511682 19.762082 -0.145969
v -2.473849 4.951159 -0.054631
v -2.473849 19.762082 -0.054631
v -2.460945 4.951159 0.043386
v -2.460945 19.762082 0.043386
v -2.473849 4.951159 0.141403
v -2.473849 19.762082 0.141403
v -2.511681 4.951159 0.232740
v -2.511682 19.762082 0.232740
v -2.571865 4.951159 0.311173
v -2.571866 19.762082 0.311173
v -2.650299 4.951159 0.371357
v -2.650299 19.762082 0.371357
v -2.741635 4.951159 0.409190
v -2.741636 19.762082 0.409190
v 11.984638 4.951159 0.422093
v 12.082656 4.951159 0.409189
v 12.082656 19.762083 0.409189
v 11.984638 19.762083 0.422093
v 12.173993 4.951159 0.371356
v 12.173992 19.762083 0.371356
v 12.252427 4.951159 0.311172
v 12.252426 19.762083 0.311172
v 12.312610 4.951159 0.232739
v 12.312609 19.762083 0.232739
v 12.350444 4.951159 0.141401
v 12.350443 19.762083 0.141401
v 12.363346 4.951159 0.043384
v 12.363346 19.762083 0.043384
v 12.350444 4.951159 -0.054633
v 12.350443 19.762083 -0.054633
v 12.312609 4.951159 -0.145970
v 12.312609 19.762083 -0.145970
v 12.252427 4.951159 -0.224403
v 12.252426 19.762083 -0.224403
v 12.173993 4.951159 -0.284587
v 12.173992 19.762083 -0.284587
v 12.082656 4.951159 -0.322420
v 12.082656 19.762083 -0.322420
v 11.984638 4.951159 -0.335324
v 11.984638 19.762083 -0.335324
v 11.886621 4.951159 -0.322420
v 11.886621 19.762083 -0.322420
v 11.795285 4.951159 -0.284587
v 11.795284 19.762083 -0.284587
v 11.716851 4.951159 -0.224403
v 11.716850 19.762083 -0.224403
v 11.656668 4.951159 -0.145970
v 11.656668 19.762083 -0.145970
v 11.618834 4.951159 -0.054633
v 11.618833 19.762083 -0.054633
v 11.605930 4.951159 0.043384
v 11.605929 19.762083 0.043384
v 11.618834 4.951159 0.141401
v 11.618833 19.762083 0.141401
v 11.656668 4.951159 0.232739
v 11.656668 19.762083 0.232739
v 11.716851 4.951159 0.311172
v 11.716851 19.762083 0.311172
v 11.795285 4.951159 0.371356
v 11.795284 19.762083 0.371356
v 11.886621 4.951159 0.409189
v 11.886621 19.762083 0.409189
v -1.569223 19.709780 -1.227045
v -1.569223 20.198192 -1.227045
v -1.569222 19.709780 1.313816
v -1.569223 20.198192 1.313816
v -4.110084 19.709780 -1.227045
v -4.110084 20.198192 -1.227045
v -4.110084 19.709780 1.313816
v -4.110084 20.198192 1.313816
v 10.714207 19.709780 -1.227046
v 10.714207 20.198193 -1.227046
v 10.714207 19.709780 1.313815
v 10.714207 20.198193 1.313815
v 13.255068 19.709780 -1.227046
v 13.255068 20.198193 -1.227046
v 13.255069 19.709780 1.313815
v 13.255068 20.198193 1.313815
vt 0.703475 0.559434
vt 0.703475 0.322116
vt 0.818284 0.322116
vt 0.822830 0.322116
vt 0.834217 0.322116
vt 0.834217 0.560824
vt 0.822830 0.559702
vt 0.818284 0.559434
vt 0.698928 0.559702
vt 0.698928 0.322116
vt 0.703475 0.029097
vt 0.704582 0.023242
vt 0.817242 0.023242
vt 0.818284 0.029097
vt 0.822830 0.028830
vt 0.834217 0.027708
vt 0.822284 0.562447
vt 0.833010 0.566890
vt 0.817176 0.565290
vt 0.704582 0.565290
vt 0.699474 0.562447
vt 0.687542 0.560824
vt 0.687542 0.322116
vt 0.698928 0.028830
vt 0.701759 0.023796
vt 0.703475 0.011855
vt 0.818363 0.011855
vt 0.819988 0.023788
vt 0.822284 0.026084
vt 0.833010 0.021642
vt 0.821364 0.563824
vt 0.829573 0.572033
vt 0.820000 0.564736
vt 0.818284 0.576677
vt 0.703475 0.576677
vt 0.701759 0.564736
vt 0.700394 0.563824
vt 0.688748 0.566890
vt 0.687542 0.027708
vt 0.699474 0.026084
vt 0.700394 0.024708
vt 0.697328 0.013062
vt 0.824430 0.013062
vt 0.821364 0.024708
vt 0.829573 0.016499
vt 0.824430 0.575470
vt 0.697328 0.575470
vt 0.692185 0.572033
vt 0.688748 0.021642
vt 0.692185 0.016499
vt 0.855879 0.559434
vt 0.855879 0.322116
vt 0.970688 0.322116
vt 0.975235 0.322116
vt 0.986621 0.322116
vt 0.986621 0.560824
vt 0.975235 0.559702
vt 0.970688 0.559434
vt 0.851332 0.559702
vt 0.851332 0.322116
vt 0.973769 0.024708
vt 0.974689 0.026084
vt 0.975235 0.028830
vt 0.855879 0.029097
vt 0.856986 0.023242
vt 0.969647 0.023242
vt 0.972392 0.023788
vt 0.986621 0.027708
vt 0.974689 0.562447
vt 0.985415 0.566890
vt 0.969581 0.565290
vt 0.856986 0.565290
vt 0.851878 0.562447
vt 0.839946 0.560824
vt 0.839946 0.322116
vt 0.851332 0.028830
vt 0.981978 0.016499
vt 0.985415 0.021642
vt 0.854163 0.023796
vt 0.855879 0.011855
vt 0.970768 0.011855
vt 0.976835 0.013062
vt 0.973769 0.563824
vt 0.981978 0.572033
vt 0.972404 0.564736
vt 0.970688 0.576677
vt 0.855879 0.576677
vt 0.854163 0.564736
vt 0.852798 0.563824
vt 0.841152 0.566890
vt 0.839946 0.027708
vt 0.851878 0.026084
vt 0.852798 0.024708
vt 0.849732 0.013062
vt 0.976835 0.575470
vt 0.849732 0.575470
vt 0.844589 0.572033
vt 0.841152 0.021642
vt 0.844589 0.016499
vt 0.497455 0.562332
vt 0.382646 0.562332
vt 0.382646 0.325014
vt 0.497455 0.325014
vt 0.496348 0.568188
vt 0.383753 0.568188
vt 0.378100 0.562600
vt 0.378100 0.325014
vt 0.383688 0.026140
vt 0.382566 0.014753
vt 0.497455 0.014753
vt 0.496348 0.026140
vt 0.497455 0.031995
vt 0.382646 0.031995
vt 0.502002 0.325014
vt 0.502002 0.562600
vt 0.499172 0.567634
vt 0.497455 0.579575
vt 0.382646 0.579575
vt 0.380930 0.567634
vt 0.378646 0.565345
vt 0.366713 0.563721
vt 0.366713 0.325014
vt 0.378100 0.031728
vt 0.380942 0.026686
vt 0.376499 0.015960
vt 0.503602 0.015960
vt 0.499172 0.026694
vt 0.502002 0.031728
vt 0.513388 0.325014
vt 0.513388 0.563721
vt 0.501456 0.565345
vt 0.500536 0.566722
vt 0.503602 0.578368
vt 0.376499 0.578368
vt 0.379566 0.566722
vt 0.367920 0.569788
vt 0.366713 0.030606
vt 0.378646 0.028982
vt 0.379566 0.027606
vt 0.371356 0.019397
vt 0.508745 0.019397
vt 0.500536 0.027606
vt 0.513388 0.030606
vt 0.501456 0.028982
vt 0.512181 0.569788
vt 0.508745 0.574931
vt 0.371356 0.574931
vt 0.367920 0.024540
vt 0.512181 0.024540
vt 0.651452 0.562332
vt 0.536643 0.562332
vt 0.536643 0.325014
vt 0.651452 0.325014
vt 0.650344 0.568188
vt 0.537750 0.568188
vt 0.532096 0.562600
vt 0.532096 0.325014
vt 0.536643 0.031995
vt 0.651452 0.031995
vt 0.655998 0.325014
vt 0.655998 0.562600
vt 0.653168 0.567634
vt 0.651452 0.579575
vt 0.536643 0.579575
vt 0.534926 0.567634
vt 0.532642 0.565345
vt 0.520710 0.563721
vt 0.520710 0.325014
vt 0.532096 0.031728
vt 0.537684 0.026140
vt 0.650344 0.026140
vt 0.655998 0.031728
vt 0.667385 0.325014
vt 0.667385 0.563721
vt 0.655452 0.565345
vt 0.654532 0.566722
vt 0.657598 0.578368
vt 0.530496 0.578368
vt 0.533562 0.566722
vt 0.521916 0.569788
vt 0.520710 0.030606
vt 0.532642 0.028982
vt 0.534939 0.026686
vt 0.536563 0.014753
vt 0.651452 0.014753
vt 0.653168 0.026694
vt 0.667385 0.030606
vt 0.655452 0.028982
vt 0.666178 0.569788
vt 0.662742 0.574931
vt 0.525353 0.574931
vt 0.521916 0.024540
vt 0.533562 0.027606
vt 0.530496 0.015960
vt 0.657598 0.015960
vt 0.654532 0.027606
vt 0.666178 0.024540
vt 0.525353 0.019397
vt 0.662742 0.019397
vt 0.167162 0.681873
vt 0.167162 0.651972
vt 0.169875 0.651972
vt 0.169875 0.681873
vt 0.164449 0.681873
vt 0.164449 0.651972
vt 0.172403 0.651972
vt 0.172403 0.681873
vt 0.167162 0.867286
vt 0.169875 0.867286
vt 0.161921 0.681873
vt 0.161921 0.651972
vt 0.164449 0.867286
vt 0.174574 0.651972
vt 0.174574 0.681873
vt 0.172403 0.867286
vt 0.159750 0.681873
vt 0.159750 0.651972
vt 0.161921 0.867286
vt 0.176240 0.651972
vt 0.176240 0.681873
vt 0.174574 0.867286
vt 0.158084 0.681873
vt 0.158084 0.651972
vt 0.159750 0.867286
vt 0.176240 0.867286
vt 0.158084 0.867286
vt 0.150431 0.838140
vt 0.150431 0.868040
vt 0.147904 0.868040
vt 0.147904 0.838140
vt 0.152602 0.838140
vt 0.152602 0.868040
vt 0.145190 0.868040
vt 0.145190 0.838140
vt 0.150431 0.652727
vt 0.147904 0.652727
vt 0.154268 0.838140
vt 0.154268 0.868040
vt 0.152602 0.652727
vt 0.142477 0.868040
vt 0.142477 0.838140
vt 0.145190 0.652727
vt 0.154268 0.652727
vt 0.139949 0.868040
vt 0.139949 0.838140
vt 0.142477 0.652727
vt 0.137778 0.868040
vt 0.137778 0.838140
vt 0.139949 0.652727
vt 0.136112 0.868040
vt 0.136112 0.838140
vt 0.137778 0.652727
vt 0.136112 0.652727
vt 0.106009 0.682628
vt 0.103296 0.682628
vt 0.103296 0.652727
vt 0.106009 0.652727
vt 0.106009 0.868041
vt 0.103296 0.868041
vt 0.100768 0.682628
vt 0.100768 0.652727
vt 0.108723 0.682628
vt 0.108723 0.652727
vt 0.100768 0.868041
vt 0.108723 0.868041
vt 0.098597 0.682628
vt 0.098597 0.652727
vt 0.111251 0.682628
vt 0.111251 0.652727
vt 0.098597 0.868041
vt 0.111251 0.868041
vt 0.096931 0.682628
vt 0.096931 0.652727
vt 0.113422 0.682628
vt 0.113422 0.652727
vt 0.096931 0.868041
vt 0.113422 0.868041
vt 0.115088 0.682628
vt 0.115088 0.652727
vt 0.115088 0.868041
vt 0.061586 0.838139
vt 0.064114 0.838139
vt 0.064114 0.868040
vt 0.061586 0.868040
vt 0.061586 0.652726
vt 0.064114 0.652726
vt 0.066828 0.838139
vt 0.066828 0.868040
vt 0.059416 0.838139
vt 0.059416 0.868040
vt 0.066828 0.652726
vt 0.059416 0.652726
vt 0.069541 0.838139
vt 0.069541 0.868040
vt 0.057750 0.838139
vt 0.057750 0.868040
vt 0.069541 0.652726
vt 0.057750 0.652726
vt 0.072069 0.838139
vt 0.072069 0.868040
vt 0.072069 0.652726
vt 0.074240 0.838139
vt 0.074240 0.868040
vt 0.074240 0.652726
vt 0.075906 0.838139
vt 0.075906 0.868040
vt 0.075906 0.652726
vt 0.472281 0.879931
vt 0.485800 0.879931
vt 0.485800 0.950262
vt 0.472281 0.950262
vt 0.448220 0.950262
vt 0.434701 0.950262
vt 0.434701 0.879931
vt 0.448220 0.879931
vt 0.245917 0.950262
vt 0.245917 0.879931
vt 0.259437 0.879931
vt 0.259437 0.950262
vt 0.221857 0.879931
vt 0.221857 0.950262
vt 0.208338 0.950262
vt 0.208338 0.879931
vt 0.876895 0.863964
vt 0.843243 0.863964
vt 0.843243 0.737465
vt 0.876895 0.737465
vt 0.876895 0.870732
vt 0.843243 0.870732
vt 0.809590 0.863964
vt 0.809590 0.737465
vt 0.843243 0.730786
vt 0.876895 0.730786
vt 0.876895 0.876395
vt 0.843243 0.876395
vt 0.809590 0.870732
vt 0.809590 0.730786
vt 0.843243 0.725123
vt 0.876895 0.725123
vt 0.876895 0.880179
vt 0.843243 0.880179
vt 0.809590 0.876395
vt 0.809590 0.725123
vt 0.843243 0.721339
vt 0.876895 0.721339
vt 0.809590 0.880179
vt 0.809590 0.721339
vt 0.803454 0.863964
vt 0.769802 0.863964
vt 0.769802 0.737554
vt 0.803454 0.737554
vt 0.803454 0.870732
vt 0.769802 0.870732
vt 0.736149 0.863964
vt 0.736149 0.737554
vt 0.769802 0.730785
vt 0.803454 0.730785
vt 0.803454 0.876395
vt 0.769802 0.876395
vt 0.736149 0.870732
vt 0.736149 0.730785
vt 0.769802 0.725123
vt 0.803454 0.725123
vt 0.803454 0.880178
vt 0.769802 0.880178
vt 0.736149 0.876395
vt 0.736149 0.725123
vt 0.769802 0.721339
vt 0.803454 0.721339
vt 0.736149 0.880178
vt 0.736149 0.721339
vt 0.730014 0.885513
vt 0.696361 0.885513
vt 0.696361 0.759014
vt 0.730014 0.759014
vt 0.730014 0.892281
vt 0.696361 0.892281
vt 0.662708 0.885513
vt 0.662708 0.759014
vt 0.696361 0.752335
vt 0.730014 0.752335
vt 0.730014 0.897944
vt 0.696361 0.897944
vt 0.662708 0.892281
vt 0.662708 0.752335
vt 0.696361 0.746672
vt 0.730014 0.746672
vt 0.730014 0.901728
vt 0.696361 0.901728
vt 0.662708 0.897944
vt 0.662708 0.746672
vt 0.696361 0.742888
vt 0.730014 0.742888
vt 0.662708 0.901728
vt 0.662708 0.742888
vt 0.656573 0.885514
vt 0.622921 0.885514
vt 0.622921 0.759103
vt 0.656573 0.759103
vt 0.656573 0.892282
vt 0.622921 0.892282
vt 0.589268 0.885514
vt 0.589268 0.759103
vt 0.622921 0.752336
vt 0.656573 0.752336
vt 0.656573 0.897945
vt 0.622921 0.897945
vt 0.589268 0.892282
vt 0.589268 0.752336
vt 0.622921 0.746673
vt 0.656573 0.746673
vt 0.656573 0.901729
vt 0.622921 0.901729
vt 0.589268 0.897945
vt 0.589268 0.746673
vt 0.622921 0.742888
vt 0.656573 0.742888
vt 0.589268 0.901729
vt 0.589268 0.742888
vt 0.182340 0.680859
vt 0.182340 0.650959
vt 0.184868 0.650959
vt 0.184868 0.680859
vt 0.187581 0.650959
vt 0.187581 0.680859
vt 0.182340 0.866272
vt 0.184868 0.866272
vt 0.190294 0.650959
vt 0.190294 0.680859
vt 0.187581 0.866272
vt 0.192823 0.650959
vt 0.192823 0.680859
vt 0.190294 0.866272
vt 0.192823 0.866272
vt 0.130842 0.838140
vt 0.130842 0.868041
vt 0.128313 0.868041
vt 0.128313 0.838140
vt 0.125600 0.868041
vt 0.125600 0.838140
vt 0.130842 0.652727
vt 0.128313 0.652727
vt 0.122887 0.868041
vt 0.122887 0.838140
vt 0.125600 0.652727
vt 0.120359 0.868041
vt 0.120359 0.838140
vt 0.122887 0.652727
vt 0.120359 0.652727
vt 0.081177 0.838140
vt 0.083705 0.838140
vt 0.083705 0.868041
vt 0.081177 0.868041
vt 0.081177 0.652727
vt 0.083705 0.652727
vt 0.086418 0.838140
vt 0.086418 0.868041
vt 0.086418 0.652727
vt 0.089131 0.838140
vt 0.089131 0.868041
vt 0.089131 0.652727
vt 0.091660 0.838140
vt 0.091660 0.868041
vt 0.091660 0.652727
vt 0.052479 0.682626
vt 0.049951 0.682626
vt 0.049951 0.652726
vt 0.052479 0.652726
vt 0.052479 0.868039
vt 0.049951 0.868039
vt 0.047238 0.682626
vt 0.047238 0.652726
vt 0.047238 0.868039
vt 0.044525 0.682626
vt 0.044525 0.652726
vt 0.044525 0.868039
vt 0.041996 0.682626
vt 0.041996 0.652726
vt 0.041996 0.868039
vt 0.491072 0.879931
vt 0.504590 0.879931
vt 0.504590 0.950262
vt 0.491072 0.950262
vt 0.467010 0.950261
vt 0.453491 0.950261
vt 0.453491 0.879931
vt 0.467010 0.879931
vt 0.278227 0.879931
vt 0.278227 0.950261
vt 0.264708 0.950261
vt 0.264708 0.879931
vt 0.227127 0.950262
vt 0.227127 0.879931
vt 0.240646 0.879931
vt 0.240646 0.950262
vt 0.061297 0.600999
vt 0.061297 0.347264
vt 0.093785 0.347264
vt 0.093785 0.600999
vt 0.028809 0.600999
vt 0.028809 0.347264
vt 0.061297 0.034323
vt 0.093785 0.034323
vt 0.093785 0.607448
vt 0.061297 0.607448
vt 0.028809 0.607448
vt 0.028809 0.034323
vt 0.061297 0.027874
vt 0.093785 0.027874
vt 0.028809 0.027874
vt 0.165283 0.034324
vt 0.165283 0.288059
vt 0.132795 0.288059
vt 0.132794 0.034324
vt 0.165283 0.600998
vt 0.132795 0.600998
vt 0.100307 0.034324
vt 0.100307 0.288059
vt 0.132794 0.027874
vt 0.165283 0.027874
vt 0.165283 0.607448
vt 0.132795 0.607448
vt 0.100307 0.600998
vt 0.100307 0.027874
vt 0.100307 0.607448
vt 0.204292 0.600999
vt 0.204293 0.347264
vt 0.236781 0.347264
vt 0.236781 0.600999
vt 0.171804 0.600999
vt 0.171804 0.347264
vt 0.204293 0.034323
vt 0.236781 0.034323
vt 0.236781 0.607448
vt 0.204292 0.607448
vt 0.171804 0.607448
vt 0.171804 0.034323
vt 0.204293 0.027874
vt 0.236781 0.027874
vt 0.171804 0.027874
vt 0.308278 0.034324
vt 0.308278 0.288059
vt 0.275790 0.288059
vt 0.275790 0.034324
vt 0.308278 0.600998
vt 0.275790 0.600998
vt 0.243301 0.034324
vt 0.243301 0.288059
vt 0.275790 0.027874
vt 0.308278 0.027874
vt 0.308278 0.607448
vt 0.275790 0.607448
vt 0.243301 0.600998
vt 0.243301 0.027874
vt 0.243301 0.607448
vt 0.034894 0.966887
vt 0.034536 0.964174
vt 0.034894 0.961461
vt 0.035941 0.958933
vt 0.037607 0.956762
vt 0.039778 0.955096
vt 0.042306 0.954049
vt 0.045019 0.953691
vt 0.047732 0.954049
vt 0.050261 0.955096
vt 0.052432 0.956762
vt 0.054097 0.958933
vt 0.055144 0.961461
vt 0.055502 0.964174
vt 0.055144 0.966887
vt 0.054097 0.969415
vt 0.052432 0.971587
vt 0.050261 0.973252
vt 0.047732 0.974299
vt 0.045019 0.974657
vt 0.042306 0.974299
vt 0.039778 0.973252
vt 0.037607 0.971587
vt 0.035941 0.969415
vt 0.061495 0.964175
vt 0.061853 0.961461
vt 0.062900 0.958932
vt 0.064566 0.956763
vt 0.066737 0.955097
vt 0.069265 0.954049
vt 0.071978 0.953692
vt 0.074691 0.954049
vt 0.077220 0.955097
vt 0.079390 0.956763
vt 0.081056 0.958932
vt 0.082103 0.961461
vt 0.082461 0.964175
vt 0.082103 0.966888
vt 0.081056 0.969415
vt 0.079390 0.971587
vt 0.077220 0.973252
vt 0.074691 0.974300
vt 0.071978 0.974657
vt 0.069265 0.974300
vt 0.066737 0.973252
vt 0.064566 0.971587
vt 0.062900 0.969415
vt 0.061853 0.966888
vt 0.088644 0.966887
vt 0.088287 0.964174
vt 0.088644 0.961461
vt 0.089692 0.958933
vt 0.091357 0.956762
vt 0.093528 0.955096
vt 0.096057 0.954049
vt 0.098770 0.953691
vt 0.101483 0.954049
vt 0.104011 0.955096
vt 0.106182 0.956762
vt 0.107848 0.958933
vt 0.108895 0.961461
vt 0.109252 0.964174
vt 0.108895 0.966887
vt 0.107848 0.969415
vt 0.106182 0.971587
vt 0.104011 0.973252
vt 0.101483 0.974299
vt 0.098770 0.974657
vt 0.096057 0.974299
vt 0.093528 0.973252
vt 0.091357 0.971587
vt 0.089692 0.969415
vt 0.089692 0.969415
vt 0.091357 0.971587
vt 0.093528 0.973252
vt 0.096057 0.974299
vt 0.098770 0.974657
vt 0.101483 0.974299
vt 0.104011 0.973252
vt 0.106182 0.971587
vt 0.107848 0.969415
vt 0.108895 0.966887
vt 0.109252 0.964174
vt 0.108895 0.961461
vt 0.107848 0.958933
vt 0.106182 0.956762
vt 0.104011 0.955096
vt 0.101483 0.954049
vt 0.098770 0.953691
vt 0.096057 0.954049
vt 0.093528 0.955096
vt 0.091357 0.956762
vt 0.089692 0.958933
vt 0.088644 0.961461
vt 0.088287 0.964174
vt 0.088644 0.966887
vt 0.115436 0.961462
vt 0.116483 0.958934
vt 0.118149 0.956763
vt 0.120320 0.955097
vt 0.122848 0.954050
vt 0.125561 0.953693
vt 0.128274 0.954050
vt 0.130803 0.955097
vt 0.132973 0.956763
vt 0.134639 0.958934
vt 0.135686 0.961462
vt 0.136044 0.964175
vt 0.135686 0.966888
vt 0.134639 0.969417
vt 0.132973 0.971588
vt 0.130803 0.973254
vt 0.128274 0.974301
vt 0.125561 0.974658
vt 0.122848 0.974301
vt 0.120320 0.973254
vt 0.118149 0.971588
vt 0.116483 0.969417
vt 0.115436 0.966888
vt 0.115078 0.964175
vt 0.141870 0.964176
vt 0.142227 0.961463
vt 0.143275 0.958936
vt 0.144940 0.956764
vt 0.147111 0.955098
vt 0.149640 0.954051
vt 0.152353 0.953693
vt 0.155066 0.954051
vt 0.157594 0.955098
vt 0.159765 0.956764
vt 0.161431 0.958936
vt 0.162478 0.961463
vt 0.162835 0.964176
vt 0.162478 0.966890
vt 0.161431 0.969418
vt 0.159765 0.971588
vt 0.157594 0.973254
vt 0.155066 0.974301
vt 0.152353 0.974659
vt 0.149640 0.974301
vt 0.147111 0.973254
vt 0.144940 0.971588
vt 0.143275 0.969418
vt 0.142227 0.966890
vt 0.170066 0.958934
vt 0.171732 0.956763
vt 0.173903 0.955097
vt 0.176431 0.954050
vt 0.179144 0.953693
vt 0.181857 0.954050
vt 0.184386 0.955097
vt 0.186556 0.956763
vt 0.188222 0.958934
vt 0.189269 0.961462
vt 0.189627 0.964175
vt 0.189269 0.966888
vt 0.188222 0.969417
vt 0.186556 0.971588
vt 0.184386 0.973254
vt 0.181857 0.974301
vt 0.179144 0.974658
vt 0.176431 0.974301
vt 0.173903 0.973254
vt 0.171732 0.971588
vt 0.170066 0.969417
vt 0.169019 0.966888
vt 0.168661 0.964175
vt 0.169019 0.961462
vt 0.169019 0.961462
vt 0.168661 0.964175
vt 0.169019 0.966888
vt 0.170066 0.969417
vt 0.171732 0.971588
vt 0.173903 0.973254
vt 0.176431 0.974301
vt 0.179144 0.974658
vt 0.181857 0.974301
vt 0.184386 0.973254
vt 0.186556 0.971588
vt 0.188222 0.969417
vt 0.189269 0.966888
vt 0.189627 0.964175
vt 0.189269 0.961462
vt 0.188222 0.958934
vt 0.186556 0.956763
vt 0.184386 0.955097
vt 0.181857 0.954050
vt 0.179144 0.953693
vt 0.176431 0.954050
vt 0.173903 0.955097
vt 0.171732 0.956763
vt 0.170066 0.958934
vt 0.429430 0.950263
vt 0.359100 0.950263
vt 0.359100 0.879931
vt 0.429430 0.879931
vt 0.283498 0.950262
vt 0.283498 0.879931
vt 0.353829 0.879931
vt 0.353829 0.950262
vt 0.132736 0.950263
vt 0.132736 0.879931
vt 0.203066 0.879931
vt 0.203066 0.950263
vt 0.057134 0.879931
vt 0.127465 0.879931
vt 0.127465 0.950262
vt 0.057134 0.950262
vn -0.000000 0.000000 -1.000000
vn -0.000000 0.000000 -1.000000
vn -0.000000 -0.000000 -1.000000
vn -0.000000 0.000000 -1.000000
vn -0.000000 0.000000 -1.000000
vn -0.000000 0.000000 -1.000000
vn -0.000001 0.000000 -1.000000
vn -0.000000 -0.000000 -1.000000
vn -0.000000 0.000000 -1.000000
vn -0.000000 -0.000000 -1.000000
vn -0.000000 -0.000000 -1.000000
vn -0.000000 0.000000 -1.000000
vn -0.000000 0.000000 -1.000000
vn -0.000001 -0.000000 -1.000000
vn -0.000000 0.000000 -1.000000
vn -0.000000 -0.000000 -1.000000
vn -0.098018 0.995185 -0.000000
vn -0.000000 1.000000 -0.000000
vn -0.000000 1.000000 0.000000
vn -0.098018 0.995185 0.000000
vn 0.995306 0.096776 -0.000000
vn 0.995306 0.096776 -0.000000
vn 0.995185 -0.098017 -0.000000
vn 0.995185 -0.098017 -0.000000
vn -0.995306 -0.096775 0.000000
vn -0.995306 -0.096775 0.000000
vn -0.995306 0.096776 0.000000
vn -0.995306 0.096776 0.000000
vn -0.098018 -0.995185 0.000000
vn 0.000000 -1.000000 0.000000
vn 0.000000 -1.000000 0.000000
vn -0.098018 -0.995185 0.000000
vn 0.098018 -0.995185 0.000000
vn 0.098018 -0.995185 -0.000000
vn 0.000000 -1.000000 0.000000
vn 0.000000 -1.000000 0.000000
vn -0.000000 1.000000 0.000000
vn -0.000000 1.000000 -0.000000
vn 0.098018 0.995185 -0.000000
vn 0.098018 0.995185 -0.000000
vn -0.098018 0.995185 -0.000000
vn -0.098018 0.995185 0.000000
vn -0.382684 0.923879 0.000000
vn -0.382684 0.923879 0.000000
vn -0.382684 0.923879 0.000000
vn -0.382684 0.923879 0.000000
vn -0.707107 0.707107 0.000000
vn -0.707107 0.707107 0.000000
vn -0.707107 0.707107 0.000000
vn -0.707107 0.707107 0.000000
vn -0.924356 0.381531 0.000000
vn -0.924356 0.381531 0.000000
vn -0.924356 0.381531 0.000000
vn -0.924356 0.381531 0.000000
vn -0.995306 0.096776 0.000000
vn -0.995306 0.096776 0.000000
vn -0.098018 -0.995185 0.000000
vn -0.098018 -0.995185 0.000000
vn -0.382682 -0.923880 0.000000
vn -0.382682 -0.923880 0.000000
vn -0.382682 -0.923880 0.000000
vn -0.382682 -0.923880 0.000000
vn -0.707106 -0.707107 0.000000
vn -0.707106 -0.707107 0.000000
vn -0.707106 -0.707107 0.000000
vn -0.707106 -0.707107 0.000000
vn -0.924357 -0.381529 0.000000
vn -0.924357 -0.381529 0.000000
vn -0.924357 -0.381529 0.000000
vn -0.924357 -0.381529 0.000000
vn -0.995306 -0.096775 0.000000
vn -0.995306 -0.096775 0.000000
vn 0.098018 0.995185 -0.000000
vn 0.098018 0.995185 -0.000000
vn 0.382684 0.923879 -0.000000
vn 0.382684 0.923879 -0.000000
vn 0.382684 0.923879 -0.000000
vn 0.382684 0.923879 -0.000000
vn 0.707107 0.707107 -0.000000
vn 0.707107 0.707107 -0.000000
vn 0.707107 0.707107 -0.000000
vn 0.707107 0.707107 -0.000000
vn 0.924356 0.381531 -0.000000
vn 0.924356 0.381531 -0.000000
vn 0.924356 0.381531 -0.000000
vn 0.924356 0.381531 -0.000000
vn 0.995306 0.096776 -0.000000
vn 0.995306 0.096776 -0.000000
vn 0.995185 -0.098017 -0.000000
vn 0.995185 -0.098017 -0.000000
vn 0.923880 -0.382682 -0.000000
vn 0.923880 -0.382682 -0.000000
vn 0.923880 -0.382682 -0.000000
vn 0.923880 -0.382682 -0.000000
vn 0.707106 -0.707107 -0.000000
vn 0.707106 -0.707107 -0.000000
vn 0.707106 -0.707107 -0.000000
vn 0.707106 -0.707107 -0.000000
vn 0.382682 -0.923880 -0.000000
vn 0.382682 -0.923880 -0.000000
vn 0.382682 -0.923880 -0.000000
vn 0.382682 -0.923880 -0.000000
vn 0.098018 -0.995185 -0.000000
vn 0.098018 -0.995185 0.000000
vn -0.000000 0.000000 -1.000000
vn -0.000001 -0.000000 -1.000000
vn -0.000000 -0.000000 -1.000000
vn -0.000000 0.000000 -1.000000
vn -0.000000 -0.000000 -1.000000
vn -0.000001 -0.000000 -1.000000
vn -0.000000 -0.000000 -1.000000
vn -0.000000 -0.000000 -1.000000
vn -0.000000 0.000000 -1.000000
vn -0.000000 -0.000000 -1.000000
vn -0.000000 -0.000000 -1.000000
vn -0.000001 0.000000 -1.000000
vn -0.000000 0.000000 -1.000000
vn -0.000000 -0.000000 -1.000000
vn -0.000000 -0.000000 -1.000000
vn -0.000000 -0.000000 -1.000000
vn -0.000000 -0.000000 -1.000000
vn -0.000000 -0.000000 -1.000000
vn -0.000000 0.000000 -1.000000
vn -0.000000 0.000000 -1.000000
vn -0.000000 -0.000000 -1.000000
vn 0.000000 -0.000000 -1.000000
vn 0.000000 0.000000 -1.000000
vn -0.000000 -0.000000 -1.000000
vn -0.000000 0.000000 -1.000000
vn -0.000000 0.000000 -1.000000
vn -0.000000 -0.000000 -1.000000
vn -0.000000 -0.000000 -1.000000
vn -0.000000 0.000000 -1.000000
vn -0.000000 -0.000000 -1.000000
vn -0.000000 0.000000 -1.000000
vn -0.000000 0.000000 -1.000000
vn -0.000001 0.000000 -1.000000
vn -0.000000 0.000000 -1.000000
vn -0.000000 -0.000000 -1.000000
vn -0.000000 -0.000000 -1.000000
vn -0.000000 0.000000 -1.000000
vn -0.000000 0.000000 -1.000000
vn -0.000000 -0.000000 -1.000000
vn -0.000000 -0.000000 -1.000000
vn 0.000000 -0.000000 -1.000000
vn -0.000001 -0.000000 -1.000000
vn -0.000000 0.000000 -1.000000
vn -0.000000 -0.000000 -1.000000
vn 0.000000 -0.000000 -1.000000
vn 0.000000 -0.000000 -1.000000
vn -0.000000 -0.000000 -1.000000
vn 0.000000 0.000000 -1.000000
vn 0.000000 -0.000000 -1.000000
vn -0.000000 -0.000000 -1.000000
vn -0.000000 0.000000 -1.000000
vn 0.000000 0.000000 -1.000000
vn -0.000000 -0.000000 -1.000000
vn 0.000000 -0.000000 -1.000000
vn 0.000000 0.000000 -1.000000
vn -0.000000 0.000000 -1.000000
vn -0.000000 0.000000 -1.000000
vn -0.000000 0.000000 -1.000000
vn -0.000000 0.000000 -1.000000
vn -0.000000 -0.000000 -1.000000
vn -0.000000 0.000000 -1.000000
vn -0.000000 0.000000 -1.000000
vn -0.000000 -0.000000 -1.000000
vn -0.000000 -0.000000 -1.000000
vn -0.000001 0.000000 -1.000000
vn -0.000000 0.000000 -1.000000
vn -0.000000 -0.000000 -1.000000
vn -0.000000 -0.000000 -1.000000
vn -0.000001 -0.000000 -1.000000
vn -0.000001 0.000000 -1.000000
vn -0.000000 -0.000000 -1.000000
vn -0.000000 -0.000000 -1.000000
vn -0.000001 -0.000000 -1.000000
vn -0.000001 0.000000 -1.000000
vn -0.000000 -0.000000 -1.000000
vn -0.000000 -0.000000 -1.000000
vn -0.000001 -0.000000 -1.000000
vn -0.000001 0.000000 -1.000000
vn -0.000000 0.000000 -1.000000
vn -0.000000 0.000000 -1.000000
vn -0.000000 -0.000000 -1.000000
vn -0.000000 0.000000 -1.000000
vn -0.000001 0.000000 -1.000000
vn -0.000000 0.000000 -1.000000
vn -0.000000 0.000000 -1.000000
vn -0.000001 -0.000000 -1.000000
vn -0.000000 -0.000000 -1.000000
vn -0.000000 0.000000 -1.000000
vn -0.000000 -0.000000 -1.000000
vn -0.000000 -0.000000 -1.000000
vn -0.000000 0.000000 -1.000000
vn -0.000000 0.000000 -1.000000
vn -0.000001 -0.000000 -1.000000
vn -0.000000 0.000000 -1.000000
vn -0.000001 0.000000 -1.000000
vn -0.000000 0.000000 -1.000000
vn -0.000000 0.000000 -1.000000
vn -0.000000 0.000000 -1.000000
vn -0.000000 0.000000 -1.000000
vn -0.000000 0.000000 -1.000000
vn -0.000000 0.000000 -1.000000
vn -0.000000 0.000000 -1.000000
vn -0.000001 0.000000 -1.000000
vn -0.000000 0.000000 -1.000000
vn -0.000000 0.000000 -1.000000
vn -0.000000 -0.000000 -1.000000
vn -0.000000 0.000000 -1.000000
vn -0.000000 -0.000000 -1.000000
vn -0.000000 0.000000 -1.000000
vn -0.000000 -0.000000 -1.000000
vn -0.000000 -0.000000 -1.000000
vn -0.000000 -0.000000 -1.000000
vn -0.000000 -0.000000 -1.000000
vn -0.000000 -0.000000 -1.000000
vn 0.000000 -0.000000 -1.000000
vn -0.000000 -0.000000 -1.000000
vn -0.000000 -0.000000 -1.000000
vn -0.000000 -0.000000 -1.000000
vn 0.000000 -0.000000 -1.000000
vn -0.000000 -0.000000 -1.000000
vn -0.000001 -0.000000 -1.000000
vn -0.000000 0.000000 -1.000000
vn -0.000001 0.000000 -1.000000
vn -0.000000 0.000000 -1.000000
vn -0.000000 0.000000 -1.000000
vn -0.000000 0.000000 -1.000000
vn -0.000000 0.000000 -1.000000
vn -0.000000 0.000000 -1.000000
vn -0.000000 0.000000 -1.000000
vn -0.000000 0.000000 -1.000000
vn -0.000001 0.000000 -1.000000
vn -0.000000 0.000000 -1.000000
vn -0.000000 -0.000000 -1.000000
vn -0.000000 -0.000000 -1.000000
vn 0.000000 -0.000000 -1.000000
vn -0.000001 0.000000 -1.000000
vn -0.000001 -0.000000 -1.000000
vn -0.000000 -0.000000 -1.000000
vn -0.000001 -0.000000 -1.000000
vn 0.000000 -0.000000 -1.000000
vn -0.000000 -0.000000 -1.000000
vn 0.000000 -0.000000 -1.000000
vn 0.000000 -0.000000 -1.000000
vn -0.000000 -0.000000 -1.000000
vn -0.000000 0.000000 -1.000000
vn -0.000000 0.000000 -1.000000
vn -0.000000 -0.000000 -1.000000
vn -0.000000 0.000000 -1.000000
vn -0.000000 0.000000 -1.000000
vn -0.000000 0.000000 -1.000000
vn -0.000001 0.000000 -1.000000
vn -0.000000 -0.000000 -1.000000
vn 0.000000 0.000000 -1.000000
vn -0.000001 0.000000 -1.000000
vn -0.000001 -0.000000 -1.000000
vn -0.000000 0.000000 -1.000000
vn -0.000000 -0.000000 -1.000000
vn -0.000000 0.000000 -1.000000
vn -0.000000 -0.000000 -1.000000
vn -0.000000 -0.000000 -1.000000
vn -0.000000 0.000000 -1.000000
vn 0.000000 0.000000 -1.000000
vn -0.098016 0.995185 -0.000000
vn -0.000000 1.000000 -0.000000
vn -0.000000 1.000000 0.000000
vn -0.098016 0.995185 0.000000
vn 0.995306 0.096776 -0.000000
vn 0.995306 0.096776 -0.000000
vn 0.995185 -0.098017 -0.000000
vn 0.995185 -0.098017 -0.000000
vn -0.995306 -0.096776 0.000000
vn -0.995306 -0.096776 0.000000
vn -0.995306 0.096776 0.000000
vn -0.995306 0.096776 0.000000
vn -0.098018 -0.995185 0.000000
vn 0.000000 -1.000000 0.000000
vn 0.000000 -1.000000 0.000000
vn -0.098018 -0.995185 0.000000
vn 0.098018 -0.995185 -0.000000
vn 0.098018 -0.995185 -0.000000
vn 0.000000 -1.000000 0.000000
vn 0.000000 -1.000000 0.000000
vn -0.000000 1.000000 0.000000
vn -0.000000 1.000000 -0.000000
vn 0.098016 0.995185 0.000000
vn 0.098016 0.995185 -0.000000
vn -0.098016 0.995185 -0.000000
vn -0.098016 0.995185 0.000000
vn -0.382682 0.923880 0.000000
vn -0.382682 0.923880 0.000000
vn -0.382682 0.923880 0.000000
vn -0.382682 0.923880 0.000000
vn -0.707107 0.707106 0.000000
vn -0.707107 0.707106 0.000000
vn -0.707107 0.707106 0.000000
vn -0.707107 0.707106 0.000000
vn -0.924357 0.381530 0.000000
vn -0.924357 0.381530 0.000000
vn -0.924357 0.381530 0.000000
vn -0.924357 0.381530 0.000000
vn -0.995306 0.096776 0.000000
vn -0.995306 0.096776 0.000000
vn -0.098018 -0.995185 0.000000
vn -0.098018 -0.995185 0.000000
vn -0.382682 -0.923880 0.000000
vn -0.382682 -0.923880 0.000000
vn -0.382682 -0.923880 0.000000
vn -0.382682 -0.923880 0.000000
vn -0.707107 -0.707107 0.000000
vn -0.707107 -0.707107 0.000000
vn -0.707107 -0.707107 0.000000
vn -0.707107 -0.707107 0.000000
vn -0.924357 -0.381529 0.000000
vn -0.924357 -0.381529 0.000000
vn -0.924357 -0.381529 0.000000
vn -0.924357 -0.381529 0.000000
vn -0.995306 -0.096776 0.000000
vn -0.995306 -0.096776 0.000000
vn 0.098016 0.995185 -0.000000
vn 0.098016 0.995185 0.000000
vn 0.382682 0.923880 -0.000000
vn 0.382682 0.923880 -0.000000
vn 0.382682 0.923880 -0.000000
vn 0.382682 0.923880 -0.000000
vn 0.707107 0.707106 -0.000000
vn 0.707107 0.707106 -0.000000
vn 0.707107 0.707106 -0.000000
vn 0.707107 0.707106 -0.000000
vn 0.924357 0.381530 -0.000000
vn 0.924357 0.381530 -0.000000
vn 0.924357 0.381530 -0.000000
vn 0.924357 0.381530 -0.000000
vn 0.995306 0.096776 -0.000000
vn 0.995306 0.096776 -0.000000
vn 0.995185 -0.098017 -0.000000
vn 0.995185 -0.098017 -0.000000
vn 0.923880 -0.382682 -0.000000
vn 0.923880 -0.382682 -0.000000
vn 0.923880 -0.382682 -0.000000
vn 0.923880 -0.382682 -0.000000
vn 0.707107 -0.707107 -0.000000
vn 0.707107 -0.707107 -0.000000
vn 0.707107 -0.707107 -0.000000
vn 0.707107 -0.707107 -0.000000
vn 0.382683 -0.923880 -0.000000
vn 0.382683 -0.923880 -0.000000
vn 0.382683 -0.923880 -0.000000
vn 0.382683 -0.923880 -0.000000
vn 0.098018 -0.995185 -0.000000
vn 0.098018 -0.995185 -0.000000
vn -0.000000 0.000000 -1.000000
vn -0.000001 -0.000000 -1.000000
vn -0.000001 -0.000000 -1.000000
vn -0.000000 0.000000 -1.000000
vn -0.000000 -0.000000 -1.000000
vn -0.000001 -0.000000 -1.000000
vn -0.000000 -0.000000 -1.000000
vn -0.000000 -0.000000 -1.000000
vn -0.000001 0.000000 -1.000000
vn -0.000000 -0.000000 -1.000000
vn -0.000000 -0.000000 -1.000000
vn -0.000000 0.000000 -1.000000
vn -0.000000 0.000000 -1.000000
vn -0.000000 -0.000000 -1.000000
vn -0.000000 -0.000000 -1.000000
vn -0.000000 0.000000 -1.000000
vn -0.000000 -0.000000 -1.000000
vn -0.000000 -0.000000 -1.000000
vn 0.000000 0.000000 -1.000000
vn -0.000000 -0.000000 -1.000000
vn -0.000000 -0.000000 -1.000000
vn 0.000000 -0.000000 -1.000000
vn -0.000000 -0.000000 -1.000000
vn -0.000000 -0.000000 -1.000000
vn 0.000000 0.000000 -1.000000
vn -0.000000 0.000000 -1.000000
vn -0.000000 0.000000 -1.000000
vn 0.000000 0.000000 -1.000000
vn -0.000000 0.000000 -1.000000
vn -0.000000 -0.000000 -1.000000
vn -0.000000 -0.000000 -1.000000
vn -0.000000 -0.000000 -1.000000
vn -0.000001 0.000000 -1.000000
vn -0.000000 0.000000 -1.000000
vn -0.000000 0.000000 -1.000000
vn -0.000000 -0.000000 -1.000000
vn -0.000000 0.000000 -1.000000
vn 0.000000 0.000000 -1.000000
vn 0.000000 0.000000 -1.000000
vn -0.000000 0.000000 -1.000000
vn -0.000000 -0.000000 -1.000000
vn -0.000001 -0.000000 -1.000000
vn -0.000001 0.000000 -1.000000
vn -0.000000 -0.000000 -1.000000
vn 0.000000 -0.000000 -1.000000
vn -0.000000 -0.000000 -1.000000
vn -0.000000 -0.000000 -1.000000
vn -0.000000 -0.000000 -1.000000
vn -0.000000 -0.000000 -1.000000
vn -0.000001 -0.000000 -1.000000
vn -0.000000 0.000000 -1.000000
vn 0.000000 0.000000 -1.000000
vn -0.000000 -0.000000 -1.000000
vn -0.000000 -0.000000 -1.000000
vn 0.000000 0.000000 -1.000000
vn 0.000000 0.000000 -1.000000
vn 0.000000 0.000000 -1.000000
vn -0.000000 0.000000 -1.000000
vn -0.000000 -0.000000 -1.000000
vn 0.000000 0.000000 -1.000000
vn 0.000000 0.000000 -1.000000
vn 0.000000 0.000000 -1.000000
vn 0.000000 0.000000 -1.000000
vn 0.000000 0.000000 -1.000000
vn -0.000001 0.000000 -1.000000
vn 0.000000 0.000000 -1.000000
vn 0.000000 0.000000 -1.000000
vn -0.000000 -0.000000 -1.000000
vn -0.000001 -0.000000 -1.000000
vn -0.000001 0.000000 -1.000000
vn -0.000000 -0.000000 -1.000000
vn -0.000001 -0.000000 -1.000000
vn -0.000001 -0.000000 -1.000000
vn -0.000001 0.000000 -1.000000
vn -0.000000 -0.000000 -1.000000
vn -0.000000 -0.000000 -1.000000
vn -0.000001 -0.000000 -1.000000
vn -0.000001 0.000000 -1.000000
vn -0.000000 0.000000 -1.000000
vn -0.000001 0.000000 -1.000000
vn -0.000001 -0.000000 -1.000000
vn -0.000001 0.000000 -1.000000
vn -0.000000 0.000000 -1.000000
vn -0.000000 0.000000 -1.000000
vn -0.000000 0.000000 -1.000000
vn -0.000001 -0.000000 -1.000000
vn -0.000000 -0.000000 -1.000000
vn -0.000000 0.000000 -1.000000
vn -0.000000 -0.000000 -1.000000
vn -0.000000 -0.000000 -1.000000
vn -0.000000 0.000000 -1.000000
vn -0.000000 0.000000 -1.000000
vn -0.000001 -0.000000 -1.000000
vn -0.000000 0.000000 -1.000000
vn -0.000001 0.000000 -1.000000
vn -0.000000 0.000000 -1.000000
vn 0.000000 0.000000 -1.000000
vn -0.000000 0.000000 -1.000000
vn 0.000000 0.000000 -1.000000
vn -0.000000 0.000000 -1.000000
vn -0.000000 0.000000 -1.000000
vn -0.000000 0.000000 -1.000000
vn -0.000001 0.000000 -1.000000
vn -0.000000 0.000000 -1.000000
vn -0.000001 0.000000 -1.000000
vn -0.000000 -0.000000 -1.000000
vn -0.000000 0.000000 -1.000000
vn -0.000000 -0.000000 -1.000000
vn -0.000001 0.000000 -1.000000
vn -0.000001 -0.000000 -1.000000
vn -0.000000 -0.000000 -1.000000
vn -0.000000 -0.000000 -1.000000
vn -0.000000 -0.000000 -1.000000
vn -0.000000 -0.000000 -1.000000
vn -0.000000 -0.000000 -1.000000
vn -0.000000 -0.000000 -1.000000
vn -0.000000 -0.000000 -1.000000
vn -0.000001 -0.000000 -1.000000
vn -0.000000 -0.000000 -1.000000
vn -0.000000 -0.000000 -1.000000
vn -0.000000 -0.000000 -1.000000
vn -0.000000 -0.000000 -1.000000
vn 0.000000 -0.000000 -1.000000
vn -0.000001 0.000000 -1.000000
vn -0.000001 -0.000000 -1.000000
vn -0.000000 -0.000000 -1.000000
vn -0.000001 -0.000000 -1.000000
vn -0.000000 -0.000000 -1.000000
vn -0.000000 -0.000000 -1.000000
vn -0.000000 -0.000000 -1.000000
vn 0.000000 -0.000000 -1.000000
vn -0.000000 -0.000000 -1.000000
vn 0.000000 -0.000000 1.000000
vn 0.000000 0.000000 1.000000
vn 0.000000 0.000000 1.000000
vn 0.000000 -0.000000 1.000000
vn -0.098018 0.995185 -0.000000
vn -0.098018 0.995185 -0.000000
vn -0.000000 1.000000 -0.000000
vn -0.000000 1.000000 -0.000000
vn 0.995306 0.096776 -0.000000
vn 0.995185 -0.098017 -0.000000
vn 0.995185 -0.098017 -0.000000
vn 0.995306 0.096776 -0.000000
vn -0.995306 -0.096775 0.000000
vn -0.995306 0.096776 0.000000
vn -0.995306 0.096776 0.000000
vn -0.995306 -0.096775 0.000000
vn -0.098018 -0.995185 0.000000
vn -0.098018 -0.995185 0.000000
vn 0.000000 -1.000000 0.000000
vn 0.000000 -1.000000 0.000000
vn 0.098018 -0.995185 -0.000000
vn 0.000000 -1.000000 0.000000
vn 0.000000 -1.000000 0.000000
vn 0.098018 -0.995185 -0.000000
vn -0.000000 1.000000 -0.000000
vn 0.098018 0.995185 -0.000000
vn 0.098018 0.995185 -0.000000
vn -0.000000 1.000000 -0.000000
vn -0.098018 0.995185 -0.000000
vn -0.382684 0.923879 0.000000
vn -0.382684 0.923879 0.000000
vn -0.098018 0.995185 -0.000000
vn -0.382684 0.923879 0.000000
vn -0.707107 0.707107 0.000000
vn -0.707107 0.707107 0.000000
vn -0.382684 0.923879 0.000000
vn -0.707107 0.707107 0.000000
vn -0.924356 0.381531 0.000000
vn -0.924356 0.381531 0.000000
vn -0.707107 0.707107 0.000000
vn -0.924356 0.381531 0.000000
vn -0.995306 0.096776 0.000000
vn -0.995306 0.096776 0.000000
vn -0.924356 0.381531 0.000000
vn -0.098018 -0.995185 0.000000
vn -0.382682 -0.923880 0.000000
vn -0.382682 -0.923880 0.000000
vn -0.098018 -0.995185 0.000000
vn -0.382682 -0.923880 0.000000
vn -0.707106 -0.707108 0.000000
vn -0.707106 -0.707107 0.000000
vn -0.382682 -0.923880 0.000000
vn -0.707106 -0.707108 0.000000
vn -0.924357 -0.381529 0.000000
vn -0.924357 -0.381529 0.000000
vn -0.707106 -0.707107 0.000000
vn -0.924357 -0.381529 0.000000
vn -0.995306 -0.096775 0.000000
vn -0.995306 -0.096775 0.000000
vn -0.924357 -0.381529 0.000000
vn 0.098018 0.995185 -0.000000
vn 0.382684 0.923879 -0.000000
vn 0.382684 0.923879 -0.000000
vn 0.098018 0.995185 -0.000000
vn 0.382684 0.923879 -0.000000
vn 0.707107 0.707107 -0.000000
vn 0.707107 0.707107 -0.000000
vn 0.382684 0.923879 -0.000000
vn 0.707107 0.707107 -0.000000
vn 0.924356 0.381531 -0.000000
vn 0.924356 0.381531 -0.000000
vn 0.707107 0.707107 -0.000000
vn 0.924356 0.381531 -0.000000
vn 0.995306 0.096776 -0.000000
vn 0.995306 0.096776 -0.000000
vn 0.924356 0.381531 -0.000000
vn 0.995185 -0.098017 -0.000000
vn 0.923880 -0.382682 -0.000000
vn 0.923880 -0.382682 -0.000000
vn 0.995185 -0.098017 -0.000000
vn 0.923880 -0.382682 -0.000000
vn 0.707106 -0.707107 -0.000000
vn 0.707106 -0.707107 -0.000000
vn 0.923880 -0.382682 -0.000000
vn 0.707106 -0.707107 -0.000000
vn 0.382682 -0.923880 -0.000000
vn 0.382682 -0.923880 -0.000000
vn 0.707106 -0.707107 -0.000000
vn 0.382682 -0.923880 -0.000000
vn 0.098018 -0.995185 -0.000000
vn 0.098018 -0.995185 -0.000000
vn 0.382682 -0.923880 -0.000000
vn 0.000000 -0.000000 1.000000
vn 0.000000 -0.000000 1.000000
vn 0.000000 0.000000 1.000000
vn 0.000001 0.000000 1.000000
vn 0.000000 0.000000 1.000000
vn 0.000000 0.000000 1.000000
vn 0.000000 0.000000 1.000000
vn 0.000001 0.000000 1.000000
vn 0.000001 -0.000000 1.000000
vn 0.000001 -0.000000 1.000000
vn 0.000000 -0.000000 1.000000
vn 0.000000 -0.000000 1.000000
vn 0.000001 -0.000000 1.000000
vn 0.000000 -0.000000 1.000000
vn 0.000000 0.000000 1.000000
vn 0.000000 0.000000 1.000000
vn 0.000000 -0.000000 1.000000
vn -0.000000 -0.000000 1.000000
vn -0.000000 -0.000000 1.000000
vn 0.000000 0.000000 1.000000
vn 0.000000 0.000000 1.000000
vn 0.000000 0.000000 1.000000
vn 0.000000 0.000000 1.000000
vn 0.000000 0.000000 1.000000
vn 0.000000 0.000000 1.000000
vn -0.000000 -0.000000 1.000000
vn -0.000000 -0.000000 1.000000
vn -0.000000 0.000000 1.000000
vn 0.000000 -0.000000 1.000000
vn 0.000000 -0.000000 1.000000
vn -0.000000 -0.000000 1.000000
vn 0.000000 -0.000000 1.000000
vn 0.000000 -0.000000 1.000000
vn 0.000000 0.000000 1.000000
vn 0.000000 0.000000 1.000000
vn 0.000000 0.000000 1.000000
vn 0.000000 0.000000 1.000000
vn 0.000000 -0.000000 1.000000
vn 0.000000 0.000000 1.000000
vn 0.000000 -0.000000 1.000000
vn 0.000000 -0.000000 1.000000
vn 0.000000 0.000000 1.000000
vn -0.000000 -0.000000 1.000000
vn 0.000000 -0.000000 1.000000
vn 0.000000 -0.000000 1.000000
vn -0.000000 -0.000000 1.000000
vn 0.000000 -0.000000 1.000000
vn 0.000000 -0.000000 1.000000
vn -0.000000 0.000000 1.000000
vn 0.000000 -0.000000 1.000000
vn 0.000001 -0.000000 1.000000
vn 0.000000 0.000000 1.000000
vn -0.000000 0.000000 1.000000
vn -0.000000 -0.000000 1.000000
vn 0.000000 -0.000000 1.000000
vn -0.000000 0.000000 1.000000
vn -0.000000 0.000000 1.000000
vn 0.000000 0.000000 1.000000
vn 0.000000 -0.000000 1.000000
vn 0.000000 0.000000 1.000000
vn 0.000000 0.000000 1.000000
vn 0.000000 0.000000 1.000000
vn 0.000000 0.000000 1.000000
vn -0.000000 0.000000 1.000000
vn -0.000000 -0.000000 1.000000
vn -0.000000 -0.000000 1.000000
vn 0.000000 0.000000 1.000000
vn 0.000000 -0.000000 1.000000
vn -0.000000 -0.000000 1.000000
vn 0.000000 0.000000 1.000000
vn -0.000000 -0.000000 1.000000
vn -0.000000 -0.000000 1.000000
vn 0.000001 -0.000000 1.000000
vn 0.000001 0.000000 1.000000
vn 0.000000 0.000000 1.000000
vn -0.000000 -0.000000 1.000000
vn 0.000001 0.000000 1.000000
vn 0.000000 0.000000 1.000000
vn 0.000001 0.000000 1.000000
vn 0.000001 -0.000000 1.000000
vn 0.000001 0.000000 1.000000
vn 0.000000 0.000000 1.000000
vn 0.000000 0.000000 1.000000
vn 0.000000 -0.000000 1.000000
vn 0.000000 0.000000 1.000000
vn 0.000001 -0.000000 1.000000
vn 0.000001 -0.000000 1.000000
vn 0.000001 -0.000000 1.000000
vn 0.000000 0.000000 1.000000
vn 0.000000 -0.000000 1.000000
vn 0.000000 -0.000000 1.000000
vn 0.000001 -0.000000 1.000000
vn 0.000000 -0.000000 1.000000
vn 0.000000 -0.000000 1.000000
vn 0.000000 0.000000 1.000000
vn 0.000001 0.000000 1.000000
vn 0.000000 0.000000 1.000000
vn 0.000000 -0.000000 1.000000
vn 0.000000 -0.000000 1.000000
vn 0.000000 0.000000 1.000000
vn 0.000001 0.000000 1.000000
vn 0.000000 -0.000000 1.000000
vn 0.000000 -0.000000 1.000000
vn 0.000000 -0.000000 1.000000
vn 0.000000 -0.000000 1.000000
vn 0.000000 -0.000000 1.000000
vn 0.000000 -0.000000 1.000000
vn 0.000000 -0.000000 1.000000
vn 0.000000 -0.000000 1.000000
vn 0.000000 -0.000000 1.000000
vn 0.000000 -0.000000 1.000000
vn 0.000000 -0.000000 1.000000
vn 0.000000 0.000000 1.000000
vn 0.000001 -0.000000 1.000000
vn 0.000000 -0.000000 1.000000
vn 0.000000 0.000000 1.000000
vn 0.000000 -0.000000 1.000000
vn 0.000000 0.000000 1.000000
vn 0.000000 -0.000000 1.000000
vn 0.000001 0.000000 1.000000
vn 0.000001 -0.000000 1.000000
vn 0.000000 0.000000 1.000000
vn 0.000000 -0.000000 1.000000
vn 0.000000 0.000000 1.000000
vn 0.000001 -0.000000 1.000000
vn 0.000000 0.000000 1.000000
vn 0.000000 0.000000 1.000000
vn 0.000000 0.000000 1.000000
vn 0.000000 0.000000 1.000000
vn 0.000000 0.000000 1.000000
vn -0.000000 0.000000 1.000000
vn 0.000000 0.000000 1.000000
vn 0.000000 0.000000 1.000000
vn 0.000000 0.000000 1.000000
vn 0.000000 0.000000 1.000000
vn -0.000000 0.000000 1.000000
vn 0.000001 0.000000 1.000000
vn 0.000001 -0.000000 1.000000
vn 0.000000 -0.000000 1.000000
vn 0.000000 -0.000000 1.000000
vn 0.000000 -0.000000 1.000000
vn -0.000000 -0.000000 1.000000
vn -0.000000 -0.000000 1.000000
vn 0.000000 -0.000000 1.000000
vn -0.000000 -0.000000 1.000000
vn -0.000000 -0.000000 1.000000
vn 0.000000 -0.000000 1.000000
vn 0.000001 -0.000000 1.000000
vn 0.000000 0.000000 1.000000
vn -0.000000 0.000000 1.000000
vn 0.000000 0.000000 1.000000
vn 0.000001 -0.000000 1.000000
vn 0.000000 0.000000 1.000000
vn 0.000000 0.000000 1.000000
vn 0.000000 0.000000 1.000000
vn 0.000000 0.000000 1.000000
vn -0.000000 0.000000 1.000000
vn -0.000000 0.000000 1.000000
vn 0.000000 0.000000 1.000000
vn -0.000000 0.000000 1.000000
vn 0.000000 -0.000000 1.000000
vn 0.000000 0.000000 1.000000
vn 0.000000 -0.000000 1.000000
vn 0.000000 0.000000 1.000000
vn 0.000000 -0.000000 1.000000
vn 0.000000 0.000000 1.000000
vn 0.000000 0.000000 1.000000
vn 0.000000 -0.000000 1.000000
vn -0.098016 0.995185 -0.000000
vn -0.098016 0.995185 -0.000000
vn -0.000000 1.000000 -0.000000
vn -0.000000 1.000000 -0.000000
vn 0.995306 0.096776 -0.000000
vn 0.995185 -0.098017 -0.000000
vn 0.995185 -0.098017 -0.000000
vn 0.995306 0.096776 -0.000000
vn -0.995306 -0.096776 0.000000
vn -0.995306 0.096776 0.000000
vn -0.995306 0.096776 0.000000
vn -0.995306 -0.096776 0.000000
vn -0.098018 -0.995185 0.000000
vn -0.098018 -0.995185 0.000000
vn 0.000000 -1.000000 0.000000
vn 0.000000 -1.000000 0.000000
vn 0.098018 -0.995185 -0.000000
vn 0.000000 -1.000000 0.000000
vn 0.000000 -1.000000 0.000000
vn 0.098018 -0.995185 -0.000000
vn -0.000000 1.000000 -0.000000
vn 0.098016 0.995185 0.000000
vn 0.098016 0.995185 0.000000
vn -0.000000 1.000000 -0.000000
vn -0.098016 0.995185 -0.000000
vn -0.382682 0.923880 0.000000
vn -0.382682 0.923880 0.000000
vn -0.098016 0.995185 -0.000000
vn -0.382682 0.923880 0.000000
vn -0.707107 0.707106 0.000000
vn -0.707107 0.707106 0.000000
vn -0.382682 0.923880 0.000000
vn -0.707107 0.707106 0.000000
vn -0.924357 0.381530 0.000000
vn -0.924357 0.381530 0.000000
vn -0.707107 0.707106 0.000000
vn -0.924357 0.381530 0.000000
vn -0.995306 0.096776 0.000000
vn -0.995306 0.096776 0.000000
vn -0.924357 0.381530 0.000000
vn -0.098018 -0.995185 0.000000
vn -0.382682 -0.923880 0.000000
vn -0.382682 -0.923880 0.000000
vn -0.098018 -0.995185 0.000000
vn -0.382682 -0.923880 0.000000
vn -0.707106 -0.707107 0.000000
vn -0.707107 -0.707107 0.000000
vn -0.382682 -0.923880 0.000000
vn -0.707106 -0.707107 0.000000
vn -0.924357 -0.381530 0.000000
vn -0.924357 -0.381529 0.000000
vn -0.707107 -0.707107 0.000000
vn -0.924357 -0.381530 0.000000
vn -0.995306 -0.096776 0.000000
vn -0.995306 -0.096776 0.000000
vn -0.924357 -0.381529 0.000000
vn 0.098016 0.995185 0.000000
vn 0.382682 0.923880 -0.000000
vn 0.382682 0.923880 -0.000000
vn 0.098016 0.995185 0.000000
vn 0.382682 0.923880 -0.000000
vn 0.707107 0.707106 -0.000000
vn 0.707107 0.707106 -0.000000
vn 0.382682 0.923880 -0.000000
vn 0.707107 0.707106 -0.000000
vn 0.924357 0.381530 -0.000000
vn 0.924357 0.381530 -0.000000
vn 0.707107 0.707106 -0.000000
vn 0.924357 0.381530 -0.000000
vn 0.995306 0.096776 -0.000000
vn 0.995306 0.096776 -0.000000
vn 0.924357 0.381530 -0.000000
vn 0.995185 -0.098017 -0.000000
vn 0.923880 -0.382682 -0.000000
vn 0.923880 -0.382682 -0.000000
vn 0.995185 -0.098017 -0.000000
vn 0.923880 -0.382682 -0.000000
vn 0.707107 -0.707107 -0.000000
vn 0.707107 -0.707107 -0.000000
vn 0.923880 -0.382682 -0.000000
vn 0.707107 -0.707107 -0.000000
vn 0.382683 -0.923880 -0.000000
vn 0.382683 -0.923880 -0.000000
vn 0.707107 -0.707107 -0.000000
vn 0.382683 -0.923880 -0.000000
vn 0.098018 -0.995185 -0.000000
vn 0.098018 -0.995185 -0.000000
vn 0.382683 -0.923880 -0.000000
vn 0.000000 -0.000000 1.000000
vn 0.000000 -0.000000 1.000000
vn 0.000000 0.000000 1.000000
vn 0.000001 0.000000 1.000000
vn 0.000000 0.000000 1.000000
vn 0.000000 0.000000 1.000000
vn 0.000001 0.000000 1.000000
vn 0.000001 0.000000 1.000000
vn 0.000000 -0.000000 1.000000
vn 0.000000 -0.000000 1.000000
vn 0.000000 -0.000000 1.000000
vn 0.000000 -0.000000 1.000000
vn 0.000001 -0.000000 1.000000
vn 0.000000 -0.000000 1.000000
vn 0.000000 0.000000 1.000000
vn 0.000000 0.000000 1.000000
vn 0.000000 -0.000000 1.000000
vn 0.000000 0.000000 1.000000
vn 0.000000 0.000000 1.000000
vn 0.000000 0.000000 1.000000
vn 0.000000 0.000000 1.000000
vn 0.000000 0.000000 1.000000
vn 0.000000 -0.000000 1.000000
vn 0.000000 0.000000 1.000000
vn 0.000000 0.000000 1.000000
vn 0.000000 0.000000 1.000000
vn -0.000000 -0.000000 1.000000
vn -0.000000 0.000000 1.000000
vn -0.000000 -0.000000 1.000000
vn -0.000000 -0.000000 1.000000
vn 0.000000 0.000000 1.000000
vn 0.000000 -0.000000 1.000000
vn 0.000000 -0.000000 1.000000
vn 0.000000 0.000000 1.000000
vn 0.000000 0.000000 1.000000
vn 0.000000 0.000000 1.000000
vn 0.000001 -0.000000 1.000000
vn 0.000001 0.000000 1.000000
vn -0.000000 -0.000000 1.000000
vn -0.000000 -0.000000 1.000000
vn -0.000000 -0.000000 1.000000
vn -0.000000 -0.000000 1.000000
vn -0.000000 -0.000000 1.000000
vn -0.000000 -0.000000 1.000000
vn 0.000000 0.000000 1.000000
vn -0.000000 -0.000000 1.000000
vn 0.000000 -0.000000 1.000000
vn 0.000001 0.000000 1.000000
vn -0.000000 0.000000 1.000000
vn -0.000000 -0.000000 1.000000
vn -0.000000 -0.000000 1.000000
vn 0.000000 0.000000 1.000000
vn -0.000000 0.000000 1.000000
vn 0.000000 -0.000000 1.000000
vn 0.000000 -0.000000 1.000000
vn 0.000000 0.000000 1.000000
vn 0.000000 0.000000 1.000000
vn 0.000000 -0.000000 1.000000
vn 0.000000 -0.000000 1.000000
vn -0.000000 0.000000 1.000000
vn -0.000000 -0.000000 1.000000
vn -0.000000 -0.000000 1.000000
vn 0.000000 0.000000 1.000000
vn 0.000000 -0.000000 1.000000
vn -0.000000 -0.000000 1.000000
vn -0.000000 -0.000000 1.000000
vn -0.000000 -0.000000 1.000000
vn -0.000000 -0.000000 1.000000
vn 0.000001 -0.000000 1.000000
vn 0.000000 0.000000 1.000000
vn -0.000000 -0.000000 1.000000
vn -0.000000 -0.000000 1.000000
vn 0.000001 0.000000 1.000000
vn 0.000000 0.000000 1.000000
vn 0.000000 0.000000 1.000000
vn 0.000001 -0.000000 1.000000
vn 0.000001 0.000000 1.000000
vn 0.000001 0.000000 1.000000
vn 0.000001 0.000000 1.000000
vn 0.000001 -0.000000 1.000000
vn 0.000001 0.000000 1.000000
vn 0.000000 -0.000000 1.000000
vn 0.000000 -0.000000 1.000000
vn 0.000000 -0.000000 1.000000
vn 0.000000 0.000000 1.000000
vn 0.000000 -0.000000 1.000000
vn 0.000000 -0.000000 1.000000
vn 0.000001 -0.000000 1.000000
vn 0.000000 -0.000000 1.000000
vn 0.000000 0.000000 1.000000
vn 0.000000 0.000000 1.000000
vn 0.000001 0.000000 1.000000
vn 0.000000 0.000000 1.000000
vn 0.000000 -0.000000 1.000000
vn 0.000000 -0.000000 1.000000
vn 0.000000 0.000000 1.000000
vn 0.000001 0.000000 1.000000
vn 0.000001 -0.000000 1.000000
vn 0.000000 -0.000000 1.000000
vn 0.000000 -0.000000 1.000000
vn 0.000000 -0.000000 1.000000
vn -0.000000 -0.000000 1.000000
vn -0.000000 -0.000000 1.000000
vn 0.000000 -0.000000 1.000000
vn -0.000000 -0.000000 1.000000
vn -0.000000 -0.000000 1.000000
vn 0.000000 -0.000000 1.000000
vn 0.000001 -0.000000 1.000000
vn 0.000000 0.000000 1.000000
vn 0.000000 -0.000000 1.000000
vn 0.000000 -0.000000 1.000000
vn 0.000000 -0.000000 1.000000
vn 0.000000 -0.000000 1.000000
vn 0.000000 -0.000000 1.000000
vn 0.000000 -0.000000 1.000000
vn 0.000001 0.000000 1.000000
vn 0.000001 -0.000000 1.000000
vn 0.000000 0.000000 1.000000
vn 0.000000 0.000000 1.000000
vn 0.000000 0.000000 1.000000
vn 0.000000 0.000000 1.000000
vn 0.000000 -0.000000 1.000000
vn 0.000000 -0.000000 1.000000
vn 0.000000 0.000000 1.000000
vn 0.000001 -0.000000 1.000000
vn 0.000000 0.000000 1.000000
vn 0.000000 0.000000 1.000000
vn 0.000000 0.000000 1.000000
vn 0.000000 0.000000 1.000000
vn 0.000000 0.000000 1.000000
vn -0.000000 0.000000 1.000000
vn 0.000000 0.000000 1.000000
vn 0.000000 0.000000 1.000000
vn 0.000000 0.000000 1.000000
vn 0.000000 0.000000 1.000000
vn -0.000000 0.000000 1.000000
vn 0.000001 0.000000 1.000000
vn 0.000001 -0.000000 1.000000
vn 0.000000 -0.000000 1.000000
vn 0.000000 -0.000000 1.000000
vn 0.000000 -0.000000 1.000000
vn -0.000000 -0.000000 1.000000
vn -0.000000 -0.000000 1.000000
vn 0.000000 -0.000000 1.000000
vn -0.000000 -0.000000 1.000000
vn -0.000000 -0.000000 1.000000
vn 0.000000 -0.000000 1.000000
vn 0.000001 -0.000000 1.000000
vn 0.000000 0.000000 1.000000
vn -0.000000 0.000000 1.000000
vn 0.000000 0.000000 1.000000
vn 0.000000 -0.000000 1.000000
vn 0.000000 0.000000 1.000000
vn 0.000001 0.000000 1.000000
vn 0.000001 0.000000 1.000000
vn 0.000000 0.000000 1.000000
vn 0.000000 0.000000 1.000000
vn 0.000000 0.000000 1.000000
vn 0.000000 0.000000 1.000000
vn -0.000000 0.000000 1.000000
vn 0.000001 0.000000 1.000000
vn 0.000001 0.000000 1.000000
vn -0.258819 -0.000000 0.965926
vn -0.258819 -0.000000 0.965926
vn -0.258819 -0.000000 0.965926
vn -0.258819 -0.000000 0.965926
vn -0.500000 -0.000000 0.866026
vn -0.500000 -0.000000 0.866025
vn -0.500000 -0.000000 0.866025
vn -0.500000 -0.000000 0.866026
vn -0.707108 -0.000000 0.707105
vn -0.707108 -0.000000 0.707105
vn -0.707108 -0.000000 0.707105
vn -0.707108 -0.000000 0.707105
vn -0.866026 -0.000000 0.499999
vn -0.866026 -0.000000 0.499999
vn -0.866026 -0.000000 0.499999
vn -0.866026 -0.000000 0.499999
vn -0.965926 -0.000000 0.258820
vn -0.965926 -0.000000 0.258820
vn -0.965926 -0.000000 0.258820
vn -0.965926 -0.000000 0.258820
vn -1.000000 -0.000000 0.000000
vn -1.000000 -0.000000 0.000000
vn -1.000000 -0.000000 0.000000
vn -1.000000 -0.000000 0.000000
vn -0.965926 -0.000000 -0.258820
vn -0.965926 -0.000000 -0.258820
vn -0.965926 -0.000000 -0.258820
vn -0.965926 -0.000000 -0.258820
vn -0.866026 -0.000000 -0.499999
vn -0.866026 -0.000000 -0.499999
vn -0.866026 -0.000000 -0.499999
vn -0.866026 -0.000000 -0.499999
vn -0.707109 -0.000000 -0.707105
vn -0.707109 -0.000000 -0.707105
vn -0.707109 -0.000000 -0.707105
vn -0.707109 -0.000000 -0.707105
vn -0.500000 -0.000000 -0.866025
vn -0.500000 -0.000000 -0.866025
vn -0.500000 -0.000000 -0.866025
vn -0.500000 -0.000000 -0.866025
vn -0.258819 -0.000000 -0.965926
vn -0.258819 -0.000000 -0.965926
vn -0.258819 -0.000000 -0.965926
vn -0.258819 -0.000000 -0.965926
vn 0.000000 0.000000 -1.000000
vn 0.000000 0.000000 -1.000000
vn 0.000000 0.000000 -1.000000
vn 0.000000 0.000000 -1.000000
vn 0.258820 0.000000 -0.965926
vn 0.258820 0.000000 -0.965926
vn 0.258820 0.000000 -0.965926
vn 0.258820 0.000000 -0.965926
vn 0.500000 0.000000 -0.866026
vn 0.500000 0.000000 -0.866025
vn 0.500000 0.000000 -0.866025
vn 0.500000 0.000000 -0.866026
vn 0.707107 0.000000 -0.707107
vn 0.707107 0.000000 -0.707107
vn 0.707107 0.000000 -0.707107
vn 0.707107 0.000000 -0.707107
vn 0.866027 0.000000 -0.499998
vn 0.866026 0.000000 -0.499998
vn 0.866026 0.000000 -0.499998
vn 0.866027 0.000000 -0.499998
vn 0.965926 0.000000 -0.258817
vn 0.965926 0.000000 -0.258817
vn 0.965926 0.000000 -0.258817
vn 0.965926 0.000000 -0.258817
vn 1.000000 0.000000 -0.000000
vn 1.000000 0.000000 -0.000000
vn 1.000000 0.000000 -0.000000
vn 1.000000 0.000000 -0.000000
vn 0.965926 0.000000 0.258817
vn 0.965926 0.000000 0.258817
vn 0.965926 0.000000 0.258817
vn 0.965926 0.000000 0.258817
vn 0.866027 0.000000 0.499998
vn 0.866026 0.000000 0.499998
vn 0.866026 0.000000 0.499998
vn 0.866027 0.000000 0.499998
vn 0.707107 0.000000 0.707107
vn 0.707107 0.000000 0.707107
vn 0.707107 0.000000 0.707107
vn 0.707107 0.000000 0.707107
vn 0.500000 0.000000 0.866025
vn 0.500000 0.000000 0.866025
vn -0.000000 1.000000 -0.000001
vn -0.000000 1.000000 -0.000001
vn -0.000000 1.000000 -0.000001
vn -0.000000 1.000000 -0.000001
vn -0.000000 1.000000 -0.000001
vn -0.000000 1.000000 -0.000001
vn -0.000000 1.000000 -0.000001
vn -0.000000 1.000000 -0.000001
vn -0.000000 1.000000 -0.000001
vn -0.000000 1.000000 -0.000001
vn -0.000000 1.000000 -0.000001
vn -0.000000 1.000000 -0.000001
vn -0.000000 1.000000 -0.000001
vn -0.000000 1.000000 -0.000001
vn -0.000000 1.000000 -0.000001
vn -0.000000 1.000000 -0.000001
vn -0.000000 1.000000 -0.000001
vn -0.000000 1.000000 -0.000001
vn -0.000000 1.000000 -0.000001
vn -0.000000 1.000000 -0.000001
vn -0.000000 1.000000 -0.000001
vn -0.000000 1.000000 -0.000001
vn -0.000000 1.000000 -0.000001
vn -0.000000 1.000000 -0.000001
vn 0.500000 0.000000 0.866025
vn 0.500000 0.000000 0.866025
vn 0.258820 0.000000 0.965926
vn 0.258820 0.000000 0.965926
vn 0.258820 0.000000 0.965926
vn 0.258820 0.000000 0.965926
vn 0.000001 0.000000 1.000000
vn 0.000001 0.000000 1.000000
vn 0.000000 -1.000000 -0.000001
vn 0.000000 -1.000000 -0.000001
vn 0.000000 -1.000000 -0.000001
vn 0.000000 -1.000000 -0.000001
vn 0.000000 -1.000000 -0.000001
vn 0.000000 -1.000000 -0.000001
vn 0.000000 -1.000000 -0.000001
vn 0.000000 -1.000000 -0.000001
vn 0.000000 -1.000000 -0.000001
vn 0.000000 -1.000000 -0.000001
vn 0.000000 -1.000000 -0.000001
vn 0.000000 -1.000000 -0.000001
vn 0.000000 -1.000000 -0.000001
vn 0.000000 -1.000000 -0.000001
vn 0.000000 -1.000000 -0.000001
vn 0.000000 -1.000000 -0.000001
vn 0.000000 -1.000000 -0.000001
vn 0.000000 -1.000000 -0.000001
vn 0.000000 -1.000000 -0.000001
vn 0.000000 -1.000000 -0.000001
vn 0.000000 -1.000000 -0.000001
vn 0.000000 -1.000000 -0.000001
vn 0.000000 -1.000000 -0.000001
vn 0.000000 -1.000000 -0.000001
vn -0.258819 -0.000000 0.965926
vn 0.000001 0.000000 1.000000
vn 0.258820 0.000000 0.965926
vn 0.500000 0.000000 0.866025
vn 0.707107 0.000000 0.707107
vn 0.866026 0.000000 0.499998
vn 0.965926 0.000000 0.258817
vn 1.000000 0.000000 -0.000000
vn 0.965926 0.000000 -0.258817
vn 0.866026 0.000000 -0.499998
vn 0.707107 0.000000 -0.707107
vn 0.500000 0.000000 -0.866025
vn 0.258820 0.000000 -0.965926
vn 0.000000 0.000000 -1.000000
vn -0.258820 -0.000000 -0.965926
vn -0.500000 -0.000000 -0.866025
vn -0.707109 -0.000000 -0.707105
vn -0.866026 -0.000000 -0.499999
vn -0.965926 -0.000000 -0.258820
vn -1.000000 -0.000000 0.000000
vn -0.965926 -0.000000 0.258820
vn -0.866026 -0.000000 0.499999
vn -0.707109 -0.000000 0.707105
vn -0.500000 -0.000000 0.866025
vn -0.500000 -0.000000 0.866025
vn -0.707109 -0.000000 0.707105
vn -0.866026 -0.000000 0.499999
vn -0.965926 -0.000000 0.258820
vn -1.000000 -0.000000 0.000000
vn -0.965926 -0.000000 -0.258820
vn -0.866026 -0.000000 -0.499999
vn -0.707109 -0.000000 -0.707105
vn -0.500000 -0.000000 -0.866025
vn -0.258820 -0.000000 -0.965926
vn 0.000000 0.000000 -1.000000
vn 0.258820 0.000000 -0.965926
vn 0.500000 0.000000 -0.866025
vn 0.707107 0.000000 -0.707107
vn 0.866026 0.000000 -0.499998
vn 0.965926 0.000000 -0.258817
vn 1.000000 0.000000 -0.000000
vn 0.965926 0.000000 0.258817
vn 0.866026 0.000000 0.499998
vn 0.707107 0.000000 0.707107
vn 0.500000 0.000000 0.866025
vn 0.258820 0.000000 0.965926
vn 0.000001 0.000000 1.000000
vn -0.258819 -0.000000 0.965926
vn 0.258820 0.000000 0.965926
vn 0.258820 0.000000 0.965926
vn 0.000001 0.000000 1.000000
vn 0.000001 0.000000 1.000000
vn 0.500000 0.000000 0.866025
vn 0.500000 0.000000 0.866025
vn 0.258820 0.000000 0.965926
vn 0.258820 0.000000 0.965926
vn 0.707107 0.000000 0.707107
vn 0.707107 0.000000 0.707107
vn 0.500000 0.000000 0.866025
vn 0.500000 0.000000 0.866025
vn 0.866026 0.000000 0.499998
vn 0.866026 0.000000 0.499998
vn 0.707107 0.000000 0.707107
vn 0.707107 0.000000 0.707107
vn 0.965926 0.000000 0.258817
vn 0.965926 0.000000 0.258817
vn 0.866026 0.000000 0.499998
vn 0.866026 0.000000 0.499998
vn 1.000000 0.000000 -0.000000
vn 1.000000 0.000000 -0.000000
vn 0.965926 0.000000 0.258817
vn 0.965926 0.000000 0.258817
vn 0.965926 0.000000 -0.258817
vn 0.965926 0.000000 -0.258817
vn 1.000000 0.000000 -0.000000
vn 1.000000 0.000000 -0.000000
vn 0.866026 0.000000 -0.499998
vn 0.866026 0.000000 -0.499998
vn 0.965926 0.000000 -0.258817
vn 0.965926 0.000000 -0.258817
vn 0.707107 0.000000 -0.707107
vn 0.707107 0.000000 -0.707107
vn 0.866026 0.000000 -0.499998
vn 0.866026 0.000000 -0.499998
vn 0.500000 0.000000 -0.866025
vn 0.500000 0.000000 -0.866025
vn 0.707107 0.000000 -0.707107
vn 0.707107 0.000000 -0.707107
vn 0.258820 0.000000 -0.965926
vn 0.258820 0.000000 -0.965926
vn 0.500000 0.000000 -0.866025
vn 0.500000 0.000000 -0.866025
vn 0.000000 0.000000 -1.000000
vn 0.000000 0.000000 -1.000000
vn 0.258820 0.000000 -0.965926
vn 0.258820 0.000000 -0.965926
vn -0.258820 -0.000000 -0.965926
vn -0.258819 -0.000000 -0.965926
vn 0.000000 0.000000 -1.000000
vn 0.000000 0.000000 -1.000000
vn -0.500000 -0.000000 -0.866025
vn -0.500000 -0.000000 -0.866025
vn -0.258819 -0.000000 -0.965926
vn -0.258820 -0.000000 -0.965926
vn -0.707109 -0.000000 -0.707105
vn -0.707109 -0.000000 -0.707105
vn -0.500000 -0.000000 -0.866025
vn -0.500000 -0.000000 -0.866025
vn -0.866026 -0.000000 -0.499999
vn -0.866026 -0.000000 -0.499999
vn -0.707109 -0.000000 -0.707105
vn -0.707109 -0.000000 -0.707105
vn -0.965926 -0.000000 -0.258820
vn -0.965926 -0.000000 -0.258820
vn -0.866026 -0.000000 -0.499999
vn -0.866026 -0.000000 -0.499999
vn -1.000000 -0.000000 0.000000
vn -1.000000 -0.000000 0.000000
vn -0.965926 -0.000000 -0.258820
vn -0.965926 -0.000000 -0.258820
vn -0.965926 -0.000000 0.258820
vn -0.965926 -0.000000 0.258820
vn -1.000000 -0.000000 0.000000
vn -1.000000 -0.000000 0.000000
vn -0.866026 -0.000000 0.499999
vn -0.866026 -0.000000 0.499999
vn -0.965926 -0.000000 0.258820
vn -0.965926 -0.000000 0.258820
vn -0.707109 -0.000000 0.707105
vn -0.707108 -0.000000 0.707105
vn -0.866026 -0.000000 0.499999
vn -0.866026 -0.000000 0.499999
vn -0.500000 -0.000000 0.866025
vn -0.500000 -0.000000 0.866025
vn -0.707108 -0.000000 0.707105
vn -0.707109 -0.000000 0.707105
vn -0.258819 -0.000000 0.965926
vn -0.258819 -0.000000 0.965926
vn -0.500000 -0.000000 0.866025
vn -0.500000 -0.000000 0.866025
vn 0.000001 0.000000 1.000000
vn 0.000001 0.000000 1.000000
vn -0.258819 -0.000000 0.965926
vn -0.258819 -0.000000 0.965926
vn -0.000000 -0.000000 1.000000
vn 0.258820 0.000000 0.965926
vn 0.258820 0.000000 0.965926
vn -0.000000 -0.000000 1.000000
vn 0.258820 0.000000 0.965926
vn 0.500000 0.000000 0.866025
vn 0.500000 0.000000 0.866025
vn 0.258820 0.000000 0.965926
vn 0.500000 0.000000 0.866025
vn 0.707109 0.000000 0.707105
vn 0.707108 0.000000 0.707105
vn 0.500000 0.000000 0.866025
vn 0.707109 0.000000 0.707105
vn 0.866025 0.000000 0.500001
vn 0.866024 0.000000 0.500001
vn 0.707108 0.000000 0.707105
vn 0.866025 0.000000 0.500001
vn 0.965927 0.000000 0.258816
vn 0.965927 0.000000 0.258816
vn 0.866024 0.000000 0.500001
vn 0.965927 0.000000 0.258816
vn 1.000000 0.000000 -0.000000
vn 1.000000 0.000000 -0.000000
vn 0.965927 0.000000 0.258816
vn 1.000000 0.000000 -0.000000
vn 0.965927 0.000000 -0.258816
vn 0.965927 0.000000 -0.258816
vn 1.000000 0.000000 -0.000000
vn 0.965927 0.000000 -0.258816
vn 0.866024 0.000000 -0.500002
vn 0.866024 0.000000 -0.500002
vn 0.965927 0.000000 -0.258816
vn 0.866024 0.000000 -0.500002
vn 0.707108 0.000000 -0.707105
vn 0.707108 0.000000 -0.707105
vn 0.866024 0.000000 -0.500002
vn 0.707108 0.000000 -0.707105
vn 0.500000 0.000000 -0.866025
vn 0.500000 0.000000 -0.866025
vn 0.707108 0.000000 -0.707105
vn 0.500000 0.000000 -0.866025
vn 0.258819 0.000000 -0.965926
vn 0.258820 0.000000 -0.965926
vn 0.500000 0.000000 -0.866025
vn 0.258819 0.000000 -0.965926
vn -0.000001 -0.000000 -1.000000
vn -0.000001 -0.000000 -1.000000
vn 0.258820 0.000000 -0.965926
vn -0.000001 -0.000000 -1.000000
vn -0.258820 -0.000000 -0.965926
vn -0.258820 -0.000000 -0.965926
vn -0.000001 -0.000000 -1.000000
vn -0.258820 -0.000000 -0.965926
vn -0.500000 -0.000000 -0.866025
vn -0.500000 -0.000000 -0.866025
vn -0.258820 -0.000000 -0.965926
vn -0.500000 -0.000000 -0.866025
vn -0.707109 -0.000000 -0.707105
vn -0.707108 -0.000000 -0.707105
vn -0.500000 -0.000000 -0.866025
vn -0.707109 -0.000000 -0.707105
vn -0.866024 -0.000000 -0.500001
vn -0.866024 -0.000000 -0.500002
vn -0.707108 -0.000000 -0.707105
vn -0.866024 -0.000000 -0.500001
vn -0.965925 -0.000000 -0.258823
vn -0.965925 -0.000000 -0.258823
vn -0.866024 -0.000000 -0.500002
vn -0.965925 -0.000000 -0.258823
vn -1.000000 -0.000000 0.000000
vn -1.000000 -0.000000 0.000000
vn -0.965925 -0.000000 -0.258823
vn -1.000000 -0.000000 0.000000
vn -0.965925 -0.000000 0.258823
vn -0.965925 -0.000000 0.258823
vn -1.000000 -0.000000 0.000000
vn -0.965925 -0.000000 0.258823
vn -0.866024 -0.000000 0.500002
vn -0.866024 -0.000000 0.500002
vn -0.965925 -0.000000 0.258823
vn -0.866024 -0.000000 0.500002
vn -0.707108 -0.000000 0.707105
vn -0.707108 -0.000000 0.707105
vn -0.866024 -0.000000 0.500002
vn -0.707108 -0.000000 0.707105
vn -0.500000 -0.000000 0.866025
vn -0.500000 -0.000000 0.866025
vn -0.707108 -0.000000 0.707105
vn -0.000000 1.000000 -0.000000
vn -0.000000 1.000000 -0.000000
vn -0.000000 1.000000 -0.000000
vn -0.000000 1.000000 -0.000000
vn -0.000000 1.000000 -0.000000
vn -0.000000 1.000000 -0.000000
vn -0.000000 1.000000 -0.000000
vn -0.000000 1.000000 -0.000000
vn -0.000000 1.000000 -0.000000
vn -0.000000 1.000000 -0.000000
vn -0.000000 1.000000 -0.000000
vn -0.000000 1.000000 -0.000000
vn -0.000000 1.000000 -0.000000
vn -0.000000 1.000000 -0.000000
vn -0.000000 1.000000 -0.000000
vn -0.000000 1.000000 -0.000000
vn -0.000000 1.000000 -0.000000
vn -0.000000 1.000000 -0.000000
vn -0.000000 1.000000 -0.000000
vn -0.000000 1.000000 -0.000000
vn -0.000000 1.000000 -0.000000
vn -0.000000 1.000000 -0.000000
vn -0.000000 1.000000 -0.000000
vn -0.000000 1.000000 -0.000000
vn -0.500000 -0.000000 0.866025
vn -0.258820 -0.000000 0.965926
vn -0.258820 -0.000000 0.965926
vn -0.500000 -0.000000 0.866025
vn -0.258820 -0.000000 0.965926
vn -0.000000 -0.000000 1.000000
vn -0.000000 -0.000000 1.000000
vn -0.258820 -0.000000 0.965926
vn 0.000000 -1.000000 0.000000
vn 0.000000 -1.000000 0.000000
vn 0.000000 -1.000000 0.000000
vn 0.000000 -1.000000 0.000000
vn 0.000000 -1.000000 0.000000
vn 0.000000 -1.000000 0.000000
vn 0.000000 -1.000000 0.000000
vn 0.000000 -1.000000 0.000000
vn 0.000000 -1.000000 0.000000
vn 0.000000 -1.000000 0.000000
vn 0.000000 -1.000000 0.000000
vn 0.000000 -1.000000 0.000000
vn 0.000000 -1.000000 0.000000
vn 0.000000 -1.000000 0.000000
vn 0.000000 -1.000000 0.000000
vn 0.000000 -1.000000 0.000000
vn 0.000000 -1.000000 0.000000
vn 0.000000 -1.000000 0.000000
vn 0.000000 -1.000000 0.000000
vn 0.000000 -1.000000 0.000000
vn 0.000000 -1.000000 0.000000
vn 0.000000 -1.000000 0.000000
vn 0.000000 -1.000000 0.000000
vn 0.000000 -1.000000 0.000000
vn 0.500000 0.000000 0.866025
vn 0.707109 0.000000 0.707105
vn 0.866025 0.000000 0.500001
vn 0.965927 0.000000 0.258816
vn 1.000000 0.000000 -0.000000
vn 0.965927 0.000000 -0.258816
vn 0.866024 0.000000 -0.500002
vn 0.707108 0.000000 -0.707105
vn 0.500000 0.000000 -0.866025
vn 0.258820 0.000000 -0.965926
vn -0.000001 -0.000000 -1.000000
vn -0.258820 -0.000000 -0.965925
vn -0.500000 -0.000000 -0.866025
vn -0.707109 -0.000000 -0.707105
vn -0.866024 -0.000000 -0.500001
vn -0.965925 -0.000000 -0.258823
vn -1.000000 -0.000000 0.000000
vn -0.965925 -0.000000 0.258823
vn -0.866024 -0.000000 0.500001
vn -0.707108 -0.000000 0.707105
vn -0.500000 -0.000000 0.866025
vn -0.258820 -0.000000 0.965926
vn -0.000000 -0.000000 1.000000
vn 0.258820 0.000000 0.965926
vn 0.258820 0.000000 0.965926
vn -0.000000 -0.000000 1.000000
vn -0.258820 -0.000000 0.965926
vn -0.500000 -0.000000 0.866025
vn -0.707108 -0.000000 0.707105
vn -0.866024 -0.000000 0.500002
vn -0.965925 -0.000000 0.258823
vn -1.000000 -0.000000 0.000000
vn -0.965925 -0.000000 -0.258823
vn -0.866025 -0.000000 -0.500001
vn -0.707109 -0.000000 -0.707105
vn -0.500000 -0.000000 -0.866025
vn -0.258820 -0.000000 -0.965926
vn -0.000001 -0.000000 -1.000000
vn 0.258820 0.000000 -0.965926
vn 0.500000 0.000000 -0.866025
vn 0.707108 0.000000 -0.707105
vn 0.866024 0.000000 -0.500002
vn 0.965927 0.000000 -0.258816
vn 1.000000 0.000000 -0.000000
vn 0.965927 0.000000 0.258816
vn 0.866025 0.000000 0.500001
vn 0.707109 0.000000 0.707105
vn 0.500000 0.000000 0.866025
vn -0.258820 -0.000000 0.965926
vn -0.000000 -0.000000 1.000000
vn -0.000000 -0.000000 1.000000
vn -0.258820 -0.000000 0.965926
vn -0.500000 -0.000000 0.866025
vn -0.258820 -0.000000 0.965926
vn -0.258820 -0.000000 0.965926
vn -0.500000 -0.000000 0.866025
vn -0.707108 -0.000000 0.707105
vn -0.500000 -0.000000 0.866025
vn -0.500000 -0.000000 0.866025
vn -0.707108 -0.000000 0.707105
vn -0.866024 -0.000000 0.500002
vn -0.707108 -0.000000 0.707105
vn -0.707108 -0.000000 0.707105
vn -0.866024 -0.000000 0.500002
vn -0.965925 -0.000000 0.258823
vn -0.866024 -0.000000 0.500002
vn -0.866024 -0.000000 0.500002
vn -0.965925 -0.000000 0.258823
vn -1.000000 -0.000000 0.000000
vn -0.965925 -0.000000 0.258823
vn -0.965925 -0.000000 0.258823
vn -1.000000 -0.000000 0.000000
vn -0.965925 -0.000000 -0.258823
vn -1.000000 -0.000000 0.000000
vn -1.000000 -0.000000 0.000000
vn -0.965925 -0.000000 -0.258823
vn -0.866025 -0.000000 -0.500001
vn -0.965925 -0.000000 -0.258823
vn -0.965925 -0.000000 -0.258823
vn -0.866024 -0.000000 -0.500001
vn -0.707109 -0.000000 -0.707105
vn -0.866025 -0.000000 -0.500001
vn -0.866024 -0.000000 -0.500001
vn -0.707109 -0.000000 -0.707105
vn -0.500000 -0.000000 -0.866025
vn -0.707109 -0.000000 -0.707105
vn -0.707109 -0.000000 -0.707105
vn -0.500000 -0.000000 -0.866025
vn -0.258820 -0.000000 -0.965926
vn -0.500000 -0.000000 -0.866025
vn -0.500000 -0.000000 -0.866025
vn -0.258820 -0.000000 -0.965926
vn -0.000001 -0.000000 -1.000000
vn -0.258820 -0.000000 -0.965926
vn -0.258820 -0.000000 -0.965926
vn -0.000001 -0.000000 -1.000000
vn 0.258820 0.000000 -0.965926
vn -0.000001 -0.000000 -1.000000
vn -0.000001 -0.000000 -1.000000
vn 0.258819 0.000000 -0.965926
vn 0.500000 0.000000 -0.866025
vn 0.258820 0.000000 -0.965926
vn 0.258819 0.000000 -0.965926
vn 0.500000 0.000000 -0.866025
vn 0.707108 0.000000 -0.707105
vn 0.500000 0.000000 -0.866025
vn 0.500000 0.000000 -0.866025
vn 0.707108 0.000000 -0.707105
vn 0.866024 0.000000 -0.500002
vn 0.707108 0.000000 -0.707105
vn 0.707108 0.000000 -0.707105
vn 0.866024 0.000000 -0.500002
vn 0.965927 0.000000 -0.258816
vn 0.866024 0.000000 -0.500002
vn 0.866024 0.000000 -0.500002
vn 0.965927 0.000000 -0.258816
vn 1.000000 0.000000 -0.000000
vn 0.965927 0.000000 -0.258816
vn 0.965927 0.000000 -0.258816
vn 1.000000 0.000000 -0.000000
vn 0.965927 0.000000 0.258816
vn 1.000000 0.000000 -0.000000
vn 1.000000 0.000000 -0.000000
vn 0.965927 0.000000 0.258816
vn 0.866025 0.000000 0.500001
vn 0.965927 0.000000 0.258816
vn 0.965927 0.000000 0.258816
vn 0.866025 0.000000 0.500001
vn 0.707109 0.000000 0.707105
vn 0.866025 0.000000 0.500001
vn 0.866025 0.000000 0.500001
vn 0.707109 0.000000 0.707105
vn 0.500000 0.000000 0.866025
vn 0.707109 0.000000 0.707105
vn 0.707109 0.000000 0.707105
vn 0.500000 0.000000 0.866025
vn 0.258820 0.000000 0.965926
vn 0.500000 0.000000 0.866025
vn 0.500000 0.000000 0.866025
vn 0.258820 0.000000 0.965926
vn -0.000000 -0.000000 1.000000
vn 0.258820 0.000000 0.965926
vn 0.258820 0.000000 0.965926
vn -0.000000 -0.000000 1.000000
vn 1.000000 0.000000 -0.000000
vn 1.000000 0.000000 -0.000000
vn 1.000000 0.000000 -0.000000
vn 1.000000 0.000000 -0.000000
vn 0.000000 0.000000 1.000000
vn 0.000000 0.000000 1.000000
vn 0.000000 0.000000 1.000000
vn 0.000000 0.000000 1.000000
vn -1.000000 -0.000000 0.000000
vn -1.000000 -0.000000 0.000000
vn -1.000000 -0.000000 0.000000
vn -1.000000 -0.000000 0.000000
vn -0.000000 -0.000000 -1.000000
vn -0.000000 -0.000000 -1.000000
vn -0.000000 -0.000000 -1.000000
vn -0.000000 -0.000000 -1.000000
vn 0.000000 -1.000000 -0.000000
vn 0.000000 -1.000000 -0.000000
vn 0.000000 -1.000000 -0.000000
vn 0.000000 -1.000000 -0.000000
vn -0.000000 1.000000 0.000000
vn -0.000000 1.000000 0.000000
vn -0.000000 1.000000 0.000000
vn -0.000000 1.000000 0.000000
vn -1.000000 -0.000000 0.000000
vn -1.000000 -0.000000 0.000000
vn -1.000000 -0.000000 0.000000
vn -1.000000 -0.000000 0.000000
vn 0.000000 0.000000 1.000000
vn 0.000000 0.000000 1.000000
vn 0.000000 0.000000 1.000000
vn 0.000000 0.000000 1.000000
vn 1.000000 0.000000 -0.000000
vn 1.000000 0.000000 -0.000000
vn 1.000000 0.000000 -0.000000
vn 1.000000 0.000000 -0.000000
vn -0.000000 0.000000 -1.000000
vn -0.000000 0.000000 -1.000000
vn -0.000000 0.000000 -1.000000
vn -0.000000 0.000000 -1.000000
vn 0.000000 -1.000000 -0.000000
vn 0.000000 -1.000000 -0.000000
vn 0.000000 -1.000000 -0.000000
vn 0.000000 -1.000000 -0.000000
vn -0.000000 1.000000 0.000000
vn -0.000000 1.000000 0.000000
vn -0.000000 1.000000 0.000000
vn -0.000000 1.000000 0.000000
s off
g FBXASC0497FBXASC0461FBXASC046ModelFBXASC046005
usemtl LandingTrack1StraightSG
f 49/1/1 48/2/2 3/3/3 50/4/4 1/5/5 55/6/6 5/7/7 52/8/8
f 48/2/9 9/11/10 59/12/11 63/13/12 8/14/13 7/15/14 50/4/15 3/3/16
f 13/496/17 14/497/18 146/498/19 147/499/20
f 152/324/21 21/325/22 44/326/23 156/327/24
f 151/348/25 20/349/26 17/350/27 150/351/28
f 148/511/29 144/512/30 16/513/31 15/514/32
f 145/515/33 19/516/34 16/513/35 144/512/36
f 146/498/37 14/497/38 18/502/39 149/503/40
f 13/496/41 147/499/42 157/504/43 35/505/44
f 35/368/45 157/369/46 158/363/47 36/362/48
f 36/362/49 158/363/50 155/357/51 37/356/52
f 37/356/53 155/357/54 150/351/55 17/350/56
f 148/511/57 15/514/58 40/519/59 160/520/60
f 160/364/61 40/365/62 39/359/63 159/358/64
f 159/358/65 39/359/66 38/353/67 154/352/68
f 154/352/69 38/353/70 20/349/71 151/348/72
f 149/503/73 18/502/74 43/508/75 162/509/76
f 162/340/77 43/341/78 42/335/79 161/334/80
f 161/334/81 42/335/82 41/329/83 153/328/84
f 153/328/85 41/329/86 21/325/87 152/324/88
f 156/327/89 44/326/90 47/332/91 163/333/92
f 163/333/93 47/332/94 46/338/95 164/339/96
f 164/339/97 46/338/98 45/344/99 165/345/100
f 165/521/101 45/522/102 19/516/103 145/515/104
f 50/4/105 7/15/106 51/16/107 1/5/108
f 53/10/109 4/9/110 54/22/111 2/23/112
f 6/24/113 53/10/114 2/23/115 56/39/116
f 11/20/117 10/19/118 58/34/119 57/35/120
f 59/12/121 30/25/122 60/42/123 12/26/124
f 10/19/125 27/33/126 61/46/127 58/34/128
f 22/36/129 11/20/130 57/35/131 62/47/132
f 63/13/133 59/12/134 12/26/135 31/27/136
f 24/21/137 23/37/138 65/48/139 64/38/140
f 23/37/141 22/36/142 62/47/143 65/48/144
f 26/31/145 25/17/146 67/18/147 66/32/148
f 27/33/149 26/31/150 66/32/151 61/46/152
f 29/41/153 28/40/154 69/49/155 68/50/156
f 30/25/157 29/41/158 68/50/159 60/42/160
f 32/28/161 63/13/162 31/27/163 70/43/164
f 33/44/165 32/28/166 70/43/167 71/45/168
f 34/29/169 33/44/170 71/45/171 72/30/172
f 7/15/173 34/29/174 72/30/175 51/16/176
f 4/9/177 24/21/178 64/38/179 54/22/180
f 25/17/181 5/7/182 55/6/183 67/18/184
f 28/40/185 6/24/186 56/39/187 69/49/188
f 49/1/189 4/9/190 53/10/191 48/2/192
f 52/8/193 10/19/194 11/20/195 49/1/196
f 4/9/197 49/1/198 24/21/199
f 11/20/200 22/36/201 49/1/202
f 22/36/203 23/37/204 49/1/205
f 23/37/206 24/21/207 49/1/208
f 6/24/209 9/11/210 48/2/211 53/10/212
f 6/24/213 28/40/214 9/11/215
f 59/12/216 9/11/217 30/25/218
f 29/41/219 30/25/220 9/11/221
f 28/40/222 29/41/223 9/11/224
f 7/15/225 8/14/226 34/29/227
f 63/13/228 32/28/229 8/14/230
f 32/28/231 33/44/232 8/14/233
f 33/44/234 34/29/235 8/14/236
f 10/19/237 52/8/238 27/33/239
f 5/7/240 25/17/241 52/8/242
f 25/17/243 26/31/244 52/8/245
f 26/31/246 27/33/247 52/8/248
f 120/51/249 119/52/250 75/53/251 121/54/252 73/55/253 126/56/254 77/57/255 123/58/256
f 104/61/257 105/62/258 79/63/259 121/54/260 75/53/261 119/52/262 80/64/263 130/65/264 134/66/265 103/67/266
f 84/526/267 85/527/268 168/528/269 169/529/270
f 174/372/271 92/373/272 115/374/273 178/375/274
f 173/396/275 91/397/276 88/398/277 172/399/278
f 170/541/279 166/542/280 87/543/281 86/544/282
f 167/545/283 90/546/284 87/543/285 166/542/286
f 168/528/287 85/527/288 89/532/289 171/533/290
f 84/526/291 169/529/292 179/534/293 106/535/294
f 106/416/295 179/417/296 180/411/297 107/410/298
f 107/410/299 180/411/300 177/405/301 108/404/302
f 108/404/303 177/405/304 172/399/305 88/398/306
f 170/541/307 86/544/308 111/549/309 182/550/310
f 182/412/311 111/413/312 110/407/313 181/406/314
f 181/406/315 110/407/316 109/401/317 176/400/318
f 176/400/319 109/401/320 91/397/321 173/396/322
f 171/533/323 89/532/324 114/538/325 184/539/326
f 184/388/327 114/389/328 113/383/329 183/382/330
f 183/382/331 113/383/332 112/377/333 175/376/334
f 175/376/335 112/377/336 92/373/337 174/372/338
f 178/375/339 115/374/340 118/380/341 185/381/342
f 185/381/343 118/380/344 117/386/345 186/387/346
f 186/387/347 117/386/348 116/392/349 187/393/350
f 187/551/351 116/552/352 90/546/353 167/545/354
f 121/54/355 79/63/356 122/68/357 73/55/358
f 124/60/359 76/59/360 125/74/361 74/75/362
f 78/76/363 124/60/364 74/75/365 127/91/366
f 82/72/367 81/71/368 129/86/369 128/87/370
f 130/65/371 101/79/372 131/94/373 83/80/374
f 81/71/375 98/85/376 132/95/377 129/86/378
f 93/88/379 82/72/380 128/87/381 133/96/382
f 134/66/383 130/65/384 83/80/385 102/81/386
f 95/73/387 94/89/388 136/97/389 135/90/390
f 94/89/391 93/88/392 133/96/393 136/97/394
f 97/83/395 96/69/396 138/70/397 137/84/398
f 98/85/399 97/83/400 137/84/401 132/95/402
f 100/93/403 99/92/404 140/98/405 139/99/406
f 101/79/407 100/93/408 139/99/409 131/94/410
f 103/67/411 134/66/412 102/81/413 141/82/414
f 104/61/415 103/67/416 141/82/417 142/77/418
f 105/62/419 104/61/420 142/77/421 143/78/422
f 79/63/423 105/62/424 143/78/425 122/68/426
f 76/59/427 95/73/428 135/90/429 125/74/430
f 96/69/431 77/57/432 126/56/433 138/70/434
f 99/92/435 78/76/436 127/91/437 140/98/438
f 120/51/439 76/59/440 124/60/441 119/52/442
f 123/58/443 81/71/444 82/72/445 120/51/446
f 76/59/447 120/51/448 95/73/449
f 82/72/450 93/88/451 120/51/452
f 93/88/453 94/89/454 120/51/455
f 94/89/456 95/73/457 120/51/458
f 78/76/459 80/64/460 119/52/461 124/60/462
f 78/76/463 99/92/464 80/64/465
f 130/65/466 80/64/467 101/79/468
f 100/93/469 101/79/470 80/64/471
f 99/92/472 100/93/473 80/64/474
f 81/71/475 123/58/476 98/85/477
f 77/57/478 96/69/479 123/58/480
f 96/69/481 97/83/482 123/58/483
f 97/83/484 98/85/485 123/58/486
f 214/100/487 217/101/488 190/102/489 213/103/490
f 13/496/491 291/500/492 290/501/493 14/497/494
f 296/330/495 300/331/496 44/326/497 21/325/498
f 295/354/499 294/355/500 17/350/501 20/349/502
f 292/517/503 15/514/504 16/513/505 288/518/506
f 289/523/507 288/518/508 16/513/509 19/516/510
f 290/501/511 293/507/512 18/502/513 14/497/514
f 13/496/515 35/505/516 301/506/517 291/500/518
f 35/368/519 36/362/520 302/367/521 301/371/522
f 36/362/523 37/356/524 299/361/525 302/367/526
f 37/356/527 17/350/528 294/355/529 299/361/530
f 292/517/531 304/524/532 40/519/533 15/514/534
f 304/370/535 303/366/536 39/359/537 40/365/538
f 303/366/539 298/360/540 38/353/541 39/359/542
f 298/360/543 295/354/544 20/349/545 38/353/546
f 293/507/547 306/510/548 43/508/549 18/502/550
f 306/346/551 305/342/552 42/335/553 43/341/554
f 305/342/555 297/336/556 41/329/557 42/335/558
f 297/336/559 296/330/560 21/325/561 41/329/562
f 300/331/563 307/337/564 47/332/565 44/326/566
f 307/337/567 308/343/568 46/338/569 47/332/570
f 308/343/571 309/347/572 45/344/573 46/338/574
f 309/525/575 289/523/576 19/516/577 45/522/578
f 215/107/579 188/122/580 216/137/581 194/123/582
f 218/114/583 189/129/584 219/130/585 191/115/586
f 192/106/587 220/121/588 188/122/589 215/107/590
f 193/128/591 221/143/592 189/129/593 218/114/594
f 198/104/595 222/117/596 223/118/597 197/105/598
f 224/111/599 199/110/600 225/126/601 208/127/602
f 197/105/603 223/118/604 226/134/605 205/119/606
f 200/116/607 227/133/608 222/117/609 198/104/610
f 228/108/611 209/109/612 199/110/613 224/111/614 196/112/615 213/103/616 190/102/617 195/113/618
f 202/131/619 229/145/620 230/146/621 201/132/622
f 201/132/623 230/146/624 227/133/625 200/116/626
f 204/135/627 231/147/628 232/136/629 203/120/630
f 205/119/631 226/134/632 231/147/633 204/135/634
f 207/142/635 233/141/636 234/149/637 206/144/638
f 208/127/639 225/126/640 233/141/641 207/142/642
f 210/124/643 235/125/644 209/109/645 228/108/646
f 211/139/647 236/140/648 235/125/649 210/124/650
f 212/138/651 237/148/652 236/140/653 211/139/654
f 194/123/655 216/137/656 237/148/657 212/138/658
f 191/115/659 219/130/660 229/145/661 202/131/662
f 203/120/663 232/136/664 220/121/665 192/106/666
f 206/144/667 234/149/668 221/143/669 193/128/670
f 214/100/671 213/103/672 218/114/673 191/115/674
f 217/101/675 214/100/676 198/104/677 197/105/678
f 191/115/679 202/131/680 214/100/681
f 198/104/682 214/100/683 200/116/684
f 200/116/685 214/100/686 201/132/687
f 201/132/688 214/100/689 202/131/690
f 217/101/691 192/106/692 215/107/693 190/102/694
f 195/113/695 190/102/696 215/107/697 194/123/698
f 193/128/699 218/114/700 213/103/701 196/112/702
f 193/128/703 196/112/704 206/144/705
f 224/111/706 208/127/707 196/112/708
f 207/142/709 196/112/710 208/127/711
f 206/144/712 196/112/713 207/142/714
f 194/123/715 212/138/716 195/113/717
f 228/108/718 195/113/719 210/124/720
f 210/124/721 195/113/722 211/139/723
f 211/139/724 195/113/725 212/138/726
f 197/105/727 205/119/728 217/101/729
f 192/106/730 217/101/731 203/120/732
f 203/120/733 217/101/734 204/135/735
f 204/135/736 217/101/737 205/119/738
f 264/150/739 267/151/740 240/152/741 263/153/742
f 245/158/743 246/159/744 263/153/745 240/152/746
f 84/526/747 313/530/748 312/531/749 85/527/750
f 318/378/751 322/379/752 115/374/753 92/373/754
f 317/402/755 316/403/756 88/398/757 91/397/758
f 314/547/759 86/544/760 87/543/761 310/548/762
f 311/553/763 310/548/764 87/543/765 90/546/766
f 312/531/767 315/537/768 89/532/769 85/527/770
f 84/526/771 106/535/772 323/536/773 313/530/774
f 106/416/775 107/410/776 324/415/777 323/419/778
f 107/410/779 108/404/780 321/409/781 324/415/782
f 108/404/783 88/398/784 316/403/785 321/409/786
f 314/547/787 326/554/788 111/549/789 86/544/790
f 326/418/791 325/414/792 110/407/793 111/413/794
f 325/414/795 320/408/796 109/401/797 110/407/798
f 320/408/799 317/402/800 91/397/801 109/401/802
f 315/537/803 328/540/804 114/538/805 89/532/806
f 328/394/807 327/390/808 113/383/809 114/389/810
f 327/390/811 319/384/812 112/377/813 113/383/814
f 319/384/815 318/378/816 92/373/817 112/377/818
f 322/379/819 329/385/820 118/380/821 115/374/822
f 329/385/823 330/391/824 117/386/825 118/380/826
f 330/391/827 331/395/828 116/392/829 117/386/830
f 331/555/831 311/553/832 90/546/833 116/552/834
f 265/157/835 238/168/836 266/181/837 244/169/838
f 268/160/839 239/173/840 269/174/841 241/161/842
f 242/156/843 270/167/844 238/168/845 265/157/846
f 243/172/847 271/187/848 239/173/849 268/160/850
f 248/154/851 272/163/852 273/164/853 247/155/854
f 274/171/855 249/185/856 275/195/857 258/186/858
f 247/155/859 273/164/860 276/178/861 255/165/862
f 250/162/863 277/177/864 272/163/865 248/154/866
f 278/170/867 259/184/868 249/185/869 274/171/870
f 252/175/871 279/189/872 280/190/873 251/176/874
f 251/176/875 280/190/876 277/177/877 250/162/878
f 254/179/879 281/191/880 282/180/881 253/166/882
f 255/165/883 276/178/884 281/191/885 254/179/886
f 257/196/887 283/199/888 284/197/889 256/188/890
f 258/186/891 275/195/892 283/199/893 257/196/894
f 260/183/895 285/194/896 259/184/897 278/170/898
f 261/193/899 286/198/900 285/194/901 260/183/902
f 262/182/903 287/192/904 286/198/905 261/193/906
f 244/169/907 266/181/908 287/192/909 262/182/910
f 241/161/911 269/174/912 279/189/913 252/175/914
f 253/166/915 282/180/916 270/167/917 242/156/918
f 256/188/919 284/197/920 271/187/921 243/172/922
f 264/150/923 263/153/924 268/160/925 241/161/926
f 267/151/927 264/150/928 248/154/929 247/155/930
f 241/161/931 252/175/932 264/150/933
f 248/154/934 264/150/935 250/162/936
f 250/162/937 264/150/938 251/176/939
f 251/176/940 264/150/941 252/175/942
f 267/151/943 242/156/944 265/157/945 240/152/946
f 245/158/947 240/152/948 265/157/949 244/169/950
f 243/172/951 268/160/952 263/153/953 246/159/954
f 246/159/955 245/158/956 278/170/957 274/171/958
f 243/172/959 246/159/960 256/188/961
f 274/171/962 258/186/963 246/159/964
f 257/196/965 246/159/966 258/186/967
f 256/188/968 246/159/969 257/196/970
f 244/169/971 262/182/972 245/158/973
f 278/170/974 245/158/975 260/183/976
f 260/183/977 245/158/978 261/193/979
f 261/193/980 245/158/981 262/182/982
f 247/155/983 255/165/984 267/151/985
f 242/156/986 267/151/987 253/166/988
f 253/166/989 267/151/990 254/179/991
f 254/179/992 267/151/993 255/165/994
f 381/200/995 527/201/996 526/202/997 382/203/998
f 382/203/999 526/202/1000 529/206/1001 384/207/1002
f 384/207/1003 529/206/1004 531/213/1005 386/214/1006
f 386/214/1007 531/213/1008 533/219/1009 388/220/1010
f 388/420/1011 533/421/1012 535/422/1013 390/423/1014
f 390/423/1015 535/422/1016 537/424/1017 392/425/1018
f 392/425/1019 537/424/1020 539/428/1021 394/429/1022
f 394/429/1023 539/428/1024 541/431/1025 396/432/1026
f 396/237/1027 541/238/1028 543/232/1029 398/231/1030
f 398/231/1031 543/232/1032 545/228/1033 400/227/1034
f 400/227/1035 545/228/1036 547/229/1037 402/230/1038
f 402/230/1039 547/229/1040 549/233/1041 404/234/1042
f 404/234/1043 549/233/1044 551/240/1045 406/241/1046
f 406/241/1047 551/240/1048 553/244/1049 408/245/1050
f 408/245/1051 553/244/1052 555/247/1053 410/248/1054
f 410/248/1055 555/247/1056 557/250/1057 412/251/1058
f 412/435/1059 557/436/1060 559/437/1061 414/438/1062
f 414/438/1063 559/437/1064 561/439/1065 416/440/1066
f 416/440/1067 561/439/1068 563/443/1069 418/444/1070
f 418/444/1071 563/443/1072 565/446/1073 420/447/1074
f 420/222/1075 565/223/1076 567/217/1077 422/216/1078
f 422/216/1079 567/217/1080 569/211/1081 424/210/1082
f 335/556/1083 333/557/1084 571/558/1085 377/559/1086 375/560/1087 373/561/1088 371/562/1089 369/563/1090 367/564/1091 365/565/1092 363/566/1093 361/567/1094 359/568/1095 357/569/1096 355/570/1097 353/571/1098 351/572/1099 349/573/1100 347/574/1101 345/575/1102 343/576/1103 341/577/1104 339/578/1105 337/579/1106
f 424/210/1107 569/211/1108 379/205/1109 426/204/1110
f 426/204/1111 379/205/1112 527/201/1113 381/200/1114
f 524/580/1115 525/581/1116 528/582/1117 530/583/1118 532/584/1119 534/585/1120 536/586/1121 538/587/1122 540/588/1123 542/589/1124 544/590/1125 546/591/1126 548/592/1127 550/593/1128 552/594/1129 554/595/1130 556/596/1131 558/597/1132 560/598/1133 562/599/1134 564/600/1135 566/601/1136 568/602/1137 570/603/1138
f 334/604/1139 332/605/1140 378/606/1141 376/607/1142 374/608/1143 372/609/1144 370/610/1145 368/611/1146 366/612/1147 364/613/1148 362/614/1149 360/615/1150 358/616/1151 356/617/1152 354/618/1153 352/619/1154 350/620/1155 348/621/1156 346/622/1157 344/623/1158 342/624/1159 340/625/1160 338/626/1161 336/627/1162 385/628/1163 387/629/1164 389/630/1165 391/631/1166 393/632/1167 395/633/1168 397/634/1169 399/635/1170 401/636/1171 403/637/1172 405/638/1173 407/639/1174 409/640/1175 411/641/1176 413/642/1177 415/643/1178 417/644/1179 419/645/1180 421/646/1181 423/647/1182 425/648/1183 427/649/1184 380/650/1185 383/651/1186
f 427/212/1187 426/204/1188 381/200/1189 380/208/1190
f 425/218/1191 424/210/1192 426/204/1193 427/212/1194
f 423/224/1195 422/216/1196 424/210/1197 425/218/1198
f 421/226/1199 420/222/1200 422/216/1201 423/224/1202
f 419/448/1203 418/444/1204 420/447/1205 421/449/1206
f 417/445/1207 416/440/1208 418/444/1209 419/448/1210
f 415/442/1211 414/438/1212 416/440/1213 417/445/1214
f 413/441/1215 412/435/1216 414/438/1217 415/442/1218
f 411/252/1219 410/248/1220 412/251/1221 413/253/1222
f 409/249/1223 408/245/1224 410/248/1225 411/252/1226
f 407/246/1227 406/241/1228 408/245/1229 409/249/1230
f 405/242/1231 404/234/1232 406/241/1233 407/246/1234
f 403/236/1235 402/230/1236 404/234/1237 405/242/1238
f 401/235/1239 400/227/1240 402/230/1241 403/236/1242
f 399/239/1243 398/231/1244 400/227/1245 401/235/1246
f 397/243/1247 396/237/1248 398/231/1249 399/239/1250
f 395/433/1251 394/429/1252 396/432/1253 397/434/1254
f 393/430/1255 392/425/1256 394/429/1257 395/433/1258
f 391/427/1259 390/423/1260 392/425/1261 393/430/1262
f 389/426/1263 388/420/1264 390/423/1265 391/427/1266
f 387/221/1267 386/214/1268 388/220/1269 389/225/1270
f 385/215/1271 384/207/1272 386/214/1273 387/221/1274
f 383/209/1275 382/203/1276 384/207/1277 385/215/1278
f 380/208/1279 381/200/1280 382/203/1281 383/209/1282
f 477/254/1283 478/255/1284 574/256/1285 575/257/1286
f 478/255/1287 480/260/1288 577/261/1289 574/256/1290
f 480/260/1291 482/266/1292 579/267/1293 577/261/1294
f 482/266/1295 484/272/1296 581/273/1297 579/267/1298
f 484/450/1299 486/451/1300 583/452/1301 581/453/1302
f 486/451/1303 488/456/1304 585/457/1305 583/452/1306
f 488/456/1307 490/459/1308 587/460/1309 585/457/1310
f 490/459/1311 492/462/1312 589/463/1313 587/460/1314
f 492/295/1315 494/289/1316 591/290/1317 589/296/1318
f 494/289/1319 496/281/1320 593/284/1321 591/290/1322
f 496/281/1323 498/282/1324 595/283/1325 593/284/1326
f 498/282/1327 500/287/1328 597/288/1329 595/283/1330
f 500/287/1331 502/293/1332 599/294/1333 597/288/1334
f 502/293/1335 504/299/1336 601/300/1337 599/294/1338
f 504/299/1339 506/302/1340 603/303/1341 601/300/1342
f 506/302/1343 508/305/1344 605/306/1345 603/303/1346
f 508/465/1347 510/466/1348 607/467/1349 605/468/1350
f 510/466/1351 512/471/1352 609/472/1353 607/467/1354
f 512/471/1355 514/474/1356 611/475/1357 609/472/1358
f 514/474/1359 516/477/1360 613/478/1361 611/475/1362
f 516/278/1363 518/274/1364 615/275/1365 613/279/1366
f 518/274/1367 520/268/1368 617/269/1369 615/275/1370
f 431/652/1371 433/653/1372 435/654/1373 437/655/1374 439/656/1375 441/657/1376 443/658/1377 445/659/1378 447/660/1379 449/661/1380 451/662/1381 453/663/1382 455/664/1383 457/665/1384 459/666/1385 461/667/1386 463/668/1387 465/669/1388 467/670/1389 469/671/1390 471/672/1391 473/673/1392 619/674/1393 429/675/1394
f 520/268/1395 522/262/1396 475/263/1397 617/269/1398
f 522/262/1399 477/254/1400 575/257/1401 475/263/1402
f 572/676/1403 618/677/1404 616/678/1405 614/679/1406 612/680/1407 610/681/1408 608/682/1409 606/683/1410 604/684/1411 602/685/1412 600/686/1413 598/687/1414 596/688/1415 594/689/1416 592/690/1417 590/691/1418 588/692/1419 586/693/1420 584/694/1421 582/695/1422 580/696/1423 578/697/1424 576/698/1425 573/699/1426
f 432/700/1427 434/701/1428 436/702/1429 438/703/1430 440/704/1431 442/705/1432 444/706/1433 446/707/1434 448/708/1435 450/709/1436 452/710/1437 454/711/1438 456/712/1439 458/713/1440 460/714/1441 462/715/1442 464/716/1443 466/717/1444 468/718/1445 470/719/1446 472/720/1447 474/721/1448 428/722/1449 430/723/1450 479/724/1451 476/725/1452 523/726/1453 521/727/1454 519/728/1455 517/729/1456 515/730/1457 513/731/1458 511/732/1459 509/733/1460 507/734/1461 505/735/1462 503/736/1463 501/737/1464 499/738/1465 497/739/1466 495/740/1467 493/741/1468 491/742/1469 489/743/1470 487/744/1471 485/745/1472 483/746/1473 481/747/1474
f 523/265/1475 476/258/1476 477/254/1477 522/262/1478
f 521/271/1479 523/265/1480 522/262/1481 520/268/1482
f 519/277/1483 521/271/1484 520/268/1485 518/274/1486
f 517/280/1487 519/277/1488 518/274/1489 516/278/1490
f 515/476/1491 517/479/1492 516/477/1493 514/474/1494
f 513/473/1495 515/476/1496 514/474/1497 512/471/1498
f 511/470/1499 513/473/1500 512/471/1501 510/466/1502
f 509/469/1503 511/470/1504 510/466/1505 508/465/1506
f 507/304/1507 509/307/1508 508/305/1509 506/302/1510
f 505/301/1511 507/304/1512 506/302/1513 504/299/1514
f 503/297/1515 505/301/1516 504/299/1517 502/293/1518
f 501/291/1519 503/297/1520 502/293/1521 500/287/1522
f 499/286/1523 501/291/1524 500/287/1525 498/282/1526
f 497/285/1527 499/286/1528 498/282/1529 496/281/1530
f 495/292/1531 497/285/1532 496/281/1533 494/289/1534
f 493/298/1535 495/292/1536 494/289/1537 492/295/1538
f 491/461/1539 493/464/1540 492/462/1541 490/459/1542
f 489/458/1543 491/461/1544 490/459/1545 488/456/1546
f 487/455/1547 489/458/1548 488/456/1549 486/451/1550
f 485/454/1551 487/455/1552 486/451/1553 484/450/1554
f 483/270/1555 485/276/1556 484/272/1557 482/266/1558
f 481/264/1559 483/270/1560 482/266/1561 480/260/1562
f 479/259/1563 481/264/1564 480/260/1565 478/255/1566
f 476/258/1567 479/259/1568 478/255/1569 477/254/1570
f 620/480/1571 621/481/1572 623/482/1573 622/483/1574
f 622/308/1575 623/309/1576 627/310/1577 626/311/1578
f 626/484/1579 627/485/1580 625/486/1581 624/487/1582
f 624/312/1583 625/313/1584 621/314/1585 620/315/1586
f 622/748/1587 626/749/1588 624/750/1589 620/751/1590
f 627/752/1591 623/753/1592 621/754/1593 625/755/1594
f 628/488/1595 630/489/1596 631/490/1597 629/491/1598
f 630/316/1599 634/317/1600 635/318/1601 631/319/1602
f 634/492/1603 632/493/1604 633/494/1605 635/495/1606
f 632/320/1607 628/321/1608 629/322/1609 633/323/1610
f 630/756/1611 628/757/1612 632/758/1613 634/759/1614
f 635/760/1615 633/761/1616 629/762/1617 631/763/1618
