# This file uses centimeters as units for non-parametric coordinates.

mtllib Planta1Model.mtl
g default
v -7.573655 10.358886 2.955184
v -5.633582 12.453497 2.040329
v -5.596206 12.448759 2.146929
v -6.822560 11.348085 2.544028
v -6.844675 11.344079 2.489776
v -6.193952 12.000122 2.334371
v -0.414521 4.579324 -0.306041
v -0.372014 4.690472 -0.118821
v -7.738913 9.734827 3.348892
v -7.870264 10.059736 3.021589
v -2.342693 12.382275 0.816447
v -2.288754 12.383091 0.957330
v -6.229154 12.001800 2.234189
v -4.940724 12.809238 1.792665
v -1.345444 9.633216 0.344407
v -1.286769 9.636669 0.499224
v -4.899456 12.806984 1.905649
v -3.933284 13.186455 1.646557
v -3.108238 13.379182 1.494759
v -3.991750 13.161377 1.494852
v -2.132955 13.731797 -0.676544
v -4.949918 13.742970 -1.555640
v -4.659539 13.756260 -1.596546
v -4.427830 13.760960 -1.609915
v -4.335952 13.760862 -1.603123
v -4.139459 13.765488 -1.659458
v -4.055806 13.766620 -1.683931
v -3.982240 13.765468 -1.690748
v -3.876368 13.761839 -1.685895
v -3.576305 13.746972 -1.672402
v -3.386919 13.735483 -1.622280
v -3.145667 13.755759 -1.515239
v -2.904227 13.781401 -1.369640
v -2.779648 13.779786 -1.270883
v -2.681948 13.763707 -1.142819
v -2.571238 13.755689 -1.070814
v -2.380225 13.729688 -0.961949
v -2.253623 13.732942 -0.863764
v -2.120335 13.719534 -0.512096
v -2.041602 13.721521 -0.214929
v -2.013865 13.711737 0.026284
v -2.069187 13.666303 0.277744
v -2.193613 13.609744 0.454561
v -2.361114 13.530688 0.607787
v -2.592979 13.453884 0.745649
v -2.836912 13.386227 0.863088
v -3.111416 13.319068 0.963443
v -3.269883 13.272297 1.052673
v -3.508917 13.232175 1.125625
v -3.655534 13.197084 1.214333
v -3.793503 13.172977 1.292616
v -3.926969 13.155407 1.387488
v -8.087001 10.520423 2.435948
v -8.143496 10.869049 1.941668
v -8.109443 11.149691 1.594599
v -7.958968 11.422657 1.263705
v -7.845350 11.799215 0.935704
v -7.727752 12.143245 0.622387
v -7.693040 12.215813 0.555870
v -7.698403 12.288499 0.468508
v -7.557277 12.579993 0.141438
v -7.367311 12.880446 -0.239758
v -7.223168 13.054097 -0.482430
v -7.109226 13.143985 -0.604722
v -6.867165 13.281305 -0.774518
v -6.732735 13.336728 -0.828887
v -6.602981 13.384546 -0.876679
v -6.538269 13.411604 -0.919272
v -6.445008 13.438356 -0.936732
v -6.172174 13.529762 -1.081003
v -6.046637 13.570074 -1.159011
v -5.907894 13.601693 -1.204356
v -5.725992 13.650554 -1.337351
v -5.607222 13.673930 -1.396646
v -5.319825 13.712511 -1.486858
v -2.538001 13.801645 4.605450
v -3.836700 13.214855 1.701354
v -3.691359 13.249292 1.684923
v -3.443264 13.287006 1.611747
v -3.268560 13.320880 1.527608
v -3.177545 13.350220 1.497336
v -3.127522 13.370429 1.504566
v -3.060341 13.387728 1.470312
v -2.965662 13.412775 1.443081
v -2.659710 13.479462 1.335871
v -2.414985 13.543155 1.278411
v -2.161790 13.601865 1.231135
v -1.883807 13.619411 1.253281
v -1.722810 13.675854 1.319743
v -1.587904 13.699821 1.426858
v -1.500783 13.738173 1.547974
v -1.439560 13.761451 1.727786
v -1.397188 13.798520 1.883955
v -1.369960 13.828241 2.081429
v -1.311540 13.849438 2.301947
v -1.249560 13.878092 2.503283
v -1.147929 13.896091 2.750878
v -1.077874 13.907053 3.006270
v -1.080358 13.905634 3.188445
v -1.133373 13.891557 3.396521
v -1.265320 13.870834 3.607451
v -1.399420 13.855551 3.788916
v -1.703756 13.848484 4.070029
v -2.095292 13.822220 4.342722
v -2.964583 13.759397 4.826331
v -3.647572 13.556437 5.059908
v -4.170550 13.370467 5.211465
v -4.338084 13.300921 5.224122
v -4.513028 13.216337 5.169080
v -4.659917 13.137418 5.101824
v -4.952202 12.984937 5.112766
v -5.241874 12.817094 5.119539
v -5.490242 12.655452 5.081832
v -5.687269 12.514341 5.004017
v -5.815568 12.415210 4.934705
v -5.981553 12.286890 4.906269
v -6.098071 12.104968 4.800992
v -6.236515 11.898861 4.711925
v -6.450898 11.706432 4.585583
v -6.606274 11.540039 4.432656
v -6.694769 11.396078 4.257330
v -6.848880 11.220812 4.097402
v -7.000348 11.065127 3.961867
v -7.207249 10.847198 3.867264
v -7.379474 10.613563 3.789603
v -7.561212 10.464953 3.682652
v -7.658755 10.281360 3.550382
v -7.700539 10.058871 3.414212
v -7.725099 9.909169 3.366656
v -7.542142 10.348399 3.033944
v -1.660564 11.282904 0.516666
v -1.604161 11.284947 0.664470
v -1.019890 7.432070 0.291512
v -1.082732 7.426775 0.125276
v -4.423534 12.974385 1.781571
v -4.478779 12.971203 1.651244
v -1.939202 11.901131 0.643202
v -1.884004 11.902555 0.787532
v -1.399328 10.530947 0.566554
v -1.456883 10.528196 0.415251
v -1.205140 8.598367 0.235996
v -1.144384 8.602720 0.396518
v -0.769594 6.106784 0.123151
v -0.834553 6.100503 -0.048800
v -3.043475 12.887911 1.271363
v -3.099414 12.886741 1.124996
v -3.528865 13.070145 1.302140
v -3.472000 13.072457 1.451250
v -7.195372 10.848432 2.757043
v -7.224502 10.836326 2.709094
v -6.489462 11.693275 2.432684
v -6.526963 11.686788 2.357611
v -7.019892 11.105538 2.589291
v -6.995476 11.109670 2.641362
v -0.685684 4.613450 -0.202835
v -0.641159 4.725064 -0.016363
v -2.403922 12.347857 0.833273
v -2.349477 12.348762 0.973961
v -1.441973 9.584349 0.372489
v -1.382710 9.587906 0.527080
v -3.931025 13.166641 1.644518
v -3.989745 13.142623 1.493072
v -1.736327 11.238655 0.537007
v -1.679378 11.240793 0.684601
v -1.143490 7.379138 0.330250
v -1.206983 7.373728 0.164265
v -2.006950 11.860905 0.661201
v -1.951225 11.862421 0.805329
v -1.484110 10.483837 0.590011
v -1.542232 10.480986 0.438926
v -1.314693 8.547301 0.269134
v -1.253318 8.551764 0.429418
v -0.909984 6.050016 0.168117
v -0.975625 6.043616 -0.003569
v -3.096860 12.864429 1.287916
v -3.153329 12.863165 1.141754
v -3.579880 13.052742 1.319410
v -3.522461 13.055151 1.468306
v -4.423534 12.974386 1.781571
v -4.478779 12.971204 1.651245
v -4.420554 12.967485 1.780104
v -4.478711 12.963068 1.651337
v -4.899456 12.806984 1.905649
v -4.892072 12.805207 1.897381
v -4.931141 12.802895 1.800119
v -4.940725 12.809238 1.792665
vt 0.744140 0.104835
vt 0.743418 0.831223
vt 0.742054 0.532266
vt 0.742576 0.604036
vt 0.744975 0.934053
vt 0.884348 0.503658
vt 0.572883 0.525130
vt 0.733284 0.155391
vt 0.732839 0.408172
vt 0.742302 0.205948
vt 0.746898 0.600480
vt 0.690664 0.470910
vt 0.742054 0.532266
vt 0.742589 0.605805
vt 0.741519 0.458728
vt 0.872008 0.492836
vt 0.710712 0.923126
vt 0.745059 0.054279
vt 0.587918 0.500298
vt 0.743988 0.775660
vt 0.648062 0.480478
vt 0.819800 0.458728
vt 0.741519 0.458728
vt 0.607055 0.486857
vt 0.724967 0.559888
vt 0.591108 0.799650
vt 0.911686 0.553588
vt 0.560125 0.726065
vt 0.726659 0.594387
vt 0.741006 0.905560
vt 0.799202 0.908496
vt 0.621635 0.483668
vt 0.748389 0.802442
vt 0.773613 0.921290
vt 0.733865 0.104835
vt 0.713446 0.485946
vt 0.742576 0.604036
vt 0.742321 0.569036
vt 0.733285 0.532266
vt 0.734446 0.054279
vt 0.733491 0.605805
vt 0.914989 0.767538
vt 0.744140 0.104835
vt 0.740851 0.868919
vt 0.741485 0.408172
vt 0.745059 0.054279
vt 0.683829 0.891688
vt 0.736728 0.905344
vt 0.810877 0.461132
vt 0.732600 0.357616
vt 0.741417 0.307060
vt 0.698637 0.472960
vt 0.724381 0.531965
vt 0.634165 0.857971
vt 0.749177 0.591747
vt 0.680184 0.472049
vt 0.745280 0.641428
vt 0.741485 0.408172
vt 0.733486 0.604036
vt 0.732839 0.408172
vt 0.747808 0.674878
vt 0.737364 0.641154
vt 0.722558 0.516929
vt 0.865469 0.835339
vt 0.751265 0.559283
vt 0.742208 0.848996
vt 0.553290 0.605805
vt 0.749957 0.775377
vt 0.919280 0.589279
vt 0.873342 0.827466
vt 0.832140 0.462651
vt 0.732600 0.357616
vt 0.733491 0.605805
vt 0.732702 0.205948
vt 0.706839 0.478200
vt 0.724836 0.551101
vt 0.724836 0.561125
vt 0.850378 0.855678
vt 0.780312 0.465878
vt 0.888471 0.807725
vt 0.566731 0.736089
vt 0.922370 0.708215
vt 0.616851 0.838379
vt 0.894979 0.516378
vt 0.741417 0.307060
vt 0.913015 0.570674
vt 0.728709 0.602132
vt 0.745994 0.831873
vt 0.922887 0.605805
vt 0.730576 0.944953
vt 0.598854 0.811724
vt 0.743720 0.801821
vt 0.927823 0.656105
vt 0.752214 0.573522
vt 0.910547 0.549221
vt 0.752594 0.531565
vt 0.928393 0.647752
vt 0.665832 0.873234
vt 0.761327 0.485812
vt 0.743924 0.870140
vt 0.742602 0.727718
vt 0.623914 0.848175
vt 0.733078 0.458728
vt 0.732360 0.307060
vt 0.726659 0.937023
vt 0.742576 0.604036
vt 0.745029 0.849708
vt 0.753923 0.515238
vt 0.741080 0.675065
vt 0.733078 0.458728
vt 0.741451 0.357616
vt 0.734446 0.054279
vt 0.732121 0.256504
vt 0.750505 0.583014
vt 0.726431 0.569099
vt 0.922644 0.719150
vt 0.636443 0.482529
vt 0.732702 0.205948
vt 0.691803 0.903079
vt 0.732121 0.256504
vt 0.864414 0.487711
vt 0.733491 0.605805
vt 0.912066 0.558714
vt 0.924011 0.688531
vt 0.609333 0.830861
vt 0.742589 0.605805
vt 0.849606 0.478598
vt 0.741451 0.357616
vt 0.579489 0.512600
vt 0.573338 0.744290
vt 0.725292 0.556797
vt 0.743221 0.155392
vt 0.793601 0.462461
vt 0.922917 0.737740
vt 0.839924 0.468726
vt 0.655124 0.866856
vt 0.675400 0.879841
vt 0.905147 0.783941
vt 0.733388 0.569036
vt 0.732360 0.307060
vt 0.550784 0.634710
vt 0.927064 0.628957
vt 0.908079 0.542956
vt 0.700688 0.914469
vt 0.604777 0.819242
vt 0.660592 0.477744
vt 0.733486 0.604036
vt 0.644645 0.864122
vt 0.768161 0.474611
vt 0.578806 0.763655
vt 0.553518 0.680274
vt 0.725520 0.580034
vt 0.671299 0.473871
vt 0.901434 0.526439
vt 0.742589 0.605805
vt 0.922917 0.728171
vt 0.919090 0.757150
vt 0.868421 0.830418
vt 0.564226 0.548140
vt 0.752784 0.548841
vt 0.743221 0.155392
vt 0.923464 0.714229
vt 0.855681 0.484103
vt 0.597715 0.492097
vt 0.742302 0.205948
vt 0.818229 0.895373
vt 0.741382 0.256504
vt 0.833975 0.877002
vt 0.721419 0.930872
vt 0.558074 0.576389
vt 0.748931 0.727417
vt 0.915293 0.575990
vt 0.733486 0.604036
vt 0.741382 0.256504
vt 0.925378 0.679236
vt 0.733284 0.155391
vt 0.726203 0.563631
vt 0.557163 0.715357
vt 0.720052 0.501437
vt 0.733388 0.569036
vt 0.733865 0.104835
vt 0.924785 0.669964
vt 0.733285 0.532266
vt 0.742321 0.569036
vt 0.756581 0.498912
vt 0.584273 0.783247
vn -0.366196 0.929850 0.035763
vn -0.369961 0.925698 -0.078817
vn -0.311011 0.946582 -0.085167
vn -0.326537 0.945182 -0.002107
vn -0.044460 0.982473 0.181025
vn -0.045241 0.982466 0.180870
vn -0.084870 0.981388 0.172266
vn -0.117746 0.979488 0.163518
vn -0.109957 0.980047 0.165584
vn -0.084870 0.981388 0.172266
vn -0.084870 0.981388 0.172266
vn -0.232779 0.917824 -0.321580
vn -0.245512 0.952504 0.180166
vn -0.326537 0.945182 -0.002107
vn -0.017516 0.925053 0.379435
vn -0.232779 0.917824 -0.321580
vn -0.060805 0.973289 0.221387
vn -0.146742 0.956467 0.252265
vn -0.154399 0.950307 0.270329
vn -0.245512 0.952504 0.180166
vn 0.348933 0.442566 -0.826063
vn 0.217310 0.596192 -0.772872
vn 0.682698 0.536226 0.496371
vn 0.805311 0.388876 0.447492
vn -0.030913 0.979679 0.198174
vn -0.030708 0.979715 0.198029
vn -0.045241 0.982466 0.180870
vn -0.044460 0.982473 0.181025
vn -0.015696 0.982224 0.187056
vn -0.015696 0.982224 0.187056
vn -0.015696 0.982224 0.187056
vn -0.494440 0.794515 0.352527
vn -0.360346 0.824416 0.436450
vn -0.414657 0.769858 0.485157
vn -0.414657 0.769858 0.485157
vn -0.414657 0.769858 0.485157
vn -0.444237 0.743791 0.499429
vn -0.568937 0.727128 0.384181
vn 0.425501 0.139351 -0.894165
vn 0.426983 0.136175 -0.893947
vn 0.891609 0.080143 0.445657
vn 0.900470 0.070103 0.429230
vn -0.601138 0.792974 0.099123
vn -0.494440 0.794515 0.352527
vn -0.568937 0.727128 0.384181
vn -0.676369 0.727305 0.116416
vn 0.441393 0.178903 -0.879299
vn 0.411257 0.291182 -0.863760
vn 0.867093 0.241502 0.435691
vn 0.894820 0.134316 0.425741
vn -0.052098 0.715914 -0.696242
vn -0.232779 0.917824 -0.321580
vn -0.017516 0.925053 0.379435
vn 0.455602 0.671453 0.584446
vn -0.192653 0.978436 -0.074484
vn -0.193385 0.978251 -0.075017
vn -0.181417 0.981154 -0.066521
vn -0.201652 0.978000 -0.053406
vn -0.203613 0.977663 -0.052120
vn -0.181417 0.981154 -0.066521
vn -0.181417 0.981154 -0.066521
vn -0.601138 0.792974 0.099123
vn -0.572079 0.819266 -0.039096
vn -0.541603 0.839621 -0.041268
vn -0.541603 0.839621 -0.041268
vn -0.451040 0.890491 -0.059897
vn -0.484361 0.872054 0.070122
vn -0.232779 0.917824 -0.321580
vn 0.041412 0.982344 0.182442
vn 0.006797 0.981230 0.192722
vn 0.004178 0.981095 0.193480
vn -0.060805 0.973289 0.221387
vn -0.366196 0.929850 0.035763
vn -0.276529 0.931878 0.234810
vn -0.385928 0.874981 0.292349
vn -0.484361 0.872054 0.070122
vn -0.276529 0.931878 0.234810
vn -0.193789 0.929517 0.313759
vn -0.232928 0.909810 0.343498
vn -0.232928 0.909810 0.343498
vn -0.232928 0.909810 0.343498
vn -0.232928 0.909810 0.343498
vn -0.279351 0.883446 0.376146
vn -0.385928 0.874981 0.292349
vn -0.232780 0.967466 -0.099114
vn -0.182339 0.978042 -0.100924
vn -0.182294 0.978046 -0.100975
vn -0.164261 0.979387 -0.117553
vn -0.164261 0.979387 -0.117553
vn -0.017516 0.925053 0.379435
vn -0.766462 0.580689 0.274474
vn -0.857399 0.474273 -0.199830
vn -0.857399 0.474273 -0.199830
vn -0.857399 0.474273 -0.199830
vn -0.857399 0.474273 -0.199830
vn -0.806318 0.588257 -0.061687
vn -0.749577 0.617865 0.237440
vn -0.725394 0.673654 0.141397
vn -0.618242 0.673012 0.405993
vn -0.614279 0.676146 0.406802
vn -0.755410 0.636699 0.154823
vn -0.618242 0.673012 0.405993
vn -0.524396 0.663336 0.533849
vn -0.518040 0.666443 0.536179
vn -0.614279 0.676146 0.406802
vn -0.725394 0.673654 0.141397
vn -0.737927 0.674870 0.003767
vn -0.727432 0.686156 -0.005703
vn -0.660680 0.750225 -0.025784
vn -0.676369 0.727305 0.116416
vn -0.484361 0.872054 0.070122
vn -0.385928 0.874981 0.292349
vn -0.494440 0.794515 0.352527
vn -0.601138 0.792974 0.099123
vn -0.385928 0.874981 0.292349
vn -0.279351 0.883446 0.376146
vn -0.338816 0.843447 0.416896
vn -0.338816 0.843447 0.416896
vn -0.338816 0.843447 0.416896
vn -0.360346 0.824416 0.436450
vn -0.494440 0.794515 0.352527
vn -0.484361 0.872054 0.070122
vn -0.451040 0.890491 -0.059897
vn -0.418626 0.905745 -0.066167
vn -0.418626 0.905745 -0.066167
vn -0.369961 0.925698 -0.078817
vn -0.366196 0.929850 0.035763
vn -0.749577 0.617865 0.237440
vn -0.531070 0.651774 0.541438
vn -0.471449 0.602669 0.643837
vn -0.766462 0.580689 0.274474
vn -0.531070 0.651774 0.541438
vn -0.448911 0.680000 0.579724
vn -0.404927 0.679577 0.611727
vn -0.471449 0.602669 0.643837
vn -0.749577 0.617865 0.237440
vn -0.806318 0.588257 -0.061687
vn -0.781744 0.623471 -0.012634
vn -0.781744 0.623471 -0.012634
vn -0.799958 0.599256 0.030971
vn -0.751071 0.640571 0.159879
vn 0.374964 0.223221 -0.899764
vn 0.401287 0.160897 -0.901710
vn 0.892068 0.082524 0.444303
vn 0.886999 0.140754 0.439796
vn -0.326537 0.945182 -0.002107
vn -0.245512 0.952504 0.180166
vn -0.276529 0.931878 0.234810
vn -0.366196 0.929850 0.035763
vn -0.245512 0.952504 0.180166
vn -0.154399 0.950307 0.270329
vn -0.162643 0.943187 0.289732
vn -0.193789 0.929517 0.313759
vn -0.276529 0.931878 0.234810
vn -0.326537 0.945182 -0.002107
vn -0.311011 0.946582 -0.085167
vn -0.232780 0.967466 -0.099114
vn -0.017516 0.925053 0.379435
vn 0.411257 0.291182 -0.863760
vn 0.348933 0.442566 -0.826063
vn 0.805311 0.388876 0.447492
vn 0.867093 0.241502 0.435691
vn 0.426983 0.136175 -0.893947
vn 0.441393 0.178903 -0.879299
vn 0.894820 0.134316 0.425741
vn 0.891609 0.080143 0.445657
vn 0.401287 0.160897 -0.901710
vn 0.425501 0.139351 -0.894165
vn 0.900470 0.070103 0.429230
vn 0.892068 0.082524 0.444303
vn 0.300742 0.239512 -0.923141
vn 0.374964 0.223221 -0.899764
vn 0.886999 0.140754 0.439796
vn 0.961507 0.248304 0.117681
vn 0.217310 0.596192 -0.772872
vn 0.073326 0.678721 -0.730726
vn 0.560255 0.613887 0.556109
vn 0.682698 0.536226 0.496371
vn 0.073326 0.678721 -0.730726
vn -0.052098 0.715914 -0.696242
vn 0.455602 0.671453 0.584446
vn 0.560255 0.613887 0.556109
vn -0.751071 0.640571 0.159879
vn -0.579377 0.690893 0.432423
vn -0.531070 0.651774 0.541438
vn -0.749577 0.617865 0.237440
vn -0.579377 0.690893 0.432423
vn -0.449657 0.713702 0.537065
vn -0.448911 0.680000 0.579724
vn -0.531070 0.651774 0.541438
vn -0.751071 0.640571 0.159879
vn -0.799958 0.599256 0.030971
vn -0.804266 0.592774 0.042129
vn -0.774300 0.631895 0.034194
vn -0.755410 0.636699 0.154823
vn -0.676369 0.727305 0.116416
vn -0.660680 0.750225 -0.025784
vn -0.628398 0.777112 -0.034821
vn -0.628398 0.777112 -0.034821
vn -0.572079 0.819266 -0.039096
vn -0.601138 0.792974 0.099123
vn -0.676369 0.727305 0.116416
vn -0.568937 0.727128 0.384181
vn -0.618242 0.673012 0.405993
vn -0.725394 0.673654 0.141397
vn -0.568937 0.727128 0.384181
vn -0.444237 0.743791 0.499429
vn -0.512576 0.675302 0.530314
vn -0.524396 0.663336 0.533849
vn -0.618242 0.673012 0.405993
vn -0.614279 0.676146 0.406802
vn -0.518040 0.666443 0.536179
vn -0.449657 0.713702 0.537065
vn -0.579377 0.690893 0.432423
vn -0.755410 0.636699 0.154823
vn -0.614279 0.676146 0.406802
vn -0.579377 0.690893 0.432423
vn -0.751071 0.640571 0.159879
vn -0.755410 0.636699 0.154823
vn -0.774300 0.631895 0.034194
vn -0.768484 0.639032 0.032711
vn -0.768484 0.639032 0.032711
vn -0.737927 0.674870 0.003767
vn -0.725394 0.673654 0.141397
vn -0.109957 0.980047 0.165584
vn -0.117746 0.979488 0.163518
vn -0.166244 0.974585 0.150153
vn -0.166244 0.974585 0.150153
vn -0.166244 0.974585 0.150153
vn -0.166244 0.974585 0.150153
vn -0.166244 0.974585 0.150153
vn -0.166244 0.974585 0.150153
vn -0.166244 0.974585 0.150153
vn -0.166244 0.974585 0.150153
vn -0.166244 0.974585 0.150153
vn -0.166244 0.974585 0.150153
vn -0.166244 0.974585 0.150153
vn -0.166244 0.974585 0.150153
vn -0.166244 0.974585 0.150153
vn -0.166244 0.974585 0.150153
vn -0.203613 0.977663 -0.052120
vn -0.201652 0.978000 -0.053406
vn -0.236056 0.971250 -0.030830
vn -0.236056 0.971250 -0.030830
vn -0.236056 0.971250 -0.030830
vn -0.236056 0.971250 -0.030830
vn -0.236056 0.971250 -0.030830
vn -0.236056 0.971250 -0.030830
vn -0.236056 0.971250 -0.030830
vn -0.236056 0.971250 -0.030830
vn -0.236056 0.971250 -0.030830
vn -0.236056 0.971250 -0.030830
vn -0.236056 0.971250 -0.030830
vn -0.236056 0.971250 -0.030830
vn -0.236056 0.971250 -0.030830
vn -0.236056 0.971250 -0.030830
vn -0.236056 0.971250 -0.030830
vn 0.441393 0.178903 -0.879299
vn 0.426983 0.136175 -0.893947
vn -0.900602 -0.066684 -0.429499
vn -0.877422 -0.111793 -0.466512
vn 0.560255 0.613887 0.556109
vn 0.455602 0.671453 0.584446
vn 0.076791 -0.686157 0.723389
vn -0.043130 -0.652442 0.756610
vn 0.867093 0.241502 0.435691
vn 0.805311 0.388876 0.447492
vn -0.287260 -0.405908 0.867595
vn -0.371608 -0.269914 0.888287
vn 0.073326 0.678721 -0.730726
vn 0.217310 0.596192 -0.772872
vn -0.676779 -0.470426 -0.566277
vn -0.569680 -0.567039 -0.594921
vn 0.425501 0.139351 -0.894165
vn 0.401287 0.160897 -0.901710
vn -0.907408 -0.076999 -0.413138
vn -0.899207 -0.054477 -0.434119
vn 0.961507 0.248304 0.117681
vn 0.886999 0.140754 0.439796
vn -0.401505 -0.193094 0.895270
vn -0.442152 -0.212050 0.871514
vn 0.892068 0.082524 0.444303
vn 0.900470 0.070103 0.429230
vn -0.416443 -0.126840 0.900270
vn -0.424906 -0.148203 0.893023
vn 0.900470 0.070103 0.429230
vn 0.891609 0.080143 0.445657
vn -0.426151 -0.125801 0.895863
vn -0.416443 -0.126840 0.900270
vn 0.348933 0.442566 -0.826063
vn 0.411257 0.291182 -0.863760
vn -0.850414 -0.211406 -0.481772
vn -0.783989 -0.332017 -0.524524
vn -0.052098 0.715914 -0.696242
vn 0.073326 0.678721 -0.730726
vn -0.569680 -0.567039 -0.594921
vn -0.480422 -0.622677 -0.617631
vn 0.401287 0.160897 -0.901710
vn 0.374964 0.223221 -0.899764
vn -0.901041 -0.114111 -0.418453
vn -0.907408 -0.076999 -0.413138
vn 0.682698 0.536226 0.496371
vn 0.560255 0.613887 0.556109
vn -0.043130 -0.652442 0.756610
vn -0.162801 -0.554004 0.816440
vn 0.805311 0.388876 0.447492
vn 0.682698 0.536226 0.496371
vn -0.162801 -0.554004 0.816440
vn -0.287260 -0.405908 0.867595
vn 0.426983 0.136175 -0.893947
vn 0.425501 0.139351 -0.894165
vn -0.899207 -0.054477 -0.434119
vn -0.900602 -0.066684 -0.429499
vn 0.455602 0.671453 0.584446
vn -0.017516 0.925053 0.379435
vn 0.293233 -0.616827 0.730438
vn 0.076791 -0.686157 0.723389
vn 0.886999 0.140754 0.439796
vn 0.892068 0.082524 0.444303
vn -0.424906 -0.148203 0.893023
vn -0.401505 -0.193094 0.895270
vn -0.232779 0.917824 -0.321580
vn -0.052098 0.715914 -0.696242
vn -0.480422 -0.622677 -0.617631
vn -0.216009 -0.646492 -0.731702
vn 0.891609 0.080143 0.445657
vn 0.894820 0.134316 0.425741
vn -0.403294 -0.163034 0.900430
vn -0.426151 -0.125801 0.895863
vn 0.374964 0.223221 -0.899764
vn 0.300742 0.239512 -0.923141
vn -0.724784 -0.049869 -0.687169
vn -0.901041 -0.114111 -0.418453
vn 0.217310 0.596192 -0.772872
vn 0.348933 0.442566 -0.826063
vn -0.783989 -0.332017 -0.524524
vn -0.676779 -0.470426 -0.566277
vn 0.894820 0.134316 0.425741
vn 0.867093 0.241502 0.435691
vn -0.371608 -0.269914 0.888287
vn -0.403294 -0.163034 0.900430
vn 0.411257 0.291182 -0.863760
vn 0.441393 0.178903 -0.879299
vn -0.877422 -0.111793 -0.466512
vn -0.850414 -0.211406 -0.481772
vn -0.480422 -0.622677 -0.617631
vn 0.076791 -0.686157 0.723389
vn 0.293233 -0.616827 0.730438
vn -0.216009 -0.646492 -0.731702
vn 0.076791 -0.686157 0.723389
vn -0.480422 -0.622677 -0.617631
vn -0.569680 -0.567039 -0.594921
vn -0.043130 -0.652442 0.756610
vn -0.043130 -0.652442 0.756610
vn -0.569680 -0.567039 -0.594921
vn -0.676779 -0.470426 -0.566277
vn -0.162801 -0.554004 0.816440
vn -0.783989 -0.332017 -0.524524
vn -0.287260 -0.405908 0.867595
vn -0.162801 -0.554004 0.816440
vn -0.676779 -0.470426 -0.566277
vn -0.287260 -0.405908 0.867595
vn -0.783989 -0.332017 -0.524524
vn -0.850414 -0.211406 -0.481772
vn -0.371608 -0.269914 0.888287
vn -0.877422 -0.111793 -0.466512
vn -0.403294 -0.163034 0.900430
vn -0.371608 -0.269914 0.888287
vn -0.850414 -0.211406 -0.481772
vn -0.403294 -0.163034 0.900430
vn -0.877422 -0.111793 -0.466512
vn -0.900602 -0.066684 -0.429499
vn -0.426151 -0.125801 0.895863
vn -0.899207 -0.054477 -0.434119
vn -0.416443 -0.126840 0.900270
vn -0.426151 -0.125801 0.895863
vn -0.900602 -0.066684 -0.429499
vn -0.416443 -0.126840 0.900270
vn -0.899207 -0.054477 -0.434119
vn -0.907408 -0.076999 -0.413138
vn -0.424906 -0.148203 0.893023
vn -0.901041 -0.114111 -0.418453
vn -0.401505 -0.193094 0.895270
vn -0.424906 -0.148203 0.893023
vn -0.907408 -0.076999 -0.413138
vn -0.401505 -0.193094 0.895270
vn -0.901041 -0.114111 -0.418453
vn -0.724784 -0.049869 -0.687169
vn -0.442152 -0.212050 0.871514
vn -0.216009 -0.646492 -0.731702
vn 0.293233 -0.616827 0.730438
vn 0.412334 -0.755528 0.509076
vn 0.089573 -0.783975 -0.614296
vn -0.232779 0.917824 -0.321580
vn -0.216009 -0.646492 -0.731702
vn 0.089573 -0.783975 -0.614296
vn -0.239914 -0.187389 -0.952537
vn 0.293233 -0.616827 0.730438
vn -0.017516 0.925053 0.379435
vn 0.339351 -0.283004 0.897078
vn 0.412334 -0.755528 0.509076
vn 0.004178 0.981095 0.193480
vn 0.006797 0.981230 0.192722
vn -0.043187 0.977366 0.207098
vn -0.030708 0.979715 0.198029
vn -0.030913 0.979679 0.198174
vn -0.043187 0.977366 0.207098
vn -0.182294 0.978046 -0.100975
vn -0.182339 0.978042 -0.100924
vn -0.193385 0.978251 -0.075017
vn -0.192653 0.978436 -0.074484
vn -0.202917 0.975772 -0.081810
vn -0.202917 0.975772 -0.081810
vn -0.202917 0.975772 -0.081810
vn -0.115888 -0.854773 0.505899
vn -0.253589 -0.775178 -0.578612
vn -0.153786 -0.945244 -0.287861
vn 0.107200 -0.904653 0.412445
vn -0.239914 -0.187389 -0.952537
vn 0.089573 -0.783975 -0.614296
vn -0.153786 -0.945244 -0.287861
vn -0.253589 -0.775178 -0.578612
vn 0.089573 -0.783975 -0.614296
vn 0.412334 -0.755528 0.509076
vn 0.107200 -0.904653 0.412445
vn -0.153786 -0.945244 -0.287861
vn 0.412334 -0.755528 0.509076
vn 0.339351 -0.283004 0.897078
vn -0.115888 -0.854773 0.505899
vn 0.107200 -0.904653 0.412445
s off
g PlaneFBXASC046002
usemtl lambert2SG
f 17/109/1 106/151/2 105/141/3 135/62/4
f 29/143/5 48/65/6 47/160/7 46/96/8 32/6/9 31/84/10 30/154/11
f 20/126/12 136/57/13 135/62/14 18/122/15
f 20/126/16 22/89/17 75/142/18 74/97/19 136/57/20
f 137/45/21 11/15/22 12/103/23 138/60/24
f 25/86/25 49/94/26 48/65/27 29/143/28 28/95/29 27/27/30 26/123/31
f 13/68/32 63/42/33 62/138/34 61/80/35 60/70/36 59/158/37 152/33/38
f 141/10/39 15/174/40 16/120/41 142/118/42
f 6/20/43 13/68/44 152/33/45 151/92/46
f 140/85/47 131/128/48 132/72/49 139/140/50
f 147/38/51 20/126/52 18/122/53 148/180/54
f 19/25/55 103/159/56 102/7/57 101/129/58 85/53/59 84/76/60 83/131/61
f 6/20/62 112/186/63 111/150/64 110/130/65 109/81/66 3/101/67
f 20/126/68 52/11/69 51/55/70 23/69/71 22/89/72
f 17/109/73 14/61/74 2/171/75 3/101/76
f 14/61/77 72/182/78 71/175/79 70/124/80 69/82/81 68/162/82 67/116/83 2/171/84
f 76/67/85 104/170/86 79/152/87 78/29/88 77/87/89 18/122/90
f 9/90/91 129/105/92 128/169/93 127/17/94 126/144/95 125/119/96 130/48/97
f 4/2/98 5/88/99 153/107/100 154/66/101
f 5/88/102 57/78/103 56/168/104 153/107/105
f 4/2/106 117/83/107 116/125/108 115/145/109 151/92/110
f 3/101/111 2/171/112 13/68/113 6/20/114
f 2/171/115 67/116/116 66/156/117 65/134/118 64/157/119 63/42/120 13/68/121
f 3/101/122 109/81/123 108/28/124 107/178/125 106/151/126 17/109/127
f 130/48/128 1/30/129 10/5/130 9/90/131
f 1/30/132 54/31/133 53/34/134 10/5/135
f 130/48/136 125/119/137 124/47/138 123/137/139 122/98/140 149/44/141
f 144/43/142 134/161/143 133/8/144 143/35/145
f 135/62/146 136/57/147 14/61/148 17/109/149
f 136/57/150 74/97/151 73/93/152 72/182/153 14/61/154
f 135/62/155 105/141/156 76/67/157 18/122/158
f 131/128/159 137/45/160 138/60/161 132/72/162
f 15/174/163 140/85/164 139/140/165 16/120/166
f 134/161/167 141/10/168 142/118/169 133/8/170
f 7/18/171 144/43/172 143/35/173 8/40/174
f 11/15/175 146/3/176 145/39/177 12/103/178
f 146/3/179 147/38/180 148/180/181 145/39/182
f 149/44/183 150/100/184 1/30/185 130/48/186
f 150/100/187 55/166/188 54/31/189 1/30/190
f 149/44/191 122/98/192 121/136/193 120/148/194 154/66/195
f 151/92/196 115/145/197 114/91/198 113/26/199 112/186/200 6/20/201
f 151/92/202 152/33/203 5/88/204 4/2/205
f 152/33/206 59/158/207 58/64/208 57/78/209 5/88/210
f 153/107/211 56/168/212 55/166/213 150/100/214
f 154/66/215 153/107/216 150/100/217 149/44/218
f 154/66/219 120/148/220 119/54/221 118/102/222 117/83/223 4/2/224
f 32/6/225 46/96/226 45/108/227 44/185/228 43/99/229 42/149/230 41/79/231 40/133/232 39/49/233 21/22/234 38/71/235 37/135/236 36/127/237 35/163/238 34/121/239 33/16/240
f 85/53/241 101/129/242 100/19/243 99/164/244 98/24/245 97/32/246 96/117/247 95/21/248 94/146/249 93/153/250 92/56/251 91/12/252 90/52/253 89/75/254 88/36/255 87/179/256 86/63/257
f 140/85/258 15/174/259 159/167/260 170/51/261
f 145/39/262 148/180/263 178/139/264 175/183/265
f 132/72/266 138/60/267 168/9/268 164/50/269
f 146/3/270 11/15/271 157/23/272 176/13/273
f 141/10/274 134/161/275 166/132/276 171/165/277
f 8/40/278 143/35/279 173/181/280 156/112/281
f 133/8/282 142/118/283 172/74/284 165/176/285
f 142/118/286 16/120/287 160/113/288 172/74/289
f 137/45/290 131/128/291 163/111/292 167/58/293
f 147/38/294 146/3/295 176/13/296 177/184/297
f 134/161/298 144/43/299 174/1/300 166/132/301
f 12/103/302 145/39/303 175/183/304 158/110/305
f 138/60/306 12/103/307 158/110/308 168/9/309
f 15/174/310 141/10/311 171/165/312 159/167/313
f 148/180/314 18/122/315 161/173/316 178/139/317
f 143/35/318 133/8/319 165/176/320 173/181/321
f 20/126/322 147/38/323 177/184/324 162/37/325
f 16/120/326 139/140/327 169/104/328 160/113/329
f 144/43/330 7/18/331 155/46/332 174/1/333
f 11/15/334 137/45/335 167/58/336 157/23/337
f 139/140/338 132/72/339 164/50/340 169/104/341
f 131/128/342 140/85/343 170/51/344 163/111/345
f 177/184/346 178/139/347 161/173/348 162/37/349
f 178/139/350 177/184/351 176/13/352 175/183/353
f 175/183/354 176/13/355 157/23/356 158/110/357
f 167/58/358 168/9/359 158/110/360 157/23/361
f 168/9/362 167/58/363 163/111/364 164/50/365
f 170/51/366 169/104/367 164/50/368 163/111/369
f 169/104/370 170/51/371 159/167/372 160/113/373
f 171/165/374 172/74/375 160/113/376 159/167/377
f 172/74/378 171/165/379 166/132/380 165/176/381
f 174/1/382 173/181/383 165/176/384 166/132/385
f 173/181/386 174/1/387 155/46/388 156/112/389
f 162/37/390 161/173/391 181/59/392 182/106/393
f 20/126/394 162/37/395 182/106/396 180/155/397
f 161/173/398 18/122/399 179/41/400 181/59/401
f 23/69/402 51/55/403 50/114/404 49/94/405 25/86/406 24/172/407
f 79/152/408 104/170/409 103/159/410 19/25/411 82/77/412 81/177/413 80/115/414
f 183/73/415 186/14/416 185/4/417 184/147/418
f 180/155/419 182/106/420 185/4/421 186/14/422
f 182/106/423 181/59/424 184/147/425 185/4/426
f 181/59/427 179/41/428 183/73/429 184/147/430
g default
v 6.937424 17.348365 4.273320
v 4.268016 15.542813 2.511010
v 4.329911 15.539719 2.417347
v 5.766516 16.663478 3.522807
v 5.738489 16.663969 3.573542
v 4.980241 16.091022 2.909801
v -0.839026 4.345239 -0.211248
v -0.709851 4.314812 -0.367315
v 7.640213 17.539592 4.458423
v 7.269001 17.543582 4.563019
v 1.916061 12.863227 1.137183
v 1.989359 12.857433 1.005304
v 4.927825 16.078551 3.000242
v 3.581778 15.026386 2.062889
v 1.052181 10.013159 0.728809
v 1.128233 10.014960 0.581351
v 3.634505 15.019263 1.955762
v 3.093897 14.405378 1.502089
v 2.918920 13.908864 1.261249
v 2.985106 14.421896 1.628226
v 1.233377 13.295727 2.283572
v 1.349792 15.171975 4.307873
v 1.232900 15.027941 4.174145
v 1.133491 14.914261 4.040590
v 1.099764 14.848918 3.982363
v 1.014037 14.715520 3.927061
v 0.977020 14.658823 3.903613
v 0.948785 14.607821 3.869309
v 0.908913 14.530630 3.804428
v 0.864076 14.312686 3.666235
v 0.857911 14.159739 3.550883
v 0.862412 13.971863 3.370051
v 0.969086 13.783430 3.213392
v 1.008418 13.736772 3.071557
v 1.066398 13.678873 2.917661
v 1.074036 13.614274 2.795594
v 1.083878 13.481843 2.603542
v 1.113785 13.400777 2.465727
v 1.325989 13.329776 2.102697
v 1.410222 13.381037 1.859247
v 1.510922 13.377074 1.685402
v 1.682366 13.356339 1.572115
v 1.781492 13.460159 1.466847
v 1.901739 13.549817 1.413943
v 2.042658 13.668267 1.414765
v 2.183908 13.791552 1.447592
v 2.331815 13.927049 1.518232
v 2.443089 14.003036 1.542212
v 2.569196 14.129836 1.623167
v 2.681631 14.205244 1.645431
v 2.784470 14.281542 1.668713
v 2.896861 14.362263 1.675676
v 6.707702 17.551592 4.832654
v 6.187939 17.458353 5.000189
v 5.787126 17.356571 5.069361
v 5.364869 17.160699 5.068502
v 4.930706 17.069888 5.067483
v 4.503885 16.957022 5.061069
v 4.405337 16.919308 5.051438
v 4.321201 16.920074 5.089678
v 3.949687 16.806094 5.138996
v 3.506036 16.624920 5.187378
v 3.198580 16.468805 5.196414
v 3.030569 16.376421 5.179290
v 2.743046 16.181676 5.087664
v 2.648780 16.099838 5.034028
v 2.558853 16.024177 4.977690
v 2.500947 15.986009 4.961642
v 2.447374 15.935500 4.909415
v 2.204442 15.797728 4.803545
v 2.077915 15.741578 4.757763
v 1.969266 15.682899 4.681897
v 1.799134 15.599624 4.643322
v 1.698097 15.533294 4.601001
v 1.549928 15.365648 4.496647
v 4.682644 14.724278 -1.307212
v 3.128609 14.357888 1.425999
v 3.097559 14.274430 1.370807
v 3.028108 14.106185 1.317792
v 2.961260 13.986716 1.306719
v 2.929535 13.938093 1.288801
v 2.927978 13.917860 1.262518
v 2.902767 13.873428 1.261472
v 2.877976 13.816506 1.243916
v 2.792941 13.622691 1.208202
v 2.750131 13.472664 1.168135
v 2.722027 13.311806 1.126210
v 2.767422 13.097204 1.039964
v 2.781700 13.099980 0.888365
v 2.847832 13.083042 0.728376
v 2.833318 13.135431 0.598219
v 2.866615 13.183644 0.447261
v 2.898140 13.229397 0.315438
v 2.984334 13.263541 0.172483
v 3.061414 13.285897 -0.001780
v 3.135657 13.321894 -0.170928
v 3.227495 13.358895 -0.393946
v 3.359713 13.398040 -0.607084
v 3.487214 13.429111 -0.721198
v 3.550808 13.608155 -0.937440
v 3.644308 13.789194 -1.113956
v 3.787902 13.962189 -1.225422
v 4.038142 14.201680 -1.337144
v 4.356428 14.459776 -1.349051
v 5.056780 14.953404 -1.170379
v 5.587291 15.321979 -0.840823
v 5.999303 15.673526 -0.555908
v 6.098460 15.792946 -0.444374
v 6.139347 15.915709 -0.289335
v 6.193732 15.978514 -0.121624
v 6.400965 16.138792 0.114949
v 6.599824 16.301978 0.355451
v 6.746989 16.458938 0.601517
v 6.817065 16.564431 0.823601
v 6.840015 16.625835 0.976526
v 6.947521 16.735125 1.156559
v 7.004718 16.764681 1.379040
v 7.102678 16.813275 1.621547
v 7.154989 16.928570 1.907713
v 7.155220 16.998102 2.166649
v 7.142983 17.036599 2.417164
v 7.144538 17.105855 2.688645
v 7.196073 17.205311 2.963087
v 7.315493 17.335924 3.264948
v 7.413651 17.417058 3.520378
v 7.495523 17.565129 3.798304
v 7.528619 17.612142 4.042940
v 7.538320 17.588340 4.257395
v 7.575395 17.569543 4.366915
v 6.990559 17.352494 4.213021
v 1.442262 11.659869 0.926460
v 1.516186 11.658042 0.786292
v 0.603633 7.651863 0.241171
v 0.521413 7.646468 0.398925
v 3.321989 14.685278 1.708209
v 3.254001 14.699075 1.832628
v 1.644852 12.292885 1.015390
v 1.718170 12.289275 0.879167
v 1.327764 10.919063 0.695105
v 1.252952 10.919049 0.839026
v 0.811586 8.912028 0.596653
v 0.890695 8.915608 0.444033
v 0.101642 5.963582 -0.046152
v 0.016135 5.956341 0.116609
v 2.490697 13.639603 1.241216
v 2.409898 13.649163 1.375135
v 2.684959 14.045844 1.503892
v 2.769705 14.034846 1.368601
v 6.361135 17.006203 3.893601
v 6.344347 17.012907 3.948170
v 5.351091 16.355991 3.196193
v 5.315663 16.368966 3.272658
v 6.019766 16.821452 3.749195
v 6.045594 16.817869 3.698452
v -0.267614 5.119726 -0.206733
v -0.382681 5.117618 -0.047319
v -0.701822 4.232991 -0.073663
v -0.573126 4.202911 -0.230193
v 1.934826 12.803696 1.173727
v 2.007429 12.797664 1.041475
v 1.110818 9.937271 0.798810
v 1.185971 9.938717 0.650889
v 3.091840 14.366601 1.516260
v 2.983556 14.382776 1.642877
v 1.477651 11.591442 0.977787
v 1.550773 11.589303 0.837203
v 0.694397 7.564866 0.337299
v 0.613190 7.559838 0.495590
v 1.671374 12.228231 1.059221
v 1.743939 12.224339 0.922604
v 1.372771 10.846754 0.754477
v 1.298810 10.847077 0.898837
v 0.885766 8.831449 0.679020
v 0.963919 8.834668 0.525901
v 0.215758 5.866584 0.069741
v 0.131321 5.859713 0.233075
v 2.498516 13.589454 1.266612
v 2.418369 13.599161 1.400912
v 2.688281 14.001119 1.524079
v 2.772388 13.990018 1.388398
v -0.141910 5.015817 -0.080252
v -0.256000 5.013609 0.079862
v 3.321990 14.685278 1.708209
v 3.254001 14.699075 1.832628
v 3.323704 14.657196 1.720544
v 3.252333 14.682937 1.838772
v 3.634505 15.019263 1.955762
v 3.635047 15.006369 1.952380
v 3.581323 15.016245 2.062317
v 3.581778 15.026386 2.062889
vt 0.742589 0.605805
vt 0.743418 0.831223
vt 0.733284 0.155391
vt 0.742054 0.532266
vt 0.744975 0.934053
vt 0.884348 0.503658
vt 0.733865 0.104835
vt 0.742321 0.569036
vt 0.743221 0.155392
vt 0.572883 0.525130
vt 0.733284 0.155391
vt 0.742302 0.205948
vt 0.746898 0.600480
vt 0.690664 0.470910
vt 0.744140 0.104835
vt 0.742589 0.605805
vt 0.741519 0.458728
vt 0.872008 0.492836
vt 0.710712 0.923126
vt 0.745059 0.054279
vt 0.587918 0.500298
vt 0.743988 0.775660
vt 0.648062 0.480478
vt 0.819800 0.458728
vt 0.607055 0.486857
vt 0.724967 0.559888
vt 0.591108 0.799650
vt 0.911686 0.553588
vt 0.560125 0.726065
vt 0.726659 0.594387
vt 0.732839 0.408172
vt 0.741006 0.905560
vt 0.799202 0.908496
vt 0.621635 0.483668
vt 0.748389 0.802442
vt 0.742054 0.532266
vt 0.773613 0.921290
vt 0.733865 0.104835
vt 0.713446 0.485946
vt 0.742321 0.569036
vt 0.733285 0.532266
vt 0.734446 0.054279
vt 0.914989 0.767538
vt 0.744140 0.104835
vt 0.740851 0.868919
vt 0.733491 0.605805
vt 0.741485 0.408172
vt 0.683829 0.891688
vt 0.736728 0.905344
vt 0.810877 0.461132
vt 0.698637 0.472960
vt 0.724381 0.531965
vt 0.634165 0.857971
vt 0.742589 0.605805
vt 0.749177 0.591747
vt 0.680184 0.472049
vt 0.745280 0.641428
vt 0.733491 0.605805
vt 0.732839 0.408172
vt 0.747808 0.674878
vt 0.737364 0.641154
vt 0.722558 0.516929
vt 0.865469 0.835339
vt 0.751265 0.559283
vt 0.745059 0.054279
vt 0.742208 0.848996
vt 0.732600 0.357616
vt 0.733285 0.532266
vt 0.553290 0.605805
vt 0.749957 0.775377
vt 0.919280 0.589279
vt 0.873342 0.827466
vt 0.832140 0.462651
vt 0.741485 0.408172
vt 0.732600 0.357616
vt 0.733491 0.605805
vt 0.706839 0.478200
vt 0.724836 0.551101
vt 0.724836 0.561125
vt 0.850378 0.855678
vt 0.780312 0.465878
vt 0.888471 0.807725
vt 0.566731 0.736089
vt 0.922370 0.708215
vt 0.616851 0.838379
vt 0.894979 0.516378
vt 0.741417 0.307060
vt 0.913015 0.570674
vt 0.728709 0.602132
vt 0.734155 0.079557
vt 0.745994 0.831873
vt 0.922887 0.605805
vt 0.741519 0.458728
vt 0.732702 0.205948
vt 0.730576 0.944953
vt 0.598854 0.811724
vt 0.743720 0.801821
vt 0.927823 0.656105
vt 0.752214 0.573522
vt 0.910547 0.549221
vt 0.752594 0.531565
vt 0.928393 0.647752
vt 0.665832 0.873234
vt 0.761327 0.485812
vt 0.743924 0.870140
vt 0.742602 0.727718
vt 0.623914 0.848175
vt 0.733078 0.458728
vt 0.726659 0.937023
vt 0.745029 0.849708
vt 0.753923 0.515238
vt 0.741080 0.675065
vt 0.744600 0.079557
vt 0.750505 0.583014
vt 0.726431 0.569099
vt 0.741417 0.307060
vt 0.922644 0.719150
vt 0.636443 0.482529
vt 0.732702 0.205948
vt 0.691803 0.903079
vt 0.732360 0.307060
vt 0.732121 0.256504
vt 0.742589 0.605805
vt 0.864414 0.487711
vt 0.733491 0.605805
vt 0.912066 0.558714
vt 0.924011 0.688531
vt 0.741451 0.357616
vt 0.733078 0.458728
vt 0.734446 0.054279
vt 0.732121 0.256504
vt 0.609333 0.830861
vt 0.742589 0.605805
vt 0.849606 0.478598
vt 0.741451 0.357616
vt 0.579489 0.512600
vt 0.573338 0.744290
vt 0.725292 0.556797
vt 0.733491 0.605805
vt 0.793601 0.462461
vt 0.922917 0.737740
vt 0.839924 0.468726
vt 0.655124 0.866856
vt 0.675400 0.879841
vt 0.905147 0.783941
vt 0.732360 0.307060
vt 0.550784 0.634710
vt 0.927064 0.628957
vt 0.908079 0.542956
vt 0.700688 0.914469
vt 0.604777 0.819242
vt 0.660592 0.477744
vt 0.644645 0.864122
vt 0.733491 0.605805
vt 0.768161 0.474611
vt 0.578806 0.763655
vt 0.553518 0.680274
vt 0.725520 0.580034
vt 0.671299 0.473871
vt 0.901434 0.526439
vt 0.733388 0.569036
vt 0.922917 0.728171
vt 0.919090 0.757150
vt 0.734155 0.079557
vt 0.868421 0.830418
vt 0.564226 0.548140
vt 0.752784 0.548841
vt 0.743221 0.155392
vt 0.742589 0.605805
vt 0.923464 0.714229
vt 0.855681 0.484103
vt 0.597715 0.492097
vt 0.818229 0.895373
vt 0.833975 0.877002
vt 0.721419 0.930872
vt 0.558074 0.576389
vt 0.748931 0.727417
vt 0.915293 0.575990
vt 0.741382 0.256504
vt 0.925378 0.679236
vt 0.726203 0.563631
vt 0.744600 0.079557
vt 0.557163 0.715357
vt 0.720052 0.501437
vt 0.742302 0.205948
vt 0.733388 0.569036
vt 0.741382 0.256504
vt 0.924785 0.669964
vt 0.756581 0.498912
vt 0.584273 0.783247
vn -0.504844 0.812633 -0.291135
vn -0.515172 0.818057 -0.255696
vn -0.527943 0.813529 -0.243817
vn -0.520336 0.790473 -0.323115
vn -0.555851 0.648685 -0.519844
vn -0.568220 0.637976 -0.519724
vn -0.613360 0.596225 -0.517982
vn -0.653410 0.574222 -0.493280
vn -0.634753 0.584779 -0.505096
vn -0.613360 0.596225 -0.517982
vn -0.613360 0.596225 -0.517982
vn -0.701026 0.704454 -0.110939
vn -0.464107 0.776130 -0.426880
vn -0.520336 0.790473 -0.323115
vn -0.140152 0.626220 -0.766946
vn -0.701026 0.704454 -0.110939
vn -0.431302 0.763837 -0.480138
vn -0.423517 0.774927 -0.469170
vn -0.409545 0.786965 -0.461474
vn -0.464107 0.776130 -0.426880
vn -0.927459 0.350237 0.130972
vn -0.880349 0.452786 0.141315
vn -0.060746 0.273636 -0.959913
vn -0.103425 0.209300 -0.972367
vn -0.475825 0.718918 -0.506703
vn -0.484729 0.711165 -0.509197
vn -0.568220 0.637976 -0.519724
vn -0.555851 0.648685 -0.519844
vn -0.524143 0.674774 -0.519571
vn -0.524143 0.674774 -0.519571
vn -0.524143 0.674774 -0.519571
vn -0.421046 0.837878 -0.347391
vn -0.370425 0.819854 -0.436607
vn -0.351233 0.825363 -0.442054
vn -0.351233 0.825363 -0.442054
vn -0.351233 0.825363 -0.442054
vn -0.325069 0.843158 -0.428269
vn -0.374026 0.858956 -0.349712
vn -0.966903 0.194105 0.165593
vn -0.969762 0.195081 0.146649
vn -0.117426 0.149390 -0.981781
vn -0.123666 0.166357 -0.978280
vn -0.477506 0.845591 -0.238670
vn -0.421046 0.837878 -0.347391
vn -0.374026 0.858956 -0.349712
vn -0.445231 0.863713 -0.236156
vn -0.966524 0.216256 0.138076
vn -0.956469 0.261488 0.129582
vn -0.106727 0.158393 -0.981591
vn -0.113598 0.146127 -0.982722
vn -0.808453 0.570222 0.145776
vn -0.701026 0.704454 -0.110939
vn -0.140152 0.626220 -0.766946
vn 0.003823 0.297625 -0.954675
vn -0.765953 0.582947 -0.271087
vn -0.740673 0.613624 -0.273621
vn -0.802386 0.534066 -0.266366
vn -0.831560 0.480982 -0.277785
vn -0.861599 0.416744 -0.289780
vn -0.802386 0.534066 -0.266366
vn -0.802386 0.534066 -0.266366
vn -0.477506 0.845591 -0.238670
vn -0.483057 0.846226 -0.224850
vn -0.485514 0.845276 -0.223124
vn -0.485514 0.845276 -0.223124
vn -0.507081 0.825388 -0.248201
vn -0.484554 0.834996 -0.260747
vn -0.701026 0.704454 -0.110939
vn -0.443316 0.745866 -0.497146
vn -0.443316 0.745866 -0.497146
vn -0.443316 0.745866 -0.497146
vn -0.484729 0.711165 -0.509197
vn -0.475825 0.718918 -0.506703
vn -0.443316 0.745866 -0.497146
vn -0.443316 0.745866 -0.497146
vn -0.431302 0.763837 -0.480138
vn -0.504844 0.812633 -0.291135
vn -0.428272 0.820655 -0.378297
vn -0.414673 0.840384 -0.349001
vn -0.484554 0.834996 -0.260747
vn -0.428272 0.820655 -0.378297
vn -0.367635 0.824152 -0.430835
vn -0.335418 0.850664 -0.404802
vn -0.335418 0.850664 -0.404802
vn -0.335418 0.850664 -0.404802
vn -0.335418 0.850664 -0.404802
vn -0.357229 0.834829 -0.418865
vn -0.414673 0.840384 -0.349001
vn -0.616391 0.745432 -0.253760
vn -0.709975 0.647891 -0.275994
vn -0.740673 0.613624 -0.273621
vn -0.765953 0.582947 -0.271087
vn -0.709975 0.647891 -0.275994
vn -0.709975 0.647891 -0.275994
vn -0.709975 0.647891 -0.275994
vn -0.709975 0.647891 -0.275994
vn -0.709975 0.647891 -0.275994
vn -0.709975 0.647891 -0.275994
vn -0.140152 0.626220 -0.766946
vn -0.339233 0.921245 -0.190336
vn -0.485689 0.874029 -0.013383
vn -0.485689 0.874029 -0.013383
vn -0.485689 0.874029 -0.013383
vn -0.485689 0.874029 -0.013383
vn -0.444636 0.886346 -0.129187
vn -0.347777 0.910609 -0.223256
vn -0.396539 0.889264 -0.227959
vn -0.317953 0.891326 -0.323178
vn -0.324075 0.894429 -0.308174
vn -0.382767 0.899003 -0.212796
vn -0.317953 0.891326 -0.323178
vn -0.257868 0.885875 -0.385655
vn -0.268980 0.886466 -0.376600
vn -0.324075 0.894429 -0.308174
vn -0.396539 0.889264 -0.227959
vn -0.421588 0.886290 -0.191714
vn -0.436137 0.879042 -0.192537
vn -0.464363 0.859078 -0.215294
vn -0.445231 0.863713 -0.236156
vn -0.484554 0.834996 -0.260747
vn -0.414673 0.840384 -0.349001
vn -0.421046 0.837878 -0.347391
vn -0.477506 0.845591 -0.238670
vn -0.414673 0.840384 -0.349001
vn -0.357229 0.834829 -0.418865
vn -0.380474 0.816812 -0.433657
vn -0.380474 0.816812 -0.433657
vn -0.380474 0.816812 -0.433657
vn -0.370425 0.819854 -0.436607
vn -0.421046 0.837878 -0.347391
vn -0.484554 0.834996 -0.260747
vn -0.507081 0.825388 -0.248201
vn -0.517364 0.815202 -0.260346
vn -0.517364 0.815202 -0.260346
vn -0.515172 0.818057 -0.255696
vn -0.504844 0.812633 -0.291135
vn -0.347777 0.910609 -0.223256
vn -0.263450 0.895152 -0.359579
vn -0.181140 0.901020 -0.394147
vn -0.339233 0.921245 -0.190336
vn -0.263450 0.895152 -0.359579
vn -0.270038 0.870917 -0.410589
vn -0.237586 0.877581 -0.416420
vn -0.181140 0.901020 -0.394147
vn -0.347777 0.910609 -0.223256
vn -0.444636 0.886346 -0.129187
vn -0.423908 0.887476 -0.180801
vn -0.423908 0.887476 -0.180801
vn -0.411667 0.891271 -0.190174
vn -0.395571 0.892662 -0.216050
vn -0.928919 0.314258 0.195835
vn -0.958898 0.221327 0.177566
vn -0.113111 0.194985 -0.974262
vn -0.089052 0.215680 -0.972395
vn -0.520336 0.790473 -0.323115
vn -0.464107 0.776130 -0.426880
vn -0.428272 0.820655 -0.378297
vn -0.504844 0.812633 -0.291135
vn -0.464107 0.776130 -0.426880
vn -0.409545 0.786965 -0.461474
vn -0.397922 0.796646 -0.454986
vn -0.367635 0.824152 -0.430835
vn -0.428272 0.820655 -0.378297
vn -0.520336 0.790473 -0.323115
vn -0.527943 0.813529 -0.243817
vn -0.616391 0.745432 -0.253760
vn -0.140152 0.626220 -0.766946
vn -0.956469 0.261488 0.129582
vn -0.927459 0.350237 0.130972
vn -0.103425 0.209300 -0.972367
vn -0.106727 0.158393 -0.981591
vn -0.969762 0.195081 0.146649
vn -0.966524 0.216256 0.138076
vn -0.113598 0.146127 -0.982722
vn -0.117426 0.149390 -0.981781
vn -0.958898 0.221327 0.177566
vn -0.966903 0.194105 0.165593
vn -0.123666 0.166357 -0.978280
vn -0.113111 0.194985 -0.974262
vn -0.888107 0.427851 0.167958
vn -0.928919 0.314258 0.195835
vn -0.089052 0.215680 -0.972395
vn -0.050036 0.223985 -0.973307
vn -0.880349 0.452786 0.141315
vn -0.843933 0.515172 0.149585
vn -0.006053 0.295216 -0.955411
vn -0.060746 0.273636 -0.959913
vn -0.843933 0.515172 0.149585
vn -0.808453 0.570222 0.145776
vn 0.003823 0.297625 -0.954675
vn -0.006053 0.295216 -0.955411
vn -0.395571 0.892662 -0.216050
vn -0.342572 0.880536 -0.327567
vn -0.263450 0.895152 -0.359579
vn -0.347777 0.910609 -0.223256
vn -0.342572 0.880536 -0.327567
vn -0.313132 0.858509 -0.406092
vn -0.270038 0.870917 -0.410589
vn -0.263450 0.895152 -0.359579
vn -0.395571 0.892662 -0.216050
vn -0.411667 0.891271 -0.190174
vn -0.407432 0.892517 -0.193425
vn -0.389112 0.901328 -0.190264
vn -0.382767 0.899003 -0.212796
vn -0.445231 0.863713 -0.236156
vn -0.464363 0.859078 -0.215294
vn -0.479349 0.847631 -0.227479
vn -0.479349 0.847631 -0.227479
vn -0.483057 0.846226 -0.224850
vn -0.477506 0.845591 -0.238670
vn -0.445231 0.863713 -0.236156
vn -0.374026 0.858956 -0.349712
vn -0.317953 0.891326 -0.323178
vn -0.396539 0.889264 -0.227959
vn -0.374026 0.858956 -0.349712
vn -0.325069 0.843158 -0.428269
vn -0.276373 0.873010 -0.401836
vn -0.257868 0.885875 -0.385655
vn -0.317953 0.891326 -0.323178
vn -0.324075 0.894429 -0.308174
vn -0.268980 0.886466 -0.376600
vn -0.313132 0.858509 -0.406092
vn -0.342572 0.880536 -0.327567
vn -0.382767 0.899003 -0.212796
vn -0.324075 0.894429 -0.308174
vn -0.342572 0.880536 -0.327567
vn -0.395571 0.892662 -0.216050
vn -0.382767 0.899003 -0.212796
vn -0.389112 0.901328 -0.190264
vn -0.384336 0.903542 -0.189468
vn -0.384336 0.903542 -0.189468
vn -0.421588 0.886290 -0.191714
vn -0.396539 0.889264 -0.227959
vn -0.634753 0.584779 -0.505096
vn -0.653410 0.574222 -0.493280
vn -0.700017 0.545196 -0.461234
vn -0.700017 0.545196 -0.461234
vn -0.700017 0.545196 -0.461234
vn -0.700017 0.545196 -0.461234
vn -0.700017 0.545196 -0.461234
vn -0.700017 0.545196 -0.461234
vn -0.700017 0.545196 -0.461234
vn -0.700017 0.545196 -0.461234
vn -0.700017 0.545196 -0.461234
vn -0.700017 0.545196 -0.461234
vn -0.700017 0.545196 -0.461234
vn -0.700017 0.545196 -0.461234
vn -0.700017 0.545196 -0.461234
vn -0.700017 0.545196 -0.461234
vn -0.861599 0.416744 -0.289780
vn -0.831560 0.480982 -0.277785
vn -0.906369 0.288711 -0.308451
vn -0.906369 0.288711 -0.308451
vn -0.906369 0.288711 -0.308451
vn -0.906369 0.288711 -0.308451
vn -0.906369 0.288711 -0.308451
vn -0.906369 0.288711 -0.308451
vn -0.906369 0.288711 -0.308451
vn -0.906369 0.288711 -0.308451
vn -0.906369 0.288711 -0.308451
vn -0.906369 0.288711 -0.308451
vn -0.906369 0.288711 -0.308451
vn -0.906369 0.288711 -0.308451
vn -0.906369 0.288711 -0.308451
vn -0.906369 0.288711 -0.308451
vn -0.906369 0.288711 -0.308451
vn -0.869256 0.467748 0.160021
vn -0.888107 0.427851 0.167958
vn -0.050036 0.223985 -0.973307
vn -0.037137 0.227092 -0.973165
vn -0.106727 0.158393 -0.981591
vn -0.103425 0.209300 -0.972367
vn 0.934631 -0.321763 -0.151437
vn 0.960737 -0.240828 -0.137788
vn -0.050036 0.223985 -0.973307
vn -0.089052 0.215680 -0.972395
vn 0.935744 -0.302996 -0.180487
vn 0.899366 -0.405874 -0.162506
vn -0.843933 0.515172 0.149585
vn -0.880349 0.452786 0.141315
vn 0.015136 -0.248670 0.968470
vn -0.008390 -0.284471 0.958648
vn -0.966903 0.194105 0.165593
vn -0.958898 0.221327 0.177566
vn 0.156491 -0.180307 0.971082
vn 0.136017 -0.153023 0.978817
vn -0.888107 0.427851 0.167958
vn -0.869256 0.467748 0.160021
vn 0.040722 -0.202890 0.978355
vn 0.094935 -0.219953 0.970880
vn -0.113111 0.194985 -0.974262
vn -0.123666 0.166357 -0.978280
vn 0.971656 -0.180092 -0.153140
vn 0.961437 -0.213514 -0.173352
vn -0.037137 0.227092 -0.973165
vn -0.050036 0.223985 -0.973307
vn 0.899366 -0.405874 -0.162506
vn 0.881455 -0.458705 -0.112369
vn -0.123666 0.166357 -0.978280
vn -0.117426 0.149390 -0.981781
vn 0.971997 -0.181130 -0.149711
vn 0.971656 -0.180092 -0.153140
vn -0.927459 0.350237 0.130972
vn -0.956469 0.261488 0.129582
vn 0.087787 -0.143653 0.985727
vn 0.047139 -0.187020 0.981224
vn -0.808453 0.570222 0.145776
vn -0.843933 0.515172 0.149585
vn -0.008390 -0.284471 0.958648
vn -0.048091 -0.281871 0.958246
vn -0.958898 0.221327 0.177566
vn -0.928919 0.314258 0.195835
vn 0.162029 -0.211742 0.963801
vn 0.156491 -0.180307 0.971082
vn -0.060746 0.273636 -0.959913
vn -0.006053 0.295216 -0.955411
vn 0.850015 -0.502841 -0.156928
vn 0.887976 -0.429319 -0.164876
vn -0.969762 0.195081 0.146649
vn -0.966903 0.194105 0.165593
vn 0.136017 -0.153023 0.978817
vn 0.128307 -0.132756 0.982809
vn -0.103425 0.209300 -0.972367
vn -0.060746 0.273636 -0.959913
vn 0.887976 -0.429319 -0.164876
vn 0.934631 -0.321763 -0.151437
vn 0.003823 0.297625 -0.954675
vn -0.140152 0.626220 -0.766946
vn 0.784578 -0.597661 -0.165043
vn 0.817471 -0.556789 -0.147401
vn -0.089052 0.215680 -0.972395
vn -0.113111 0.194985 -0.974262
vn 0.961437 -0.213514 -0.173352
vn 0.935744 -0.302996 -0.180487
vn -0.701026 0.704454 -0.110939
vn -0.808453 0.570222 0.145776
vn -0.048091 -0.281871 0.958246
vn -0.122519 -0.319445 0.939651
vn -0.117426 0.149390 -0.981781
vn -0.113598 0.146127 -0.982722
vn 0.970361 -0.198161 -0.138317
vn 0.971997 -0.181130 -0.149711
vn -0.928919 0.314258 0.195835
vn -0.888107 0.427851 0.167958
vn 0.094935 -0.219953 0.970880
vn 0.162029 -0.211742 0.963801
vn -0.880349 0.452786 0.141315
vn -0.927459 0.350237 0.130972
vn 0.047139 -0.187020 0.981224
vn 0.015136 -0.248670 0.968470
vn -0.113598 0.146127 -0.982722
vn -0.106727 0.158393 -0.981591
vn 0.960737 -0.240828 -0.137788
vn 0.970361 -0.198161 -0.138317
vn -0.956469 0.261488 0.129582
vn -0.966524 0.216256 0.138076
vn 0.107064 -0.133613 0.985233
vn 0.087787 -0.143653 0.985727
vn -0.966524 0.216256 0.138076
vn -0.969762 0.195081 0.146649
vn 0.128307 -0.132756 0.982809
vn 0.107064 -0.133613 0.985233
vn -0.006053 0.295216 -0.955411
vn 0.003823 0.297625 -0.954675
vn 0.817471 -0.556789 -0.147401
vn 0.850015 -0.502841 -0.156928
vn -0.048091 -0.281871 0.958246
vn 0.817471 -0.556789 -0.147401
vn 0.784578 -0.597661 -0.165043
vn -0.122519 -0.319445 0.939651
vn 0.817471 -0.556789 -0.147401
vn -0.048091 -0.281871 0.958246
vn -0.008390 -0.284471 0.958648
vn 0.850015 -0.502841 -0.156928
vn 0.850015 -0.502841 -0.156928
vn -0.008390 -0.284471 0.958648
vn 0.015136 -0.248670 0.968470
vn 0.887976 -0.429319 -0.164876
vn 0.047139 -0.187020 0.981224
vn 0.934631 -0.321763 -0.151437
vn 0.887976 -0.429319 -0.164876
vn 0.015136 -0.248670 0.968470
vn 0.934631 -0.321763 -0.151437
vn 0.047139 -0.187020 0.981224
vn 0.087787 -0.143653 0.985727
vn 0.960737 -0.240828 -0.137788
vn 0.107064 -0.133613 0.985233
vn 0.970361 -0.198161 -0.138317
vn 0.960737 -0.240828 -0.137788
vn 0.087787 -0.143653 0.985727
vn 0.970361 -0.198161 -0.138317
vn 0.107064 -0.133613 0.985233
vn 0.128307 -0.132756 0.982809
vn 0.971997 -0.181130 -0.149711
vn 0.136017 -0.153023 0.978817
vn 0.971656 -0.180092 -0.153140
vn 0.971997 -0.181130 -0.149711
vn 0.128307 -0.132756 0.982809
vn 0.971656 -0.180092 -0.153140
vn 0.136017 -0.153023 0.978817
vn 0.156491 -0.180307 0.971082
vn 0.961437 -0.213514 -0.173352
vn 0.162029 -0.211742 0.963801
vn 0.935744 -0.302996 -0.180487
vn 0.961437 -0.213514 -0.173352
vn 0.156491 -0.180307 0.971082
vn 0.094935 -0.219953 0.970880
vn 0.899366 -0.405874 -0.162506
vn 0.935744 -0.302996 -0.180487
vn 0.162029 -0.211742 0.963801
vn 0.899366 -0.405874 -0.162506
vn 0.094935 -0.219953 0.970880
vn 0.040722 -0.202890 0.978355
vn 0.881455 -0.458705 -0.112369
vn -0.122519 -0.319445 0.939651
vn 0.784578 -0.597661 -0.165043
vn 0.795020 -0.597080 -0.106954
vn -0.194343 -0.404692 0.893563
vn -0.701026 0.704454 -0.110939
vn -0.122519 -0.319445 0.939651
vn -0.194343 -0.404692 0.893563
vn -0.707917 0.227157 0.668770
vn 0.784578 -0.597661 -0.165043
vn -0.140152 0.626220 -0.766946
vn 0.728198 -0.161752 -0.666006
vn 0.795020 -0.597080 -0.106954
vn -0.194343 -0.404692 0.893563
vn 0.795020 -0.597080 -0.106954
vn 0.900439 -0.419730 -0.114179
vn 0.203222 -0.229904 0.951759
vn 0.986911 -0.102453 0.124536
vn 0.526870 0.040438 0.848984
vn 0.203222 -0.229904 0.951759
vn 0.900439 -0.419730 -0.114179
vn 0.795020 -0.597080 -0.106954
vn 0.728198 -0.161752 -0.666006
vn 0.986911 -0.102453 0.124536
vn 0.900439 -0.419730 -0.114179
vn -0.707917 0.227157 0.668770
vn -0.194343 -0.404692 0.893563
vn 0.203222 -0.229904 0.951759
vn 0.526870 0.040438 0.848984
s off
g PlaneFBXASC046001
usemtl lambert2SG
f 203/298/431 292/343/432 291/333/433 321/247/434
f 215/335/435 234/250/436 233/353/437 232/287/438 218/192/439 217/272/440 216/346/441
f 206/319/442 322/243/443 321/247/444 204/311/445
f 206/319/446 208/278/447 261/334/448 260/288/449 322/243/450
f 323/233/451 197/203/452 198/294/453 324/245/454
f 211/274/455 235/285/456 234/250/457 215/335/458 214/286/459 213/214/460 212/312/461
f 199/256/462 249/229/463 248/331/464 247/268/465 246/258/466 245/351/467 338/221/468
f 327/198/469 201/365/470 202/308/471 328/305/472
f 192/208/473 199/256/474 338/221/475 337/283/476
f 326/273/477 317/321/478 318/261/479 325/332/480
f 333/226/481 206/319/482 204/311/483 334/372/484
f 205/212/485 289/352/486 288/196/487 287/322/488 271/238/489 270/264/490 269/324/491
f 192/208/492 298/376/493 297/342/494 296/323/495 295/269/496 189/292/497
f 206/319/498 238/199/499 237/241/500 236/300/501 235/285/502 211/274/503 210/364/504 209/257/505 208/278/506
f 203/298/507 200/246/508 188/363/509 189/292/510
f 200/246/511 258/374/512 257/366/513 256/313/514 255/270/515 254/356/516 253/303/517 188/363/518
f 262/255/519 290/362/520 289/352/521 205/212/522 268/265/523 267/367/524 266/301/525 265/344/526 264/216/527 263/275/528 204/311/529
f 195/281/530 315/295/531 314/361/532 313/205/533 312/336/534 311/306/535 316/235/536
f 190/188/537 191/277/538 339/296/539 340/252/540
f 191/277/541 243/266/542 242/360/543 339/296/544
f 190/188/545 303/271/546 302/318/547 301/337/548 337/283/549
f 189/292/550 188/363/551 199/256/552 192/208/553
f 188/363/554 253/303/555 252/348/556 251/327/557 250/349/558 249/229/559 199/256/560
f 189/292/561 295/269/562 294/215/563 293/369/564 292/343/565 203/298/566
f 316/235/567 187/218/568 196/191/569 195/281/570
f 187/218/571 240/219/572 239/223/573 196/191/574
f 316/235/575 311/306/576 310/234/577 309/330/578 308/289/579 335/231/580
f 330/230/581 320/354/582 319/197/583 329/224/584
f 321/247/585 322/243/586 200/246/587 203/298/588
f 322/243/589 260/288/590 259/284/591 258/374/592 200/246/593
f 321/247/594 291/333/595 262/255/596 204/311/597
f 317/321/598 323/233/599 324/245/600 318/261/601
f 201/365/602 326/273/603 325/332/604 202/308/605
f 320/354/606 327/198/607 328/305/608 319/197/609
f 342/368/610 330/230/611 329/224/612 341/350/613
f 197/203/614 332/190/615 331/227/616 198/294/617
f 332/190/618 333/226/619 334/372/620 331/227/621
f 335/231/622 336/291/623 187/218/624 316/235/625
f 336/291/626 241/359/627 240/219/628 187/218/629
f 335/231/630 308/289/631 307/329/632 306/339/633 340/252/634
f 337/283/635 301/337/636 300/282/637 299/213/638 298/376/639 192/208/640
f 337/283/641 338/221/642 191/277/643 190/188/644
f 338/221/645 245/351/646 244/249/647 243/266/648 191/277/649
f 339/296/650 242/360/651 241/359/652 336/291/653
f 340/252/654 339/296/655 336/291/656 335/231/657
f 340/252/658 306/339/659 305/239/660 304/293/661 303/271/662 190/188/663
f 218/192/664 232/287/665 231/297/666 230/375/667 229/290/668 228/341/669 227/267/670 226/326/671 225/236/672 207/210/673 224/259/674 223/328/675 222/320/676 221/357/677 220/310/678 219/204/679
f 271/238/680 287/322/681 286/207/682 285/358/683 284/211/684 283/220/685 282/304/686 281/209/687 280/338/688 279/345/689 278/242/690 277/200/691 276/237/692 275/263/693 274/225/694 273/370/695 272/248/696
f 193/206/697 342/368/698 341/350/699 194/228/700
f 318/261/701 324/245/702 356/217/703 352/253/704
f 341/350/705 329/224/706 361/193/707 367/276/708
f 332/190/709 197/203/710 345/279/711 364/222/712
f 327/198/713 320/354/714 354/195/715 359/371/716
f 342/368/717 193/206/718 343/251/719 368/299/720
f 319/197/721 328/305/722 360/280/723 353/189/724
f 194/228/725 341/350/726 367/276/727 344/316/728
f 328/305/729 202/308/730 348/317/731 360/280/732
f 323/233/733 317/321/734 351/314/735 355/260/736
f 333/226/737 332/190/738 364/222/739 365/194/740
f 320/354/741 330/230/742 362/201/743 354/195/744
f 198/294/745 331/227/746 363/254/747 346/315/748
f 201/365/749 327/198/750 359/371/751 347/373/752
f 324/245/753 198/294/754 346/315/755 356/217/756
f 334/372/757 204/311/758 349/244/759 366/347/760
f 329/224/761 319/197/762 353/189/763 361/193/764
f 206/319/765 333/226/766 365/194/767 350/309/768
f 202/308/769 325/332/770 357/307/771 348/317/772
f 330/230/773 342/368/774 368/299/775 362/201/776
f 197/203/777 323/233/778 355/260/779 345/279/780
f 325/332/781 318/261/782 352/253/783 357/307/784
f 317/321/785 326/273/786 358/302/787 351/314/788
f 326/273/789 201/365/790 347/373/791 358/302/792
f 331/227/793 334/372/794 366/347/795 363/254/796
f 365/194/797 366/347/798 349/244/799 350/309/800
f 366/347/801 365/194/802 364/222/803 363/254/804
f 363/254/805 364/222/806 345/279/807 346/315/808
f 355/260/809 356/217/810 346/315/811 345/279/812
f 356/217/813 355/260/814 351/314/815 352/253/816
f 358/302/817 357/307/818 352/253/819 351/314/820
f 357/307/821 358/302/822 347/373/823 348/317/824
f 359/371/825 360/280/826 348/317/827 347/373/828
f 360/280/829 359/371/830 354/195/831 353/189/832
f 362/201/833 361/193/834 353/189/835 354/195/836
f 368/299/837 367/276/838 361/193/839 362/201/840
f 367/276/841 368/299/842 343/251/843 344/316/844
f 350/309/845 349/244/846 371/325/847 372/202/848
f 206/319/849 350/309/850 372/202/851 370/187/852
f 349/244/853 204/311/854 369/262/855 371/325/856
f 372/202/857 371/325/858 374/232/859 375/355/860
f 373/340/861 376/240/862 375/355/863 374/232/864
f 371/325/865 369/262/866 373/340/867 374/232/868
f 370/187/869 372/202/870 375/355/871 376/240/872
g default
v -0.409635 12.202326 -9.609304
v -0.016719 14.276936 -7.367016
v -0.129003 14.288102 -7.372232
v -0.179192 13.174680 -8.724411
v -0.121743 13.162456 -8.724847
v -0.135425 13.831589 -8.029927
v -0.034127 5.345634 -0.372463
v -0.224196 5.456798 -0.400972
v -0.793932 11.624668 -9.922283
v -0.401062 11.896724 -9.918321
v -0.152730 14.227844 -3.600745
v -0.302918 14.242876 -3.601969
v -0.030210 13.818342 -8.025265
v -0.004952 14.639589 -6.590284
v -0.245555 11.305814 -2.203915
v -0.410834 11.316151 -2.205516
v -0.124199 14.654264 -6.594218
v -0.204700 15.055615 -5.538114
v -0.325565 15.275810 -4.767971
v -0.047248 15.007899 -5.536072
v 1.397370 15.404391 -3.176474
v 3.239068 15.134238 -5.467891
v 3.175392 15.159432 -5.194173
v 3.104086 15.176241 -4.976009
v 3.063163 15.182567 -4.889558
v 3.045811 15.191631 -4.693648
v 3.038735 15.194599 -4.609981
v 3.017957 15.196996 -4.539274
v 2.973083 15.200423 -4.438669
v 2.851708 15.205279 -4.175377
v 2.734788 15.211657 -4.018436
v 2.548088 15.259999 -3.824399
v 2.332194 15.318332 -3.664295
v 2.197037 15.336750 -3.590567
v 2.039777 15.343119 -3.542133
v 1.930522 15.351082 -3.461119
v 1.754426 15.350813 -3.315488
v 1.616449 15.374251 -3.228069
v 1.237847 15.414109 -3.218894
v 0.932241 15.458939 -3.242863
v 0.695780 15.481878 -3.295701
v 0.474965 15.465870 -3.428087
v 0.346974 15.425147 -3.598412
v 0.252983 15.356568 -3.798747
v 0.196362 15.284428 -4.050920
v 0.164131 15.218015 -4.306441
v 0.158445 15.148098 -4.582494
v 0.124947 15.103829 -4.752334
v 0.135791 15.059281 -4.987271
v 0.100148 15.027216 -5.146254
v 0.072667 15.005202 -5.294097
v 0.029080 14.992054 -5.443544
v 0.284080 12.264874 -9.914022
v 0.807332 12.543522 -9.781798
v 1.153107 12.779076 -9.621845
v 1.439919 13.016094 -9.358334
v 1.754770 13.353705 -9.140236
v 2.047869 13.661332 -8.915815
v 2.105839 13.726789 -8.856923
v 2.199197 13.787226 -8.832918
v 2.492399 14.042334 -8.593368
v 2.816782 14.302417 -8.281413
v 3.009709 14.452056 -8.051926
v 3.092603 14.532274 -7.899546
v 3.177279 14.661139 -7.604947
v 3.184739 14.717174 -7.456322
v 3.186808 14.766237 -7.314485
v 3.205459 14.791492 -7.236505
v 3.190344 14.821374 -7.140788
v 3.233293 14.909914 -6.824868
v 3.263383 14.947446 -6.674760
v 3.257353 14.981338 -6.524367
v 3.317728 15.023725 -6.298522
v 3.330711 15.046475 -6.161552
v 3.311198 15.090498 -5.851847
v -3.303095 16.124163 -5.512584
v -0.284543 15.096434 -5.475749
v -0.315329 15.137027 -5.343631
v -0.329343 15.179692 -5.101166
v -0.308044 15.212806 -4.918890
v -0.307835 15.243369 -4.828845
v -0.329117 15.267259 -4.788184
v -0.318580 15.283981 -4.717412
v -0.323135 15.310902 -4.624985
v -0.322268 15.381339 -4.318781
v -0.346351 15.451553 -4.083701
v -0.383652 15.518644 -3.844320
v -0.499607 15.555338 -3.607598
v -0.609352 15.629249 -3.491583
v -0.751677 15.674648 -3.414039
v -0.887640 15.733224 -3.385207
v -1.069804 15.782805 -3.403607
v -1.221741 15.841905 -3.429575
v -1.406792 15.898082 -3.486177
v -1.625443 15.950626 -3.523052
v -1.826980 16.008328 -3.548584
v -2.086610 16.063745 -3.556036
v -2.343001 16.111308 -3.595099
v -2.508118 16.132951 -3.671142
v -2.682833 16.142457 -3.794820
v -2.833875 16.141095 -3.986946
v -2.951748 16.141015 -4.186140
v -3.103955 16.151880 -4.558732
v -3.215170 16.137251 -5.023281
v -3.355320 16.084953 -5.992997
v -3.342001 15.872613 -6.736160
v -3.310608 15.676259 -7.296213
v -3.269109 15.598908 -7.461628
v -3.164648 15.497570 -7.609025
v -3.058685 15.401975 -7.724960
v -2.980755 15.234781 -8.007995
v -2.902427 15.052018 -8.285801
v -2.797737 14.872200 -8.507724
v -2.674131 14.710756 -8.659912
v -2.578435 14.596120 -8.748788
v -2.508299 14.455439 -8.895917
v -2.393933 14.254879 -8.965353
v -2.288926 14.031088 -9.064264
v -2.122840 13.811659 -9.209613
v -1.950350 13.618151 -9.290097
v -1.775838 13.447872 -9.310038
v -1.598722 13.244766 -9.386323
v -1.438950 13.064168 -9.481049
v -1.306290 12.823901 -9.638436
v -1.206504 12.572439 -9.761345
v -1.060966 12.400684 -9.894775
v -0.928110 12.196118 -9.939537
v -0.820364 11.956020 -9.920814
v -0.789665 11.800311 -9.921397
v -0.494954 12.203890 -9.609659
v -0.219671 13.083262 -2.734017
v -0.377380 13.096072 -2.735310
v -0.331935 8.813619 -1.607979
v -0.154265 8.805130 -1.606108
v -0.169366 14.833068 -6.076914
v -0.029751 14.809956 -6.079716
v -0.188013 13.730930 -3.104167
v -0.341962 13.744858 -3.105388
v -0.402397 12.290558 -2.430675
v -0.240912 12.278927 -2.429246
v -0.210662 10.151025 -1.912224
v -0.382135 10.160325 -1.913942
v -0.268352 7.230797 -1.114345
v -0.084520 7.222591 -1.112286
v -0.247873 14.755247 -4.498064
v -0.092259 14.735938 -4.496419
v -0.064669 14.918199 -4.998731
v -0.222762 14.940887 -5.000708
v -0.302488 12.684592 -9.168728
v -0.249300 12.664728 -9.178341
v -0.155591 13.522412 -8.357117
v -0.073620 13.504146 -8.364403
v -0.179527 12.928364 -8.933896
v -0.235814 12.940573 -8.930443
v -0.075782 5.154875 -0.651171
v -0.265899 5.266221 -0.678630
v -0.189304 14.121246 -3.637945
v -0.339519 14.135869 -3.640327
v -0.287259 11.162036 -2.322082
v -0.452545 11.171932 -2.325126
v -0.223857 15.001267 -5.552540
v -0.066282 14.953970 -5.550153
v -0.261562 12.953317 -2.803387
v -0.419288 12.965698 -2.805977
v -0.371850 8.654309 -1.795027
v -0.194183 8.646289 -1.791534
v -0.228140 13.610905 -3.155449
v -0.382111 13.624412 -3.157898
v -0.444886 12.152125 -2.523623
v -0.283389 12.140929 -2.520825
v -0.251702 9.999846 -2.061533
v -0.423177 10.008690 -2.064787
v -0.308330 7.058834 -1.343952
v -0.124503 7.051111 -1.340199
v -0.276836 14.672588 -4.521544
v -0.121186 14.653694 -4.518801
v -0.088979 14.849634 -5.015659
v -0.247114 14.871907 -5.018668
v -0.169366 14.833068 -6.076914
v -0.029751 14.809956 -6.079716
v -0.177113 14.804039 -6.080564
v -0.015733 14.773531 -6.089641
vt 0.744140 0.104835
vt 0.743418 0.831223
vt 0.742054 0.532266
vt 0.744975 0.934053
vt 0.884348 0.503658
vt 0.572883 0.525130
vt 0.733284 0.155391
vt 0.732839 0.408172
vt 0.742302 0.205948
vt 0.746898 0.600480
vt 0.690664 0.470910
vt 0.742054 0.532266
vt 0.741519 0.458728
vt 0.872008 0.492836
vt 0.710712 0.923126
vt 0.745059 0.054279
vt 0.587918 0.500298
vt 0.743988 0.775660
vt 0.648062 0.480478
vt 0.819800 0.458728
vt 0.741519 0.458728
vt 0.607055 0.486857
vt 0.724967 0.559888
vt 0.591108 0.799650
vt 0.911686 0.553588
vt 0.560125 0.726065
vt 0.726659 0.594387
vt 0.741006 0.905560
vt 0.799202 0.908496
vt 0.621635 0.483668
vt 0.748389 0.802442
vt 0.773613 0.921290
vt 0.733865 0.104835
vt 0.713446 0.485946
vt 0.733491 0.605805
vt 0.742321 0.569036
vt 0.733285 0.532266
vt 0.734446 0.054279
vt 0.733491 0.605805
vt 0.914989 0.767538
vt 0.744140 0.104835
vt 0.740851 0.868919
vt 0.741485 0.408172
vt 0.745059 0.054279
vt 0.683829 0.891688
vt 0.736728 0.905344
vt 0.810877 0.461132
vt 0.732600 0.357616
vt 0.741417 0.307060
vt 0.698637 0.472960
vt 0.724381 0.531965
vt 0.634165 0.857971
vt 0.749177 0.591747
vt 0.680184 0.472049
vt 0.745280 0.641428
vt 0.741485 0.408172
vt 0.732839 0.408172
vt 0.747808 0.674878
vt 0.737364 0.641154
vt 0.722558 0.516929
vt 0.865469 0.835339
vt 0.751265 0.559283
vt 0.742208 0.848996
vt 0.553290 0.605805
vt 0.749957 0.775377
vt 0.919280 0.589279
vt 0.873342 0.827466
vt 0.832140 0.462651
vt 0.732600 0.357616
vt 0.732702 0.205948
vt 0.706839 0.478200
vt 0.724836 0.551101
vt 0.724836 0.561125
vt 0.850378 0.855678
vt 0.780312 0.465878
vt 0.888471 0.807725
vt 0.566731 0.736089
vt 0.922370 0.708215
vt 0.616851 0.838379
vt 0.894979 0.516378
vt 0.741417 0.307060
vt 0.913015 0.570674
vt 0.728709 0.602132
vt 0.745994 0.831873
vt 0.922887 0.605805
vt 0.730576 0.944953
vt 0.598854 0.811724
vt 0.743720 0.801821
vt 0.927823 0.656105
vt 0.752214 0.573522
vt 0.910547 0.549221
vt 0.752594 0.531565
vt 0.928393 0.647752
vt 0.665832 0.873234
vt 0.761327 0.485812
vt 0.743924 0.870140
vt 0.742602 0.727718
vt 0.623914 0.848175
vt 0.733078 0.458728
vt 0.732360 0.307060
vt 0.726659 0.937023
vt 0.742589 0.605805
vt 0.745029 0.849708
vt 0.753923 0.515238
vt 0.741080 0.675065
vt 0.733078 0.458728
vt 0.741451 0.357616
vt 0.734446 0.054279
vt 0.732121 0.256504
vt 0.750505 0.583014
vt 0.726431 0.569099
vt 0.922644 0.719150
vt 0.636443 0.482529
vt 0.732702 0.205948
vt 0.691803 0.903079
vt 0.732121 0.256504
vt 0.864414 0.487711
vt 0.733491 0.605805
vt 0.912066 0.558714
vt 0.924011 0.688531
vt 0.609333 0.830861
vt 0.742987 0.605805
vt 0.742589 0.605805
vt 0.849606 0.478598
vt 0.741451 0.357616
vt 0.579489 0.512600
vt 0.573338 0.744290
vt 0.725292 0.556797
vt 0.743221 0.155392
vt 0.793601 0.462461
vt 0.922917 0.737740
vt 0.839924 0.468726
vt 0.655124 0.866856
vt 0.675400 0.879841
vt 0.905147 0.783941
vt 0.733388 0.569036
vt 0.732360 0.307060
vt 0.550784 0.634710
vt 0.927064 0.628957
vt 0.733656 0.605805
vt 0.908079 0.542956
vt 0.700688 0.914469
vt 0.604777 0.819242
vt 0.660592 0.477744
vt 0.644645 0.864122
vt 0.768161 0.474611
vt 0.578806 0.763655
vt 0.553518 0.680274
vt 0.725520 0.580034
vt 0.671299 0.473871
vt 0.901434 0.526439
vt 0.742589 0.605805
vt 0.922917 0.728171
vt 0.919090 0.757150
vt 0.868421 0.830418
vt 0.564226 0.548140
vt 0.752784 0.548841
vt 0.743221 0.155392
vt 0.923464 0.714229
vt 0.855681 0.484103
vt 0.597715 0.492097
vt 0.742302 0.205948
vt 0.818229 0.895373
vt 0.741382 0.256504
vt 0.833975 0.877002
vt 0.721419 0.930872
vt 0.558074 0.576389
vt 0.748931 0.727417
vt 0.915293 0.575990
vt 0.741382 0.256504
vt 0.925378 0.679236
vt 0.733284 0.155391
vt 0.726203 0.563631
vt 0.557163 0.715357
vt 0.720052 0.501437
vt 0.733388 0.569036
vt 0.733865 0.104835
vt 0.924785 0.669964
vt 0.733285 0.532266
vt 0.742321 0.569036
vt 0.756581 0.498912
vt 0.584273 0.783247
vn 0.241223 0.908705 -0.340685
vn 0.354147 0.884420 -0.303942
vn 0.340716 0.906053 -0.250959
vn 0.263164 0.919470 -0.292095
vn -0.016724 0.992695 -0.119483
vn -0.015382 0.992443 -0.121740
vn 0.005005 0.987660 -0.156533
vn 0.024232 0.982202 -0.186259
vn 0.018495 0.983964 -0.177407
vn 0.005005 0.987660 -0.156533
vn 0.005005 0.987660 -0.156533
vn 0.539887 0.834979 -0.106452
vn 0.054019 0.956533 -0.286576
vn 0.263164 0.919470 -0.292095
vn -0.170512 0.975215 -0.141000
vn 0.539887 0.834979 -0.106452
vn -0.050417 0.988107 -0.145270
vn -0.054111 0.971953 -0.228866
vn -0.069431 0.967823 -0.241864
vn 0.054019 0.956533 -0.286576
vn 0.788915 0.332687 0.516655
vn 0.796869 0.447449 0.405942
vn -0.534246 0.692001 0.485506
vn -0.548829 0.535950 0.641517
vn -0.037294 0.992813 -0.113714
vn -0.036989 0.992933 -0.112768
vn -0.015382 0.992443 -0.121740
vn -0.016724 0.992695 -0.119483
vn -0.031160 0.995015 -0.094732
vn -0.031160 0.995015 -0.094732
vn -0.031160 0.995015 -0.094732
vn -0.038515 0.815383 -0.577639
vn -0.170845 0.855108 -0.489492
vn -0.203779 0.805137 -0.556982
vn -0.203779 0.805137 -0.556982
vn -0.203779 0.805137 -0.556982
vn -0.209728 0.780498 -0.588929
vn -0.049838 0.751477 -0.657874
vn 0.786844 0.170480 0.593139
vn 0.803454 0.149240 0.576359
vn -0.602329 0.183116 0.776961
vn -0.612165 0.166485 0.773005
vn 0.254133 0.775158 -0.578400
vn -0.038515 0.815383 -0.577639
vn -0.049838 0.751477 -0.657874
vn 0.258101 0.710517 -0.654637
vn 0.793584 0.155738 0.588192
vn 0.796552 0.223584 0.561707
vn -0.566194 0.377401 0.732798
vn -0.576697 0.254350 0.776355
vn 0.840834 0.510067 0.181192
vn 0.539887 0.834979 -0.106452
vn -0.170512 0.975215 -0.141000
vn -0.497187 0.840862 0.213908
vn 0.285900 0.943579 -0.167090
vn 0.287551 0.942920 -0.167978
vn 0.274339 0.948087 -0.160838
vn 0.270098 0.944945 -0.184735
vn 0.269272 0.944268 -0.189342
vn 0.274339 0.948087 -0.160838
vn 0.274339 0.948087 -0.160838
vn 0.254133 0.775158 -0.578400
vn 0.383865 0.776488 -0.499714
vn 0.376723 0.799103 -0.468524
vn 0.376723 0.799103 -0.468524
vn 0.364335 0.848914 -0.382890
vn 0.247113 0.853193 -0.459344
vn 0.539887 0.834979 -0.106452
vn -0.045169 0.998257 -0.037997
vn -0.043886 0.996165 -0.075687
vn -0.043887 0.996121 -0.076268
vn -0.050417 0.988107 -0.145270
vn 0.241223 0.908705 -0.340685
vn 0.011475 0.942230 -0.334769
vn -0.010560 0.890499 -0.454863
vn 0.247113 0.853193 -0.459344
vn 0.011475 0.942230 -0.334769
vn -0.099035 0.950918 -0.293168
vn -0.115730 0.933958 -0.338126
vn -0.115730 0.933958 -0.338126
vn -0.115730 0.933958 -0.338126
vn -0.115727 0.933962 -0.338116
vn -0.134404 0.909364 -0.393691
vn -0.010560 0.890499 -0.454863
vn 0.325060 0.926930 -0.187449
vn 0.307239 0.940151 -0.147378
vn 0.306590 0.940094 -0.149083
vn 0.315140 0.940597 -0.126349
vn 0.315140 0.940597 -0.126349
vn -0.170512 0.975215 -0.141000
vn 0.140051 0.581507 -0.801396
vn 0.602449 0.401755 -0.689673
vn 0.602449 0.401755 -0.689673
vn 0.602449 0.401755 -0.689673
vn 0.602449 0.401755 -0.689673
vn 0.467463 0.532744 -0.705452
vn 0.163614 0.613530 -0.772536
vn 0.246350 0.657931 -0.711645
vn -0.059299 0.697852 -0.713783
vn -0.058749 0.699370 -0.712341
vn 0.240305 0.621515 -0.745635
vn -0.059299 0.697852 -0.713783
vn -0.222576 0.704594 -0.673801
vn -0.223828 0.706030 -0.671880
vn -0.058749 0.699370 -0.712341
vn 0.246350 0.657931 -0.711645
vn 0.389215 0.634957 -0.667339
vn 0.395804 0.647160 -0.651555
vn 0.396234 0.706189 -0.586767
vn 0.258101 0.710517 -0.654637
vn 0.247113 0.853193 -0.459344
vn -0.010560 0.890499 -0.454863
vn -0.038515 0.815383 -0.577639
vn 0.254133 0.775158 -0.578400
vn -0.010560 0.890499 -0.454863
vn -0.134404 0.909364 -0.393691
vn -0.156871 0.873683 -0.460510
vn -0.156871 0.873683 -0.460510
vn -0.156871 0.873683 -0.460510
vn -0.170845 0.855108 -0.489492
vn -0.038515 0.815383 -0.577639
vn 0.247113 0.853193 -0.459344
vn 0.364335 0.848914 -0.382890
vn 0.358783 0.865308 -0.350024
vn 0.358783 0.865308 -0.350024
vn 0.354147 0.884420 -0.303942
vn 0.241223 0.908705 -0.340685
vn 0.163614 0.613530 -0.772536
vn -0.214212 0.695740 -0.685608
vn -0.336197 0.662781 -0.669099
vn 0.140051 0.581507 -0.801396
vn -0.214212 0.695740 -0.685608
vn -0.281658 0.730498 -0.622126
vn -0.326838 0.735835 -0.593063
vn -0.336197 0.662781 -0.669099
vn 0.163614 0.613530 -0.772536
vn 0.467463 0.532744 -0.705452
vn 0.413627 0.576142 -0.704963
vn 0.413627 0.576142 -0.704963
vn 0.378108 0.562691 -0.735128
vn 0.234724 0.625706 -0.743907
vn 0.779184 0.238934 0.579467
vn 0.785847 0.198133 0.585822
vn -0.637919 0.172100 0.750627
vn -0.646184 0.231824 0.727121
vn 0.263164 0.919470 -0.292095
vn 0.054019 0.956533 -0.286576
vn 0.011475 0.942230 -0.334769
vn 0.241223 0.908705 -0.340685
vn 0.054019 0.956533 -0.286576
vn -0.069431 0.967823 -0.241864
vn -0.084781 0.963262 -0.254831
vn -0.099035 0.950918 -0.293168
vn 0.011475 0.942230 -0.334769
vn 0.263164 0.919470 -0.292095
vn 0.340716 0.906053 -0.250959
vn 0.325060 0.926930 -0.187449
vn -0.170512 0.975215 -0.141000
vn 0.796552 0.223584 0.561707
vn 0.788915 0.332687 0.516655
vn -0.548829 0.535950 0.641517
vn -0.566194 0.377401 0.732798
vn 0.803454 0.149240 0.576359
vn 0.793584 0.155738 0.588192
vn -0.576697 0.254350 0.776355
vn -0.602329 0.183116 0.776961
vn 0.785847 0.198133 0.585822
vn 0.786844 0.170480 0.593139
vn -0.612165 0.166485 0.773005
vn -0.637919 0.172100 0.750627
vn 0.922958 0.165078 0.347704
vn 0.779184 0.238934 0.579467
vn -0.646184 0.231824 0.727121
vn -0.576110 0.289352 0.764443
vn 0.796869 0.447449 0.405942
vn 0.821145 0.495751 0.282759
vn -0.525734 0.782864 0.332757
vn -0.534246 0.692001 0.485506
vn 0.821145 0.495751 0.282759
vn 0.840834 0.510067 0.181192
vn -0.497187 0.840862 0.213908
vn -0.525734 0.782864 0.332757
vn 0.234724 0.625706 -0.743907
vn -0.090979 0.719224 -0.688796
vn -0.214212 0.695740 -0.685608
vn 0.163614 0.613530 -0.772536
vn -0.090979 0.719224 -0.688796
vn -0.238478 0.757245 -0.608036
vn -0.281658 0.730498 -0.622126
vn -0.214212 0.695740 -0.685608
vn 0.234724 0.625706 -0.743907
vn 0.378108 0.562691 -0.735128
vn 0.368397 0.558836 -0.742958
vn 0.368610 0.590880 -0.717626
vn 0.240305 0.621515 -0.745635
vn 0.258101 0.710517 -0.654637
vn 0.396234 0.706189 -0.586767
vn 0.395377 0.732096 -0.554718
vn 0.395377 0.732096 -0.554718
vn 0.383865 0.776488 -0.499714
vn 0.254133 0.775158 -0.578400
vn 0.258101 0.710517 -0.654637
vn -0.049838 0.751477 -0.657874
vn -0.059299 0.697852 -0.713783
vn 0.246350 0.657931 -0.711645
vn -0.049838 0.751477 -0.657874
vn -0.209728 0.780498 -0.588929
vn -0.222150 0.718362 -0.659246
vn -0.222576 0.704594 -0.673801
vn -0.059299 0.697852 -0.713783
vn -0.058749 0.699370 -0.712341
vn -0.223828 0.706030 -0.671880
vn -0.238478 0.757245 -0.608036
vn -0.090979 0.719224 -0.688796
vn 0.240305 0.621515 -0.745635
vn -0.058749 0.699370 -0.712341
vn -0.090979 0.719224 -0.688796
vn 0.234724 0.625706 -0.743907
vn 0.240305 0.621515 -0.745635
vn 0.368610 0.590880 -0.717626
vn 0.368576 0.597009 -0.712553
vn 0.368576 0.597009 -0.712553
vn 0.389215 0.634957 -0.667339
vn 0.246350 0.657931 -0.711645
vn 0.018495 0.983964 -0.177407
vn 0.024232 0.982202 -0.186259
vn 0.051669 0.972223 -0.228284
vn 0.051669 0.972223 -0.228284
vn 0.051669 0.972223 -0.228284
vn 0.051669 0.972223 -0.228284
vn 0.051669 0.972223 -0.228284
vn 0.051669 0.972223 -0.228284
vn 0.051669 0.972223 -0.228284
vn 0.051669 0.972223 -0.228284
vn 0.051669 0.972223 -0.228284
vn 0.051669 0.972223 -0.228284
vn 0.051669 0.972223 -0.228284
vn 0.051669 0.972223 -0.228284
vn 0.051669 0.972223 -0.228284
vn 0.051669 0.972223 -0.228284
vn 0.269272 0.944268 -0.189342
vn 0.270098 0.944945 -0.184735
vn 0.261888 0.937680 -0.228408
vn 0.261888 0.937680 -0.228408
vn 0.261888 0.937680 -0.228408
vn 0.261888 0.937680 -0.228408
vn 0.261888 0.937680 -0.228408
vn 0.261888 0.937680 -0.228408
vn 0.261888 0.937680 -0.228408
vn 0.261888 0.937680 -0.228408
vn 0.261888 0.937680 -0.228408
vn 0.261888 0.937680 -0.228408
vn 0.261888 0.937680 -0.228408
vn 0.261888 0.937680 -0.228408
vn 0.261888 0.937680 -0.228408
vn 0.261888 0.937680 -0.228408
vn 0.261888 0.937680 -0.228408
vn 0.779184 0.238934 0.579467
vn 0.922958 0.165078 0.347704
vn 0.730989 -0.219248 -0.646208
vn 0.639379 -0.220746 -0.736522
vn 0.796869 0.447449 0.405942
vn 0.788915 0.332687 0.516655
vn 0.595191 -0.485596 -0.640269
vn 0.585140 -0.648834 -0.486442
vn -0.576697 0.254350 0.776355
vn -0.566194 0.377401 0.732798
vn -0.833108 -0.200327 -0.515558
vn -0.824022 -0.143563 -0.548066
vn 0.796552 0.223584 0.561707
vn 0.793584 0.155738 0.588192
vn 0.599747 -0.213182 -0.771269
vn 0.592037 -0.335495 -0.732759
vn 0.793584 0.155738 0.588192
vn 0.803454 0.149240 0.576359
vn 0.598635 -0.158731 -0.785138
vn 0.599747 -0.213182 -0.771269
vn -0.525734 0.782864 0.332757
vn -0.497187 0.840862 0.213908
vn -0.870875 -0.457152 -0.180523
vn -0.855268 -0.440879 -0.272292
vn -0.566194 0.377401 0.732798
vn -0.548829 0.535950 0.641517
vn -0.850939 -0.278184 -0.445551
vn -0.833108 -0.200327 -0.515558
vn 0.821145 0.495751 0.282759
vn 0.796869 0.447449 0.405942
vn 0.585140 -0.648834 -0.486442
vn 0.560848 -0.755864 -0.337815
vn 0.786844 0.170480 0.593139
vn 0.785847 0.198133 0.585822
vn 0.629593 -0.160107 -0.760249
vn 0.621032 -0.140479 -0.771094
vn -0.637919 0.172100 0.750627
vn -0.612165 0.166485 0.773005
vn -0.786324 -0.151680 -0.598906
vn -0.759305 -0.175330 -0.626670
vn -0.576110 0.289352 0.764443
vn -0.646184 0.231824 0.727121
vn -0.752031 -0.220381 -0.621194
vn -0.579656 -0.291888 -0.760789
vn -0.612165 0.166485 0.773005
vn -0.602329 0.183116 0.776961
vn -0.795097 -0.134103 -0.591470
vn -0.786324 -0.151680 -0.598906
vn 0.788915 0.332687 0.516655
vn 0.796552 0.223584 0.561707
vn 0.592037 -0.335495 -0.732759
vn 0.595191 -0.485596 -0.640269
vn 0.840834 0.510067 0.181192
vn 0.821145 0.495751 0.282759
vn 0.560848 -0.755864 -0.337815
vn 0.534909 -0.816082 -0.218822
vn 0.785847 0.198133 0.585822
vn 0.779184 0.238934 0.579467
vn 0.639379 -0.220746 -0.736522
vn 0.629593 -0.160107 -0.760249
vn -0.534246 0.692001 0.485506
vn -0.525734 0.782864 0.332757
vn -0.855268 -0.440879 -0.272292
vn -0.857031 -0.370805 -0.357773
vn 0.803454 0.149240 0.576359
vn 0.786844 0.170480 0.593139
vn 0.621032 -0.140479 -0.771094
vn 0.598635 -0.158731 -0.785138
vn -0.548829 0.535950 0.641517
vn -0.534246 0.692001 0.485506
vn -0.857031 -0.370805 -0.357773
vn -0.850939 -0.278184 -0.445551
vn -0.497187 0.840862 0.213908
vn -0.170512 0.975215 -0.141000
vn -0.933257 -0.353538 -0.063572
vn -0.870875 -0.457152 -0.180523
vn -0.646184 0.231824 0.727121
vn -0.637919 0.172100 0.750627
vn -0.759305 -0.175330 -0.626670
vn -0.752031 -0.220381 -0.621194
vn 0.539887 0.834979 -0.106452
vn 0.840834 0.510067 0.181192
vn 0.534909 -0.816082 -0.218822
vn 0.591197 -0.803400 0.070958
vn -0.602329 0.183116 0.776961
vn -0.576697 0.254350 0.776355
vn -0.824022 -0.143563 -0.548066
vn -0.795097 -0.134103 -0.591470
vn 0.534909 -0.816082 -0.218822
vn -0.870875 -0.457152 -0.180523
vn -0.933257 -0.353538 -0.063572
vn 0.591197 -0.803400 0.070958
vn -0.870875 -0.457152 -0.180523
vn 0.534909 -0.816082 -0.218822
vn 0.560848 -0.755864 -0.337815
vn -0.855268 -0.440879 -0.272292
vn -0.855268 -0.440879 -0.272292
vn 0.560848 -0.755864 -0.337815
vn 0.585140 -0.648834 -0.486442
vn -0.857031 -0.370805 -0.357773
vn 0.595191 -0.485596 -0.640269
vn -0.850939 -0.278184 -0.445551
vn -0.857031 -0.370805 -0.357773
vn 0.585140 -0.648834 -0.486442
vn -0.850939 -0.278184 -0.445551
vn 0.595191 -0.485596 -0.640269
vn 0.592037 -0.335495 -0.732759
vn -0.833108 -0.200327 -0.515558
vn 0.599747 -0.213182 -0.771269
vn -0.824022 -0.143563 -0.548066
vn -0.833108 -0.200327 -0.515558
vn 0.592037 -0.335495 -0.732759
vn -0.824022 -0.143563 -0.548066
vn 0.599747 -0.213182 -0.771269
vn 0.598635 -0.158731 -0.785138
vn -0.795097 -0.134103 -0.591470
vn 0.621032 -0.140479 -0.771094
vn -0.786324 -0.151680 -0.598906
vn -0.795097 -0.134103 -0.591470
vn 0.598635 -0.158731 -0.785138
vn -0.786324 -0.151680 -0.598906
vn 0.621032 -0.140479 -0.771094
vn 0.629593 -0.160107 -0.760249
vn -0.759305 -0.175330 -0.626670
vn 0.639379 -0.220746 -0.736522
vn -0.752031 -0.220381 -0.621194
vn -0.759305 -0.175330 -0.626670
vn 0.629593 -0.160107 -0.760249
vn -0.752031 -0.220381 -0.621194
vn 0.639379 -0.220746 -0.736522
vn 0.730989 -0.219248 -0.646208
vn -0.579656 -0.291888 -0.760789
vn 0.591197 -0.803400 0.070958
vn -0.933257 -0.353538 -0.063572
vn -0.690406 -0.457789 -0.560150
vn 0.479556 -0.806758 -0.345208
vn 0.539887 0.834979 -0.106452
vn 0.591197 -0.803400 0.070958
vn 0.479556 -0.806758 -0.345208
vn 0.752150 0.089391 -0.652901
vn -0.933257 -0.353538 -0.063572
vn -0.170512 0.975215 -0.141000
vn -0.634677 0.348560 -0.689703
vn -0.690406 -0.457789 -0.560150
vn -0.634677 0.348560 -0.689703
vn 0.752150 0.089391 -0.652901
vn 0.479556 -0.806758 -0.345208
vn -0.690406 -0.457789 -0.560150
vn 0.306590 0.940094 -0.149083
vn 0.307239 0.940151 -0.147378
vn 0.287551 0.942920 -0.167978
vn 0.285900 0.943579 -0.167090
vn 0.297256 0.938952 -0.173227
vn 0.297256 0.938952 -0.173227
vn 0.297256 0.938952 -0.173227
vn -0.043887 0.996121 -0.076268
vn -0.043886 0.996165 -0.075687
vn -0.041994 0.990850 -0.128270
vn -0.036989 0.992933 -0.112768
vn -0.037294 0.992813 -0.113714
vn -0.041994 0.990850 -0.128270
s off
g Plane
usemtl lambert2SG
f 393/481/873 482/524/874 481/514/875 511/435/876
f 405/517/877 424/438/878 423/533/879 422/468/880 408/381/881 407/456/882 406/527/883
f 396/499/884 512/431/885 511/435/886 394/494/887
f 396/499/888 398/461/889 451/515/890 450/469/891 512/431/892
f 513/419/893 387/389/894 388/475/895 514/433/896
f 401/458/897 425/466/898 424/438/899 405/517/900 404/467/901 403/401/902 402/495/903
f 389/441/904 439/416/905 438/511/906 437/452/907 436/443/908 435/531/909 528/407/910
f 517/385/911 391/546/912 392/492/913 518/490/914
f 382/394/915 389/441/916 528/407/917 527/464/918
f 516/457/919 507/501/920 508/445/921 515/513/922
f 523/412/923 396/499/924 394/494/925 524/552/926
f 395/399/927 479/532/928 478/382/929 477/502/930 461/427/931 460/448/932 459/504/933
f 382/394/934 488/558/935 487/523/936 486/503/937 485/453/938 379/473/939
f 396/499/940 428/386/941 427/429/942 399/442/943 398/461/944
f 393/481/945 390/434/946 378/544/947 379/473/948
f 390/434/949 448/554/950 447/547/951 446/496/952 445/454/953 444/535/954 443/488/955 378/544/956
f 452/440/957 480/543/958 455/525/959 454/403/960 453/459/961 394/494/962
f 385/462/963 505/477/964 504/542/965 503/391/966 502/518/967 501/491/968 506/422/969
f 380/378/970 381/460/971 529/479/972 530/439/973
f 381/460/974 433/450/975 432/541/976 529/479/977
f 380/378/978 493/455/979 492/497/980 491/519/981 527/464/982
f 379/473/983 378/544/984 389/441/985 382/394/986
f 378/544/987 443/488/988 442/529/989 441/507/990 440/530/991 439/416/992 389/441/993
f 379/473/994 485/453/995 484/402/996 483/550/997 482/524/998 393/481/999
f 506/422/1000 377/404/1001 386/380/1002 385/462/1003
f 377/404/1004 430/405/1005 429/408/1006 386/380/1007
f 506/422/1008 501/491/1009 500/421/1010 499/510/1011 498/470/1012 525/418/1013
f 520/417/1014 510/534/1015 509/383/1016 519/409/1017
f 511/435/1018 512/431/1019 390/434/1020 393/481/1021
f 512/431/1022 450/469/1023 449/465/1024 448/554/1025 390/434/1026
f 511/435/1027 481/514/1028 452/440/1029 394/494/1030
f 507/501/1031 513/419/1032 514/433/1033 508/445/1034
f 391/546/1035 516/457/1036 515/513/1037 392/492/1038
f 510/534/1039 517/385/1040 518/490/1041 509/383/1042
f 383/392/1043 520/417/1044 519/409/1045 384/414/1046
f 387/389/1047 522/379/1048 521/413/1049 388/475/1050
f 522/379/1051 523/412/1052 524/552/1053 521/413/1054
f 525/418/1055 526/472/1056 377/404/1057 506/422/1058
f 526/472/1059 431/539/1060 430/405/1061 377/404/1062
f 525/418/1063 498/470/1064 497/509/1065 496/521/1066 530/439/1067
f 527/464/1068 491/519/1069 490/463/1070 489/400/1071 488/558/1072 382/394/1073
f 527/464/1074 528/407/1075 381/460/1076 380/378/1077
f 528/407/1078 435/531/1079 434/437/1080 433/450/1081 381/460/1082
f 529/479/1083 432/541/1084 431/539/1085 526/472/1086
f 530/439/1087 529/479/1088 526/472/1089 525/418/1090
f 530/439/1091 496/521/1092 495/428/1093 494/474/1094 493/455/1095 380/378/1096
f 408/381/1097 422/468/1098 421/480/1099 420/557/1100 419/471/1101 418/522/1102 417/451/1103 416/506/1104 415/423/1105 397/396/1106 414/444/1107 413/508/1108 412/500/1109 411/536/1110 410/493/1111 409/390/1112
f 461/427/1113 477/502/1114 476/393/1115 475/537/1116 474/398/1117 473/406/1118 472/489/1119 471/395/1120 470/520/1121 469/526/1122 468/430/1123 467/387/1124 466/426/1125 465/447/1126 464/410/1127 463/551/1128 462/436/1129
f 520/417/1130 383/392/1131 531/420/1132 550/377/1133
f 387/389/1134 513/419/1135 543/432/1136 533/397/1137
f 515/513/1138 508/445/1139 540/424/1140 545/476/1141
f 507/501/1142 516/457/1143 546/425/1144 539/483/1145
f 516/457/1146 391/546/1147 535/540/1148 546/425/1149
f 521/413/1150 524/552/1151 554/512/1152 551/555/1153
f 508/445/1154 514/433/1155 544/384/1156 540/424/1157
f 522/379/1158 387/389/1159 533/397/1160 552/388/1161
f 517/385/1162 510/534/1163 542/505/1164 547/538/1165
f 509/383/1166 518/490/1167 548/446/1168 541/548/1169
f 384/414/1170 519/409/1171 549/553/1172 532/484/1173
f 518/490/1174 392/492/1175 536/485/1176 548/446/1177
f 513/419/1178 507/501/1179 539/483/1180 543/432/1181
f 523/412/1182 522/379/1183 552/388/1184 553/556/1185
f 510/534/1186 520/417/1187 550/377/1188 542/505/1189
f 388/475/1190 521/413/1191 551/555/1192 534/482/1193
f 391/546/1194 517/385/1195 547/538/1196 535/540/1197
f 514/433/1198 388/475/1199 534/482/1200 544/384/1201
f 524/552/1202 394/494/1203 537/411/1204 554/512/1205
f 519/409/1206 509/383/1207 541/548/1208 549/553/1209
f 396/499/1210 523/412/1211 553/556/1212 538/478/1213
f 392/492/1214 515/513/1215 545/476/1216 536/485/1217
f 553/556/1218 554/512/1219 537/411/1220 538/478/1221
f 554/512/1222 553/556/1223 552/388/1224 551/555/1225
f 551/555/1226 552/388/1227 533/397/1228 534/482/1229
f 543/432/1230 544/384/1231 534/482/1232 533/397/1233
f 544/384/1234 543/432/1235 539/483/1236 540/424/1237
f 546/425/1238 545/476/1239 540/424/1240 539/483/1241
f 545/476/1242 546/425/1243 535/540/1244 536/485/1245
f 547/538/1246 548/446/1247 536/485/1248 535/540/1249
f 548/446/1250 547/538/1251 542/505/1252 541/548/1253
f 550/377/1254 549/553/1255 541/548/1256 542/505/1257
f 549/553/1258 550/377/1259 531/420/1260 532/484/1261
f 538/478/1262 537/411/1263 557/516/1264 558/498/1265
f 396/499/1266 538/478/1267 558/498/1268 556/528/1269
f 537/411/1270 394/494/1271 555/415/1272 557/516/1273
f 555/415/1274 556/528/1275 558/498/1276 557/516/1277
f 455/525/1278 480/543/1279 479/532/1280 395/399/1281 458/449/1282 457/549/1283 456/487/1284
f 399/442/1285 427/429/1286 426/486/1287 425/466/1288 401/458/1289 400/545/1290
g default
v -0.593620 0.135968 -1.373959
v -0.593620 4.891875 -2.589902
v -0.238013 0.135968 -1.327142
v 0.076696 4.891875 -2.501653
v 0.093360 0.135968 -1.189883
v 0.701331 4.891875 -2.242921
v 0.377917 0.135968 -0.971535
v 1.237718 4.891875 -1.831337
v 0.596265 0.135968 -0.686979
v 1.649301 4.891875 -1.294951
v 0.733524 0.135968 -0.355606
v 1.908034 4.891875 -0.670316
v 0.780340 0.135968 0.000001
v 1.996282 4.891875 -0.000000
v 0.733524 0.135968 0.355608
v 1.908034 4.891875 0.670316
v 0.596264 0.135968 0.686981
v 1.649302 4.891876 1.294951
v 0.377917 0.135968 0.971537
v 1.237718 4.891876 1.831337
v 0.093361 0.135968 1.189885
v 0.701332 4.891876 2.242921
v -0.238012 0.135967 1.327144
v 0.076697 4.891876 2.501653
v -0.593619 0.135967 1.373961
v -0.593619 4.891876 2.589902
v -0.949226 0.135967 1.327145
v -1.263935 4.891876 2.501654
v -1.280599 0.135967 1.189886
v -1.888570 4.891876 2.242922
v -1.565156 0.135967 0.971538
v -2.424956 4.891876 1.831339
v -1.783504 0.135967 0.686982
v -2.836540 4.891876 1.294952
v -1.920763 0.135967 0.355609
v -3.095273 4.891875 0.670317
v -1.967580 0.135967 0.000002
v -3.183522 4.891875 0.000001
v -1.920764 0.135967 -0.355605
v -3.095273 4.891875 -0.670315
v -1.783505 0.135967 -0.686978
v -2.836542 4.891875 -1.294950
v -1.565157 0.135967 -0.971535
v -2.424958 4.891875 -1.831336
v -1.280601 0.135966 -1.189883
v -1.888573 4.891875 -2.242920
v -0.949228 0.135966 -1.327142
v -1.263937 4.891875 -2.501653
v -0.593620 3.176388 -3.280487
v 0.255433 3.176388 -3.168707
v 1.046624 3.176388 -2.840986
v 1.726035 3.176388 -2.319655
v 2.247366 3.176388 -1.640244
v 2.575088 3.176388 -0.849053
v 2.686868 3.176388 0.000000
v 2.575088 3.176388 0.849053
v 2.247366 3.176388 1.640244
v 1.726036 3.176389 2.319655
v 1.046625 3.176389 2.840985
v 0.255434 3.176389 3.168708
v -0.593619 3.176389 3.280488
v -1.442671 3.176389 3.168709
v -2.233862 3.176389 2.840987
v -2.913274 3.176389 2.319657
v -3.434605 3.176388 1.640245
v -3.762327 3.176388 0.849054
v -3.874108 3.176388 0.000002
v -3.762328 3.176388 -0.849051
v -3.434606 3.176388 -1.640242
v -2.913276 3.176388 -2.319654
v -2.233866 3.176388 -2.840984
v -1.442674 3.176388 -3.168707
v -0.593620 4.042542 -3.202094
v 0.235143 4.042542 -3.092986
v 1.007427 4.042543 -2.773095
v 1.670603 4.042543 -2.264223
v 2.179475 4.042543 -1.601047
v 2.499366 4.042543 -0.828763
v 2.608475 4.042543 -0.000000
v 2.499366 4.042543 0.828763
v 2.179476 4.042543 1.601047
v 1.670604 4.042543 2.264222
v 1.007428 4.042543 2.773095
v 0.235144 4.042544 3.092986
v -0.593619 4.042544 3.202094
v -1.422381 4.042544 3.092986
v -2.194666 4.042543 2.773096
v -2.857841 4.042543 2.264224
v -3.366714 4.042543 1.601048
v -3.686605 4.042543 0.828764
v -3.795714 4.042543 0.000002
v -3.686606 4.042543 -0.828761
v -3.366716 4.042543 -1.601045
v -2.857844 4.042543 -2.264221
v -2.194669 4.042543 -2.773094
v -1.422385 4.042543 -3.092985
v -0.593620 4.556211 -2.926031
v 0.163693 4.556211 -2.826329
v 0.869396 4.556211 -2.534017
v 1.475397 4.556211 -2.069016
v 1.940398 4.556211 -1.463015
v 2.232710 4.556211 -0.757313
v 2.332411 4.556211 -0.000000
v 2.232710 4.556211 0.757312
v 1.940398 4.556211 1.463015
v 1.475397 4.556211 2.069016
v 0.869397 4.556212 2.534017
v 0.163694 4.556212 2.826329
v -0.593619 4.556212 2.926031
v -1.350931 4.556212 2.826330
v -2.056634 4.556212 2.534018
v -2.662635 4.556211 2.069017
v -3.127636 4.556211 1.463017
v -3.419948 4.556211 0.757314
v -3.519651 4.556211 0.000001
v -3.419949 4.556211 -0.757311
v -3.127638 4.556211 -1.463014
v -2.662637 4.556211 -2.069015
v -2.056637 4.556211 -2.534016
v -1.350934 4.556211 -2.826328
v -0.004982 5.298093 -2.196825
v -0.593620 5.298093 -2.274320
v 0.543540 5.298093 -1.969619
v 1.014568 5.298093 -1.608187
v 1.375999 5.298093 -1.137160
v 1.603205 5.298093 -0.588637
v 1.680701 5.298093 -0.000000
v 1.603205 5.298093 0.588637
v 1.375999 5.298093 1.137160
v 1.014568 5.298094 1.608187
v 0.543541 5.298094 1.969619
v -0.004982 5.298094 2.196825
v -0.593619 5.298094 2.274320
v -1.182256 5.298094 2.196825
v -1.730779 5.298094 1.969620
v -2.201806 5.298094 1.608188
v -2.563238 5.298093 1.137161
v -2.790444 5.298093 0.588638
v -2.867940 5.298093 0.000001
v -2.790445 5.298093 -0.588636
v -2.563239 5.298093 -1.137159
v -2.201808 5.298093 -1.608186
v -1.730781 5.298093 -1.969618
v -1.182258 5.298093 -2.196824
v 0.709545 5.062665 -2.257147
v 0.709545 5.196679 -2.257148
v 1.249333 5.196679 -1.842953
v 1.249334 5.062665 -1.842953
v 1.923901 5.062665 0.674567
v 1.923901 5.196680 0.674567
v 1.663528 5.196680 1.303164
v 1.663528 5.062665 1.303165
v -0.593620 5.062665 -2.606329
v -0.593620 5.196679 -2.606329
v 0.080948 5.196679 -2.517521
v 0.080948 5.062665 -2.517521
v -0.593619 5.062666 2.606329
v -0.593619 5.196680 2.606329
v -1.268186 5.196680 2.517521
v -1.268186 5.062666 2.517522
v -3.111140 5.062665 0.674569
v -3.111140 5.196680 0.674569
v -3.199949 5.196680 0.000001
v -3.199949 5.062665 0.000001
v -1.896786 5.062665 -2.257146
v -1.896786 5.196679 -2.257147
v -1.268189 5.196679 -2.517520
v -1.268189 5.062665 -2.517520
v 1.923901 5.062665 -0.674568
v 1.923901 5.196680 -0.674568
v 2.012710 5.196680 -0.000000
v 2.012709 5.062665 -0.000000
v 0.709546 5.062666 2.257147
v 0.709546 5.196680 2.257147
v 0.080949 5.196680 2.517521
v 0.080949 5.062666 2.517521
v -2.436572 5.062666 1.842954
v -2.436572 5.196680 1.842955
v -2.850767 5.196680 1.303166
v -2.850766 5.062665 1.303166
v -2.850768 5.062665 -1.303163
v -2.850768 5.196680 -1.303163
v -2.436574 5.196679 -1.842952
v -2.436574 5.062665 -1.842952
v 1.663528 5.196680 -1.303165
v 1.663528 5.062665 -1.303165
v 1.249334 5.196680 1.842953
v 1.249334 5.062666 1.842953
v -1.896783 5.196680 2.257148
v -1.896783 5.062666 2.257148
v -3.111141 5.196680 -0.674566
v -3.111141 5.062665 -0.674566
v 0.191406 2.054780 -2.929756
v 0.922934 2.054780 -2.626747
v 1.551111 2.054780 -2.144730
v 2.033128 2.054780 -1.516553
v 2.336137 2.054780 -0.785025
v 2.439487 2.054780 0.000000
v 2.336137 2.054780 0.785026
v 2.033128 2.054781 1.516554
v 1.551111 2.054781 2.144730
v 0.922934 2.054781 2.626747
v 0.191407 2.054781 2.929756
v -0.593619 2.054781 3.033108
v -1.378644 2.054781 2.929757
v -2.110172 2.054781 2.626749
v -2.738349 2.054781 2.144732
v -3.220367 2.054781 1.516555
v -3.523376 2.054780 0.785028
v -3.626726 2.054780 0.000002
v -3.523376 2.054780 -0.785024
v -3.220368 2.054780 -1.516551
v -2.738352 2.054780 -2.144729
v -2.110175 2.054780 -2.626746
v -1.378647 2.054780 -2.929756
v -0.593620 2.054780 -3.033106
v 0.048027 1.064963 -2.394657
v 0.645946 1.064963 -2.146990
v 1.159391 1.064963 -1.753010
v 1.553371 1.064963 -1.239565
v 1.801038 1.064963 -0.641646
v 1.885512 1.064963 0.000001
v 1.801038 1.064964 0.641647
v 1.553372 1.064964 1.239566
v 1.159392 1.064964 1.753011
v 0.645947 1.064964 2.146992
v 0.048028 1.064964 2.394658
v -0.593619 1.064964 2.479132
v -1.235265 1.064964 2.394659
v -1.833185 1.064964 2.146993
v -2.346630 1.064964 1.753012
v -2.740610 1.064964 1.239567
v -2.988277 1.064964 0.641648
v -3.072751 1.064963 0.000002
v -2.988278 1.064963 -0.641645
v -2.740612 1.064963 -1.239564
v -2.346632 1.064963 -1.753009
v -1.833187 1.064963 -2.146990
v -1.235268 1.064963 -2.394656
v -0.593620 1.064963 -2.479131
v -0.099247 0.422663 -1.845023
v 0.361435 0.422663 -1.654202
v 0.757032 0.422663 -1.350650
v 1.060584 0.422663 -0.955054
v 1.251404 0.422663 -0.494372
v 1.316490 0.422663 0.000001
v 1.251404 0.422663 0.494373
v 1.060584 0.422663 0.955055
v 0.757032 0.422664 1.350652
v 0.361435 0.422664 1.654204
v -0.099246 0.422664 1.845025
v -0.593619 0.422664 1.910111
v -1.087992 0.422664 1.845025
v -1.548674 0.422664 1.654205
v -1.944271 0.422664 1.350653
v -2.247823 0.422663 0.955056
v -2.438644 0.422663 0.494374
v -2.503729 0.422663 0.000002
v -2.438644 0.422663 -0.494371
v -2.247824 0.422663 -0.955053
v -1.944272 0.422663 -1.350650
v -1.548676 0.422663 -1.654202
v -1.087994 0.422663 -1.845023
v -0.593620 0.422663 -1.910108
v 0.045270 5.308358 -2.384367
v -0.593620 5.308358 -2.468478
v 0.640619 5.308358 -2.137765
v 1.151858 5.308358 -1.745478
v 1.544145 5.308358 -1.234239
v 1.790747 5.308358 -0.638889
v 1.874859 5.308358 -0.000000
v 1.790747 5.308358 0.638889
v 1.544146 5.308358 1.234239
v 1.151858 5.308358 1.745477
v 0.640620 5.308358 2.137765
v 0.045270 5.308359 2.384367
v -0.593619 5.308359 2.468479
v -1.232508 5.308359 2.384367
v -1.827858 5.308358 2.137766
v -2.339097 5.308358 1.745479
v -2.731384 5.308358 1.234240
v -2.977986 5.308358 0.638890
v -3.062098 5.308358 0.000001
v -2.977987 5.308358 -0.638888
v -2.731385 5.308358 -1.234238
v -2.339099 5.308358 -1.745477
v -1.827861 5.308358 -2.137764
v -1.232510 5.308358 -2.384367
v -0.036453 5.233418 -2.079374
v -0.593620 5.233418 -2.152726
v 0.482743 5.233418 -1.864315
v 0.928588 5.233470 -1.522207
v 1.270696 5.233775 -1.076363
v 1.485754 5.234158 -0.557167
v 1.559107 5.233942 -0.000000
v 1.485754 5.231763 0.557166
v 1.270696 5.225236 1.076363
v 0.928588 5.227839 1.522207
v 0.482744 5.227090 1.864315
v -0.036452 5.230437 2.079374
v -0.593619 5.233007 2.152726
v -1.150785 5.233419 2.079374
v -1.669982 5.233419 1.864316
v -2.115827 5.233272 1.522208
v -2.457935 5.232760 1.076364
v -2.672994 5.232604 0.557168
v -2.746346 5.231825 0.000001
v -2.672994 5.233038 -0.557165
v -2.457936 5.233418 -1.076362
v -2.115828 5.233418 -1.522206
v -1.669984 5.233418 -1.864315
v -1.150788 5.233418 -2.079374
v -0.141123 5.463044 -1.688742
v -0.593620 5.467439 -1.748314
v 0.280537 5.462152 -1.514084
v 0.642625 5.466417 -1.236245
v 0.920465 5.476546 -0.874157
v 1.095122 5.479014 -0.452497
v 1.154695 5.480498 -0.000000
v 1.095122 5.461624 0.452497
v 0.920465 5.410948 0.874157
v 0.642626 5.412901 1.236245
v 0.280538 5.400960 1.514085
v -0.141122 5.436386 1.688742
v -0.593619 5.464209 1.748315
v -1.046116 5.474047 1.688742
v -1.467776 5.479233 1.514085
v -1.829864 5.473853 1.236246
v -2.107704 5.463538 0.874158
v -2.282362 5.451989 0.452498
v -2.341934 5.452997 0.000001
v -2.282362 5.464752 -0.452496
v -2.107705 5.469824 -0.874156
v -1.829865 5.465759 -1.236244
v -1.467778 5.468540 -1.514084
v -1.046118 5.469468 -1.688742
v -0.593620 0.171458 -1.719408
v -0.148604 0.171458 -1.660820
v 0.266085 0.171458 -1.489050
v 0.622186 0.171458 -1.215804
v 0.895432 0.171458 -0.859703
v 1.067201 0.171458 -0.445015
v 1.125789 0.171458 0.000001
v 1.067202 0.171458 0.445017
v 0.895432 0.171458 0.859705
v 0.622186 0.171458 1.215806
v 0.266085 0.171458 1.489052
v -0.148603 0.171458 1.660822
v -0.593619 0.171458 1.719410
v -1.038635 0.171458 1.660823
v -1.453323 0.171458 1.489053
v -1.809425 0.171458 1.215807
v -2.082671 0.171458 0.859706
v -2.254441 0.171458 0.445017
v -2.313028 0.171458 0.000002
v -2.254441 0.171458 -0.445014
v -2.082672 0.171458 -0.859703
v -1.809426 0.171458 -1.215804
v -1.453325 0.171458 -1.489050
v -1.038636 0.171458 -1.660820
v -0.276750 5.520255 -1.182575
v -0.593620 5.544932 -1.224291
v 0.018526 5.514890 -1.060267
v 0.272085 5.538430 -0.865705
v 0.466648 5.576507 -0.612146
v 0.588955 5.588328 -0.316870
v 0.630672 5.601641 0.000000
v 0.588955 5.557932 0.316870
v 0.466648 5.453016 0.612146
v 0.272085 5.418172 0.865705
v 0.018526 5.383909 1.060268
v -0.276749 5.480145 1.182575
v -0.593619 5.559772 1.224292
v -0.910489 5.592967 1.182575
v -1.205765 5.619959 1.060268
v -1.459324 5.587217 0.865705
v -1.653887 5.550997 0.612146
v -1.776194 5.501052 0.316871
v -1.817911 5.510894 0.000001
v -1.776195 5.531200 -0.316869
v -1.653888 5.559877 -0.612145
v -1.459325 5.547977 -0.865704
v -1.205766 5.549185 -1.060267
v -0.910490 5.558484 -1.182574
v -0.413505 5.502473 -0.672198
v -0.593620 5.544021 -0.695910
v -0.245665 5.486638 -0.602676
v -0.101537 5.519342 -0.492083
v 0.009056 5.539980 -0.347955
v 0.078578 5.574903 -0.180115
v 0.102291 5.589210 0.000000
v 0.078578 5.587443 0.180115
v 0.009056 5.567448 0.347955
v -0.101537 5.540473 0.492083
v -0.245664 5.546003 0.602676
v -0.413505 5.585443 0.672198
v -0.593619 5.631848 0.695911
v -0.773734 5.640498 0.672198
v -0.941575 5.673819 0.602677
v -1.085702 5.611293 0.492083
v -1.196296 5.591591 0.347956
v -1.265817 5.545035 0.180115
v -1.289530 5.531730 0.000001
v -1.265818 5.498217 -0.180114
v -1.196296 5.551050 -0.347955
v -1.085703 5.570290 -0.492082
v -0.941575 5.533880 -0.602676
v -0.773735 5.561812 -0.672197
v -0.521674 5.513879 -0.268503
v -0.593620 5.557433 -0.277975
v -0.454632 5.479406 -0.240733
v -0.397062 5.485033 -0.196558
v -0.352886 5.500601 -0.138987
v -0.325116 5.521331 -0.071945
v -0.315645 5.507192 0.000000
v -0.325116 5.556046 0.071945
v -0.352886 5.577085 0.138988
v -0.397062 5.557038 0.196558
v -0.454632 5.581438 0.240734
v -0.521674 5.580247 0.268504
v -0.593620 5.592408 0.277975
v -0.665565 5.594260 0.268504
v -0.732607 5.613276 0.240734
v -0.790178 5.583437 0.196558
v -0.834353 5.576280 0.138988
v -0.862123 5.523727 0.071946
v -0.871595 5.542163 0.000000
v -0.862123 5.507456 -0.071945
v -0.834353 5.492048 -0.138987
v -0.790178 5.520446 -0.196558
v -0.732607 5.512979 -0.240733
v -0.665565 5.538200 -0.268503
v -0.593620 5.484092 0.000000
v -0.369195 0.171457 -1.704677
v -0.255574 4.891875 -2.567713
v -0.593620 4.744498 -2.732313
v -0.133376 0.256095 -1.717653
v 0.064361 0.171457 -1.588506
v 0.397481 4.891875 -2.392728
v 0.295503 0.256095 -1.540005
v 0.453077 0.171457 -1.364081
v 0.982993 4.891875 -2.054682
v 0.663790 0.256095 -1.257409
v 0.770462 0.171458 -1.046696
v 1.461062 4.891875 -1.576613
v 0.946387 0.256095 -0.889122
v 0.994887 0.171458 -0.657980
v 1.799108 4.891875 -0.991100
v 1.124034 0.256095 -0.460243
v 1.111058 0.171458 -0.224424
v 1.974094 4.891875 -0.338046
v 1.184626 0.256095 0.000001
v 1.111058 0.171458 0.224426
v 1.974094 4.891876 0.338046
v 1.124034 0.256095 0.460245
v 0.994887 0.171458 0.657982
v 1.799108 4.891876 0.991100
v 0.946387 0.256095 0.889124
v 0.770462 0.171458 1.046698
v 1.461063 4.891876 1.576613
v 0.663790 0.256095 1.257411
v 0.453077 0.171458 1.364083
v 0.982994 4.891876 2.054682
v 0.295504 0.256095 1.540007
v 0.064362 0.171458 1.588508
v 0.397481 4.891876 2.392728
v -0.133375 0.256095 1.717655
v -0.369194 0.171458 1.704679
v -0.255573 4.891876 2.567713
v -0.593619 0.256095 1.778247
v -0.818044 0.171458 1.704679
v -0.931665 4.891876 2.567714
v -1.053863 0.256095 1.717655
v -1.251600 0.171458 1.588508
v -1.584719 4.891876 2.392728
v -1.482742 0.256095 1.540008
v -1.640316 0.171458 1.364083
v -2.170232 4.891876 2.054683
v -1.851029 0.256095 1.257411
v -1.957701 0.171458 1.046698
v -2.648301 4.891876 1.576614
v -2.133626 0.256095 0.889125
v -2.182126 0.171458 0.657983
v -2.986347 4.891876 0.991101
v -2.311273 0.256095 0.460246
v -2.298297 0.171458 0.224427
v -3.161333 4.891876 0.338047
v -2.371866 0.256095 0.000002
v -2.298297 0.171458 -0.224423
v -3.161333 4.891875 -0.338045
v -2.311274 0.256095 -0.460242
v -2.182127 0.171458 -0.657979
v -2.986348 4.891875 -0.991099
v -2.133627 0.256095 -0.889121
v -1.957702 0.171458 -1.046695
v -2.648303 4.891875 -1.576612
v -1.851031 0.256095 -1.257408
v -1.640317 0.171457 -1.364080
v -2.170234 4.891875 -2.054681
v -1.482744 0.256095 -1.540005
v -1.251602 0.171457 -1.588505
v -1.584722 4.891875 -2.392727
v -1.053865 0.256095 -1.717653
v -0.818045 0.171457 -1.704677
v -0.931667 4.891875 -2.567713
v -0.593620 2.624144 -3.201259
v 0.253657 3.656078 -3.162079
v 1.043193 3.656078 -2.835043
v 1.721183 3.656078 -2.314803
v 2.241423 3.656078 -1.636813
v 2.568460 3.656078 -0.847277
v 2.680006 3.656078 -0.000000
v 2.568460 3.656079 0.847276
v 2.241423 3.656079 1.636812
v 1.721184 3.656079 2.314802
v 1.043194 3.656079 2.835043
v 0.253658 3.656079 3.162079
v -0.593619 3.656079 3.273626
v -1.440895 3.656079 3.162080
v -2.230431 3.656079 2.835044
v -2.908421 3.656079 2.314804
v -3.428662 3.656079 1.636814
v -3.755699 3.656079 0.847278
v -3.867245 3.656078 0.000002
v -3.755700 3.656078 -0.847275
v -3.428664 3.656078 -1.636811
v -2.908424 3.656078 -2.314801
v -2.230435 3.656078 -2.835042
v -1.440898 3.656078 -3.162079
v -1.021805 3.176388 -3.252382
v -1.848994 3.176388 -3.030737
v -2.590631 3.176388 -2.602552
v -3.196175 3.176388 -1.997008
v -3.624358 3.176388 -1.255371
v -3.846002 3.176388 -0.428182
v -3.846002 3.176388 0.428186
v -3.624357 3.176388 1.255374
v -3.196173 3.176388 1.997011
v -2.590628 3.176389 2.602555
v -1.848991 3.176389 3.030739
v -1.021803 3.176389 3.252383
v -0.165434 3.176389 3.252382
v 0.661754 3.176389 3.030738
v 1.403391 3.176389 2.602553
v 2.008934 3.176388 1.997009
v 2.437118 3.176388 1.255373
v 2.658763 3.176388 0.428184
v 2.658763 3.176388 -0.428184
v 2.437118 3.176388 -1.255372
v 2.008934 3.176388 -1.997009
v 1.403390 3.176388 -2.602553
v 0.661753 3.176388 -3.030737
v -0.165436 3.176388 -3.252382
v -0.593620 3.656078 -3.273625
v 0.205240 4.332343 -2.981383
v 0.949658 4.332343 -2.673035
v 1.588904 4.332343 -2.182524
v 2.079415 4.332343 -1.543277
v 2.387764 4.332343 -0.798859
v 2.492935 4.332344 -0.000000
v 2.387764 4.332344 0.798859
v 2.079415 4.332344 1.543277
v 1.588905 4.332344 2.182524
v 0.949659 4.332344 2.673035
v 0.205241 4.332344 2.981383
v -0.593619 4.332344 3.086555
v -1.392478 4.332344 2.981384
v -2.136896 4.332344 2.673036
v -2.776143 4.332344 2.182525
v -3.266654 4.332344 1.543279
v -3.575003 4.332344 0.798861
v -3.680175 4.332344 0.000002
v -3.575004 4.332343 -0.798858
v -3.266656 4.332343 -1.543276
v -2.776145 4.332343 -2.182523
v -2.136899 4.332343 -2.673034
v -1.392481 4.332343 -2.981382
v -1.011573 4.042542 -3.174660
v -1.818995 4.042543 -2.958312
v -2.542909 4.042543 -2.540359
v -3.133982 4.042543 -1.949286
v -3.551933 4.042543 -1.225372
v -3.768281 4.042543 -0.417950
v -3.768280 4.042543 0.417954
v -3.551932 4.042543 1.225374
v -3.133980 4.042543 1.949289
v -2.542906 4.042543 2.540362
v -1.818992 4.042544 2.958313
v -1.011571 4.042544 3.174661
v -0.175667 4.042544 3.174660
v 0.631754 4.042544 2.958313
v 1.355668 4.042543 2.540360
v 1.946742 4.042543 1.949287
v 2.364693 4.042543 1.225373
v 2.581041 4.042543 0.417952
v 2.581041 4.042543 -0.417952
v 2.364693 4.042543 -1.225373
v 1.946741 4.042543 -1.949287
v 1.355668 4.042543 -2.540361
v 0.631754 4.042543 -2.958313
v -0.175668 4.042542 -3.174660
v -0.593620 4.332343 -3.086555
v 0.113555 4.744498 -2.639212
v 0.772537 4.744499 -2.366253
v 1.338418 4.744499 -1.932038
v 1.772634 4.744499 -1.366157
v 2.045593 4.744499 -0.707175
v 2.138694 4.744499 -0.000000
v 2.045593 4.744499 0.707175
v 1.772634 4.744499 1.366157
v 1.338419 4.744499 1.932037
v 0.772538 4.744499 2.366253
v 0.113556 4.744499 2.639212
v -0.593619 4.744499 2.732314
v -1.300793 4.744499 2.639213
v -1.959776 4.744499 2.366254
v -2.525656 4.744499 1.932039
v -2.959872 4.744499 1.366158
v -3.232832 4.744499 0.707176
v -3.325933 4.744499 0.000001
v -3.232832 4.744499 -0.707173
v -2.959874 4.744499 -1.366156
v -2.525659 4.744499 -1.932036
v -1.959778 4.744499 -2.366252
v -1.300796 4.744499 -2.639212
v -0.975540 4.556211 -2.900962
v -1.713351 4.556211 -2.703266
v -2.374854 4.556211 -2.321347
v -2.914969 4.556211 -1.781231
v -3.296887 4.556211 -1.119728
v -3.494583 4.556211 -0.381917
v -3.494582 4.556211 0.381920
v -3.296886 4.556211 1.119731
v -2.914967 4.556211 1.781234
v -2.374851 4.556212 2.321348
v -1.713348 4.556212 2.703267
v -0.975538 4.556212 2.900963
v -0.211700 4.556212 2.900963
v 0.526111 4.556212 2.703266
v 1.187614 4.556212 2.321347
v 1.727728 4.556211 1.781233
v 2.109647 4.556211 1.119729
v 2.307343 4.556211 0.381919
v 2.307343 4.556211 -0.381919
v 2.109647 4.556211 -1.119730
v 1.727728 4.556211 -1.781233
v 1.187613 4.556211 -2.321348
v 0.526110 4.556211 -2.703267
v -0.211701 4.556211 -2.900962
v -0.271423 5.308358 -2.447330
v 0.351014 5.308358 -2.280548
v 0.909076 5.308358 -1.958351
v 1.364732 5.308358 -1.502696
v 1.686929 5.308358 -0.944634
v 1.853710 5.308358 -0.322197
v 1.853710 5.308358 0.322197
v 1.686929 5.308358 0.944634
v 1.364732 5.308359 1.502695
v 0.909077 5.308359 1.958351
v 0.351015 5.308359 2.280548
v -0.271422 5.308359 2.447330
v -0.915816 5.308359 2.447330
v -1.538253 5.308359 2.280549
v -2.096315 5.308359 1.958352
v -2.551970 5.308359 1.502697
v -2.874167 5.308358 0.944635
v -3.040949 5.308358 0.322198
v -3.040950 5.308358 -0.322196
v -2.874169 5.308358 -0.944633
v -2.551972 5.308358 -1.502694
v -2.096317 5.308358 -1.958350
v -1.538255 5.308358 -2.280548
v -0.915818 5.308358 -2.447329
v 0.683067 5.260895 -2.211286
v 1.222620 4.991061 -1.816240
v 1.872750 5.260895 0.660861
v 1.630812 4.991061 1.284275
v -0.593620 5.260895 -2.553373
v 0.071170 4.991061 -2.481030
v -0.593619 5.260895 2.553373
v -1.258409 4.991062 2.481031
v -3.059989 5.260895 0.660863
v -3.162171 4.991061 0.000001
v -1.870308 5.260895 -2.211285
v -1.258411 4.991061 -2.481030
v 1.872750 5.260895 -0.660862
v 1.974932 4.991061 -0.000000
v 0.683068 5.260895 2.211286
v 0.071171 4.991062 2.481030
v -2.399127 5.260895 1.805509
v -2.818050 4.991061 1.284277
v -2.804907 5.260895 -1.276685
v -2.409861 4.991061 -1.816239
v 1.630811 4.991061 -1.284276
v 1.222621 4.991062 1.816240
v -1.877895 4.991062 2.224432
v -3.074650 4.991061 -0.664789
v 0.690656 4.991061 -2.224431
v 0.718476 5.129672 -2.272617
v 1.211888 5.260895 -1.805508
v 1.261964 5.129672 -1.855584
v 1.887411 4.991061 0.664790
v 1.941155 5.129672 0.679191
v 1.617667 5.260895 1.276686
v 1.678998 5.129673 1.312096
v -0.593620 4.991061 -2.568551
v -0.593620 5.129672 -2.624192
v 0.067242 5.260895 -2.466369
v 0.085571 5.129672 -2.534774
v -0.593619 4.991062 2.568552
v -0.593619 5.129673 2.624192
v -1.254480 5.260895 2.466370
v -1.272810 5.129673 2.534775
v -3.074650 4.991061 0.664791
v -3.128394 5.129672 0.679192
v -3.146993 5.260895 0.000001
v -3.217812 5.129672 0.000001
v -1.877897 4.991061 -2.224430
v -1.905717 5.129672 -2.272616
v -1.254483 5.260895 -2.466369
v -1.272812 5.129672 -2.534774
v 1.887410 4.991061 -0.664790
v 1.941155 5.129672 -0.679191
v 1.959754 5.260895 -0.000000
v 2.030572 5.129672 -0.000000
v 0.690657 4.991062 2.224431
v 0.718477 5.129673 2.272617
v 0.067243 5.260895 2.466369
v 0.085572 5.129673 2.534774
v -2.409859 4.991062 1.816241
v -2.449203 5.129673 1.855585
v -2.804905 5.260895 1.276688
v -2.866236 5.129673 1.312097
v -2.818051 4.991061 -1.284274
v -2.866237 5.129672 -1.312094
v -2.399129 5.260895 -1.805507
v -2.449205 5.129672 -1.855583
v 1.617667 5.260895 -1.276687
v 1.678997 5.129672 -1.312096
v 1.211889 5.260895 1.805507
v 1.261965 5.129673 1.855583
v -1.870305 5.260895 2.211287
v -1.905715 5.129673 2.272617
v -3.059989 5.260895 -0.660860
v -3.128394 5.129672 -0.679189
v -3.001525 5.062665 -0.997385
v -3.001525 5.196679 -0.997385
v -2.180232 5.062666 2.067715
v -2.180232 5.196680 2.067715
v 0.992994 5.062666 2.067714
v 0.992994 5.196680 2.067714
v 1.814285 5.062665 -0.997387
v 1.814285 5.196679 -0.997387
v -2.180234 5.062665 -2.067713
v -2.180234 5.196679 -2.067714
v -3.001524 5.062666 0.997388
v -3.001523 5.196680 0.997388
v -0.253429 5.062666 2.584000
v -0.253429 5.196680 2.584000
v 1.990380 5.062665 0.340190
v 1.990380 5.196680 0.340190
v 0.403767 5.062665 -2.407905
v 0.403767 5.196679 -2.407904
v -0.933811 5.062665 -2.583999
v -0.933811 5.196679 -2.583999
v -3.177619 5.062665 -0.340189
v -3.177620 5.196680 -0.340189
v -1.591005 5.062666 2.407905
v -1.591005 5.196680 2.407905
v 1.474095 5.062666 1.586613
v 1.474095 5.196680 1.586613
v 1.474095 5.062665 -1.586613
v 1.474095 5.196679 -1.586613
v -2.661335 5.062665 -1.586612
v -2.661335 5.196679 -1.586612
v -2.661334 5.062666 1.586614
v -2.661333 5.196680 1.586614
v 0.403768 5.062666 2.407904
v 0.403768 5.196680 2.407904
v 1.990380 5.062665 -0.340190
v 1.990380 5.196680 -0.340190
v -1.591008 5.062665 -2.407904
v -1.591008 5.196679 -2.407904
v -3.177619 5.062665 0.340191
v -3.177619 5.196680 0.340191
v -0.933809 5.062666 2.584000
v -0.933809 5.196680 2.584000
v -0.253430 5.062665 -2.584000
v -0.253430 5.196679 -2.584000
v 1.814285 5.062666 0.997386
v 1.814285 5.196680 0.997386
v 0.992993 5.062665 -2.067714
v 0.992993 5.196679 -2.067715
v 0.234927 2.624144 -3.092179
v 1.007010 2.624144 -2.772372
v 1.670012 2.624144 -2.263632
v 2.178753 2.624144 -1.600629
v 2.498559 2.624144 -0.828547
v 2.607640 2.624144 0.000000
v 2.498560 2.624144 0.828547
v 2.178753 2.624144 1.600630
v 1.670013 2.624145 2.263632
v 1.007011 2.624145 2.772372
v 0.234928 2.624145 3.092180
v -0.593619 2.624145 3.201260
v -1.422165 2.624145 3.092180
v -2.194248 2.624145 2.772373
v -2.857251 2.624145 2.263634
v -3.365991 2.624144 1.600631
v -3.685799 2.624144 0.828549
v -3.794879 2.624144 0.000002
v -3.685800 2.624144 -0.828545
v -3.365993 2.624144 -1.600628
v -2.857254 2.624144 -2.263631
v -2.194252 2.624144 -2.772371
v -1.422169 2.624144 -3.092178
v -0.593620 1.525392 -2.783074
v -0.197725 2.054780 -3.007120
v 0.567086 2.054780 -2.802190
v 1.252796 2.054780 -2.406295
v 1.812676 2.054780 -1.846415
v 2.208571 2.054780 -1.160705
v 2.413501 2.054780 -0.395895
v 2.413501 2.054780 0.395895
v 2.208571 2.054780 1.160705
v 1.812676 2.054781 1.846416
v 1.252796 2.054781 2.406296
v 0.567086 2.054781 2.802191
v -0.197724 2.054781 3.007121
v -0.989514 2.054781 3.007122
v -1.754324 2.054781 2.802192
v -2.440034 2.054781 2.406297
v -2.999914 2.054781 1.846417
v -3.395810 2.054780 1.160707
v -3.600740 2.054780 0.395897
v -3.600741 2.054780 -0.395893
v -3.395811 2.054780 -1.160703
v -2.999916 2.054780 -1.846414
v -2.440037 2.054780 -2.406294
v -1.754327 2.054780 -2.802190
v -0.989516 2.054780 -3.007120
v 0.126693 1.525392 -2.688243
v 0.797918 1.525392 -2.410213
v 1.374311 1.525392 -1.967930
v 1.816594 1.525393 -1.391537
v 2.094624 1.525393 -0.720312
v 2.189455 1.525393 0.000000
v 2.094624 1.525393 0.720313
v 1.816594 1.525393 1.391538
v 1.374312 1.525393 1.967931
v 0.797918 1.525393 2.410214
v 0.126694 1.525393 2.688244
v -0.593619 1.525393 2.783075
v -1.313931 1.525393 2.688245
v -1.985156 1.525393 2.410215
v -2.561550 1.525393 1.967933
v -3.003833 1.525393 1.391539
v -3.281863 1.525393 0.720314
v -3.376695 1.525393 0.000002
v -3.281864 1.525393 -0.720311
v -3.003834 1.525393 -1.391535
v -2.561552 1.525392 -1.967929
v -1.985159 1.525392 -2.410212
v -1.313934 1.525392 -2.688243
v -0.593620 0.693429 -2.162952
v -0.917208 1.064963 -2.457891
v -1.542332 1.064963 -2.290389
v -2.102802 1.064963 -1.966802
v -2.560424 1.064963 -1.509179
v -2.884011 1.064964 -0.948709
v -3.051512 1.064964 -0.323586
v -3.051512 1.064964 0.323589
v -2.884010 1.064964 0.948712
v -2.560422 1.064964 1.509183
v -2.102800 1.064964 1.966805
v -1.542330 1.064964 2.290392
v -0.917206 1.064964 2.457893
v -0.270031 1.064964 2.457893
v 0.355092 1.064964 2.290391
v 0.915562 1.064964 1.966804
v 1.373184 1.064964 1.509181
v 1.696771 1.064964 0.948711
v 1.864272 1.064964 0.323588
v 1.864273 1.064964 -0.323587
v 1.696771 1.064964 -0.948710
v 1.373183 1.064963 -1.509180
v 0.915561 1.064963 -1.966802
v 0.355091 1.064963 -2.290390
v -0.270032 1.064963 -2.457892
v -0.033806 0.693429 -2.089252
v 0.487857 0.693429 -1.873172
v 0.935819 0.693429 -1.529438
v 1.279553 0.693429 -1.081476
v 1.495633 0.693429 -0.559813
v 1.569334 0.693430 0.000001
v 1.495632 0.693430 0.559814
v 1.279553 0.693430 1.081477
v 0.935820 0.693430 1.529439
v 0.487857 0.693430 1.873173
v -0.033805 0.693430 2.089253
v -0.593619 0.693430 2.162954
v -1.153432 0.693430 2.089254
v -1.675096 0.693430 1.873174
v -2.123058 0.693430 1.529441
v -2.466792 0.693430 1.081478
v -2.682872 0.693430 0.559815
v -2.756573 0.693430 0.000002
v -2.682872 0.693429 -0.559812
v -2.466793 0.693429 -1.081475
v -2.123060 0.693429 -1.529437
v -1.675098 0.693429 -1.873171
v -1.153435 0.693429 -2.089251
v -0.593620 0.256095 -1.778245
v -0.344304 0.422663 -1.893744
v 0.137338 0.422663 -1.764688
v 0.569167 0.422663 -1.515372
v 0.921753 0.422663 -1.162786
v 1.171070 0.422663 -0.730957
v 1.300125 0.422663 -0.249315
v 1.300125 0.422663 0.249317
v 1.171070 0.422663 0.730959
v 0.921754 0.422663 1.162787
v 0.569167 0.422663 1.515374
v 0.137339 0.422663 1.764690
v -0.344303 0.422663 1.893746
v -0.842935 0.422663 1.893746
v -1.324577 0.422663 1.764690
v -1.756406 0.422663 1.515375
v -2.108992 0.422663 1.162788
v -2.358309 0.422663 0.730960
v -2.487364 0.422663 0.249318
v -2.487365 0.422663 -0.249314
v -2.358309 0.422663 -0.730956
v -2.108993 0.422663 -1.162785
v -1.756407 0.422663 -1.515371
v -1.324579 0.422663 -1.764688
v -0.842937 0.422663 -1.893743
v -0.296765 5.298093 -2.254835
v 0.276714 5.298093 -2.101172
v 0.790881 5.298093 -1.804317
v 1.210698 5.298093 -1.384501
v 1.507552 5.298093 -0.870334
v 1.661215 5.298093 -0.296855
v 1.661215 5.298094 0.296854
v 1.507552 5.298094 0.870334
v 1.210698 5.298094 1.384501
v 0.790882 5.298094 1.804317
v 0.276715 5.298094 2.101171
v -0.296764 5.298094 2.254835
v -0.890473 5.298094 2.254836
v -1.463953 5.298094 2.101172
v -1.978120 5.298094 1.804318
v -2.397936 5.298094 1.384502
v -2.694791 5.298094 0.870335
v -2.848454 5.298094 0.296856
v -2.848455 5.298093 -0.296854
v -2.694792 5.298093 -0.870333
v -2.397938 5.298093 -1.384500
v -1.978122 5.298093 -1.804316
v -1.463955 5.298093 -2.101171
v -0.890475 5.298093 -2.254835
v -0.593620 5.323827 -2.362468
v 0.017832 5.323827 -2.281969
v 0.587614 5.323827 -2.045957
v 1.076897 5.323827 -1.670517
v 1.452338 5.323827 -1.181234
v 1.688349 5.323827 -0.611452
v 1.768849 5.323827 -0.000000
v 1.688350 5.323827 0.611452
v 1.452338 5.323827 1.181234
v 1.076898 5.323827 1.670517
v 0.587615 5.323827 2.045957
v 0.017833 5.323827 2.281969
v -0.593619 5.323827 2.362468
v -1.205071 5.323827 2.281969
v -1.774853 5.323827 2.045958
v -2.264136 5.323827 1.670518
v -2.639576 5.323827 1.181235
v -2.875588 5.323827 0.611453
v -2.956088 5.323827 0.000001
v -2.875589 5.323827 -0.611451
v -2.639578 5.323827 -1.181233
v -2.264138 5.323827 -1.670516
v -1.774855 5.323827 -2.045957
v -1.205073 5.323827 -2.281968
v -0.312636 5.233418 -2.134283
v 0.230183 5.233418 -1.988835
v 0.716861 5.233425 -1.707851
v 1.114232 5.233585 -1.310480
v 1.395215 5.234012 -0.823802
v 1.540663 5.234102 -0.280984
v 1.540663 5.233559 0.280984
v 1.395216 5.227988 0.823802
v 1.114232 5.226086 1.310480
v 0.716861 5.227617 1.707851
v 0.230183 5.228328 1.988835
v -0.312635 5.232067 2.134283
v -0.874603 5.233368 2.134283
v -1.417421 5.233419 1.988835
v -1.904099 5.233400 1.707852
v -2.301471 5.232988 1.310481
v -2.582454 5.232743 0.823803
v -2.727902 5.232100 0.280985
v -2.727903 5.232316 -0.280983
v -2.582455 5.233371 -0.823801
v -2.301472 5.233419 -1.310480
v -1.904101 5.233418 -1.707851
v -1.417424 5.233418 -1.988834
v -0.874604 5.233418 -2.134282
v -1.707210 5.241109 1.928797
v -2.168474 5.241090 1.574856
v 1.557673 5.240902 0.576437
v 1.335177 5.240086 1.113591
v -1.707212 5.241108 -1.928795
v -1.170058 5.241108 -2.151292
v -0.593620 5.241108 -2.227182
v -0.017183 5.241108 -2.151292
v -2.522415 5.241026 1.113592
v 0.981236 5.240411 1.574855
v 0.519971 5.241108 -1.928796
v -2.744912 5.241007 0.576438
v 0.519972 5.240318 1.928796
v 0.981236 5.241115 -1.574855
v -2.820801 5.240909 0.000001
v -0.017182 5.240736 2.151292
v 1.335176 5.241153 -1.113591
v -2.744912 5.241061 -0.576436
v -0.593619 5.241057 2.227182
v 1.557673 5.241201 -0.576437
v -2.522417 5.241108 -1.113590
v -1.170056 5.241109 2.151293
v 1.633562 5.241174 -0.000000
v -2.168476 5.241108 -1.574854
v -0.365422 5.465176 -1.733336
v 0.075423 5.462041 -1.615212
v 0.470673 5.463328 -1.387014
v 0.793394 5.471733 -1.064293
v 1.021592 5.478406 -0.669043
v 1.139716 5.480242 -0.228198
v 1.139716 5.476494 0.228198
v 1.021592 5.433626 0.669043
v 0.793394 5.409321 1.064293
v 0.470674 5.405482 1.387014
v 0.075423 5.414517 1.615212
v -0.365421 5.453457 1.733336
v -0.821817 5.470243 1.733336
v -1.262662 5.477508 1.615212
v -1.657912 5.477661 1.387015
v -1.980633 5.469168 1.064294
v -2.208831 5.457068 0.669043
v -2.326955 5.450553 0.228199
v -2.326955 5.458587 -0.228197
v -2.208832 5.468850 -0.669042
v -1.980634 5.467762 -1.064292
v -1.657914 5.466564 -1.387013
v -1.262664 5.469504 -1.615211
v -0.821818 5.468844 -1.733336
v 0.809041 5.336805 -1.402661
v 1.124282 5.338797 -0.991831
v -2.577282 5.331222 0.000001
v -2.509691 5.335572 -0.513409
v -0.080209 5.325847 1.916071
v -0.593619 5.335429 1.983662
v 1.322451 5.340015 -0.513410
v -2.311522 5.337109 -0.991830
v -1.107029 5.337637 1.916071
v 1.390043 5.339686 -0.000000
v -1.996282 5.336601 -1.402660
v -1.585450 5.338286 1.717902
v 1.322451 5.332152 0.513409
v -1.585452 5.336949 -1.717901
v -1.996280 5.337264 1.402662
v 1.124282 5.310317 0.991831
v -1.107030 5.337065 -1.916070
v -0.593620 5.336811 -1.983662
v -0.080210 5.336262 -1.916071
v -2.311521 5.334758 0.991832
v 0.809042 5.316743 1.402661
v 0.398211 5.336150 -1.717902
v -2.509690 5.332946 0.513410
v 0.398212 5.313470 1.717902
v -0.435015 0.135966 -1.204721
v -0.128614 0.135966 -1.122621
v 0.146097 0.135967 -0.964017
v 0.370398 0.135967 -0.739716
v 0.529002 0.135967 -0.465004
v 0.611102 0.135967 -0.158604
v 0.611102 0.135967 0.158606
v 0.529002 0.135967 0.465006
v 0.370398 0.135967 0.739718
v 0.146097 0.135967 0.964018
v -0.128614 0.135967 1.122623
v -0.435015 0.135967 1.204723
v -0.752224 0.135967 1.204723
v -1.058625 0.135967 1.122623
v -1.333336 0.135967 0.964019
v -1.557637 0.135967 0.739718
v -1.716242 0.135967 0.465007
v -1.798342 0.135967 0.158606
v -1.798342 0.135967 -0.158603
v -1.716242 0.135966 -0.465004
v -1.557638 0.135966 -0.739715
v -1.333337 0.135966 -0.964016
v -1.058626 0.135966 -1.122621
v -0.752225 0.135966 -1.204721
v -0.171329 0.140403 -1.576009
v -0.593620 0.140403 -1.631604
v 0.222183 0.140403 -1.413011
v 0.560100 0.140403 -1.153718
v 0.819392 0.140403 -0.815802
v 0.982390 0.140403 -0.422290
v 1.037986 0.140403 0.000001
v 0.982390 0.140403 0.422291
v 0.819392 0.140403 0.815804
v 0.560100 0.140403 1.153720
v 0.222183 0.140403 1.413013
v -0.171329 0.140403 1.576011
v -0.593619 0.140403 1.631607
v -1.015910 0.140403 1.576011
v -1.409422 0.140403 1.413013
v -1.747338 0.140403 1.153721
v -2.006631 0.140403 0.815804
v -2.169630 0.140403 0.422292
v -2.225226 0.140403 0.000002
v -2.169630 0.140403 -0.422289
v -2.006632 0.140403 -0.815801
v -1.747340 0.140402 -1.153718
v -1.409424 0.140402 -1.413010
v -1.015911 0.140402 -1.576009
v -0.433820 5.531938 -1.213802
v -0.125109 5.514122 -1.131084
v 0.151672 5.523036 -0.971284
v 0.377664 5.559124 -0.745292
v 0.537464 5.583814 -0.468510
v 0.620183 5.597029 -0.159800
v 0.620183 5.591034 0.159800
v 0.537464 5.502774 0.468510
v 0.377664 5.431824 0.745292
v 0.151673 5.392325 0.971284
v -0.125109 5.421503 1.131084
v -0.433819 5.528062 1.213803
v -0.753419 5.578119 1.213803
v -1.062129 5.611098 1.131084
v -1.338911 5.608025 0.971284
v -1.564903 5.570429 0.745293
v -1.724703 5.522753 0.468511
v -1.807422 5.500465 0.159801
v -1.807422 5.520005 -0.159799
v -1.724704 5.548150 -0.468510
v -1.564904 5.556600 -0.745292
v -1.338913 5.545579 -0.971283
v -1.062131 5.555218 -1.131083
v -0.753420 5.554711 -1.213802
v 0.151874 5.396694 1.291233
v -0.207723 5.470270 1.440183
v 0.460668 5.528404 -1.054287
v 0.697614 5.555159 -0.745494
v -2.084607 5.504189 0.000001
v -2.033803 5.526459 -0.385895
v -0.593619 5.528956 1.490988
v 0.846564 5.559912 -0.385896
v -1.884853 5.539524 -0.745493
v -0.979515 5.553688 1.440184
v 0.897368 5.566561 -0.000000
v -1.647908 5.528381 -1.054287
v -1.339113 5.569380 1.291234
v 0.846564 5.530982 0.385896
v -1.339114 5.535137 -1.291233
v -1.647907 5.553500 1.054288
v 0.697614 5.441566 0.745494
v -0.979517 5.538504 -1.440183
v -0.593620 5.531991 -1.490987
v -0.207724 5.518468 -1.440183
v -1.884853 5.527932 0.745494
v 0.460668 5.424280 1.054287
v 0.151874 5.515679 -1.291233
v -2.033803 5.495308 0.385897
v -0.502786 5.522823 -0.689948
v -0.327310 5.488177 -0.642929
v -0.169982 5.501083 -0.552096
v -0.041524 5.529992 -0.423638
v 0.049310 5.557195 -0.266310
v 0.096329 5.585089 -0.090833
v 0.096329 5.590200 0.090834
v 0.049310 5.579780 0.266310
v -0.041524 5.552203 0.423638
v -0.169981 5.538362 0.552096
v -0.327309 5.562079 0.642930
v -0.502786 5.612766 0.689948
v -0.684453 5.634877 0.689949
v -0.859930 5.663127 0.642930
v -1.017258 5.646670 0.552096
v -1.145715 5.598901 0.423639
v -1.236549 5.568373 0.266311
v -1.283568 5.538284 0.090834
v -1.283568 5.510417 -0.090833
v -1.236549 5.518158 -0.266310
v -1.145716 5.571345 -0.423638
v -1.017258 5.549325 -0.552095
v -0.859930 5.544955 -0.642929
v -0.684453 5.560259 -0.689948
v 0.081461 5.532614 -0.675081
v 0.233182 5.564813 -0.477354
v -1.548328 5.518652 0.000001
v -1.515798 5.513360 -0.247096
v -0.346523 5.530084 0.922178
v -0.593619 5.600799 0.954709
v 0.328558 5.590077 -0.247097
v -1.420422 5.563247 -0.477354
v -0.840716 5.624513 0.922178
v 0.361089 5.608112 0.000000
v -1.268701 5.564828 -0.675081
v -1.070974 5.657778 0.826803
v 0.328558 5.577545 0.247097
v -1.070975 5.544375 -0.826802
v -1.268700 5.604882 0.675082
v 0.233182 5.506403 0.477354
v -0.840717 5.563685 -0.922177
v -0.593620 5.542972 -0.954708
v -0.346523 5.508838 -0.922178
v -1.420422 5.573346 0.477355
v 0.081462 5.471512 0.675081
v -0.116265 5.500138 -0.826802
v -1.515798 5.523021 0.247097
v -0.116265 5.452887 0.826802
v -0.557048 5.541398 -0.277788
v -0.486397 5.491646 -0.258858
v -0.423053 5.479166 -0.222286
v -0.371333 5.491210 -0.170566
v -0.334762 5.515382 -0.107222
v -0.315831 5.511967 -0.036571
v -0.315831 5.527021 0.036572
v -0.334762 5.576225 0.107223
v -0.371333 5.565921 0.170566
v -0.423053 5.568519 0.222286
v -0.486397 5.583788 0.258858
v -0.557048 5.587008 0.277789
v -0.630191 5.593140 0.277789
v -0.700842 5.608206 0.258858
v -0.764186 5.600631 0.222287
v -0.815906 5.583672 0.170567
v -0.852477 5.548234 0.107223
v -0.871408 5.530815 0.036572
v -0.871408 5.531686 -0.036571
v -0.852478 5.491994 -0.107222
v -0.815906 5.507251 -0.170566
v -0.764186 5.518465 -0.222286
v -0.700842 5.521421 -0.258857
v -0.630191 5.555313 -0.277788
v -0.825641 5.655685 0.401874
v -0.921748 5.604851 0.328129
v -0.145388 5.579002 0.120104
v -0.191746 5.590162 0.232022
v -0.825642 5.523866 -0.401873
v -0.713723 5.553568 -0.448231
v -0.593620 5.554971 -0.464043
v -0.473516 5.508638 -0.448231
v -0.995493 5.593602 0.232022
v -0.265491 5.567016 0.328129
v -0.361598 5.480855 -0.401873
v -1.041851 5.542074 0.120104
v -0.361598 5.588055 0.401874
v -0.265491 5.501168 -0.328128
v -1.057663 5.543143 0.000000
v -0.473516 5.600038 0.448232
v -0.191746 5.517634 -0.232022
v -1.041852 5.501200 -0.120103
v -0.593620 5.625831 0.464044
v -0.145388 5.549113 -0.120103
v -0.995493 5.521637 -0.232021
v -0.713723 5.628008 0.448232
v -0.129576 5.548148 0.000000
v -0.921748 5.550601 -0.328128
v -0.555505 5.504616 -0.142247
v -0.489487 5.477626 -0.104132
v -0.466084 5.488579 -0.073632
v -0.740885 5.520492 0.000000
v -0.735867 5.500184 -0.038115
v -0.555505 5.543741 0.142248
v -0.593620 5.547970 0.147266
v -0.451372 5.498551 -0.038115
v -0.721155 5.479997 -0.073632
v -0.631735 5.550332 0.142248
v -0.446354 5.488173 0.000000
v -0.697752 5.497133 -0.104132
v -0.667252 5.559684 0.127536
v -0.451372 5.524710 0.038115
v -0.667252 5.499514 -0.127535
v -0.697752 5.546734 0.104133
v -0.466084 5.541621 0.073633
v -0.631735 5.515767 -0.142247
v -0.593620 5.532669 -0.147265
v -0.721155 5.540044 0.073633
v -0.489487 5.530708 0.104133
v -0.519987 5.478613 -0.127535
v -0.735867 5.506378 0.038115
v -0.519987 5.546135 0.127536
v -0.236986 4.744498 -2.708904
v 0.451978 4.744498 -2.524297
v 1.069687 4.744498 -2.167663
v 1.574043 4.744498 -1.663306
v 1.930678 4.744499 -1.045598
v 2.115285 4.744499 -0.356634
v 2.115285 4.744499 0.356634
v 1.930678 4.744499 1.045598
v 1.574044 4.744499 1.663306
v 1.069687 4.744499 2.167663
v 0.451979 4.744499 2.524297
v -0.236985 4.744499 2.708904
v -0.950253 4.744499 2.708905
v -1.639217 4.744499 2.524298
v -2.256925 4.744499 2.167664
v -2.761282 4.744499 1.663308
v -3.117917 4.744499 1.045599
v -3.302524 4.744499 0.356635
v -3.302524 4.744499 -0.356633
v -3.117918 4.744499 -1.045597
v -2.761284 4.744498 -1.663305
v -2.256928 4.744498 -2.167662
v 0.960756 5.260894 -2.025702
v -1.639220 4.744498 -2.524297
v -0.950255 4.744498 -2.708904
v -0.593620 0.135970 0.000001
v -1.011464 2.624144 -3.173832
v -1.818676 2.624144 -2.957540
v -2.542400 2.624144 -2.539697
v -3.133320 2.624144 -1.948777
v -3.551162 2.624144 -1.225052
v -3.767453 2.624144 -0.417841
v -3.767453 2.624144 0.417845
v -3.551161 2.624144 1.225055
v -3.133317 2.624144 1.948780
v -2.542398 2.624145 2.539700
v -1.818672 2.624145 2.957542
v -1.011461 2.624145 3.173833
v -0.175776 2.624145 3.173833
v 0.631435 2.624145 2.957541
v 1.355160 2.624145 2.539698
v 1.946079 2.624144 1.948779
v 2.363922 2.624144 1.225054
v 2.580213 2.624144 0.417843
v 2.580213 2.624144 -0.417843
v 2.363922 2.624144 -1.225053
v 1.946079 2.624144 -1.948778
v 1.355159 2.624144 -2.539698
v 0.631434 2.624144 -2.957541
v -0.175777 2.624144 -3.173833
v -1.020909 3.656078 -3.245578
v -1.846369 3.656078 -3.024397
v -2.586453 3.656078 -2.597108
v -3.190730 3.656078 -1.992830
v -3.618018 3.656078 -1.252745
v -3.839199 3.656078 -0.427287
v -3.839198 3.656078 0.427290
v -3.618017 3.656079 1.252748
v -3.190728 3.656079 1.992833
v -2.586451 3.656079 2.597110
v -1.846365 3.656079 3.024398
v -1.020907 3.656079 3.245579
v -0.166330 3.656079 3.245579
v 0.659128 3.656079 3.024397
v 1.399213 3.656079 2.597109
v 2.003490 3.656079 1.992832
v 2.430778 3.656079 1.252746
v 2.651959 3.656078 0.427288
v 2.651959 3.656078 -0.427288
v 2.430778 3.656078 -1.252746
v 2.003489 3.656078 -1.992832
v 1.399212 3.656078 -2.597109
v 0.659127 3.656078 -3.024398
v -0.166331 3.656078 -3.245579
v -0.996492 4.332343 -3.060111
v -1.774781 4.332343 -2.851569
v -2.472574 4.332343 -2.448697
v -3.042319 4.332343 -1.878951
v -3.445190 4.332343 -1.181157
v -3.653731 4.332343 -0.402870
v -3.653731 4.332343 0.402873
v -3.445189 4.332344 1.181160
v -3.042317 4.332344 1.878954
v -2.472571 4.332344 2.448700
v -1.774777 4.332344 2.851570
v -0.996490 4.332344 3.060111
v -0.190747 4.332344 3.060111
v 0.587540 4.332344 2.851570
v 1.285333 4.332344 2.448698
v 1.855079 4.332344 1.878952
v 2.257950 4.332344 1.181158
v 2.466491 4.332343 0.402871
v 2.466491 4.332343 -0.402871
v 2.257950 4.332343 -1.181159
v 1.855078 4.332343 -1.878952
v 1.285333 4.332343 -2.448698
v 0.587539 4.332343 -2.851569
v -0.190749 4.332343 -3.060111
v -1.949424 5.241106 1.766921
v 1.765361 5.260895 0.977121
v -0.260342 5.260894 -2.531497
v -0.926897 5.260895 2.531497
v -3.125117 5.260895 0.333279
v -1.570743 5.260894 -2.358979
v 1.937877 5.260895 -0.333278
v 0.383503 5.260895 2.358980
v -2.619321 5.260895 1.554377
v -2.619323 5.260895 -1.554375
v 1.432082 5.260895 -1.554376
v 1.432083 5.260895 1.554376
v -1.570740 5.260895 2.358981
v -3.125117 5.260895 -0.333277
v -0.926899 5.260894 -2.531497
v 0.383502 5.260894 -2.358980
v 1.937877 5.260895 0.333278
v -0.260341 5.260895 2.531497
v -2.952599 5.260895 0.977123
v -2.147997 5.260894 -2.025701
v 1.765360 5.260895 -0.977122
v 0.960757 5.260895 2.025702
v -2.147995 5.260895 2.025703
v -2.952600 5.260895 -0.977120
v -2.966622 4.991061 -0.982928
v -3.018027 5.129672 -1.004221
v -2.157234 4.991061 2.037744
v -2.191106 5.129673 2.081886
v 0.969996 4.991061 2.037743
v 1.003868 5.129673 2.081885
v 1.779383 4.991061 -0.982930
v 1.830787 5.129672 -1.004222
v -2.157237 4.991061 -2.037742
v -2.191108 5.129672 -2.081884
v -2.966622 4.991061 0.982931
v -3.018026 5.129673 1.004223
v -0.258360 4.991061 2.546545
v -0.251097 5.129673 2.601709
v 1.952925 4.991061 0.335259
v 2.008089 5.129672 0.342521
v 0.389310 4.991061 -2.373002
v 0.410603 5.129672 -2.424407
v -0.928880 4.991061 -2.546545
v -0.936142 5.129672 -2.601708
v -3.140165 4.991061 -0.335258
v -3.195329 5.129672 -0.342520
v -1.576549 4.991061 2.373003
v -1.597841 5.129673 2.424407
v 1.444124 4.991061 1.563615
v 1.488266 5.129673 1.597487
v 1.444124 4.991061 -1.563615
v 1.488266 5.129672 -1.597487
v -2.631364 4.991061 -1.563614
v -2.675506 5.129672 -1.597486
v -2.631362 4.991061 1.563617
v -2.675504 5.129673 1.597488
v 0.389311 4.991061 2.373002
v 0.410603 5.129673 2.424406
v 1.952926 4.991061 -0.335259
v 2.008089 5.129672 -0.342522
v -1.576551 4.991061 -2.373002
v -1.597844 5.129672 -2.424406
v -3.140165 4.991061 0.335260
v -3.195328 5.129672 0.342523
v -0.928878 4.991061 2.546546
v -0.936140 5.129673 2.601709
v -0.258361 4.991061 -2.546545
v -0.251098 5.129672 -2.601709
v 1.779383 4.991061 0.982930
v 1.830787 5.129673 1.004222
v 0.969996 4.991061 -2.037743
v 1.003867 5.129672 -2.081885
v -0.230360 1.525392 -2.759230
v 0.471404 1.525392 -2.571193
v 1.100588 1.525392 -2.207934
v 1.614315 1.525392 -1.694207
v 1.977574 1.525392 -1.065023
v 2.165611 1.525393 -0.363259
v 2.165611 1.525393 0.363260
v 1.977574 1.525393 1.065024
v 1.614315 1.525393 1.694208
v 1.100588 1.525393 2.207934
v 0.471404 1.525393 2.571194
v -0.230359 1.525393 2.759231
v -0.956878 1.525393 2.759231
v -1.658642 1.525393 2.571195
v -2.287826 1.525393 2.207936
v -2.801553 1.525393 1.694209
v -3.164813 1.525393 1.065025
v -3.352851 1.525393 0.363261
v -3.352851 1.525393 -0.363258
v -3.164814 1.525392 -1.065021
v -2.801555 1.525392 -1.694206
v -2.287829 1.525392 -2.207933
v -1.658645 1.525392 -2.571192
v -0.956880 1.525392 -2.759230
v -0.875939 0.693429 -2.144421
v -1.421337 0.693429 -1.998282
v -1.910327 0.693429 -1.715963
v -2.309586 0.693429 -1.316704
v -2.591904 0.693429 -0.827714
v -2.738042 0.693430 -0.282317
v -2.738042 0.693430 0.282320
v -2.591903 0.693430 0.827718
v -2.309584 0.693430 1.316708
v -1.910325 0.693430 1.715967
v -1.421335 0.693430 1.998284
v -0.875937 0.693430 2.144423
v -0.311300 0.693430 2.144423
v 0.234097 0.693430 1.998284
v 0.723087 0.693430 1.715965
v 1.122346 0.693430 1.316707
v 1.404664 0.693430 0.827717
v 1.550803 0.693430 0.282319
v 1.550802 0.693430 -0.282318
v 1.404663 0.693429 -0.827715
v 1.122345 0.693429 -1.316705
v 0.723086 0.693429 -1.715964
v 0.234096 0.693429 -1.998283
v -0.311301 0.693429 -2.144422
v -0.361515 0.256095 -1.763010
v 0.086877 0.256095 -1.642864
v 0.488894 0.256095 -1.410759
v 0.817140 0.256095 -1.082513
v 1.049245 0.256095 -0.680496
v 1.169391 0.256095 -0.232104
v 1.169392 0.256095 0.232106
v 1.049245 0.256095 0.680498
v 0.817140 0.256095 1.082515
v 0.488895 0.256095 1.410761
v 0.086878 0.256095 1.642866
v -0.361514 0.256095 1.763012
v -0.825724 0.256095 1.763012
v -1.274116 0.256095 1.642866
v -1.676133 0.256095 1.410761
v -2.004379 0.256095 1.082516
v -2.236484 0.256095 0.680498
v -2.356631 0.256095 0.232107
v -2.356631 0.256095 -0.232103
v -2.236485 0.256095 -0.680495
v -2.004380 0.256095 -1.082512
v -1.676135 0.256095 -1.410758
v -1.274118 0.256095 -1.642863
v -0.825725 0.256095 -1.763010
v -0.285260 5.323827 -2.342228
v 0.310446 5.323827 -2.182609
v 0.844542 5.323827 -1.874248
v 1.280629 5.323827 -1.438161
v 1.588989 5.323827 -0.904066
v 1.748608 5.323827 -0.308360
v 1.748608 5.323827 0.308360
v 1.588989 5.323827 0.904066
v 1.280629 5.323827 1.438161
v 0.844542 5.323827 1.874248
v 0.310447 5.323827 2.182609
v -0.285259 5.323827 2.342227
v -0.901979 5.323827 2.342228
v -1.497685 5.323827 2.182609
v -2.031780 5.323827 1.874249
v -2.467867 5.323827 1.438162
v -2.776228 5.323827 0.904067
v -2.935847 5.323827 0.308361
v -2.935847 5.323827 -0.308359
v -2.776229 5.323827 -0.904065
v -2.467869 5.323827 -1.438160
v -2.031782 5.323827 -1.874247
v -1.497687 5.323827 -2.182608
v -0.901981 5.323827 -2.342227
v 0.980106 5.337743 -1.207562
v 1.464003 5.240430 0.852295
v -1.445916 5.241108 -2.057621
v -0.302918 5.241108 -2.208100
v -2.360539 5.241055 1.355806
v 1.173301 5.240192 1.355805
v -0.884323 5.241108 -2.208100
v 0.258675 5.241108 -2.057622
v -2.651242 5.241024 0.852296
v 0.762186 5.240384 1.766920
v 0.762186 5.241109 -1.766920
v -2.801720 5.240944 0.290703
v 0.258676 5.240472 2.057622
v 1.173300 5.241129 -1.355805
v -2.801720 5.240971 -0.290701
v -0.302917 5.240940 2.208101
v 1.464003 5.241183 -0.852295
v -2.651242 5.241102 -0.852294
v -0.884321 5.241102 2.208101
v 1.614481 5.241194 -0.290702
v -2.360540 5.241108 -1.355804
v -1.445914 5.241109 2.057623
v 1.614481 5.241126 0.290702
v -1.949426 5.241108 -1.766919
v -0.023050 5.425237 1.377476
v -2.560287 5.333087 -0.258916
v -0.334702 5.331853 1.966668
v 1.239023 5.339592 -0.759105
v -2.426262 5.336875 -0.759104
v -0.852536 5.337040 1.966668
v 1.373048 5.340036 -0.258917
v -2.167346 5.336851 -1.207561
v -1.352724 5.338070 1.832643
v 1.373048 5.338276 0.258917
v -1.801183 5.336701 -1.573725
v -1.801181 5.338046 1.573726
v 1.239023 5.319686 0.759105
v -1.352726 5.337069 -1.832642
v -0.334703 5.336528 -1.966667
v -2.167345 5.336004 1.207563
v 0.980106 5.312132 1.207562
v -0.852537 5.336987 -1.966667
v 0.165486 5.336136 -1.832642
v -2.426262 5.333909 0.759106
v 0.613943 5.315286 1.573725
v 0.613943 5.336312 -1.573725
v -2.560287 5.331570 0.258918
v 0.165486 5.318105 1.832642
v -0.382332 0.140402 -1.604885
v 0.025843 0.140402 -1.495515
v 0.391804 0.140402 -1.284228
v 0.690609 0.140403 -0.985422
v 0.901896 0.140403 -0.619462
v 1.011267 0.140403 -0.211286
v 1.011267 0.140403 0.211288
v 0.901896 0.140403 0.619464
v 0.690609 0.140403 0.985424
v 0.391804 0.140403 1.284229
v 0.025844 0.140403 1.495517
v -0.382332 0.140403 1.604887
v -0.804906 0.140403 1.604888
v -1.213082 0.140403 1.495517
v -1.579042 0.140403 1.284230
v -1.877848 0.140403 0.985425
v -2.089135 0.140403 0.619465
v -2.198506 0.140403 0.211289
v -2.198506 0.140403 -0.211286
v -2.089136 0.140403 -0.619461
v -1.877849 0.140403 -0.985422
v -1.579044 0.140402 -1.284227
v -1.213084 0.140402 -1.495515
v -0.804908 0.140402 -1.604885
v 0.163792 5.550060 -0.581183
v 0.589246 5.542839 -0.907644
v -2.071833 5.515294 -0.194610
v -0.399009 5.505797 1.478214
v 0.783856 5.558893 -0.570569
v -1.971096 5.536065 -0.570568
v -0.788230 5.543146 1.478214
v 0.884594 5.564293 -0.194611
v -1.776486 5.534217 -0.907644
v -1.164188 5.564176 1.377476
v 0.884594 5.558313 0.194610
v -1.501265 5.529993 -1.182865
v -1.501264 5.564279 1.182866
v 0.783856 5.483076 0.570569
v -1.164190 5.538180 -1.377475
v -0.399009 5.524992 -1.478213
v -1.776485 5.542194 0.907645
v 0.589246 5.429314 0.907644
v -0.788231 5.536550 -1.478213
v -0.023051 5.515321 -1.377476
v -1.971095 5.509151 0.570570
v 0.314025 5.404932 1.182865
v 0.314025 5.519446 -1.182865
v -2.071833 5.495227 0.194611
v -0.876276 5.632965 0.368366
v -1.540149 5.512034 -0.124612
v -0.469006 5.572427 0.946530
v 0.288405 5.577624 -0.365347
v -1.475645 5.536682 -0.365346
v -0.718232 5.612947 0.946530
v 0.352910 5.602344 -0.124613
v -1.351032 5.571917 -0.581182
v -0.958966 5.647038 0.882025
v 0.352910 5.600586 0.124613
v -1.174803 5.551082 -0.757411
v -1.174802 5.636198 0.757413
v 0.288405 5.541132 0.365347
v -0.958967 5.553581 -0.882025
v -0.469007 5.524734 -0.946529
v -1.351031 5.588049 0.581183
v 0.163792 5.486187 0.581183
v -0.718233 5.558744 -0.946529
v -0.228273 5.499252 -0.882025
v -1.475645 5.546612 0.365347
v -0.012437 5.454429 0.757412
v -0.012437 5.513514 -0.757412
v -1.540149 5.518000 0.124614
v -0.228273 5.483306 0.882025
v -0.457783 5.482755 -0.104231
v -0.164649 5.590968 0.177686
v -0.771306 5.534362 -0.428970
v -0.533014 5.534329 -0.460342
v -0.961985 5.599040 0.282657
v -0.225254 5.576919 0.282657
v -0.654225 5.562035 -0.460342
v -0.415934 5.488493 -0.428971
v -1.022590 5.567051 0.177686
v -0.310963 5.574827 0.368366
v -0.310963 5.488651 -0.368365
v -1.053962 5.541847 0.060606
v -0.415934 5.594127 0.428971
v -0.225254 5.508497 -0.282657
v -1.053962 5.522818 -0.060605
v -0.533014 5.614433 0.460343
v -0.164649 5.535236 -0.177685
v -1.022591 5.502947 -0.177685
v -0.654225 5.625351 0.460343
v -0.133277 5.548946 -0.060605
v -0.961985 5.542835 -0.282656
v -0.771305 5.646783 0.428971
v -0.133277 5.560830 0.060605
v -0.876277 5.536657 -0.368365
v -0.763374 5.522133 -0.022348
v -0.571271 5.555058 0.169754
v -0.435434 5.500722 -0.065522
v -0.751805 5.485802 -0.065522
v -0.615968 5.558840 0.169754
v -0.423866 5.493295 -0.022348
v -0.729457 5.489462 -0.104231
v -0.659142 5.568750 0.158186
v -0.423866 5.506393 0.022349
v -0.697851 5.503571 -0.135837
v -0.697851 5.564932 0.135837
v -0.435434 5.549526 0.065523
v -0.659142 5.508334 -0.158185
v -0.571271 5.529602 -0.169754
v -0.729457 5.556334 0.104232
v -0.457783 5.542886 0.104232
v -0.615968 5.536360 -0.169754
v -0.528097 5.489574 -0.158185
v -0.751805 5.527242 0.065523
v -0.489388 5.545980 0.135837
v -0.489388 5.475511 -0.135837
v -0.763374 5.515789 0.022349
v -0.528097 5.556738 0.158186
vt 0.397276 0.207862
vt 0.426660 0.210108
vt 0.426660 0.230571
vt 0.397276 0.227250
vt 0.397276 0.187779
vt 0.426660 0.188912
vt 0.455161 0.211166
vt 0.455161 0.232136
vt 0.426660 0.249954
vt 0.397276 0.245615
vt 0.369955 0.204522
vt 0.369955 0.222312
vt 0.397276 0.167347
vt 0.426660 0.167347
vt 0.455161 0.189445
vt 0.369955 0.186095
vt 0.479917 0.211074
vt 0.479917 0.232000
vt 0.455161 0.251999
vt 0.426660 0.267922
vt 0.397276 0.262639
vt 0.369955 0.239163
vt 0.346192 0.200462
vt 0.346192 0.216309
vt 0.397276 0.146916
vt 0.426660 0.145783
vt 0.455161 0.167347
vt 0.369955 0.167347
vt 0.479917 0.189399
vt 0.346192 0.184047
vt 0.499862 0.210119
vt 0.499862 0.230588
vt 0.479917 0.251822
vt 0.455161 0.270411
vt 0.426660 0.284171
vt 0.397276 0.278035
vt 0.369955 0.254784
vt 0.346192 0.231320
vt 0.327018 0.196239
vt 0.327018 0.210065
vt 0.397276 0.126833
vt 0.426660 0.124587
vt 0.455161 0.145249
vt 0.369955 0.148600
vt 0.479917 0.167347
vt 0.346192 0.167347
vt 0.499862 0.188917
vt 0.327018 0.181918
vt 0.514818 0.208576
vt 0.514818 0.228306
vt 0.499862 0.249976
vt 0.479917 0.270195
vt 0.455161 0.287062
vt 0.426660 0.298419
vt 0.397276 0.291534
vt 0.369955 0.268910
vt 0.346192 0.245235
vt 0.327018 0.223161
vt 0.313044 0.192861
vt 0.313044 0.205071
vt 0.397276 0.107445
vt 0.426660 0.104124
vt 0.455161 0.123529
vt 0.369955 0.130173
vt 0.479917 0.145295
vt 0.346192 0.150647
vt 0.499862 0.167347
vt 0.327018 0.167347
vt 0.514818 0.188139
vt 0.313044 0.180214
vt 0.526372 0.206431
vt 0.526372 0.225135
vt 0.514818 0.246994
vt 0.499862 0.267948
vt 0.479917 0.286812
vt 0.455161 0.301663
vt 0.426660 0.310427
vt 0.397276 0.302911
vt 0.369955 0.281297
vt 0.346192 0.257818
vt 0.327018 0.235301
vt 0.313044 0.216637
vt 0.304448 0.191100
vt 0.304448 0.202467
vt 0.397276 0.089080
vt 0.426660 0.084741
vt 0.455161 0.102559
vt 0.369955 0.112383
vt 0.479917 0.123620
vt 0.346192 0.134233
vt 0.499862 0.145777
vt 0.327018 0.152777
vt 0.514818 0.167347
vt 0.313044 0.167347
vt 0.526372 0.187058
vt 0.304448 0.179326
vt 0.536089 0.203844
vt 0.536089 0.221310
vt 0.526372 0.242852
vt 0.514818 0.264318
vt 0.499862 0.284202
vt 0.479917 0.301381
vt 0.455161 0.313968
vt 0.369955 0.291736
vt 0.346192 0.268852
vt 0.327018 0.246280
vt 0.313044 0.227358
vt 0.304448 0.213234
vt 0.300080 0.190314
vt 0.300080 0.201305
vt 0.397276 0.072056
vt 0.426660 0.066773
vt 0.455161 0.082696
vt 0.369955 0.095532
vt 0.479917 0.102694
vt 0.346192 0.118385
vt 0.499862 0.124576
vt 0.327018 0.138456
vt 0.514818 0.146556
vt 0.313044 0.154480
vt 0.526372 0.167347
vt 0.304448 0.167347
vt 0.536089 0.185753
vt 0.300080 0.178930
vt 0.543695 0.201942
vt 0.543695 0.218497
vt 0.536089 0.237853
vt 0.526372 0.259275
vt 0.514818 0.279985
vt 0.499862 0.298453
vt 0.479917 0.313661
vt 0.327018 0.255907
vt 0.313044 0.237053
vt 0.304448 0.223215
vt 0.300080 0.211716
vt 0.397276 0.056660
vt 0.426660 0.050524
vt 0.455161 0.064284
vt 0.369955 0.079911
vt 0.479917 0.082873
vt 0.346192 0.103375
vt 0.499862 0.104107
vt 0.327018 0.124630
vt 0.514818 0.126119
vt 0.313044 0.141833
vt 0.526372 0.147637
vt 0.304448 0.155369
vt 0.536089 0.167347
vt 0.300080 0.167347
vt 0.543695 0.184794
vt 0.548814 0.201656
vt 0.548814 0.218075
vt 0.543695 0.234178
vt 0.536089 0.253189
vt 0.526372 0.274127
vt 0.514818 0.293722
vt 0.499862 0.310464
vt 0.304448 0.232241
vt 0.300080 0.221366
vt 0.397276 0.043161
vt 0.426660 0.036276
vt 0.455161 0.047632
vt 0.369955 0.065784
vt 0.479917 0.064499
vt 0.346192 0.089460
vt 0.499862 0.084719
vt 0.327018 0.111533
vt 0.514818 0.106389
vt 0.313044 0.129623
vt 0.526372 0.128263
vt 0.304448 0.143595
vt 0.536089 0.148942
vt 0.300080 0.155765
vt 0.543695 0.167347
vt 0.548814 0.184650
vt 0.552510 0.202161
vt 0.552510 0.218821
vt 0.548814 0.233628
vt 0.543695 0.248715
vt 0.536089 0.267058
vt 0.526372 0.287150
vt 0.514818 0.305300
vt 0.313044 0.245554
vt 0.304448 0.240155
vt 0.300080 0.230094
vt 0.397276 0.031784
vt 0.426660 0.024268
vt 0.455161 0.033032
vt 0.369955 0.053398
vt 0.479917 0.047883
vt 0.346192 0.076876
vt 0.499862 0.066747
vt 0.327018 0.099394
vt 0.514818 0.087700
vt 0.313044 0.118058
vt 0.526372 0.109559
vt 0.304448 0.132228
vt 0.536089 0.130851
vt 0.300080 0.144381
vt 0.543695 0.149901
vt 0.548814 0.167347
vt 0.552510 0.184904
vt 0.555968 0.202400
vt 0.555968 0.219174
vt 0.552510 0.234602
vt 0.548814 0.248044
vt 0.543695 0.261861
vt 0.300080 0.237746
vt 0.455161 0.020727
vt 0.369955 0.042959
vt 0.479917 0.033313
vt 0.346192 0.065843
vt 0.499862 0.050493
vt 0.327018 0.088415
vt 0.514818 0.070377
vt 0.313044 0.107337
vt 0.526372 0.091843
vt 0.304448 0.121461
vt 0.536089 0.113385
vt 0.300080 0.133390
vt 0.543695 0.132753
vt 0.548814 0.150045
vt 0.552510 0.167347
vt 0.555968 0.185025
vt 0.559426 0.202161
vt 0.559426 0.218821
vt 0.555968 0.235063
vt 0.552510 0.249231
vt 0.548814 0.261082
vt 0.479917 0.021034
vt 0.499862 0.036242
vt 0.327018 0.078788
vt 0.514818 0.054710
vt 0.313044 0.097642
vt 0.526372 0.075420
vt 0.304448 0.111480
vt 0.536089 0.096841
vt 0.300080 0.122979
vt 0.543695 0.116198
vt 0.548814 0.133038
vt 0.552510 0.149791
vt 0.555968 0.167347
vt 0.559426 0.184904
vt 0.562740 0.201454
vt 0.562740 0.217776
vt 0.559426 0.234602
vt 0.555968 0.249792
vt 0.552510 0.262460
vt 0.543695 0.273387
vt 0.548814 0.272513
vt 0.499862 0.024231
vt 0.514818 0.040973
vt 0.526372 0.060568
vt 0.304448 0.102454
vt 0.536089 0.081506
vt 0.300080 0.113328
vt 0.543695 0.100516
vt 0.548814 0.116619
vt 0.552510 0.132534
vt 0.555968 0.149670
vt 0.559426 0.167347
vt 0.562740 0.184547
vt 0.562740 0.233236
vt 0.559426 0.249231
vt 0.555968 0.263112
vt 0.552510 0.274060
vt 0.543695 0.283102
vt 0.548814 0.282148
vt 0.514818 0.029395
vt 0.526372 0.047545
vt 0.536089 0.067637
vt 0.304448 0.094540
vt 0.313044 0.089141
vt 0.300080 0.104601
vt 0.543695 0.085980
vt 0.548814 0.101067
vt 0.552510 0.115873
vt 0.555968 0.132295
vt 0.559426 0.149791
vt 0.562740 0.167347
vt 0.562740 0.247567
vt 0.559426 0.262460
vt 0.555968 0.274791
vt 0.543695 0.072834
vt 0.300080 0.096949
vt 0.548814 0.086651
vt 0.552510 0.100092
vt 0.555968 0.115520
vt 0.559426 0.132534
vt 0.562740 0.150147
vt 0.562740 0.260528
vt 0.559426 0.274060
vt 0.552510 0.283836
vt 0.555968 0.284635
vt 0.548814 0.073613
vt 0.552510 0.085464
vt 0.555968 0.099631
vt 0.559426 0.115873
vt 0.562740 0.133241
vt 0.562740 0.271892
vt 0.559426 0.283836
vt 0.543695 0.061307
vt 0.548814 0.062182
vt 0.552510 0.072234
vt 0.555968 0.084903
vt 0.559426 0.100092
vt 0.562740 0.116919
vt 0.543695 0.051593
vt 0.548814 0.052547
vt 0.552510 0.060635
vt 0.555968 0.071583
vt 0.559426 0.085464
vt 0.562740 0.101459
vt 0.555968 0.059903
vt 0.559426 0.072234
vt 0.562740 0.087128
vt 0.552510 0.050858
vt 0.555968 0.050060
vt 0.559426 0.060635
vt 0.562740 0.074167
vt 0.559426 0.050858
vt 0.562740 0.062803
vt 0.197365 0.126833
vt 0.167980 0.124587
vt 0.167980 0.104124
vt 0.197365 0.107445
vt 0.197365 0.146916
vt 0.167980 0.145783
vt 0.139480 0.123529
vt 0.139480 0.102559
vt 0.167980 0.084741
vt 0.197365 0.089080
vt 0.224686 0.130173
vt 0.224686 0.112383
vt 0.197365 0.167347
vt 0.167980 0.167347
vt 0.139480 0.145249
vt 0.224686 0.148600
vt 0.114723 0.123620
vt 0.114723 0.102694
vt 0.139480 0.082696
vt 0.167980 0.066773
vt 0.197365 0.072056
vt 0.224686 0.095532
vt 0.248448 0.134233
vt 0.248448 0.118385
vt 0.197365 0.187779
vt 0.167980 0.188912
vt 0.139480 0.167347
vt 0.224686 0.167347
vt 0.114723 0.145295
vt 0.248448 0.150647
vt 0.094778 0.124576
vt 0.094778 0.104107
vt 0.114723 0.082873
vt 0.139480 0.064284
vt 0.167980 0.050524
vt 0.197365 0.056660
vt 0.224686 0.079911
vt 0.248448 0.103375
vt 0.267623 0.138456
vt 0.267623 0.124630
vt 0.197365 0.207862
vt 0.167980 0.210108
vt 0.139480 0.189445
vt 0.224686 0.186095
vt 0.114723 0.167347
vt 0.248448 0.167347
vt 0.094778 0.145777
vt 0.267623 0.152777
vt 0.079822 0.126119
vt 0.079822 0.106389
vt 0.094778 0.084719
vt 0.114723 0.064499
vt 0.139480 0.047632
vt 0.167980 0.036276
vt 0.197365 0.043161
vt 0.224686 0.065784
vt 0.248448 0.089460
vt 0.267623 0.111533
vt 0.281597 0.141833
vt 0.281597 0.129623
vt 0.197365 0.227250
vt 0.167980 0.230571
vt 0.139480 0.211166
vt 0.224686 0.204522
vt 0.114723 0.189399
vt 0.248448 0.184047
vt 0.094778 0.167347
vt 0.267623 0.167347
vt 0.079822 0.146556
vt 0.281597 0.154480
vt 0.068269 0.128263
vt 0.068269 0.109559
vt 0.079822 0.087700
vt 0.094778 0.066747
vt 0.114723 0.047883
vt 0.139480 0.033032
vt 0.167980 0.024268
vt 0.197365 0.031784
vt 0.224686 0.053398
vt 0.248448 0.076876
vt 0.267623 0.099394
vt 0.281597 0.118058
vt 0.290193 0.143595
vt 0.290193 0.132228
vt 0.197365 0.245615
vt 0.167980 0.249954
vt 0.139480 0.232136
vt 0.224686 0.222312
vt 0.114723 0.211074
vt 0.248448 0.200462
vt 0.094778 0.188917
vt 0.267623 0.181918
vt 0.079822 0.167347
vt 0.281597 0.167347
vt 0.068269 0.147637
vt 0.290193 0.155369
vt 0.058551 0.130851
vt 0.058551 0.113385
vt 0.068269 0.091843
vt 0.079822 0.070377
vt 0.094778 0.050493
vt 0.114723 0.033313
vt 0.139480 0.020727
vt 0.224686 0.042959
vt 0.248448 0.065843
vt 0.267623 0.088415
vt 0.281597 0.107337
vt 0.290193 0.121461
vt 0.294561 0.144381
vt 0.294561 0.133390
vt 0.197365 0.262639
vt 0.167980 0.267922
vt 0.139480 0.251999
vt 0.224686 0.239163
vt 0.114723 0.232000
vt 0.248448 0.216309
vt 0.094778 0.210119
vt 0.267623 0.196239
vt 0.079822 0.188139
vt 0.281597 0.180214
vt 0.068269 0.167347
vt 0.290193 0.167347
vt 0.058551 0.148942
vt 0.294561 0.155765
vt 0.050945 0.132753
vt 0.050945 0.116198
vt 0.058551 0.096841
vt 0.068269 0.075420
vt 0.079822 0.054710
vt 0.094778 0.036242
vt 0.114723 0.021034
vt 0.267623 0.078788
vt 0.281597 0.097642
vt 0.290193 0.111480
vt 0.294561 0.122979
vt 0.197365 0.278035
vt 0.167980 0.284171
vt 0.139480 0.270411
vt 0.224686 0.254784
vt 0.114723 0.251822
vt 0.248448 0.231320
vt 0.094778 0.230588
vt 0.267623 0.210065
vt 0.079822 0.208576
vt 0.281597 0.192861
vt 0.068269 0.187058
vt 0.290193 0.179326
vt 0.058551 0.167347
vt 0.294561 0.167347
vt 0.050945 0.149901
vt 0.045826 0.133038
vt 0.045826 0.116619
vt 0.050945 0.100516
vt 0.058551 0.081506
vt 0.068269 0.060568
vt 0.079822 0.040973
vt 0.094778 0.024231
vt 0.290193 0.102454
vt 0.294561 0.113328
vt 0.197365 0.291534
vt 0.167980 0.298419
vt 0.139480 0.287062
vt 0.224686 0.268910
vt 0.114723 0.270195
vt 0.248448 0.245235
vt 0.094778 0.249976
vt 0.267623 0.223161
vt 0.079822 0.228306
vt 0.281597 0.205071
vt 0.068269 0.206431
vt 0.290193 0.191100
vt 0.058551 0.185753
vt 0.294561 0.178930
vt 0.050945 0.167347
vt 0.045826 0.150045
vt 0.042131 0.132534
vt 0.042131 0.115873
vt 0.045826 0.101067
vt 0.050945 0.085980
vt 0.058551 0.067637
vt 0.068269 0.047545
vt 0.079822 0.029395
vt 0.281597 0.089141
vt 0.290193 0.094539
vt 0.294561 0.104601
vt 0.197365 0.302911
vt 0.167980 0.310427
vt 0.139480 0.301662
vt 0.224686 0.281297
vt 0.114723 0.286812
vt 0.248448 0.257818
vt 0.094778 0.267948
vt 0.267623 0.235301
vt 0.079822 0.246994
vt 0.281597 0.216637
vt 0.068269 0.225135
vt 0.290193 0.202467
vt 0.058551 0.203844
vt 0.294561 0.190314
vt 0.050945 0.184794
vt 0.045826 0.167347
vt 0.042131 0.149791
vt 0.038673 0.132295
vt 0.038673 0.115520
vt 0.042131 0.100092
vt 0.045826 0.086651
vt 0.050945 0.072834
vt 0.294561 0.096948
vt 0.139480 0.313968
vt 0.224686 0.291736
vt 0.114723 0.301381
vt 0.248448 0.268852
vt 0.094778 0.284202
vt 0.267623 0.246280
vt 0.079822 0.264318
vt 0.281597 0.227358
vt 0.068269 0.242852
vt 0.290193 0.213234
vt 0.058551 0.221310
vt 0.294561 0.201305
vt 0.050945 0.201942
vt 0.045826 0.184650
vt 0.042131 0.167347
vt 0.038673 0.149670
vt 0.035215 0.132534
vt 0.035215 0.115873
vt 0.038673 0.099631
vt 0.042131 0.085464
vt 0.045826 0.073613
vt 0.114723 0.313661
vt 0.094778 0.298453
vt 0.267623 0.255907
vt 0.079822 0.279985
vt 0.281597 0.237053
vt 0.068269 0.259275
vt 0.290193 0.223215
vt 0.058551 0.237853
vt 0.294561 0.211716
vt 0.050945 0.218497
vt 0.045826 0.201656
vt 0.042131 0.184904
vt 0.038673 0.167347
vt 0.035215 0.149791
vt 0.031900 0.133241
vt 0.031900 0.116919
vt 0.035215 0.100092
vt 0.038673 0.084903
vt 0.042131 0.072234
vt 0.050945 0.061307
vt 0.045826 0.062182
vt 0.094778 0.310464
vt 0.079822 0.293722
vt 0.068269 0.274127
vt 0.290193 0.232241
vt 0.058551 0.253189
vt 0.294561 0.221366
vt 0.050945 0.234178
vt 0.045826 0.218075
vt 0.042131 0.202161
vt 0.038673 0.185025
vt 0.035215 0.167347
vt 0.031900 0.150147
vt 0.031900 0.101459
vt 0.035215 0.085464
vt 0.038673 0.071583
vt 0.042131 0.060635
vt 0.050945 0.051592
vt 0.045826 0.052547
vt 0.079822 0.305300
vt 0.068269 0.287150
vt 0.058551 0.267058
vt 0.290193 0.240155
vt 0.281597 0.245554
vt 0.294561 0.230094
vt 0.050945 0.248715
vt 0.045826 0.233628
vt 0.042131 0.218821
vt 0.038673 0.202400
vt 0.035215 0.184904
vt 0.031900 0.167347
vt 0.031900 0.087128
vt 0.035215 0.072234
vt 0.038673 0.059903
vt 0.050945 0.261861
vt 0.294561 0.237746
vt 0.045826 0.248044
vt 0.042131 0.234602
vt 0.038673 0.219174
vt 0.035215 0.202161
vt 0.031900 0.184547
vt 0.031900 0.074167
vt 0.035215 0.060635
vt 0.042131 0.050858
vt 0.038673 0.050060
vt 0.045826 0.261082
vt 0.042131 0.249231
vt 0.038673 0.235063
vt 0.035215 0.218821
vt 0.031900 0.201454
vt 0.031900 0.062803
vt 0.035215 0.050858
vt 0.050945 0.273387
vt 0.045826 0.272513
vt 0.042131 0.262460
vt 0.038673 0.249792
vt 0.035215 0.234602
vt 0.031900 0.217776
vt 0.050945 0.283102
vt 0.045826 0.282148
vt 0.042131 0.274060
vt 0.038673 0.263112
vt 0.035215 0.249231
vt 0.031900 0.233236
vt 0.038673 0.274791
vt 0.035215 0.262460
vt 0.031900 0.247567
vt 0.042131 0.283836
vt 0.038673 0.284635
vt 0.035215 0.274060
vt 0.031900 0.260528
vt 0.035215 0.283836
vt 0.031900 0.271892
vt 0.322800 0.482262
vt 0.320554 0.452877
vt 0.341750 0.452877
vt 0.342882 0.482262
vt 0.303411 0.482262
vt 0.300090 0.452877
vt 0.319495 0.424377
vt 0.341216 0.424377
vt 0.363314 0.452877
vt 0.363314 0.482262
vt 0.326140 0.509583
vt 0.344567 0.509583
vt 0.285046 0.482262
vt 0.280707 0.452877
vt 0.298526 0.424377
vt 0.308349 0.509583
vt 0.319587 0.399620
vt 0.341262 0.399620
vt 0.363314 0.424377
vt 0.384879 0.452877
vt 0.383746 0.482262
vt 0.363314 0.509583
vt 0.330199 0.533345
vt 0.346614 0.533345
vt 0.278663 0.424377
vt 0.291498 0.509583
vt 0.298661 0.399620
vt 0.314352 0.533345
vt 0.320542 0.379675
vt 0.341744 0.379675
vt 0.363314 0.399620
vt 0.385412 0.424377
vt 0.406075 0.452877
vt 0.403829 0.482262
vt 0.382062 0.509583
vt 0.363314 0.533345
vt 0.334423 0.552519
vt 0.348744 0.552519
vt 0.278840 0.399620
vt 0.299341 0.533345
vt 0.300074 0.379675
vt 0.320597 0.552519
vt 0.322086 0.364719
vt 0.342522 0.364719
vt 0.363314 0.379675
vt 0.385366 0.399620
vt 0.407133 0.424377
vt 0.426538 0.452877
vt 0.423217 0.482262
vt 0.400489 0.509583
vt 0.380014 0.533345
vt 0.363314 0.552519
vt 0.337800 0.566494
vt 0.350447 0.566494
vt 0.280686 0.379675
vt 0.285427 0.533345
vt 0.275878 0.509583
vt 0.307500 0.552519
vt 0.302356 0.364719
vt 0.325590 0.566494
vt 0.324230 0.353165
vt 0.343604 0.353165
vt 0.363314 0.364719
vt 0.384884 0.379675
vt 0.407041 0.399620
vt 0.428103 0.424377
vt 0.445921 0.452877
vt 0.441582 0.482262
vt 0.418279 0.509583
vt 0.396429 0.533345
vt 0.377884 0.552519
vt 0.363314 0.566494
vt 0.339561 0.575090
vt 0.351335 0.575090
vt 0.283667 0.364719
vt 0.295360 0.552519
vt 0.314025 0.566494
vt 0.305526 0.353165
vt 0.328194 0.575090
vt 0.326818 0.343448
vt 0.344909 0.343448
vt 0.363314 0.353165
vt 0.384106 0.364719
vt 0.406086 0.379675
vt 0.427967 0.399620
vt 0.447965 0.424377
vt 0.435130 0.509583
vt 0.412276 0.533345
vt 0.392206 0.552519
vt 0.376181 0.566494
vt 0.363314 0.575090
vt 0.340347 0.579458
vt 0.351732 0.579458
vt 0.287809 0.353165
vt 0.303304 0.566494
vt 0.317427 0.575090
vt 0.309352 0.343448
vt 0.329356 0.579458
vt 0.328720 0.335842
vt 0.345868 0.335842
vt 0.363314 0.343448
vt 0.383025 0.353165
vt 0.404542 0.364719
vt 0.426554 0.379675
vt 0.447788 0.399620
vt 0.427287 0.533345
vt 0.406032 0.552519
vt 0.388828 0.566494
vt 0.375293 0.575090
vt 0.363314 0.579458
vt 0.266343 0.364719
vt 0.271387 0.353165
vt 0.292808 0.343448
vt 0.293608 0.566494
vt 0.284381 0.552519
vt 0.307447 0.575090
vt 0.318946 0.579458
vt 0.312164 0.335842
vt 0.329005 0.330723
vt 0.346012 0.330723
vt 0.363314 0.335842
vt 0.381720 0.343448
vt 0.402398 0.353165
vt 0.424273 0.364719
vt 0.445943 0.379675
vt 0.450750 0.509583
vt 0.441201 0.533345
vt 0.419128 0.552519
vt 0.401038 0.566494
vt 0.387067 0.575090
vt 0.374897 0.579458
vt 0.277473 0.343448
vt 0.296483 0.335842
vt 0.309295 0.579458
vt 0.312586 0.330723
vt 0.328500 0.327028
vt 0.345757 0.327028
vt 0.363314 0.330723
vt 0.380760 0.335842
vt 0.399811 0.343448
vt 0.421102 0.353165
vt 0.442961 0.364719
vt 0.431268 0.552519
vt 0.412604 0.566494
vt 0.398434 0.575090
vt 0.386281 0.579458
vt 0.256534 0.353165
vt 0.263604 0.343448
vt 0.281947 0.335842
vt 0.297034 0.330723
vt 0.311840 0.327028
vt 0.328262 0.323570
vt 0.345637 0.323570
vt 0.363314 0.327028
vt 0.380616 0.330723
vt 0.397908 0.335842
vt 0.417276 0.343448
vt 0.438819 0.353165
vt 0.423324 0.566494
vt 0.409201 0.575090
vt 0.397272 0.579458
vt 0.268801 0.335842
vt 0.296059 0.327028
vt 0.311487 0.323570
vt 0.328500 0.320111
vt 0.345757 0.320111
vt 0.363314 0.323570
vt 0.380871 0.327028
vt 0.397623 0.330723
vt 0.414464 0.335842
vt 0.433820 0.343448
vt 0.455242 0.353165
vt 0.460285 0.364719
vt 0.442247 0.552519
vt 0.433020 0.566494
vt 0.419182 0.575090
vt 0.407683 0.579458
vt 0.282617 0.330723
vt 0.281431 0.327028
vt 0.295598 0.323570
vt 0.311840 0.320111
vt 0.329208 0.316797
vt 0.346114 0.316797
vt 0.363314 0.320111
vt 0.380991 0.323570
vt 0.398128 0.327028
vt 0.414042 0.330723
vt 0.430145 0.335842
vt 0.449156 0.343448
vt 0.417333 0.579458
vt 0.296059 0.320111
vt 0.312886 0.316797
vt 0.363314 0.316797
vt 0.380871 0.320111
vt 0.398366 0.323570
vt 0.414788 0.327028
vt 0.429594 0.330723
vt 0.444682 0.335842
vt 0.463025 0.343448
vt 0.470094 0.353165
vt 0.297426 0.316797
vt 0.380514 0.316797
vt 0.398128 0.320111
vt 0.415141 0.323570
vt 0.430569 0.327028
vt 0.457828 0.335842
vt 0.281431 0.320111
vt 0.283094 0.316797
vt 0.397420 0.316797
vt 0.414788 0.320111
vt 0.431030 0.323570
vt 0.444011 0.330723
vt 0.445198 0.327028
vt 0.413742 0.316797
vt 0.430569 0.320111
vt 0.429203 0.316797
vt 0.445198 0.320111
vt 0.443534 0.316797
vt 0.104891 0.413994
vt 0.102645 0.443378
vt 0.082181 0.443378
vt 0.085502 0.413994
vt 0.124973 0.413994
vt 0.123841 0.443378
vt 0.101586 0.471879
vt 0.080617 0.471879
vt 0.062798 0.443378
vt 0.067137 0.413994
vt 0.108230 0.386673
vt 0.090440 0.386673
vt 0.145405 0.413994
vt 0.145405 0.443378
vt 0.123307 0.471879
vt 0.126658 0.386673
vt 0.101678 0.496635
vt 0.080752 0.496635
vt 0.060754 0.471879
vt 0.073589 0.386673
vt 0.112290 0.362910
vt 0.096443 0.362910
vt 0.165837 0.413994
vt 0.166970 0.443378
vt 0.145405 0.471879
vt 0.145405 0.386673
vt 0.123353 0.496635
vt 0.128705 0.362910
vt 0.102633 0.516580
vt 0.082165 0.516580
vt 0.060931 0.496635
vt 0.081432 0.362910
vt 0.116514 0.343736
vt 0.102687 0.343736
vt 0.185919 0.413994
vt 0.188165 0.443378
vt 0.167503 0.471879
vt 0.164153 0.386673
vt 0.145405 0.496635
vt 0.145405 0.362910
vt 0.123835 0.516580
vt 0.130835 0.343736
vt 0.104177 0.531536
vt 0.084447 0.531536
vt 0.062777 0.516580
vt 0.057969 0.386673
vt 0.067518 0.362910
vt 0.089591 0.343736
vt 0.119891 0.329762
vt 0.107681 0.329762
vt 0.205308 0.413994
vt 0.208629 0.443378
vt 0.189224 0.471879
vt 0.182580 0.386673
vt 0.167457 0.496635
vt 0.162105 0.362910
vt 0.145405 0.516580
vt 0.145405 0.343736
vt 0.124613 0.531536
vt 0.132538 0.329762
vt 0.106321 0.543090
vt 0.087617 0.543090
vt 0.065758 0.531536
vt 0.077451 0.343736
vt 0.096116 0.329762
vt 0.121652 0.321165
vt 0.110285 0.321165
vt 0.223673 0.413994
vt 0.228012 0.443378
vt 0.210194 0.471879
vt 0.200370 0.386673
vt 0.189132 0.496635
vt 0.178520 0.362910
vt 0.166975 0.516580
vt 0.159975 0.343736
vt 0.145405 0.531536
vt 0.145405 0.329762
vt 0.125695 0.543090
vt 0.133426 0.321165
vt 0.108908 0.552807
vt 0.091443 0.552807
vt 0.069900 0.543090
vt 0.085395 0.329762
vt 0.099518 0.321165
vt 0.122438 0.316797
vt 0.111447 0.316797
vt 0.230056 0.471879
vt 0.217221 0.386673
vt 0.210058 0.496635
vt 0.194367 0.362910
vt 0.188177 0.516580
vt 0.174296 0.343736
vt 0.166197 0.531536
vt 0.158272 0.329762
vt 0.145405 0.543090
vt 0.145405 0.321165
vt 0.126999 0.552807
vt 0.133823 0.316797
vt 0.110811 0.560413
vt 0.094255 0.560413
vt 0.074899 0.552807
vt 0.053477 0.543090
vt 0.048434 0.531536
vt 0.066472 0.343736
vt 0.075699 0.329762
vt 0.089538 0.321165
vt 0.101037 0.316797
vt 0.229879 0.496635
vt 0.209378 0.362910
vt 0.208645 0.516580
vt 0.188123 0.343736
vt 0.186633 0.531536
vt 0.170919 0.329762
vt 0.165115 0.543090
vt 0.157384 0.321165
vt 0.145405 0.552807
vt 0.145405 0.316797
vt 0.127959 0.560413
vt 0.111096 0.565532
vt 0.094677 0.565532
vt 0.078574 0.560413
vt 0.059563 0.552807
vt 0.091386 0.316797
vt 0.228033 0.516580
vt 0.223292 0.362910
vt 0.232841 0.386673
vt 0.201219 0.343736
vt 0.206363 0.531536
vt 0.183129 0.329762
vt 0.184489 0.543090
vt 0.169158 0.321165
vt 0.163811 0.552807
vt 0.156987 0.316797
vt 0.145405 0.560413
vt 0.128103 0.565532
vt 0.110591 0.569228
vt 0.093931 0.569228
vt 0.079125 0.565532
vt 0.064038 0.560413
vt 0.045695 0.552807
vt 0.038625 0.543090
vt 0.225052 0.531536
vt 0.213359 0.343736
vt 0.194694 0.329762
vt 0.203193 0.543090
vt 0.180525 0.321165
vt 0.181902 0.552807
vt 0.168372 0.316797
vt 0.162851 0.560413
vt 0.145405 0.565532
vt 0.127848 0.569228
vt 0.110353 0.572686
vt 0.093578 0.572686
vt 0.078150 0.569228
vt 0.050892 0.560413
vt 0.220910 0.543090
vt 0.205415 0.329762
vt 0.191292 0.321165
vt 0.199367 0.552807
vt 0.179363 0.316797
vt 0.179999 0.560413
vt 0.162707 0.565532
vt 0.145405 0.569228
vt 0.127728 0.572686
vt 0.110591 0.576144
vt 0.093931 0.576144
vt 0.077689 0.572686
vt 0.064708 0.565532
vt 0.063522 0.569228
vt 0.242376 0.531536
vt 0.237333 0.543090
vt 0.215911 0.552807
vt 0.215111 0.329762
vt 0.224338 0.343736
vt 0.201272 0.321165
vt 0.189773 0.316797
vt 0.196555 0.560413
vt 0.179714 0.565532
vt 0.162962 0.569228
vt 0.145405 0.572686
vt 0.127848 0.576144
vt 0.111299 0.579458
vt 0.094977 0.579458
vt 0.078150 0.576144
vt 0.231247 0.552807
vt 0.212236 0.560413
vt 0.199424 0.316797
vt 0.196133 0.565532
vt 0.180219 0.569228
vt 0.163082 0.572686
vt 0.145405 0.576144
vt 0.128205 0.579458
vt 0.079517 0.579458
vt 0.252185 0.543090
vt 0.245115 0.552807
vt 0.226772 0.560413
vt 0.211685 0.565532
vt 0.196879 0.569228
vt 0.180457 0.572686
vt 0.162962 0.576144
vt 0.145405 0.579458
vt 0.063522 0.576144
vt 0.065185 0.579458
vt 0.239918 0.560413
vt 0.212660 0.569228
vt 0.197232 0.572686
vt 0.180219 0.576144
vt 0.162605 0.579458
vt 0.226102 0.565532
vt 0.227288 0.569228
vt 0.213121 0.572686
vt 0.196879 0.576144
vt 0.179511 0.579458
vt 0.212660 0.576144
vt 0.195833 0.579458
vt 0.211294 0.579458
vt 0.227288 0.576144
vt 0.225625 0.579458
vt 0.476346 0.936413
vt 0.459064 0.947963
vt 0.456422 0.943387
vt 0.473130 0.932221
vt 0.440419 0.957155
vt 0.438397 0.952274
vt 0.453123 0.937673
vt 0.469113 0.926986
vt 0.491976 0.922708
vt 0.488240 0.918972
vt 0.420736 0.963839
vt 0.419369 0.958735
vt 0.435873 0.946178
vt 0.450380 0.932922
vt 0.465774 0.922634
vt 0.483575 0.914307
vt 0.505680 0.907078
vt 0.501489 0.903862
vt 0.400348 0.967892
vt 0.399659 0.962653
vt 0.417661 0.952362
vt 0.433773 0.941110
vt 0.448913 0.930381
vt 0.463988 0.920307
vt 0.479695 0.910428
vt 0.496254 0.899846
vt 0.517231 0.889796
vt 0.512655 0.887154
vt 0.379606 0.969253
vt 0.379606 0.963970
vt 0.398798 0.956112
vt 0.416241 0.947063
vt 0.432651 0.938399
vt 0.446596 0.926368
vt 0.461167 0.916630
vt 0.477621 0.908353
vt 0.491902 0.896506
vt 0.506941 0.883855
vt 0.526423 0.871152
vt 0.521541 0.869130
vt 0.358863 0.967892
vt 0.359553 0.962653
vt 0.379606 0.957372
vt 0.398081 0.950673
vt 0.415482 0.944229
vt 0.430877 0.934118
vt 0.441335 0.917256
vt 0.454762 0.908283
vt 0.474344 0.905076
vt 0.489574 0.894720
vt 0.502190 0.881112
vt 0.515446 0.866605
vt 0.533106 0.851468
vt 0.528003 0.850101
vt 0.338476 0.963839
vt 0.339843 0.958735
vt 0.360414 0.956112
vt 0.379606 0.951886
vt 0.397698 0.947765
vt 0.414282 0.939753
vt 0.426851 0.924397
vt 0.434011 0.904571
vt 0.445845 0.896662
vt 0.466904 0.897636
vt 0.485898 0.891899
vt 0.499649 0.879645
vt 0.510377 0.864506
vt 0.521630 0.848393
vt 0.537160 0.831081
vt 0.531921 0.830391
vt 0.318792 0.957155
vt 0.320814 0.952274
vt 0.341551 0.952362
vt 0.361130 0.950673
vt 0.379606 0.948952
vt 0.397094 0.943170
vt 0.411559 0.929589
vt 0.421245 0.910865
vt 0.426004 0.890701
vt 0.436095 0.883957
vt 0.456547 0.887279
vt 0.477550 0.885494
vt 0.495636 0.877328
vt 0.507667 0.863383
vt 0.516331 0.846973
vt 0.525380 0.829530
vt 0.538521 0.810338
vt 0.533238 0.810338
vt 0.300148 0.947963
vt 0.302790 0.943387
vt 0.323339 0.946178
vt 0.342971 0.947063
vt 0.361513 0.947765
vt 0.379606 0.944318
vt 0.395720 0.932738
vt 0.407768 0.915441
vt 0.415117 0.896069
vt 0.417704 0.876326
vt 0.425991 0.870788
vt 0.445222 0.875954
vt 0.465930 0.876577
vt 0.486524 0.872067
vt 0.503386 0.861609
vt 0.513497 0.846214
vt 0.519941 0.828814
vt 0.526640 0.810338
vt 0.537160 0.789596
vt 0.531921 0.790286
vt 0.282866 0.936412
vt 0.286082 0.932221
vt 0.306089 0.937673
vt 0.325439 0.941109
vt 0.343730 0.944229
vt 0.362118 0.943170
vt 0.379606 0.933796
vt 0.393808 0.918216
vt 0.403623 0.899971
vt 0.408765 0.880734
vt 0.409315 0.861796
vt 0.415777 0.857477
vt 0.433485 0.864217
vt 0.453224 0.866828
vt 0.473839 0.864743
vt 0.493665 0.857583
vt 0.509021 0.845015
vt 0.517032 0.828431
vt 0.521154 0.810338
vt 0.525380 0.791147
vt 0.533106 0.769208
vt 0.528003 0.770576
vt 0.267236 0.922708
vt 0.270972 0.918972
vt 0.290098 0.926986
vt 0.308832 0.932922
vt 0.326561 0.938399
vt 0.344929 0.939753
vt 0.363492 0.932738
vt 0.379606 0.919149
vt 0.391718 0.902338
vt 0.399327 0.883939
vt 0.402344 0.865233
vt 0.401262 0.847847
vt 0.405972 0.844699
vt 0.421621 0.852353
vt 0.440056 0.856723
vt 0.459969 0.856736
vt 0.480132 0.851978
vt 0.498857 0.842291
vt 0.512438 0.827826
vt 0.518220 0.810338
vt 0.519941 0.791863
vt 0.521630 0.772283
vt 0.526423 0.749525
vt 0.521541 0.751547
vt 0.253531 0.907078
vt 0.257723 0.903862
vt 0.275637 0.914307
vt 0.293438 0.922634
vt 0.310299 0.930381
vt 0.328335 0.934118
vt 0.347653 0.929589
vt 0.365403 0.918216
vt 0.379606 0.903133
vt 0.389551 0.885882
vt 0.394985 0.867732
vt 0.396180 0.850352
vt 0.394046 0.835350
vt 0.397198 0.833264
vt 0.410232 0.840964
vt 0.426745 0.846510
vt 0.445594 0.848437
vt 0.465336 0.845849
vt 0.484709 0.838500
vt 0.502006 0.826452
vt 0.513586 0.810338
vt 0.517032 0.792246
vt 0.516331 0.773703
vt 0.515446 0.754071
vt 0.517231 0.730881
vt 0.512655 0.733523
vt 0.241981 0.889796
vt 0.246557 0.887154
vt 0.262958 0.899846
vt 0.279517 0.910428
vt 0.295224 0.920307
vt 0.312616 0.926368
vt 0.332361 0.924397
vt 0.351444 0.915441
vt 0.367494 0.902338
vt 0.379606 0.886535
vt 0.387361 0.869248
vt 0.390816 0.852174
vt 0.390665 0.837036
vt 0.388256 0.825321
vt 0.390222 0.824173
vt 0.400028 0.830760
vt 0.413967 0.836704
vt 0.431064 0.840047
vt 0.450002 0.839497
vt 0.469239 0.834355
vt 0.487484 0.824541
vt 0.503064 0.810338
vt 0.512438 0.792851
vt 0.513497 0.774462
vt 0.510377 0.756171
vt 0.506941 0.736821
vt 0.505680 0.713598
vt 0.501489 0.716815
vt 0.232789 0.871152
vt 0.237671 0.869130
vt 0.252271 0.883855
vt 0.267310 0.896506
vt 0.281591 0.908353
vt 0.298045 0.916630
vt 0.317877 0.917256
vt 0.337966 0.910865
vt 0.355589 0.899971
vt 0.369660 0.885882
vt 0.379606 0.869757
vt 0.385259 0.853279
vt 0.387081 0.838235
vt 0.386279 0.826449
vt 0.384189 0.818276
vt 0.386093 0.818792
vt 0.391839 0.822571
vt 0.402532 0.827930
vt 0.417115 0.831994
vt 0.434501 0.833076
vt 0.453206 0.830059
vt 0.471606 0.822450
vt 0.488416 0.810338
vt 0.502006 0.794224
vt 0.509021 0.775662
vt 0.507667 0.757294
vt 0.502190 0.739564
vt 0.496254 0.720831
vt 0.491976 0.697968
vt 0.488240 0.701704
vt 0.226106 0.851468
vt 0.231209 0.850101
vt 0.243766 0.866605
vt 0.257022 0.881112
vt 0.269637 0.894720
vt 0.284868 0.905076
vt 0.304450 0.908283
vt 0.325201 0.904571
vt 0.344095 0.896069
vt 0.359885 0.883938
vt 0.371850 0.869248
vt 0.379606 0.853650
vt 0.383378 0.838989
vt 0.384084 0.827049
vt 0.383684 0.820183
vt 0.379606 0.810338
vt 0.386087 0.816819
vt 0.393440 0.820954
vt 0.404618 0.824779
vt 0.419620 0.826913
vt 0.437000 0.825717
vt 0.455150 0.820284
vt 0.472401 0.810338
vt 0.487484 0.796136
vt 0.498857 0.778385
vt 0.503386 0.759067
vt 0.499649 0.741031
vt 0.491902 0.724171
vt 0.483575 0.706370
vt 0.476346 0.684264
vt 0.473130 0.688456
vt 0.222052 0.831080
vt 0.227290 0.830391
vt 0.237582 0.848393
vt 0.248834 0.864505
vt 0.259563 0.879645
vt 0.273314 0.891899
vt 0.292308 0.897636
vt 0.313367 0.896662
vt 0.333208 0.890701
vt 0.350447 0.880734
vt 0.364227 0.867732
vt 0.373953 0.853279
vt 0.379606 0.839219
vt 0.381882 0.827627
vt 0.381978 0.819191
vt 0.387543 0.814921
vt 0.388060 0.816825
vt 0.394589 0.818989
vt 0.406304 0.821397
vt 0.421442 0.821548
vt 0.438515 0.818094
vt 0.455803 0.810338
vt 0.471606 0.798226
vt 0.484709 0.782176
vt 0.493665 0.763094
vt 0.495636 0.743348
vt 0.489574 0.725957
vt 0.479695 0.710249
vt 0.469113 0.693690
vt 0.459064 0.672714
vt 0.456422 0.677289
vt 0.220691 0.810338
vt 0.225974 0.810338
vt 0.233832 0.829530
vt 0.242881 0.846973
vt 0.251545 0.863383
vt 0.263576 0.877328
vt 0.281661 0.885494
vt 0.302665 0.887279
vt 0.323117 0.883957
vt 0.341508 0.876326
vt 0.356868 0.865233
vt 0.368396 0.852174
vt 0.375834 0.838989
vt 0.379606 0.827639
vt 0.380997 0.820903
vt 0.379606 0.819504
vt 0.388459 0.812710
vt 0.389451 0.814416
vt 0.395717 0.817011
vt 0.407503 0.817813
vt 0.422546 0.815991
vt 0.439024 0.810338
vt 0.455150 0.800393
vt 0.469239 0.786321
vt 0.480132 0.768699
vt 0.486524 0.748609
vt 0.485898 0.728777
vt 0.477621 0.712323
vt 0.465774 0.698042
vt 0.453123 0.683003
vt 0.440419 0.663521
vt 0.438398 0.668403
vt 0.222052 0.789596
vt 0.227291 0.790285
vt 0.232572 0.810338
vt 0.239271 0.828814
vt 0.245715 0.846214
vt 0.255826 0.861609
vt 0.272688 0.872067
vt 0.293282 0.876577
vt 0.313990 0.875954
vt 0.333221 0.870788
vt 0.349897 0.861796
vt 0.363032 0.850352
vt 0.372131 0.838235
vt 0.377330 0.827627
vt 0.378215 0.820903
vt 0.377234 0.819191
vt 0.388771 0.810338
vt 0.390171 0.811729
vt 0.396317 0.814816
vt 0.408256 0.814110
vt 0.422918 0.810338
vt 0.438515 0.802583
vt 0.453206 0.790617
vt 0.465336 0.774827
vt 0.473839 0.755933
vt 0.477550 0.735183
vt 0.474344 0.715600
vt 0.463988 0.700370
vt 0.450380 0.687754
vt 0.435873 0.674498
vt 0.420736 0.656838
vt 0.419369 0.661941
vt 0.226106 0.769208
vt 0.231209 0.770575
vt 0.233832 0.791147
vt 0.238058 0.810338
vt 0.242180 0.828431
vt 0.250191 0.845015
vt 0.265547 0.857583
vt 0.285373 0.864743
vt 0.305988 0.866828
vt 0.325727 0.864217
vt 0.343435 0.857477
vt 0.357950 0.847847
vt 0.368547 0.837036
vt 0.375128 0.827049
vt 0.375528 0.820183
vt 0.375023 0.818276
vt 0.388459 0.807966
vt 0.390171 0.808947
vt 0.396906 0.810338
vt 0.396895 0.812614
vt 0.408487 0.810338
vt 0.422547 0.804685
vt 0.437000 0.794959
vt 0.450002 0.781179
vt 0.459969 0.763941
vt 0.465930 0.744099
vt 0.466904 0.723040
vt 0.461167 0.704046
vt 0.448913 0.690295
vt 0.433773 0.679567
vt 0.417661 0.668314
vt 0.400348 0.652784
vt 0.399659 0.658023
vt 0.232789 0.749525
vt 0.237671 0.751547
vt 0.237582 0.772283
vt 0.239271 0.791863
vt 0.240992 0.810338
vt 0.246774 0.827826
vt 0.260355 0.842291
vt 0.279079 0.851978
vt 0.299243 0.856736
vt 0.319156 0.856723
vt 0.337591 0.852353
vt 0.353240 0.844699
vt 0.365165 0.835350
vt 0.372933 0.826449
vt 0.370956 0.825321
vt 0.373119 0.818792
vt 0.373125 0.816819
vt 0.387543 0.805755
vt 0.389451 0.806260
vt 0.396317 0.805861
vt 0.396895 0.808062
vt 0.408256 0.806566
vt 0.421442 0.799128
vt 0.434501 0.787600
vt 0.445594 0.772240
vt 0.453224 0.753849
vt 0.456547 0.733398
vt 0.454762 0.712394
vt 0.446596 0.694308
vt 0.432651 0.682277
vt 0.416241 0.673614
vt 0.398798 0.664564
vt 0.379606 0.651423
vt 0.379606 0.656707
vt 0.241981 0.730881
vt 0.246557 0.733522
vt 0.243766 0.754071
vt 0.242881 0.773703
vt 0.242180 0.792246
vt 0.245626 0.810338
vt 0.257206 0.826452
vt 0.274503 0.838500
vt 0.293875 0.845849
vt 0.313618 0.848437
vt 0.332466 0.846509
vt 0.348980 0.840964
vt 0.362014 0.833264
vt 0.368990 0.824173
vt 0.367373 0.822571
vt 0.371152 0.816825
vt 0.371668 0.814921
vt 0.386087 0.803857
vt 0.388060 0.803851
vt 0.394589 0.801688
vt 0.395717 0.803665
vt 0.407503 0.802863
vt 0.419620 0.793764
vt 0.431064 0.780629
vt 0.440056 0.763953
vt 0.445222 0.744722
vt 0.445845 0.724014
vt 0.441335 0.703420
vt 0.430877 0.686558
vt 0.415482 0.676447
vt 0.398081 0.670003
vt 0.379606 0.663304
vt 0.358864 0.652784
vt 0.359553 0.658023
vt 0.253532 0.713598
vt 0.257723 0.716814
vt 0.252271 0.736821
vt 0.248835 0.756171
vt 0.245715 0.774462
vt 0.246774 0.792851
vt 0.256148 0.810338
vt 0.271728 0.824541
vt 0.289973 0.834355
vt 0.309210 0.839497
vt 0.328148 0.840047
vt 0.345245 0.836704
vt 0.359184 0.830760
vt 0.365771 0.820954
vt 0.364623 0.818989
vt 0.369761 0.814416
vt 0.370753 0.812710
vt 0.384189 0.802401
vt 0.386093 0.801884
vt 0.391839 0.798105
vt 0.393440 0.799723
vt 0.404618 0.795898
vt 0.406304 0.799280
vt 0.417115 0.788683
vt 0.426745 0.774167
vt 0.433485 0.756459
vt 0.436095 0.736720
vt 0.434011 0.716106
vt 0.426851 0.696279
vt 0.414283 0.680923
vt 0.397698 0.672912
vt 0.379606 0.668790
vt 0.360414 0.664564
vt 0.338476 0.656838
vt 0.339843 0.661941
vt 0.267236 0.697968
vt 0.270972 0.701704
vt 0.262958 0.720831
vt 0.257022 0.739564
vt 0.251545 0.757294
vt 0.250191 0.775662
vt 0.257206 0.794224
vt 0.270795 0.810338
vt 0.287606 0.822450
vt 0.306006 0.830059
vt 0.324711 0.833076
vt 0.342097 0.831994
vt 0.356680 0.827930
vt 0.363495 0.817011
vt 0.354594 0.824779
vt 0.362895 0.814816
vt 0.369041 0.811729
vt 0.370440 0.810338
vt 0.381978 0.801485
vt 0.383684 0.800493
vt 0.388256 0.795356
vt 0.390222 0.796504
vt 0.400028 0.789916
vt 0.402532 0.792746
vt 0.413967 0.783972
vt 0.421621 0.768323
vt 0.425991 0.749888
vt 0.426004 0.729975
vt 0.421245 0.709812
vt 0.411559 0.691087
vt 0.397094 0.677506
vt 0.379606 0.671724
vt 0.361131 0.670003
vt 0.341551 0.668314
vt 0.318792 0.663521
vt 0.320815 0.668403
vt 0.282866 0.684264
vt 0.286082 0.688456
vt 0.275637 0.706370
vt 0.267310 0.724171
vt 0.259563 0.741031
vt 0.255826 0.759067
vt 0.260355 0.778385
vt 0.271728 0.796136
vt 0.286811 0.810338
vt 0.304062 0.820284
vt 0.322212 0.825717
vt 0.339592 0.826913
vt 0.352908 0.821397
vt 0.362317 0.812614
vt 0.351709 0.817813
vt 0.362305 0.810338
vt 0.369041 0.808947
vt 0.370753 0.807966
vt 0.379606 0.801173
vt 0.380997 0.799773
vt 0.384084 0.793627
vt 0.386279 0.794228
vt 0.394046 0.785327
vt 0.397198 0.787412
vt 0.410232 0.779712
vt 0.415777 0.763199
vt 0.417704 0.744350
vt 0.415117 0.724608
vt 0.407768 0.705235
vt 0.395720 0.687938
vt 0.379606 0.676358
vt 0.361513 0.672912
vt 0.342971 0.673614
vt 0.323339 0.674498
vt 0.300148 0.672714
vt 0.302790 0.677289
vt 0.290099 0.693690
vt 0.279517 0.710249
vt 0.269638 0.725957
vt 0.263576 0.743348
vt 0.265547 0.763093
vt 0.274503 0.782176
vt 0.287606 0.798226
vt 0.303409 0.810338
vt 0.320696 0.818094
vt 0.337770 0.821548
vt 0.350955 0.814110
vt 0.362317 0.808062
vt 0.350725 0.810338
vt 0.362895 0.805861
vt 0.369761 0.806260
vt 0.371668 0.805755
vt 0.377234 0.801485
vt 0.378215 0.799773
vt 0.379606 0.793038
vt 0.381882 0.793049
vt 0.387081 0.782442
vt 0.390665 0.783640
vt 0.401262 0.772829
vt 0.405972 0.775977
vt 0.409315 0.758880
vt 0.408765 0.739943
vt 0.403623 0.720705
vt 0.393808 0.702460
vt 0.379606 0.686880
vt 0.362118 0.677506
vt 0.343730 0.676447
vt 0.325439 0.679567
vt 0.306089 0.683003
vt 0.293438 0.698042
vt 0.281591 0.712323
vt 0.273314 0.728777
vt 0.272688 0.748609
vt 0.279079 0.768699
vt 0.289973 0.786321
vt 0.304062 0.800393
vt 0.320187 0.810338
vt 0.336665 0.815991
vt 0.350955 0.806566
vt 0.336294 0.810338
vt 0.363495 0.803665
vt 0.351709 0.802863
vt 0.364623 0.801688
vt 0.371152 0.803851
vt 0.373125 0.803857
vt 0.375023 0.802401
vt 0.375528 0.800493
vt 0.375128 0.793627
vt 0.377330 0.793049
vt 0.379606 0.781457
vt 0.383378 0.781688
vt 0.390816 0.768502
vt 0.396180 0.770324
vt 0.402344 0.755443
vt 0.399327 0.736738
vt 0.391718 0.718338
vt 0.379606 0.701528
vt 0.363492 0.687938
vt 0.344929 0.680923
vt 0.326561 0.682277
vt 0.308832 0.687754
vt 0.295224 0.700370
vt 0.284868 0.715600
vt 0.281661 0.735183
vt 0.285373 0.755933
vt 0.293875 0.774827
vt 0.306006 0.790617
vt 0.320696 0.802583
vt 0.336665 0.804685
vt 0.352908 0.799280
vt 0.337770 0.799128
vt 0.365771 0.799723
vt 0.354594 0.795898
vt 0.367373 0.798105
vt 0.373119 0.801884
vt 0.370956 0.795356
vt 0.372933 0.794228
vt 0.372131 0.782441
vt 0.375834 0.781688
vt 0.379606 0.767027
vt 0.385259 0.767398
vt 0.394985 0.752944
vt 0.389551 0.734794
vt 0.379606 0.717543
vt 0.365404 0.702460
vt 0.347653 0.691087
vt 0.328335 0.686558
vt 0.310299 0.690295
vt 0.298045 0.704046
vt 0.292308 0.723040
vt 0.293282 0.744099
vt 0.299243 0.763941
vt 0.309210 0.781179
vt 0.322212 0.794959
vt 0.339592 0.793764
vt 0.356680 0.792746
vt 0.342097 0.788682
vt 0.368990 0.796504
vt 0.359184 0.789916
vt 0.365165 0.785327
vt 0.368547 0.783640
vt 0.368396 0.768502
vt 0.373953 0.767398
vt 0.379606 0.750920
vt 0.387361 0.751429
vt 0.379606 0.734142
vt 0.367494 0.718338
vt 0.351444 0.705235
vt 0.332361 0.696279
vt 0.312616 0.694308
vt 0.304450 0.712394
vt 0.302665 0.733398
vt 0.305988 0.753849
vt 0.313618 0.772240
vt 0.324711 0.787600
vt 0.345245 0.783972
vt 0.328148 0.780629
vt 0.362014 0.787412
vt 0.348980 0.779712
vt 0.357950 0.772829
vt 0.363031 0.770324
vt 0.364227 0.752944
vt 0.371850 0.751429
vt 0.369660 0.734794
vt 0.355589 0.720705
vt 0.337966 0.709812
vt 0.317877 0.703420
vt 0.313367 0.724014
vt 0.313990 0.744722
vt 0.319156 0.763953
vt 0.332467 0.774167
vt 0.353240 0.775977
vt 0.337591 0.768323
vt 0.349897 0.758880
vt 0.356868 0.755443
vt 0.359885 0.736738
vt 0.344095 0.724608
vt 0.325201 0.716106
vt 0.323117 0.736720
vt 0.325727 0.756459
vt 0.343435 0.763199
vt 0.341508 0.744350
vt 0.350447 0.739943
vt 0.333208 0.729975
vt 0.333221 0.749888
vt 0.120637 0.600116
vt 0.128823 0.608850
vt 0.120637 0.671025
vt 0.112452 0.608850
vt 0.120637 0.586819
vt 0.131542 0.588198
vt 0.138990 0.602532
vt 0.144636 0.613087
vt 0.102285 0.602532
vt 0.096639 0.613087
vt 0.109733 0.588198
vt 0.120637 0.582288
vt 0.132220 0.583048
vt 0.142431 0.589688
vt 0.152607 0.593842
vt 0.156092 0.609616
vt 0.158813 0.621273
vt 0.098843 0.589688
vt 0.085183 0.609616
vt 0.082461 0.621273
vt 0.088667 0.593842
vt 0.109055 0.583048
vt 0.143604 0.585311
vt 0.154595 0.589043
vt 0.162740 0.598100
vt 0.171494 0.604747
vt 0.170777 0.620885
vt 0.170389 0.632848
vt 0.097671 0.585311
vt 0.078535 0.598100
vt 0.070497 0.620885
vt 0.070885 0.632849
vt 0.069781 0.604747
vt 0.086680 0.589043
vt 0.165006 0.594176
vt 0.174656 0.600626
vt 0.180180 0.611482
vt 0.186915 0.620168
vt 0.182046 0.635570
vt 0.178575 0.647026
vt 0.076269 0.594176
vt 0.061095 0.611482
vt 0.059229 0.635570
vt 0.062700 0.647026
vt 0.054360 0.620168
vt 0.066618 0.600626
vt 0.183384 0.608278
vt 0.191036 0.617005
vt 0.193561 0.628922
vt 0.197820 0.639055
vt 0.189130 0.652672
vt 0.182812 0.662839
vt 0.057891 0.608278
vt 0.047713 0.628922
vt 0.052145 0.652672
vt 0.058463 0.662839
vt 0.043455 0.639055
vt 0.050238 0.617006
vt 0.197486 0.626656
vt 0.202619 0.637067
vt 0.201974 0.649231
vt 0.203464 0.660120
vt 0.191546 0.671025
vt 0.182812 0.679210
vt 0.043789 0.626656
vt 0.039301 0.649231
vt 0.049729 0.671025
vt 0.058463 0.679210
vt 0.037811 0.660120
vt 0.038656 0.637067
vt 0.206351 0.648058
vt 0.208614 0.659442
vt 0.204843 0.671025
vt 0.203464 0.681929
vt 0.189130 0.689377
vt 0.178575 0.695023
vt 0.034924 0.648058
vt 0.036432 0.671025
vt 0.052145 0.689377
vt 0.062700 0.695023
vt 0.037811 0.681929
vt 0.032661 0.659442
vt 0.209374 0.671025
vt 0.208614 0.682607
vt 0.201974 0.692819
vt 0.197820 0.702994
vt 0.182046 0.706479
vt 0.170389 0.709201
vt 0.031900 0.671025
vt 0.039301 0.692819
vt 0.059229 0.706479
vt 0.070885 0.709201
vt 0.043455 0.702994
vt 0.032661 0.682607
vt 0.206351 0.693991
vt 0.202619 0.704982
vt 0.193561 0.713127
vt 0.186915 0.721881
vt 0.170777 0.721164
vt 0.158813 0.720776
vt 0.034924 0.693991
vt 0.047713 0.713127
vt 0.070497 0.721165
vt 0.082461 0.720776
vt 0.054360 0.721881
vt 0.038656 0.704982
vt 0.197486 0.715393
vt 0.191036 0.725043
vt 0.180180 0.730567
vt 0.171494 0.737302
vt 0.156092 0.732433
vt 0.144636 0.728962
vt 0.043789 0.715393
vt 0.061095 0.730567
vt 0.085183 0.732433
vt 0.096639 0.728962
vt 0.069781 0.737302
vt 0.050239 0.725043
vt 0.183384 0.733771
vt 0.174656 0.741423
vt 0.162740 0.743949
vt 0.152607 0.748207
vt 0.138990 0.739517
vt 0.128823 0.733199
vt 0.057891 0.733771
vt 0.078535 0.743949
vt 0.102285 0.739517
vt 0.112452 0.733199
vt 0.088668 0.748207
vt 0.066618 0.741423
vt 0.165006 0.747873
vt 0.154595 0.753006
vt 0.142431 0.752361
vt 0.131542 0.753851
vt 0.120637 0.741933
vt 0.076269 0.747873
vt 0.098843 0.752361
vt 0.109733 0.753851
vt 0.086680 0.753006
vt 0.143604 0.756738
vt 0.132220 0.759001
vt 0.120637 0.755230
vt 0.097671 0.756738
vt 0.109055 0.759001
vt 0.120637 0.759761
vn 0.000000 0.650643 -0.759384
vn 0.000000 0.706404 -0.707808
vn 0.092382 0.706398 -0.701760
vn 0.099097 0.650646 -0.752887
vn 0.000000 0.706404 -0.707808
vn 0.000000 0.475575 -0.879675
vn 0.114812 0.475544 -0.872167
vn 0.092382 0.706398 -0.701760
vn 0.092382 0.706398 -0.701760
vn 0.114812 0.475544 -0.872167
vn 0.227670 0.475574 -0.849703
vn 0.183178 0.706403 -0.683697
vn 0.099097 0.650646 -0.752887
vn 0.092382 0.706398 -0.701760
vn 0.183178 0.706403 -0.683697
vn 0.196546 0.650645 -0.733506
vn 0.196546 0.650645 -0.733506
vn 0.183178 0.706403 -0.683697
vn 0.270859 0.706400 -0.653938
vn 0.290605 0.650642 -0.701579
vn 0.183178 0.706403 -0.683697
vn 0.227670 0.475574 -0.849703
vn 0.336629 0.475552 -0.812731
vn 0.270859 0.706400 -0.653938
vn 0.270859 0.706400 -0.653938
vn 0.336629 0.475552 -0.812731
vn 0.439841 0.475578 -0.761817
vn 0.353903 0.706403 -0.612983
vn 0.290605 0.650642 -0.701579
vn 0.270859 0.706400 -0.653938
vn 0.353903 0.706403 -0.612983
vn 0.379695 0.650649 -0.657638
vn 0.379695 0.650649 -0.657638
vn 0.353903 0.706403 -0.612983
vn 0.430897 0.706392 -0.561549
vn 0.462280 0.650647 -0.602457
vn 0.353903 0.706403 -0.612983
vn 0.439841 0.475578 -0.761817
vn 0.535517 0.475547 -0.697909
vn 0.430897 0.706392 -0.561549
vn 0.430897 0.706392 -0.561549
vn 0.535517 0.475547 -0.697909
vn 0.622020 0.475587 -0.622020
vn 0.500493 0.706409 -0.500493
vn 0.462280 0.650647 -0.602457
vn 0.430897 0.706392 -0.561549
vn 0.500493 0.706409 -0.500493
vn 0.536962 0.650648 -0.536962
vn 0.536962 0.650648 -0.536962
vn 0.500493 0.706409 -0.500493
vn 0.561549 0.706392 -0.430898
vn 0.602457 0.650647 -0.462281
vn 0.500493 0.706409 -0.500493
vn 0.622020 0.475587 -0.622020
vn 0.697909 0.475547 -0.535517
vn 0.561549 0.706392 -0.430898
vn 0.561549 0.706392 -0.430898
vn 0.697909 0.475547 -0.535517
vn 0.761817 0.475579 -0.439841
vn 0.612983 0.706403 -0.353903
vn 0.602457 0.650647 -0.462281
vn 0.561549 0.706392 -0.430898
vn 0.612983 0.706403 -0.353903
vn 0.657638 0.650649 -0.379695
vn 0.657638 0.650649 -0.379695
vn 0.612983 0.706403 -0.353903
vn 0.653937 0.706400 -0.270859
vn 0.701579 0.650642 -0.290605
vn 0.612983 0.706403 -0.353903
vn 0.761817 0.475579 -0.439841
vn 0.812730 0.475553 -0.336629
vn 0.653937 0.706400 -0.270859
vn 0.653937 0.706400 -0.270859
vn 0.812730 0.475553 -0.336629
vn 0.849703 0.475574 -0.227670
vn 0.683696 0.706403 -0.183178
vn 0.701579 0.650642 -0.290605
vn 0.653937 0.706400 -0.270859
vn 0.683696 0.706403 -0.183178
vn 0.733506 0.650645 -0.196546
vn 0.733506 0.650645 -0.196546
vn 0.683696 0.706403 -0.183178
vn 0.701760 0.706399 -0.092382
vn 0.752887 0.650647 -0.099097
vn 0.683696 0.706403 -0.183178
vn 0.849703 0.475574 -0.227670
vn 0.872167 0.475544 -0.114812
vn 0.701760 0.706399 -0.092382
vn 0.701760 0.706399 -0.092382
vn 0.872167 0.475544 -0.114812
vn 0.879675 0.475575 -0.000000
vn 0.707808 0.706405 -0.000000
vn 0.752887 0.650647 -0.099097
vn 0.701760 0.706399 -0.092382
vn 0.707808 0.706405 -0.000000
vn 0.759384 0.650643 -0.000000
vn 0.759384 0.650643 -0.000000
vn 0.707808 0.706405 -0.000000
vn 0.701760 0.706399 0.092382
vn 0.752887 0.650647 0.099097
vn 0.707808 0.706405 -0.000000
vn 0.879675 0.475575 -0.000000
vn 0.872167 0.475544 0.114812
vn 0.701760 0.706399 0.092382
vn 0.701760 0.706399 0.092382
vn 0.872167 0.475544 0.114812
vn 0.849703 0.475574 0.227670
vn 0.683696 0.706403 0.183178
vn 0.752887 0.650647 0.099097
vn 0.701760 0.706399 0.092382
vn 0.683696 0.706403 0.183178
vn 0.733506 0.650645 0.196545
vn 0.733506 0.650645 0.196545
vn 0.683696 0.706403 0.183178
vn 0.653938 0.706400 0.270859
vn 0.701579 0.650642 0.290605
vn 0.683696 0.706403 0.183178
vn 0.849703 0.475574 0.227670
vn 0.812731 0.475553 0.336628
vn 0.653938 0.706400 0.270859
vn 0.653938 0.706400 0.270859
vn 0.812731 0.475553 0.336628
vn 0.761817 0.475579 0.439841
vn 0.612983 0.706403 0.353903
vn 0.701579 0.650642 0.290605
vn 0.653938 0.706400 0.270859
vn 0.612983 0.706403 0.353903
vn 0.657638 0.650649 0.379695
vn 0.657638 0.650649 0.379695
vn 0.612983 0.706403 0.353903
vn 0.561549 0.706392 0.430897
vn 0.602457 0.650648 0.462280
vn 0.612983 0.706403 0.353903
vn 0.761817 0.475579 0.439841
vn 0.697909 0.475547 0.535517
vn 0.561549 0.706392 0.430897
vn 0.561549 0.706392 0.430897
vn 0.697909 0.475547 0.535517
vn 0.622020 0.475587 0.622020
vn 0.500493 0.706409 0.500493
vn 0.602457 0.650648 0.462280
vn 0.561549 0.706392 0.430897
vn 0.500493 0.706409 0.500493
vn 0.536962 0.650648 0.536962
vn 0.536962 0.650648 0.536962
vn 0.500493 0.706409 0.500493
vn 0.430897 0.706392 0.561549
vn 0.462280 0.650648 0.602457
vn 0.500493 0.706409 0.500493
vn 0.622020 0.475587 0.622020
vn 0.535517 0.475547 0.697909
vn 0.430897 0.706392 0.561549
vn 0.430897 0.706392 0.561549
vn 0.535517 0.475547 0.697909
vn 0.439841 0.475579 0.761817
vn 0.353903 0.706403 0.612983
vn 0.462280 0.650648 0.602457
vn 0.430897 0.706392 0.561549
vn 0.353903 0.706403 0.612983
vn 0.379695 0.650649 0.657638
vn 0.379695 0.650649 0.657638
vn 0.353903 0.706403 0.612983
vn 0.270859 0.706400 0.653937
vn 0.290605 0.650642 0.701579
vn 0.353903 0.706403 0.612983
vn 0.439841 0.475579 0.761817
vn 0.336629 0.475553 0.812730
vn 0.270859 0.706400 0.653937
vn 0.270859 0.706400 0.653937
vn 0.336629 0.475553 0.812730
vn 0.227670 0.475574 0.849703
vn 0.183178 0.706403 0.683696
vn 0.290605 0.650642 0.701579
vn 0.270859 0.706400 0.653937
vn 0.183178 0.706403 0.683696
vn 0.196546 0.650645 0.733506
vn 0.196546 0.650645 0.733506
vn 0.183178 0.706403 0.683696
vn 0.092382 0.706399 0.701760
vn 0.099097 0.650647 0.752887
vn 0.183178 0.706403 0.683696
vn 0.227670 0.475574 0.849703
vn 0.114812 0.475545 0.872167
vn 0.092382 0.706399 0.701760
vn 0.092382 0.706399 0.701760
vn 0.114812 0.475545 0.872167
vn 0.000000 0.475575 0.879675
vn 0.000000 0.706405 0.707808
vn 0.099097 0.650647 0.752887
vn 0.092382 0.706399 0.701760
vn 0.000000 0.706405 0.707808
vn 0.000000 0.650643 0.759384
vn 0.000000 0.650643 0.759384
vn 0.000000 0.706405 0.707808
vn -0.092382 0.706399 0.701760
vn -0.099097 0.650647 0.752887
vn 0.000000 0.706405 0.707808
vn 0.000000 0.475575 0.879675
vn -0.114812 0.475545 0.872167
vn -0.092382 0.706399 0.701760
vn -0.092382 0.706399 0.701760
vn -0.114812 0.475545 0.872167
vn -0.227670 0.475574 0.849703
vn -0.183178 0.706403 0.683696
vn -0.099097 0.650647 0.752887
vn -0.092382 0.706399 0.701760
vn -0.183178 0.706403 0.683696
vn -0.196546 0.650645 0.733506
vn -0.196546 0.650645 0.733506
vn -0.183178 0.706403 0.683696
vn -0.270859 0.706400 0.653937
vn -0.290605 0.650642 0.701579
vn -0.183178 0.706403 0.683696
vn -0.227670 0.475574 0.849703
vn -0.336629 0.475553 0.812730
vn -0.270859 0.706400 0.653937
vn -0.270859 0.706400 0.653937
vn -0.336629 0.475553 0.812730
vn -0.439841 0.475579 0.761817
vn -0.353903 0.706403 0.612983
vn -0.290605 0.650642 0.701579
vn -0.270859 0.706400 0.653937
vn -0.353903 0.706403 0.612983
vn -0.379695 0.650649 0.657638
vn -0.379695 0.650649 0.657638
vn -0.353903 0.706403 0.612983
vn -0.430897 0.706392 0.561549
vn -0.462280 0.650648 0.602457
vn -0.353903 0.706403 0.612983
vn -0.439841 0.475579 0.761817
vn -0.535517 0.475547 0.697909
vn -0.430897 0.706392 0.561549
vn -0.430897 0.706392 0.561549
vn -0.535517 0.475547 0.697909
vn -0.622020 0.475587 0.622020
vn -0.500493 0.706409 0.500493
vn -0.462280 0.650648 0.602457
vn -0.430897 0.706392 0.561549
vn -0.500493 0.706409 0.500493
vn -0.536962 0.650648 0.536962
vn -0.536962 0.650648 0.536962
vn -0.500493 0.706409 0.500493
vn -0.561549 0.706392 0.430897
vn -0.602457 0.650648 0.462280
vn -0.500493 0.706409 0.500493
vn -0.622020 0.475587 0.622020
vn -0.697909 0.475547 0.535517
vn -0.561549 0.706392 0.430897
vn -0.561549 0.706392 0.430897
vn -0.697909 0.475547 0.535517
vn -0.761817 0.475579 0.439841
vn -0.612983 0.706403 0.353903
vn -0.602457 0.650648 0.462280
vn -0.561549 0.706392 0.430897
vn -0.612983 0.706403 0.353903
vn -0.657638 0.650649 0.379695
vn -0.657638 0.650649 0.379695
vn -0.612983 0.706403 0.353903
vn -0.653938 0.706400 0.270859
vn -0.701579 0.650642 0.290605
vn -0.612983 0.706403 0.353903
vn -0.761817 0.475579 0.439841
vn -0.812731 0.475553 0.336628
vn -0.653938 0.706400 0.270859
vn -0.653938 0.706400 0.270859
vn -0.812731 0.475553 0.336628
vn -0.849703 0.475574 0.227670
vn -0.683696 0.706403 0.183178
vn -0.701579 0.650642 0.290605
vn -0.653938 0.706400 0.270859
vn -0.683696 0.706403 0.183178
vn -0.733506 0.650645 0.196545
vn -0.733506 0.650645 0.196545
vn -0.683696 0.706403 0.183178
vn -0.701760 0.706399 0.092382
vn -0.752887 0.650647 0.099097
vn -0.683696 0.706403 0.183178
vn -0.849703 0.475574 0.227670
vn -0.872167 0.475544 0.114812
vn -0.701760 0.706399 0.092382
vn -0.701760 0.706399 0.092382
vn -0.872167 0.475544 0.114812
vn -0.879675 0.475575 -0.000000
vn -0.707808 0.706405 -0.000000
vn -0.752887 0.650647 0.099097
vn -0.701760 0.706399 0.092382
vn -0.707808 0.706405 -0.000000
vn -0.759384 0.650643 -0.000000
vn -0.759384 0.650643 -0.000000
vn -0.707808 0.706405 -0.000000
vn -0.701760 0.706399 -0.092382
vn -0.752887 0.650647 -0.099097
vn -0.707808 0.706405 -0.000000
vn -0.879675 0.475575 -0.000000
vn -0.872167 0.475544 -0.114812
vn -0.701760 0.706399 -0.092382
vn -0.701760 0.706399 -0.092382
vn -0.872167 0.475544 -0.114812
vn -0.849703 0.475574 -0.227670
vn -0.683696 0.706403 -0.183178
vn -0.752887 0.650647 -0.099097
vn -0.701760 0.706399 -0.092382
vn -0.683696 0.706403 -0.183178
vn -0.733506 0.650645 -0.196546
vn -0.733506 0.650645 -0.196546
vn -0.683696 0.706403 -0.183178
vn -0.653937 0.706400 -0.270859
vn -0.701579 0.650642 -0.290605
vn -0.683696 0.706403 -0.183178
vn -0.849703 0.475574 -0.227670
vn -0.812730 0.475553 -0.336629
vn -0.653937 0.706400 -0.270859
vn -0.653937 0.706400 -0.270859
vn -0.812730 0.475553 -0.336629
vn -0.761817 0.475579 -0.439841
vn -0.612983 0.706403 -0.353903
vn -0.701579 0.650642 -0.290605
vn -0.653937 0.706400 -0.270859
vn -0.612983 0.706403 -0.353903
vn -0.657638 0.650649 -0.379695
vn -0.657638 0.650649 -0.379695
vn -0.612983 0.706403 -0.353903
vn -0.561549 0.706392 -0.430898
vn -0.602457 0.650647 -0.462281
vn -0.612983 0.706403 -0.353903
vn -0.761817 0.475579 -0.439841
vn -0.697909 0.475547 -0.535517
vn -0.561549 0.706392 -0.430898
vn -0.561549 0.706392 -0.430898
vn -0.697909 0.475547 -0.535517
vn -0.622020 0.475587 -0.622020
vn -0.500493 0.706409 -0.500493
vn -0.602457 0.650647 -0.462281
vn -0.561549 0.706392 -0.430898
vn -0.500493 0.706409 -0.500493
vn -0.536962 0.650648 -0.536962
vn -0.536962 0.650648 -0.536962
vn -0.500493 0.706409 -0.500493
vn -0.430897 0.706392 -0.561549
vn -0.462280 0.650647 -0.602457
vn -0.500493 0.706409 -0.500493
vn -0.622020 0.475587 -0.622020
vn -0.535517 0.475547 -0.697909
vn -0.430897 0.706392 -0.561549
vn -0.430897 0.706392 -0.561549
vn -0.535517 0.475547 -0.697909
vn -0.439841 0.475578 -0.761817
vn -0.353903 0.706403 -0.612983
vn -0.462280 0.650647 -0.602457
vn -0.430897 0.706392 -0.561549
vn -0.353903 0.706403 -0.612983
vn -0.379695 0.650649 -0.657638
vn 0.630098 0.453820 -0.630098
vn 0.542455 0.453826 -0.706955
vn 0.392809 0.763980 -0.511894
vn 0.456267 0.763964 -0.456267
vn 0.542455 0.453826 -0.706955
vn 0.445549 0.453820 -0.771708
vn 0.322622 0.763965 -0.558813
vn 0.392809 0.763980 -0.511894
vn 0.392809 0.763980 -0.511894
vn 0.322622 0.763965 -0.558813
vn 0.164130 0.944587 -0.284283
vn 0.199837 0.944589 -0.260417
vn 0.456267 0.763964 -0.456267
vn 0.392809 0.763980 -0.511894
vn 0.199837 0.944589 -0.260417
vn 0.232125 0.944582 -0.232125
vn -0.379695 0.650649 -0.657638
vn -0.353903 0.706403 -0.612983
vn -0.270859 0.706400 -0.653938
vn -0.290605 0.650642 -0.701579
vn -0.353903 0.706403 -0.612983
vn -0.439841 0.475578 -0.761817
vn -0.336629 0.475552 -0.812731
vn -0.270859 0.706400 -0.653938
vn -0.270859 0.706400 -0.653938
vn -0.336629 0.475552 -0.812731
vn -0.227670 0.475574 -0.849703
vn -0.183178 0.706403 -0.683697
vn -0.290605 0.650642 -0.701579
vn -0.270859 0.706400 -0.653938
vn -0.183178 0.706403 -0.683697
vn -0.196546 0.650645 -0.733506
vn -0.196546 0.650645 -0.733506
vn -0.183178 0.706403 -0.683697
vn -0.092382 0.706398 -0.701760
vn -0.099097 0.650646 -0.752887
vn -0.183178 0.706403 -0.683697
vn -0.227670 0.475574 -0.849703
vn -0.114812 0.475544 -0.872167
vn -0.092382 0.706398 -0.701760
vn -0.092382 0.706398 -0.701760
vn -0.114812 0.475544 -0.872167
vn 0.000000 0.475575 -0.879675
vn 0.000000 0.706404 -0.707808
vn -0.099097 0.650646 -0.752887
vn -0.092382 0.706398 -0.701760
vn 0.000000 0.706404 -0.707808
vn 0.000000 0.650643 -0.759384
vn 0.000000 -0.999952 -0.009827
vn 0.000488 -0.999992 -0.003815
vn 0.000000 -1.000000 0.000000
vn -0.000488 -0.999992 -0.003815
vn 0.002533 -0.999952 -0.009491
vn 0.001465 -0.999993 -0.003540
vn 0.000000 -1.000000 0.000000
vn 0.000488 -0.999992 -0.003815
vn 0.004914 -0.999952 -0.008515
vn 0.002319 -0.999993 -0.003052
vn 0.000000 -1.000000 0.000000
vn 0.001465 -0.999993 -0.003540
vn 0.006928 -0.999952 -0.006928
vn 0.003052 -0.999993 -0.002319
vn 0.000000 -1.000000 0.000000
vn 0.002319 -0.999993 -0.003052
vn 0.008515 -0.999952 -0.004913
vn 0.003540 -0.999993 -0.001465
vn 0.000000 -1.000000 0.000000
vn 0.003052 -0.999993 -0.002319
vn 0.009491 -0.999952 -0.002533
vn 0.003815 -0.999992 -0.000488
vn 0.000000 -1.000000 0.000000
vn 0.003540 -0.999993 -0.001465
vn 0.009827 -0.999952 0.000000
vn 0.003815 -0.999992 0.000488
vn 0.000000 -1.000000 0.000000
vn 0.003815 -0.999992 -0.000488
vn 0.009491 -0.999952 0.002533
vn 0.003540 -0.999993 0.001465
vn 0.000000 -1.000000 0.000000
vn 0.003815 -0.999992 0.000488
vn 0.008515 -0.999952 0.004914
vn 0.003052 -0.999993 0.002320
vn 0.000000 -1.000000 0.000000
vn 0.003540 -0.999993 0.001465
vn 0.006928 -0.999952 0.006928
vn 0.002319 -0.999993 0.003052
vn 0.000000 -1.000000 0.000000
vn 0.003052 -0.999993 0.002320
vn 0.004914 -0.999952 0.008515
vn 0.001465 -0.999993 0.003540
vn 0.000000 -1.000000 0.000000
vn 0.002319 -0.999993 0.003052
vn 0.002533 -0.999952 0.009492
vn 0.000488 -0.999992 0.003815
vn 0.000000 -1.000000 0.000000
vn 0.001465 -0.999993 0.003540
vn 0.000000 -0.999952 0.009827
vn -0.000488 -0.999992 0.003815
vn 0.000000 -1.000000 0.000000
vn 0.000488 -0.999992 0.003815
vn -0.002533 -0.999952 0.009492
vn -0.001465 -0.999993 0.003540
vn 0.000000 -1.000000 0.000000
vn -0.000488 -0.999992 0.003815
vn -0.004914 -0.999952 0.008515
vn -0.002319 -0.999993 0.003052
vn 0.000000 -1.000000 0.000000
vn -0.001465 -0.999993 0.003540
vn -0.006928 -0.999952 0.006928
vn -0.003052 -0.999993 0.002320
vn 0.000000 -1.000000 0.000000
vn -0.002319 -0.999993 0.003052
vn -0.008515 -0.999952 0.004914
vn -0.003540 -0.999993 0.001465
vn 0.000000 -1.000000 0.000000
vn -0.003052 -0.999993 0.002320
vn -0.009491 -0.999952 0.002533
vn -0.003815 -0.999992 0.000488
vn 0.000000 -1.000000 0.000000
vn -0.003540 -0.999993 0.001465
vn -0.009827 -0.999952 0.000000
vn -0.003815 -0.999992 -0.000488
vn 0.000000 -1.000000 0.000000
vn -0.003815 -0.999992 0.000488
vn -0.009491 -0.999952 -0.002533
vn -0.003540 -0.999993 -0.001465
vn 0.000000 -1.000000 0.000000
vn -0.003815 -0.999992 -0.000488
vn -0.008515 -0.999952 -0.004913
vn -0.003052 -0.999993 -0.002319
vn 0.000000 -1.000000 0.000000
vn -0.003540 -0.999993 -0.001465
vn -0.006928 -0.999952 -0.006928
vn -0.002319 -0.999993 -0.003052
vn 0.000000 -1.000000 0.000000
vn -0.003052 -0.999993 -0.002319
vn -0.004914 -0.999952 -0.008515
vn -0.001465 -0.999993 -0.003540
vn 0.000000 -1.000000 0.000000
vn -0.002319 -0.999993 -0.003052
vn -0.002533 -0.999952 -0.009491
vn -0.000488 -0.999992 -0.003815
vn 0.000000 -1.000000 0.000000
vn -0.001465 -0.999993 -0.003540
vn -0.241923 -0.355149 -0.902963
vn -0.252881 -0.212535 -0.943864
vn -0.127539 -0.212534 -0.968795
vn -0.122016 -0.355154 -0.926811
vn -0.252881 -0.212535 -0.943864
vn -0.258286 -0.063816 -0.963958
vn -0.130255 -0.063815 -0.989425
vn -0.127539 -0.212534 -0.968795
vn -0.127539 -0.212534 -0.968795
vn -0.130255 -0.063815 -0.989425
vn 0.000000 -0.063815 -0.997962
vn 0.000000 -0.212534 -0.977154
vn -0.122016 -0.355154 -0.926811
vn -0.127539 -0.212534 -0.968795
vn 0.000000 -0.212534 -0.977154
vn 0.000000 -0.355154 -0.934808
vn -0.467397 -0.355148 -0.809574
vn -0.488582 -0.212536 -0.846236
vn -0.373929 -0.212540 -0.902776
vn -0.357714 -0.355151 -0.863660
vn -0.488582 -0.212536 -0.846236
vn -0.498981 -0.063815 -0.864260
vn -0.381893 -0.063817 -0.922000
vn -0.373929 -0.212540 -0.902776
vn -0.373929 -0.212540 -0.902776
vn -0.381893 -0.063817 -0.922000
vn -0.258286 -0.063816 -0.963958
vn -0.252881 -0.212535 -0.943864
vn -0.357714 -0.355151 -0.863660
vn -0.373929 -0.212540 -0.902776
vn -0.252881 -0.212535 -0.943864
vn -0.241923 -0.355149 -0.902963
vn -0.661010 -0.355149 -0.661010
vn -0.690952 -0.212535 -0.690952
vn -0.594855 -0.212538 -0.775226
vn -0.569060 -0.355151 -0.741646
vn -0.690952 -0.212535 -0.690952
vn -0.705665 -0.063816 -0.705665
vn -0.607521 -0.063816 -0.791736
vn -0.594855 -0.212538 -0.775226
vn -0.594855 -0.212538 -0.775226
vn -0.607521 -0.063816 -0.791736
vn -0.498981 -0.063815 -0.864260
vn -0.488582 -0.212536 -0.846236
vn -0.569060 -0.355151 -0.741646
vn -0.594855 -0.212538 -0.775226
vn -0.488582 -0.212536 -0.846236
vn -0.467397 -0.355148 -0.809574
vn -0.809574 -0.355148 -0.467396
vn -0.846236 -0.212536 -0.488582
vn -0.775226 -0.212538 -0.594855
vn -0.741646 -0.355151 -0.569060
vn -0.846236 -0.212536 -0.488582
vn -0.864260 -0.063815 -0.498981
vn -0.791736 -0.063816 -0.607521
vn -0.775226 -0.212538 -0.594855
vn -0.775226 -0.212538 -0.594855
vn -0.791736 -0.063816 -0.607521
vn -0.705665 -0.063816 -0.705665
vn -0.690952 -0.212535 -0.690952
vn -0.741646 -0.355151 -0.569060
vn -0.775226 -0.212538 -0.594855
vn -0.690952 -0.212535 -0.690952
vn -0.661010 -0.355149 -0.661010
vn -0.902963 -0.355149 -0.241923
vn -0.943864 -0.212535 -0.252881
vn -0.902776 -0.212540 -0.373929
vn -0.863660 -0.355151 -0.357714
vn -0.943864 -0.212535 -0.252881
vn -0.963958 -0.063816 -0.258286
vn -0.922005 -0.063815 -0.381882
vn -0.902776 -0.212540 -0.373929
vn -0.902776 -0.212540 -0.373929
vn -0.922005 -0.063815 -0.381882
vn -0.864260 -0.063815 -0.498981
vn -0.846236 -0.212536 -0.488582
vn -0.863660 -0.355151 -0.357714
vn -0.902776 -0.212540 -0.373929
vn -0.846236 -0.212536 -0.488582
vn -0.809574 -0.355148 -0.467396
vn -0.934808 -0.355154 0.000000
vn -0.977154 -0.212534 0.000000
vn -0.968795 -0.212534 -0.127539
vn -0.926811 -0.355153 -0.122016
vn -0.977154 -0.212534 0.000000
vn -0.997962 -0.063815 0.000000
vn -0.989425 -0.063815 -0.130255
vn -0.968795 -0.212534 -0.127539
vn -0.968795 -0.212534 -0.127539
vn -0.989425 -0.063815 -0.130255
vn -0.963958 -0.063816 -0.258286
vn -0.943864 -0.212535 -0.252881
vn -0.926811 -0.355153 -0.122016
vn -0.968795 -0.212534 -0.127539
vn -0.943864 -0.212535 -0.252881
vn -0.902963 -0.355149 -0.241923
vn -0.902963 -0.355149 0.241924
vn -0.943864 -0.212535 0.252881
vn -0.968795 -0.212534 0.127539
vn -0.926811 -0.355153 0.122016
vn -0.943864 -0.212535 0.252881
vn -0.963958 -0.063816 0.258286
vn -0.989425 -0.063815 0.130255
vn -0.968795 -0.212534 0.127539
vn -0.968795 -0.212534 0.127539
vn -0.989425 -0.063815 0.130255
vn -0.997962 -0.063815 0.000000
vn -0.977154 -0.212534 0.000000
vn -0.926811 -0.355153 0.122016
vn -0.968795 -0.212534 0.127539
vn -0.977154 -0.212534 0.000000
vn -0.934808 -0.355154 0.000000
vn -0.809574 -0.355148 0.467397
vn -0.846236 -0.212536 0.488582
vn -0.902776 -0.212540 0.373929
vn -0.863660 -0.355151 0.357714
vn -0.846236 -0.212536 0.488582
vn -0.864260 -0.063815 0.498981
vn -0.922005 -0.063815 0.381882
vn -0.902776 -0.212540 0.373929
vn -0.902776 -0.212540 0.373929
vn -0.922005 -0.063815 0.381882
vn -0.963958 -0.063816 0.258286
vn -0.943864 -0.212535 0.252881
vn -0.863660 -0.355151 0.357714
vn -0.902776 -0.212540 0.373929
vn -0.943864 -0.212535 0.252881
vn -0.902963 -0.355149 0.241924
vn -0.661010 -0.355149 0.661010
vn -0.690952 -0.212535 0.690952
vn -0.775226 -0.212538 0.594855
vn -0.741646 -0.355151 0.569060
vn -0.690952 -0.212535 0.690952
vn -0.705665 -0.063816 0.705665
vn -0.791736 -0.063816 0.607521
vn -0.775226 -0.212538 0.594855
vn -0.775226 -0.212538 0.594855
vn -0.791736 -0.063816 0.607521
vn -0.864260 -0.063815 0.498981
vn -0.846236 -0.212536 0.488582
vn -0.741646 -0.355151 0.569060
vn -0.775226 -0.212538 0.594855
vn -0.846236 -0.212536 0.488582
vn -0.809574 -0.355148 0.467397
vn -0.467397 -0.355148 0.809574
vn -0.488582 -0.212536 0.846237
vn -0.594855 -0.212538 0.775226
vn -0.569060 -0.355151 0.741646
vn -0.488582 -0.212536 0.846237
vn -0.498981 -0.063815 0.864260
vn -0.607521 -0.063816 0.791736
vn -0.594855 -0.212538 0.775226
vn -0.594855 -0.212538 0.775226
vn -0.607521 -0.063816 0.791736
vn -0.705665 -0.063816 0.705665
vn -0.690952 -0.212535 0.690952
vn -0.569060 -0.355151 0.741646
vn -0.594855 -0.212538 0.775226
vn -0.690952 -0.212535 0.690952
vn -0.661010 -0.355149 0.661010
vn -0.241923 -0.355148 0.902963
vn -0.252881 -0.212535 0.943864
vn -0.373929 -0.212540 0.902776
vn -0.357714 -0.355151 0.863660
vn -0.252881 -0.212535 0.943864
vn -0.258286 -0.063816 0.963958
vn -0.381882 -0.063815 0.922005
vn -0.373929 -0.212540 0.902776
vn -0.373929 -0.212540 0.902776
vn -0.381882 -0.063815 0.922005
vn -0.498981 -0.063815 0.864260
vn -0.488582 -0.212536 0.846237
vn -0.357714 -0.355151 0.863660
vn -0.373929 -0.212540 0.902776
vn -0.488582 -0.212536 0.846237
vn -0.467397 -0.355148 0.809574
vn 0.000000 -0.355154 0.934808
vn 0.000000 -0.212533 0.977154
vn -0.127539 -0.212534 0.968795
vn -0.122016 -0.355153 0.926811
vn 0.000000 -0.212533 0.977154
vn 0.000000 -0.063814 0.997962
vn -0.130255 -0.063815 0.989425
vn -0.127539 -0.212534 0.968795
vn -0.127539 -0.212534 0.968795
vn -0.130255 -0.063815 0.989425
vn -0.258286 -0.063816 0.963958
vn -0.252881 -0.212535 0.943864
vn -0.122016 -0.355153 0.926811
vn -0.127539 -0.212534 0.968795
vn -0.252881 -0.212535 0.943864
vn -0.241923 -0.355148 0.902963
vn 0.241923 -0.355148 0.902963
vn 0.252881 -0.212535 0.943864
vn 0.127539 -0.212534 0.968795
vn 0.122016 -0.355153 0.926811
vn 0.252881 -0.212535 0.943864
vn 0.258286 -0.063816 0.963958
vn 0.130255 -0.063815 0.989425
vn 0.127539 -0.212534 0.968795
vn 0.127539 -0.212534 0.968795
vn 0.130255 -0.063815 0.989425
vn 0.000000 -0.063814 0.997962
vn 0.000000 -0.212533 0.977154
vn 0.122016 -0.355153 0.926811
vn 0.127539 -0.212534 0.968795
vn 0.000000 -0.212533 0.977154
vn 0.000000 -0.355154 0.934808
vn 0.467397 -0.355148 0.809574
vn 0.488582 -0.212536 0.846237
vn 0.373929 -0.212540 0.902776
vn 0.357714 -0.355151 0.863660
vn 0.488582 -0.212536 0.846237
vn 0.498981 -0.063815 0.864260
vn 0.381893 -0.063817 0.922000
vn 0.373929 -0.212540 0.902776
vn 0.373929 -0.212540 0.902776
vn 0.381893 -0.063817 0.922000
vn 0.258286 -0.063816 0.963958
vn 0.252881 -0.212535 0.943864
vn 0.357714 -0.355151 0.863660
vn 0.373929 -0.212540 0.902776
vn 0.252881 -0.212535 0.943864
vn 0.241923 -0.355148 0.902963
vn 0.661010 -0.355149 0.661010
vn 0.690952 -0.212535 0.690952
vn 0.594855 -0.212538 0.775226
vn 0.569060 -0.355151 0.741646
vn 0.690952 -0.212535 0.690952
vn 0.705665 -0.063816 0.705665
vn 0.607521 -0.063816 0.791736
vn 0.594855 -0.212538 0.775226
vn 0.594855 -0.212538 0.775226
vn 0.607521 -0.063816 0.791736
vn 0.498981 -0.063815 0.864260
vn 0.488582 -0.212536 0.846237
vn 0.569060 -0.355151 0.741646
vn 0.594855 -0.212538 0.775226
vn 0.488582 -0.212536 0.846237
vn 0.467397 -0.355148 0.809574
vn 0.809574 -0.355148 0.467397
vn 0.846236 -0.212536 0.488582
vn 0.775226 -0.212538 0.594855
vn 0.741646 -0.355151 0.569060
vn 0.846236 -0.212536 0.488582
vn 0.864260 -0.063815 0.498981
vn 0.791736 -0.063816 0.607521
vn 0.775226 -0.212538 0.594855
vn 0.775226 -0.212538 0.594855
vn 0.791736 -0.063816 0.607521
vn 0.705665 -0.063816 0.705665
vn 0.690952 -0.212535 0.690952
vn 0.741646 -0.355151 0.569060
vn 0.775226 -0.212538 0.594855
vn 0.690952 -0.212535 0.690952
vn 0.661010 -0.355149 0.661010
vn 0.902963 -0.355149 0.241924
vn 0.943864 -0.212535 0.252881
vn 0.902776 -0.212540 0.373929
vn 0.863660 -0.355151 0.357714
vn 0.943864 -0.212535 0.252881
vn 0.963958 -0.063816 0.258286
vn 0.922005 -0.063815 0.381882
vn 0.902776 -0.212540 0.373929
vn 0.902776 -0.212540 0.373929
vn 0.922005 -0.063815 0.381882
vn 0.864260 -0.063815 0.498981
vn 0.846236 -0.212536 0.488582
vn 0.863660 -0.355151 0.357714
vn 0.902776 -0.212540 0.373929
vn 0.846236 -0.212536 0.488582
vn 0.809574 -0.355148 0.467397
vn 0.934808 -0.355154 0.000000
vn 0.977154 -0.212534 0.000000
vn 0.968795 -0.212534 0.127539
vn 0.926811 -0.355153 0.122016
vn 0.977154 -0.212534 0.000000
vn 0.997962 -0.063815 0.000000
vn 0.989425 -0.063815 0.130255
vn 0.968795 -0.212534 0.127539
vn 0.968795 -0.212534 0.127539
vn 0.989425 -0.063815 0.130255
vn 0.963958 -0.063816 0.258286
vn 0.943864 -0.212535 0.252881
vn 0.926811 -0.355153 0.122016
vn 0.968795 -0.212534 0.127539
vn 0.943864 -0.212535 0.252881
vn 0.902963 -0.355149 0.241924
vn 0.902963 -0.355149 -0.241923
vn 0.943864 -0.212535 -0.252881
vn 0.968795 -0.212534 -0.127539
vn 0.926811 -0.355153 -0.122016
vn 0.943864 -0.212535 -0.252881
vn 0.963958 -0.063816 -0.258286
vn 0.989425 -0.063815 -0.130255
vn 0.968795 -0.212534 -0.127539
vn 0.968795 -0.212534 -0.127539
vn 0.989425 -0.063815 -0.130255
vn 0.997962 -0.063815 0.000000
vn 0.977154 -0.212534 0.000000
vn 0.926811 -0.355153 -0.122016
vn 0.968795 -0.212534 -0.127539
vn 0.977154 -0.212534 0.000000
vn 0.934808 -0.355154 0.000000
vn 0.809574 -0.355148 -0.467396
vn 0.846236 -0.212536 -0.488582
vn 0.902776 -0.212540 -0.373929
vn 0.863660 -0.355151 -0.357714
vn 0.846236 -0.212536 -0.488582
vn 0.864260 -0.063815 -0.498981
vn 0.922005 -0.063815 -0.381882
vn 0.902776 -0.212540 -0.373929
vn 0.902776 -0.212540 -0.373929
vn 0.922005 -0.063815 -0.381882
vn 0.963958 -0.063816 -0.258286
vn 0.943864 -0.212535 -0.252881
vn 0.863660 -0.355151 -0.357714
vn 0.902776 -0.212540 -0.373929
vn 0.943864 -0.212535 -0.252881
vn 0.902963 -0.355149 -0.241923
vn 0.661010 -0.355149 -0.661010
vn 0.690952 -0.212535 -0.690952
vn 0.775226 -0.212538 -0.594855
vn 0.741646 -0.355151 -0.569060
vn 0.690952 -0.212535 -0.690952
vn 0.705665 -0.063816 -0.705665
vn 0.791736 -0.063816 -0.607521
vn 0.775226 -0.212538 -0.594855
vn 0.775226 -0.212538 -0.594855
vn 0.791736 -0.063816 -0.607521
vn 0.864260 -0.063815 -0.498981
vn 0.846236 -0.212536 -0.488582
vn 0.741646 -0.355151 -0.569060
vn 0.775226 -0.212538 -0.594855
vn 0.846236 -0.212536 -0.488582
vn 0.809574 -0.355148 -0.467396
vn 0.467397 -0.355148 -0.809574
vn 0.488582 -0.212536 -0.846236
vn 0.594855 -0.212538 -0.775226
vn 0.569060 -0.355151 -0.741646
vn 0.488582 -0.212536 -0.846236
vn 0.498981 -0.063815 -0.864260
vn 0.607521 -0.063816 -0.791736
vn 0.594855 -0.212538 -0.775226
vn 0.594855 -0.212538 -0.775226
vn 0.607521 -0.063816 -0.791736
vn 0.705665 -0.063816 -0.705665
vn 0.690952 -0.212535 -0.690952
vn 0.569060 -0.355151 -0.741646
vn 0.594855 -0.212538 -0.775226
vn 0.690952 -0.212535 -0.690952
vn 0.661010 -0.355149 -0.661010
vn 0.241923 -0.355149 -0.902963
vn 0.252881 -0.212535 -0.943864
vn 0.373929 -0.212540 -0.902776
vn 0.357714 -0.355151 -0.863660
vn 0.252881 -0.212535 -0.943864
vn 0.258286 -0.063816 -0.963958
vn 0.381882 -0.063815 -0.922005
vn 0.373929 -0.212540 -0.902776
vn 0.373929 -0.212540 -0.902776
vn 0.381882 -0.063815 -0.922005
vn 0.498981 -0.063815 -0.864260
vn 0.488582 -0.212536 -0.846236
vn 0.357714 -0.355151 -0.863660
vn 0.373929 -0.212540 -0.902776
vn 0.488582 -0.212536 -0.846236
vn 0.467397 -0.355148 -0.809574
vn 0.000000 -0.355154 -0.934808
vn 0.000000 -0.212534 -0.977154
vn 0.127539 -0.212534 -0.968795
vn 0.122016 -0.355154 -0.926811
vn 0.000000 -0.212534 -0.977154
vn 0.000000 -0.063815 -0.997962
vn 0.130255 -0.063815 -0.989425
vn 0.127539 -0.212534 -0.968795
vn 0.127539 -0.212534 -0.968795
vn 0.130255 -0.063815 -0.989425
vn 0.258286 -0.063816 -0.963958
vn 0.252881 -0.212535 -0.943864
vn 0.122016 -0.355154 -0.926811
vn 0.127539 -0.212534 -0.968795
vn 0.252881 -0.212535 -0.943864
vn 0.241923 -0.355149 -0.902963
vn -0.258286 -0.063816 -0.963958
vn -0.257552 0.098150 -0.961267
vn -0.129890 0.098150 -0.986659
vn -0.130255 -0.063815 -0.989425
vn -0.257552 0.098150 -0.961267
vn -0.248729 0.276410 -0.928295
vn -0.125435 0.276415 -0.952817
vn -0.129890 0.098150 -0.986659
vn -0.129890 0.098150 -0.986659
vn -0.125435 0.276415 -0.952817
vn 0.000000 0.276409 -0.961040
vn 0.000000 0.098150 -0.995172
vn -0.130255 -0.063815 -0.989425
vn -0.129890 0.098150 -0.986659
vn 0.000000 0.098150 -0.995172
vn 0.000000 -0.063815 -0.997962
vn -0.498981 -0.063815 -0.864260
vn -0.497591 0.098151 -0.861841
vn -0.380820 0.098150 -0.919425
vn -0.381893 -0.063817 -0.922000
vn -0.497591 0.098151 -0.861841
vn -0.480522 0.276410 -0.832284
vn -0.367755 0.276411 -0.887892
vn -0.380820 0.098150 -0.919425
vn -0.380820 0.098150 -0.919425
vn -0.367755 0.276411 -0.887892
vn -0.248729 0.276410 -0.928295
vn -0.257552 0.098150 -0.961267
vn -0.381893 -0.063817 -0.922000
vn -0.380820 0.098150 -0.919425
vn -0.257552 0.098150 -0.961267
vn -0.258286 -0.063816 -0.963958
vn -0.705665 -0.063816 -0.705665
vn -0.703693 0.098151 -0.703693
vn -0.605808 0.098150 -0.789534
vn -0.607521 -0.063816 -0.791736
vn -0.703693 0.098151 -0.703693
vn -0.679572 0.276413 -0.679542
vn -0.585056 0.276413 -0.762434
vn -0.605808 0.098150 -0.789534
vn -0.605808 0.098150 -0.789534
vn -0.585056 0.276413 -0.762434
vn -0.480522 0.276410 -0.832284
vn -0.497591 0.098151 -0.861841
vn -0.607521 -0.063816 -0.791736
vn -0.605808 0.098150 -0.789534
vn -0.497591 0.098151 -0.861841
vn -0.498981 -0.063815 -0.864260
vn -0.864260 -0.063815 -0.498981
vn -0.861849 0.098148 -0.497577
vn -0.789534 0.098150 -0.605808
vn -0.791736 -0.063816 -0.607521
vn -0.861849 0.098148 -0.497577
vn -0.832284 0.276410 -0.480522
vn -0.762434 0.276413 -0.585056
vn -0.789534 0.098150 -0.605808
vn -0.789534 0.098150 -0.605808
vn -0.762434 0.276413 -0.585056
vn -0.679572 0.276413 -0.679542
vn -0.703693 0.098151 -0.703693
vn -0.791736 -0.063816 -0.607521
vn -0.789534 0.098150 -0.605808
vn -0.703693 0.098151 -0.703693
vn -0.705665 -0.063816 -0.705665
vn -0.963958 -0.063816 -0.258286
vn -0.961266 0.098150 -0.257552
vn -0.919425 0.098150 -0.380820
vn -0.922005 -0.063815 -0.381882
vn -0.961266 0.098150 -0.257552
vn -0.928295 0.276410 -0.248729
vn -0.887892 0.276411 -0.367755
vn -0.919425 0.098150 -0.380820
vn -0.919425 0.098150 -0.380820
vn -0.887892 0.276411 -0.367755
vn -0.832284 0.276410 -0.480522
vn -0.861849 0.098148 -0.497577
vn -0.922005 -0.063815 -0.381882
vn -0.919425 0.098150 -0.380820
vn -0.861849 0.098148 -0.497577
vn -0.864260 -0.063815 -0.498981
vn -0.997962 -0.063815 0.000000
vn -0.995172 0.098150 -0.000000
vn -0.986659 0.098150 -0.129890
vn -0.989425 -0.063815 -0.130255
vn -0.995172 0.098150 -0.000000
vn -0.961040 0.276410 -0.000000
vn -0.952817 0.276415 -0.125435
vn -0.986659 0.098150 -0.129890
vn -0.986659 0.098150 -0.129890
vn -0.952817 0.276415 -0.125435
vn -0.928295 0.276410 -0.248729
vn -0.961266 0.098150 -0.257552
vn -0.989425 -0.063815 -0.130255
vn -0.986659 0.098150 -0.129890
vn -0.961266 0.098150 -0.257552
vn -0.963958 -0.063816 -0.258286
vn -0.963958 -0.063816 0.258286
vn -0.961266 0.098150 0.257552
vn -0.986659 0.098150 0.129890
vn -0.989425 -0.063815 0.130255
vn -0.961266 0.098150 0.257552
vn -0.928295 0.276410 0.248729
vn -0.952817 0.276415 0.125435
vn -0.986659 0.098150 0.129890
vn -0.986659 0.098150 0.129890
vn -0.952817 0.276415 0.125435
vn -0.961040 0.276410 -0.000000
vn -0.995172 0.098150 -0.000000
vn -0.989425 -0.063815 0.130255
vn -0.986659 0.098150 0.129890
vn -0.995172 0.098150 -0.000000
vn -0.997962 -0.063815 0.000000
vn -0.864260 -0.063815 0.498981
vn -0.861849 0.098148 0.497577
vn -0.919425 0.098150 0.380820
vn -0.922005 -0.063815 0.381882
vn -0.861849 0.098148 0.497577
vn -0.832284 0.276411 0.480522
vn -0.887892 0.276412 0.367755
vn -0.919425 0.098150 0.380820
vn -0.919425 0.098150 0.380820
vn -0.887892 0.276412 0.367755
vn -0.928295 0.276410 0.248729
vn -0.961266 0.098150 0.257552
vn -0.922005 -0.063815 0.381882
vn -0.919425 0.098150 0.380820
vn -0.961266 0.098150 0.257552
vn -0.963958 -0.063816 0.258286
vn -0.705665 -0.063816 0.705665
vn -0.703692 0.098151 0.703692
vn -0.789534 0.098150 0.605808
vn -0.791736 -0.063816 0.607521
vn -0.703692 0.098151 0.703692
vn -0.679542 0.276413 0.679572
vn -0.762434 0.276414 0.585056
vn -0.789534 0.098150 0.605808
vn -0.789534 0.098150 0.605808
vn -0.762434 0.276414 0.585056
vn -0.832284 0.276411 0.480522
vn -0.861849 0.098148 0.497577
vn -0.791736 -0.063816 0.607521
vn -0.789534 0.098150 0.605808
vn -0.861849 0.098148 0.497577
vn -0.864260 -0.063815 0.498981
vn -0.498981 -0.063815 0.864260
vn -0.497577 0.098148 0.861849
vn -0.605808 0.098150 0.789534
vn -0.607521 -0.063816 0.791736
vn -0.497577 0.098148 0.861849
vn -0.480522 0.276411 0.832284
vn -0.585056 0.276414 0.762434
vn -0.605808 0.098150 0.789534
vn -0.605808 0.098150 0.789534
vn -0.585056 0.276414 0.762434
vn -0.679542 0.276413 0.679572
vn -0.703692 0.098151 0.703692
vn -0.607521 -0.063816 0.791736
vn -0.605808 0.098150 0.789534
vn -0.703692 0.098151 0.703692
vn -0.705665 -0.063816 0.705665
vn -0.258286 -0.063816 0.963958
vn -0.257552 0.098150 0.961266
vn -0.380820 0.098150 0.919425
vn -0.381882 -0.063815 0.922005
vn -0.257552 0.098150 0.961266
vn -0.248729 0.276410 0.928295
vn -0.367755 0.276412 0.887892
vn -0.380820 0.098150 0.919425
vn -0.380820 0.098150 0.919425
vn -0.367755 0.276412 0.887892
vn -0.480522 0.276411 0.832284
vn -0.497577 0.098148 0.861849
vn -0.381882 -0.063815 0.922005
vn -0.380820 0.098150 0.919425
vn -0.497577 0.098148 0.861849
vn -0.498981 -0.063815 0.864260
vn 0.000000 -0.063814 0.997962
vn 0.000000 0.098150 0.995172
vn -0.129890 0.098150 0.986659
vn -0.130255 -0.063815 0.989425
vn 0.000000 0.098150 0.995172
vn 0.000000 0.276410 0.961040
vn -0.125435 0.276415 0.952817
vn -0.129890 0.098150 0.986659
vn -0.129890 0.098150 0.986659
vn -0.125435 0.276415 0.952817
vn -0.248729 0.276410 0.928295
vn -0.257552 0.098150 0.961266
vn -0.130255 -0.063815 0.989425
vn -0.129890 0.098150 0.986659
vn -0.257552 0.098150 0.961266
vn -0.258286 -0.063816 0.963958
vn 0.258286 -0.063816 0.963958
vn 0.257552 0.098150 0.961266
vn 0.129890 0.098150 0.986659
vn 0.130255 -0.063815 0.989425
vn 0.257552 0.098150 0.961266
vn 0.248729 0.276410 0.928295
vn 0.125435 0.276415 0.952817
vn 0.129890 0.098150 0.986659
vn 0.129890 0.098150 0.986659
vn 0.125435 0.276415 0.952817
vn 0.000000 0.276410 0.961040
vn 0.000000 0.098150 0.995172
vn 0.130255 -0.063815 0.989425
vn 0.129890 0.098150 0.986659
vn 0.000000 0.098150 0.995172
vn 0.000000 -0.063814 0.997962
vn 0.498981 -0.063815 0.864260
vn 0.497577 0.098148 0.861849
vn 0.380820 0.098150 0.919425
vn 0.381893 -0.063817 0.922000
vn 0.497577 0.098148 0.861849
vn 0.480522 0.276411 0.832284
vn 0.367755 0.276412 0.887892
vn 0.380820 0.098150 0.919425
vn 0.380820 0.098150 0.919425
vn 0.367755 0.276412 0.887892
vn 0.248729 0.276410 0.928295
vn 0.257552 0.098150 0.961266
vn 0.381893 -0.063817 0.922000
vn 0.380820 0.098150 0.919425
vn 0.257552 0.098150 0.961266
vn 0.258286 -0.063816 0.963958
vn 0.705665 -0.063816 0.705665
vn 0.703692 0.098151 0.703692
vn 0.605808 0.098150 0.789534
vn 0.607521 -0.063816 0.791736
vn 0.703692 0.098151 0.703692
vn 0.679556 0.276419 0.679556
vn 0.585056 0.276414 0.762434
vn 0.605808 0.098150 0.789534
vn 0.605808 0.098150 0.789534
vn 0.585056 0.276414 0.762434
vn 0.480522 0.276411 0.832284
vn 0.497577 0.098148 0.861849
vn 0.607521 -0.063816 0.791736
vn 0.605808 0.098150 0.789534
vn 0.497577 0.098148 0.861849
vn 0.498981 -0.063815 0.864260
vn 0.864260 -0.063815 0.498981
vn 0.861849 0.098148 0.497577
vn 0.789534 0.098150 0.605808
vn 0.791736 -0.063816 0.607521
vn 0.861849 0.098148 0.497577
vn 0.832284 0.276411 0.480522
vn 0.762434 0.276414 0.585056
vn 0.789534 0.098150 0.605808
vn 0.789534 0.098150 0.605808
vn 0.762434 0.276414 0.585056
vn 0.679556 0.276419 0.679556
vn 0.703692 0.098151 0.703692
vn 0.791736 -0.063816 0.607521
vn 0.789534 0.098150 0.605808
vn 0.703692 0.098151 0.703692
vn 0.705665 -0.063816 0.705665
vn 0.963958 -0.063816 0.258286
vn 0.961266 0.098150 0.257552
vn 0.919425 0.098150 0.380820
vn 0.922005 -0.063815 0.381882
vn 0.961266 0.098150 0.257552
vn 0.928295 0.276410 0.248729
vn 0.887892 0.276412 0.367755
vn 0.919425 0.098150 0.380820
vn 0.919425 0.098150 0.380820
vn 0.887892 0.276412 0.367755
vn 0.832284 0.276411 0.480522
vn 0.861849 0.098148 0.497577
vn 0.922005 -0.063815 0.381882
vn 0.919425 0.098150 0.380820
vn 0.861849 0.098148 0.497577
vn 0.864260 -0.063815 0.498981
vn 0.997962 -0.063815 0.000000
vn 0.995172 0.098150 -0.000000
vn 0.986659 0.098150 0.129890
vn 0.989425 -0.063815 0.130255
vn 0.995172 0.098150 -0.000000
vn 0.961040 0.276410 -0.000000
vn 0.952817 0.276415 0.125435
vn 0.986659 0.098150 0.129890
vn 0.986659 0.098150 0.129890
vn 0.952817 0.276415 0.125435
vn 0.928295 0.276410 0.248729
vn 0.961266 0.098150 0.257552
vn 0.989425 -0.063815 0.130255
vn 0.986659 0.098150 0.129890
vn 0.961266 0.098150 0.257552
vn 0.963958 -0.063816 0.258286
vn 0.963958 -0.063816 -0.258286
vn 0.961266 0.098150 -0.257552
vn 0.986659 0.098150 -0.129890
vn 0.989425 -0.063815 -0.130255
vn 0.961266 0.098150 -0.257552
vn 0.928295 0.276410 -0.248729
vn 0.952817 0.276415 -0.125435
vn 0.986659 0.098150 -0.129890
vn 0.986659 0.098150 -0.129890
vn 0.952817 0.276415 -0.125435
vn 0.961040 0.276410 -0.000000
vn 0.995172 0.098150 -0.000000
vn 0.989425 -0.063815 -0.130255
vn 0.986659 0.098150 -0.129890
vn 0.995172 0.098150 -0.000000
vn 0.997962 -0.063815 0.000000
vn 0.864260 -0.063815 -0.498981
vn 0.861849 0.098148 -0.497577
vn 0.919425 0.098150 -0.380820
vn 0.922005 -0.063815 -0.381882
vn 0.861849 0.098148 -0.497577
vn 0.832284 0.276410 -0.480522
vn 0.887892 0.276411 -0.367755
vn 0.919425 0.098150 -0.380820
vn 0.919425 0.098150 -0.380820
vn 0.887892 0.276411 -0.367755
vn 0.928295 0.276410 -0.248729
vn 0.961266 0.098150 -0.257552
vn 0.922005 -0.063815 -0.381882
vn 0.919425 0.098150 -0.380820
vn 0.961266 0.098150 -0.257552
vn 0.963958 -0.063816 -0.258286
vn 0.705665 -0.063816 -0.705665
vn 0.703693 0.098151 -0.703693
vn 0.789534 0.098150 -0.605808
vn 0.791736 -0.063816 -0.607521
vn 0.703693 0.098151 -0.703693
vn 0.679572 0.276413 -0.679542
vn 0.762434 0.276413 -0.585056
vn 0.789534 0.098150 -0.605808
vn 0.789534 0.098150 -0.605808
vn 0.762434 0.276413 -0.585056
vn 0.832284 0.276410 -0.480522
vn 0.861849 0.098148 -0.497577
vn 0.791736 -0.063816 -0.607521
vn 0.789534 0.098150 -0.605808
vn 0.861849 0.098148 -0.497577
vn 0.864260 -0.063815 -0.498981
vn 0.498981 -0.063815 -0.864260
vn 0.497577 0.098148 -0.861849
vn 0.605808 0.098150 -0.789534
vn 0.607521 -0.063816 -0.791736
vn 0.497577 0.098148 -0.861849
vn 0.480522 0.276410 -0.832284
vn 0.585056 0.276413 -0.762434
vn 0.605808 0.098150 -0.789534
vn 0.605808 0.098150 -0.789534
vn 0.585056 0.276413 -0.762434
vn 0.679572 0.276413 -0.679542
vn 0.703693 0.098151 -0.703693
vn 0.607521 -0.063816 -0.791736
vn 0.605808 0.098150 -0.789534
vn 0.703693 0.098151 -0.703693
vn 0.705665 -0.063816 -0.705665
vn 0.258286 -0.063816 -0.963958
vn 0.257552 0.098150 -0.961267
vn 0.380820 0.098150 -0.919425
vn 0.381882 -0.063815 -0.922005
vn 0.257552 0.098150 -0.961267
vn 0.248729 0.276410 -0.928295
vn 0.367755 0.276411 -0.887892
vn 0.380820 0.098150 -0.919425
vn 0.380820 0.098150 -0.919425
vn 0.367755 0.276411 -0.887892
vn 0.480522 0.276410 -0.832284
vn 0.497577 0.098148 -0.861849
vn 0.381882 -0.063815 -0.922005
vn 0.380820 0.098150 -0.919425
vn 0.497577 0.098148 -0.861849
vn 0.498981 -0.063815 -0.864260
vn 0.000000 -0.063815 -0.997962
vn 0.000000 0.098150 -0.995172
vn 0.129890 0.098150 -0.986659
vn 0.130255 -0.063815 -0.989425
vn 0.000000 0.098150 -0.995172
vn 0.000000 0.276409 -0.961040
vn 0.125435 0.276415 -0.952817
vn 0.129890 0.098150 -0.986659
vn 0.129890 0.098150 -0.986659
vn 0.125435 0.276415 -0.952817
vn 0.248729 0.276410 -0.928295
vn 0.257552 0.098150 -0.961267
vn 0.130255 -0.063815 -0.989425
vn 0.129890 0.098150 -0.986659
vn 0.257552 0.098150 -0.961267
vn 0.258286 -0.063816 -0.963958
vn -0.248729 0.276410 -0.928295
vn -0.227338 0.477932 -0.848468
vn -0.114632 0.477939 -0.870881
vn -0.125435 0.276415 -0.952817
vn -0.227338 0.477932 -0.848468
vn -0.196546 0.650645 -0.733506
vn -0.099097 0.650646 -0.752887
vn -0.114632 0.477939 -0.870881
vn -0.114632 0.477939 -0.870881
vn -0.099097 0.650646 -0.752887
vn 0.000000 0.650643 -0.759384
vn 0.000000 0.477928 -0.878399
vn -0.125435 0.276415 -0.952817
vn -0.114632 0.477939 -0.870881
vn 0.000000 0.477928 -0.878399
vn 0.000000 0.276409 -0.961040
vn -0.480522 0.276410 -0.832284
vn -0.439199 0.477927 -0.760717
vn -0.336139 0.477931 -0.811537
vn -0.367755 0.276411 -0.887892
vn -0.439199 0.477927 -0.760717
vn -0.379695 0.650649 -0.657638
vn -0.290605 0.650642 -0.701579
vn -0.336139 0.477931 -0.811537
vn -0.336139 0.477931 -0.811537
vn -0.290605 0.650642 -0.701579
vn -0.196546 0.650645 -0.733506
vn -0.227338 0.477932 -0.848468
vn -0.367755 0.276411 -0.887892
vn -0.336139 0.477931 -0.811537
vn -0.227338 0.477932 -0.848468
vn -0.248729 0.276410 -0.928295
vn -0.679572 0.276413 -0.679542
vn -0.621122 0.477927 -0.621122
vn -0.534731 0.477934 -0.696880
vn -0.585056 0.276413 -0.762434
vn -0.621122 0.477927 -0.621122
vn -0.536962 0.650648 -0.536962
vn -0.462280 0.650647 -0.602457
vn -0.534731 0.477934 -0.696880
vn -0.534731 0.477934 -0.696880
vn -0.462280 0.650647 -0.602457
vn -0.379695 0.650649 -0.657638
vn -0.439199 0.477927 -0.760717
vn -0.585056 0.276413 -0.762434
vn -0.534731 0.477934 -0.696880
vn -0.439199 0.477927 -0.760717
vn -0.480522 0.276410 -0.832284
vn -0.832284 0.276410 -0.480522
vn -0.760716 0.477927 -0.439199
vn -0.696880 0.477934 -0.534731
vn -0.762434 0.276413 -0.585056
vn -0.760716 0.477927 -0.439199
vn -0.657638 0.650649 -0.379695
vn -0.602457 0.650647 -0.462281
vn -0.696880 0.477934 -0.534731
vn -0.696880 0.477934 -0.534731
vn -0.602457 0.650647 -0.462281
vn -0.536962 0.650648 -0.536962
vn -0.621122 0.477927 -0.621122
vn -0.762434 0.276413 -0.585056
vn -0.696880 0.477934 -0.534731
vn -0.621122 0.477927 -0.621122
vn -0.679572 0.276413 -0.679542
vn -0.928295 0.276410 -0.248729
vn -0.848468 0.477933 -0.227339
vn -0.811537 0.477931 -0.336139
vn -0.887892 0.276411 -0.367755
vn -0.848468 0.477933 -0.227339
vn -0.733506 0.650645 -0.196546
vn -0.701579 0.650642 -0.290605
vn -0.811537 0.477931 -0.336139
vn -0.811537 0.477931 -0.336139
vn -0.701579 0.650642 -0.290605
vn -0.657638 0.650649 -0.379695
vn -0.760716 0.477927 -0.439199
vn -0.887892 0.276411 -0.367755
vn -0.811537 0.477931 -0.336139
vn -0.760716 0.477927 -0.439199
vn -0.832284 0.276410 -0.480522
vn -0.961040 0.276410 -0.000000
vn -0.878399 0.477928 -0.000000
vn -0.870881 0.477939 -0.114632
vn -0.952817 0.276415 -0.125435
vn -0.878399 0.477928 -0.000000
vn -0.759384 0.650643 -0.000000
vn -0.752887 0.650647 -0.099097
vn -0.870881 0.477939 -0.114632
vn -0.870881 0.477939 -0.114632
vn -0.752887 0.650647 -0.099097
vn -0.733506 0.650645 -0.196546
vn -0.848468 0.477933 -0.227339
vn -0.952817 0.276415 -0.125435
vn -0.870881 0.477939 -0.114632
vn -0.848468 0.477933 -0.227339
vn -0.928295 0.276410 -0.248729
vn -0.928295 0.276410 0.248729
vn -0.848468 0.477933 0.227338
vn -0.870881 0.477939 0.114632
vn -0.952817 0.276415 0.125435
vn -0.848468 0.477933 0.227338
vn -0.733506 0.650645 0.196545
vn -0.752887 0.650647 0.099097
vn -0.870881 0.477939 0.114632
vn -0.870881 0.477939 0.114632
vn -0.752887 0.650647 0.099097
vn -0.759384 0.650643 -0.000000
vn -0.878399 0.477928 -0.000000
vn -0.952817 0.276415 0.125435
vn -0.870881 0.477939 0.114632
vn -0.878399 0.477928 -0.000000
vn -0.961040 0.276410 -0.000000
vn -0.832284 0.276411 0.480522
vn -0.760716 0.477928 0.439199
vn -0.811537 0.477931 0.336139
vn -0.887892 0.276412 0.367755
vn -0.760716 0.477928 0.439199
vn -0.657638 0.650649 0.379695
vn -0.701579 0.650642 0.290605
vn -0.811537 0.477931 0.336139
vn -0.811537 0.477931 0.336139
vn -0.701579 0.650642 0.290605
vn -0.733506 0.650645 0.196545
vn -0.848468 0.477933 0.227338
vn -0.887892 0.276412 0.367755
vn -0.811537 0.477931 0.336139
vn -0.848468 0.477933 0.227338
vn -0.928295 0.276410 0.248729
vn -0.679542 0.276413 0.679572
vn -0.621122 0.477927 0.621122
vn -0.696880 0.477934 0.534731
vn -0.762434 0.276414 0.585056
vn -0.621122 0.477927 0.621122
vn -0.536962 0.650648 0.536962
vn -0.602457 0.650648 0.462280
vn -0.696880 0.477934 0.534731
vn -0.696880 0.477934 0.534731
vn -0.602457 0.650648 0.462280
vn -0.657638 0.650649 0.379695
vn -0.760716 0.477928 0.439199
vn -0.762434 0.276414 0.585056
vn -0.696880 0.477934 0.534731
vn -0.760716 0.477928 0.439199
vn -0.832284 0.276411 0.480522
vn -0.480522 0.276411 0.832284
vn -0.439199 0.477928 0.760716
vn -0.534731 0.477934 0.696880
vn -0.585056 0.276414 0.762434
vn -0.439199 0.477928 0.760716
vn -0.379695 0.650649 0.657638
vn -0.462280 0.650648 0.602457
vn -0.534731 0.477934 0.696880
vn -0.534731 0.477934 0.696880
vn -0.462280 0.650648 0.602457
vn -0.536962 0.650648 0.536962
vn -0.621122 0.477927 0.621122
vn -0.585056 0.276414 0.762434
vn -0.534731 0.477934 0.696880
vn -0.621122 0.477927 0.621122
vn -0.679542 0.276413 0.679572
vn -0.248729 0.276410 0.928295
vn -0.227338 0.477933 0.848468
vn -0.336139 0.477931 0.811537
vn -0.367755 0.276412 0.887892
vn -0.227338 0.477933 0.848468
vn -0.196546 0.650645 0.733506
vn -0.290605 0.650642 0.701579
vn -0.336139 0.477931 0.811537
vn -0.336139 0.477931 0.811537
vn -0.290605 0.650642 0.701579
vn -0.379695 0.650649 0.657638
vn -0.439199 0.477928 0.760716
vn -0.367755 0.276412 0.887892
vn -0.336139 0.477931 0.811537
vn -0.439199 0.477928 0.760716
vn -0.480522 0.276411 0.832284
vn 0.000000 0.276410 0.961040
vn 0.000000 0.477928 0.878399
vn -0.114632 0.477939 0.870881
vn -0.125435 0.276415 0.952817
vn 0.000000 0.477928 0.878399
vn 0.000000 0.650643 0.759384
vn -0.099097 0.650647 0.752887
vn -0.114632 0.477939 0.870881
vn -0.114632 0.477939 0.870881
vn -0.099097 0.650647 0.752887
vn -0.196546 0.650645 0.733506
vn -0.227338 0.477933 0.848468
vn -0.125435 0.276415 0.952817
vn -0.114632 0.477939 0.870881
vn -0.227338 0.477933 0.848468
vn -0.248729 0.276410 0.928295
vn 0.248729 0.276410 0.928295
vn 0.227338 0.477933 0.848468
vn 0.114632 0.477939 0.870881
vn 0.125435 0.276415 0.952817
vn 0.227338 0.477933 0.848468
vn 0.196546 0.650645 0.733506
vn 0.099097 0.650647 0.752887
vn 0.114632 0.477939 0.870881
vn 0.114632 0.477939 0.870881
vn 0.099097 0.650647 0.752887
vn 0.000000 0.650643 0.759384
vn 0.000000 0.477928 0.878399
vn 0.125435 0.276415 0.952817
vn 0.114632 0.477939 0.870881
vn 0.000000 0.477928 0.878399
vn 0.000000 0.276410 0.961040
vn 0.480522 0.276411 0.832284
vn 0.439199 0.477928 0.760716
vn 0.336139 0.477931 0.811537
vn 0.367755 0.276412 0.887892
vn 0.439199 0.477928 0.760716
vn 0.379695 0.650649 0.657638
vn 0.290605 0.650642 0.701579
vn 0.336139 0.477931 0.811537
vn 0.336139 0.477931 0.811537
vn 0.290605 0.650642 0.701579
vn 0.196546 0.650645 0.733506
vn 0.227338 0.477933 0.848468
vn 0.367755 0.276412 0.887892
vn 0.336139 0.477931 0.811537
vn 0.227338 0.477933 0.848468
vn 0.248729 0.276410 0.928295
vn 0.679556 0.276419 0.679556
vn 0.621122 0.477927 0.621122
vn 0.534731 0.477934 0.696880
vn 0.585056 0.276414 0.762434
vn 0.621122 0.477927 0.621122
vn 0.536962 0.650648 0.536962
vn 0.462280 0.650648 0.602457
vn 0.534731 0.477934 0.696880
vn 0.534731 0.477934 0.696880
vn 0.462280 0.650648 0.602457
vn 0.379695 0.650649 0.657638
vn 0.439199 0.477928 0.760716
vn 0.585056 0.276414 0.762434
vn 0.534731 0.477934 0.696880
vn 0.439199 0.477928 0.760716
vn 0.480522 0.276411 0.832284
vn 0.832284 0.276411 0.480522
vn 0.760716 0.477928 0.439199
vn 0.696880 0.477934 0.534731
vn 0.762434 0.276414 0.585056
vn 0.760716 0.477928 0.439199
vn 0.657638 0.650649 0.379695
vn 0.602457 0.650648 0.462280
vn 0.696880 0.477934 0.534731
vn 0.696880 0.477934 0.534731
vn 0.602457 0.650648 0.462280
vn 0.536962 0.650648 0.536962
vn 0.621122 0.477927 0.621122
vn 0.762434 0.276414 0.585056
vn 0.696880 0.477934 0.534731
vn 0.621122 0.477927 0.621122
vn 0.679556 0.276419 0.679556
vn 0.928295 0.276410 0.248729
vn 0.848468 0.477933 0.227338
vn 0.811537 0.477931 0.336139
vn 0.887892 0.276412 0.367755
vn 0.848468 0.477933 0.227338
vn 0.733506 0.650645 0.196545
vn 0.701579 0.650642 0.290605
vn 0.811537 0.477931 0.336139
vn 0.811537 0.477931 0.336139
vn 0.701579 0.650642 0.290605
vn 0.657638 0.650649 0.379695
vn 0.760716 0.477928 0.439199
vn 0.887892 0.276412 0.367755
vn 0.811537 0.477931 0.336139
vn 0.760716 0.477928 0.439199
vn 0.832284 0.276411 0.480522
vn 0.961040 0.276410 -0.000000
vn 0.878399 0.477928 -0.000000
vn 0.870881 0.477939 0.114632
vn 0.952817 0.276415 0.125435
vn 0.878399 0.477928 -0.000000
vn 0.759384 0.650643 -0.000000
vn 0.752887 0.650647 0.099097
vn 0.870881 0.477939 0.114632
vn 0.870881 0.477939 0.114632
vn 0.752887 0.650647 0.099097
vn 0.733506 0.650645 0.196545
vn 0.848468 0.477933 0.227338
vn 0.952817 0.276415 0.125435
vn 0.870881 0.477939 0.114632
vn 0.848468 0.477933 0.227338
vn 0.928295 0.276410 0.248729
vn 0.928295 0.276410 -0.248729
vn 0.848468 0.477933 -0.227339
vn 0.870881 0.477939 -0.114632
vn 0.952817 0.276415 -0.125435
vn 0.848468 0.477933 -0.227339
vn 0.733506 0.650645 -0.196546
vn 0.752887 0.650647 -0.099097
vn 0.870881 0.477939 -0.114632
vn 0.870881 0.477939 -0.114632
vn 0.752887 0.650647 -0.099097
vn 0.759384 0.650643 -0.000000
vn 0.878399 0.477928 -0.000000
vn 0.952817 0.276415 -0.125435
vn 0.870881 0.477939 -0.114632
vn 0.878399 0.477928 -0.000000
vn 0.961040 0.276410 -0.000000
vn 0.832284 0.276410 -0.480522
vn 0.760716 0.477927 -0.439199
vn 0.811537 0.477931 -0.336139
vn 0.887892 0.276411 -0.367755
vn 0.760716 0.477927 -0.439199
vn 0.657638 0.650649 -0.379695
vn 0.701579 0.650642 -0.290605
vn 0.811537 0.477931 -0.336139
vn 0.811537 0.477931 -0.336139
vn 0.701579 0.650642 -0.290605
vn 0.733506 0.650645 -0.196546
vn 0.848468 0.477933 -0.227339
vn 0.887892 0.276411 -0.367755
vn 0.811537 0.477931 -0.336139
vn 0.848468 0.477933 -0.227339
vn 0.928295 0.276410 -0.248729
vn 0.679572 0.276413 -0.679542
vn 0.621122 0.477927 -0.621122
vn 0.696880 0.477934 -0.534731
vn 0.762434 0.276413 -0.585056
vn 0.621122 0.477927 -0.621122
vn 0.536962 0.650648 -0.536962
vn 0.602457 0.650647 -0.462281
vn 0.696880 0.477934 -0.534731
vn 0.696880 0.477934 -0.534731
vn 0.602457 0.650647 -0.462281
vn 0.657638 0.650649 -0.379695
vn 0.760716 0.477927 -0.439199
vn 0.762434 0.276413 -0.585056
vn 0.696880 0.477934 -0.534731
vn 0.760716 0.477927 -0.439199
vn 0.832284 0.276410 -0.480522
vn 0.480522 0.276410 -0.832284
vn 0.439199 0.477927 -0.760717
vn 0.534731 0.477934 -0.696880
vn 0.585056 0.276413 -0.762434
vn 0.439199 0.477927 -0.760717
vn 0.379695 0.650649 -0.657638
vn 0.462280 0.650647 -0.602457
vn 0.534731 0.477934 -0.696880
vn 0.534731 0.477934 -0.696880
vn 0.462280 0.650647 -0.602457
vn 0.536962 0.650648 -0.536962
vn 0.621122 0.477927 -0.621122
vn 0.585056 0.276413 -0.762434
vn 0.534731 0.477934 -0.696880
vn 0.621122 0.477927 -0.621122
vn 0.679572 0.276413 -0.679542
vn 0.248729 0.276410 -0.928295
vn 0.227338 0.477932 -0.848468
vn 0.336139 0.477931 -0.811537
vn 0.367755 0.276411 -0.887892
vn 0.227338 0.477932 -0.848468
vn 0.196546 0.650645 -0.733506
vn 0.290605 0.650642 -0.701579
vn 0.336139 0.477931 -0.811537
vn 0.336139 0.477931 -0.811537
vn 0.290605 0.650642 -0.701579
vn 0.379695 0.650649 -0.657638
vn 0.439199 0.477927 -0.760717
vn 0.367755 0.276411 -0.887892
vn 0.336139 0.477931 -0.811537
vn 0.439199 0.477927 -0.760717
vn 0.480522 0.276410 -0.832284
vn 0.000000 0.276409 -0.961040
vn 0.000000 0.477928 -0.878399
vn 0.114632 0.477939 -0.870881
vn 0.125435 0.276415 -0.952817
vn 0.000000 0.477928 -0.878399
vn 0.000000 0.650643 -0.759384
vn 0.099097 0.650646 -0.752887
vn 0.114632 0.477939 -0.870881
vn 0.114632 0.477939 -0.870881
vn 0.099097 0.650646 -0.752887
vn 0.196546 0.650645 -0.733506
vn 0.227338 0.477932 -0.848468
vn 0.125435 0.276415 -0.952817
vn 0.114632 0.477939 -0.870881
vn 0.227338 0.477932 -0.848468
vn 0.248729 0.276410 -0.928295
vn 0.382530 0.841022 -0.382560
vn 0.329301 0.841045 -0.429190
vn 0.294635 0.875024 -0.384088
vn 0.342730 0.874588 -0.342975
vn 0.329301 0.841045 -0.429190
vn 0.270461 0.841080 -0.468440
vn 0.241925 0.875136 -0.419058
vn 0.294635 0.875024 -0.384088
vn 0.294635 0.875024 -0.384088
vn 0.241925 0.875136 -0.419058
vn -0.105536 0.977473 0.182780
vn -0.128485 0.977612 0.166633
vn 0.342730 0.874588 -0.342975
vn 0.294635 0.875024 -0.384088
vn -0.128485 0.977612 0.166633
vn -0.148077 0.978066 0.146490
vn 0.771708 0.453820 0.445549
vn 0.823265 0.453826 0.340995
vn 0.596124 0.763978 0.246928
vn 0.558813 0.763965 0.322622
vn 0.823265 0.453826 0.340995
vn 0.860730 0.453819 0.230633
vn 0.623271 0.763966 0.167003
vn 0.596124 0.763978 0.246928
vn 0.596124 0.763978 0.246928
vn 0.623271 0.763966 0.167003
vn 0.317089 0.944582 0.084964
vn 0.303266 0.944590 0.125616
vn 0.558813 0.763965 0.322622
vn 0.596124 0.763978 0.246928
vn 0.303266 0.944590 0.125616
vn 0.284283 0.944587 0.164130
vn 0.230633 0.453819 -0.860730
vn 0.116309 0.453820 -0.883470
vn 0.084201 0.763973 -0.639731
vn 0.167003 0.763966 -0.623271
vn 0.116309 0.453820 -0.883470
vn 0.000000 0.453818 -0.891095
vn 0.000000 0.763957 -0.645268
vn 0.084201 0.763973 -0.639731
vn 0.084201 0.763973 -0.639731
vn 0.000000 0.763957 -0.645268
vn 0.000000 0.944587 -0.328260
vn 0.042818 0.944588 -0.325453
vn 0.167003 0.763966 -0.623271
vn 0.084201 0.763973 -0.639731
vn 0.042818 0.944588 -0.325453
vn 0.084964 0.944582 -0.317089
vn -0.230633 0.453819 0.860730
vn -0.116309 0.453821 0.883470
vn -0.084201 0.763973 0.639731
vn -0.167003 0.763966 0.623270
vn -0.116309 0.453821 0.883470
vn 0.000000 0.453818 0.891094
vn 0.000000 0.763957 0.645267
vn -0.084201 0.763973 0.639731
vn -0.084201 0.763973 0.639731
vn 0.000000 0.763957 0.645267
vn 0.000000 0.944587 0.328260
vn -0.042818 0.944588 0.325453
vn -0.167003 0.763966 0.623270
vn -0.084201 0.763973 0.639731
vn -0.042818 0.944588 0.325453
vn -0.084964 0.944582 0.317089
vn -0.891094 0.453818 -0.000000
vn -0.883470 0.453821 0.116309
vn -0.639731 0.763973 0.084201
vn -0.645267 0.763957 -0.000000
vn -0.883470 0.453821 0.116309
vn -0.860730 0.453819 0.230633
vn -0.623271 0.763966 0.167003
vn -0.639731 0.763973 0.084201
vn -0.639731 0.763973 0.084201
vn -0.623271 0.763966 0.167003
vn -0.317089 0.944582 0.084964
vn -0.325453 0.944588 0.042818
vn -0.645267 0.763957 -0.000000
vn -0.639731 0.763973 0.084201
vn -0.325453 0.944588 0.042818
vn -0.328260 0.944587 -0.000000
vn -0.230633 0.453819 -0.860730
vn -0.340995 0.453825 -0.823265
vn -0.246928 0.763978 -0.596125
vn -0.167003 0.763966 -0.623271
vn -0.340995 0.453825 -0.823265
vn -0.445549 0.453820 -0.771708
vn -0.322622 0.763965 -0.558813
vn -0.246928 0.763978 -0.596125
vn -0.246928 0.763978 -0.596125
vn -0.322622 0.763965 -0.558813
vn -0.164130 0.944587 -0.284283
vn -0.125616 0.944590 -0.303266
vn -0.167003 0.763966 -0.623271
vn -0.246928 0.763978 -0.596125
vn -0.125616 0.944590 -0.303266
vn -0.084964 0.944582 -0.317089
vn 0.891094 0.453818 -0.000000
vn 0.883470 0.453821 -0.116309
vn 0.639731 0.763973 -0.084201
vn 0.645267 0.763957 -0.000000
vn 0.883470 0.453821 -0.116309
vn 0.860730 0.453819 -0.230633
vn 0.623271 0.763966 -0.167003
vn 0.639731 0.763973 -0.084201
vn 0.639731 0.763973 -0.084201
vn 0.623271 0.763966 -0.167003
vn 0.317089 0.944582 -0.084964
vn 0.325453 0.944588 -0.042818
vn 0.645267 0.763957 -0.000000
vn 0.639731 0.763973 -0.084201
vn 0.325453 0.944588 -0.042818
vn 0.328260 0.944587 -0.000000
vn 0.230633 0.453819 0.860730
vn 0.340995 0.453826 0.823265
vn 0.246928 0.763978 0.596124
vn 0.167003 0.763966 0.623270
vn 0.340995 0.453826 0.823265
vn 0.445549 0.453820 0.771708
vn 0.322622 0.763965 0.558813
vn 0.246928 0.763978 0.596124
vn 0.246928 0.763978 0.596124
vn 0.322622 0.763965 0.558813
vn 0.164130 0.944587 0.284282
vn 0.125616 0.944590 0.303266
vn 0.167003 0.763966 0.623270
vn 0.246928 0.763978 0.596124
vn 0.125616 0.944590 0.303266
vn 0.084964 0.944582 0.317089
vn -0.771708 0.453820 0.445549
vn -0.706955 0.453826 0.542454
vn -0.511894 0.763980 0.392809
vn -0.558813 0.763965 0.322622
vn -0.706955 0.453826 0.542454
vn -0.630098 0.453820 0.630098
vn -0.456267 0.763964 0.456267
vn -0.511894 0.763980 0.392809
vn -0.511894 0.763980 0.392809
vn -0.456267 0.763964 0.456267
vn -0.232125 0.944583 0.232125
vn -0.260417 0.944589 0.199837
vn -0.558813 0.763965 0.322622
vn -0.511894 0.763980 0.392809
vn -0.260417 0.944589 0.199837
vn -0.284283 0.944587 0.164130
vn -0.630098 0.453820 -0.630098
vn -0.706955 0.453826 -0.542455
vn -0.511894 0.763980 -0.392809
vn -0.456267 0.763964 -0.456267
vn -0.706955 0.453826 -0.542455
vn -0.771708 0.453820 -0.445549
vn -0.558813 0.763965 -0.322622
vn -0.511894 0.763980 -0.392809
vn -0.511894 0.763980 -0.392809
vn -0.558813 0.763965 -0.322622
vn -0.284282 0.944587 -0.164130
vn -0.260417 0.944589 -0.199838
vn -0.456267 0.763964 -0.456267
vn -0.511894 0.763980 -0.392809
vn -0.260417 0.944589 -0.199838
vn -0.232125 0.944582 -0.232125
vn 0.771708 0.453820 -0.445549
vn 0.706955 0.453826 -0.542455
vn 0.511894 0.763980 -0.392809
vn 0.558813 0.763965 -0.322622
vn 0.706955 0.453826 -0.542455
vn 0.630098 0.453820 -0.630098
vn 0.456267 0.763964 -0.456267
vn 0.511894 0.763980 -0.392809
vn 0.511894 0.763980 -0.392809
vn 0.456267 0.763964 -0.456267
vn 0.232125 0.944582 -0.232125
vn 0.260417 0.944589 -0.199838
vn 0.558813 0.763965 -0.322622
vn 0.511894 0.763980 -0.392809
vn 0.260417 0.944589 -0.199838
vn 0.284282 0.944587 -0.164130
vn 0.630098 0.453820 0.630098
vn 0.706955 0.453826 0.542454
vn 0.511894 0.763980 0.392809
vn 0.456267 0.763964 0.456267
vn 0.706955 0.453826 0.542454
vn 0.771708 0.453820 0.445549
vn 0.558813 0.763965 0.322622
vn 0.511894 0.763980 0.392809
vn 0.511894 0.763980 0.392809
vn 0.558813 0.763965 0.322622
vn 0.284283 0.944587 0.164130
vn 0.260417 0.944589 0.199837
vn 0.456267 0.763964 0.456267
vn 0.511894 0.763980 0.392809
vn 0.260417 0.944589 0.199837
vn 0.232125 0.944583 0.232125
vn -0.445549 0.453820 0.771708
vn -0.340995 0.453826 0.823265
vn -0.246928 0.763978 0.596124
vn -0.322622 0.763965 0.558813
vn -0.340995 0.453826 0.823265
vn -0.230633 0.453819 0.860730
vn -0.167003 0.763966 0.623270
vn -0.246928 0.763978 0.596124
vn -0.246928 0.763978 0.596124
vn -0.167003 0.763966 0.623270
vn -0.084964 0.944582 0.317089
vn -0.125616 0.944590 0.303266
vn -0.322622 0.763965 0.558813
vn -0.246928 0.763978 0.596124
vn -0.125616 0.944590 0.303266
vn -0.164130 0.944587 0.284282
vn -0.860730 0.453819 -0.230633
vn -0.883470 0.453821 -0.116309
vn -0.639731 0.763973 -0.084201
vn -0.623271 0.763966 -0.167003
vn -0.883470 0.453821 -0.116309
vn -0.891094 0.453818 -0.000000
vn -0.645267 0.763957 -0.000000
vn -0.639731 0.763973 -0.084201
vn -0.639731 0.763973 -0.084201
vn -0.645267 0.763957 -0.000000
vn -0.328260 0.944587 -0.000000
vn -0.325453 0.944588 -0.042818
vn -0.623271 0.763966 -0.167003
vn -0.639731 0.763973 -0.084201
vn -0.325453 0.944588 -0.042818
vn -0.317089 0.944582 -0.084964
vn 0.000000 0.453818 -0.891095
vn -0.116309 0.453820 -0.883470
vn -0.084201 0.763973 -0.639731
vn 0.000000 0.763957 -0.645268
vn -0.116309 0.453820 -0.883470
vn -0.230633 0.453819 -0.860730
vn -0.167003 0.763966 -0.623271
vn -0.084201 0.763973 -0.639731
vn -0.084201 0.763973 -0.639731
vn -0.167003 0.763966 -0.623271
vn -0.084964 0.944582 -0.317089
vn -0.042818 0.944588 -0.325453
vn 0.000000 0.763957 -0.645268
vn -0.084201 0.763973 -0.639731
vn -0.042818 0.944588 -0.325453
vn 0.000000 0.944587 -0.328260
vn 0.445549 0.453820 -0.771708
vn 0.340995 0.453825 -0.823265
vn 0.246928 0.763978 -0.596125
vn 0.322622 0.763965 -0.558813
vn 0.340995 0.453825 -0.823265
vn 0.230633 0.453819 -0.860730
vn 0.167003 0.763966 -0.623271
vn 0.246928 0.763978 -0.596125
vn 0.246928 0.763978 -0.596125
vn 0.167003 0.763966 -0.623271
vn 0.084964 0.944582 -0.317089
vn 0.125616 0.944590 -0.303266
vn 0.322622 0.763965 -0.558813
vn 0.246928 0.763978 -0.596125
vn 0.125616 0.944590 -0.303266
vn 0.164130 0.944587 -0.284283
vn 0.860730 0.453819 0.230633
vn 0.883470 0.453821 0.116309
vn 0.639731 0.763973 0.084201
vn 0.623271 0.763966 0.167003
vn 0.883470 0.453821 0.116309
vn 0.891094 0.453818 -0.000000
vn 0.645267 0.763957 -0.000000
vn 0.639731 0.763973 0.084201
vn 0.639731 0.763973 0.084201
vn 0.645267 0.763957 -0.000000
vn 0.328260 0.944587 -0.000000
vn 0.325453 0.944588 0.042818
vn 0.623271 0.763966 0.167003
vn 0.639731 0.763973 0.084201
vn 0.325453 0.944588 0.042818
vn 0.317089 0.944582 0.084964
vn 0.000000 0.453818 0.891094
vn 0.116309 0.453821 0.883470
vn 0.084201 0.763973 0.639731
vn 0.000000 0.763957 0.645267
vn 0.116309 0.453821 0.883470
vn 0.230633 0.453819 0.860730
vn 0.167003 0.763966 0.623270
vn 0.084201 0.763973 0.639731
vn 0.084201 0.763973 0.639731
vn 0.167003 0.763966 0.623270
vn 0.084964 0.944582 0.317089
vn 0.042818 0.944588 0.325453
vn 0.000000 0.763957 0.645267
vn 0.084201 0.763973 0.639731
vn 0.042818 0.944588 0.325453
vn 0.000000 0.944587 0.328260
vn -0.860730 0.453819 0.230633
vn -0.823265 0.453826 0.340995
vn -0.596138 0.763965 0.246934
vn -0.623271 0.763966 0.167003
vn -0.823265 0.453826 0.340995
vn -0.771708 0.453820 0.445549
vn -0.558813 0.763965 0.322622
vn -0.596138 0.763965 0.246934
vn -0.596138 0.763965 0.246934
vn -0.558813 0.763965 0.322622
vn -0.284283 0.944587 0.164130
vn -0.303266 0.944590 0.125616
vn -0.623271 0.763966 0.167003
vn -0.596138 0.763965 0.246934
vn -0.303266 0.944590 0.125616
vn -0.317089 0.944582 0.084964
vn -0.445549 0.453820 -0.771708
vn -0.542455 0.453826 -0.706955
vn -0.392809 0.763980 -0.511894
vn -0.322622 0.763965 -0.558813
vn -0.542455 0.453826 -0.706955
vn -0.630098 0.453820 -0.630098
vn -0.456267 0.763964 -0.456267
vn -0.392809 0.763980 -0.511894
vn -0.392809 0.763980 -0.511894
vn -0.456267 0.763964 -0.456267
vn -0.232125 0.944582 -0.232125
vn -0.199837 0.944589 -0.260417
vn -0.322622 0.763965 -0.558813
vn -0.392809 0.763980 -0.511894
vn -0.199837 0.944589 -0.260417
vn -0.164130 0.944587 -0.284283
vn 0.860730 0.453819 -0.230633
vn 0.823265 0.453826 -0.340995
vn 0.596138 0.763965 -0.246934
vn 0.623271 0.763966 -0.167003
vn 0.823265 0.453826 -0.340995
vn 0.771708 0.453820 -0.445549
vn 0.558813 0.763965 -0.322622
vn 0.596138 0.763965 -0.246934
vn 0.596138 0.763965 -0.246934
vn 0.558813 0.763965 -0.322622
vn 0.284282 0.944587 -0.164130
vn 0.303266 0.944590 -0.125616
vn 0.623271 0.763966 -0.167003
vn 0.596138 0.763965 -0.246934
vn 0.303266 0.944590 -0.125616
vn 0.317089 0.944582 -0.084964
vn 0.445549 0.453820 0.771708
vn 0.542454 0.453826 0.706955
vn 0.392809 0.763980 0.511894
vn 0.322622 0.763965 0.558813
vn 0.542454 0.453826 0.706955
vn 0.630098 0.453820 0.630098
vn 0.456267 0.763964 0.456267
vn 0.392809 0.763980 0.511894
vn 0.392809 0.763980 0.511894
vn 0.456267 0.763964 0.456267
vn 0.232125 0.944583 0.232125
vn 0.199837 0.944589 0.260417
vn 0.322622 0.763965 0.558813
vn 0.392809 0.763980 0.511894
vn 0.199837 0.944589 0.260417
vn 0.164130 0.944587 0.284282
vn -0.630098 0.453820 0.630098
vn -0.542454 0.453826 0.706955
vn -0.392783 0.763989 0.511900
vn -0.456267 0.763964 0.456267
vn -0.542454 0.453826 0.706955
vn -0.445549 0.453820 0.771708
vn -0.322622 0.763965 0.558813
vn -0.392783 0.763989 0.511900
vn -0.392783 0.763989 0.511900
vn -0.322622 0.763965 0.558813
vn -0.164130 0.944587 0.284282
vn -0.199837 0.944589 0.260417
vn -0.456267 0.763964 0.456267
vn -0.392783 0.763989 0.511900
vn -0.199837 0.944589 0.260417
vn -0.232125 0.944583 0.232125
vn -0.771708 0.453820 -0.445549
vn -0.823265 0.453826 -0.340995
vn -0.596124 0.763978 -0.246928
vn -0.558813 0.763965 -0.322622
vn -0.823265 0.453826 -0.340995
vn -0.860730 0.453819 -0.230633
vn -0.623271 0.763966 -0.167003
vn -0.596124 0.763978 -0.246928
vn -0.596124 0.763978 -0.246928
vn -0.623271 0.763966 -0.167003
vn -0.317089 0.944582 -0.084964
vn -0.303266 0.944590 -0.125616
vn -0.558813 0.763965 -0.322622
vn -0.596124 0.763978 -0.246928
vn -0.303266 0.944590 -0.125616
vn -0.284282 0.944587 -0.164130
vn -0.761817 0.475579 -0.439841
vn -0.812730 0.475553 -0.336629
vn -0.915018 -0.138251 -0.378984
vn -0.857707 -0.138251 -0.495202
vn -0.812730 0.475553 -0.336629
vn -0.849703 0.475574 -0.227670
vn -0.956651 -0.138251 -0.256330
vn -0.915018 -0.138251 -0.378984
vn -0.915018 -0.138251 -0.378984
vn -0.956651 -0.138251 -0.256330
vn -0.900113 -0.362816 -0.241165
vn -0.860932 -0.362819 -0.356593
vn -0.857707 -0.138251 -0.495202
vn -0.915018 -0.138251 -0.378984
vn -0.860932 -0.362819 -0.356593
vn -0.807015 -0.362811 -0.465934
vn -0.807015 -0.362811 -0.465934
vn -0.860932 -0.362819 -0.356593
vn -0.923880 -0.000000 -0.382682
vn -0.866032 -0.000000 -0.499989
vn -0.860932 -0.362819 -0.356593
vn -0.900113 -0.362816 -0.241165
vn -0.965930 -0.000000 -0.258802
vn -0.923880 -0.000000 -0.382682
vn -0.923880 -0.000000 -0.382682
vn -0.965930 -0.000000 -0.258802
vn -0.860730 0.453819 -0.230633
vn -0.823265 0.453826 -0.340995
vn -0.866032 -0.000000 -0.499989
vn -0.923880 -0.000000 -0.382682
vn -0.823265 0.453826 -0.340995
vn -0.771708 0.453820 -0.445549
vn -0.622020 0.475587 0.622020
vn -0.535517 0.475547 0.697909
vn -0.602904 -0.138251 0.785744
vn -0.700317 -0.138250 0.700317
vn -0.535517 0.475547 0.697909
vn -0.439841 0.475579 0.761817
vn -0.495202 -0.138251 0.857707
vn -0.602904 -0.138251 0.785744
vn -0.602904 -0.138251 0.785744
vn -0.495202 -0.138251 0.857707
vn -0.465934 -0.362810 0.807015
vn -0.567267 -0.362816 0.739306
vn -0.700317 -0.138250 0.700317
vn -0.602904 -0.138251 0.785744
vn -0.567267 -0.362816 0.739306
vn -0.658924 -0.362820 0.658924
vn -0.658924 -0.362820 0.658924
vn -0.567267 -0.362816 0.739306
vn -0.608768 0.000000 0.793348
vn -0.707107 0.000000 0.707107
vn -0.567267 -0.362816 0.739306
vn -0.465934 -0.362810 0.807015
vn -0.499989 0.000000 0.866032
vn -0.608768 0.000000 0.793348
vn -0.608768 0.000000 0.793348
vn -0.499989 0.000000 0.866032
vn -0.445549 0.453820 0.771708
vn -0.542454 0.453826 0.706955
vn -0.707107 0.000000 0.707107
vn -0.608768 0.000000 0.793348
vn -0.542454 0.453826 0.706955
vn -0.630098 0.453820 0.630098
vn 0.439841 0.475579 0.761817
vn 0.535517 0.475547 0.697909
vn 0.602904 -0.138251 0.785744
vn 0.495202 -0.138251 0.857707
vn 0.535517 0.475547 0.697909
vn 0.622020 0.475587 0.622020
vn 0.700317 -0.138250 0.700317
vn 0.602904 -0.138251 0.785744
vn 0.602904 -0.138251 0.785744
vn 0.700317 -0.138250 0.700317
vn 0.658924 -0.362820 0.658924
vn 0.567267 -0.362816 0.739306
vn 0.495202 -0.138251 0.857707
vn 0.602904 -0.138251 0.785744
vn 0.567267 -0.362816 0.739306
vn 0.465934 -0.362810 0.807015
vn 0.465934 -0.362810 0.807015
vn 0.567267 -0.362816 0.739306
vn 0.608768 0.000000 0.793348
vn 0.499989 0.000000 0.866032
vn 0.567267 -0.362816 0.739306
vn 0.658924 -0.362820 0.658924
vn 0.707107 0.000000 0.707107
vn 0.608768 0.000000 0.793348
vn 0.608768 0.000000 0.793348
vn 0.707107 0.000000 0.707107
vn 0.630098 0.453820 0.630098
vn 0.542454 0.453826 0.706955
vn 0.499989 0.000000 0.866032
vn 0.608768 0.000000 0.793348
vn 0.542454 0.453826 0.706955
vn 0.445549 0.453820 0.771708
vn 0.849703 0.475574 -0.227670
vn 0.812730 0.475553 -0.336629
vn 0.915018 -0.138251 -0.378984
vn 0.956651 -0.138251 -0.256330
vn 0.812730 0.475553 -0.336629
vn 0.761817 0.475579 -0.439841
vn 0.857707 -0.138251 -0.495202
vn 0.915018 -0.138251 -0.378984
vn 0.915018 -0.138251 -0.378984
vn 0.857707 -0.138251 -0.495202
vn 0.807015 -0.362811 -0.465934
vn 0.860932 -0.362819 -0.356593
vn 0.956651 -0.138251 -0.256330
vn 0.915018 -0.138251 -0.378984
vn 0.860932 -0.362819 -0.356593
vn 0.900113 -0.362816 -0.241165
vn 0.900113 -0.362816 -0.241165
vn 0.860932 -0.362819 -0.356593
vn 0.923880 -0.000000 -0.382682
vn 0.965930 -0.000000 -0.258802
vn 0.860932 -0.362819 -0.356593
vn 0.807015 -0.362811 -0.465934
vn 0.866032 -0.000000 -0.499989
vn 0.923880 -0.000000 -0.382682
vn 0.923880 -0.000000 -0.382682
vn 0.866032 -0.000000 -0.499989
vn 0.771708 0.453820 -0.445549
vn 0.823265 0.453826 -0.340995
vn 0.965930 -0.000000 -0.258802
vn 0.923880 -0.000000 -0.382682
vn 0.823265 0.453826 -0.340995
vn 0.860730 0.453819 -0.230633
vn -0.439841 0.475578 -0.761817
vn -0.535517 0.475547 -0.697909
vn -0.602904 -0.138251 -0.785744
vn -0.495202 -0.138251 -0.857707
vn -0.535517 0.475547 -0.697909
vn -0.622020 0.475587 -0.622020
vn -0.700317 -0.138251 -0.700317
vn -0.602904 -0.138251 -0.785744
vn -0.602904 -0.138251 -0.785744
vn -0.700317 -0.138251 -0.700317
vn -0.658924 -0.362820 -0.658924
vn -0.567267 -0.362816 -0.739305
vn -0.495202 -0.138251 -0.857707
vn -0.602904 -0.138251 -0.785744
vn -0.567267 -0.362816 -0.739305
vn -0.465934 -0.362811 -0.807015
vn -0.465934 -0.362811 -0.807015
vn -0.567267 -0.362816 -0.739305
vn -0.608768 -0.000000 -0.793348
vn -0.499989 -0.000000 -0.866032
vn -0.567267 -0.362816 -0.739305
vn -0.658924 -0.362820 -0.658924
vn -0.707107 -0.000000 -0.707107
vn -0.608768 -0.000000 -0.793348
vn -0.608768 -0.000000 -0.793348
vn -0.707107 -0.000000 -0.707107
vn -0.630098 0.453820 -0.630098
vn -0.542455 0.453826 -0.706955
vn -0.499989 -0.000000 -0.866032
vn -0.608768 -0.000000 -0.793348
vn -0.542455 0.453826 -0.706955
vn -0.445549 0.453820 -0.771708
vn -0.849703 0.475574 0.227670
vn -0.812731 0.475553 0.336628
vn -0.915018 -0.138251 0.378984
vn -0.956651 -0.138251 0.256330
vn -0.812731 0.475553 0.336628
vn -0.761817 0.475579 0.439841
vn -0.857707 -0.138251 0.495202
vn -0.915018 -0.138251 0.378984
vn -0.915018 -0.138251 0.378984
vn -0.857707 -0.138251 0.495202
vn -0.807015 -0.362810 0.465934
vn -0.860932 -0.362819 0.356593
vn -0.956651 -0.138251 0.256330
vn -0.915018 -0.138251 0.378984
vn -0.860932 -0.362819 0.356593
vn -0.900113 -0.362816 0.241166
vn -0.900113 -0.362816 0.241166
vn -0.860932 -0.362819 0.356593
vn -0.923880 0.000000 0.382682
vn -0.965930 0.000000 0.258802
vn -0.860932 -0.362819 0.356593
vn -0.807015 -0.362810 0.465934
vn -0.866032 0.000000 0.499989
vn -0.923880 0.000000 0.382682
vn -0.923880 0.000000 0.382682
vn -0.866032 0.000000 0.499989
vn -0.771708 0.453820 0.445549
vn -0.823265 0.453826 0.340995
vn -0.965930 0.000000 0.258802
vn -0.923880 0.000000 0.382682
vn -0.823265 0.453826 0.340995
vn -0.860730 0.453819 0.230633
vn 0.000000 0.475575 0.879675
vn 0.114812 0.475545 0.872167
vn 0.129249 -0.138252 0.981927
vn 0.000000 -0.138250 0.990397
vn 0.114812 0.475545 0.872167
vn 0.227670 0.475574 0.849703
vn 0.256330 -0.138251 0.956651
vn 0.129249 -0.138252 0.981927
vn 0.129249 -0.138252 0.981927
vn 0.256330 -0.138251 0.956651
vn 0.241165 -0.362816 0.900113
vn 0.121621 -0.362817 0.923890
vn 0.000000 -0.138250 0.990397
vn 0.129249 -0.138252 0.981927
vn 0.121621 -0.362817 0.923890
vn 0.000000 -0.362808 0.931864
vn 0.000000 -0.362808 0.931864
vn 0.121621 -0.362817 0.923890
vn 0.130500 0.000000 0.991448
vn 0.000000 0.000000 1.000000
vn 0.121621 -0.362817 0.923890
vn 0.241165 -0.362816 0.900113
vn 0.258802 0.000000 0.965930
vn 0.130500 0.000000 0.991448
vn 0.130500 0.000000 0.991448
vn 0.258802 0.000000 0.965930
vn 0.230633 0.453819 0.860730
vn 0.116309 0.453821 0.883470
vn 0.000000 0.000000 1.000000
vn 0.130500 0.000000 0.991448
vn 0.116309 0.453821 0.883470
vn 0.000000 0.453818 0.891094
vn 0.849703 0.475574 0.227670
vn 0.872167 0.475544 0.114812
vn 0.981927 -0.138252 0.129249
vn 0.956651 -0.138251 0.256330
vn 0.872167 0.475544 0.114812
vn 0.879675 0.475575 -0.000000
vn 0.990397 -0.138250 0.000000
vn 0.981927 -0.138252 0.129249
vn 0.981927 -0.138252 0.129249
vn 0.990397 -0.138250 0.000000
vn 0.931864 -0.362809 0.000000
vn 0.923890 -0.362817 0.121621
vn 0.956651 -0.138251 0.256330
vn 0.981927 -0.138252 0.129249
vn 0.923890 -0.362817 0.121621
vn 0.900113 -0.362816 0.241166
vn 0.900113 -0.362816 0.241166
vn 0.923890 -0.362817 0.121621
vn 0.991448 0.000000 0.130500
vn 0.965930 0.000000 0.258802
vn 0.923890 -0.362817 0.121621
vn 0.931864 -0.362809 0.000000
vn 1.000000 0.000000 0.000000
vn 0.991448 0.000000 0.130500
vn 0.991448 0.000000 0.130500
vn 1.000000 0.000000 0.000000
vn 0.891094 0.453818 -0.000000
vn 0.883470 0.453821 0.116309
vn 0.965930 0.000000 0.258802
vn 0.991448 0.000000 0.130500
vn 0.883470 0.453821 0.116309
vn 0.860730 0.453819 0.230633
vn 0.439841 0.475578 -0.761817
vn 0.336629 0.475552 -0.812731
vn 0.378984 -0.138251 -0.915018
vn 0.495202 -0.138251 -0.857707
vn 0.336629 0.475552 -0.812731
vn 0.227670 0.475574 -0.849703
vn 0.256330 -0.138252 -0.956651
vn 0.378984 -0.138251 -0.915018
vn 0.378984 -0.138251 -0.915018
vn 0.256330 -0.138252 -0.956651
vn 0.241165 -0.362817 -0.900113
vn 0.356593 -0.362819 -0.860932
vn 0.495202 -0.138251 -0.857707
vn 0.378984 -0.138251 -0.915018
vn 0.356593 -0.362819 -0.860932
vn 0.465934 -0.362811 -0.807015
vn 0.465934 -0.362811 -0.807015
vn 0.356593 -0.362819 -0.860932
vn 0.382682 -0.000000 -0.923880
vn 0.499989 -0.000000 -0.866032
vn 0.356593 -0.362819 -0.860932
vn 0.241165 -0.362817 -0.900113
vn 0.258802 -0.000000 -0.965930
vn 0.382682 -0.000000 -0.923880
vn 0.382682 -0.000000 -0.923880
vn 0.258802 -0.000000 -0.965930
vn 0.230633 0.453819 -0.860730
vn 0.340995 0.453825 -0.823265
vn 0.499989 -0.000000 -0.866032
vn 0.382682 -0.000000 -0.923880
vn 0.340995 0.453825 -0.823265
vn 0.445549 0.453820 -0.771708
vn 0.000000 0.475575 -0.879675
vn -0.114812 0.475544 -0.872167
vn -0.129249 -0.138252 -0.981927
vn 0.000000 -0.138250 -0.990397
vn -0.114812 0.475544 -0.872167
vn -0.227670 0.475574 -0.849703
vn -0.256330 -0.138252 -0.956651
vn -0.129249 -0.138252 -0.981927
vn -0.129249 -0.138252 -0.981927
vn -0.256330 -0.138252 -0.956651
vn -0.241165 -0.362817 -0.900113
vn -0.121621 -0.362817 -0.923890
vn 0.000000 -0.138250 -0.990397
vn -0.129249 -0.138252 -0.981927
vn -0.121621 -0.362817 -0.923890
vn 0.000000 -0.362809 -0.931864
vn 0.000000 -0.362809 -0.931864
vn -0.121621 -0.362817 -0.923890
vn -0.130500 -0.000000 -0.991448
vn 0.000000 -0.000000 -1.000000
vn -0.121621 -0.362817 -0.923890
vn -0.241165 -0.362817 -0.900113
vn -0.258802 -0.000000 -0.965930
vn -0.130500 -0.000000 -0.991448
vn -0.130500 -0.000000 -0.991448
vn -0.258802 -0.000000 -0.965930
vn -0.230633 0.453819 -0.860730
vn -0.116309 0.453820 -0.883470
vn 0.000000 -0.000000 -1.000000
vn -0.130500 -0.000000 -0.991448
vn -0.116309 0.453820 -0.883470
vn 0.000000 0.453818 -0.891095
vn -0.849703 0.475574 -0.227670
vn -0.872167 0.475544 -0.114812
vn -0.981927 -0.138252 -0.129249
vn -0.956651 -0.138251 -0.256330
vn -0.872167 0.475544 -0.114812
vn -0.879675 0.475575 -0.000000
vn -0.990397 -0.138250 0.000000
vn -0.981927 -0.138252 -0.129249
vn -0.981927 -0.138252 -0.129249
vn -0.990397 -0.138250 0.000000
vn -0.931864 -0.362809 0.000000
vn -0.923890 -0.362817 -0.121621
vn -0.956651 -0.138251 -0.256330
vn -0.981927 -0.138252 -0.129249
vn -0.923890 -0.362817 -0.121621
vn -0.900113 -0.362816 -0.241165
vn -0.900113 -0.362816 -0.241165
vn -0.923890 -0.362817 -0.121621
vn -0.991448 -0.000000 -0.130500
vn -0.965930 -0.000000 -0.258802
vn -0.923890 -0.362817 -0.121621
vn -0.931864 -0.362809 0.000000
vn -1.000000 0.000000 -0.000000
vn -0.991448 -0.000000 -0.130500
vn -0.991448 -0.000000 -0.130500
vn -1.000000 0.000000 -0.000000
vn -0.891094 0.453818 -0.000000
vn -0.883470 0.453821 -0.116309
vn -0.965930 -0.000000 -0.258802
vn -0.991448 -0.000000 -0.130500
vn -0.883470 0.453821 -0.116309
vn -0.860730 0.453819 -0.230633
vn -0.439841 0.475579 0.761817
vn -0.336629 0.475553 0.812730
vn -0.378984 -0.138251 0.915018
vn -0.495202 -0.138251 0.857707
vn -0.336629 0.475553 0.812730
vn -0.227670 0.475574 0.849703
vn -0.256330 -0.138251 0.956651
vn -0.378984 -0.138251 0.915018
vn -0.378984 -0.138251 0.915018
vn -0.256330 -0.138251 0.956651
vn -0.241165 -0.362816 0.900113
vn -0.356593 -0.362819 0.860932
vn -0.495202 -0.138251 0.857707
vn -0.378984 -0.138251 0.915018
vn -0.356593 -0.362819 0.860932
vn -0.465934 -0.362810 0.807015
vn -0.465934 -0.362810 0.807015
vn -0.356593 -0.362819 0.860932
vn -0.382682 0.000000 0.923880
vn -0.499989 0.000000 0.866032
vn -0.356593 -0.362819 0.860932
vn -0.241165 -0.362816 0.900113
vn -0.258802 0.000000 0.965930
vn -0.382682 0.000000 0.923880
vn -0.382682 0.000000 0.923880
vn -0.258802 0.000000 0.965930
vn -0.230633 0.453819 0.860730
vn -0.340995 0.453826 0.823265
vn -0.499989 0.000000 0.866032
vn -0.382682 0.000000 0.923880
vn -0.340995 0.453826 0.823265
vn -0.445549 0.453820 0.771708
vn 0.622020 0.475587 0.622020
vn 0.697909 0.475547 0.535517
vn 0.785744 -0.138251 0.602904
vn 0.700317 -0.138250 0.700317
vn 0.697909 0.475547 0.535517
vn 0.761817 0.475579 0.439841
vn 0.857707 -0.138251 0.495202
vn 0.785744 -0.138251 0.602904
vn 0.785744 -0.138251 0.602904
vn 0.857707 -0.138251 0.495202
vn 0.807015 -0.362810 0.465934
vn 0.739306 -0.362816 0.567267
vn 0.700317 -0.138250 0.700317
vn 0.785744 -0.138251 0.602904
vn 0.739306 -0.362816 0.567267
vn 0.658924 -0.362820 0.658924
vn 0.658924 -0.362820 0.658924
vn 0.739306 -0.362816 0.567267
vn 0.793348 0.000000 0.608768
vn 0.707107 0.000000 0.707107
vn 0.739306 -0.362816 0.567267
vn 0.807015 -0.362810 0.465934
vn 0.866032 0.000000 0.499989
vn 0.793348 0.000000 0.608768
vn 0.793348 0.000000 0.608768
vn 0.866032 0.000000 0.499989
vn 0.771708 0.453820 0.445549
vn 0.706955 0.453826 0.542454
vn 0.707107 0.000000 0.707107
vn 0.793348 0.000000 0.608768
vn 0.706955 0.453826 0.542454
vn 0.630098 0.453820 0.630098
vn 0.761817 0.475579 -0.439841
vn 0.697909 0.475547 -0.535517
vn 0.785744 -0.138251 -0.602904
vn 0.857707 -0.138251 -0.495202
vn 0.697909 0.475547 -0.535517
vn 0.622020 0.475587 -0.622020
vn 0.700317 -0.138251 -0.700317
vn 0.785744 -0.138251 -0.602904
vn 0.785744 -0.138251 -0.602904
vn 0.700317 -0.138251 -0.700317
vn 0.658924 -0.362820 -0.658924
vn 0.739306 -0.362817 -0.567267
vn 0.857707 -0.138251 -0.495202
vn 0.785744 -0.138251 -0.602904
vn 0.739306 -0.362817 -0.567267
vn 0.807015 -0.362811 -0.465934
vn 0.807015 -0.362811 -0.465934
vn 0.739306 -0.362817 -0.567267
vn 0.793348 -0.000000 -0.608768
vn 0.866032 -0.000000 -0.499989
vn 0.739306 -0.362817 -0.567267
vn 0.658924 -0.362820 -0.658924
vn 0.707107 -0.000000 -0.707107
vn 0.793348 -0.000000 -0.608768
vn 0.793348 -0.000000 -0.608768
vn 0.707107 -0.000000 -0.707107
vn 0.630098 0.453820 -0.630098
vn 0.706955 0.453826 -0.542455
vn 0.866032 -0.000000 -0.499989
vn 0.793348 -0.000000 -0.608768
vn 0.706955 0.453826 -0.542455
vn 0.771708 0.453820 -0.445549
vn -0.622020 0.475587 -0.622020
vn -0.697909 0.475547 -0.535517
vn -0.785744 -0.138251 -0.602904
vn -0.700317 -0.138251 -0.700317
vn -0.697909 0.475547 -0.535517
vn -0.761817 0.475579 -0.439841
vn -0.857707 -0.138251 -0.495202
vn -0.785744 -0.138251 -0.602904
vn -0.785744 -0.138251 -0.602904
vn -0.857707 -0.138251 -0.495202
vn -0.807015 -0.362811 -0.465934
vn -0.739306 -0.362817 -0.567267
vn -0.700317 -0.138251 -0.700317
vn -0.785744 -0.138251 -0.602904
vn -0.739306 -0.362817 -0.567267
vn -0.658924 -0.362820 -0.658924
vn -0.658924 -0.362820 -0.658924
vn -0.739306 -0.362817 -0.567267
vn -0.793348 -0.000000 -0.608768
vn -0.707107 -0.000000 -0.707107
vn -0.739306 -0.362817 -0.567267
vn -0.807015 -0.362811 -0.465934
vn -0.866032 -0.000000 -0.499989
vn -0.793348 -0.000000 -0.608768
vn -0.793348 -0.000000 -0.608768
vn -0.866032 -0.000000 -0.499989
vn -0.771708 0.453820 -0.445549
vn -0.706955 0.453826 -0.542455
vn -0.707107 -0.000000 -0.707107
vn -0.793348 -0.000000 -0.608768
vn -0.706955 0.453826 -0.542455
vn -0.630098 0.453820 -0.630098
vn -0.761817 0.475579 0.439841
vn -0.697909 0.475547 0.535517
vn -0.785744 -0.138251 0.602904
vn -0.857707 -0.138251 0.495202
vn -0.697909 0.475547 0.535517
vn -0.622020 0.475587 0.622020
vn -0.700317 -0.138250 0.700317
vn -0.785744 -0.138251 0.602904
vn -0.785744 -0.138251 0.602904
vn -0.700317 -0.138250 0.700317
vn -0.658924 -0.362820 0.658924
vn -0.739306 -0.362816 0.567267
vn -0.857707 -0.138251 0.495202
vn -0.785744 -0.138251 0.602904
vn -0.739306 -0.362816 0.567267
vn -0.807015 -0.362810 0.465934
vn -0.807015 -0.362810 0.465934
vn -0.739306 -0.362816 0.567267
vn -0.793348 0.000000 0.608768
vn -0.866032 0.000000 0.499989
vn -0.739306 -0.362816 0.567267
vn -0.658924 -0.362820 0.658924
vn -0.707107 0.000000 0.707107
vn -0.793348 0.000000 0.608768
vn -0.793348 0.000000 0.608768
vn -0.707107 0.000000 0.707107
vn -0.630098 0.453820 0.630098
vn -0.706955 0.453826 0.542454
vn -0.866032 0.000000 0.499989
vn -0.793348 0.000000 0.608768
vn -0.706955 0.453826 0.542454
vn -0.771708 0.453820 0.445549
vn 0.227670 0.475574 0.849703
vn 0.336629 0.475553 0.812730
vn 0.378984 -0.138251 0.915018
vn 0.256330 -0.138251 0.956651
vn 0.336629 0.475553 0.812730
vn 0.439841 0.475579 0.761817
vn 0.495202 -0.138251 0.857707
vn 0.378984 -0.138251 0.915018
vn 0.378984 -0.138251 0.915018
vn 0.495202 -0.138251 0.857707
vn 0.465934 -0.362810 0.807015
vn 0.356593 -0.362819 0.860932
vn 0.256330 -0.138251 0.956651
vn 0.378984 -0.138251 0.915018
vn 0.356593 -0.362819 0.860932
vn 0.241165 -0.362816 0.900113
vn 0.241165 -0.362816 0.900113
vn 0.356593 -0.362819 0.860932
vn 0.382682 0.000000 0.923880
vn 0.258802 0.000000 0.965930
vn 0.356593 -0.362819 0.860932
vn 0.465934 -0.362810 0.807015
vn 0.499989 0.000000 0.866032
vn 0.382682 0.000000 0.923880
vn 0.382682 0.000000 0.923880
vn 0.499989 0.000000 0.866032
vn 0.445549 0.453820 0.771708
vn 0.340995 0.453826 0.823265
vn 0.258802 0.000000 0.965930
vn 0.382682 0.000000 0.923880
vn 0.340995 0.453826 0.823265
vn 0.230633 0.453819 0.860730
vn 0.879675 0.475575 -0.000000
vn 0.872167 0.475544 -0.114812
vn 0.981927 -0.138252 -0.129249
vn 0.990397 -0.138250 0.000000
vn 0.872167 0.475544 -0.114812
vn 0.849703 0.475574 -0.227670
vn 0.956651 -0.138251 -0.256330
vn 0.981927 -0.138252 -0.129249
vn 0.981927 -0.138252 -0.129249
vn 0.956651 -0.138251 -0.256330
vn 0.900113 -0.362816 -0.241165
vn 0.923890 -0.362817 -0.121621
vn 0.990397 -0.138250 0.000000
vn 0.981927 -0.138252 -0.129249
vn 0.923890 -0.362817 -0.121621
vn 0.931864 -0.362809 0.000000
vn 0.931864 -0.362809 0.000000
vn 0.923890 -0.362817 -0.121621
vn 0.991448 -0.000000 -0.130500
vn 1.000000 0.000000 0.000000
vn 0.923890 -0.362817 -0.121621
vn 0.900113 -0.362816 -0.241165
vn 0.965930 -0.000000 -0.258802
vn 0.991448 -0.000000 -0.130500
vn 0.991448 -0.000000 -0.130500
vn 0.965930 -0.000000 -0.258802
vn 0.860730 0.453819 -0.230633
vn 0.883470 0.453821 -0.116309
vn 1.000000 0.000000 0.000000
vn 0.991448 -0.000000 -0.130500
vn 0.883470 0.453821 -0.116309
vn 0.891094 0.453818 -0.000000
vn -0.227670 0.475574 -0.849703
vn -0.336629 0.475552 -0.812731
vn -0.378984 -0.138251 -0.915018
vn -0.256330 -0.138252 -0.956651
vn -0.336629 0.475552 -0.812731
vn -0.439841 0.475578 -0.761817
vn -0.495202 -0.138251 -0.857707
vn -0.378984 -0.138251 -0.915018
vn -0.378984 -0.138251 -0.915018
vn -0.495202 -0.138251 -0.857707
vn -0.465934 -0.362811 -0.807015
vn -0.356593 -0.362819 -0.860932
vn -0.256330 -0.138252 -0.956651
vn -0.378984 -0.138251 -0.915018
vn -0.356593 -0.362819 -0.860932
vn -0.241165 -0.362817 -0.900113
vn -0.241165 -0.362817 -0.900113
vn -0.356593 -0.362819 -0.860932
vn -0.382682 -0.000000 -0.923880
vn -0.258802 -0.000000 -0.965930
vn -0.356593 -0.362819 -0.860932
vn -0.465934 -0.362811 -0.807015
vn -0.499989 -0.000000 -0.866032
vn -0.382682 -0.000000 -0.923880
vn -0.382682 -0.000000 -0.923880
vn -0.499989 -0.000000 -0.866032
vn -0.445549 0.453820 -0.771708
vn -0.340995 0.453825 -0.823265
vn -0.258802 -0.000000 -0.965930
vn -0.382682 -0.000000 -0.923880
vn -0.340995 0.453825 -0.823265
vn -0.230633 0.453819 -0.860730
vn -0.879675 0.475575 -0.000000
vn -0.872167 0.475544 0.114812
vn -0.981927 -0.138252 0.129249
vn -0.990397 -0.138250 0.000000
vn -0.872167 0.475544 0.114812
vn -0.849703 0.475574 0.227670
vn -0.956651 -0.138251 0.256330
vn -0.981927 -0.138252 0.129249
vn -0.981927 -0.138252 0.129249
vn -0.956651 -0.138251 0.256330
vn -0.900113 -0.362816 0.241166
vn -0.923890 -0.362817 0.121621
vn -0.990397 -0.138250 0.000000
vn -0.981927 -0.138252 0.129249
vn -0.923890 -0.362817 0.121621
vn -0.931864 -0.362809 0.000000
vn -0.931864 -0.362809 0.000000
vn -0.923890 -0.362817 0.121621
vn -0.991448 0.000000 0.130500
vn -1.000000 0.000000 -0.000000
vn -0.923890 -0.362817 0.121621
vn -0.900113 -0.362816 0.241166
vn -0.965930 0.000000 0.258802
vn -0.991448 0.000000 0.130500
vn -0.991448 0.000000 0.130500
vn -0.965930 0.000000 0.258802
vn -0.860730 0.453819 0.230633
vn -0.883470 0.453821 0.116309
vn -1.000000 0.000000 -0.000000
vn -0.991448 0.000000 0.130500
vn -0.883470 0.453821 0.116309
vn -0.891094 0.453818 -0.000000
vn -0.227670 0.475574 0.849703
vn -0.114812 0.475545 0.872167
vn -0.129249 -0.138252 0.981927
vn -0.256330 -0.138251 0.956651
vn -0.114812 0.475545 0.872167
vn 0.000000 0.475575 0.879675
vn 0.000000 -0.138250 0.990397
vn -0.129249 -0.138252 0.981927
vn -0.129249 -0.138252 0.981927
vn 0.000000 -0.138250 0.990397
vn 0.000000 -0.362808 0.931864
vn -0.121621 -0.362817 0.923890
vn -0.256330 -0.138251 0.956651
vn -0.129249 -0.138252 0.981927
vn -0.121621 -0.362817 0.923890
vn -0.241165 -0.362816 0.900113
vn -0.241165 -0.362816 0.900113
vn -0.121621 -0.362817 0.923890
vn -0.130500 0.000000 0.991448
vn -0.258802 0.000000 0.965930
vn -0.121621 -0.362817 0.923890
vn 0.000000 -0.362808 0.931864
vn 0.000000 0.000000 1.000000
vn -0.130500 0.000000 0.991448
vn -0.130500 0.000000 0.991448
vn 0.000000 0.000000 1.000000
vn 0.000000 0.453818 0.891094
vn -0.116309 0.453821 0.883470
vn -0.258802 0.000000 0.965930
vn -0.130500 0.000000 0.991448
vn -0.116309 0.453821 0.883470
vn -0.230633 0.453819 0.860730
vn 0.227670 0.475574 -0.849703
vn 0.114812 0.475544 -0.872167
vn 0.129249 -0.138252 -0.981927
vn 0.256330 -0.138252 -0.956651
vn 0.114812 0.475544 -0.872167
vn 0.000000 0.475575 -0.879675
vn 0.000000 -0.138250 -0.990397
vn 0.129249 -0.138252 -0.981927
vn 0.129249 -0.138252 -0.981927
vn 0.000000 -0.138250 -0.990397
vn 0.000000 -0.362809 -0.931864
vn 0.121621 -0.362817 -0.923890
vn 0.256330 -0.138252 -0.956651
vn 0.129249 -0.138252 -0.981927
vn 0.121621 -0.362817 -0.923890
vn 0.241165 -0.362817 -0.900113
vn 0.241165 -0.362817 -0.900113
vn 0.121621 -0.362817 -0.923890
vn 0.130500 -0.000000 -0.991448
vn 0.258802 -0.000000 -0.965930
vn 0.121621 -0.362817 -0.923890
vn 0.000000 -0.362809 -0.931864
vn 0.000000 -0.000000 -1.000000
vn 0.130500 -0.000000 -0.991448
vn 0.130500 -0.000000 -0.991448
vn 0.000000 -0.000000 -1.000000
vn 0.000000 0.453818 -0.891095
vn 0.116309 0.453820 -0.883470
vn 0.258802 -0.000000 -0.965930
vn 0.130500 -0.000000 -0.991448
vn 0.116309 0.453820 -0.883470
vn 0.230633 0.453819 -0.860730
vn 0.761817 0.475579 0.439841
vn 0.812731 0.475553 0.336628
vn 0.915018 -0.138251 0.378984
vn 0.857707 -0.138251 0.495202
vn 0.812731 0.475553 0.336628
vn 0.849703 0.475574 0.227670
vn 0.956651 -0.138251 0.256330
vn 0.915018 -0.138251 0.378984
vn 0.915018 -0.138251 0.378984
vn 0.956651 -0.138251 0.256330
vn 0.900113 -0.362816 0.241166
vn 0.860932 -0.362819 0.356593
vn 0.857707 -0.138251 0.495202
vn 0.915018 -0.138251 0.378984
vn 0.860932 -0.362819 0.356593
vn 0.807015 -0.362810 0.465934
vn 0.807015 -0.362810 0.465934
vn 0.860932 -0.362819 0.356593
vn 0.923880 0.000000 0.382682
vn 0.866032 0.000000 0.499989
vn 0.860932 -0.362819 0.356593
vn 0.900113 -0.362816 0.241166
vn 0.965930 0.000000 0.258802
vn 0.923880 0.000000 0.382682
vn 0.923880 0.000000 0.382682
vn 0.965930 0.000000 0.258802
vn 0.860730 0.453819 0.230633
vn 0.823265 0.453826 0.340995
vn 0.866032 0.000000 0.499989
vn 0.923880 0.000000 0.382682
vn 0.823265 0.453826 0.340995
vn 0.771708 0.453820 0.445549
vn 0.622020 0.475587 -0.622020
vn 0.535517 0.475547 -0.697909
vn 0.602904 -0.138251 -0.785744
vn 0.700317 -0.138251 -0.700317
vn 0.535517 0.475547 -0.697909
vn 0.439841 0.475578 -0.761817
vn 0.495202 -0.138251 -0.857707
vn 0.602904 -0.138251 -0.785744
vn 0.602904 -0.138251 -0.785744
vn 0.495202 -0.138251 -0.857707
vn 0.465934 -0.362811 -0.807015
vn 0.567267 -0.362816 -0.739305
vn 0.700317 -0.138251 -0.700317
vn 0.602904 -0.138251 -0.785744
vn 0.567267 -0.362816 -0.739305
vn 0.658924 -0.362820 -0.658924
vn 0.658924 -0.362820 -0.658924
vn 0.567267 -0.362816 -0.739305
vn 0.608768 -0.000000 -0.793348
vn 0.707107 -0.000000 -0.707107
vn 0.567267 -0.362816 -0.739305
vn 0.465934 -0.362811 -0.807015
vn 0.499989 -0.000000 -0.866032
vn 0.608768 -0.000000 -0.793348
vn 0.608768 -0.000000 -0.793348
vn 0.499989 -0.000000 -0.866032
vn 0.445549 0.453820 -0.771708
vn 0.542455 0.453826 -0.706955
vn 0.707107 -0.000000 -0.707107
vn 0.608768 -0.000000 -0.793348
vn 0.542455 0.453826 -0.706955
vn 0.630098 0.453820 -0.630098
vn 0.000000 -0.599394 -0.800454
vn 0.000000 -0.488977 -0.872297
vn 0.113835 -0.488972 -0.864840
vn 0.104468 -0.599404 -0.793600
vn 0.000000 -0.488977 -0.872297
vn 0.000000 -0.355154 -0.934808
vn 0.122016 -0.355154 -0.926811
vn 0.113835 -0.488972 -0.864840
vn 0.113835 -0.488972 -0.864840
vn 0.122016 -0.355154 -0.926811
vn 0.241923 -0.355149 -0.902963
vn 0.225751 -0.488980 -0.842576
vn 0.104468 -0.599404 -0.793600
vn 0.113835 -0.488972 -0.864840
vn 0.225751 -0.488980 -0.842576
vn 0.207165 -0.599400 -0.773177
vn 0.207165 -0.599400 -0.773177
vn 0.225751 -0.488980 -0.842576
vn 0.333820 -0.488980 -0.805892
vn 0.306323 -0.599402 -0.739516
vn 0.225751 -0.488980 -0.842576
vn 0.241923 -0.355149 -0.902963
vn 0.357714 -0.355151 -0.863660
vn 0.333820 -0.488980 -0.805892
vn 0.333820 -0.488980 -0.805892
vn 0.357714 -0.355151 -0.863660
vn 0.467397 -0.355148 -0.809574
vn 0.436146 -0.488974 -0.755434
vn 0.306323 -0.599402 -0.739516
vn 0.333820 -0.488980 -0.805892
vn 0.436146 -0.488974 -0.755434
vn 0.400228 -0.599396 -0.693211
vn 0.400228 -0.599396 -0.693211
vn 0.436146 -0.488974 -0.755434
vn 0.531025 -0.488970 -0.692041
vn 0.487272 -0.599401 -0.635047
vn 0.436146 -0.488974 -0.755434
vn 0.467397 -0.355148 -0.809574
vn 0.569060 -0.355151 -0.741646
vn 0.531025 -0.488970 -0.692041
vn 0.531025 -0.488970 -0.692041
vn 0.569060 -0.355151 -0.741646
vn 0.661010 -0.355149 -0.661010
vn 0.616810 -0.488968 -0.616810
vn 0.487272 -0.599401 -0.635047
vn 0.531025 -0.488970 -0.692041
vn 0.616810 -0.488968 -0.616810
vn 0.566006 -0.599394 -0.566006
vn 0.566006 -0.599394 -0.566006
vn 0.616810 -0.488968 -0.616810
vn 0.692041 -0.488970 -0.531025
vn 0.635047 -0.599401 -0.487272
vn 0.616810 -0.488968 -0.616810
vn 0.661010 -0.355149 -0.661010
vn 0.741646 -0.355151 -0.569060
vn 0.692041 -0.488970 -0.531025
vn 0.692041 -0.488970 -0.531025
vn 0.741646 -0.355151 -0.569060
vn 0.809574 -0.355148 -0.467396
vn 0.755435 -0.488974 -0.436146
vn 0.635047 -0.599401 -0.487272
vn 0.692041 -0.488970 -0.531025
vn 0.755435 -0.488974 -0.436146
vn 0.693212 -0.599396 -0.400228
vn 0.693212 -0.599396 -0.400228
vn 0.755435 -0.488974 -0.436146
vn 0.805892 -0.488980 -0.333820
vn 0.739516 -0.599401 -0.306323
vn 0.755435 -0.488974 -0.436146
vn 0.809574 -0.355148 -0.467396
vn 0.863660 -0.355151 -0.357714
vn 0.805892 -0.488980 -0.333820
vn 0.805892 -0.488980 -0.333820
vn 0.863660 -0.355151 -0.357714
vn 0.902963 -0.355149 -0.241923
vn 0.842576 -0.488980 -0.225751
vn 0.739516 -0.599401 -0.306323
vn 0.805892 -0.488980 -0.333820
vn 0.842576 -0.488980 -0.225751
vn 0.773177 -0.599400 -0.207165
vn 0.773177 -0.599400 -0.207165
vn 0.842576 -0.488980 -0.225751
vn 0.864840 -0.488971 -0.113835
vn 0.793600 -0.599404 -0.104468
vn 0.842576 -0.488980 -0.225751
vn 0.902963 -0.355149 -0.241923
vn 0.926811 -0.355153 -0.122016
vn 0.864840 -0.488971 -0.113835
vn 0.864840 -0.488971 -0.113835
vn 0.926811 -0.355153 -0.122016
vn 0.934808 -0.355154 0.000000
vn 0.872297 -0.488977 0.000000
vn 0.793600 -0.599404 -0.104468
vn 0.864840 -0.488971 -0.113835
vn 0.872297 -0.488977 0.000000
vn 0.800454 -0.599394 0.000000
vn 0.800454 -0.599394 0.000000
vn 0.872297 -0.488977 0.000000
vn 0.864840 -0.488971 0.113835
vn 0.793600 -0.599404 0.104469
vn 0.872297 -0.488977 0.000000
vn 0.934808 -0.355154 0.000000
vn 0.926811 -0.355153 0.122016
vn 0.864840 -0.488971 0.113835
vn 0.864840 -0.488971 0.113835
vn 0.926811 -0.355153 0.122016
vn 0.902963 -0.355149 0.241924
vn 0.842576 -0.488980 0.225751
vn 0.793600 -0.599404 0.104469
vn 0.864840 -0.488971 0.113835
vn 0.842576 -0.488980 0.225751
vn 0.773177 -0.599400 0.207165
vn 0.773177 -0.599400 0.207165
vn 0.842576 -0.488980 0.225751
vn 0.805892 -0.488980 0.333820
vn 0.739516 -0.599401 0.306323
vn 0.842576 -0.488980 0.225751
vn 0.902963 -0.355149 0.241924
vn 0.863660 -0.355151 0.357714
vn 0.805892 -0.488980 0.333820
vn 0.805892 -0.488980 0.333820
vn 0.863660 -0.355151 0.357714
vn 0.809574 -0.355148 0.467397
vn 0.755435 -0.488974 0.436146
vn 0.739516 -0.599401 0.306323
vn 0.805892 -0.488980 0.333820
vn 0.755435 -0.488974 0.436146
vn 0.693212 -0.599396 0.400228
vn 0.693212 -0.599396 0.400228
vn 0.755435 -0.488974 0.436146
vn 0.692041 -0.488970 0.531025
vn 0.635047 -0.599400 0.487272
vn 0.755435 -0.488974 0.436146
vn 0.809574 -0.355148 0.467397
vn 0.741646 -0.355151 0.569060
vn 0.692041 -0.488970 0.531025
vn 0.692041 -0.488970 0.531025
vn 0.741646 -0.355151 0.569060
vn 0.661010 -0.355149 0.661010
vn 0.616810 -0.488968 0.616810
vn 0.635047 -0.599400 0.487272
vn 0.692041 -0.488970 0.531025
vn 0.616810 -0.488968 0.616810
vn 0.566006 -0.599394 0.566007
vn 0.566006 -0.599394 0.566007
vn 0.616810 -0.488968 0.616810
vn 0.531025 -0.488970 0.692041
vn 0.487272 -0.599400 0.635047
vn 0.616810 -0.488968 0.616810
vn 0.661010 -0.355149 0.661010
vn 0.569060 -0.355151 0.741646
vn 0.531025 -0.488970 0.692041
vn 0.531025 -0.488970 0.692041
vn 0.569060 -0.355151 0.741646
vn 0.467397 -0.355148 0.809574
vn 0.436146 -0.488974 0.755435
vn 0.487272 -0.599400 0.635047
vn 0.531025 -0.488970 0.692041
vn 0.436146 -0.488974 0.755435
vn 0.400228 -0.599396 0.693212
vn 0.400228 -0.599396 0.693212
vn 0.436146 -0.488974 0.755435
vn 0.333820 -0.488980 0.805893
vn 0.306323 -0.599401 0.739516
vn 0.436146 -0.488974 0.755435
vn 0.467397 -0.355148 0.809574
vn 0.357714 -0.355151 0.863660
vn 0.333820 -0.488980 0.805893
vn 0.333820 -0.488980 0.805893
vn 0.357714 -0.355151 0.863660
vn 0.241923 -0.355148 0.902963
vn 0.225751 -0.488980 0.842577
vn 0.306323 -0.599401 0.739516
vn 0.333820 -0.488980 0.805893
vn 0.225751 -0.488980 0.842577
vn 0.207165 -0.599400 0.773177
vn 0.207165 -0.599400 0.773177
vn 0.225751 -0.488980 0.842577
vn 0.113835 -0.488971 0.864840
vn 0.104468 -0.599404 0.793600
vn 0.225751 -0.488980 0.842577
vn 0.241923 -0.355148 0.902963
vn 0.122016 -0.355153 0.926811
vn 0.113835 -0.488971 0.864840
vn 0.113835 -0.488971 0.864840
vn 0.122016 -0.355153 0.926811
vn 0.000000 -0.355154 0.934808
vn 0.000000 -0.488977 0.872297
vn 0.104468 -0.599404 0.793600
vn 0.113835 -0.488971 0.864840
vn 0.000000 -0.488977 0.872297
vn 0.000000 -0.599394 0.800454
vn 0.000000 -0.599394 0.800454
vn 0.000000 -0.488977 0.872297
vn -0.113835 -0.488971 0.864840
vn -0.104468 -0.599404 0.793600
vn 0.000000 -0.488977 0.872297
vn 0.000000 -0.355154 0.934808
vn -0.122016 -0.355153 0.926811
vn -0.113835 -0.488971 0.864840
vn -0.113835 -0.488971 0.864840
vn -0.122016 -0.355153 0.926811
vn -0.241923 -0.355148 0.902963
vn -0.225751 -0.488980 0.842577
vn -0.104468 -0.599404 0.793600
vn -0.113835 -0.488971 0.864840
vn -0.225751 -0.488980 0.842577
vn -0.207165 -0.599400 0.773177
vn -0.207165 -0.599400 0.773177
vn -0.225751 -0.488980 0.842577
vn -0.333820 -0.488980 0.805893
vn -0.306323 -0.599401 0.739516
vn -0.225751 -0.488980 0.842577
vn -0.241923 -0.355148 0.902963
vn -0.357714 -0.355151 0.863660
vn -0.333820 -0.488980 0.805893
vn -0.333820 -0.488980 0.805893
vn -0.357714 -0.355151 0.863660
vn -0.467397 -0.355148 0.809574
vn -0.436146 -0.488974 0.755435
vn -0.306323 -0.599401 0.739516
vn -0.333820 -0.488980 0.805893
vn -0.436146 -0.488974 0.755435
vn -0.400228 -0.599396 0.693212
vn -0.400228 -0.599396 0.693212
vn -0.436146 -0.488974 0.755435
vn -0.531025 -0.488970 0.692041
vn -0.487272 -0.599400 0.635047
vn -0.436146 -0.488974 0.755435
vn -0.467397 -0.355148 0.809574
vn -0.569060 -0.355151 0.741646
vn -0.531025 -0.488970 0.692041
vn -0.531025 -0.488970 0.692041
vn -0.569060 -0.355151 0.741646
vn -0.661010 -0.355149 0.661010
vn -0.616810 -0.488968 0.616810
vn -0.487272 -0.599400 0.635047
vn -0.531025 -0.488970 0.692041
vn -0.616810 -0.488968 0.616810
vn -0.566006 -0.599394 0.566007
vn -0.566006 -0.599394 0.566007
vn -0.616810 -0.488968 0.616810
vn -0.692041 -0.488970 0.531025
vn -0.635047 -0.599400 0.487272
vn -0.616810 -0.488968 0.616810
vn -0.661010 -0.355149 0.661010
vn -0.741646 -0.355151 0.569060
vn -0.692041 -0.488970 0.531025
vn -0.692041 -0.488970 0.531025
vn -0.741646 -0.355151 0.569060
vn -0.809574 -0.355148 0.467397
vn -0.755435 -0.488974 0.436146
vn -0.635047 -0.599400 0.487272
vn -0.692041 -0.488970 0.531025
vn -0.755435 -0.488974 0.436146
vn -0.693212 -0.599396 0.400228
vn -0.693212 -0.599396 0.400228
vn -0.755435 -0.488974 0.436146
vn -0.805892 -0.488980 0.333820
vn -0.739516 -0.599401 0.306323
vn -0.755435 -0.488974 0.436146
vn -0.809574 -0.355148 0.467397
vn -0.863660 -0.355151 0.357714
vn -0.805892 -0.488980 0.333820
vn -0.805892 -0.488980 0.333820
vn -0.863660 -0.355151 0.357714
vn -0.902963 -0.355149 0.241924
vn -0.842576 -0.488980 0.225751
vn -0.739516 -0.599401 0.306323
vn -0.805892 -0.488980 0.333820
vn -0.842576 -0.488980 0.225751
vn -0.773177 -0.599400 0.207165
vn -0.773177 -0.599400 0.207165
vn -0.842576 -0.488980 0.225751
vn -0.864840 -0.488971 0.113835
vn -0.793600 -0.599404 0.104469
vn -0.842576 -0.488980 0.225751
vn -0.902963 -0.355149 0.241924
vn -0.926811 -0.355153 0.122016
vn -0.864840 -0.488971 0.113835
vn -0.864840 -0.488971 0.113835
vn -0.926811 -0.355153 0.122016
vn -0.934808 -0.355154 0.000000
vn -0.872297 -0.488977 0.000000
vn -0.793600 -0.599404 0.104469
vn -0.864840 -0.488971 0.113835
vn -0.872297 -0.488977 0.000000
vn -0.800454 -0.599394 0.000000
vn -0.800454 -0.599394 0.000000
vn -0.872297 -0.488977 0.000000
vn -0.864840 -0.488971 -0.113835
vn -0.793600 -0.599404 -0.104468
vn -0.872297 -0.488977 0.000000
vn -0.934808 -0.355154 0.000000
vn -0.926811 -0.355153 -0.122016
vn -0.864840 -0.488971 -0.113835
vn -0.864840 -0.488971 -0.113835
vn -0.926811 -0.355153 -0.122016
vn -0.902963 -0.355149 -0.241923
vn -0.842576 -0.488980 -0.225751
vn -0.793600 -0.599404 -0.104468
vn -0.864840 -0.488971 -0.113835
vn -0.842576 -0.488980 -0.225751
vn -0.773177 -0.599400 -0.207165
vn -0.773177 -0.599400 -0.207165
vn -0.842576 -0.488980 -0.225751
vn -0.805892 -0.488980 -0.333820
vn -0.739516 -0.599401 -0.306323
vn -0.842576 -0.488980 -0.225751
vn -0.902963 -0.355149 -0.241923
vn -0.863660 -0.355151 -0.357714
vn -0.805892 -0.488980 -0.333820
vn -0.805892 -0.488980 -0.333820
vn -0.863660 -0.355151 -0.357714
vn -0.809574 -0.355148 -0.467396
vn -0.755435 -0.488974 -0.436146
vn -0.739516 -0.599401 -0.306323
vn -0.805892 -0.488980 -0.333820
vn -0.755435 -0.488974 -0.436146
vn -0.693212 -0.599396 -0.400228
vn -0.693212 -0.599396 -0.400228
vn -0.755435 -0.488974 -0.436146
vn -0.692041 -0.488970 -0.531025
vn -0.635047 -0.599401 -0.487272
vn -0.755435 -0.488974 -0.436146
vn -0.809574 -0.355148 -0.467396
vn -0.741646 -0.355151 -0.569060
vn -0.692041 -0.488970 -0.531025
vn -0.692041 -0.488970 -0.531025
vn -0.741646 -0.355151 -0.569060
vn -0.661010 -0.355149 -0.661010
vn -0.616822 -0.488978 -0.616791
vn -0.635047 -0.599401 -0.487272
vn -0.692041 -0.488970 -0.531025
vn -0.616822 -0.488978 -0.616791
vn -0.566006 -0.599394 -0.566006
vn -0.566006 -0.599394 -0.566006
vn -0.616822 -0.488978 -0.616791
vn -0.531025 -0.488970 -0.692041
vn -0.487272 -0.599401 -0.635047
vn -0.616822 -0.488978 -0.616791
vn -0.661010 -0.355149 -0.661010
vn -0.569060 -0.355151 -0.741646
vn -0.531025 -0.488970 -0.692041
vn -0.531025 -0.488970 -0.692041
vn -0.569060 -0.355151 -0.741646
vn -0.467397 -0.355148 -0.809574
vn -0.436146 -0.488974 -0.755434
vn -0.487272 -0.599401 -0.635047
vn -0.531025 -0.488970 -0.692041
vn -0.436146 -0.488974 -0.755434
vn -0.400228 -0.599396 -0.693211
vn -0.400228 -0.599396 -0.693211
vn -0.436146 -0.488974 -0.755434
vn -0.333820 -0.488980 -0.805892
vn -0.306323 -0.599402 -0.739516
vn -0.436146 -0.488974 -0.755434
vn -0.467397 -0.355148 -0.809574
vn -0.357714 -0.355151 -0.863660
vn -0.333820 -0.488980 -0.805892
vn -0.333820 -0.488980 -0.805892
vn -0.357714 -0.355151 -0.863660
vn -0.241923 -0.355149 -0.902963
vn -0.225751 -0.488980 -0.842576
vn -0.306323 -0.599402 -0.739516
vn -0.333820 -0.488980 -0.805892
vn -0.225751 -0.488980 -0.842576
vn -0.207165 -0.599400 -0.773177
vn -0.207165 -0.599400 -0.773177
vn -0.225751 -0.488980 -0.842576
vn -0.113835 -0.488972 -0.864840
vn -0.104468 -0.599404 -0.793600
vn -0.225751 -0.488980 -0.842576
vn -0.241923 -0.355149 -0.902963
vn -0.122016 -0.355154 -0.926811
vn -0.113835 -0.488972 -0.864840
vn -0.113835 -0.488972 -0.864840
vn -0.122016 -0.355154 -0.926811
vn 0.000000 -0.355154 -0.934808
vn 0.000000 -0.488977 -0.872297
vn -0.104468 -0.599404 -0.793600
vn -0.113835 -0.488972 -0.864840
vn 0.000000 -0.488977 -0.872297
vn 0.000000 -0.599394 -0.800454
vn -0.196023 -0.652981 -0.731567
vn -0.193279 -0.665016 -0.721385
vn -0.097479 -0.664989 -0.740464
vn -0.098851 -0.652986 -0.750891
vn -0.193279 -0.665016 -0.721385
vn -0.207165 -0.599400 -0.773177
vn -0.104468 -0.599404 -0.793600
vn -0.097479 -0.664989 -0.740464
vn -0.097479 -0.664989 -0.740464
vn -0.104468 -0.599404 -0.793600
vn 0.000000 -0.599394 -0.800454
vn 0.000000 -0.665012 -0.746833
vn -0.098851 -0.652986 -0.750891
vn -0.097479 -0.664989 -0.740464
vn 0.000000 -0.665012 -0.746833
vn 0.000000 -0.652990 -0.757366
vn -0.378685 -0.652994 -0.655893
vn -0.373407 -0.664992 -0.646802
vn -0.285812 -0.664982 -0.690008
vn -0.289841 -0.652988 -0.699713
vn -0.373407 -0.664992 -0.646802
vn -0.400228 -0.599396 -0.693211
vn -0.306323 -0.599402 -0.739516
vn -0.285812 -0.664982 -0.690008
vn -0.285812 -0.664982 -0.690008
vn -0.306323 -0.599402 -0.739516
vn -0.207165 -0.599400 -0.773177
vn -0.193279 -0.665016 -0.721385
vn -0.289841 -0.652988 -0.699713
vn -0.285812 -0.664982 -0.690008
vn -0.193279 -0.665016 -0.721385
vn -0.196023 -0.652981 -0.731567
vn -0.535544 -0.652981 -0.535544
vn -0.528096 -0.665003 -0.528096
vn -0.454654 -0.664996 -0.592512
vn -0.461054 -0.652989 -0.600862
vn -0.528096 -0.665003 -0.528096
vn -0.566006 -0.599394 -0.566006
vn -0.487272 -0.599401 -0.635047
vn -0.454654 -0.664996 -0.592512
vn -0.454654 -0.664996 -0.592512
vn -0.487272 -0.599401 -0.635047
vn -0.400228 -0.599396 -0.693211
vn -0.373407 -0.664992 -0.646802
vn -0.461054 -0.652989 -0.600862
vn -0.454654 -0.664996 -0.592512
vn -0.373407 -0.664992 -0.646802
vn -0.378685 -0.652994 -0.655893
vn -0.655911 -0.652981 -0.378678
vn -0.646789 -0.665009 -0.373400
vn -0.592512 -0.664996 -0.454654
vn -0.600862 -0.652989 -0.461053
vn -0.646789 -0.665009 -0.373400
vn -0.693212 -0.599396 -0.400228
vn -0.635047 -0.599401 -0.487272
vn -0.592512 -0.664996 -0.454654
vn -0.592512 -0.664996 -0.454654
vn -0.635047 -0.599401 -0.487272
vn -0.566006 -0.599394 -0.566006
vn -0.528096 -0.665003 -0.528096
vn -0.600862 -0.652989 -0.461053
vn -0.592512 -0.664996 -0.454654
vn -0.528096 -0.665003 -0.528096
vn -0.535544 -0.652981 -0.535544
vn -0.731567 -0.652981 -0.196022
vn -0.721400 -0.665002 -0.193275
vn -0.690008 -0.664982 -0.285812
vn -0.699713 -0.652988 -0.289841
vn -0.721400 -0.665002 -0.193275
vn -0.773177 -0.599400 -0.207165
vn -0.739516 -0.599401 -0.306323
vn -0.690008 -0.664982 -0.285812
vn -0.690008 -0.664982 -0.285812
vn -0.739516 -0.599401 -0.306323
vn -0.693212 -0.599396 -0.400228
vn -0.646789 -0.665009 -0.373400
vn -0.699713 -0.652988 -0.289841
vn -0.690008 -0.664982 -0.285812
vn -0.646789 -0.665009 -0.373400
vn -0.655911 -0.652981 -0.378678
vn -0.757366 -0.652990 0.000000
vn -0.746833 -0.665011 0.000000
vn -0.740464 -0.664989 -0.097479
vn -0.750891 -0.652986 -0.098851
vn -0.746833 -0.665011 0.000000
vn -0.800454 -0.599394 0.000000
vn -0.793600 -0.599404 -0.104468
vn -0.740464 -0.664989 -0.097479
vn -0.740464 -0.664989 -0.097479
vn -0.793600 -0.599404 -0.104468
vn -0.773177 -0.599400 -0.207165
vn -0.721400 -0.665002 -0.193275
vn -0.750891 -0.652986 -0.098851
vn -0.740464 -0.664989 -0.097479
vn -0.721400 -0.665002 -0.193275
vn -0.731567 -0.652981 -0.196022
vn -0.731567 -0.652981 0.196023
vn -0.721415 -0.664984 0.193279
vn -0.740464 -0.664989 0.097479
vn -0.750891 -0.652986 0.098851
vn -0.721415 -0.664984 0.193279
vn -0.773177 -0.599400 0.207165
vn -0.793600 -0.599404 0.104469
vn -0.740464 -0.664989 0.097479
vn -0.740464 -0.664989 0.097479
vn -0.793600 -0.599404 0.104469
vn -0.800454 -0.599394 0.000000
vn -0.746833 -0.665011 0.000000
vn -0.750891 -0.652986 0.098851
vn -0.740464 -0.664989 0.097479
vn -0.746833 -0.665011 0.000000
vn -0.757366 -0.652990 0.000000
vn -0.655893 -0.652994 0.378685
vn -0.646802 -0.664992 0.373408
vn -0.690008 -0.664982 0.285812
vn -0.699713 -0.652988 0.289841
vn -0.646802 -0.664992 0.373408
vn -0.693212 -0.599396 0.400228
vn -0.739516 -0.599401 0.306323
vn -0.690008 -0.664982 0.285812
vn -0.690008 -0.664982 0.285812
vn -0.739516 -0.599401 0.306323
vn -0.773177 -0.599400 0.207165
vn -0.721415 -0.664984 0.193279
vn -0.699713 -0.652988 0.289841
vn -0.690008 -0.664982 0.285812
vn -0.721415 -0.664984 0.193279
vn -0.731567 -0.652981 0.196023
vn -0.535544 -0.652981 0.535545
vn -0.528096 -0.665003 0.528096
vn -0.592512 -0.664996 0.454654
vn -0.600862 -0.652989 0.461054
vn -0.528096 -0.665003 0.528096
vn -0.566006 -0.599394 0.566007
vn -0.635047 -0.599400 0.487272
vn -0.592512 -0.664996 0.454654
vn -0.592512 -0.664996 0.454654
vn -0.635047 -0.599400 0.487272
vn -0.693212 -0.599396 0.400228
vn -0.646802 -0.664992 0.373408
vn -0.600862 -0.652989 0.461054
vn -0.592512 -0.664996 0.454654
vn -0.646802 -0.664992 0.373408
vn -0.655893 -0.652994 0.378685
vn -0.378678 -0.652981 0.655911
vn -0.373400 -0.665009 0.646789
vn -0.454654 -0.664996 0.592512
vn -0.461054 -0.652989 0.600862
vn -0.373400 -0.665009 0.646789
vn -0.400228 -0.599396 0.693212
vn -0.487272 -0.599400 0.635047
vn -0.454654 -0.664996 0.592512
vn -0.454654 -0.664996 0.592512
vn -0.487272 -0.599400 0.635047
vn -0.566006 -0.599394 0.566007
vn -0.528096 -0.665003 0.528096
vn -0.461054 -0.652989 0.600862
vn -0.454654 -0.664996 0.592512
vn -0.528096 -0.665003 0.528096
vn -0.535544 -0.652981 0.535545
vn -0.196023 -0.652981 0.731567
vn -0.193275 -0.665001 0.721400
vn -0.285784 -0.664988 0.690014
vn -0.289841 -0.652988 0.699713
vn -0.193275 -0.665001 0.721400
vn -0.207165 -0.599400 0.773177
vn -0.306323 -0.599401 0.739516
vn -0.285784 -0.664988 0.690014
vn -0.285784 -0.664988 0.690014
vn -0.306323 -0.599401 0.739516
vn -0.400228 -0.599396 0.693212
vn -0.373400 -0.665009 0.646789
vn -0.289841 -0.652988 0.699713
vn -0.285784 -0.664988 0.690014
vn -0.373400 -0.665009 0.646789
vn -0.378678 -0.652981 0.655911
vn 0.000000 -0.652990 0.757366
vn 0.000000 -0.665011 0.746833
vn -0.097479 -0.664989 0.740464
vn -0.098851 -0.652986 0.750891
vn 0.000000 -0.665011 0.746833
vn 0.000000 -0.599394 0.800454
vn -0.104468 -0.599404 0.793600
vn -0.097479 -0.664989 0.740464
vn -0.097479 -0.664989 0.740464
vn -0.104468 -0.599404 0.793600
vn -0.207165 -0.599400 0.773177
vn -0.193275 -0.665001 0.721400
vn -0.098851 -0.652986 0.750891
vn -0.097479 -0.664989 0.740464
vn -0.193275 -0.665001 0.721400
vn -0.196023 -0.652981 0.731567
vn 0.196023 -0.652981 0.731567
vn 0.193275 -0.665001 0.721400
vn 0.097479 -0.664989 0.740464
vn 0.098851 -0.652986 0.750891
vn 0.193275 -0.665001 0.721400
vn 0.207165 -0.599400 0.773177
vn 0.104468 -0.599404 0.793600
vn 0.097479 -0.664989 0.740464
vn 0.097479 -0.664989 0.740464
vn 0.104468 -0.599404 0.793600
vn 0.000000 -0.599394 0.800454
vn 0.000000 -0.665011 0.746833
vn 0.098851 -0.652986 0.750891
vn 0.097479 -0.664989 0.740464
vn 0.000000 -0.665011 0.746833
vn 0.000000 -0.652990 0.757366
vn 0.378678 -0.652981 0.655911
vn 0.373407 -0.664992 0.646802
vn 0.285812 -0.664982 0.690008
vn 0.289841 -0.652988 0.699713
vn 0.373407 -0.664992 0.646802
vn 0.400228 -0.599396 0.693212
vn 0.306323 -0.599401 0.739516
vn 0.285812 -0.664982 0.690008
vn 0.285812 -0.664982 0.690008
vn 0.306323 -0.599401 0.739516
vn 0.207165 -0.599400 0.773177
vn 0.193275 -0.665001 0.721400
vn 0.289841 -0.652988 0.699713
vn 0.285812 -0.664982 0.690008
vn 0.193275 -0.665001 0.721400
vn 0.196023 -0.652981 0.731567
vn 0.535544 -0.652981 0.535545
vn 0.528107 -0.664986 0.528107
vn 0.454654 -0.664996 0.592512
vn 0.461054 -0.652989 0.600862
vn 0.528107 -0.664986 0.528107
vn 0.566006 -0.599394 0.566007
vn 0.487272 -0.599400 0.635047
vn 0.454654 -0.664996 0.592512
vn 0.454654 -0.664996 0.592512
vn 0.487272 -0.599400 0.635047
vn 0.400228 -0.599396 0.693212
vn 0.373407 -0.664992 0.646802
vn 0.461054 -0.652989 0.600862
vn 0.454654 -0.664996 0.592512
vn 0.373407 -0.664992 0.646802
vn 0.378678 -0.652981 0.655911
vn 0.655911 -0.652981 0.378678
vn 0.646789 -0.665009 0.373400
vn 0.592512 -0.664996 0.454654
vn 0.600862 -0.652989 0.461054
vn 0.646789 -0.665009 0.373400
vn 0.693212 -0.599396 0.400228
vn 0.635047 -0.599400 0.487272
vn 0.592512 -0.664996 0.454654
vn 0.592512 -0.664996 0.454654
vn 0.635047 -0.599400 0.487272
vn 0.566006 -0.599394 0.566007
vn 0.528107 -0.664986 0.528107
vn 0.600862 -0.652989 0.461054
vn 0.592512 -0.664996 0.454654
vn 0.528107 -0.664986 0.528107
vn 0.535544 -0.652981 0.535545
vn 0.731567 -0.652981 0.196023
vn 0.721415 -0.664984 0.193279
vn 0.690008 -0.664982 0.285812
vn 0.699713 -0.652988 0.289841
vn 0.721415 -0.664984 0.193279
vn 0.773177 -0.599400 0.207165
vn 0.739516 -0.599401 0.306323
vn 0.690008 -0.664982 0.285812
vn 0.690008 -0.664982 0.285812
vn 0.739516 -0.599401 0.306323
vn 0.693212 -0.599396 0.400228
vn 0.646789 -0.665009 0.373400
vn 0.699713 -0.652988 0.289841
vn 0.690008 -0.664982 0.285812
vn 0.646789 -0.665009 0.373400
vn 0.655911 -0.652981 0.378678
vn 0.757366 -0.652990 0.000000
vn 0.746833 -0.665011 0.000000
vn 0.740464 -0.664989 0.097479
vn 0.750891 -0.652986 0.098851
vn 0.746833 -0.665011 0.000000
vn 0.800454 -0.599394 0.000000
vn 0.793600 -0.599404 0.104469
vn 0.740464 -0.664989 0.097479
vn 0.740464 -0.664989 0.097479
vn 0.793600 -0.599404 0.104469
vn 0.773177 -0.599400 0.207165
vn 0.721415 -0.664984 0.193279
vn 0.750891 -0.652986 0.098851
vn 0.740464 -0.664989 0.097479
vn 0.721415 -0.664984 0.193279
vn 0.731567 -0.652981 0.196023
vn 0.731567 -0.652981 -0.196022
vn 0.721415 -0.664984 -0.193278
vn 0.740464 -0.664989 -0.097479
vn 0.750891 -0.652986 -0.098851
vn 0.721415 -0.664984 -0.193278
vn 0.773177 -0.599400 -0.207165
vn 0.793600 -0.599404 -0.104468
vn 0.740464 -0.664989 -0.097479
vn 0.740464 -0.664989 -0.097479
vn 0.793600 -0.599404 -0.104468
vn 0.800454 -0.599394 0.000000
vn 0.746833 -0.665011 0.000000
vn 0.750891 -0.652986 -0.098851
vn 0.740464 -0.664989 -0.097479
vn 0.746833 -0.665011 0.000000
vn 0.757366 -0.652990 0.000000
vn 0.655893 -0.652994 -0.378685
vn 0.646789 -0.665009 -0.373400
vn 0.690008 -0.664982 -0.285812
vn 0.699713 -0.652988 -0.289841
vn 0.646789 -0.665009 -0.373400
vn 0.693212 -0.599396 -0.400228
vn 0.739516 -0.599401 -0.306323
vn 0.690008 -0.664982 -0.285812
vn 0.690008 -0.664982 -0.285812
vn 0.739516 -0.599401 -0.306323
vn 0.773177 -0.599400 -0.207165
vn 0.721415 -0.664984 -0.193278
vn 0.699713 -0.652988 -0.289841
vn 0.690008 -0.664982 -0.285812
vn 0.721415 -0.664984 -0.193278
vn 0.731567 -0.652981 -0.196022
vn 0.535544 -0.652981 -0.535544
vn 0.528096 -0.665003 -0.528096
vn 0.592512 -0.664996 -0.454654
vn 0.600862 -0.652989 -0.461053
vn 0.528096 -0.665003 -0.528096
vn 0.566006 -0.599394 -0.566006
vn 0.635047 -0.599401 -0.487272
vn 0.592512 -0.664996 -0.454654
vn 0.592512 -0.664996 -0.454654
vn 0.635047 -0.599401 -0.487272
vn 0.693212 -0.599396 -0.400228
vn 0.646789 -0.665009 -0.373400
vn 0.600862 -0.652989 -0.461053
vn 0.592512 -0.664996 -0.454654
vn 0.646789 -0.665009 -0.373400
vn 0.655893 -0.652994 -0.378685
vn 0.378678 -0.652981 -0.655911
vn 0.373400 -0.665009 -0.646789
vn 0.454654 -0.664996 -0.592512
vn 0.461054 -0.652989 -0.600862
vn 0.373400 -0.665009 -0.646789
vn 0.400228 -0.599396 -0.693211
vn 0.487272 -0.599401 -0.635047
vn 0.454654 -0.664996 -0.592512
vn 0.454654 -0.664996 -0.592512
vn 0.487272 -0.599401 -0.635047
vn 0.566006 -0.599394 -0.566006
vn 0.528096 -0.665003 -0.528096
vn 0.461054 -0.652989 -0.600862
vn 0.454654 -0.664996 -0.592512
vn 0.528096 -0.665003 -0.528096
vn 0.535544 -0.652981 -0.535544
vn 0.196023 -0.652981 -0.731567
vn 0.193279 -0.665016 -0.721385
vn 0.285812 -0.664982 -0.690008
vn 0.289841 -0.652988 -0.699713
vn 0.193279 -0.665016 -0.721385
vn 0.207165 -0.599400 -0.773177
vn 0.306323 -0.599402 -0.739516
vn 0.285812 -0.664982 -0.690008
vn 0.285812 -0.664982 -0.690008
vn 0.306323 -0.599402 -0.739516
vn 0.400228 -0.599396 -0.693211
vn 0.373400 -0.665009 -0.646789
vn 0.289841 -0.652988 -0.699713
vn 0.285812 -0.664982 -0.690008
vn 0.373400 -0.665009 -0.646789
vn 0.378678 -0.652981 -0.655911
vn 0.000000 -0.652990 -0.757366
vn 0.000000 -0.665012 -0.746833
vn 0.097479 -0.664989 -0.740464
vn 0.098851 -0.652986 -0.750891
vn 0.000000 -0.665012 -0.746833
vn 0.000000 -0.599394 -0.800454
vn 0.104468 -0.599404 -0.793600
vn 0.097479 -0.664989 -0.740464
vn 0.097479 -0.664989 -0.740464
vn 0.104468 -0.599404 -0.793600
vn 0.207165 -0.599400 -0.773177
vn 0.193279 -0.665016 -0.721385
vn 0.098851 -0.652986 -0.750891
vn 0.097479 -0.664989 -0.740464
vn 0.193279 -0.665016 -0.721385
vn 0.196023 -0.652981 -0.731567
vn 0.000000 -0.795477 -0.605984
vn 0.000000 -0.596650 -0.802502
vn 0.104742 -0.596651 -0.795636
vn 0.079136 -0.795148 -0.601229
vn 0.000000 -0.596650 -0.802502
vn 0.000000 -0.652990 -0.757366
vn 0.098851 -0.652986 -0.750891
vn 0.104742 -0.596651 -0.795636
vn 0.104742 -0.596651 -0.795636
vn 0.098851 -0.652986 -0.750891
vn 0.196023 -0.652981 -0.731567
vn 0.207684 -0.596653 -0.775160
vn 0.079136 -0.795148 -0.601229
vn 0.104742 -0.596651 -0.795636
vn 0.207684 -0.596653 -0.775160
vn 0.156838 -0.795483 -0.585328
vn 0.156838 -0.795483 -0.585328
vn 0.207684 -0.596653 -0.775160
vn 0.307089 -0.596659 -0.741414
vn 0.232066 -0.795140 -0.560266
vn 0.207684 -0.596653 -0.775160
vn 0.196023 -0.652981 -0.731567
vn 0.289841 -0.652988 -0.699713
vn 0.307089 -0.596659 -0.741414
vn 0.307089 -0.596659 -0.741414
vn 0.289841 -0.652988 -0.699713
vn 0.378678 -0.652981 -0.655911
vn 0.401239 -0.596655 -0.694989
vn 0.232066 -0.795140 -0.560266
vn 0.307089 -0.596659 -0.741414
vn 0.401239 -0.596655 -0.694989
vn 0.302991 -0.795474 -0.524802
vn 0.302991 -0.795474 -0.524802
vn 0.401239 -0.596655 -0.694989
vn 0.488525 -0.596656 -0.636667
vn 0.369160 -0.795147 -0.481104
vn 0.401239 -0.596655 -0.694989
vn 0.378678 -0.652981 -0.655911
vn 0.461054 -0.652989 -0.600862
vn 0.488525 -0.596656 -0.636667
vn 0.488525 -0.596656 -0.636667
vn 0.461054 -0.652989 -0.600862
vn 0.535544 -0.652981 -0.535544
vn 0.567450 -0.596658 -0.567450
vn 0.369160 -0.795147 -0.481104
vn 0.488525 -0.596656 -0.636667
vn 0.567450 -0.596658 -0.567450
vn 0.428490 -0.795483 -0.428490
vn 0.428490 -0.795483 -0.428490
vn 0.567450 -0.596658 -0.567450
vn 0.636667 -0.596656 -0.488525
vn 0.481105 -0.795147 -0.369160
vn 0.567450 -0.596658 -0.567450
vn 0.535544 -0.652981 -0.535544
vn 0.600862 -0.652989 -0.461053
vn 0.636667 -0.596656 -0.488525
vn 0.636667 -0.596656 -0.488525
vn 0.600862 -0.652989 -0.461053
vn 0.655893 -0.652994 -0.378685
vn 0.694989 -0.596655 -0.401239
vn 0.481105 -0.795147 -0.369160
vn 0.636667 -0.596656 -0.488525
vn 0.694989 -0.596655 -0.401239
vn 0.524802 -0.795474 -0.302991
vn 0.524802 -0.795474 -0.302991
vn 0.694989 -0.596655 -0.401239
vn 0.741414 -0.596659 -0.307089
vn 0.560266 -0.795140 -0.232066
vn 0.694989 -0.596655 -0.401239
vn 0.655893 -0.652994 -0.378685
vn 0.699713 -0.652988 -0.289841
vn 0.741414 -0.596659 -0.307089
vn 0.741414 -0.596659 -0.307089
vn 0.699713 -0.652988 -0.289841
vn 0.731567 -0.652981 -0.196022
vn 0.775160 -0.596653 -0.207684
vn 0.560266 -0.795140 -0.232066
vn 0.741414 -0.596659 -0.307089
vn 0.775160 -0.596653 -0.207684
vn 0.585328 -0.795483 -0.156838
vn 0.585328 -0.795483 -0.156838
vn 0.775160 -0.596653 -0.207684
vn 0.795636 -0.596651 -0.104742
vn 0.601229 -0.795148 -0.079136
vn 0.775160 -0.596653 -0.207684
vn 0.731567 -0.652981 -0.196022
vn 0.750891 -0.652986 -0.098851
vn 0.795636 -0.596651 -0.104742
vn 0.795636 -0.596651 -0.104742
vn 0.750891 -0.652986 -0.098851
vn 0.757366 -0.652990 0.000000
vn 0.802502 -0.596650 0.000000
vn 0.601229 -0.795148 -0.079136
vn 0.795636 -0.596651 -0.104742
vn 0.802502 -0.596650 0.000000
vn 0.605984 -0.795476 0.000000
vn 0.605984 -0.795476 0.000000
vn 0.802502 -0.596650 0.000000
vn 0.795636 -0.596651 0.104742
vn 0.601229 -0.795148 0.079137
vn 0.802502 -0.596650 0.000000
vn 0.757366 -0.652990 0.000000
vn 0.750891 -0.652986 0.098851
vn 0.795636 -0.596651 0.104742
vn 0.795636 -0.596651 0.104742
vn 0.750891 -0.652986 0.098851
vn 0.731567 -0.652981 0.196023
vn 0.775160 -0.596653 0.207684
vn 0.601229 -0.795148 0.079137
vn 0.795636 -0.596651 0.104742
vn 0.775160 -0.596653 0.207684
vn 0.585328 -0.795483 0.156838
vn 0.585328 -0.795483 0.156838
vn 0.775160 -0.596653 0.207684
vn 0.741414 -0.596659 0.307089
vn 0.560266 -0.795140 0.232066
vn 0.775160 -0.596653 0.207684
vn 0.731567 -0.652981 0.196023
vn 0.699713 -0.652988 0.289841
vn 0.741414 -0.596659 0.307089
vn 0.741414 -0.596659 0.307089
vn 0.699713 -0.652988 0.289841
vn 0.655911 -0.652981 0.378678
vn 0.694989 -0.596655 0.401239
vn 0.560266 -0.795140 0.232066
vn 0.741414 -0.596659 0.307089
vn 0.694989 -0.596655 0.401239
vn 0.524802 -0.795474 0.302991
vn 0.524802 -0.795474 0.302991
vn 0.694989 -0.596655 0.401239
vn 0.636667 -0.596656 0.488525
vn 0.481105 -0.795147 0.369160
vn 0.694989 -0.596655 0.401239
vn 0.655911 -0.652981 0.378678
vn 0.600862 -0.652989 0.461054
vn 0.636667 -0.596656 0.488525
vn 0.636667 -0.596656 0.488525
vn 0.600862 -0.652989 0.461054
vn 0.535544 -0.652981 0.535545
vn 0.567450 -0.596657 0.567450
vn 0.481105 -0.795147 0.369160
vn 0.636667 -0.596656 0.488525
vn 0.567450 -0.596657 0.567450
vn 0.428490 -0.795483 0.428490
vn 0.428490 -0.795483 0.428490
vn 0.567450 -0.596657 0.567450
vn 0.488525 -0.596656 0.636667
vn 0.369160 -0.795147 0.481105
vn 0.567450 -0.596657 0.567450
vn 0.535544 -0.652981 0.535545
vn 0.461054 -0.652989 0.600862
vn 0.488525 -0.596656 0.636667
vn 0.488525 -0.596656 0.636667
vn 0.461054 -0.652989 0.600862
vn 0.378678 -0.652981 0.655911
vn 0.401239 -0.596655 0.694989
vn 0.369160 -0.795147 0.481105
vn 0.488525 -0.596656 0.636667
vn 0.401239 -0.596655 0.694989
vn 0.302991 -0.795474 0.524802
vn 0.302991 -0.795474 0.524802
vn 0.401239 -0.596655 0.694989
vn 0.307089 -0.596659 0.741414
vn 0.232066 -0.795140 0.560266
vn 0.401239 -0.596655 0.694989
vn 0.378678 -0.652981 0.655911
vn 0.289841 -0.652988 0.699713
vn 0.307089 -0.596659 0.741414
vn 0.307089 -0.596659 0.741414
vn 0.289841 -0.652988 0.699713
vn 0.196023 -0.652981 0.731567
vn 0.207684 -0.596652 0.775160
vn 0.232066 -0.795140 0.560266
vn 0.307089 -0.596659 0.741414
vn 0.207684 -0.596652 0.775160
vn 0.156838 -0.795483 0.585328
vn 0.156838 -0.795483 0.585328
vn 0.207684 -0.596652 0.775160
vn 0.104742 -0.596651 0.795636
vn 0.079136 -0.795148 0.601229
vn 0.207684 -0.596652 0.775160
vn 0.196023 -0.652981 0.731567
vn 0.098851 -0.652986 0.750891
vn 0.104742 -0.596651 0.795636
vn 0.104742 -0.596651 0.795636
vn 0.098851 -0.652986 0.750891
vn 0.000000 -0.652990 0.757366
vn 0.000000 -0.596650 0.802502
vn 0.079136 -0.795148 0.601229
vn 0.104742 -0.596651 0.795636
vn 0.000000 -0.596650 0.802502
vn 0.000000 -0.795476 0.605984
vn 0.000000 -0.795476 0.605984
vn 0.000000 -0.596650 0.802502
vn -0.104742 -0.596651 0.795636
vn -0.079136 -0.795148 0.601229
vn 0.000000 -0.596650 0.802502
vn 0.000000 -0.652990 0.757366
vn -0.098851 -0.652986 0.750891
vn -0.104742 -0.596651 0.795636
vn -0.104742 -0.596651 0.795636
vn -0.098851 -0.652986 0.750891
vn -0.196023 -0.652981 0.731567
vn -0.207684 -0.596652 0.775160
vn -0.079136 -0.795148 0.601229
vn -0.104742 -0.596651 0.795636
vn -0.207684 -0.596652 0.775160
vn -0.156838 -0.795483 0.585328
vn -0.156838 -0.795483 0.585328
vn -0.207684 -0.596652 0.775160
vn -0.307089 -0.596659 0.741414
vn -0.232066 -0.795140 0.560266
vn -0.207684 -0.596652 0.775160
vn -0.196023 -0.652981 0.731567
vn -0.289841 -0.652988 0.699713
vn -0.307089 -0.596659 0.741414
vn -0.307089 -0.596659 0.741414
vn -0.289841 -0.652988 0.699713
vn -0.378678 -0.652981 0.655911
vn -0.401239 -0.596655 0.694989
vn -0.232066 -0.795140 0.560266
vn -0.307089 -0.596659 0.741414
vn -0.401239 -0.596655 0.694989
vn -0.302991 -0.795474 0.524802
vn -0.302991 -0.795474 0.524802
vn -0.401239 -0.596655 0.694989
vn -0.488525 -0.596656 0.636667
vn -0.369160 -0.795147 0.481105
vn -0.401239 -0.596655 0.694989
vn -0.378678 -0.652981 0.655911
vn -0.461054 -0.652989 0.600862
vn -0.488525 -0.596656 0.636667
vn -0.488525 -0.596656 0.636667
vn -0.461054 -0.652989 0.600862
vn -0.535544 -0.652981 0.535545
vn -0.567450 -0.596657 0.567450
vn -0.369160 -0.795147 0.481105
vn -0.488525 -0.596656 0.636667
vn -0.567450 -0.596657 0.567450
vn -0.428490 -0.795483 0.428490
vn -0.428490 -0.795483 0.428490
vn -0.567450 -0.596657 0.567450
vn -0.636667 -0.596656 0.488525
vn -0.481105 -0.795147 0.369160
vn -0.567450 -0.596657 0.567450
vn -0.535544 -0.652981 0.535545
vn -0.600862 -0.652989 0.461054
vn -0.636667 -0.596656 0.488525
vn -0.636667 -0.596656 0.488525
vn -0.600862 -0.652989 0.461054
vn -0.655893 -0.652994 0.378685
vn -0.694989 -0.596655 0.401239
vn -0.481105 -0.795147 0.369160
vn -0.636667 -0.596656 0.488525
vn -0.694989 -0.596655 0.401239
vn -0.524802 -0.795474 0.302991
vn -0.524802 -0.795474 0.302991
vn -0.694989 -0.596655 0.401239
vn -0.741414 -0.596659 0.307089
vn -0.560266 -0.795140 0.232066
vn -0.694989 -0.596655 0.401239
vn -0.655893 -0.652994 0.378685
vn -0.699713 -0.652988 0.289841
vn -0.741414 -0.596659 0.307089
vn -0.741414 -0.596659 0.307089
vn -0.699713 -0.652988 0.289841
vn -0.731567 -0.652981 0.196023
vn -0.775160 -0.596653 0.207684
vn -0.560266 -0.795140 0.232066
vn -0.741414 -0.596659 0.307089
vn -0.775160 -0.596653 0.207684
vn -0.585328 -0.795483 0.156838
vn -0.585328 -0.795483 0.156838
vn -0.775160 -0.596653 0.207684
vn -0.795636 -0.596651 0.104742
vn -0.601229 -0.795148 0.079137
vn -0.775160 -0.596653 0.207684
vn -0.731567 -0.652981 0.196023
vn -0.750891 -0.652986 0.098851
vn -0.795636 -0.596651 0.104742
vn -0.795636 -0.596651 0.104742
vn -0.750891 -0.652986 0.098851
vn -0.757366 -0.652990 0.000000
vn -0.802502 -0.596650 0.000000
vn -0.601229 -0.795148 0.079137
vn -0.795636 -0.596651 0.104742
vn -0.802502 -0.596650 0.000000
vn -0.605984 -0.795476 0.000000
vn -0.605984 -0.795476 0.000000
vn -0.802502 -0.596650 0.000000
vn -0.795636 -0.596651 -0.104742
vn -0.601229 -0.795148 -0.079136
vn -0.802502 -0.596650 0.000000
vn -0.757366 -0.652990 0.000000
vn -0.750891 -0.652986 -0.098851
vn -0.795636 -0.596651 -0.104742
vn -0.795636 -0.596651 -0.104742
vn -0.750891 -0.652986 -0.098851
vn -0.731567 -0.652981 -0.196022
vn -0.775160 -0.596653 -0.207684
vn -0.601229 -0.795148 -0.079136
vn -0.795636 -0.596651 -0.104742
vn -0.775160 -0.596653 -0.207684
vn -0.585328 -0.795483 -0.156838
vn -0.585328 -0.795483 -0.156838
vn -0.775160 -0.596653 -0.207684
vn -0.741414 -0.596659 -0.307089
vn -0.560266 -0.795140 -0.232066
vn -0.775160 -0.596653 -0.207684
vn -0.731567 -0.652981 -0.196022
vn -0.699713 -0.652988 -0.289841
vn -0.741414 -0.596659 -0.307089
vn -0.741414 -0.596659 -0.307089
vn -0.699713 -0.652988 -0.289841
vn -0.655911 -0.652981 -0.378678
vn -0.694989 -0.596655 -0.401239
vn -0.560266 -0.795140 -0.232066
vn -0.741414 -0.596659 -0.307089
vn -0.694989 -0.596655 -0.401239
vn -0.524802 -0.795474 -0.302991
vn -0.524802 -0.795474 -0.302991
vn -0.694989 -0.596655 -0.401239
vn -0.636667 -0.596656 -0.488525
vn -0.481105 -0.795147 -0.369160
vn -0.694989 -0.596655 -0.401239
vn -0.655911 -0.652981 -0.378678
vn -0.600862 -0.652989 -0.461053
vn -0.636667 -0.596656 -0.488525
vn -0.636667 -0.596656 -0.488525
vn -0.600862 -0.652989 -0.461053
vn -0.535544 -0.652981 -0.535544
vn -0.567450 -0.596658 -0.567450
vn -0.481105 -0.795147 -0.369160
vn -0.636667 -0.596656 -0.488525
vn -0.567450 -0.596658 -0.567450
vn -0.428490 -0.795483 -0.428490
vn -0.428490 -0.795483 -0.428490
vn -0.567450 -0.596658 -0.567450
vn -0.488525 -0.596656 -0.636667
vn -0.369160 -0.795147 -0.481104
vn -0.567450 -0.596658 -0.567450
vn -0.535544 -0.652981 -0.535544
vn -0.461054 -0.652989 -0.600862
vn -0.488525 -0.596656 -0.636667
vn -0.488525 -0.596656 -0.636667
vn -0.461054 -0.652989 -0.600862
vn -0.378685 -0.652994 -0.655893
vn -0.401239 -0.596655 -0.694989
vn -0.369160 -0.795147 -0.481104
vn -0.488525 -0.596656 -0.636667
vn -0.401239 -0.596655 -0.694989
vn -0.302991 -0.795474 -0.524802
vn -0.302991 -0.795474 -0.524802
vn -0.401239 -0.596655 -0.694989
vn -0.307089 -0.596659 -0.741414
vn -0.232066 -0.795140 -0.560266
vn -0.401239 -0.596655 -0.694989
vn -0.378685 -0.652994 -0.655893
vn -0.289841 -0.652988 -0.699713
vn -0.307089 -0.596659 -0.741414
vn -0.307089 -0.596659 -0.741414
vn -0.289841 -0.652988 -0.699713
vn -0.196023 -0.652981 -0.731567
vn -0.207684 -0.596653 -0.775160
vn -0.232066 -0.795140 -0.560266
vn -0.307089 -0.596659 -0.741414
vn -0.207684 -0.596653 -0.775160
vn -0.156838 -0.795483 -0.585328
vn -0.156838 -0.795483 -0.585328
vn -0.207684 -0.596653 -0.775160
vn -0.104742 -0.596651 -0.795636
vn -0.079136 -0.795148 -0.601229
vn -0.207684 -0.596653 -0.775160
vn -0.196023 -0.652981 -0.731567
vn -0.098851 -0.652986 -0.750891
vn -0.104742 -0.596651 -0.795636
vn -0.104742 -0.596651 -0.795636
vn -0.098851 -0.652986 -0.750891
vn 0.000000 -0.652990 -0.757366
vn 0.000000 -0.596650 -0.802502
vn -0.079136 -0.795148 -0.601229
vn -0.104742 -0.596651 -0.795636
vn 0.000000 -0.596650 -0.802502
vn 0.000000 -0.795477 -0.605984
vn 0.000000 0.841074 0.540919
vn -0.070592 0.841058 0.536320
vn -0.007904 0.998158 0.060153
vn 0.000000 0.998160 0.060641
vn -0.070592 0.841058 0.536320
vn -0.139991 0.841076 0.522487
vn -0.015687 0.998158 0.058597
vn -0.007904 0.998158 0.060153
vn -0.007904 0.998158 0.060153
vn -0.015687 0.998158 0.058597
vn 0.084964 0.944582 -0.317089
vn 0.042818 0.944588 -0.325453
vn 0.000000 0.998160 0.060641
vn -0.007904 0.998158 0.060153
vn 0.042818 0.944588 -0.325453
vn 0.000000 0.944587 -0.328260
vn -0.139991 0.841076 0.522487
vn -0.207012 0.841049 0.499783
vn -0.023225 0.998157 0.056063
vn -0.015687 0.998158 0.058597
vn -0.207012 0.841049 0.499783
vn -0.270461 0.841080 0.468440
vn -0.030336 0.998159 0.052523
vn -0.023225 0.998157 0.056063
vn -0.023225 0.998157 0.056063
vn -0.030336 0.998159 0.052523
vn 0.164130 0.944587 -0.284283
vn 0.125616 0.944590 -0.303266
vn -0.015687 0.998158 0.058597
vn -0.023225 0.998157 0.056063
vn 0.125616 0.944590 -0.303266
vn 0.084964 0.944582 -0.317089
vn -0.270461 0.841080 0.468440
vn -0.329305 0.841056 0.429165
vn -0.036928 0.998158 0.048128
vn -0.030336 0.998159 0.052523
vn -0.329305 0.841056 0.429165
vn -0.382462 0.841098 0.382462
vn -0.042879 0.998160 0.042879
vn -0.036928 0.998158 0.048128
vn -0.036928 0.998158 0.048128
vn -0.042879 0.998160 0.042879
vn 0.232125 0.944582 -0.232125
vn 0.199837 0.944589 -0.260417
vn -0.030336 0.998159 0.052523
vn -0.036928 0.998158 0.048128
vn 0.199837 0.944589 -0.260417
vn 0.164130 0.944587 -0.284283
vn -0.382462 0.841098 0.382462
vn -0.429102 0.841113 0.329242
vn -0.048129 0.998158 0.036928
vn -0.042879 0.998160 0.042879
vn -0.429102 0.841113 0.329242
vn -0.468320 0.841175 0.270371
vn -0.052523 0.998160 0.030305
vn -0.048129 0.998158 0.036928
vn -0.048129 0.998158 0.036928
vn -0.052523 0.998160 0.030305
vn 0.284282 0.944587 -0.164130
vn 0.260417 0.944589 -0.199838
vn -0.042879 0.998160 0.042879
vn -0.048129 0.998158 0.036928
vn 0.260417 0.944589 -0.199838
vn 0.232125 0.944582 -0.232125
vn -0.468320 0.841175 0.270371
vn -0.499535 0.841226 0.206888
vn -0.056064 0.998157 0.023225
vn -0.052523 0.998160 0.030305
vn -0.499535 0.841226 0.206888
vn -0.522192 0.841275 0.139902
vn -0.058597 0.998158 0.015687
vn -0.056064 0.998157 0.023225
vn -0.056064 0.998157 0.023225
vn -0.058597 0.998158 0.015687
vn 0.317089 0.944582 -0.084964
vn 0.303266 0.944590 -0.125616
vn -0.052523 0.998160 0.030305
vn -0.056064 0.998157 0.023225
vn 0.303266 0.944590 -0.125616
vn 0.284282 0.944587 -0.164130
vn -0.522192 0.841275 0.139902
vn -0.536043 0.841237 0.070561
vn -0.060153 0.998158 0.007904
vn -0.058597 0.998158 0.015687
vn -0.536043 0.841237 0.070561
vn -0.540713 0.841207 -0.000000
vn -0.060672 0.998158 -0.000000
vn -0.060153 0.998158 0.007904
vn -0.060153 0.998158 0.007904
vn -0.060672 0.998158 -0.000000
vn 0.328260 0.944587 -0.000000
vn 0.325453 0.944588 -0.042818
vn -0.058597 0.998158 0.015687
vn -0.060153 0.998158 0.007904
vn 0.325453 0.944588 -0.042818
vn 0.317089 0.944582 -0.084964
vn -0.540713 0.841207 -0.000000
vn -0.536436 0.840986 -0.070560
vn -0.060153 0.998158 -0.007905
vn -0.060672 0.998158 -0.000000
vn -0.536436 0.840986 -0.070560
vn -0.523436 0.840471 -0.140084
vn -0.058597 0.998158 -0.015687
vn -0.060153 0.998158 -0.007905
vn -0.060153 0.998158 -0.007905
vn -0.058597 0.998158 -0.015687
vn 0.317089 0.944582 0.084964
vn 0.325453 0.944588 0.042818
vn -0.060672 0.998158 -0.000000
vn -0.060153 0.998158 -0.007905
vn 0.325453 0.944588 0.042818
vn 0.328260 0.944587 -0.000000
vn -0.523436 0.840471 -0.140084
vn -0.501930 0.839602 -0.207688
vn -0.056064 0.998157 -0.023225
vn -0.058597 0.998158 -0.015687
vn -0.501930 0.839602 -0.207688
vn -0.471216 0.839034 -0.271987
vn -0.052523 0.998160 -0.030306
vn -0.056064 0.998157 -0.023225
vn -0.056064 0.998157 -0.023225
vn -0.052523 0.998160 -0.030306
vn 0.284283 0.944587 0.164130
vn 0.303266 0.944590 0.125616
vn -0.058597 0.998158 -0.015687
vn -0.056064 0.998157 -0.023225
vn 0.303266 0.944590 0.125616
vn 0.317089 0.944582 0.084964
vn -0.471216 0.839034 -0.271987
vn -0.431569 0.839059 -0.331253
vn -0.048129 0.998158 -0.036928
vn -0.052523 0.998160 -0.030306
vn -0.431569 0.839059 -0.331253
vn -0.384327 0.839368 -0.384389
vn -0.042879 0.998160 -0.042880
vn -0.048129 0.998158 -0.036928
vn -0.048129 0.998158 -0.036928
vn -0.042879 0.998160 -0.042880
vn 0.232125 0.944583 0.232125
vn 0.260417 0.944589 0.199837
vn -0.052523 0.998160 -0.030306
vn -0.048129 0.998158 -0.036928
vn 0.260417 0.944589 0.199837
vn 0.284283 0.944587 0.164130
vn -0.384327 0.839368 -0.384389
vn -0.330890 0.839403 -0.431177
vn -0.036928 0.998158 -0.048129
vn -0.042879 0.998160 -0.042880
vn -0.330890 0.839403 -0.431177
vn -0.271709 0.839419 -0.470691
vn -0.030336 0.998159 -0.052524
vn -0.036928 0.998158 -0.048129
vn -0.036928 0.998158 -0.048129
vn -0.030336 0.998159 -0.052524
vn 0.164130 0.944587 0.284282
vn 0.199837 0.944589 0.260417
vn -0.042879 0.998160 -0.042880
vn -0.036928 0.998158 -0.048129
vn 0.199837 0.944589 0.260417
vn 0.232125 0.944583 0.232125
vn -0.271709 0.839419 -0.470691
vn -0.207746 0.839683 -0.501771
vn -0.023225 0.998157 -0.056064
vn -0.030336 0.998159 -0.052524
vn -0.207746 0.839683 -0.501771
vn -0.140236 0.840197 -0.523834
vn -0.015687 0.998158 -0.058597
vn -0.023225 0.998157 -0.056064
vn -0.023225 0.998157 -0.056064
vn -0.015687 0.998158 -0.058597
vn 0.084964 0.944582 0.317089
vn 0.125616 0.944590 0.303266
vn -0.030336 0.998159 -0.052524
vn -0.023225 0.998157 -0.056064
vn 0.125616 0.944590 0.303266
vn 0.164130 0.944587 0.284282
vn -0.140236 0.840197 -0.523834
vn -0.070622 0.840627 -0.536990
vn -0.007904 0.998158 -0.060153
vn -0.015687 0.998158 -0.058597
vn -0.070622 0.840627 -0.536990
vn 0.000031 0.840918 -0.541162
vn 0.000000 0.998160 -0.060642
vn -0.007904 0.998158 -0.060153
vn -0.007904 0.998158 -0.060153
vn 0.000000 0.998160 -0.060642
vn 0.000000 0.944587 0.328260
vn 0.042818 0.944588 0.325453
vn -0.015687 0.998158 -0.058597
vn -0.007904 0.998158 -0.060153
vn 0.042818 0.944588 0.325453
vn 0.084964 0.944582 0.317089
vn 0.000031 0.840918 -0.541162
vn 0.070622 0.841019 -0.536376
vn 0.007904 0.998158 -0.060153
vn 0.000000 0.998160 -0.060642
vn 0.070622 0.841019 -0.536376
vn 0.139991 0.841076 -0.522488
vn 0.015687 0.998158 -0.058597
vn 0.007904 0.998158 -0.060153
vn 0.007904 0.998158 -0.060153
vn 0.015687 0.998158 -0.058597
vn -0.084964 0.944582 0.317089
vn -0.042818 0.944588 0.325453
vn 0.000000 0.998160 -0.060642
vn 0.007904 0.998158 -0.060153
vn -0.042818 0.944588 0.325453
vn 0.000000 0.944587 0.328260
vn 0.139991 0.841076 -0.522488
vn 0.207012 0.841049 -0.499783
vn 0.023225 0.998157 -0.056064
vn 0.015687 0.998158 -0.058597
vn 0.207012 0.841049 -0.499783
vn 0.270461 0.841080 -0.468440
vn 0.030306 0.998160 -0.052524
vn 0.023225 0.998157 -0.056064
vn 0.023225 0.998157 -0.056064
vn 0.030306 0.998160 -0.052524
vn -0.164130 0.944587 0.284282
vn -0.125616 0.944590 0.303266
vn 0.015687 0.998158 -0.058597
vn 0.023225 0.998157 -0.056064
vn -0.125616 0.944590 0.303266
vn -0.084964 0.944582 0.317089
vn 0.270461 0.841080 -0.468440
vn 0.329301 0.841045 -0.429190
vn 0.036928 0.998158 -0.048129
vn 0.030306 0.998160 -0.052524
vn 0.329301 0.841045 -0.429190
vn 0.382530 0.841022 -0.382560
vn 0.042879 0.998160 -0.042880
vn 0.036928 0.998158 -0.048129
vn 0.036928 0.998158 -0.048129
vn 0.042879 0.998160 -0.042880
vn -0.232125 0.944583 0.232125
vn -0.199837 0.944589 0.260417
vn 0.030306 0.998160 -0.052524
vn 0.036928 0.998158 -0.048129
vn -0.199837 0.944589 0.260417
vn -0.164130 0.944587 0.284282
vn 0.382530 0.841022 -0.382560
vn 0.429316 0.840931 -0.329426
vn 0.048129 0.998158 -0.036928
vn 0.042879 0.998160 -0.042880
vn 0.429316 0.840931 -0.329426
vn 0.468687 0.840902 -0.270585
vn 0.052523 0.998160 -0.030306
vn 0.048129 0.998158 -0.036928
vn 0.048129 0.998158 -0.036928
vn 0.052523 0.998160 -0.030306
vn -0.284283 0.944587 0.164130
vn -0.260417 0.944589 0.199837
vn 0.042879 0.998160 -0.042880
vn 0.048129 0.998158 -0.036928
vn -0.260417 0.944589 0.199837
vn -0.232125 0.944583 0.232125
vn 0.468687 0.840902 -0.270585
vn 0.500053 0.840858 -0.207132
vn 0.056064 0.998157 -0.023225
vn 0.052523 0.998160 -0.030306
vn 0.500053 0.840858 -0.207132
vn 0.522865 0.840821 -0.140117
vn 0.058597 0.998158 -0.015687
vn 0.056064 0.998157 -0.023225
vn 0.056064 0.998157 -0.023225
vn 0.058597 0.998158 -0.015687
vn -0.317089 0.944582 0.084964
vn -0.303266 0.944590 0.125616
vn 0.052523 0.998160 -0.030306
vn 0.056064 0.998157 -0.023225
vn -0.303266 0.944590 0.125616
vn -0.284283 0.944587 0.164130
vn 0.522865 0.840821 -0.140117
vn 0.536859 0.840706 -0.070682
vn 0.060153 0.998158 -0.007905
vn 0.058597 0.998158 -0.015687
vn 0.536859 0.840706 -0.070682
vn 0.541532 0.840680 -0.000000
vn 0.060672 0.998158 -0.000000
vn 0.060153 0.998158 -0.007905
vn 0.060153 0.998158 -0.007905
vn 0.060672 0.998158 -0.000000
vn -0.328260 0.944587 -0.000000
vn -0.325453 0.944588 0.042818
vn 0.058597 0.998158 -0.015687
vn 0.060153 0.998158 -0.007905
vn -0.325453 0.944588 0.042818
vn -0.317089 0.944582 0.084964
vn 0.541532 0.840680 -0.000000
vn 0.536766 0.840765 0.070682
vn 0.060153 0.998158 0.007904
vn 0.060672 0.998158 -0.000000
vn 0.536766 0.840765 0.070682
vn 0.522681 0.840940 0.140085
vn 0.058597 0.998158 0.015687
vn 0.060153 0.998158 0.007904
vn 0.060153 0.998158 0.007904
vn 0.058597 0.998158 0.015687
vn -0.317089 0.944582 -0.084964
vn -0.325453 0.944588 -0.042818
vn 0.060672 0.998158 -0.000000
vn 0.060153 0.998158 0.007904
vn -0.325453 0.944588 -0.042818
vn -0.328260 0.944587 -0.000000
vn 0.522681 0.840940 0.140085
vn 0.499815 0.841022 0.207043
vn 0.056064 0.998157 0.023225
vn 0.058597 0.998158 0.015687
vn 0.499815 0.841022 0.207043
vn 0.468440 0.841080 0.270461
vn 0.052523 0.998160 0.030305
vn 0.056064 0.998157 0.023225
vn 0.056064 0.998157 0.023225
vn 0.052523 0.998160 0.030305
vn -0.284282 0.944587 -0.164130
vn -0.303266 0.944590 -0.125616
vn 0.058597 0.998158 0.015687
vn 0.056064 0.998157 0.023225
vn -0.303266 0.944590 -0.125616
vn -0.317089 0.944582 -0.084964
vn 0.468440 0.841080 0.270461
vn 0.429165 0.841056 0.329305
vn 0.048129 0.998158 0.036928
vn 0.052523 0.998160 0.030305
vn 0.429165 0.841056 0.329305
vn 0.382493 0.841070 0.382493
vn 0.042879 0.998160 0.042879
vn 0.048129 0.998158 0.036928
vn 0.048129 0.998158 0.036928
vn 0.042879 0.998160 0.042879
vn -0.232125 0.944582 -0.232125
vn -0.260417 0.944589 -0.199838
vn 0.052523 0.998160 0.030305
vn 0.048129 0.998158 0.036928
vn -0.260417 0.944589 -0.199838
vn -0.284282 0.944587 -0.164130
vn 0.382493 0.841070 0.382493
vn 0.329305 0.841056 0.429165
vn 0.036928 0.998158 0.048128
vn 0.042879 0.998160 0.042879
vn 0.329305 0.841056 0.429165
vn 0.270461 0.841080 0.468440
vn 0.030336 0.998159 0.052523
vn 0.036928 0.998158 0.048128
vn 0.036928 0.998158 0.048128
vn 0.030336 0.998159 0.052523
vn -0.164130 0.944587 -0.284283
vn -0.199837 0.944589 -0.260417
vn 0.042879 0.998160 0.042879
vn 0.036928 0.998158 0.048128
vn -0.199837 0.944589 -0.260417
vn -0.232125 0.944582 -0.232125
vn 0.270461 0.841080 0.468440
vn 0.207012 0.841049 0.499783
vn 0.023225 0.998157 0.056063
vn 0.030336 0.998159 0.052523
vn 0.207012 0.841049 0.499783
vn 0.139991 0.841076 0.522487
vn 0.015687 0.998158 0.058597
vn 0.023225 0.998157 0.056063
vn 0.023225 0.998157 0.056063
vn 0.015687 0.998158 0.058597
vn -0.084964 0.944582 -0.317089
vn -0.125616 0.944590 -0.303266
vn 0.030336 0.998159 0.052523
vn 0.023225 0.998157 0.056063
vn -0.125616 0.944590 -0.303266
vn -0.164130 0.944587 -0.284283
vn 0.139991 0.841076 0.522487
vn 0.070592 0.841058 0.536320
vn 0.007904 0.998158 0.060153
vn 0.015687 0.998158 0.058597
vn 0.070592 0.841058 0.536320
vn 0.000000 0.841074 0.540919
vn 0.000000 0.998160 0.060641
vn 0.007904 0.998158 0.060153
vn 0.007904 0.998158 0.060153
vn 0.000000 0.998160 0.060641
vn 0.000000 0.944587 -0.328260
vn -0.042818 0.944588 -0.325453
vn 0.015687 0.998158 0.058597
vn 0.007904 0.998158 0.060153
vn -0.042818 0.944588 -0.325453
vn -0.084964 0.944582 -0.317089
vn 0.184517 0.976907 -0.107732
vn 0.166819 0.977475 -0.129280
vn 0.401055 0.860128 -0.315174
vn 0.444450 0.856733 -0.261671
vn 0.166819 0.977475 -0.129280
vn 0.147193 0.977951 -0.148139
vn 0.352804 0.863911 -0.359427
vn 0.401055 0.860128 -0.315174
vn 0.401055 0.860128 -0.315174
vn 0.352804 0.863911 -0.359427
vn 0.245499 0.929289 -0.275958
vn 0.291492 0.921843 -0.255418
vn 0.444450 0.856733 -0.261671
vn 0.401055 0.860128 -0.315174
vn 0.291492 0.921843 -0.255418
vn 0.339769 0.915696 -0.214611
vn -0.471216 0.839034 -0.271987
vn -0.501930 0.839602 -0.207688
vn -0.473291 0.859510 -0.192973
vn -0.452328 0.853048 -0.260209
vn -0.501930 0.839602 -0.207688
vn -0.523436 0.840471 -0.140084
vn -0.479183 0.868640 -0.125892
vn -0.473291 0.859510 -0.192973
vn -0.473291 0.859510 -0.192973
vn -0.479183 0.868640 -0.125892
vn 0.177531 0.982296 0.059818
vn 0.137153 0.987934 0.071933
vn -0.452328 0.853048 -0.260209
vn -0.473291 0.859510 -0.192973
vn 0.137153 0.987934 0.071933
vn 0.110906 0.991413 0.069278
vn 0.139991 0.841076 0.522487
vn 0.207012 0.841049 0.499783
vn 0.185158 0.875157 0.447009
vn 0.125221 0.875146 0.467375
vn 0.207012 0.841049 0.499783
vn 0.270461 0.841080 0.468440
vn 0.241928 0.875147 0.419033
vn 0.185158 0.875157 0.447009
vn 0.185158 0.875157 0.447009
vn 0.241928 0.875147 0.419033
vn -0.104375 0.978012 -0.180551
vn -0.079959 0.977947 -0.192941
vn 0.125221 0.875146 0.467375
vn 0.185158 0.875157 0.447009
vn -0.079959 0.977947 -0.192941
vn -0.054019 0.977956 -0.201701
vn -0.139991 0.841076 0.522487
vn -0.070592 0.841058 0.536320
vn -0.063144 0.875160 0.479696
vn -0.125221 0.875146 0.467375
vn -0.070592 0.841058 0.536320
vn 0.000000 0.841074 0.540919
vn 0.000000 0.875135 0.483880
vn -0.063144 0.875160 0.479696
vn -0.063144 0.875160 0.479696
vn 0.000000 0.875135 0.483880
vn 0.000153 0.978067 -0.208291
vn 0.027315 0.978170 -0.206005
vn -0.125221 0.875146 0.467375
vn -0.063144 0.875160 0.479696
vn 0.027315 0.978170 -0.206005
vn 0.053774 0.978278 -0.200203
vn 0.468687 0.840902 -0.270585
vn 0.429316 0.840931 -0.329426
vn 0.385490 0.873923 -0.296069
vn 0.421807 0.873339 -0.243635
vn 0.429316 0.840931 -0.329426
vn 0.382530 0.841022 -0.382560
vn 0.342730 0.874588 -0.342975
vn 0.385490 0.873923 -0.296069
vn 0.385490 0.873923 -0.296069
vn 0.342730 0.874588 -0.342975
vn -0.148077 0.978066 0.146490
vn -0.163580 0.978733 0.123784
vn 0.421807 0.873339 -0.243635
vn 0.385490 0.873923 -0.296069
vn -0.163580 0.978733 0.123784
vn -0.175453 0.979382 0.100132
vn -0.384327 0.839368 -0.384389
vn -0.431569 0.839059 -0.331253
vn -0.412708 0.853524 -0.318069
vn -0.364336 0.856638 -0.365282
vn -0.431569 0.839059 -0.331253
vn -0.471216 0.839034 -0.271987
vn -0.452328 0.853048 -0.260209
vn -0.412708 0.853524 -0.318069
vn -0.412708 0.853524 -0.318069
vn -0.452328 0.853048 -0.260209
vn 0.110906 0.991413 0.069278
vn 0.106450 0.991433 0.075686
vn -0.364336 0.856638 -0.365282
vn -0.412708 0.853524 -0.318069
vn 0.106450 0.991433 0.075686
vn 0.100346 0.990241 0.096714
vn 0.000000 0.841074 0.540919
vn 0.070592 0.841058 0.536320
vn 0.063144 0.875160 0.479696
vn 0.000000 0.875135 0.483880
vn 0.070592 0.841058 0.536320
vn 0.139991 0.841076 0.522487
vn 0.125221 0.875146 0.467375
vn 0.063144 0.875160 0.479696
vn 0.063144 0.875160 0.479696
vn 0.125221 0.875146 0.467375
vn -0.054019 0.977956 -0.201701
vn -0.027131 0.977982 -0.206919
vn 0.000000 0.875135 0.483880
vn 0.063144 0.875160 0.479696
vn -0.027131 0.977982 -0.206919
vn 0.000153 0.978067 -0.208291
vn -0.270461 0.841080 0.468440
vn -0.207012 0.841049 0.499783
vn -0.185158 0.875157 0.447009
vn -0.241928 0.875147 0.419033
vn -0.207012 0.841049 0.499783
vn -0.139991 0.841076 0.522487
vn -0.125221 0.875146 0.467375
vn -0.185158 0.875157 0.447009
vn -0.185158 0.875157 0.447009
vn -0.125221 0.875146 0.467375
vn 0.053774 0.978278 -0.200203
vn 0.079289 0.978325 -0.191295
vn -0.241928 0.875147 0.419033
vn -0.185158 0.875157 0.447009
vn 0.079289 0.978325 -0.191295
vn 0.103490 0.978319 -0.179391
vn 0.522865 0.840821 -0.140117
vn 0.500053 0.840858 -0.207132
vn 0.450489 0.873052 -0.186653
vn 0.472015 0.872431 -0.126748
vn 0.500053 0.840858 -0.207132
vn 0.468687 0.840902 -0.270585
vn 0.421807 0.873339 -0.243635
vn 0.450489 0.873052 -0.186653
vn 0.450489 0.873052 -0.186653
vn 0.421807 0.873339 -0.243635
vn -0.175453 0.979382 0.100132
vn -0.184761 0.979867 0.075656
vn 0.472015 0.872431 -0.126748
vn 0.450489 0.873052 -0.186653
vn -0.184761 0.979867 0.075656
vn -0.190379 0.980460 0.049533
vn -0.271709 0.839419 -0.470691
vn -0.330890 0.839403 -0.431177
vn -0.313644 0.857311 -0.408223
vn -0.257125 0.857316 -0.445978
vn -0.330890 0.839403 -0.431177
vn -0.384327 0.839368 -0.384389
vn -0.364336 0.856638 -0.365282
vn -0.313644 0.857311 -0.408223
vn -0.313644 0.857311 -0.408223
vn -0.364336 0.856638 -0.365282
vn 0.100346 0.990241 0.096714
vn 0.083805 0.990126 0.112371
vn -0.257125 0.857316 -0.445978
vn -0.313644 0.857311 -0.408223
vn 0.083805 0.990126 0.112371
vn 0.071475 0.990146 0.120426
vn -0.382462 0.841098 0.382462
vn -0.329305 0.841056 0.429165
vn -0.294511 0.875201 0.383780
vn -0.341934 0.875343 0.341842
vn -0.329305 0.841056 0.429165
vn -0.270461 0.841080 0.468440
vn -0.241928 0.875147 0.419033
vn -0.294511 0.875201 0.383780
vn -0.294511 0.875201 0.383780
vn -0.241928 0.875147 0.419033
vn 0.103490 0.978319 -0.179391
vn 0.126168 0.978213 -0.164867
vn -0.341934 0.875343 0.341842
vn -0.294511 0.875201 0.383780
vn 0.126168 0.978213 -0.164867
vn 0.147193 0.977951 -0.148139
vn 0.541532 0.840680 -0.000000
vn 0.536859 0.840706 -0.070682
vn 0.486319 0.871407 -0.064365
vn 0.491323 0.870977 0.000091
vn 0.536859 0.840706 -0.070682
vn 0.522865 0.840821 -0.140117
vn 0.472015 0.872431 -0.126748
vn 0.486319 0.871407 -0.064365
vn 0.486319 0.871407 -0.064365
vn 0.472015 0.872431 -0.126748
vn -0.190379 0.980460 0.049533
vn -0.191815 0.981140 0.023897
vn 0.491323 0.870977 0.000091
vn 0.486319 0.871407 -0.064365
vn -0.191815 0.981140 0.023897
vn -0.192635 0.981270 0.000732
vn -0.140236 0.840197 -0.523834
vn -0.207746 0.839683 -0.501771
vn -0.193643 0.860451 -0.471304
vn -0.127937 0.865799 -0.483760
vn -0.207746 0.839683 -0.501771
vn -0.271709 0.839419 -0.470691
vn -0.257125 0.857316 -0.445978
vn -0.193643 0.860451 -0.471304
vn -0.193643 0.860451 -0.471304
vn -0.257125 0.857316 -0.445978
vn 0.071475 0.990146 0.120426
vn 0.065218 0.988346 0.137547
vn -0.127937 0.865799 -0.483760
vn -0.193643 0.860451 -0.471304
vn 0.065218 0.988346 0.137547
vn 0.052829 0.984951 0.164560
vn -0.468320 0.841175 0.270371
vn -0.429102 0.841113 0.329242
vn -0.383138 0.875718 0.293808
vn -0.417413 0.876241 0.240767
vn -0.429102 0.841113 0.329242
vn -0.382462 0.841098 0.382462
vn -0.341934 0.875343 0.341842
vn -0.383138 0.875718 0.293808
vn -0.383138 0.875718 0.293808
vn -0.341934 0.875343 0.341842
vn 0.147193 0.977951 -0.148139
vn 0.166819 0.977475 -0.129280
vn -0.417413 0.876241 0.240767
vn -0.383138 0.875718 0.293808
vn 0.166819 0.977475 -0.129280
vn 0.184517 0.976907 -0.107732
vn 0.522681 0.840940 0.140085
vn 0.536766 0.840765 0.070682
vn 0.485161 0.872051 0.064395
vn 0.469754 0.873709 0.126350
vn 0.536766 0.840765 0.070682
vn 0.541532 0.840680 -0.000000
vn 0.491323 0.870977 0.000091
vn 0.485161 0.872051 0.064395
vn 0.485161 0.872051 0.064395
vn 0.491323 0.870977 0.000091
vn -0.192635 0.981270 0.000732
vn -0.195718 0.980389 -0.023072
vn 0.469754 0.873709 0.126350
vn 0.485161 0.872051 0.064395
vn -0.195718 0.980389 -0.023072
vn -0.197000 0.979108 -0.050387
vn 0.000031 0.840918 -0.541162
vn -0.070622 0.840627 -0.536990
vn -0.063083 0.870593 -0.487943
vn 0.000549 0.873469 -0.486879
vn -0.070622 0.840627 -0.536990
vn -0.140236 0.840197 -0.523834
vn -0.127937 0.865799 -0.483760
vn -0.063083 0.870593 -0.487943
vn -0.063083 0.870593 -0.487943
vn -0.127937 0.865799 -0.483760
vn 0.052829 0.984951 0.164560
vn 0.030671 0.981580 0.188576
vn 0.000549 0.873469 -0.486879
vn -0.063083 0.870593 -0.487943
vn 0.030671 0.981580 0.188576
vn 0.003052 0.979317 0.202309
vn -0.522192 0.841275 0.139902
vn -0.499535 0.841226 0.206888
vn -0.444238 0.876849 0.183817
vn -0.463825 0.877172 0.124242
vn -0.499535 0.841226 0.206888
vn -0.468320 0.841175 0.270371
vn -0.417413 0.876241 0.240767
vn -0.444238 0.876849 0.183817
vn -0.444238 0.876849 0.183817
vn -0.417413 0.876241 0.240767
vn 0.184517 0.976907 -0.107732
vn 0.199288 0.976388 -0.083377
vn -0.463825 0.877172 0.124242
vn -0.444238 0.876849 0.183817
vn 0.199288 0.976388 -0.083377
vn 0.209816 0.976109 -0.056460
vn 0.468440 0.841080 0.270461
vn 0.499815 0.841022 0.207043
vn 0.447534 0.874804 0.185557
vn 0.419088 0.875105 0.241986
vn 0.499815 0.841022 0.207043
vn 0.522681 0.840940 0.140085
vn 0.469754 0.873709 0.126350
vn 0.447534 0.874804 0.185557
vn 0.447534 0.874804 0.185557
vn 0.469754 0.873709 0.126350
vn -0.197000 0.979108 -0.050387
vn -0.192028 0.978240 -0.078557
vn 0.419088 0.875105 0.241986
vn 0.447534 0.874804 0.185557
vn -0.192028 0.978240 -0.078557
vn -0.180705 0.977993 -0.104285
vn 0.139991 0.841076 -0.522488
vn 0.070622 0.841019 -0.536376
vn 0.063419 0.874770 -0.480371
vn 0.125251 0.875110 -0.467434
vn 0.070622 0.841019 -0.536376
vn 0.000031 0.840918 -0.541162
vn 0.000549 0.873469 -0.486879
vn 0.063419 0.874770 -0.480371
vn 0.063419 0.874770 -0.480371
vn 0.000549 0.873469 -0.486879
vn 0.003052 0.979317 0.202309
vn -0.025941 0.978169 0.206187
vn 0.125251 0.875110 -0.467434
vn 0.063419 0.874770 -0.480371
vn -0.025941 0.978169 0.206187
vn -0.053896 0.977730 0.202828
vn -0.540713 0.841207 -0.000000
vn -0.536043 0.841237 0.070561
vn -0.476194 0.877096 0.062778
vn -0.481380 0.876512 0.000213
vn -0.536043 0.841237 0.070561
vn -0.522192 0.841275 0.139902
vn -0.463825 0.877172 0.124242
vn -0.476194 0.877096 0.062778
vn -0.476194 0.877096 0.062778
vn -0.463825 0.877172 0.124242
vn 0.209816 0.976109 -0.056460
vn 0.215433 0.976116 -0.028047
vn -0.481380 0.876512 0.000213
vn -0.476194 0.877096 0.062778
vn 0.215433 0.976116 -0.028047
vn 0.215405 0.976524 0.001099
vn 0.382493 0.841070 0.382493
vn 0.429165 0.841056 0.329305
vn 0.383839 0.875165 0.294540
vn 0.342151 0.875138 0.342150
vn 0.429165 0.841056 0.329305
vn 0.468440 0.841080 0.270461
vn 0.419088 0.875105 0.241986
vn 0.383839 0.875165 0.294540
vn 0.383839 0.875165 0.294540
vn 0.419088 0.875105 0.241986
vn -0.180705 0.977993 -0.104285
vn -0.165293 0.978026 -0.127053
vn 0.342151 0.875138 0.342150
vn 0.383839 0.875165 0.294540
vn -0.165293 0.978026 -0.127053
vn -0.147102 0.978108 -0.147194
vn 0.270461 0.841080 -0.468440
vn 0.207012 0.841049 -0.499783
vn 0.185158 0.875157 -0.447009
vn 0.241925 0.875136 -0.419058
vn 0.207012 0.841049 -0.499783
vn 0.139991 0.841076 -0.522488
vn 0.125251 0.875110 -0.467434
vn 0.185158 0.875157 -0.447009
vn 0.185158 0.875157 -0.447009
vn 0.125251 0.875110 -0.467434
vn -0.053896 0.977730 0.202828
vn -0.080448 0.977526 0.194864
vn 0.241925 0.875136 -0.419058
vn 0.185158 0.875157 -0.447009
vn -0.080448 0.977526 0.194864
vn -0.105536 0.977473 0.182780
vn -0.523436 0.840471 -0.140084
vn -0.536436 0.840986 -0.070560
vn -0.481035 0.874481 -0.062350
vn -0.479183 0.868640 -0.125892
vn -0.536436 0.840986 -0.070560
vn -0.540713 0.841207 -0.000000
vn -0.481380 0.876512 0.000213
vn -0.481035 0.874481 -0.062350
vn -0.481035 0.874481 -0.062350
vn -0.481380 0.876512 0.000213
vn 0.215405 0.976524 0.001099
vn 0.205668 0.978105 0.031801
vn -0.479183 0.868640 -0.125892
vn -0.481035 0.874481 -0.062350
vn 0.205668 0.978105 0.031801
vn 0.177531 0.982296 0.059818
vn 0.270461 0.841080 0.468440
vn 0.329305 0.841056 0.429165
vn 0.294540 0.875165 0.383838
vn 0.241928 0.875147 0.419033
vn 0.329305 0.841056 0.429165
vn 0.382493 0.841070 0.382493
vn 0.342151 0.875138 0.342150
vn 0.294540 0.875165 0.383838
vn 0.294540 0.875165 0.383838
vn 0.342151 0.875138 0.342150
vn -0.147102 0.978108 -0.147194
vn -0.126868 0.978077 -0.165139
vn 0.241928 0.875147 0.419033
vn 0.294540 0.875165 0.383838
vn -0.126868 0.978077 -0.165139
vn -0.104375 0.978012 -0.180551
vn 0.160746 0.955076 0.248978
vn 0.164438 0.970084 0.178598
vn 0.171272 0.984174 -0.045473
vn 0.206556 0.978027 0.028230
vn 0.164438 0.970084 0.178598
vn 0.116187 0.980742 0.156992
vn 0.037325 0.998669 -0.035585
vn 0.171272 0.984174 -0.045473
vn 0.171272 0.984174 -0.045473
vn 0.037325 0.998669 -0.035585
vn 0.120276 0.991690 0.045657
vn 0.275345 0.961326 -0.006104
vn 0.206556 0.978027 0.028230
vn 0.171272 0.984174 -0.045473
vn 0.275345 0.961326 -0.006104
vn 0.302961 0.952678 0.024873
vn -0.197000 0.979108 -0.050387
vn -0.195718 0.980389 -0.023072
vn -0.489316 0.870350 -0.055332
vn -0.484821 0.866091 -0.121800
vn -0.195718 0.980389 -0.023072
vn -0.192635 0.981270 0.000732
vn -0.485464 0.874244 0.004669
vn -0.489316 0.870350 -0.055332
vn -0.489316 0.870350 -0.055332
vn -0.485464 0.874244 0.004669
vn -0.336202 0.941584 0.019685
vn -0.351214 0.936082 -0.019990
vn -0.484821 0.866091 -0.121800
vn -0.489316 0.870350 -0.055332
vn -0.351214 0.936082 -0.019990
vn -0.358233 0.930864 -0.071842
vn 0.003052 0.979317 0.202309
vn 0.030671 0.981580 0.188576
vn 0.083532 0.875910 0.475189
vn 0.011780 0.867108 0.497980
vn 0.030671 0.981580 0.188576
vn 0.052829 0.984951 0.164560
vn 0.147227 0.888732 0.434142
vn 0.083532 0.875910 0.475189
vn 0.083532 0.875910 0.475189
vn 0.147227 0.888732 0.434142
vn 0.160746 0.955076 0.248978
vn 0.107428 0.941216 0.320269
vn 0.011780 0.867108 0.497980
vn 0.083532 0.875910 0.475189
vn 0.107428 0.941216 0.320269
vn 0.039370 0.929955 0.365560
vn 0.209816 0.976109 -0.056460
vn 0.199288 0.976388 -0.083377
vn 0.478511 0.854874 -0.200542
vn 0.502259 0.853995 -0.135751
vn 0.199288 0.976388 -0.083377
vn 0.184517 0.976907 -0.107732
vn 0.444450 0.856733 -0.261671
vn 0.478511 0.854874 -0.200542
vn 0.478511 0.854874 -0.200542
vn 0.444450 0.856733 -0.261671
vn 0.339769 0.915696 -0.214611
vn 0.375540 0.912620 -0.161539
vn 0.502259 0.853995 -0.135751
vn 0.478511 0.854874 -0.200542
vn 0.375540 0.912620 -0.161539
vn 0.397147 0.910969 -0.111395
vn -0.180705 0.977993 -0.104285
vn -0.192028 0.978240 -0.078557
vn -0.468009 0.863048 -0.190042
vn -0.438417 0.862246 -0.253620
vn -0.192028 0.978240 -0.078557
vn -0.197000 0.979108 -0.050387
vn -0.484821 0.866091 -0.121800
vn -0.468009 0.863048 -0.190042
vn -0.468009 0.863048 -0.190042
vn -0.484821 0.866091 -0.121800
vn -0.358233 0.930864 -0.071842
vn -0.352157 0.926582 -0.132025
vn -0.438417 0.862246 -0.253620
vn -0.468009 0.863048 -0.190042
vn -0.352157 0.926582 -0.132025
vn -0.327807 0.925099 -0.191661
vn -0.053896 0.977730 0.202828
vn -0.025941 0.978169 0.206187
vn -0.060246 0.861689 0.503847
vn -0.129187 0.858133 0.496910
vn -0.025941 0.978169 0.206187
vn 0.003052 0.979317 0.202309
vn 0.011780 0.867108 0.497980
vn -0.060246 0.861689 0.503847
vn -0.060246 0.861689 0.503847
vn 0.011780 0.867108 0.497980
vn 0.039370 0.929955 0.365560
vn -0.026888 0.921358 0.387783
vn -0.129187 0.858133 0.496910
vn -0.060246 0.861689 0.503847
vn -0.026888 0.921358 0.387783
vn -0.086765 0.914163 0.395952
vn 0.215405 0.976524 0.001099
vn 0.215433 0.976116 -0.028047
vn 0.516904 0.853317 -0.068272
vn 0.520629 0.853777 0.003174
vn 0.215433 0.976116 -0.028047
vn 0.209816 0.976109 -0.056460
vn 0.502259 0.853995 -0.135751
vn 0.516904 0.853317 -0.068272
vn 0.516904 0.853317 -0.068272
vn 0.502259 0.853995 -0.135751
vn 0.397147 0.910969 -0.111395
vn 0.412434 0.909069 -0.059085
vn 0.520629 0.853777 0.003174
vn 0.516904 0.853317 -0.068272
vn 0.412434 0.909069 -0.059085
vn 0.417067 0.908843 0.007660
vn -0.147102 0.978108 -0.147194
vn -0.165293 0.978026 -0.127053
vn -0.399189 0.863261 -0.308914
vn -0.355216 0.864312 -0.356071
vn -0.165293 0.978026 -0.127053
vn -0.180705 0.977993 -0.104285
vn -0.438417 0.862246 -0.253620
vn -0.399189 0.863261 -0.308914
vn -0.399189 0.863261 -0.308914
vn -0.438417 0.862246 -0.253620
vn -0.327807 0.925099 -0.191661
vn -0.291584 0.926818 -0.236618
vn -0.355216 0.864312 -0.356071
vn -0.399189 0.863261 -0.308914
vn -0.291584 0.926818 -0.236618
vn -0.259197 0.928994 -0.264171
vn -0.105536 0.977473 0.182780
vn -0.080448 0.977526 0.194864
vn -0.195691 0.855552 0.479308
vn -0.259718 0.854474 0.449912
vn -0.080448 0.977526 0.194864
vn -0.053896 0.977730 0.202828
vn -0.129187 0.858133 0.496910
vn -0.195691 0.855552 0.479308
vn -0.195691 0.855552 0.479308
vn -0.129187 0.858133 0.496910
vn -0.086765 0.914163 0.395952
vn -0.147436 0.908331 0.391403
vn -0.259718 0.854474 0.449912
vn -0.195691 0.855552 0.479308
vn -0.147436 0.908331 0.391403
vn -0.211560 0.905908 0.366843
vn 0.177531 0.982296 0.059818
vn 0.205668 0.978105 0.031801
vn 0.506408 0.858418 0.081670
vn 0.465262 0.870280 0.161690
vn 0.205668 0.978105 0.031801
vn 0.215405 0.976524 0.001099
vn 0.520629 0.853777 0.003174
vn 0.506408 0.858418 0.081670
vn 0.506408 0.858418 0.081670
vn 0.520629 0.853777 0.003174
vn 0.417067 0.908843 0.007660
vn 0.394552 0.914109 0.093449
vn 0.465262 0.870280 0.161690
vn 0.506408 0.858418 0.081670
vn 0.394552 0.914109 0.093449
vn 0.332445 0.924914 0.184427
vn -0.104375 0.978012 -0.180551
vn -0.126868 0.978077 -0.165139
vn -0.307634 0.863999 -0.398581
vn -0.254010 0.862864 -0.436972
vn -0.126868 0.978077 -0.165139
vn -0.147102 0.978108 -0.147194
vn -0.355216 0.864312 -0.356071
vn -0.307634 0.863999 -0.398581
vn -0.307634 0.863999 -0.398581
vn -0.355216 0.864312 -0.356071
vn -0.259197 0.928994 -0.264171
vn -0.230850 0.928740 -0.290088
vn -0.254010 0.862864 -0.436972
vn -0.307634 0.863999 -0.398581
vn -0.230850 0.928740 -0.290088
vn -0.194437 0.926620 -0.321824
vn -0.148077 0.978066 0.146490
vn -0.128485 0.977612 0.166633
vn -0.317612 0.855542 0.408864
vn -0.366506 0.858354 0.359028
vn -0.128485 0.977612 0.166633
vn -0.105536 0.977473 0.182780
vn -0.259718 0.854474 0.449912
vn -0.317612 0.855542 0.408864
vn -0.317612 0.855542 0.408864
vn -0.259718 0.854474 0.449912
vn -0.211560 0.905908 0.366843
vn -0.265670 0.908285 0.323169
vn -0.366506 0.858354 0.359028
vn -0.317612 0.855542 0.408864
vn -0.265670 0.908285 0.323169
vn -0.301224 0.914049 0.271621
vn 0.110906 0.991413 0.069278
vn 0.137153 0.987934 0.071933
vn 0.407487 0.887577 0.214852
vn 0.365165 0.901820 0.231032
vn 0.137153 0.987934 0.071933
vn 0.177531 0.982296 0.059818
vn 0.465262 0.870280 0.161690
vn 0.407487 0.887577 0.214852
vn 0.407487 0.887577 0.214852
vn 0.465262 0.870280 0.161690
vn 0.332445 0.924914 0.184427
vn 0.254013 0.940822 0.224348
vn 0.365165 0.901820 0.231032
vn 0.407487 0.887577 0.214852
vn 0.254013 0.940822 0.224348
vn 0.209542 0.959635 0.187599
vn -0.054019 0.977956 -0.201701
vn -0.079959 0.977947 -0.192941
vn -0.194377 0.862047 -0.468074
vn -0.130867 0.861989 -0.489744
vn -0.079959 0.977947 -0.192941
vn -0.104375 0.978012 -0.180551
vn -0.254010 0.862864 -0.436972
vn -0.194377 0.862047 -0.468074
vn -0.194377 0.862047 -0.468074
vn -0.254010 0.862864 -0.436972
vn -0.194437 0.926620 -0.321824
vn -0.148108 0.924844 -0.350326
vn -0.130867 0.861989 -0.489744
vn -0.194377 0.862047 -0.468074
vn -0.148108 0.924844 -0.350326
vn -0.097111 0.924536 -0.368514
vn 0.053774 0.978278 -0.200203
vn 0.027315 0.978170 -0.206005
vn 0.067630 0.865392 -0.496511
vn 0.130532 0.866938 -0.481019
vn 0.027315 0.978170 -0.206005
vn 0.000153 0.978067 -0.208291
vn 0.001862 0.863736 -0.503941
vn 0.067630 0.865392 -0.496511
vn 0.067630 0.865392 -0.496511
vn 0.001862 0.863736 -0.503941
vn 0.010041 0.928596 -0.370956
vn 0.058963 0.932330 -0.356769
vn 0.130532 0.866938 -0.481019
vn 0.067630 0.865392 -0.496511
vn 0.058963 0.932330 -0.356769
vn 0.099463 0.935754 -0.338338
vn -0.175453 0.979382 0.100132
vn -0.163580 0.978733 0.123784
vn -0.405845 0.862169 0.303239
vn -0.435296 0.866746 0.243452
vn -0.163580 0.978733 0.123784
vn -0.148077 0.978066 0.146490
vn -0.366506 0.858354 0.359028
vn -0.405845 0.862169 0.303239
vn -0.405845 0.862169 0.303239
vn -0.366506 0.858354 0.359028
vn -0.301224 0.914049 0.271621
vn -0.323167 0.921251 0.216472
vn -0.435296 0.866746 0.243452
vn -0.405845 0.862169 0.303239
vn -0.323167 0.921251 0.216472
vn -0.332814 0.929894 0.156625
vn 0.100346 0.990241 0.096714
vn 0.106450 0.991433 0.075686
vn 0.339161 0.906729 0.250624
vn 0.297533 0.907982 0.295031
vn 0.106450 0.991433 0.075686
vn 0.110906 0.991413 0.069278
vn 0.365165 0.901820 0.231032
vn 0.339161 0.906729 0.250624
vn 0.339161 0.906729 0.250624
vn 0.365165 0.901820 0.231032
vn 0.209542 0.959635 0.187599
vn 0.189280 0.970389 0.150063
vn 0.297533 0.907982 0.295031
vn 0.339161 0.906729 0.250624
vn 0.189280 0.970389 0.150063
vn 0.141242 0.976392 0.163429
vn 0.000153 0.978067 -0.208291
vn -0.027131 0.977982 -0.206919
vn -0.065006 0.862538 -0.501799
vn 0.001862 0.863736 -0.503941
vn -0.027131 0.977982 -0.206919
vn -0.054019 0.977956 -0.201701
vn -0.130867 0.861989 -0.489744
vn -0.065006 0.862538 -0.501799
vn -0.065006 0.862538 -0.501799
vn -0.130867 0.861989 -0.489744
vn -0.097111 0.924536 -0.368514
vn -0.043764 0.925823 -0.375414
vn 0.001862 0.863736 -0.503941
vn -0.065006 0.862538 -0.501799
vn -0.043764 0.925823 -0.375414
vn 0.010041 0.928596 -0.370956
vn 0.103490 0.978319 -0.179391
vn 0.079289 0.978325 -0.191295
vn 0.190592 0.867780 -0.458947
vn 0.247969 0.867692 -0.430840
vn 0.079289 0.978325 -0.191295
vn 0.053774 0.978278 -0.200203
vn 0.130532 0.866938 -0.481019
vn 0.190592 0.867780 -0.458947
vn 0.190592 0.867780 -0.458947
vn 0.130532 0.866938 -0.481019
vn 0.099463 0.935754 -0.338338
vn 0.135291 0.937638 -0.320206
vn 0.247969 0.867692 -0.430840
vn 0.190592 0.867780 -0.458947
vn 0.135291 0.937638 -0.320206
vn 0.170940 0.937436 -0.303303
vn -0.190379 0.980460 0.049533
vn -0.184761 0.979867 0.075656
vn -0.455313 0.871592 0.181710
vn -0.468473 0.875235 0.120399
vn -0.184761 0.979867 0.075656
vn -0.175453 0.979382 0.100132
vn -0.435296 0.866746 0.243452
vn -0.455313 0.871592 0.181710
vn -0.455313 0.871592 0.181710
vn -0.435296 0.866746 0.243452
vn -0.332814 0.929894 0.156625
vn -0.327288 0.939290 0.103033
vn -0.468473 0.875235 0.120399
vn -0.455313 0.871592 0.181710
vn -0.327288 0.939290 0.103033
vn -0.317647 0.945677 0.069249
vn 0.071475 0.990146 0.120426
vn 0.083805 0.990126 0.112371
vn 0.244767 0.910705 0.332725
vn 0.212106 0.910834 0.354109
vn 0.083805 0.990126 0.112371
vn 0.100346 0.990241 0.096714
vn 0.297533 0.907982 0.295031
vn 0.244767 0.910705 0.332725
vn 0.244767 0.910705 0.332725
vn 0.297533 0.907982 0.295031
vn 0.141242 0.976392 0.163429
vn 0.094855 0.980502 0.172100
vn 0.212106 0.910834 0.354109
vn 0.244767 0.910705 0.332725
vn 0.094855 0.980502 0.172100
vn 0.116187 0.980742 0.156992
vn 0.147193 0.977951 -0.148139
vn 0.126168 0.978213 -0.164867
vn 0.302016 0.866527 -0.397388
vn 0.352804 0.863911 -0.359427
vn 0.126168 0.978213 -0.164867
vn 0.103490 0.978319 -0.179391
vn 0.247969 0.867692 -0.430840
vn 0.302016 0.866527 -0.397388
vn 0.302016 0.866527 -0.397388
vn 0.247969 0.867692 -0.430840
vn 0.170940 0.937436 -0.303303
vn 0.206983 0.934840 -0.288500
vn 0.352804 0.863911 -0.359427
vn 0.302016 0.866527 -0.397388
vn 0.206983 0.934840 -0.288500
vn 0.245499 0.929289 -0.275958
vn -0.192635 0.981270 0.000732
vn -0.191815 0.981140 0.023897
vn -0.478028 0.876187 0.061527
vn -0.485464 0.874244 0.004669
vn -0.191815 0.981140 0.023897
vn -0.190379 0.980460 0.049533
vn -0.468473 0.875235 0.120399
vn -0.478028 0.876187 0.061527
vn -0.478028 0.876187 0.061527
vn -0.468473 0.875235 0.120399
vn -0.317647 0.945677 0.069249
vn -0.320843 0.945958 0.047151
vn -0.485464 0.874244 0.004669
vn -0.478028 0.876187 0.061527
vn -0.320843 0.945958 0.047151
vn -0.336202 0.941584 0.019685
vn 0.052829 0.984951 0.164560
vn 0.065218 0.988346 0.137547
vn 0.189645 0.902571 0.386524
vn 0.147227 0.888732 0.434142
vn 0.065218 0.988346 0.137547
vn 0.071475 0.990146 0.120426
vn 0.212106 0.910834 0.354109
vn 0.189645 0.902571 0.386524
vn 0.189645 0.902571 0.386524
vn 0.212106 0.910834 0.354109
vn 0.116187 0.980742 0.156992
vn 0.164438 0.970084 0.178598
vn 0.147227 0.888732 0.434142
vn 0.189645 0.902571 0.386524
vn 0.164438 0.970084 0.178598
vn 0.160746 0.955076 0.248978
vn 0.002533 -0.999952 -0.009491
vn 0.000488 -0.999992 -0.003815
vn 0.021668 -0.986124 -0.164588
vn 0.045626 -0.984331 -0.170327
vn 0.000488 -0.999992 -0.003815
vn 0.000000 -0.999952 -0.009827
vn 0.000000 -0.984330 -0.176339
vn 0.021668 -0.986124 -0.164588
vn 0.021668 -0.986124 -0.164588
vn 0.000000 -0.984330 -0.176339
vn 0.000000 -0.795477 -0.605984
vn 0.079136 -0.795148 -0.601229
vn 0.045626 -0.984331 -0.170327
vn 0.021668 -0.986124 -0.164588
vn 0.079136 -0.795148 -0.601229
vn 0.156838 -0.795483 -0.585328
vn 0.004914 -0.999952 -0.008515
vn 0.001465 -0.999993 -0.003540
vn 0.063510 -0.986128 -0.153357
vn 0.088169 -0.984329 -0.152717
vn 0.001465 -0.999993 -0.003540
vn 0.002533 -0.999952 -0.009491
vn 0.045626 -0.984331 -0.170327
vn 0.063510 -0.986128 -0.153357
vn 0.063510 -0.986128 -0.153357
vn 0.045626 -0.984331 -0.170327
vn 0.156838 -0.795483 -0.585328
vn 0.232066 -0.795140 -0.560266
vn 0.088169 -0.984329 -0.152717
vn 0.063510 -0.986128 -0.153357
vn 0.232066 -0.795140 -0.560266
vn 0.302991 -0.795474 -0.524802
vn 0.006928 -0.999952 -0.006928
vn 0.002319 -0.999993 -0.003052
vn 0.101048 -0.986127 -0.131689
vn 0.124700 -0.984327 -0.124700
vn 0.002319 -0.999993 -0.003052
vn 0.004914 -0.999952 -0.008515
vn 0.088169 -0.984329 -0.152717
vn 0.101048 -0.986127 -0.131689
vn 0.101048 -0.986127 -0.131689
vn 0.088169 -0.984329 -0.152717
vn 0.302991 -0.795474 -0.524802
vn 0.369160 -0.795147 -0.481104
vn 0.124700 -0.984327 -0.124700
vn 0.101048 -0.986127 -0.131689
vn 0.369160 -0.795147 -0.481104
vn 0.428490 -0.795483 -0.428490
vn 0.008515 -0.999952 -0.004913
vn 0.003052 -0.999993 -0.002319
vn 0.131689 -0.986127 -0.101048
vn 0.152717 -0.984329 -0.088169
vn 0.003052 -0.999993 -0.002319
vn 0.006928 -0.999952 -0.006928
vn 0.124700 -0.984327 -0.124700
vn 0.131689 -0.986127 -0.101048
vn 0.131689 -0.986127 -0.101048
vn 0.124700 -0.984327 -0.124700
vn 0.428490 -0.795483 -0.428490
vn 0.481105 -0.795147 -0.369160
vn 0.152717 -0.984329 -0.088169
vn 0.131689 -0.986127 -0.101048
vn 0.481105 -0.795147 -0.369160
vn 0.524802 -0.795474 -0.302991
vn 0.009491 -0.999952 -0.002533
vn 0.003540 -0.999993 -0.001465
vn 0.153358 -0.986128 -0.063510
vn 0.170327 -0.984331 -0.045626
vn 0.003540 -0.999993 -0.001465
vn 0.008515 -0.999952 -0.004913
vn 0.152717 -0.984329 -0.088169
vn 0.153358 -0.986128 -0.063510
vn 0.153358 -0.986128 -0.063510
vn 0.152717 -0.984329 -0.088169
vn 0.524802 -0.795474 -0.302991
vn 0.560266 -0.795140 -0.232066
vn 0.170327 -0.984331 -0.045626
vn 0.153358 -0.986128 -0.063510
vn 0.560266 -0.795140 -0.232066
vn 0.585328 -0.795483 -0.156838
vn 0.009827 -0.999952 0.000000
vn 0.003815 -0.999992 -0.000488
vn 0.164588 -0.986124 -0.021668
vn 0.176339 -0.984329 0.000000
vn 0.003815 -0.999992 -0.000488
vn 0.009491 -0.999952 -0.002533
vn 0.170327 -0.984331 -0.045626
vn 0.164588 -0.986124 -0.021668
vn 0.164588 -0.986124 -0.021668
vn 0.170327 -0.984331 -0.045626
vn 0.585328 -0.795483 -0.156838
vn 0.601229 -0.795148 -0.079136
vn 0.176339 -0.984329 0.000000
vn 0.164588 -0.986124 -0.021668
vn 0.601229 -0.795148 -0.079136
vn 0.605984 -0.795476 0.000000
vn 0.009491 -0.999952 0.002533
vn 0.003815 -0.999992 0.000488
vn 0.164588 -0.986124 0.021669
vn 0.170327 -0.984331 0.045626
vn 0.003815 -0.999992 0.000488
vn 0.009827 -0.999952 0.000000
vn 0.176339 -0.984329 0.000000
vn 0.164588 -0.986124 0.021669
vn 0.164588 -0.986124 0.021669
vn 0.176339 -0.984329 0.000000
vn 0.605984 -0.795476 0.000000
vn 0.601229 -0.795148 0.079137
vn 0.170327 -0.984331 0.045626
vn 0.164588 -0.986124 0.021669
vn 0.601229 -0.795148 0.079137
vn 0.585328 -0.795483 0.156838
vn 0.008515 -0.999952 0.004914
vn 0.003540 -0.999993 0.001465
vn 0.153358 -0.986128 0.063510
vn 0.152717 -0.984329 0.088170
vn 0.003540 -0.999993 0.001465
vn 0.009491 -0.999952 0.002533
vn 0.170327 -0.984331 0.045626
vn 0.153358 -0.986128 0.063510
vn 0.153358 -0.986128 0.063510
vn 0.170327 -0.984331 0.045626
vn 0.585328 -0.795483 0.156838
vn 0.560266 -0.795140 0.232066
vn 0.152717 -0.984329 0.088170
vn 0.153358 -0.986128 0.063510
vn 0.560266 -0.795140 0.232066
vn 0.524802 -0.795474 0.302991
vn 0.006928 -0.999952 0.006928
vn 0.003052 -0.999993 0.002320
vn 0.131689 -0.986127 0.101048
vn 0.124700 -0.984327 0.124701
vn 0.003052 -0.999993 0.002320
vn 0.008515 -0.999952 0.004914
vn 0.152717 -0.984329 0.088170
vn 0.131689 -0.986127 0.101048
vn 0.131689 -0.986127 0.101048
vn 0.152717 -0.984329 0.088170
vn 0.524802 -0.795474 0.302991
vn 0.481105 -0.795147 0.369160
vn 0.124700 -0.984327 0.124701
vn 0.131689 -0.986127 0.101048
vn 0.481105 -0.795147 0.369160
vn 0.428490 -0.795483 0.428490
vn 0.004914 -0.999952 0.008515
vn 0.002319 -0.999993 0.003052
vn 0.101048 -0.986127 0.131689
vn 0.088169 -0.984329 0.152717
vn 0.002319 -0.999993 0.003052
vn 0.006928 -0.999952 0.006928
vn 0.124700 -0.984327 0.124701
vn 0.101048 -0.986127 0.131689
vn 0.101048 -0.986127 0.131689
vn 0.124700 -0.984327 0.124701
vn 0.428490 -0.795483 0.428490
vn 0.369160 -0.795147 0.481105
vn 0.088169 -0.984329 0.152717
vn 0.101048 -0.986127 0.131689
vn 0.369160 -0.795147 0.481105
vn 0.302991 -0.795474 0.524802
vn 0.002533 -0.999952 0.009492
vn 0.001465 -0.999993 0.003540
vn 0.063510 -0.986128 0.153358
vn 0.045626 -0.984331 0.170327
vn 0.001465 -0.999993 0.003540
vn 0.004914 -0.999952 0.008515
vn 0.088169 -0.984329 0.152717
vn 0.063510 -0.986128 0.153358
vn 0.063510 -0.986128 0.153358
vn 0.088169 -0.984329 0.152717
vn 0.302991 -0.795474 0.524802
vn 0.232066 -0.795140 0.560266
vn 0.045626 -0.984331 0.170327
vn 0.063510 -0.986128 0.153358
vn 0.232066 -0.795140 0.560266
vn 0.156838 -0.795483 0.585328
vn 0.000000 -0.999952 0.009827
vn 0.000488 -0.999992 0.003815
vn 0.021668 -0.986124 0.164588
vn 0.000000 -0.984329 0.176339
vn 0.000488 -0.999992 0.003815
vn 0.002533 -0.999952 0.009492
vn 0.045626 -0.984331 0.170327
vn 0.021668 -0.986124 0.164588
vn 0.021668 -0.986124 0.164588
vn 0.045626 -0.984331 0.170327
vn 0.156838 -0.795483 0.585328
vn 0.079136 -0.795148 0.601229
vn 0.000000 -0.984329 0.176339
vn 0.021668 -0.986124 0.164588
vn 0.079136 -0.795148 0.601229
vn 0.000000 -0.795476 0.605984
vn -0.002533 -0.999952 0.009492
vn -0.000488 -0.999992 0.003815
vn -0.021668 -0.986124 0.164588
vn -0.045626 -0.984331 0.170327
vn -0.000488 -0.999992 0.003815
vn 0.000000 -0.999952 0.009827
vn 0.000000 -0.984329 0.176339
vn -0.021668 -0.986124 0.164588
vn -0.021668 -0.986124 0.164588
vn 0.000000 -0.984329 0.176339
vn 0.000000 -0.795476 0.605984
vn -0.079136 -0.795148 0.601229
vn -0.045626 -0.984331 0.170327
vn -0.021668 -0.986124 0.164588
vn -0.079136 -0.795148 0.601229
vn -0.156838 -0.795483 0.585328
vn -0.004914 -0.999952 0.008515
vn -0.001465 -0.999993 0.003540
vn -0.063510 -0.986128 0.153358
vn -0.088169 -0.984329 0.152717
vn -0.001465 -0.999993 0.003540
vn -0.002533 -0.999952 0.009492
vn -0.045626 -0.984331 0.170327
vn -0.063510 -0.986128 0.153358
vn -0.063510 -0.986128 0.153358
vn -0.045626 -0.984331 0.170327
vn -0.156838 -0.795483 0.585328
vn -0.232066 -0.795140 0.560266
vn -0.088169 -0.984329 0.152717
vn -0.063510 -0.986128 0.153358
vn -0.232066 -0.795140 0.560266
vn -0.302991 -0.795474 0.524802
vn -0.006928 -0.999952 0.006928
vn -0.002319 -0.999993 0.003052
vn -0.101048 -0.986127 0.131689
vn -0.124700 -0.984327 0.124701
vn -0.002319 -0.999993 0.003052
vn -0.004914 -0.999952 0.008515
vn -0.088169 -0.984329 0.152717
vn -0.101048 -0.986127 0.131689
vn -0.101048 -0.986127 0.131689
vn -0.088169 -0.984329 0.152717
vn -0.302991 -0.795474 0.524802
vn -0.369160 -0.795147 0.481105
vn -0.124700 -0.984327 0.124701
vn -0.101048 -0.986127 0.131689
vn -0.369160 -0.795147 0.481105
vn -0.428490 -0.795483 0.428490
vn -0.008515 -0.999952 0.004914
vn -0.003052 -0.999993 0.002320
vn -0.131689 -0.986127 0.101048
vn -0.152717 -0.984329 0.088170
vn -0.003052 -0.999993 0.002320
vn -0.006928 -0.999952 0.006928
vn -0.124700 -0.984327 0.124701
vn -0.131689 -0.986127 0.101048
vn -0.131689 -0.986127 0.101048
vn -0.124700 -0.984327 0.124701
vn -0.428490 -0.795483 0.428490
vn -0.481105 -0.795147 0.369160
vn -0.152717 -0.984329 0.088170
vn -0.131689 -0.986127 0.101048
vn -0.481105 -0.795147 0.369160
vn -0.524802 -0.795474 0.302991
vn -0.009491 -0.999952 0.002533
vn -0.003540 -0.999993 0.001465
vn -0.153358 -0.986128 0.063510
vn -0.170327 -0.984331 0.045626
vn -0.003540 -0.999993 0.001465
vn -0.008515 -0.999952 0.004914
vn -0.152717 -0.984329 0.088170
vn -0.153358 -0.986128 0.063510
vn -0.153358 -0.986128 0.063510
vn -0.152717 -0.984329 0.088170
vn -0.524802 -0.795474 0.302991
vn -0.560266 -0.795140 0.232066
vn -0.170327 -0.984331 0.045626
vn -0.153358 -0.986128 0.063510
vn -0.560266 -0.795140 0.232066
vn -0.585328 -0.795483 0.156838
vn -0.009827 -0.999952 0.000000
vn -0.003815 -0.999992 0.000488
vn -0.164588 -0.986124 0.021669
vn -0.176339 -0.984329 0.000000
vn -0.003815 -0.999992 0.000488
vn -0.009491 -0.999952 0.002533
vn -0.170327 -0.984331 0.045626
vn -0.164588 -0.986124 0.021669
vn -0.164588 -0.986124 0.021669
vn -0.170327 -0.984331 0.045626
vn -0.585328 -0.795483 0.156838
vn -0.601229 -0.795148 0.079137
vn -0.176339 -0.984329 0.000000
vn -0.164588 -0.986124 0.021669
vn -0.601229 -0.795148 0.079137
vn -0.605984 -0.795476 0.000000
vn -0.009491 -0.999952 -0.002533
vn -0.003815 -0.999992 -0.000488
vn -0.164588 -0.986124 -0.021668
vn -0.170327 -0.984331 -0.045626
vn -0.003815 -0.999992 -0.000488
vn -0.009827 -0.999952 0.000000
vn -0.176339 -0.984329 0.000000
vn -0.164588 -0.986124 -0.021668
vn -0.164588 -0.986124 -0.021668
vn -0.176339 -0.984329 0.000000
vn -0.605984 -0.795476 0.000000
vn -0.601229 -0.795148 -0.079136
vn -0.170327 -0.984331 -0.045626
vn -0.164588 -0.986124 -0.021668
vn -0.601229 -0.795148 -0.079136
vn -0.585328 -0.795483 -0.156838
vn -0.008515 -0.999952 -0.004913
vn -0.003540 -0.999993 -0.001465
vn -0.153358 -0.986128 -0.063510
vn -0.152717 -0.984329 -0.088169
vn -0.003540 -0.999993 -0.001465
vn -0.009491 -0.999952 -0.002533
vn -0.170327 -0.984331 -0.045626
vn -0.153358 -0.986128 -0.063510
vn -0.153358 -0.986128 -0.063510
vn -0.170327 -0.984331 -0.045626
vn -0.585328 -0.795483 -0.156838
vn -0.560266 -0.795140 -0.232066
vn -0.152717 -0.984329 -0.088169
vn -0.153358 -0.986128 -0.063510
vn -0.560266 -0.795140 -0.232066
vn -0.524802 -0.795474 -0.302991
vn -0.006928 -0.999952 -0.006928
vn -0.003052 -0.999993 -0.002319
vn -0.131689 -0.986127 -0.101048
vn -0.124700 -0.984327 -0.124700
vn -0.003052 -0.999993 -0.002319
vn -0.008515 -0.999952 -0.004913
vn -0.152717 -0.984329 -0.088169
vn -0.131689 -0.986127 -0.101048
vn -0.131689 -0.986127 -0.101048
vn -0.152717 -0.984329 -0.088169
vn -0.524802 -0.795474 -0.302991
vn -0.481105 -0.795147 -0.369160
vn -0.124700 -0.984327 -0.124700
vn -0.131689 -0.986127 -0.101048
vn -0.481105 -0.795147 -0.369160
vn -0.428490 -0.795483 -0.428490
vn -0.004914 -0.999952 -0.008515
vn -0.002319 -0.999993 -0.003052
vn -0.101048 -0.986127 -0.131689
vn -0.088169 -0.984329 -0.152717
vn -0.002319 -0.999993 -0.003052
vn -0.006928 -0.999952 -0.006928
vn -0.124700 -0.984327 -0.124700
vn -0.101048 -0.986127 -0.131689
vn -0.101048 -0.986127 -0.131689
vn -0.124700 -0.984327 -0.124700
vn -0.428490 -0.795483 -0.428490
vn -0.369160 -0.795147 -0.481104
vn -0.088169 -0.984329 -0.152717
vn -0.101048 -0.986127 -0.131689
vn -0.369160 -0.795147 -0.481104
vn -0.302991 -0.795474 -0.524802
vn -0.002533 -0.999952 -0.009491
vn -0.001465 -0.999993 -0.003540
vn -0.063510 -0.986128 -0.153357
vn -0.045626 -0.984331 -0.170327
vn -0.001465 -0.999993 -0.003540
vn -0.004914 -0.999952 -0.008515
vn -0.088169 -0.984329 -0.152717
vn -0.063510 -0.986128 -0.153357
vn -0.063510 -0.986128 -0.153357
vn -0.088169 -0.984329 -0.152717
vn -0.302991 -0.795474 -0.524802
vn -0.232066 -0.795140 -0.560266
vn -0.045626 -0.984331 -0.170327
vn -0.063510 -0.986128 -0.153357
vn -0.232066 -0.795140 -0.560266
vn -0.156838 -0.795483 -0.585328
vn 0.000000 -0.999952 -0.009827
vn -0.000488 -0.999992 -0.003815
vn -0.021668 -0.986124 -0.164588
vn 0.000000 -0.984330 -0.176339
vn -0.000488 -0.999992 -0.003815
vn -0.002533 -0.999952 -0.009491
vn -0.045626 -0.984331 -0.170327
vn -0.021668 -0.986124 -0.164588
vn -0.021668 -0.986124 -0.164588
vn -0.045626 -0.984331 -0.170327
vn -0.156838 -0.795483 -0.585328
vn -0.079136 -0.795148 -0.601229
vn 0.000000 -0.984330 -0.176339
vn -0.021668 -0.986124 -0.164588
vn -0.079136 -0.795148 -0.601229
vn 0.000000 -0.795477 -0.605984
vn -0.017243 0.997090 -0.074253
vn -0.052493 0.994308 -0.092717
vn -0.116737 0.991087 -0.064182
vn -0.105780 0.992398 -0.062901
vn -0.052493 0.994308 -0.092717
vn -0.068302 0.994615 -0.077946
vn -0.126745 0.989637 -0.067478
vn -0.116737 0.991087 -0.064182
vn -0.116737 0.991087 -0.064182
vn -0.126745 0.989637 -0.067478
vn -0.156107 0.985841 -0.061222
vn -0.138709 0.989245 -0.046420
vn -0.105780 0.992398 -0.062901
vn -0.116737 0.991087 -0.064182
vn -0.138709 0.989245 -0.046420
vn -0.150121 0.985020 -0.084842
vn 0.339769 0.915696 -0.214611
vn 0.291492 0.921843 -0.255418
vn 0.093053 0.983851 -0.152902
vn 0.141484 0.981599 -0.128239
vn 0.291492 0.921843 -0.255418
vn 0.245499 0.929289 -0.275958
vn 0.059848 0.988033 -0.142159
vn 0.093053 0.983851 -0.152902
vn 0.093053 0.983851 -0.152902
vn 0.059848 0.988033 -0.142159
vn -0.068302 0.994615 -0.077946
vn -0.052493 0.994308 -0.092717
vn 0.141484 0.981599 -0.128239
vn 0.093053 0.983851 -0.152902
vn -0.052493 0.994308 -0.092717
vn -0.017243 0.997090 -0.074253
vn -0.358233 0.930864 -0.071842
vn -0.351214 0.936082 -0.019990
vn -0.127112 0.991354 0.032564
vn -0.142739 0.989653 0.014558
vn -0.351214 0.936082 -0.019990
vn -0.336202 0.941584 0.019685
vn -0.112251 0.992737 0.043276
vn -0.127112 0.991354 0.032564
vn -0.127112 0.991354 0.032564
vn -0.112251 0.992737 0.043276
vn -0.022096 0.998913 0.041048
vn -0.005066 0.999010 0.044191
vn -0.142739 0.989653 0.014558
vn -0.127112 0.991354 0.032564
vn -0.005066 0.999010 0.044191
vn -0.011078 0.996776 0.079471
vn 0.039370 0.929955 0.365560
vn 0.107428 0.941216 0.320269
vn 0.158270 0.980475 0.116703
vn 0.089451 0.980240 0.176430
vn 0.107428 0.941216 0.320269
vn 0.160746 0.955076 0.248978
vn 0.206556 0.978027 0.028230
vn 0.158270 0.980475 0.116703
vn 0.158270 0.980475 0.116703
vn 0.206556 0.978027 0.028230
vn 0.302961 0.952678 0.024873
vn 0.232584 0.968850 0.085056
vn 0.089451 0.980240 0.176430
vn 0.158270 0.980475 0.116703
vn 0.232584 0.968850 0.085056
vn 0.137246 0.982633 0.124885
vn 0.397147 0.910969 -0.111395
vn 0.375540 0.912620 -0.161539
vn 0.178845 0.979710 -0.090460
vn 0.198619 0.977560 -0.070194
vn 0.375540 0.912620 -0.161539
vn 0.339769 0.915696 -0.214611
vn 0.141484 0.981599 -0.128239
vn 0.178845 0.979710 -0.090460
vn 0.178845 0.979710 -0.090460
vn 0.141484 0.981599 -0.128239
vn -0.017243 0.997090 -0.074253
vn 0.018922 0.998367 -0.053897
vn 0.198619 0.977560 -0.070194
vn 0.178845 0.979710 -0.090460
vn 0.018922 0.998367 -0.053897
vn 0.043855 0.997348 -0.058077
vn -0.327807 0.925099 -0.191661
vn -0.352157 0.926582 -0.132025
vn -0.155129 0.987631 -0.022798
vn -0.145181 0.986086 -0.080969
vn -0.352157 0.926582 -0.132025
vn -0.358233 0.930864 -0.071842
vn -0.142739 0.989653 0.014558
vn -0.155129 0.987631 -0.022798
vn -0.155129 0.987631 -0.022798
vn -0.142739 0.989653 0.014558
vn -0.011078 0.996776 0.079471
vn -0.042666 0.995480 0.084844
vn -0.145181 0.986086 -0.080969
vn -0.155129 0.987631 -0.022798
vn -0.042666 0.995480 0.084844
vn -0.053377 0.998453 0.015564
vn -0.086765 0.914163 0.395952
vn -0.026888 0.921358 0.387783
vn 0.031343 0.977375 0.209178
vn -0.008423 0.972794 0.231517
vn -0.026888 0.921358 0.387783
vn 0.039370 0.929955 0.365560
vn 0.089451 0.980240 0.176430
vn 0.031343 0.977375 0.209178
vn 0.031343 0.977375 0.209178
vn 0.089451 0.980240 0.176430
vn 0.137246 0.982633 0.124885
vn 0.071323 0.987590 0.139929
vn -0.008423 0.972794 0.231517
vn 0.031343 0.977375 0.209178
vn 0.071323 0.987590 0.139929
vn 0.055270 0.986135 0.156472
vn 0.417067 0.908843 0.007660
vn 0.412434 0.909069 -0.059085
vn 0.214979 0.975522 -0.046268
vn 0.221842 0.974988 0.013611
vn 0.412434 0.909069 -0.059085
vn 0.397147 0.910969 -0.111395
vn 0.198619 0.977560 -0.070194
vn 0.214979 0.975522 -0.046268
vn 0.214979 0.975522 -0.046268
vn 0.198619 0.977560 -0.070194
vn 0.043855 0.997348 -0.058077
vn 0.064151 0.996725 -0.049228
vn 0.221842 0.974988 0.013611
vn 0.214979 0.975522 -0.046268
vn 0.064151 0.996725 -0.049228
vn 0.075229 0.997050 0.015259
vn -0.259197 0.928994 -0.264171
vn -0.291584 0.926818 -0.236618
vn -0.118567 0.985466 -0.121650
vn -0.104895 0.986780 -0.123542
vn -0.291584 0.926818 -0.236618
vn -0.327807 0.925099 -0.191661
vn -0.145181 0.986086 -0.080969
vn -0.118567 0.985466 -0.121650
vn -0.118567 0.985466 -0.121650
vn -0.145181 0.986086 -0.080969
vn -0.053377 0.998453 0.015564
vn -0.033754 0.997722 -0.058413
vn -0.104895 0.986780 -0.123542
vn -0.118567 0.985466 -0.121650
vn -0.033754 0.997722 -0.058413
vn -0.017731 0.997359 -0.070438
vn -0.211560 0.905908 0.366843
vn -0.147436 0.908331 0.391403
vn -0.057009 0.968581 0.242076
vn -0.127813 0.967571 0.217874
vn -0.147436 0.908331 0.391403
vn -0.086765 0.914163 0.395952
vn -0.008423 0.972794 0.231517
vn -0.057009 0.968581 0.242076
vn -0.057009 0.968581 0.242076
vn -0.008423 0.972794 0.231517
vn 0.055270 0.986135 0.156472
vn 0.017213 0.985682 0.167734
vn -0.127813 0.967571 0.217874
vn -0.057009 0.968581 0.242076
vn 0.017213 0.985682 0.167734
vn -0.086307 0.988689 0.122655
vn 0.332445 0.924914 0.184427
vn 0.394552 0.914109 0.093449
vn 0.195233 0.974518 0.110450
vn 0.123693 0.968856 0.214518
vn 0.394552 0.914109 0.093449
vn 0.417067 0.908843 0.007660
vn 0.221842 0.974988 0.013611
vn 0.195233 0.974518 0.110450
vn 0.195233 0.974518 0.110450
vn 0.221842 0.974988 0.013611
vn 0.075229 0.997050 0.015259
vn 0.061190 0.989933 0.127629
vn 0.123693 0.968856 0.214518
vn 0.195233 0.974518 0.110450
vn 0.061190 0.989933 0.127629
vn 0.020509 0.968301 0.248942
vn -0.194437 0.926620 -0.321824
vn -0.230850 0.928740 -0.290088
vn -0.103795 0.987688 -0.117041
vn -0.094822 0.987310 -0.127385
vn -0.230850 0.928740 -0.290088
vn -0.259197 0.928994 -0.264171
vn -0.104895 0.986780 -0.123542
vn -0.103795 0.987688 -0.117041
vn -0.103795 0.987688 -0.117041
vn -0.104895 0.986780 -0.123542
vn -0.017731 0.997359 -0.070438
vn -0.018647 0.999030 -0.039888
vn -0.094822 0.987310 -0.127385
vn -0.103795 0.987688 -0.117041
vn -0.018647 0.999030 -0.039888
vn -0.034242 0.999334 -0.012635
vn -0.301224 0.914049 0.271621
vn -0.265670 0.908285 0.323169
vn -0.181191 0.969707 0.163825
vn -0.193521 0.974565 0.113012
vn -0.265670 0.908285 0.323169
vn -0.211560 0.905908 0.366843
vn -0.127813 0.967571 0.217874
vn -0.181191 0.969707 0.163825
vn -0.181191 0.969707 0.163825
vn -0.127813 0.967571 0.217874
vn -0.086307 0.988689 0.122655
vn -0.162267 0.985964 0.039308
vn -0.193521 0.974565 0.113012
vn -0.181191 0.969707 0.163825
vn -0.162267 0.985964 0.039308
vn -0.153632 0.988107 -0.006470
vn 0.209542 0.959635 0.187599
vn 0.254013 0.940822 0.224348
vn 0.042940 0.969070 0.243023
vn 0.013856 0.987716 0.155647
vn 0.254013 0.940822 0.224348
vn 0.332445 0.924914 0.184427
vn 0.123693 0.968856 0.214518
vn 0.042940 0.969070 0.243023
vn 0.042940 0.969070 0.243023
vn 0.123693 0.968856 0.214518
vn 0.020509 0.968301 0.248942
vn -0.012940 0.955478 0.294779
vn 0.013856 0.987716 0.155647
vn 0.042940 0.969070 0.243023
vn -0.012940 0.955478 0.294779
vn 0.001709 0.975413 0.220377
vn -0.097111 0.924536 -0.368514
vn -0.148108 0.924844 -0.350326
vn -0.072880 0.986355 -0.147622
vn -0.040743 0.985789 -0.162971
vn -0.148108 0.924844 -0.350326
vn -0.194437 0.926620 -0.321824
vn -0.094822 0.987310 -0.127385
vn -0.072880 0.986355 -0.147622
vn -0.072880 0.986355 -0.147622
vn -0.094822 0.987310 -0.127385
vn -0.034242 0.999334 -0.012635
vn -0.042329 0.998966 -0.016602
vn -0.040743 0.985789 -0.162971
vn -0.072880 0.986355 -0.147622
vn -0.042329 0.998966 -0.016602
vn -0.012574 0.999172 -0.038699
vn 0.099463 0.935754 -0.338338
vn 0.058963 0.932330 -0.356769
vn 0.052768 0.990651 -0.125800
vn 0.054995 0.992903 -0.105443
vn 0.058963 0.932330 -0.356769
vn 0.010041 0.928596 -0.370956
vn 0.031678 0.988317 -0.149084
vn 0.052768 0.990651 -0.125800
vn 0.052768 0.990651 -0.125800
vn 0.031678 0.988317 -0.149084
vn 0.071780 0.997196 -0.021150
vn 0.075961 0.997079 0.007996
vn 0.054995 0.992903 -0.105443
vn 0.052768 0.990651 -0.125800
vn 0.075961 0.997079 0.007996
vn 0.050204 0.998340 0.028230
vn -0.332814 0.929894 0.156625
vn -0.323167 0.921251 0.216472
vn -0.189770 0.979492 0.067692
vn -0.181465 0.983317 0.012543
vn -0.323167 0.921251 0.216472
vn -0.301224 0.914049 0.271621
vn -0.193521 0.974565 0.113012
vn -0.189770 0.979492 0.067692
vn -0.189770 0.979492 0.067692
vn -0.193521 0.974565 0.113012
vn -0.153632 0.988107 -0.006470
vn -0.130959 0.991030 -0.026644
vn -0.181465 0.983317 0.012543
vn -0.189770 0.979492 0.067692
vn -0.130959 0.991030 -0.026644
vn -0.133979 0.988152 -0.074864
vn 0.141242 0.976392 0.163429
vn 0.189280 0.970389 0.150063
vn 0.011109 0.997952 0.062992
vn -0.035128 0.998220 0.048190
vn 0.189280 0.970389 0.150063
vn 0.209542 0.959635 0.187599
vn 0.013856 0.987716 0.155647
vn 0.011109 0.997952 0.062992
vn 0.011109 0.997952 0.062992
vn 0.013856 0.987716 0.155647
vn 0.001709 0.975413 0.220377
vn 0.021608 0.990470 0.136024
vn -0.035128 0.998220 0.048190
vn 0.011109 0.997952 0.062992
vn 0.021608 0.990470 0.136024
vn -0.014771 0.990858 0.134100
vn 0.010041 0.928596 -0.370956
vn -0.043764 0.925823 -0.375414
vn -0.003113 0.986490 -0.163795
vn 0.031678 0.988317 -0.149084
vn -0.043764 0.925823 -0.375414
vn -0.097111 0.924536 -0.368514
vn -0.040743 0.985789 -0.162971
vn -0.003113 0.986490 -0.163795
vn -0.003113 0.986490 -0.163795
vn -0.040743 0.985789 -0.162971
vn -0.012574 0.999172 -0.038699
vn 0.037630 0.998379 -0.042697
vn 0.031678 0.988317 -0.149084
vn -0.003113 0.986490 -0.163795
vn 0.037630 0.998379 -0.042697
vn 0.071780 0.997196 -0.021150
vn 0.170940 0.937436 -0.303303
vn 0.135291 0.937638 -0.320206
vn 0.048068 0.994198 -0.096228
vn 0.044130 0.993995 -0.100132
vn 0.135291 0.937638 -0.320206
vn 0.099463 0.935754 -0.338338
vn 0.054995 0.992903 -0.105443
vn 0.048068 0.994198 -0.096228
vn 0.048068 0.994198 -0.096228
vn 0.054995 0.992903 -0.105443
vn 0.050204 0.998340 0.028230
vn 0.007019 0.999557 0.028932
vn 0.044130 0.993995 -0.100132
vn 0.048068 0.994198 -0.096228
vn 0.007019 0.999557 0.028932
vn -0.035738 0.999350 0.004639
vn -0.317647 0.945677 0.069249
vn -0.327288 0.939290 0.103033
vn -0.151925 0.988092 -0.024355
vn -0.113286 0.993537 -0.007081
vn -0.327288 0.939290 0.103033
vn -0.332814 0.929894 0.156625
vn -0.181465 0.983317 0.012543
vn -0.151925 0.988092 -0.024355
vn -0.151925 0.988092 -0.024355
vn -0.181465 0.983317 0.012543
vn -0.133979 0.988152 -0.074864
vn -0.117439 0.987515 -0.104987
vn -0.113286 0.993537 -0.007081
vn -0.151925 0.988092 -0.024355
vn -0.117439 0.987515 -0.104987
vn -0.071841 0.996104 -0.051150
vn 0.116187 0.980742 0.156992
vn 0.094855 0.980502 0.172100
vn -0.060580 0.997779 0.027711
vn 0.037325 0.998669 -0.035585
vn 0.094855 0.980502 0.172100
vn 0.141242 0.976392 0.163429
vn -0.035128 0.998220 0.048190
vn -0.060580 0.997779 0.027711
vn -0.060580 0.997779 0.027711
vn -0.035128 0.998220 0.048190
vn -0.014771 0.990858 0.134100
vn -0.016419 0.992135 0.124089
vn 0.037325 0.998669 -0.035585
vn -0.060580 0.997779 0.027711
vn -0.016419 0.992135 0.124089
vn 0.120276 0.991690 0.045657
vn 0.245499 0.929289 -0.275958
vn 0.206983 0.934840 -0.288500
vn 0.046816 0.992023 -0.117041
vn 0.059848 0.988033 -0.142159
vn 0.206983 0.934840 -0.288500
vn 0.170940 0.937436 -0.303303
vn 0.044130 0.993995 -0.100132
vn 0.046816 0.992023 -0.117041
vn 0.046816 0.992023 -0.117041
vn 0.044130 0.993995 -0.100132
vn -0.035738 0.999350 0.004639
vn -0.062625 0.997325 -0.037691
vn 0.059848 0.988033 -0.142159
vn 0.046816 0.992023 -0.117041
vn -0.062625 0.997325 -0.037691
vn -0.068302 0.994615 -0.077946
vn -0.336202 0.941584 0.019685
vn -0.320843 0.945958 0.047151
vn -0.100348 0.994448 0.031679
vn -0.112251 0.992737 0.043276
vn -0.320843 0.945958 0.047151
vn -0.317647 0.945677 0.069249
vn -0.113286 0.993537 -0.007081
vn -0.100348 0.994448 0.031679
vn -0.100348 0.994448 0.031679
vn -0.113286 0.993537 -0.007081
vn -0.071841 0.996104 -0.051150
vn -0.039003 0.998953 0.023927
vn -0.112251 0.992737 0.043276
vn -0.100348 0.994448 0.031679
vn -0.039003 0.998953 0.023927
vn -0.022096 0.998913 0.041048
vn -0.173652 0.971996 -0.158332
vn -0.235055 0.953526 -0.188514
vn -0.223949 0.925493 -0.305466
vn -0.134802 0.966138 -0.220011
vn -0.235055 0.953526 -0.188514
vn -0.057619 0.996950 -0.052645
vn -0.008973 0.984080 -0.177498
vn -0.223949 0.925493 -0.305466
vn -0.223949 0.925493 -0.305466
vn -0.008973 0.984080 -0.177498
vn 0.063480 0.952351 -0.298325
vn -0.148905 0.903409 -0.402095
vn -0.134802 0.966138 -0.220011
vn -0.223949 0.925493 -0.305466
vn -0.148905 0.903409 -0.402095
vn -0.027101 0.958519 -0.283738
vn -0.011078 0.996776 0.079471
vn -0.005066 0.999010 0.044191
vn 0.016694 0.999536 -0.025484
vn 0.020997 0.995519 0.092197
vn -0.005066 0.999010 0.044191
vn -0.022096 0.998913 0.041048
vn -0.030733 0.999253 -0.023439
vn 0.016694 0.999536 -0.025484
vn 0.016694 0.999536 -0.025484
vn -0.030733 0.999253 -0.023439
vn -0.036958 0.992993 -0.112249
vn 0.002197 0.986784 -0.162028
vn 0.020997 0.995519 0.092197
vn 0.016694 0.999536 -0.025484
vn 0.002197 0.986784 -0.162028
vn 0.007813 0.999682 0.023988
vn 0.137246 0.982633 0.124885
vn 0.232584 0.968850 0.085056
vn 0.272569 0.954738 0.119087
vn 0.148996 0.980435 0.128639
vn 0.232584 0.968850 0.085056
vn 0.302961 0.952678 0.024873
vn 0.350023 0.930922 0.104253
vn 0.272569 0.954738 0.119087
vn 0.272569 0.954738 0.119087
vn 0.350023 0.930922 0.104253
vn 0.294905 0.953201 0.066623
vn 0.254624 0.965727 0.050387
vn 0.148996 0.980435 0.128639
vn 0.272569 0.954738 0.119087
vn 0.254624 0.965727 0.050387
vn 0.125678 0.991016 0.045748
vn 0.043855 0.997348 -0.058077
vn 0.018922 0.998367 -0.053897
vn -0.082126 0.993938 -0.073093
vn -0.052981 0.995318 -0.080845
vn 0.018922 0.998367 -0.053897
vn -0.017243 0.997090 -0.074253
vn -0.105780 0.992398 -0.062901
vn -0.082126 0.993938 -0.073093
vn -0.082126 0.993938 -0.073093
vn -0.105780 0.992398 -0.062901
vn -0.150121 0.985020 -0.084842
vn -0.146520 0.981051 -0.126774
vn -0.052981 0.995318 -0.080845
vn -0.082126 0.993938 -0.073093
vn -0.146520 0.981051 -0.126774
vn -0.122230 0.987576 -0.098761
vn -0.053377 0.998453 0.015564
vn -0.042666 0.995480 0.084844
vn -0.026796 0.982418 0.184764
vn -0.050905 0.990849 0.125004
vn -0.042666 0.995480 0.084844
vn -0.011078 0.996776 0.079471
vn 0.020997 0.995519 0.092197
vn -0.026796 0.982418 0.184764
vn -0.026796 0.982418 0.184764
vn 0.020997 0.995519 0.092197
vn 0.007813 0.999682 0.023988
vn -0.037233 0.971076 0.235849
vn -0.050905 0.990849 0.125004
vn -0.026796 0.982418 0.184764
vn -0.037233 0.971076 0.235849
vn -0.056552 0.967069 0.248153
vn 0.055270 0.986135 0.156472
vn 0.071323 0.987590 0.139929
vn 0.072422 0.990132 0.119971
vn 0.098301 0.986828 0.128484
vn 0.071323 0.987590 0.139929
vn 0.137246 0.982633 0.124885
vn 0.148996 0.980435 0.128639
vn 0.072422 0.990132 0.119971
vn 0.072422 0.990132 0.119971
vn 0.148996 0.980435 0.128639
vn 0.125678 0.991016 0.045748
vn 0.052585 0.998039 0.033968
vn 0.098301 0.986828 0.128484
vn 0.072422 0.990132 0.119971
vn 0.052585 0.998039 0.033968
vn 0.142281 0.988401 0.053104
vn 0.075229 0.997050 0.015259
vn 0.064151 0.996725 -0.049228
vn -0.032197 0.997655 -0.060397
vn -0.019685 0.999799 0.003693
vn 0.064151 0.996725 -0.049228
vn 0.043855 0.997348 -0.058077
vn -0.052981 0.995318 -0.080845
vn -0.032197 0.997655 -0.060397
vn -0.032197 0.997655 -0.060397
vn -0.052981 0.995318 -0.080845
vn -0.122230 0.987576 -0.098761
vn -0.114050 0.992424 -0.045687
vn -0.019685 0.999799 0.003693
vn -0.032197 0.997655 -0.060397
vn -0.114050 0.992424 -0.045687
vn -0.108435 0.993649 -0.030062
vn -0.017731 0.997359 -0.070438
vn -0.033754 0.997722 -0.058413
vn -0.021089 0.999778 -0.000397
vn 0.033510 0.996728 -0.073552
vn -0.033754 0.997722 -0.058413
vn -0.053377 0.998453 0.015564
vn -0.050905 0.990849 0.125004
vn -0.021089 0.999778 -0.000397
vn -0.021089 0.999778 -0.000397
vn -0.050905 0.990849 0.125004
vn -0.056552 0.967069 0.248153
vn -0.008454 0.993223 0.115913
vn 0.033510 0.996728 -0.073552
vn -0.021089 0.999778 -0.000397
vn -0.008454 0.993223 0.115913
vn 0.097477 0.994573 -0.036378
vn -0.086307 0.988689 0.122655
vn 0.017213 0.985682 0.167734
vn 0.081027 0.987521 0.135045
vn -0.078862 0.995449 0.053500
vn 0.017213 0.985682 0.167734
vn 0.055270 0.986135 0.156472
vn 0.098301 0.986828 0.128484
vn 0.081027 0.987521 0.135045
vn 0.081027 0.987521 0.135045
vn 0.098301 0.986828 0.128484
vn 0.142281 0.988401 0.053104
vn 0.160956 0.984996 0.062258
vn -0.078862 0.995449 0.053500
vn 0.081027 0.987521 0.135045
vn 0.160956 0.984996 0.062258
vn -0.057619 0.996950 -0.052645
vn 0.020509 0.968301 0.248942
vn 0.061190 0.989933 0.127629
vn -0.009400 0.994612 0.103245
vn 0.003266 0.976398 0.215953
vn 0.061190 0.989933 0.127629
vn 0.075229 0.997050 0.015259
vn -0.019685 0.999799 0.003693
vn -0.009400 0.994612 0.103245
vn -0.009400 0.994612 0.103245
vn -0.019685 0.999799 0.003693
vn -0.108435 0.993649 -0.030062
vn -0.070652 0.997405 -0.013825
vn 0.003266 0.976398 0.215953
vn -0.009400 0.994612 0.103245
vn -0.070652 0.997405 -0.013825
vn -0.011261 0.998480 0.053957
vn -0.034242 0.999334 -0.012635
vn -0.018647 0.999030 -0.039888
vn 0.057162 0.996847 -0.055026
vn -0.001618 0.999870 0.016053
vn -0.018647 0.999030 -0.039888
vn -0.017731 0.997359 -0.070438
vn 0.033510 0.996728 -0.073552
vn 0.057162 0.996847 -0.055026
vn 0.057162 0.996847 -0.055026
vn 0.033510 0.996728 -0.073552
vn 0.097477 0.994573 -0.036378
vn 0.149575 0.985804 -0.076268
vn -0.001618 0.999870 0.016053
vn 0.057162 0.996847 -0.055026
vn 0.149575 0.985804 -0.076268
vn 0.025483 0.999484 0.019532
vn -0.153632 0.988107 -0.006470
vn -0.162267 0.985964 0.039308
vn -0.201215 0.977357 -0.065465
vn -0.167913 0.982027 -0.086185
vn -0.162267 0.985964 0.039308
vn -0.086307 0.988689 0.122655
vn -0.078862 0.995449 0.053500
vn -0.201215 0.977357 -0.065465
vn -0.201215 0.977357 -0.065465
vn -0.078862 0.995449 0.053500
vn -0.057619 0.996950 -0.052645
vn -0.235055 0.953526 -0.188514
vn -0.167913 0.982027 -0.086185
vn -0.201215 0.977357 -0.065465
vn -0.235055 0.953526 -0.188514
vn -0.173652 0.971996 -0.158332
vn 0.001709 0.975413 0.220377
vn -0.012940 0.955478 0.294779
vn 0.028444 0.958055 0.285170
vn 0.070590 0.959968 0.271068
vn -0.012940 0.955478 0.294779
vn 0.020509 0.968301 0.248942
vn 0.003266 0.976398 0.215953
vn 0.028444 0.958055 0.285170
vn 0.028444 0.958055 0.285170
vn 0.003266 0.976398 0.215953
vn -0.011261 0.998480 0.053957
vn 0.035249 0.988356 0.148017
vn 0.070590 0.959968 0.271068
vn 0.028444 0.958055 0.285170
vn 0.035249 0.988356 0.148017
vn 0.049289 0.975280 0.215406
vn -0.012574 0.999172 -0.038699
vn -0.042329 0.998966 -0.016602
vn -0.065983 0.996886 0.043185
vn -0.024659 0.999653 0.009247
vn -0.042329 0.998966 -0.016602
vn -0.034242 0.999334 -0.012635
vn -0.001618 0.999870 0.016053
vn -0.065983 0.996886 0.043185
vn -0.065983 0.996886 0.043185
vn -0.001618 0.999870 0.016053
vn 0.025483 0.999484 0.019532
vn -0.121648 0.988838 0.086032
vn -0.024659 0.999653 0.009247
vn -0.065983 0.996886 0.043185
vn -0.121648 0.988838 0.086032
vn -0.080814 0.995652 0.046328
vn 0.050204 0.998340 0.028230
vn 0.075961 0.997079 0.007996
vn 0.132055 0.990638 0.034608
vn 0.092899 0.993993 0.057863
vn 0.075961 0.997079 0.007996
vn 0.071780 0.997196 -0.021150
vn 0.129156 0.991618 0.003479
vn 0.132055 0.990638 0.034608
vn 0.132055 0.990638 0.034608
vn 0.129156 0.991618 0.003479
vn 0.185191 0.982569 -0.016206
vn 0.222757 0.974774 0.013977
vn 0.092899 0.993993 0.057863
vn 0.132055 0.990638 0.034608
vn 0.222757 0.974774 0.013977
vn 0.187386 0.981063 0.049013
vn -0.133979 0.988152 -0.074864
vn -0.130959 0.991030 -0.026644
vn -0.117650 0.991339 -0.058352
vn -0.139319 0.984908 -0.102696
vn -0.130959 0.991030 -0.026644
vn -0.153632 0.988107 -0.006470
vn -0.167913 0.982027 -0.086185
vn -0.117650 0.991339 -0.058352
vn -0.117650 0.991339 -0.058352
vn -0.167913 0.982027 -0.086185
vn -0.173652 0.971996 -0.158332
vn -0.084752 0.993643 -0.074101
vn -0.139319 0.984908 -0.102696
vn -0.117650 0.991339 -0.058352
vn -0.084752 0.993643 -0.074101
vn -0.116066 0.983156 -0.141183
vn -0.014771 0.990858 0.134100
vn 0.021608 0.990470 0.136024
vn 0.096012 0.967265 0.234904
vn 0.085179 0.966143 0.243542
vn 0.021608 0.990470 0.136024
vn 0.001709 0.975413 0.220377
vn 0.070590 0.959968 0.271068
vn 0.096012 0.967265 0.234904
vn 0.096012 0.967265 0.234904
vn 0.070590 0.959968 0.271068
vn 0.049289 0.975280 0.215406
vn 0.050479 0.972506 0.227340
vn 0.085179 0.966143 0.243542
vn 0.096012 0.967265 0.234904
vn 0.050479 0.972506 0.227340
vn 0.087102 0.976316 0.198040
vn 0.071780 0.997196 -0.021150
vn 0.037630 0.998379 -0.042697
vn 0.072238 0.997300 -0.013184
vn 0.129156 0.991618 0.003479
vn 0.037630 0.998379 -0.042697
vn -0.012574 0.999172 -0.038699
vn -0.024659 0.999653 0.009247
vn 0.072238 0.997300 -0.013184
vn 0.072238 0.997300 -0.013184
vn -0.024659 0.999653 0.009247
vn -0.080814 0.995652 0.046328
vn 0.071810 0.997381 -0.008606
vn 0.129156 0.991618 0.003479
vn 0.072238 0.997300 -0.013184
vn 0.071810 0.997381 -0.008606
vn 0.185191 0.982569 -0.016206
vn -0.035738 0.999350 0.004639
vn 0.007019 0.999557 0.028932
vn 0.019807 0.998265 0.055452
vn -0.067051 0.997645 0.014466
vn 0.007019 0.999557 0.028932
vn 0.050204 0.998340 0.028230
vn 0.092899 0.993993 0.057863
vn 0.019807 0.998265 0.055452
vn 0.019807 0.998265 0.055452
vn 0.092899 0.993993 0.057863
vn 0.187386 0.981063 0.049013
vn 0.082767 0.995214 0.051943
vn -0.067051 0.997645 0.014466
vn 0.019807 0.998265 0.055452
vn 0.082767 0.995214 0.051943
vn -0.062107 0.998069 0.001160
vn -0.071841 0.996104 -0.051150
vn -0.117439 0.987515 -0.104987
vn -0.150217 0.977510 -0.148020
vn -0.110417 0.990369 -0.083530
vn -0.117439 0.987515 -0.104987
vn -0.133979 0.988152 -0.074864
vn -0.139319 0.984908 -0.102696
vn -0.150217 0.977510 -0.148020
vn -0.150217 0.977510 -0.148020
vn -0.139319 0.984908 -0.102696
vn -0.116066 0.983156 -0.141183
vn -0.136542 0.964519 -0.225962
vn -0.110417 0.990369 -0.083530
vn -0.150217 0.977510 -0.148020
vn -0.136542 0.964519 -0.225962
vn -0.086215 0.986884 -0.136480
vn 0.120276 0.991690 0.045657
vn -0.016419 0.992135 0.124089
vn 0.111731 0.962390 0.247632
vn 0.231276 0.954067 0.190441
vn -0.016419 0.992135 0.124089
vn -0.014771 0.990858 0.134100
vn 0.085179 0.966143 0.243542
vn 0.111731 0.962390 0.247632
vn 0.111731 0.962390 0.247632
vn 0.085179 0.966143 0.243542
vn 0.087102 0.976316 0.198040
vn 0.162421 0.971717 0.171424
vn 0.231276 0.954067 0.190441
vn 0.111731 0.962390 0.247632
vn 0.162421 0.971717 0.171424
vn 0.233200 0.960818 0.149821
vn -0.068302 0.994615 -0.077946
vn -0.062625 0.997325 -0.037691
vn -0.121742 0.991697 -0.041415
vn -0.126745 0.989637 -0.067478
vn -0.062625 0.997325 -0.037691
vn -0.035738 0.999350 0.004639
vn -0.067051 0.997645 0.014466
vn -0.121742 0.991697 -0.041415
vn -0.121742 0.991697 -0.041415
vn -0.067051 0.997645 0.014466
vn -0.062107 0.998069 0.001160
vn -0.156713 0.985906 -0.058566
vn -0.126745 0.989637 -0.067478
vn -0.121742 0.991697 -0.041415
vn -0.156713 0.985906 -0.058566
vn -0.156107 0.985841 -0.061222
vn -0.022096 0.998913 0.041048
vn -0.039003 0.998953 0.023927
vn -0.068758 0.997622 -0.004822
vn -0.030733 0.999253 -0.023439
vn -0.039003 0.998953 0.023927
vn -0.071841 0.996104 -0.051150
vn -0.110417 0.990369 -0.083530
vn -0.068758 0.997622 -0.004822
vn -0.068758 0.997622 -0.004822
vn -0.110417 0.990369 -0.083530
vn -0.086215 0.986884 -0.136480
vn -0.051546 0.998083 -0.034242
vn -0.030733 0.999253 -0.023439
vn -0.068758 0.997622 -0.004822
vn -0.051546 0.998083 -0.034242
vn -0.036958 0.992993 -0.112249
vn 0.302961 0.952678 0.024873
vn 0.275345 0.961326 -0.006104
vn 0.342298 0.931463 0.123326
vn 0.350023 0.930922 0.104253
vn 0.275345 0.961326 -0.006104
vn 0.120276 0.991690 0.045657
vn 0.231276 0.954067 0.190441
vn 0.342298 0.931463 0.123326
vn 0.342298 0.931463 0.123326
vn 0.231276 0.954067 0.190441
vn 0.233200 0.960818 0.149821
vn 0.275859 0.954902 0.109837
vn 0.350023 0.930922 0.104253
vn 0.342298 0.931463 0.123326
vn 0.275859 0.954902 0.109837
vn 0.294905 0.953201 0.066623
vn -0.224163 0.951616 -0.210185
vn -0.179938 0.978154 -0.104099
vn -0.186014 0.970111 -0.155831
vn -0.190836 0.956956 -0.218669
vn -0.161964 0.984572 -0.066226
vn -0.079930 0.990536 -0.111579
vn -0.186014 0.970111 -0.155831
vn -0.179938 0.978154 -0.104099
vn 0.028962 0.984446 -0.173286
vn -0.190836 0.956956 -0.218669
vn -0.186014 0.970111 -0.155831
vn -0.079930 0.990536 -0.111579
vn 0.049289 0.975280 0.215406
vn 0.035249 0.988356 0.148017
vn -0.002991 0.997924 -0.064335
vn -0.059176 0.991623 0.114812
vn 0.035249 0.988356 0.148017
vn -0.011261 0.998480 0.053957
vn -0.021668 0.973824 -0.226267
vn -0.002991 0.997924 -0.064335
vn -0.002991 0.997924 -0.064335
vn -0.021668 0.973824 -0.226267
vn -0.019532 0.856245 -0.516201
vn -0.074192 0.963273 -0.258069
vn -0.059176 0.991623 0.114812
vn -0.002991 0.997924 -0.064335
vn -0.074192 0.963273 -0.258069
vn -0.204875 0.978323 0.030153
vn -0.080814 0.995652 0.046328
vn -0.121648 0.988838 0.086032
vn -0.189769 0.972803 0.132820
vn -0.195962 0.975080 0.104008
vn -0.121648 0.988838 0.086032
vn 0.025483 0.999484 0.019532
vn 0.031861 0.998846 0.035951
vn -0.189769 0.972803 0.132820
vn -0.189769 0.972803 0.132820
vn 0.031861 0.998846 0.035951
vn 0.010499 0.996085 0.087773
vn -0.247299 0.949004 0.195538
vn -0.195962 0.975080 0.104008
vn -0.189769 0.972803 0.132820
vn -0.247299 0.949004 0.195538
vn -0.345388 0.917015 0.199474
vn 0.187386 0.981063 0.049013
vn 0.222757 0.974774 0.013977
vn 0.346426 0.937984 0.013215
vn 0.340537 0.938141 0.062657
vn 0.222757 0.974774 0.013977
vn 0.185191 0.982569 -0.016206
vn 0.206979 0.978221 -0.015595
vn 0.346426 0.937984 0.013215
vn 0.346426 0.937984 0.013215
vn 0.206979 0.978221 -0.015595
vn 0.182048 0.979304 0.088445
vn 0.454673 0.884901 0.101110
vn 0.340537 0.938141 0.062657
vn 0.346426 0.937984 0.013215
vn 0.454673 0.884901 0.101110
vn 0.506344 0.849777 0.146614
vn -0.116066 0.983156 -0.141183
vn -0.084752 0.993643 -0.074101
vn -0.022218 0.994050 -0.106632
vn -0.083317 0.966236 -0.243817
vn -0.084752 0.993643 -0.074101
vn -0.173652 0.971996 -0.158332
vn -0.134802 0.966138 -0.220011
vn -0.022218 0.994050 -0.106632
vn -0.022218 0.994050 -0.106632
vn -0.134802 0.966138 -0.220011
vn -0.027101 0.958519 -0.283738
vn 0.075503 0.979561 -0.186439
vn -0.083317 0.966236 -0.243817
vn -0.022218 0.994050 -0.106632
vn 0.075503 0.979561 -0.186439
vn -0.049013 0.909890 -0.411944
vn 0.087102 0.976316 0.198040
vn 0.050479 0.972506 0.227340
vn -0.092687 0.981627 0.166788
vn 0.016083 0.998427 0.053713
vn 0.050479 0.972506 0.227340
vn 0.049289 0.975280 0.215406
vn -0.059176 0.991623 0.114812
vn -0.092687 0.981627 0.166788
vn -0.092687 0.981627 0.166788
vn -0.059176 0.991623 0.114812
vn -0.204875 0.978323 0.030153
vn -0.247660 0.962531 0.110447
vn 0.016083 0.998427 0.053713
vn -0.092687 0.981627 0.166788
vn -0.247660 0.962531 0.110447
vn -0.061191 0.993585 -0.095098
vn 0.185191 0.982569 -0.016206
vn 0.071810 0.997381 -0.008606
vn -0.016236 0.999586 0.023744
vn 0.206979 0.978221 -0.015595
vn 0.071810 0.997381 -0.008606
vn -0.080814 0.995652 0.046328
vn -0.195962 0.975080 0.104008
vn -0.016236 0.999586 0.023744
vn -0.016236 0.999586 0.023744
vn -0.195962 0.975080 0.104008
vn -0.345388 0.917015 0.199474
vn -0.165626 0.977427 0.131170
vn 0.206979 0.978221 -0.015595
vn -0.016236 0.999586 0.023744
vn -0.165626 0.977427 0.131170
vn 0.182048 0.979304 0.088445
vn -0.062107 0.998069 0.001160
vn 0.082767 0.995214 0.051943
vn 0.205486 0.976037 0.071598
vn 0.000275 0.999911 0.013336
vn 0.082767 0.995214 0.051943
vn 0.187386 0.981063 0.049013
vn 0.340537 0.938141 0.062657
vn 0.205486 0.976037 0.071598
vn 0.205486 0.976037 0.071598
vn 0.340537 0.938141 0.062657
vn 0.506344 0.849777 0.146614
vn 0.350818 0.925402 0.143379
vn 0.000275 0.999911 0.013336
vn 0.205486 0.976037 0.071598
vn 0.350818 0.925402 0.143379
vn 0.119666 0.990015 0.074497
vn -0.086215 0.986884 -0.136480
vn -0.136542 0.964519 -0.225962
vn -0.108496 0.921228 -0.373588
vn -0.018952 0.981611 -0.189950
vn -0.136542 0.964519 -0.225962
vn -0.116066 0.983156 -0.141183
vn -0.083317 0.966236 -0.243817
vn -0.108496 0.921228 -0.373588
vn -0.108496 0.921228 -0.373588
vn -0.083317 0.966236 -0.243817
vn -0.049013 0.909890 -0.411944
vn -0.095068 0.837296 -0.538421
vn -0.018952 0.981611 -0.189950
vn -0.108496 0.921228 -0.373588
vn -0.095068 0.837296 -0.538421
vn 0.038302 0.975517 -0.216565
vn 0.233200 0.960818 0.149821
vn 0.162421 0.971717 0.171424
vn 0.160622 0.986071 -0.043185
vn 0.166083 0.985815 -0.024201
vn 0.162421 0.971717 0.171424
vn 0.087102 0.976316 0.198040
vn 0.016083 0.998427 0.053713
vn 0.160622 0.986071 -0.043185
vn 0.160622 0.986071 -0.043185
vn 0.016083 0.998427 0.053713
vn -0.061191 0.993585 -0.095098
vn 0.147315 0.954631 -0.258800
vn 0.166083 0.985815 -0.024201
vn 0.160622 0.986071 -0.043185
vn 0.147315 0.954631 -0.258800
vn 0.092962 0.971098 -0.219832
vn -0.156107 0.985841 -0.061222
vn -0.156713 0.985906 -0.058566
vn -0.150856 0.986987 -0.055667
vn -0.168586 0.984021 -0.057284
vn -0.156713 0.985906 -0.058566
vn -0.062107 0.998069 0.001160
vn 0.000275 0.999911 0.013336
vn -0.150856 0.986987 -0.055667
vn -0.150856 0.986987 -0.055667
vn 0.000275 0.999911 0.013336
vn 0.119666 0.990015 0.074497
vn -0.095739 0.994992 -0.028719
vn -0.168586 0.984021 -0.057284
vn -0.150856 0.986987 -0.055667
vn -0.095739 0.994992 -0.028719
vn -0.161964 0.984572 -0.066226
vn -0.036958 0.992993 -0.112249
vn -0.051546 0.998083 -0.034242
vn 0.019776 0.999549 0.022614
vn -0.007782 0.992583 -0.121315
vn -0.051546 0.998083 -0.034242
vn -0.086215 0.986884 -0.136480
vn -0.018952 0.981611 -0.189950
vn 0.019776 0.999549 0.022614
vn 0.019776 0.999549 0.022614
vn -0.018952 0.981611 -0.189950
vn 0.038302 0.975517 -0.216565
vn 0.113592 0.979506 0.166328
vn -0.007782 0.992583 -0.121315
vn 0.019776 0.999549 0.022614
vn 0.113592 0.979506 0.166328
vn 0.086949 0.996080 -0.016236
vn 0.294905 0.953201 0.066623
vn 0.275859 0.954902 0.109837
vn 0.120214 0.992691 -0.010651
vn 0.168434 0.984084 -0.056643
vn 0.275859 0.954902 0.109837
vn 0.233200 0.960818 0.149821
vn 0.166083 0.985815 -0.024201
vn 0.120214 0.992691 -0.010651
vn 0.120214 0.992691 -0.010651
vn 0.166083 0.985815 -0.024201
vn 0.092962 0.971098 -0.219832
vn -0.042788 0.987578 -0.151193
vn 0.168434 0.984084 -0.056643
vn 0.120214 0.992691 -0.010651
vn -0.042788 0.987578 -0.151193
vn 0.015809 0.981954 -0.188456
vn -0.150121 0.985020 -0.084842
vn -0.138709 0.989245 -0.046420
vn -0.155707 0.986125 -0.057559
vn -0.182933 0.973386 -0.138039
vn -0.138709 0.989245 -0.046420
vn -0.156107 0.985841 -0.061222
vn -0.168586 0.984021 -0.057284
vn -0.155707 0.986125 -0.057559
vn -0.155707 0.986125 -0.057559
vn -0.168586 0.984021 -0.057284
vn -0.161964 0.984572 -0.066226
vn -0.179938 0.978154 -0.104099
vn -0.182933 0.973386 -0.138039
vn -0.155707 0.986125 -0.057559
vn -0.179938 0.978154 -0.104099
vn -0.224163 0.951616 -0.210185
vn 0.007813 0.999682 0.023988
vn 0.002197 0.986784 -0.162028
vn 0.005493 0.953074 -0.302686
vn 0.022828 0.987423 -0.156442
vn 0.002197 0.986784 -0.162028
vn -0.036958 0.992993 -0.112249
vn -0.007782 0.992583 -0.121315
vn 0.005493 0.953074 -0.302686
vn 0.005493 0.953074 -0.302686
vn -0.007782 0.992583 -0.121315
vn 0.086949 0.996080 -0.016236
vn 0.086459 0.920778 -0.380385
vn 0.022828 0.987423 -0.156442
vn 0.005493 0.953074 -0.302686
vn 0.086459 0.920778 -0.380385
vn 0.121711 0.906945 -0.403283
vn 0.125678 0.991016 0.045748
vn 0.254624 0.965727 0.050387
vn 0.202770 0.975031 -0.090551
vn 0.097142 0.990495 -0.097386
vn 0.254624 0.965727 0.050387
vn 0.294905 0.953201 0.066623
vn 0.168434 0.984084 -0.056643
vn 0.202770 0.975031 -0.090551
vn 0.202770 0.975031 -0.090551
vn 0.168434 0.984084 -0.056643
vn 0.015809 0.981954 -0.188456
vn 0.140114 0.962856 -0.230818
vn 0.097142 0.990495 -0.097386
vn 0.202770 0.975031 -0.090551
vn 0.140114 0.962856 -0.230818
vn 0.083195 0.967027 -0.240704
vn -0.122230 0.987576 -0.098761
vn -0.146520 0.981051 -0.126774
vn -0.186474 0.966610 -0.175761
vn -0.159491 0.985606 -0.056063
vn -0.146520 0.981051 -0.126774
vn -0.150121 0.985020 -0.084842
vn -0.182933 0.973386 -0.138039
vn -0.186474 0.966610 -0.175761
vn -0.186474 0.966610 -0.175761
vn -0.182933 0.973386 -0.138039
vn -0.224163 0.951616 -0.210185
vn -0.213939 0.957934 -0.191294
vn -0.159491 0.985606 -0.056063
vn -0.186474 0.966610 -0.175761
vn -0.213939 0.957934 -0.191294
vn -0.157358 0.985748 0.059482
vn -0.056552 0.967069 0.248153
vn -0.037233 0.971076 0.235849
vn -0.004608 0.989260 0.146092
vn -0.038394 0.951965 0.303791
vn -0.037233 0.971076 0.235849
vn 0.007813 0.999682 0.023988
vn 0.022828 0.987423 -0.156442
vn -0.004608 0.989260 0.146092
vn -0.004608 0.989260 0.146092
vn 0.022828 0.987423 -0.156442
vn 0.121711 0.906945 -0.403283
vn 0.089848 0.992209 -0.086308
vn -0.038394 0.951965 0.303791
vn -0.004608 0.989260 0.146092
vn 0.089848 0.992209 -0.086308
vn -0.010193 0.972193 0.233961
vn 0.142281 0.988401 0.053104
vn 0.052585 0.998039 0.033968
vn 0.041903 0.994192 -0.099126
vn 0.191998 0.979552 -0.060123
vn 0.052585 0.998039 0.033968
vn 0.125678 0.991016 0.045748
vn 0.097142 0.990495 -0.097386
vn 0.041903 0.994192 -0.099126
vn 0.041903 0.994192 -0.099126
vn 0.097142 0.990495 -0.097386
vn 0.083195 0.967027 -0.240704
vn 0.057621 0.970881 -0.232527
vn 0.191998 0.979552 -0.060123
vn 0.041903 0.994192 -0.099126
vn 0.057621 0.970881 -0.232527
vn 0.242751 0.952661 -0.183055
vn -0.108435 0.993649 -0.030062
vn -0.114050 0.992424 -0.045687
vn -0.164803 0.985735 0.034151
vn -0.171485 0.980874 -0.092075
vn -0.114050 0.992424 -0.045687
vn -0.122230 0.987576 -0.098761
vn -0.159491 0.985606 -0.056063
vn -0.164803 0.985735 0.034151
vn -0.164803 0.985735 0.034151
vn -0.159491 0.985606 -0.056063
vn -0.157358 0.985748 0.059482
vn -0.151984 0.975688 0.157904
vn -0.171485 0.980874 -0.092075
vn -0.164803 0.985735 0.034151
vn -0.151984 0.975688 0.157904
vn -0.162911 0.971639 -0.171396
vn 0.097477 0.994573 -0.036378
vn -0.008454 0.993223 0.115913
vn -0.014802 0.966452 0.256422
vn 0.116887 0.991067 0.064211
vn -0.008454 0.993223 0.115913
vn -0.056552 0.967069 0.248153
vn -0.038394 0.951965 0.303791
vn -0.014802 0.966452 0.256422
vn -0.014802 0.966452 0.256422
vn -0.038394 0.951965 0.303791
vn -0.010193 0.972193 0.233961
vn -0.074649 0.933419 0.350936
vn 0.116887 0.991067 0.064211
vn -0.014802 0.966452 0.256422
vn -0.074649 0.933419 0.350936
vn 0.039706 0.979340 0.198285
vn -0.057619 0.996950 -0.052645
vn 0.160956 0.984996 0.062258
vn 0.246077 0.968285 -0.043246
vn -0.008973 0.984080 -0.177498
vn 0.160956 0.984996 0.062258
vn 0.142281 0.988401 0.053104
vn 0.191998 0.979552 -0.060123
vn 0.246077 0.968285 -0.043246
vn 0.246077 0.968285 -0.043246
vn 0.191998 0.979552 -0.060123
vn 0.242751 0.952661 -0.183055
vn 0.313190 0.936061 -0.160319
vn -0.008973 0.984080 -0.177498
vn 0.246077 0.968285 -0.043246
vn 0.313190 0.936061 -0.160319
vn 0.063480 0.952351 -0.298325
vn -0.011261 0.998480 0.053957
vn -0.070652 0.997405 -0.013825
vn -0.106116 0.963680 -0.245071
vn -0.021668 0.973824 -0.226267
vn -0.070652 0.997405 -0.013825
vn -0.108435 0.993649 -0.030062
vn -0.171485 0.980874 -0.092075
vn -0.106116 0.963680 -0.245071
vn -0.106116 0.963680 -0.245071
vn -0.171485 0.980874 -0.092075
vn -0.162911 0.971639 -0.171396
vn -0.090184 0.864852 -0.493861
vn -0.021668 0.973824 -0.226267
vn -0.106116 0.963680 -0.245071
vn -0.090184 0.864852 -0.493861
vn -0.019532 0.856245 -0.516201
vn 0.025483 0.999484 0.019532
vn 0.149575 0.985804 -0.076268
vn 0.198344 0.978718 -0.052646
vn 0.031861 0.998846 0.035951
vn 0.149575 0.985804 -0.076268
vn 0.097477 0.994573 -0.036378
vn 0.116887 0.991067 0.064211
vn 0.198344 0.978718 -0.052646
vn 0.198344 0.978718 -0.052646
vn 0.116887 0.991067 0.064211
vn 0.039706 0.979340 0.198285
vn 0.168159 0.985484 0.023316
vn 0.031861 0.998846 0.035951
vn 0.198344 0.978718 -0.052646
vn 0.168159 0.985484 0.023316
vn 0.010499 0.996085 0.087773
vn 0.121711 0.906945 -0.403283
vn 0.086459 0.920778 -0.380385
vn 0.180856 0.896986 -0.403371
vn 0.210339 0.866231 -0.453213
vn 0.086949 0.996080 -0.016236
vn 0.226176 0.973583 -0.031313
vn 0.180856 0.896986 -0.403371
vn 0.086459 0.920778 -0.380385
vn 0.028962 0.984446 -0.173286
vn 0.210339 0.866231 -0.453213
vn 0.180856 0.896986 -0.403371
vn 0.226176 0.973583 -0.031313
vn 0.083195 0.967027 -0.240704
vn 0.140114 0.962856 -0.230818
vn 0.093358 0.942123 -0.322007
vn 0.079594 0.925305 -0.370775
vn 0.015809 0.981954 -0.188456
vn -0.072391 0.937486 -0.340410
vn 0.093358 0.942123 -0.322007
vn 0.140114 0.962856 -0.230818
vn 0.028962 0.984446 -0.173286
vn 0.079594 0.925305 -0.370775
vn 0.093358 0.942123 -0.322007
vn -0.072391 0.937486 -0.340410
vn -0.157358 0.985748 0.059482
vn -0.213939 0.957934 -0.191294
vn -0.217605 0.957368 -0.189984
vn -0.114142 0.991542 0.061771
vn -0.224163 0.951616 -0.210185
vn -0.190836 0.956956 -0.218669
vn -0.217605 0.957368 -0.189984
vn -0.213939 0.957934 -0.191294
vn 0.028962 0.984446 -0.173286
vn -0.114142 0.991542 0.061771
vn -0.217605 0.957368 -0.189984
vn -0.190836 0.956956 -0.218669
vn -0.010193 0.972193 0.233961
vn 0.089848 0.992209 -0.086308
vn 0.158670 0.947716 -0.276871
vn -0.014649 0.999853 0.008850
vn 0.121711 0.906945 -0.403283
vn 0.210339 0.866231 -0.453213
vn 0.158670 0.947716 -0.276871
vn 0.089848 0.992209 -0.086308
vn 0.028962 0.984446 -0.173286
vn -0.014649 0.999853 0.008850
vn 0.158670 0.947716 -0.276871
vn 0.210339 0.866231 -0.453213
vn 0.242751 0.952661 -0.183055
vn 0.057621 0.970881 -0.232527
vn 0.081211 0.943373 -0.321640
vn 0.244307 0.911519 -0.330829
vn 0.083195 0.967027 -0.240704
vn 0.079594 0.925305 -0.370775
vn 0.081211 0.943373 -0.321640
vn 0.057621 0.970881 -0.232527
vn 0.028962 0.984446 -0.173286
vn 0.244307 0.911519 -0.330829
vn 0.081211 0.943373 -0.321640
vn 0.079594 0.925305 -0.370775
vn -0.162911 0.971639 -0.171396
vn -0.151984 0.975688 0.157904
vn -0.101142 0.967470 0.231888
vn -0.046419 0.971969 -0.230480
vn -0.157358 0.985748 0.059482
vn -0.114142 0.991542 0.061771
vn -0.101142 0.967470 0.231888
vn -0.151984 0.975688 0.157904
vn 0.028962 0.984446 -0.173286
vn -0.046419 0.971969 -0.230480
vn -0.101142 0.967470 0.231888
vn -0.114142 0.991542 0.061771
vn 0.039706 0.979340 0.198285
vn -0.074649 0.933419 0.350936
vn -0.143867 0.918139 0.369221
vn -0.084293 0.965556 0.246165
vn -0.010193 0.972193 0.233961
vn -0.014649 0.999853 0.008850
vn -0.143867 0.918139 0.369221
vn -0.074649 0.933419 0.350936
vn 0.028962 0.984446 -0.173286
vn -0.084293 0.965556 0.246165
vn -0.143867 0.918139 0.369221
vn -0.014649 0.999853 0.008850
vn 0.063480 0.952351 -0.298325
vn 0.313190 0.936061 -0.160319
vn 0.348709 0.904001 -0.247356
vn 0.173198 0.898370 -0.403650
vn 0.242751 0.952661 -0.183055
vn 0.244307 0.911519 -0.330829
vn 0.348709 0.904001 -0.247356
vn 0.313190 0.936061 -0.160319
vn 0.028962 0.984446 -0.173286
vn 0.173198 0.898370 -0.403650
vn 0.348709 0.904001 -0.247356
vn 0.244307 0.911519 -0.330829
vn -0.019532 0.856245 -0.516201
vn -0.090184 0.864852 -0.493861
vn -0.051944 0.780380 -0.623144
vn -0.066808 0.795255 -0.602583
vn -0.162911 0.971639 -0.171396
vn -0.046419 0.971969 -0.230480
vn -0.051944 0.780380 -0.623144
vn -0.090184 0.864852 -0.493861
vn 0.028962 0.984446 -0.173286
vn -0.066808 0.795255 -0.602583
vn -0.051944 0.780380 -0.623144
vn -0.046419 0.971969 -0.230480
vn 0.010499 0.996085 0.087773
vn 0.168159 0.985484 0.023316
vn 0.106786 0.990283 0.089085
vn -0.111395 0.977073 0.181437
vn 0.039706 0.979340 0.198285
vn -0.084293 0.965556 0.246165
vn 0.106786 0.990283 0.089085
vn 0.168159 0.985484 0.023316
vn 0.028962 0.984446 -0.173286
vn -0.111395 0.977073 0.181437
vn 0.106786 0.990283 0.089085
vn -0.084293 0.965556 0.246165
vn -0.027101 0.958519 -0.283738
vn -0.148905 0.903409 -0.402095
vn -0.066716 0.884093 -0.462525
vn 0.097264 0.908152 -0.407184
vn 0.063480 0.952351 -0.298325
vn 0.173198 0.898370 -0.403650
vn -0.066716 0.884093 -0.462525
vn -0.148905 0.903409 -0.402095
vn 0.028962 0.984446 -0.173286
vn 0.097264 0.908152 -0.407184
vn -0.066716 0.884093 -0.462525
vn 0.173198 0.898370 -0.403650
vn -0.204875 0.978323 0.030153
vn -0.074192 0.963273 -0.258069
vn -0.134195 0.915314 -0.379725
vn -0.292439 0.938355 -0.184308
vn -0.019532 0.856245 -0.516201
vn -0.066808 0.795255 -0.602583
vn -0.134195 0.915314 -0.379725
vn -0.074192 0.963273 -0.258069
vn 0.028962 0.984446 -0.173286
vn -0.292439 0.938355 -0.184308
vn -0.134195 0.915314 -0.379725
vn -0.066808 0.795255 -0.602583
vn -0.345388 0.917015 0.199474
vn -0.247299 0.949004 0.195538
vn -0.277790 0.929751 0.241654
vn -0.351638 0.892402 0.282788
vn 0.010499 0.996085 0.087773
vn -0.111395 0.977073 0.181437
vn -0.277790 0.929751 0.241654
vn -0.247299 0.949004 0.195538
vn 0.028962 0.984446 -0.173286
vn -0.351638 0.892402 0.282788
vn -0.277790 0.929751 0.241654
vn -0.111395 0.977073 0.181437
vn 0.506344 0.849777 0.146614
vn 0.454673 0.884901 0.101110
vn 0.508826 0.836059 0.205184
vn 0.540646 0.804698 0.245282
vn 0.182048 0.979304 0.088445
vn 0.118871 0.948652 0.293135
vn 0.508826 0.836059 0.205184
vn 0.454673 0.884901 0.101110
vn 0.028962 0.984446 -0.173286
vn 0.540646 0.804698 0.245282
vn 0.508826 0.836059 0.205184
vn 0.118871 0.948652 0.293135
vn -0.049013 0.909890 -0.411944
vn 0.075503 0.979561 -0.186439
vn 0.155921 0.949384 -0.272687
vn 0.044772 0.852796 -0.520321
vn -0.027101 0.958519 -0.283738
vn 0.097264 0.908152 -0.407184
vn 0.155921 0.949384 -0.272687
vn 0.075503 0.979561 -0.186439
vn 0.028962 0.984446 -0.173286
vn 0.044772 0.852796 -0.520321
vn 0.155921 0.949384 -0.272687
vn 0.097264 0.908152 -0.407184
vn -0.061191 0.993585 -0.095098
vn -0.247660 0.962531 0.110447
vn -0.344165 0.936603 0.065769
vn -0.152384 0.963073 -0.221968
vn -0.204875 0.978323 0.030153
vn -0.292439 0.938355 -0.184308
vn -0.344165 0.936603 0.065769
vn -0.247660 0.962531 0.110447
vn 0.028962 0.984446 -0.173286
vn -0.152384 0.963073 -0.221968
vn -0.344165 0.936603 0.065769
vn -0.292439 0.938355 -0.184308
vn 0.182048 0.979304 0.088445
vn -0.165626 0.977427 0.131170
vn -0.272964 0.931692 0.239668
vn 0.118871 0.948652 0.293135
vn -0.345388 0.917015 0.199474
vn -0.351638 0.892402 0.282788
vn -0.272964 0.931692 0.239668
vn -0.165626 0.977427 0.131170
vn 0.028962 0.984446 -0.173286
vn 0.118871 0.948652 0.293135
vn -0.272964 0.931692 0.239668
vn -0.351638 0.892402 0.282788
vn 0.119666 0.990015 0.074497
vn 0.350818 0.925402 0.143379
vn 0.442441 0.872888 0.205701
vn 0.261944 0.958601 0.111669
vn 0.506344 0.849777 0.146614
vn 0.540646 0.804698 0.245282
vn 0.442441 0.872888 0.205701
vn 0.350818 0.925402 0.143379
vn 0.028962 0.984446 -0.173286
vn 0.261944 0.958601 0.111669
vn 0.442441 0.872888 0.205701
vn 0.540646 0.804698 0.245282
vn 0.038302 0.975517 -0.216565
vn -0.095068 0.837296 -0.538421
vn -0.084233 0.773817 -0.627783
vn 0.076023 0.974622 -0.210550
vn -0.049013 0.909890 -0.411944
vn 0.044772 0.852796 -0.520321
vn -0.084233 0.773817 -0.627783
vn -0.095068 0.837296 -0.538421
vn 0.028962 0.984446 -0.173286
vn 0.076023 0.974622 -0.210550
vn -0.084233 0.773817 -0.627783
vn 0.044772 0.852796 -0.520321
vn 0.092962 0.971098 -0.219832
vn 0.147315 0.954631 -0.258800
vn 0.124214 0.914210 -0.385735
vn -0.031130 0.922506 -0.384726
vn -0.061191 0.993585 -0.095098
vn -0.152384 0.963073 -0.221968
vn 0.124214 0.914210 -0.385735
vn 0.147315 0.954631 -0.258800
vn 0.028962 0.984446 -0.173286
vn -0.031130 0.922506 -0.384726
vn 0.124214 0.914210 -0.385735
vn -0.152384 0.963073 -0.221968
vn -0.161964 0.984572 -0.066226
vn -0.095739 0.994992 -0.028719
vn -0.030488 0.999458 -0.012391
vn -0.079930 0.990536 -0.111579
vn 0.119666 0.990015 0.074497
vn 0.261944 0.958601 0.111669
vn -0.030488 0.999458 -0.012391
vn -0.095739 0.994992 -0.028719
vn 0.028962 0.984446 -0.173286
vn -0.079930 0.990536 -0.111579
vn -0.030488 0.999458 -0.012391
vn 0.261944 0.958601 0.111669
vn 0.086949 0.996080 -0.016236
vn 0.113592 0.979506 0.166328
vn 0.177896 0.947526 0.265607
vn 0.226176 0.973583 -0.031313
vn 0.038302 0.975517 -0.216565
vn 0.076023 0.974622 -0.210550
vn 0.177896 0.947526 0.265607
vn 0.113592 0.979506 0.166328
vn 0.028962 0.984446 -0.173286
vn 0.226176 0.973583 -0.031313
vn 0.177896 0.947526 0.265607
vn 0.076023 0.974622 -0.210550
vn 0.015809 0.981954 -0.188456
vn -0.042788 0.987578 -0.151193
vn -0.141484 0.957033 -0.253121
vn -0.072391 0.937486 -0.340410
vn 0.092962 0.971098 -0.219832
vn -0.031130 0.922506 -0.384726
vn -0.141484 0.957033 -0.253121
vn -0.042788 0.987578 -0.151193
vn 0.028962 0.984446 -0.173286
vn -0.072391 0.937486 -0.340410
vn -0.141484 0.957033 -0.253121
vn -0.031130 0.922506 -0.384726
s off
g Cylinder
usemtl lambert3SG
f 655/1284/1291 994/1303/1292 1856/1324/1293 1207/1304/1294
f 994/1303/1295 560/1323/1296 993/1341/1297 1856/1324/1298
f 1856/1324/1299 993/1341/1300 562/1358/1301 1161/1342/1302
f 1207/1304/1303 1856/1324/1304 1161/1342/1305 656/1325/1306
f 656/1325/1307 1161/1342/1308 1857/1359/1309 1206/1343/1310
f 1161/1342/1311 562/1358/1312 997/1372/1313 1857/1359/1314
f 1857/1359/1315 997/1372/1316 564/1390/1317 1162/1373/1318
f 1206/1343/1319 1857/1359/1320 1162/1373/1321 657/1360/1322
f 657/1360/1323 1162/1373/1324 1858/1391/1325 1205/1374/1326
f 1162/1373/1327 564/1390/1328 1000/1400/1329 1858/1391/1330
f 1858/1391/1331 1000/1400/1332 566/1408/1333 1163/1401/1334
f 1205/1374/1335 1858/1391/1336 1163/1401/1337 658/1402/1338
f 658/1133/1339 1163/1151/1340 1859/1135/1341 1204/1115/1342
f 1163/1151/1343 566/1164/1344 1003/1155/1345 1859/1135/1346
f 1859/1135/1347 1003/1155/1348 568/1137/1349 1164/1117/1350
f 1204/1115/1351 1859/1135/1352 1164/1117/1353 659/1097/1354
f 659/1097/1355 1164/1117/1356 1860/1099/1357 1203/1076/1358
f 1164/1117/1359 568/1137/1360 1006/1119/1361 1860/1099/1362
f 1860/1099/1363 1006/1119/1364 570/1101/1365 1165/1078/1366
f 1203/1076/1367 1860/1099/1368 1165/1078/1369 660/1050/1370
f 660/1050/1371 1165/1078/1372 1861/1052/1373 1202/1026/1374
f 1165/1078/1375 570/1101/1376 1009/1080/1377 1861/1052/1378
f 1861/1052/1379 1009/1080/1380 572/1054/1381 1166/1028/1382
f 1202/1026/1383 1861/1052/1384 1166/1028/1385 661/1001/1386
f 661/1001/1387 1166/1028/1388 1862/1003/1389 1201/975/1390
f 1166/1028/1391 572/1054/1392 1012/1030/1393 1862/1003/1394
f 1862/1003/1395 1012/1030/1396 574/1005/1397 1167/977/1398
f 1201/975/1399 1862/1003/1400 1167/977/1401 662/951/1402
f 662/951/1403 1167/977/1404 1863/978/1405 1200/952/1406
f 1167/977/1407 574/1005/1408 1015/1006/1409 1863/978/1410
f 1863/978/1411 1015/1006/1412 576/1033/1413 1168/1007/1414
f 1200/952/1415 1863/978/1416 1168/1007/1417 663/979/1418
f 663/979/1419 1168/1007/1420 1864/1034/1421 1199/1008/1422
f 1168/1007/1423 576/1033/1424 1018/1059/1425 1864/1034/1426
f 1864/1034/1427 1018/1059/1428 578/1087/1429 1169/1060/1430
f 1199/1008/1431 1864/1034/1432 1169/1060/1433 664/1035/1434
f 664/1614/1435 1169/1615/1436 1865/1605/1437 1198/1591/1438
f 1169/1615/1439 578/1624/1440 1021/1616/1441 1865/1605/1442
f 1865/1605/1443 1021/1616/1444 580/1606/1445 1170/1592/1446
f 1198/1591/1447 1865/1605/1448 1170/1592/1449 665/1576/1450
f 665/1576/1451 1170/1592/1452 1866/1579/1453 1197/1565/1454
f 1170/1592/1455 580/1606/1456 1024/1597/1457 1866/1579/1458
f 1866/1579/1459 1024/1597/1460 582/1581/1461 1171/1567/1462
f 1197/1565/1463 1866/1579/1464 1171/1567/1465 666/1550/1466
f 666/1550/1467 1171/1567/1468 1867/1552/1469 1196/1534/1470
f 1171/1567/1471 582/1581/1472 1027/1569/1473 1867/1552/1474
f 1867/1552/1475 1027/1569/1476 584/1554/1477 1172/1536/1478
f 1196/1534/1479 1867/1552/1480 1172/1536/1481 667/1515/1482
f 667/1515/1483 1172/1536/1484 1868/1517/1485 1195/1498/1486
f 1172/1536/1487 584/1554/1488 1030/1538/1489 1868/1517/1490
f 1868/1517/1491 1030/1538/1492 586/1519/1493 1173/1500/1494
f 1195/1498/1495 1868/1517/1496 1173/1500/1497 668/1481/1498
f 668/1481/1499 1173/1500/1500 1869/1501/1501 1194/1482/1502
f 1173/1500/1503 586/1519/1504 1033/1520/1505 1869/1501/1506
f 1869/1501/1507 1033/1520/1508 588/1541/1509 1174/1521/1510
f 1194/1482/1511 1869/1501/1512 1174/1521/1513 669/1502/1514
f 669/1502/1515 1174/1521/1516 1870/1542/1517 1193/1522/1518
f 1174/1521/1519 588/1541/1520 1036/1559/1521 1870/1542/1522
f 1870/1542/1523 1036/1559/1524 590/1575/1525 1175/1560/1526
f 1193/1522/1527 1870/1542/1528 1175/1560/1529 670/1561/1530
f 670/811/1531 1175/829/1532 1871/813/1533 1192/793/1534
f 1175/829/1535 590/842/1536 1039/833/1537 1871/813/1538
f 1871/813/1539 1039/833/1540 592/815/1541 1176/795/1542
f 1192/793/1543 1871/813/1544 1176/795/1545 671/775/1546
f 671/775/1547 1176/795/1548 1872/777/1549 1191/754/1550
f 1176/795/1551 592/815/1552 1042/797/1553 1872/777/1554
f 1872/777/1555 1042/797/1556 594/779/1557 1177/756/1558
f 1191/754/1559 1872/777/1560 1177/756/1561 672/728/1562
f 672/728/1563 1177/756/1564 1873/730/1565 1190/704/1566
f 1177/756/1567 594/779/1568 1045/758/1569 1873/730/1570
f 1873/730/1571 1045/758/1572 596/732/1573 1178/706/1574
f 1190/704/1575 1873/730/1576 1178/706/1577 673/679/1578
f 673/679/1579 1178/706/1580 1874/681/1581 1189/653/1582
f 1178/706/1583 596/732/1584 1048/708/1585 1874/681/1586
f 1874/681/1587 1048/708/1588 598/683/1589 1179/655/1590
f 1189/653/1591 1874/681/1592 1179/655/1593 674/629/1594
f 674/629/1595 1179/655/1596 1875/656/1597 1188/630/1598
f 1179/655/1599 598/683/1600 1051/684/1601 1875/656/1602
f 1875/656/1603 1051/684/1604 600/711/1605 1180/685/1606
f 1188/630/1607 1875/656/1608 1180/685/1609 675/657/1610
f 675/657/1611 1180/685/1612 1876/712/1613 1187/686/1614
f 1180/685/1615 600/711/1616 1054/737/1617 1876/712/1618
f 1876/712/1619 1054/737/1620 602/765/1621 1181/738/1622
f 1187/686/1623 1876/712/1624 1181/738/1625 676/713/1626
f 676/1349/1627 1181/1350/1628 1877/1334/1629 1186/1314/1630
f 1181/1350/1631 602/1364/1632 1057/1351/1633 1877/1334/1634
f 1877/1334/1635 1057/1351/1636 604/1335/1637 1182/1315/1638
f 1186/1314/1639 1877/1334/1640 1182/1315/1641 677/1296/1642
f 705/1195/1643 1351/1199/1644 1878/1202/1645 1258/1200/1646
f 1351/1419/1647 704/1417/1648 1232/1418/1649 1878/1420/1650
f 1878/1639/1651 1232/1640/1652 825/1641/1653 1210/1642/1654
f 1258/1647/1655 1878/1639/1656 1210/1642/1657 826/1648/1658
f 677/1296/1659 1182/1315/1660 1879/1299/1661 1185/1280/1662
f 1182/1315/1663 604/1335/1664 1060/1320/1665 1879/1299/1666
f 1879/1299/1667 1060/1320/1668 606/1301/1669 1183/1282/1670
f 1185/1280/1671 1879/1299/1672 1183/1282/1673 678/1263/1674
f 678/1263/1675 1183/1282/1676 1880/1283/1677 1184/1264/1678
f 1183/1282/1679 606/1301/1680 1063/1302/1681 1880/1283/1682
f 1880/1283/1683 1063/1302/1684 560/1323/1685 994/1303/1686
f 1184/1264/1687 1880/1283/1688 994/1303/1689 655/1284/1690
f 559/2360/1691 1640/2361/1692 1881/2362/1693 1663/2363/1694
f 561/2366/1695 1641/2367/1696 1881/2362/1697 1640/2361/1698
f 563/2375/1699 1642/2376/1700 1881/2362/1701 1641/2367/1702
f 565/2386/1703 1643/2387/1704 1881/2362/1705 1642/2376/1706
f 567/2398/1707 1644/2399/1708 1881/2362/1709 1643/2387/1710
f 569/2410/1711 1645/2411/1712 1881/2362/1713 1644/2399/1714
f 571/2422/1715 1646/2423/1716 1881/2362/1717 1645/2411/1718
f 573/2434/1719 1647/2435/1720 1881/2362/1721 1646/2423/1722
f 575/2446/1723 1648/2447/1724 1881/2362/1725 1647/2435/1726
f 577/2458/1727 1649/2459/1728 1881/2362/1729 1648/2447/1730
f 579/2470/1731 1650/2471/1732 1881/2362/1733 1649/2459/1734
f 581/2482/1735 1651/2483/1736 1881/2362/1737 1650/2471/1738
f 583/2494/1739 1652/2487/1740 1881/2362/1741 1651/2483/1742
f 585/2486/1743 1653/2475/1744 1881/2362/1745 1652/2487/1746
f 587/2474/1747 1654/2463/1748 1881/2362/1749 1653/2475/1750
f 589/2462/1751 1655/2451/1752 1881/2362/1753 1654/2463/1754
f 591/2450/1755 1656/2439/1756 1881/2362/1757 1655/2451/1758
f 593/2438/1759 1657/2427/1760 1881/2362/1761 1656/2439/1762
f 595/2426/1763 1658/2415/1764 1881/2362/1765 1657/2427/1766
f 597/2414/1767 1659/2403/1768 1881/2362/1769 1658/2415/1770
f 599/2402/1771 1660/2391/1772 1881/2362/1773 1659/2403/1774
f 601/2390/1775 1661/2379/1776 1881/2362/1777 1660/2391/1778
f 603/2378/1779 1662/2369/1780 1881/2362/1781 1661/2379/1782
f 605/2368/1783 1663/2363/1784 1881/2362/1785 1662/2369/1786
f 773/1203/1787 1374/1204/1788 1882/1205/1789 1399/1206/1790
f 1374/1204/1791 630/1209/1792 1088/1210/1793 1882/1205/1794
f 1882/1205/1795 1088/1210/1796 607/1221/1797 1064/1211/1798
f 1399/1206/1799 1882/1205/1800 1064/1211/1801 774/1212/1802
f 772/1215/1803 1373/1216/1804 1883/1208/1805 1398/1207/1806
f 1373/1216/1807 629/1227/1808 1089/1217/1809 1883/1208/1810
f 1883/1208/1811 1089/1217/1812 630/1209/1813 1374/1204/1814
f 1398/1207/1815 1883/1208/1816 1374/1204/1817 773/1203/1818
f 771/594/1819 1372/593/1820 1884/612/1821 1397/613/1822
f 1372/593/1823 628/611/1824 1090/634/1825 1884/612/1826
f 1884/612/1827 1090/634/1828 629/661/1829 1373/635/1830
f 1397/613/1831 1884/612/1832 1373/635/1833 772/636/1834
f 770/568/1835 1371/567/1836 1885/578/1837 1396/579/1838
f 1371/567/1839 627/577/1840 1091/592/1841 1885/578/1842
f 1885/578/1843 1091/592/1844 628/611/1845 1372/593/1846
f 1396/579/1847 1885/578/1848 1372/593/1849 771/594/1850
f 769/559/1851 1370/560/1852 1886/561/1853 1395/562/1854
f 1370/560/1855 626/565/1856 1092/566/1857 1886/561/1858
f 1886/561/1859 1092/566/1860 627/577/1861 1371/567/1862
f 1395/562/1863 1886/561/1864 1371/567/1865 770/568/1866
f 768/571/1867 1369/572/1868 1887/564/1869 1394/563/1870
f 1369/572/1871 625/585/1872 1093/573/1873 1887/564/1874
f 1887/564/1875 1093/573/1876 626/565/1877 1370/560/1878
f 1394/563/1879 1887/564/1880 1370/560/1881 769/559/1882
f 767/599/1883 1368/600/1884 1888/584/1885 1393/583/1886
f 1368/600/1887 624/621/1888 1094/601/1889 1888/584/1890
f 1888/584/1891 1094/601/1892 625/585/1893 1369/572/1894
f 1393/583/1895 1888/584/1896 1369/572/1897 768/571/1898
f 766/643/1899 1367/644/1900 1889/620/1901 1392/619/1902
f 1367/644/1903 623/671/1904 1095/645/1905 1889/620/1906
f 1889/620/1907 1095/645/1908 624/621/1909 1368/600/1910
f 1392/619/1911 1889/620/1912 1368/600/1913 767/599/1914
f 765/694/1915 1366/695/1916 1890/670/1917 1391/669/1918
f 1366/695/1919 622/720/1920 1096/696/1921 1890/670/1922
f 1890/670/1923 1096/696/1924 623/671/1925 1367/644/1926
f 1391/669/1927 1890/670/1928 1367/644/1929 766/643/1930
f 764/744/1931 1365/745/1932 1891/719/1933 1390/718/1934
f 1365/745/1935 621/767/1936 1097/746/1937 1891/719/1938
f 1891/719/1939 1097/746/1940 622/720/1941 1366/695/1942
f 1390/718/1943 1891/719/1944 1366/695/1945 765/694/1946
f 763/1421/1947 1364/1422/1948 1892/1423/1949 1389/1424/1950
f 1364/1422/1951 620/1427/1952 1098/1428/1953 1892/1423/1954
f 1892/1423/1955 1098/1428/1956 621/1439/1957 1365/1429/1958
f 1389/1424/1959 1892/1423/1960 1365/1429/1961 764/1430/1962
f 762/1433/1963 1363/1434/1964 1893/1426/1965 1388/1425/1966
f 1363/1434/1967 619/1445/1968 1099/1435/1969 1893/1426/1970
f 1893/1426/1971 1099/1435/1972 620/1427/1973 1364/1422/1974
f 1388/1425/1975 1893/1426/1976 1364/1422/1977 763/1421/1978
f 761/1455/1979 1362/1456/1980 1894/1444/1981 1387/1443/1982
f 1362/1456/1983 618/1473/1984 1100/1457/1985 1894/1444/1986
f 1894/1444/1987 1100/1457/1988 619/1445/1989 1363/1434/1990
f 1387/1443/1991 1894/1444/1992 1363/1434/1993 762/1433/1994
f 760/1488/1995 1361/1489/1996 1895/1472/1997 1386/1471/1998
f 1361/1489/1999 617/1507/2000 1101/1490/2001 1895/1472/2002
f 1895/1472/2003 1101/1490/2004 618/1473/2005 1362/1456/2006
f 1386/1471/2007 1895/1472/2008 1362/1456/2009 761/1455/2010
f 759/916/2011 1360/915/2012 1896/934/2013 1385/935/2014
f 1360/915/2015 616/933/2016 1102/956/2017 1896/934/2018
f 1896/934/2019 1102/956/2020 617/983/2021 1361/957/2022
f 1385/935/2023 1896/934/2024 1361/957/2025 760/958/2026
f 758/890/2027 1359/889/2028 1897/900/2029 1384/901/2030
f 1359/889/2031 615/899/2032 1103/914/2033 1897/900/2034
f 1897/900/2035 1103/914/2036 616/933/2037 1360/915/2038
f 1384/901/2039 1897/900/2040 1360/915/2041 759/916/2042
f 757/881/2043 1358/882/2044 1898/883/2045 1383/884/2046
f 1358/882/2047 614/887/2048 1104/888/2049 1898/883/2050
f 1898/883/2051 1104/888/2052 615/899/2053 1359/889/2054
f 1383/884/2055 1898/883/2056 1359/889/2057 758/890/2058
f 756/893/2059 1357/894/2060 1899/886/2061 1382/885/2062
f 1357/894/2063 613/907/2064 1105/895/2065 1899/886/2066
f 1899/886/2067 1105/895/2068 614/887/2069 1358/882/2070
f 1382/885/2071 1899/886/2072 1358/882/2073 757/881/2074
f 755/921/2075 1356/922/2076 1900/906/2077 1381/905/2078
f 1356/922/2079 612/943/2080 1106/923/2081 1900/906/2082
f 1900/906/2083 1106/923/2084 613/907/2085 1357/894/2086
f 1381/905/2087 1900/906/2088 1357/894/2089 756/893/2090
f 754/965/2091 1355/966/2092 1901/942/2093 1380/941/2094
f 1355/966/2095 611/993/2096 1107/967/2097 1901/942/2098
f 1901/942/2099 1107/967/2100 612/943/2101 1356/922/2102
f 1380/941/2103 1901/942/2104 1356/922/2105 755/921/2106
f 753/1016/2107 1354/1017/2108 1902/992/2109 1379/991/2110
f 1354/1017/2111 610/1042/2112 1108/1018/2113 1902/992/2114
f 1902/992/2115 1108/1018/2116 611/993/2117 1355/966/2118
f 1379/991/2119 1902/992/2120 1355/966/2121 754/965/2122
f 752/1066/2123 1353/1067/2124 1903/1041/2125 1378/1040/2126
f 1353/1067/2127 609/1089/2128 1109/1068/2129 1903/1041/2130
f 1903/1041/2131 1109/1068/2132 610/1042/2133 1354/1017/2134
f 1378/1040/2135 1903/1041/2136 1354/1017/2137 753/1016/2138
f 751/1236/2139 1352/1235/2140 1904/1250/2141 1377/1251/2142
f 1352/1235/2143 608/1249/2144 1110/1268/2145 1904/1250/2146
f 1904/1250/2147 1110/1268/2148 609/1288/2149 1353/1269/2150
f 1377/1251/2151 1904/1250/2152 1353/1269/2153 752/1270/2154
f 774/1212/2155 1064/1211/2156 1905/1222/2157 1376/1223/2158
f 1064/1211/2159 607/1221/2160 1111/1234/2161 1905/1222/2162
f 1905/1222/2163 1111/1234/2164 608/1249/2165 1352/1235/2166
f 1376/1223/2167 1905/1222/2168 1352/1235/2169 751/1236/2170
f 630/1209/2171 1087/1219/2172 1906/1220/2173 1088/1210/2174
f 1087/1219/2175 654/1231/2176 1136/1232/2177 1906/1220/2178
f 1906/1220/2179 1136/1232/2180 631/1247/2181 1112/1233/2182
f 1088/1210/2183 1906/1220/2184 1112/1233/2185 607/1221/2186
f 629/1227/2187 1086/1241/2188 1907/1229/2189 1089/1217/2190
f 1086/1241/2191 653/1257/2192 1137/1243/2193 1907/1229/2194
f 1907/1229/2195 1137/1243/2196 654/1231/2197 1087/1219/2198
f 1089/1217/2199 1907/1229/2200 1087/1219/2201 630/1209/2202
f 628/611/2203 1085/633/2204 1908/660/2205 1090/634/2206
f 1085/633/2207 652/659/2208 1138/688/2209 1908/660/2210
f 1908/660/2211 1138/688/2212 653/715/2213 1086/689/2214
f 1090/634/2215 1908/660/2216 1086/689/2217 629/661/2218
f 627/577/2219 1084/591/2220 1909/610/2221 1091/592/2222
f 1084/591/2223 651/609/2224 1139/632/2225 1909/610/2226
f 1909/610/2227 1139/632/2228 652/659/2229 1085/633/2230
f 1091/592/2231 1909/610/2232 1085/633/2233 628/611/2234
f 626/565/2235 1083/575/2236 1910/576/2237 1092/566/2238
f 1083/575/2239 650/589/2240 1140/590/2241 1910/576/2242
f 1910/576/2243 1140/590/2244 651/609/2245 1084/591/2246
f 1092/566/2247 1910/576/2248 1084/591/2249 627/577/2250
f 625/585/2251 1082/603/2252 1911/587/2253 1093/573/2254
f 1082/603/2255 649/625/2256 1141/605/2257 1911/587/2258
f 1911/587/2259 1141/605/2260 650/589/2261 1083/575/2262
f 1093/573/2263 1911/587/2264 1083/575/2265 626/565/2266
f 624/621/2267 1081/647/2268 1912/623/2269 1094/601/2270
f 1081/647/2271 648/675/2272 1142/649/2273 1912/623/2274
f 1912/623/2275 1142/649/2276 649/625/2277 1082/603/2278
f 1094/601/2279 1912/623/2280 1082/603/2281 625/585/2282
f 623/671/2283 1080/698/2284 1913/673/2285 1095/645/2286
f 1080/698/2287 647/724/2288 1143/700/2289 1913/673/2290
f 1913/673/2291 1143/700/2292 648/675/2293 1081/647/2294
f 1095/645/2295 1913/673/2296 1081/647/2297 624/621/2298
f 622/720/2299 1079/748/2300 1914/722/2301 1096/696/2302
f 1079/748/2303 646/771/2304 1144/750/2305 1914/722/2306
f 1914/722/2307 1144/750/2308 647/724/2309 1080/698/2310
f 1096/696/2311 1914/722/2312 1080/698/2313 623/671/2314
f 621/767/2315 1078/788/2316 1915/769/2317 1097/746/2318
f 1078/788/2319 645/809/2320 1145/789/2321 1915/769/2322
f 1915/769/2323 1145/789/2324 646/771/2325 1079/748/2326
f 1097/746/2327 1915/769/2328 1079/748/2329 622/720/2330
f 620/1427/2331 1077/1437/2332 1916/1438/2333 1098/1428/2334
f 1077/1437/2335 644/1449/2336 1146/1450/2337 1916/1438/2338
f 1916/1438/2339 1146/1450/2340 645/1465/2341 1078/1451/2342
f 1098/1428/2343 1916/1438/2344 1078/1451/2345 621/1439/2346
f 619/1445/2347 1076/1459/2348 1917/1447/2349 1099/1435/2350
f 1076/1459/2351 643/1477/2352 1147/1461/2353 1917/1447/2354
f 1917/1447/2355 1147/1461/2356 644/1449/2357 1077/1437/2358
f 1099/1435/2359 1917/1447/2360 1077/1437/2361 620/1427/2362
f 618/1473/2363 1075/1492/2364 1918/1475/2365 1100/1457/2366
f 1075/1492/2367 642/1511/2368 1148/1494/2369 1918/1475/2370
f 1918/1475/2371 1148/1494/2372 643/1477/2373 1076/1459/2374
f 1100/1457/2375 1918/1475/2376 1076/1459/2377 619/1445/2378
f 617/1507/2379 1074/1528/2380 1919/1509/2381 1101/1490/2382
f 1074/1528/2383 641/1544/2384 1149/1530/2385 1919/1509/2386
f 1919/1509/2387 1149/1530/2388 642/1511/2389 1075/1492/2390
f 1101/1490/2391 1919/1509/2392 1075/1492/2393 618/1473/2394
f 616/933/2395 1073/955/2396 1920/982/2397 1102/956/2398
f 1073/955/2399 640/981/2400 1150/1010/2401 1920/982/2402
f 1920/982/2403 1150/1010/2404 641/1037/2405 1074/1011/2406
f 1102/956/2407 1920/982/2408 1074/1011/2409 617/983/2410
f 615/899/2411 1072/913/2412 1921/932/2413 1103/914/2414
f 1072/913/2415 639/931/2416 1151/954/2417 1921/932/2418
f 1921/932/2419 1151/954/2420 640/981/2421 1073/955/2422
f 1103/914/2423 1921/932/2424 1073/955/2425 616/933/2426
f 614/887/2427 1071/897/2428 1922/898/2429 1104/888/2430
f 1071/897/2431 638/911/2432 1152/912/2433 1922/898/2434
f 1922/898/2435 1152/912/2436 639/931/2437 1072/913/2438
f 1104/888/2439 1922/898/2440 1072/913/2441 615/899/2442
f 613/907/2443 1070/925/2444 1923/909/2445 1105/895/2446
f 1070/925/2447 637/947/2448 1153/927/2449 1923/909/2450
f 1923/909/2451 1153/927/2452 638/911/2453 1071/897/2454
f 1105/895/2455 1923/909/2456 1071/897/2457 614/887/2458
f 612/943/2459 1069/969/2460 1924/945/2461 1106/923/2462
f 1069/969/2463 636/997/2464 1154/971/2465 1924/945/2466
f 1924/945/2467 1154/971/2468 637/947/2469 1070/925/2470
f 1106/923/2471 1924/945/2472 1070/925/2473 613/907/2474
f 611/993/2475 1068/1020/2476 1925/995/2477 1107/967/2478
f 1068/1020/2479 635/1046/2480 1155/1022/2481 1925/995/2482
f 1925/995/2483 1155/1022/2484 636/997/2485 1069/969/2486
f 1107/967/2487 1925/995/2488 1069/969/2489 612/943/2490
f 610/1042/2491 1067/1070/2492 1926/1044/2493 1108/1018/2494
f 1067/1070/2495 634/1093/2496 1156/1072/2497 1926/1044/2498
f 1926/1044/2499 1156/1072/2500 635/1046/2501 1068/1020/2502
f 1108/1018/2503 1926/1044/2504 1068/1020/2505 611/993/2506
f 609/1089/2507 1066/1110/2508 1927/1091/2509 1109/1068/2510
f 1066/1110/2511 633/1131/2512 1157/1111/2513 1927/1091/2514
f 1927/1091/2515 1157/1111/2516 634/1093/2517 1067/1070/2518
f 1109/1068/2519 1927/1091/2520 1067/1070/2521 610/1042/2522
f 608/1249/2523 1065/1267/2524 1928/1287/2525 1110/1268/2526
f 1065/1267/2527 632/1286/2528 1158/1306/2529 1928/1287/2530
f 1928/1287/2531 1158/1306/2532 633/1327/2533 1066/1307/2534
f 1110/1268/2535 1928/1287/2536 1066/1307/2537 609/1288/2538
f 607/1221/2539 1112/1233/2540 1929/1248/2541 1111/1234/2542
f 1112/1233/2543 631/1247/2544 1159/1266/2545 1929/1248/2546
f 1929/1248/2547 1159/1266/2548 632/1286/2549 1065/1267/2550
f 1111/1234/2551 1929/1248/2552 1065/1267/2553 608/1249/2554
f 654/1231/2555 1135/1245/2556 1930/1246/2557 1136/1232/2558
f 1135/1245/2559 678/1263/2560 1184/1264/2561 1930/1246/2562
f 1930/1246/2563 1184/1264/2564 655/1284/2565 1160/1265/2566
f 1136/1232/2567 1930/1246/2568 1160/1265/2569 631/1247/2570
f 653/1257/2571 1134/1277/2572 1931/1261/2573 1137/1243/2574
f 1134/1277/2575 677/1296/2576 1185/1280/2577 1931/1261/2578
f 1931/1261/2579 1185/1280/2580 678/1263/2581 1135/1245/2582
f 1137/1243/2583 1931/1261/2584 1135/1245/2585 654/1231/2586
f 652/659/2587 1133/687/2588 1932/714/2589 1138/688/2590
f 1133/687/2591 676/713/2592 1186/739/2593 1932/714/2594
f 1932/1313/2595 1186/1314/2596 677/1296/2597 1134/1277/2598
f 1138/688/2599 1932/714/2600 1134/740/2601 653/715/2602
f 651/609/2603 1132/631/2604 1933/658/2605 1139/632/2606
f 1132/631/2607 675/657/2608 1187/686/2609 1933/658/2610
f 1933/658/2611 1187/686/2612 676/713/2613 1133/687/2614
f 1139/632/2615 1933/658/2616 1133/687/2617 652/659/2618
f 650/589/2619 1131/607/2620 1934/608/2621 1140/590/2622
f 1131/607/2623 674/629/2624 1188/630/2625 1934/608/2626
f 1934/608/2627 1188/630/2628 675/657/2629 1132/631/2630
f 1140/590/2631 1934/608/2632 1132/631/2633 651/609/2634
f 649/625/2635 1130/651/2636 1935/627/2637 1141/605/2638
f 1130/651/2639 673/679/2640 1189/653/2641 1935/627/2642
f 1935/627/2643 1189/653/2644 674/629/2645 1131/607/2646
f 1141/605/2647 1935/627/2648 1131/607/2649 650/589/2650
f 648/675/2651 1129/702/2652 1936/677/2653 1142/649/2654
f 1129/702/2655 672/728/2656 1190/704/2657 1936/677/2658
f 1936/677/2659 1190/704/2660 673/679/2661 1130/651/2662
f 1142/649/2663 1936/677/2664 1130/651/2665 649/625/2666
f 647/724/2667 1128/752/2668 1937/726/2669 1143/700/2670
f 1128/752/2671 671/775/2672 1191/754/2673 1937/726/2674
f 1937/726/2675 1191/754/2676 672/728/2677 1129/702/2678
f 1143/700/2679 1937/726/2680 1129/702/2681 648/675/2682
f 646/771/2683 1127/791/2684 1938/773/2685 1144/750/2686
f 1127/791/2687 670/811/2688 1192/793/2689 1938/773/2690
f 1938/773/2691 1192/793/2692 671/775/2693 1128/752/2694
f 1144/750/2695 1938/773/2696 1128/752/2697 647/724/2698
f 645/809/2699 1126/827/2700 1939/810/2701 1145/789/2702
f 1126/1483/2703 669/1502/2704 1193/1522/2705 1939/1523/2706
f 1939/810/2707 1193/828/2708 670/811/2709 1127/791/2710
f 1145/789/2711 1939/810/2712 1127/791/2713 646/771/2714
f 644/1449/2715 1125/1463/2716 1940/1464/2717 1146/1450/2718
f 1125/1463/2719 668/1481/2720 1194/1482/2721 1940/1464/2722
f 1940/1464/2723 1194/1482/2724 669/1502/2725 1126/1483/2726
f 1146/1450/2727 1940/1464/2728 1126/1483/2729 645/1465/2730
f 643/1477/2731 1124/1496/2732 1941/1479/2733 1147/1461/2734
f 1124/1496/2735 667/1515/2736 1195/1498/2737 1941/1479/2738
f 1941/1479/2739 1195/1498/2740 668/1481/2741 1125/1463/2742
f 1147/1461/2743 1941/1479/2744 1125/1463/2745 644/1449/2746
f 642/1511/2747 1123/1532/2748 1942/1513/2749 1148/1494/2750
f 1123/1532/2751 666/1550/2752 1196/1534/2753 1942/1513/2754
f 1942/1513/2755 1196/1534/2756 667/1515/2757 1124/1496/2758
f 1148/1494/2759 1942/1513/2760 1124/1496/2761 643/1477/2762
f 641/1544/2763 1122/1562/2764 1943/1548/2765 1149/1530/2766
f 1122/1562/2767 665/1576/2768 1197/1565/2769 1943/1548/2770
f 1943/1548/2771 1197/1565/2772 666/1550/2773 1123/1532/2774
f 1149/1530/2775 1943/1548/2776 1123/1532/2777 642/1511/2778
f 640/981/2779 1121/1009/2780 1944/1036/2781 1150/1010/2782
f 1121/1009/2783 664/1035/2784 1198/1061/2785 1944/1036/2786
f 1944/1590/2787 1198/1591/2788 665/1576/2789 1122/1562/2790
f 1150/1010/2791 1944/1036/2792 1122/1062/2793 641/1037/2794
f 639/931/2795 1120/953/2796 1945/980/2797 1151/954/2798
f 1120/953/2799 663/979/2800 1199/1008/2801 1945/980/2802
f 1945/980/2803 1199/1008/2804 664/1035/2805 1121/1009/2806
f 1151/954/2807 1945/980/2808 1121/1009/2809 640/981/2810
f 638/911/2811 1119/929/2812 1946/930/2813 1152/912/2814
f 1119/929/2815 662/951/2816 1200/952/2817 1946/930/2818
f 1946/930/2819 1200/952/2820 663/979/2821 1120/953/2822
f 1152/912/2823 1946/930/2824 1120/953/2825 639/931/2826
f 637/947/2827 1118/973/2828 1947/949/2829 1153/927/2830
f 1118/973/2831 661/1001/2832 1201/975/2833 1947/949/2834
f 1947/949/2835 1201/975/2836 662/951/2837 1119/929/2838
f 1153/927/2839 1947/949/2840 1119/929/2841 638/911/2842
f 636/997/2843 1117/1024/2844 1948/999/2845 1154/971/2846
f 1117/1024/2847 660/1050/2848 1202/1026/2849 1948/999/2850
f 1948/999/2851 1202/1026/2852 661/1001/2853 1118/973/2854
f 1154/971/2855 1948/999/2856 1118/973/2857 637/947/2858
f 635/1046/2859 1116/1074/2860 1949/1048/2861 1155/1022/2862
f 1116/1074/2863 659/1097/2864 1203/1076/2865 1949/1048/2866
f 1949/1048/2867 1203/1076/2868 660/1050/2869 1117/1024/2870
f 1155/1022/2871 1949/1048/2872 1117/1024/2873 636/997/2874
f 634/1093/2875 1115/1113/2876 1950/1095/2877 1156/1072/2878
f 1115/1113/2879 658/1133/2880 1204/1115/2881 1950/1095/2882
f 1950/1095/2883 1204/1115/2884 659/1097/2885 1116/1074/2886
f 1156/1072/2887 1950/1095/2888 1116/1074/2889 635/1046/2890
f 633/1131/2891 1114/1149/2892 1951/1132/2893 1157/1111/2894
f 1114/1344/2895 657/1360/2896 1205/1374/2897 1951/1375/2898
f 1951/1132/2899 1205/1150/2900 658/1133/2901 1115/1113/2902
f 1157/1111/2903 1951/1132/2904 1115/1113/2905 634/1093/2906
f 632/1286/2907 1113/1305/2908 1952/1326/2909 1158/1306/2910
f 1113/1305/2911 656/1325/2912 1206/1343/2913 1952/1326/2914
f 1952/1326/2915 1206/1343/2916 657/1360/2917 1114/1344/2918
f 1158/1306/2919 1952/1326/2920 1114/1344/2921 633/1327/2922
f 631/1247/2923 1160/1265/2924 1953/1285/2925 1159/1266/2926
f 1160/1265/2927 655/1284/2928 1207/1304/2929 1953/1285/2930
f 1953/1285/2931 1207/1304/2932 656/1325/2933 1113/1305/2934
f 1159/1266/2935 1953/1285/2936 1113/1305/2937 632/1286/2938
f 694/2212/2939 1510/2244/2940 1954/2276/2941 1569/2245/2942
f 1510/2244/2943 693/2275/2944 1568/2302/2945 1954/2276/2946
f 1954/2276/2947 1568/2302/2948 861/2324/2949 1558/2303/2950
f 1569/2245/2951 1954/2276/2952 1558/2303/2953 862/2277/2954
f 709/1126/2955 1349/1106/2956 1955/1125/2957 1262/1143/2958
f 1349/1106/2959 708/1105/2960 1234/1124/2961 1955/1125/2962
f 1955/1791/2963 1234/1767/2964 830/1768/2965 1215/1792/2966
f 1262/1817/2967 1955/1791/2968 1215/1792/2969 831/1818/2970
f 713/1405/2971 1347/1396/2972 1956/1404/2973 1266/1411/2974
f 1347/1396/2975 712/1386/2976 1236/1395/2977 1956/1404/2978
f 1956/1657/2979 1236/1667/2980 824/1668/2981 1208/1658/2982
f 1266/1649/2983 1956/1657/2984 1208/1658/2985 823/1650/2986
f 717/1585/2987 1345/1601/2988 1957/1612/2989 1270/1602/2990
f 1345/1601/2991 716/1611/2992 1238/1621/2993 1957/1612/2994
f 1957/2102/2995 1238/2068/2996 835/2069/2997 1220/2103/2998
f 1270/2137/2999 1957/2102/3000 1220/2103/3001 836/2138/3002
f 721/819/3003 1343/837/3004 1958/848/3005 1274/838/3006
f 1343/837/3007 720/847/3008 1240/857/3009 1958/848/3010
f 1958/1971/3011 1240/2003/3012 840/2004/3013 1225/1972/3014
f 1274/1939/3015 1958/1971/3016 1225/1972/3017 841/1940/3018
f 725/1367/3019 1341/1383/3020 1959/1394/3021 1278/1384/3022
f 1341/1383/3023 724/1393/3024 1242/1403/3025 1959/1394/3026
f 1959/1709/3027 1242/1727/3028 845/1728/3029 1230/1710/3030
f 1278/1693/3031 1959/1709/3032 1230/1710/3033 846/1694/3034
f 729/1141/3035 1339/1159/3036 1960/1170/3037 1282/1160/3038
f 1339/1159/3039 728/1169/3040 1244/1179/3041 1960/1170/3042
f 1960/1707/3043 1244/1691/3044 828/1692/3045 1213/1708/3046
f 1282/1725/3047 1960/1707/3048 1213/1708/3049 829/1726/3050
f 733/1627/3051 1337/1632/3052 1961/1635/3053 1286/1633/3054
f 1337/1632/3055 732/1634/3056 1246/1636/3057 1961/1635/3058
f 1961/1969/3059 1246/1937/3060 833/1938/3061 1218/1970/3062
f 1286/2001/3063 1961/1969/3064 1218/1970/3065 834/2002/3066
f 737/864/3067 1335/870/3068 1962/874/3069 1290/871/3070
f 1335/870/3071 736/873/3072 1248/878/3073 1962/874/3074
f 1962/2104/3075 1248/2139/3076 838/2140/3077 1223/2105/3078
f 1290/2070/3079 1962/2104/3080 1223/2105/3081 839/2071/3082
f 741/840/3083 1333/822/3084 1963/839/3085 1294/849/3086
f 1333/822/3087 740/804/3088 1250/821/3089 1963/839/3090
f 1963/1793/3091 1250/1819/3092 843/1820/3093 1228/1794/3094
f 1294/1769/3095 1963/1793/3096 1228/1794/3097 844/1770/3098
f 743/1186/3099 1331/1192/3100 1964/1196/3101 1296/1193/3102
f 1331/1192/3103 705/1195/3104 1258/1200/3105 1964/1196/3106
f 1964/1655/3107 1258/1647/3108 826/1648/3109 1211/1656/3110
f 1296/1665/3111 1964/1655/3112 1211/1656/3113 827/1666/3114
f 745/1162/3115 1329/1144/3116 1965/1161/3117 1298/1171/3118
f 1329/1144/3119 709/1126/3120 1262/1143/3121 1965/1161/3122
f 1965/1845/3123 1262/1817/3124 831/1818/3125 1216/1846/3126
f 1298/1875/3127 1965/1845/3128 1216/1846/3129 832/1876/3130
f 747/1604/3131 1327/1586/3132 1966/1603/3133 1300/1613/3134
f 1327/1586/3135 717/1585/3136 1270/1602/3137 1966/1603/3138
f 1966/2173/3139 1270/2137/3140 836/2138/3141 1221/2174/3142
f 1300/2209/3143 1966/2173/3144 1221/2174/3145 837/2210/3146
f 749/783/3147 1325/801/3148 1967/820/3149 1302/802/3150
f 1325/801/3151 721/819/3152 1274/838/3153 1967/820/3154
f 1967/1908/3155 1274/1939/3156 841/1940/3157 1226/1909/3158
f 1302/1877/3159 1967/1908/3160 1226/1909/3161 842/1878/3162
f 712/1386/3163 1323/1368/3164 1968/1385/3165 1236/1395/3166
f 1323/1368/3167 725/1367/3168 1278/1384/3169 1968/1385/3170
f 1968/1679/3171 1278/1693/3172 846/1694/3173 1231/1680/3174
f 1236/1667/3175 1968/1679/3176 1231/1680/3177 824/1668/3178
f 704/1417/3179 1321/1412/3180 1969/1416/3181 1232/1418/3182
f 1321/1412/3183 713/1405/3184 1266/1411/3185 1969/1416/3186
f 1969/1643/3187 1266/1649/3188 823/1650/3189 1209/1644/3190
f 1232/1640/3191 1969/1643/3192 1209/1644/3193 825/1641/3194
f 708/1105/3195 1319/1123/3196 1970/1142/3197 1234/1124/3198
f 1319/1123/3199 729/1141/3200 1282/1160/3201 1970/1142/3202
f 1970/1745/3203 1282/1725/3204 829/1726/3205 1214/1746/3206
f 1234/1767/3207 1970/1745/3208 1214/1746/3209 830/1768/3210
f 716/1611/3211 1317/1620/3212 1971/1628/3213 1238/1621/3214
f 1317/1620/3215 733/1627/3216 1286/1633/3217 1971/1628/3218
f 1971/2034/3219 1286/2001/3220 834/2002/3221 1219/2035/3222
f 1238/2068/3223 1971/2034/3224 1219/2035/3225 835/2069/3226
f 720/847/3227 1315/856/3228 1972/865/3229 1240/857/3230
f 1315/856/3231 737/864/3232 1290/871/3233 1972/865/3234
f 1972/2036/3235 1290/2070/3236 839/2071/3237 1224/2037/3238
f 1240/2003/3239 1972/2036/3240 1224/2037/3241 840/2004/3242
f 724/1393/3243 1313/1409/3244 1973/1410/3245 1242/1403/3246
f 1313/850/3247 741/840/3248 1294/849/3249 1973/858/3250
f 1973/1747/3251 1294/1769/3252 844/1770/3253 1229/1748/3254
f 1242/1727/3255 1973/1747/3256 1229/1748/3257 845/1728/3258
f 728/1169/3259 1311/1178/3260 1974/1187/3261 1244/1179/3262
f 1311/1178/3263 743/1186/3264 1296/1193/3265 1974/1187/3266
f 1974/1677/3267 1296/1665/3268 827/1666/3269 1212/1678/3270
f 1244/1691/3271 1974/1677/3272 1212/1678/3273 828/1692/3274
f 732/1634/3275 1309/1637/3276 1975/1638/3277 1246/1636/3278
f 1309/1172/3279 745/1162/3280 1298/1171/3281 1975/1180/3282
f 1975/1906/3283 1298/1875/3284 832/1876/3285 1217/1907/3286
f 1246/1937/3287 1975/1906/3288 1217/1907/3289 833/1938/3290
f 736/873/3291 1307/877/3292 1976/880/3293 1248/878/3294
f 1307/1622/3295 747/1604/3296 1300/1613/3297 1976/1623/3298
f 1976/2175/3299 1300/2209/3300 837/2210/3301 1222/2176/3302
f 1248/2139/3303 1976/2175/3304 1222/2176/3305 838/2140/3306
f 740/804/3307 1305/784/3308 1977/803/3309 1250/821/3310
f 1305/784/3311 749/783/3312 1302/802/3313 1977/803/3314
f 1977/1847/3315 1302/1877/3316 842/1878/3317 1227/1848/3318
f 1250/1819/3319 1977/1847/3320 1227/1848/3321 843/1820/3322
f 600/711/3323 1051/684/3324 1978/710/3325 1292/736/3326
f 1051/684/3327 598/683/3328 1255/709/3329 1978/710/3330
f 1978/710/3331 1255/709/3332 750/734/3333 1304/735/3334
f 1292/736/3335 1978/710/3336 1304/735/3337 739/763/3338
f 739/763/3339 1304/735/3340 1979/762/3341 1293/785/3342
f 1304/735/3343 750/734/3344 1303/761/3345 1979/762/3346
f 1979/762/3347 1303/761/3348 749/783/3349 1305/784/3350
f 1293/785/3351 1979/762/3352 1305/784/3353 740/804/3354
f 590/842/3355 1036/860/3356 1980/861/3357 1288/853/3358
f 1036/860/3359 588/866/3360 1254/867/3361 1980/861/3362
f 1980/1588/3363 1254/1558/3364 748/1574/3365 1306/1589/3366
f 1288/853/3367 1980/861/3368 1306/868/3369 735/862/3370
f 735/862/3371 1306/868/3372 1981/872/3373 1289/869/3374
f 1306/868/3375 748/875/3376 1301/876/3377 1981/872/3378
f 1981/872/3379 1301/876/3380 747/879/3381 1307/877/3382
f 1289/869/3383 1981/872/3384 1307/877/3385 736/873/3386
f 580/1147/3387 1021/1129/3388 1982/1130/3389 1284/1148/3390
f 1021/1129/3391 578/1087/3392 1253/1109/3393 1982/1130/3394
f 1982/1130/3395 1253/1109/3396 746/1128/3397 1308/1146/3398
f 1284/1617/3399 1982/1629/3400 1308/1630/3401 731/1625/3402
f 731/1173/3403 1308/1146/3404 1983/1163/3405 1285/1174/3406
f 1308/1146/3407 746/1128/3408 1299/1145/3409 1983/1163/3410
f 1983/1163/3411 1299/1145/3412 745/1162/3413 1309/1172/3414
f 1285/1174/3415 1983/1163/3416 1309/1172/3417 732/1181/3418
f 570/1101/3419 1006/1119/3420 1984/1138/3421 1280/1120/3422
f 1006/1119/3423 568/1137/3424 1252/1156/3425 1984/1138/3426
f 1984/1138/3427 1252/1156/3428 744/1167/3429 1310/1157/3430
f 1280/1120/3431 1984/1138/3432 1310/1157/3433 727/1139/3434
f 727/1139/3435 1310/1157/3436 1985/1168/3437 1281/1158/3438
f 1310/1157/3439 744/1167/3440 1297/1177/3441 1985/1168/3442
f 1985/1168/3443 1297/1177/3444 743/1186/3445 1311/1178/3446
f 1281/1158/3447 1985/1168/3448 1311/1178/3449 728/1169/3450
f 604/825/3451 1057/807/3452 1986/808/3453 1276/826/3454
f 1057/807/3455 602/765/3456 1251/787/3457 1986/808/3458
f 1986/808/3459 1251/787/3460 742/806/3461 1312/824/3462
f 1276/1352/3463 1986/1380/3464 1312/1381/3465 723/1365/3466
f 723/851/3467 1312/824/3468 1987/841/3469 1277/852/3470
f 1312/824/3471 742/806/3472 1295/823/3473 1987/841/3474
f 1987/841/3475 1295/823/3476 741/840/3477 1313/850/3478
f 1277/852/3479 1987/841/3480 1313/850/3481 724/859/3482
f 594/779/3483 1042/797/3484 1988/816/3485 1272/798/3486
f 1042/797/3487 592/815/3488 1249/834/3489 1988/816/3490
f 1988/816/3491 1249/834/3492 738/845/3493 1314/835/3494
f 1272/798/3495 1988/816/3496 1314/835/3497 719/817/3498
f 719/817/3499 1314/835/3500 1989/846/3501 1273/836/3502
f 1314/835/3503 738/845/3504 1291/855/3505 1989/846/3506
f 1989/846/3507 1291/855/3508 737/864/3509 1315/856/3510
f 1273/836/3511 1989/846/3512 1315/856/3513 720/847/3514
f 584/1554/3515 1027/1569/3516 1990/1582/3517 1268/1570/3518
f 1027/1569/3519 582/1581/3520 1247/1598/3521 1990/1582/3522
f 1990/1582/3523 1247/1598/3524 734/1609/3525 1316/1599/3526
f 1268/1570/3527 1990/1582/3528 1316/1599/3529 715/1583/3530
f 715/1583/3531 1316/1599/3532 1991/1610/3533 1269/1600/3534
f 1316/1599/3535 734/1609/3536 1287/1619/3537 1991/1610/3538
f 1991/1610/3539 1287/1619/3540 733/1627/3541 1317/1620/3542
f 1269/1600/3543 1991/1610/3544 1317/1620/3545 716/1611/3546
f 574/1005/3547 1012/1030/3548 1992/1055/3549 1260/1031/3550
f 1012/1030/3551 572/1054/3552 1245/1081/3553 1992/1055/3554
f 1992/1055/3555 1245/1081/3556 730/1103/3557 1318/1082/3558
f 1260/1031/3559 1992/1055/3560 1318/1082/3561 707/1056/3562
f 707/1056/3563 1318/1082/3564 1993/1104/3565 1261/1083/3566
f 1318/1082/3567 730/1103/3568 1283/1122/3569 1993/1104/3570
f 1993/1104/3571 1283/1122/3572 729/1141/3573 1319/1123/3574
f 1261/1083/3575 1993/1104/3576 1319/1123/3577 708/1105/3578
f 564/1390/3579 997/1372/3580 1994/1389/3581 1256/1399/3582
f 997/1372/3583 562/1358/3584 1237/1371/3585 1994/1389/3586
f 1994/1389/3587 1237/1371/3588 714/1388/3589 1320/1398/3590
f 1256/1399/3591 1994/1389/3592 1320/1398/3593 703/1407/3594
f 703/1407/3595 1320/1398/3596 1995/1406/3597 1257/1413/3598
f 1320/1398/3599 714/1388/3600 1267/1397/3601 1995/1406/3602
f 1995/1406/3603 1267/1397/3604 713/1405/3605 1321/1412/3606
f 1257/1413/3607 1995/1406/3608 1321/1412/3609 704/1417/3610
f 560/1323/3611 1063/1302/3612 1996/1322/3613 1264/1340/3614
f 1063/1302/3615 606/1301/3616 1243/1321/3617 1996/1322/3618
f 1996/1322/3619 1243/1321/3620 726/1338/3621 1322/1339/3622
f 1264/1340/3623 1996/1322/3624 1322/1339/3625 711/1356/3626
f 711/1356/3627 1322/1339/3628 1997/1355/3629 1265/1369/3630
f 1322/1339/3631 726/1338/3632 1279/1354/3633 1997/1355/3634
f 1997/1355/3635 1279/1354/3636 725/1367/3637 1323/1368/3638
f 1265/1369/3639 1997/1355/3640 1323/1368/3641 712/1386/3642
f 598/683/3643 1048/708/3644 1998/733/3645 1255/709/3646
f 1048/708/3647 596/732/3648 1241/759/3649 1998/733/3650
f 1998/733/3651 1241/759/3652 722/781/3653 1324/760/3654
f 1255/709/3655 1998/733/3656 1324/760/3657 750/734/3658
f 750/734/3659 1324/760/3660 1999/782/3661 1303/761/3662
f 1324/760/3663 722/781/3664 1275/800/3665 1999/782/3666
f 1999/782/3667 1275/800/3668 721/819/3669 1325/801/3670
f 1303/761/3671 1999/782/3672 1325/801/3673 749/783/3674
f 588/1541/3675 1033/1520/3676 2000/1540/3677 1254/1558/3678
f 1033/1520/3679 586/1519/3680 1239/1539/3681 2000/1540/3682
f 2000/1540/3683 1239/1539/3684 718/1556/3685 1326/1557/3686
f 1254/1558/3687 2000/1540/3688 1326/1557/3689 748/1574/3690
f 748/1574/3691 1326/1557/3692 2001/1573/3693 1301/1587/3694
f 1326/1557/3695 718/1556/3696 1271/1572/3697 2001/1573/3698
f 2001/1573/3699 1271/1572/3700 717/1585/3701 1327/1586/3702
f 1301/1587/3703 2001/1573/3704 1327/1586/3705 747/1604/3706
f 578/1087/3707 1018/1059/3708 2002/1086/3709 1253/1109/3710
f 1018/1059/3711 576/1033/3712 1235/1058/3713 2002/1086/3714
f 2002/1086/3715 1235/1058/3716 710/1085/3717 1328/1108/3718
f 1253/1109/3719 2002/1086/3720 1328/1108/3721 746/1128/3722
f 746/1128/3723 1328/1108/3724 2003/1127/3725 1299/1145/3726
f 1328/1108/3727 710/1085/3728 1263/1107/3729 2003/1127/3730
f 2003/1127/3731 1263/1107/3732 709/1126/3733 1329/1144/3734
f 1299/1145/3735 2003/1127/3736 1329/1144/3737 745/1162/3738
f 568/1137/3739 1003/1155/3740 2004/1166/3741 1252/1156/3742
f 1003/1155/3743 566/1164/3744 1233/1175/3745 2004/1166/3746
f 2004/1166/3747 1233/1175/3748 706/1184/3749 1330/1176/3750
f 1252/1156/3751 2004/1166/3752 1330/1176/3753 744/1167/3754
f 744/1167/3755 1330/1176/3756 2005/1185/3757 1297/1177/3758
f 1330/1176/3759 706/1184/3760 1259/1191/3761 2005/1185/3762
f 2005/1185/3763 1259/1191/3764 705/1195/3765 1331/1192/3766
f 1297/1177/3767 2005/1185/3768 1331/1192/3769 743/1186/3770
f 602/765/3771 1054/737/3772 2006/764/3773 1251/787/3774
f 1054/737/3775 600/711/3776 1292/736/3777 2006/764/3778
f 2006/764/3779 1292/736/3780 739/763/3781 1332/786/3782
f 1251/787/3783 2006/764/3784 1332/786/3785 742/806/3786
f 742/806/3787 1332/786/3788 2007/805/3789 1295/823/3790
f 1332/786/3791 739/763/3792 1293/785/3793 2007/805/3794
f 2007/805/3795 1293/785/3796 740/804/3797 1333/822/3798
f 1295/823/3799 2007/805/3800 1333/822/3801 741/840/3802
f 592/815/3803 1039/833/3804 2008/844/3805 1249/834/3806
f 1039/833/3807 590/842/3808 1288/853/3809 2008/844/3810
f 2008/844/3811 1288/853/3812 735/862/3813 1334/854/3814
f 1249/834/3815 2008/844/3816 1334/854/3817 738/845/3818
f 738/845/3819 1334/854/3820 2009/863/3821 1291/855/3822
f 1334/854/3823 735/862/3824 1289/869/3825 2009/863/3826
f 2009/863/3827 1289/869/3828 736/873/3829 1335/870/3830
f 1291/855/3831 2009/863/3832 1335/870/3833 737/864/3834
f 582/1581/3835 1024/1597/3836 2010/1608/3837 1247/1598/3838
f 1024/1597/3839 580/1606/3840 1284/1617/3841 2010/1608/3842
f 2010/1608/3843 1284/1617/3844 731/1625/3845 1336/1618/3846
f 1247/1598/3847 2010/1608/3848 1336/1618/3849 734/1609/3850
f 734/1609/3851 1336/1618/3852 2011/1626/3853 1287/1619/3854
f 1336/1618/3855 731/1625/3856 1285/1631/3857 2011/1626/3858
f 2011/1626/3859 1285/1631/3860 732/1634/3861 1337/1632/3862
f 1287/1619/3863 2011/1626/3864 1337/1632/3865 733/1627/3866
f 572/1054/3867 1009/1080/3868 2012/1102/3869 1245/1081/3870
f 1009/1080/3871 570/1101/3872 1280/1120/3873 2012/1102/3874
f 2012/1102/3875 1280/1120/3876 727/1139/3877 1338/1121/3878
f 1245/1081/3879 2012/1102/3880 1338/1121/3881 730/1103/3882
f 730/1103/3883 1338/1121/3884 2013/1140/3885 1283/1122/3886
f 1338/1121/3887 727/1139/3888 1281/1158/3889 2013/1140/3890
f 2013/1140/3891 1281/1158/3892 728/1169/3893 1339/1159/3894
f 1283/1122/3895 2013/1140/3896 1339/1159/3897 729/1141/3898
f 606/1301/3899 1060/1320/3900 2014/1337/3901 1243/1321/3902
f 1060/1320/3903 604/1335/3904 1276/1352/3905 2014/1337/3906
f 2014/1337/3907 1276/1352/3908 723/1365/3909 1340/1353/3910
f 1243/1321/3911 2014/1337/3912 1340/1353/3913 726/1338/3914
f 726/1338/3915 1340/1353/3916 2015/1366/3917 1279/1354/3918
f 1340/1353/3919 723/1365/3920 1277/1382/3921 2015/1366/3922
f 2015/1366/3923 1277/1382/3924 724/1393/3925 1341/1383/3926
f 1279/1354/3927 2015/1366/3928 1341/1383/3929 725/1367/3930
f 596/732/3931 1045/758/3932 2016/780/3933 1241/759/3934
f 1045/758/3935 594/779/3936 1272/798/3937 2016/780/3938
f 2016/780/3939 1272/798/3940 719/817/3941 1342/799/3942
f 1241/759/3943 2016/780/3944 1342/799/3945 722/781/3946
f 722/781/3947 1342/799/3948 2017/818/3949 1275/800/3950
f 1342/799/3951 719/817/3952 1273/836/3953 2017/818/3954
f 2017/818/3955 1273/836/3956 720/847/3957 1343/837/3958
f 1275/800/3959 2017/818/3960 1343/837/3961 721/819/3962
f 586/1519/3963 1030/1538/3964 2018/1555/3965 1239/1539/3966
f 1030/1538/3967 584/1554/3968 1268/1570/3969 2018/1555/3970
f 2018/1555/3971 1268/1570/3972 715/1583/3973 1344/1571/3974
f 1239/1539/3975 2018/1555/3976 1344/1571/3977 718/1556/3978
f 718/1556/3979 1344/1571/3980 2019/1584/3981 1271/1572/3982
f 1344/1571/3983 715/1583/3984 1269/1600/3985 2019/1584/3986
f 2019/1584/3987 1269/1600/3988 716/1611/3989 1345/1601/3990
f 1271/1572/3991 2019/1584/3992 1345/1601/3993 717/1585/3994
f 562/1358/3995 993/1341/3996 2020/1357/3997 1237/1371/3998
f 993/1341/3999 560/1323/4000 1264/1340/4001 2020/1357/4002
f 2020/1357/4003 1264/1340/4004 711/1356/4005 1346/1370/4006
f 1237/1371/4007 2020/1357/4008 1346/1370/4009 714/1388/4010
f 714/1388/4011 1346/1370/4012 2021/1387/4013 1267/1397/4014
f 1346/1370/4015 711/1356/4016 1265/1369/4017 2021/1387/4018
f 2021/1387/4019 1265/1369/4020 712/1386/4021 1347/1396/4022
f 1267/1397/4023 2021/1387/4024 1347/1396/4025 713/1405/4026
f 576/1033/4027 1015/1006/4028 2022/1032/4029 1235/1058/4030
f 1015/1006/4031 574/1005/4032 1260/1031/4033 2022/1032/4034
f 2022/1032/4035 1260/1031/4036 707/1056/4037 1348/1057/4038
f 1235/1058/4039 2022/1032/4040 1348/1057/4041 710/1085/4042
f 710/1085/4043 1348/1057/4044 2023/1084/4045 1263/1107/4046
f 1348/1057/4047 707/1056/4048 1261/1083/4049 2023/1084/4050
f 2023/1084/4051 1261/1083/4052 708/1105/4053 1349/1106/4054
f 1263/1107/4055 2023/1084/4056 1349/1106/4057 709/1126/4058
f 566/1164/4059 1000/1182/4060 2024/1183/4061 1233/1175/4062
f 1000/1182/4063 564/1188/4064 1256/1189/4065 2024/1183/4066
f 2024/1414/4067 1256/1399/4068 703/1407/4069 1350/1415/4070
f 1233/1175/4071 2024/1183/4072 1350/1190/4073 706/1184/4074
f 706/1184/4075 1350/1190/4076 2025/1194/4077 1259/1191/4078
f 1350/1190/4079 703/1197/4080 1257/1198/4081 2025/1194/4082
f 2025/1194/4083 1257/1198/4084 704/1201/4085 1351/1199/4086
f 1259/1191/4087 2025/1194/4088 1351/1199/4089 705/1195/4090
f 798/1238/4091 1375/1224/4092 2026/1237/4093 1447/1253/4094
f 1375/1224/4095 774/1212/4096 1376/1223/4097 2026/1237/4098
f 2026/1237/4099 1376/1223/4100 751/1236/4101 1400/1252/4102
f 1447/1253/4103 2026/1237/4104 1400/1252/4105 775/1272/4106
f 775/1272/4107 1400/1252/4108 2027/1271/4109 1446/1290/4110
f 1400/1252/4111 751/1236/4112 1377/1251/4113 2027/1271/4114
f 2027/1271/4115 1377/1251/4116 752/1270/4117 1401/1289/4118
f 1446/1290/4119 2027/1271/4120 1401/1289/4121 776/1308/4122
f 776/1308/4123 1401/1289/4124 2028/1328/4125 1445/1329/4126
f 1401/1090/4127 752/1066/4128 1378/1040/4129 2028/1069/4130
f 2028/1069/4131 1378/1040/4132 753/1016/4133 1402/1043/4134
f 1445/1092/4135 2028/1069/4136 1402/1043/4137 777/1071/4138
f 777/1071/4139 1402/1043/4140 2029/1019/4141 1444/1045/4142
f 1402/1043/4143 753/1016/4144 1379/991/4145 2029/1019/4146
f 2029/1019/4147 1379/991/4148 754/965/4149 1403/994/4150
f 1444/1045/4151 2029/1019/4152 1403/994/4153 778/1021/4154
f 778/1021/4155 1403/994/4156 2030/968/4157 1443/996/4158
f 1403/994/4159 754/965/4160 1380/941/4161 2030/968/4162
f 2030/968/4163 1380/941/4164 755/921/4165 1404/944/4166
f 1443/996/4167 2030/968/4168 1404/944/4169 779/970/4170
f 779/970/4171 1404/944/4172 2031/924/4173 1442/946/4174
f 1404/944/4175 755/921/4176 1381/905/4177 2031/924/4178
f 2031/924/4179 1381/905/4180 756/893/4181 1405/908/4182
f 1442/946/4183 2031/924/4184 1405/908/4185 780/926/4186
f 780/926/4187 1405/908/4188 2032/896/4189 1441/910/4190
f 1405/908/4191 756/893/4192 1382/885/4193 2032/896/4194
f 2032/896/4195 1382/885/4196 757/881/4197 1406/891/4198
f 1441/910/4199 2032/896/4200 1406/891/4201 781/903/4202
f 781/903/4203 1406/891/4204 2033/892/4205 1440/904/4206
f 1406/891/4207 757/881/4208 1383/884/4209 2033/892/4210
f 2033/892/4211 1383/884/4212 758/890/4213 1407/902/4214
f 1440/904/4215 2033/892/4216 1407/902/4217 782/918/4218
f 782/918/4219 1407/902/4220 2034/917/4221 1439/937/4222
f 1407/902/4223 758/890/4224 1384/901/4225 2034/917/4226
f 2034/917/4227 1384/901/4228 759/916/4229 1408/936/4230
f 1439/937/4231 2034/917/4232 1408/936/4233 783/960/4234
f 783/960/4235 1408/936/4236 2035/959/4237 1438/985/4238
f 1408/936/4239 759/916/4240 1385/935/4241 2035/959/4242
f 2035/959/4243 1385/935/4244 760/958/4245 1409/984/4246
f 1438/1545/4247 2035/1546/4248 1409/1508/4249 784/1529/4250
f 784/1529/4251 1409/1508/4252 2036/1491/4253 1437/1510/4254
f 1409/1508/4255 760/1488/4256 1386/1471/4257 2036/1491/4258
f 2036/1491/4259 1386/1471/4260 761/1455/4261 1410/1474/4262
f 1437/1510/4263 2036/1491/4264 1410/1474/4265 785/1493/4266
f 785/1493/4267 1410/1474/4268 2037/1458/4269 1436/1476/4270
f 1410/1474/4271 761/1455/4272 1387/1443/4273 2037/1458/4274
f 2037/1458/4275 1387/1443/4276 762/1433/4277 1411/1446/4278
f 1436/1476/4279 2037/1458/4280 1411/1446/4281 786/1460/4282
f 786/1460/4283 1411/1446/4284 2038/1436/4285 1435/1448/4286
f 1411/1446/4287 762/1433/4288 1388/1425/4289 2038/1436/4290
f 2038/1436/4291 1388/1425/4292 763/1421/4293 1412/1431/4294
f 1435/1448/4295 2038/1436/4296 1412/1431/4297 787/1441/4298
f 787/1441/4299 1412/1431/4300 2039/1432/4301 1434/1442/4302
f 1412/1431/4303 763/1421/4304 1389/1424/4305 2039/1432/4306
f 2039/1432/4307 1389/1424/4308 764/1430/4309 1413/1440/4310
f 1434/1442/4311 2039/1432/4312 1413/1440/4313 788/1452/4314
f 788/1452/4315 1413/1440/4316 2040/1466/4317 1433/1467/4318
f 1413/768/4319 764/744/4320 1390/718/4321 2040/747/4322
f 2040/747/4323 1390/718/4324 765/694/4325 1414/721/4326
f 1433/770/4327 2040/747/4328 1414/721/4329 789/749/4330
f 789/749/4331 1414/721/4332 2041/697/4333 1432/723/4334
f 1414/721/4335 765/694/4336 1391/669/4337 2041/697/4338
f 2041/697/4339 1391/669/4340 766/643/4341 1415/672/4342
f 1432/723/4343 2041/697/4344 1415/672/4345 790/699/4346
f 790/699/4347 1415/672/4348 2042/646/4349 1431/674/4350
f 1415/672/4351 766/643/4352 1392/619/4353 2042/646/4354
f 2042/646/4355 1392/619/4356 767/599/4357 1416/622/4358
f 1431/674/4359 2042/646/4360 1416/622/4361 791/648/4362
f 791/648/4363 1416/622/4364 2043/602/4365 1430/624/4366
f 1416/622/4367 767/599/4368 1393/583/4369 2043/602/4370
f 2043/602/4371 1393/583/4372 768/571/4373 1417/586/4374
f 1430/624/4375 2043/602/4376 1417/586/4377 792/604/4378
f 792/604/4379 1417/586/4380 2044/574/4381 1429/588/4382
f 1417/586/4383 768/571/4384 1394/563/4385 2044/574/4386
f 2044/574/4387 1394/563/4388 769/559/4389 1418/569/4390
f 1429/588/4391 2044/574/4392 1418/569/4393 793/581/4394
f 793/581/4395 1418/569/4396 2045/570/4397 1428/582/4398
f 1418/569/4399 769/559/4400 1395/562/4401 2045/570/4402
f 2045/570/4403 1395/562/4404 770/568/4405 1419/580/4406
f 1428/582/4407 2045/570/4408 1419/580/4409 794/596/4410
f 794/596/4411 1419/580/4412 2046/595/4413 1427/615/4414
f 1419/580/4415 770/568/4416 1396/579/4417 2046/595/4418
f 2046/595/4419 1396/579/4420 771/594/4421 1420/614/4422
f 1427/615/4423 2046/595/4424 1420/614/4425 795/638/4426
f 795/638/4427 1420/614/4428 2047/637/4429 1426/663/4430
f 1420/614/4431 771/594/4432 1397/613/4433 2047/637/4434
f 2047/637/4435 1397/613/4436 772/636/4437 1421/662/4438
f 1426/1258/4439 2047/1259/4440 1421/1228/4441 796/1242/4442
f 796/1242/4443 1421/1228/4444 2048/1218/4445 1425/1230/4446
f 1421/1228/4447 772/1215/4448 1398/1207/4449 2048/1218/4450
f 2048/1218/4451 1398/1207/4452 773/1203/4453 1422/1213/4454
f 1425/1230/4455 2048/1218/4456 1422/1213/4457 797/1225/4458
f 797/1225/4459 1422/1213/4460 2049/1214/4461 1424/1226/4462
f 1422/1213/4463 773/1203/4464 1399/1206/4465 2049/1214/4466
f 2049/1214/4467 1399/1206/4468 774/1212/4469 1375/1224/4470
f 1424/1226/4471 2049/1214/4472 1375/1224/4473 798/1238/4474
f 821/1255/4475 1470/1239/4476 2050/1240/4477 1495/1256/4478
f 1470/1239/4479 797/1225/4480 1424/1226/4481 2050/1240/4482
f 2050/1240/4483 1424/1226/4484 798/1238/4485 1423/1254/4486
f 1495/1256/4487 2050/1240/4488 1423/1254/4489 822/1274/4490
f 820/1279/4491 1469/1260/4492 2051/1244/4493 1494/1262/4494
f 1469/1260/4495 796/1242/4496 1425/1230/4497 2051/1244/4498
f 2051/1244/4499 1425/1230/4500 797/1225/4501 1470/1239/4502
f 1494/1262/4503 2051/1244/4504 1470/1239/4505 821/1255/4506
f 819/1316/4507 1468/1317/4508 2052/1278/4509 1493/1297/4510
f 1468/664/4511 795/638/4512 1426/663/4513 2052/690/4514
f 2052/1278/4515 1426/1258/4516 796/1242/4517 1469/1260/4518
f 1493/1297/4519 2052/1278/4520 1469/1260/4521 820/1279/4522
f 818/640/4523 1467/616/4524 2053/639/4525 1492/665/4526
f 1467/616/4527 794/596/4528 1427/615/4529 2053/639/4530
f 2053/639/4531 1427/615/4532 795/638/4533 1468/664/4534
f 1492/665/4535 2053/639/4536 1468/664/4537 819/691/4538
f 817/617/4539 1466/597/4540 2054/598/4541 1491/618/4542
f 1466/597/4543 793/581/4544 1428/582/4545 2054/598/4546
f 2054/598/4547 1428/582/4548 794/596/4549 1467/616/4550
f 1491/618/4551 2054/598/4552 1467/616/4553 818/640/4554
f 816/652/4555 1465/626/4556 2055/606/4557 1490/628/4558
f 1465/626/4559 792/604/4560 1429/588/4561 2055/606/4562
f 2055/606/4563 1429/588/4564 793/581/4565 1466/597/4566
f 1490/628/4567 2055/606/4568 1466/597/4569 817/617/4570
f 815/703/4571 1464/676/4572 2056/650/4573 1489/678/4574
f 1464/676/4575 791/648/4576 1430/624/4577 2056/650/4578
f 2056/650/4579 1430/624/4580 792/604/4581 1465/626/4582
f 1489/678/4583 2056/650/4584 1465/626/4585 816/652/4586
f 814/753/4587 1463/725/4588 2057/701/4589 1488/727/4590
f 1463/725/4591 790/699/4592 1431/674/4593 2057/701/4594
f 2057/701/4595 1431/674/4596 791/648/4597 1464/676/4598
f 1488/727/4599 2057/701/4600 1464/676/4601 815/703/4602
f 813/792/4603 1462/772/4604 2058/751/4605 1487/774/4606
f 1462/772/4607 789/749/4608 1432/723/4609 2058/751/4610
f 2058/751/4611 1432/723/4612 790/699/4613 1463/725/4614
f 1487/774/4615 2058/751/4616 1463/725/4617 814/753/4618
f 812/1485/4619 1461/1468/4620 2059/1484/4621 1486/1503/4622
f 1461/1468/4623 788/1452/4624 1433/1467/4625 2059/1484/4626
f 2059/790/4627 1433/770/4628 789/749/4629 1462/772/4630
f 1486/1503/4631 2059/1484/4632 1462/1524/4633 813/1525/4634
f 811/1469/4635 1460/1453/4636 2060/1454/4637 1485/1470/4638
f 1460/1453/4639 787/1441/4640 1434/1442/4641 2060/1454/4642
f 2060/1454/4643 1434/1442/4644 788/1452/4645 1461/1468/4646
f 1485/1470/4647 2060/1454/4648 1461/1468/4649 812/1485/4650
f 810/1497/4651 1459/1478/4652 2061/1462/4653 1484/1480/4654
f 1459/1478/4655 786/1460/4656 1435/1448/4657 2061/1462/4658
f 2061/1462/4659 1435/1448/4660 787/1441/4661 1460/1453/4662
f 1484/1480/4663 2061/1462/4664 1460/1453/4665 811/1469/4666
f 809/1533/4667 1458/1512/4668 2062/1495/4669 1483/1514/4670
f 1458/1512/4671 785/1493/4672 1436/1476/4673 2062/1495/4674
f 2062/1495/4675 1436/1476/4676 786/1460/4677 1459/1478/4678
f 1483/1514/4679 2062/1495/4680 1459/1478/4681 810/1497/4682
f 808/1564/4683 1457/1547/4684 2063/1531/4685 1482/1549/4686
f 1457/1547/4687 784/1529/4688 1437/1510/4689 2063/1531/4690
f 2063/1531/4691 1437/1510/4692 785/1493/4693 1458/1512/4694
f 1482/1549/4695 2063/1531/4696 1458/1512/4697 809/1533/4698
f 807/1593/4699 1456/1594/4700 2064/1563/4701 1481/1577/4702
f 1456/986/4703 783/960/4704 1438/985/4705 2064/1012/4706
f 2064/1563/4707 1438/1545/4708 784/1529/4709 1457/1547/4710
f 1481/1577/4711 2064/1563/4712 1457/1547/4713 808/1564/4714
f 806/962/4715 1455/938/4716 2065/961/4717 1480/987/4718
f 1455/938/4719 782/918/4720 1439/937/4721 2065/961/4722
f 2065/961/4723 1439/937/4724 783/960/4725 1456/986/4726
f 1480/987/4727 2065/961/4728 1456/986/4729 807/1013/4730
f 805/939/4731 1454/919/4732 2066/920/4733 1479/940/4734
f 1454/919/4735 781/903/4736 1440/904/4737 2066/920/4738
f 2066/920/4739 1440/904/4740 782/918/4741 1455/938/4742
f 1479/940/4743 2066/920/4744 1455/938/4745 806/962/4746
f 804/974/4747 1453/948/4748 2067/928/4749 1478/950/4750
f 1453/948/4751 780/926/4752 1441/910/4753 2067/928/4754
f 2067/928/4755 1441/910/4756 781/903/4757 1454/919/4758
f 1478/950/4759 2067/928/4760 1454/919/4761 805/939/4762
f 803/1025/4763 1452/998/4764 2068/972/4765 1477/1000/4766
f 1452/998/4767 779/970/4768 1442/946/4769 2068/972/4770
f 2068/972/4771 1442/946/4772 780/926/4773 1453/948/4774
f 1477/1000/4775 2068/972/4776 1453/948/4777 804/974/4778
f 802/1075/4779 1451/1047/4780 2069/1023/4781 1476/1049/4782
f 1451/1047/4783 778/1021/4784 1443/996/4785 2069/1023/4786
f 2069/1023/4787 1443/996/4788 779/970/4789 1452/998/4790
f 1476/1049/4791 2069/1023/4792 1452/998/4793 803/1025/4794
f 801/1114/4795 1450/1094/4796 2070/1073/4797 1475/1096/4798
f 1450/1094/4799 777/1071/4800 1444/1045/4801 2070/1073/4802
f 2070/1073/4803 1444/1045/4804 778/1021/4805 1451/1047/4806
f 1475/1096/4807 2070/1073/4808 1451/1047/4809 802/1075/4810
f 800/1346/4811 1449/1330/4812 2071/1345/4813 1474/1361/4814
f 1449/1330/4815 776/1308/4816 1445/1329/4817 2071/1345/4818
f 2071/1112/4819 1445/1092/4820 777/1071/4821 1450/1094/4822
f 1474/1361/4823 2071/1345/4824 1450/1376/4825 801/1377/4826
f 799/1310/4827 1448/1291/4828 2072/1309/4829 1473/1331/4830
f 1448/1291/4831 775/1272/4832 1446/1290/4833 2072/1309/4834
f 2072/1309/4835 1446/1290/4836 776/1308/4837 1449/1330/4838
f 1473/1331/4839 2072/1309/4840 1449/1330/4841 800/1346/4842
f 822/1274/4843 1423/1254/4844 2073/1273/4845 1472/1292/4846
f 1423/1254/4847 798/1238/4848 1447/1253/4849 2073/1273/4850
f 2073/1273/4851 1447/1253/4852 775/1272/4853 1448/1291/4854
f 1472/1292/4855 2073/1273/4856 1448/1291/4857 799/1310/4858
f 895/1312/4859 1471/1293/4860 2074/1311/4861 992/1333/4862
f 1471/1293/4863 822/1274/4864 1472/1292/4865 2074/1311/4866
f 2074/1311/4867 1472/1292/4868 799/1310/4869 995/1332/4870
f 992/1333/4871 2074/1311/4872 995/1332/4873 896/1348/4874
f 896/1348/4875 995/1332/4876 2075/1347/4877 996/1363/4878
f 995/1332/4879 799/1310/4880 1473/1331/4881 2075/1347/4882
f 2075/1347/4883 1473/1331/4884 800/1346/4885 998/1362/4886
f 996/1363/4887 2075/1347/4888 998/1362/4889 897/1379/4890
f 897/1379/4891 998/1362/4892 2076/1378/4893 999/1392/4894
f 998/1362/4895 800/1346/4896 1474/1361/4897 2076/1378/4898
f 2076/1152/4899 1474/1153/4900 801/1114/4901 1001/1134/4902
f 999/1165/4903 2076/1152/4904 1001/1134/4905 898/1154/4906
f 898/1154/4907 1001/1134/4908 2077/1116/4909 1002/1136/4910
f 1001/1134/4911 801/1114/4912 1475/1096/4913 2077/1116/4914
f 2077/1116/4915 1475/1096/4916 802/1075/4917 1004/1098/4918
f 1002/1136/4919 2077/1116/4920 1004/1098/4921 899/1118/4922
f 899/1118/4923 1004/1098/4924 2078/1077/4925 1005/1100/4926
f 1004/1098/4927 802/1075/4928 1476/1049/4929 2078/1077/4930
f 2078/1077/4931 1476/1049/4932 803/1025/4933 1007/1051/4934
f 1005/1100/4935 2078/1077/4936 1007/1051/4937 900/1079/4938
f 900/1079/4939 1007/1051/4940 2079/1027/4941 1008/1053/4942
f 1007/1051/4943 803/1025/4944 1477/1000/4945 2079/1027/4946
f 2079/1027/4947 1477/1000/4948 804/974/4949 1010/1002/4950
f 1008/1053/4951 2079/1027/4952 1010/1002/4953 901/1029/4954
f 901/1029/4955 1010/1002/4956 2080/976/4957 1011/1004/4958
f 1010/1002/4959 804/974/4960 1478/950/4961 2080/976/4962
f 2080/976/4963 1478/950/4964 805/939/4965 1013/963/4966
f 1011/1004/4967 2080/976/4968 1013/963/4969 902/989/4970
f 902/989/4971 1013/963/4972 2081/964/4973 1014/990/4974
f 1013/963/4975 805/939/4976 1479/940/4977 2081/964/4978
f 2081/964/4979 1479/940/4980 806/962/4981 1016/988/4982
f 1014/990/4983 2081/964/4984 1016/988/4985 903/1015/4986
f 903/1015/4987 1016/988/4988 2082/1014/4989 1017/1039/4990
f 1016/988/4991 806/962/4992 1480/987/4993 2082/1014/4994
f 2082/1014/4995 1480/987/4996 807/1013/4997 1019/1038/4998
f 1017/1039/4999 2082/1014/5000 1019/1038/5001 904/1065/5002
f 904/1065/5003 1019/1038/5004 2083/1064/5005 1020/1088/5006
f 1019/1038/5007 807/1013/5008 1481/1063/5009 2083/1064/5010
f 2083/1595/5011 1481/1577/5012 808/1564/5013 1022/1578/5014
f 1020/1607/5015 2083/1595/5016 1022/1578/5017 905/1596/5018
f 905/1596/5019 1022/1578/5020 2084/1566/5021 1023/1580/5022
f 1022/1578/5023 808/1564/5024 1482/1549/5025 2084/1566/5026
f 2084/1566/5027 1482/1549/5028 809/1533/5029 1025/1551/5030
f 1023/1580/5031 2084/1566/5032 1025/1551/5033 906/1568/5034
f 906/1568/5035 1025/1551/5036 2085/1535/5037 1026/1553/5038
f 1025/1551/5039 809/1533/5040 1483/1514/5041 2085/1535/5042
f 2085/1535/5043 1483/1514/5044 810/1497/5045 1028/1516/5046
f 1026/1553/5047 2085/1535/5048 1028/1516/5049 907/1537/5050
f 907/1537/5051 1028/1516/5052 2086/1499/5053 1029/1518/5054
f 1028/1516/5055 810/1497/5056 1484/1480/5057 2086/1499/5058
f 2086/1499/5059 1484/1480/5060 811/1469/5061 1031/1486/5062
f 1029/1518/5063 2086/1499/5064 1031/1486/5065 908/1505/5066
f 908/1505/5067 1031/1486/5068 2087/1487/5069 1032/1506/5070
f 1031/1486/5071 811/1469/5072 1485/1470/5073 2087/1487/5074
f 2087/1487/5075 1485/1470/5076 812/1485/5077 1034/1504/5078
f 1032/1506/5079 2087/1487/5080 1034/1504/5081 909/1527/5082
f 909/1527/5083 1034/1504/5084 2088/1526/5085 1035/1543/5086
f 1034/1504/5087 812/1485/5088 1486/1503/5089 2088/1526/5090
f 2088/830/5091 1486/831/5092 813/792/5093 1037/812/5094
f 1035/843/5095 2088/830/5096 1037/812/5097 910/832/5098
f 910/832/5099 1037/812/5100 2089/794/5101 1038/814/5102
f 1037/812/5103 813/792/5104 1487/774/5105 2089/794/5106
f 2089/794/5107 1487/774/5108 814/753/5109 1040/776/5110
f 1038/814/5111 2089/794/5112 1040/776/5113 911/796/5114
f 911/796/5115 1040/776/5116 2090/755/5117 1041/778/5118
f 1040/776/5119 814/753/5120 1488/727/5121 2090/755/5122
f 2090/755/5123 1488/727/5124 815/703/5125 1043/729/5126
f 1041/778/5127 2090/755/5128 1043/729/5129 912/757/5130
f 912/757/5131 1043/729/5132 2091/705/5133 1044/731/5134
f 1043/729/5135 815/703/5136 1489/678/5137 2091/705/5138
f 2091/705/5139 1489/678/5140 816/652/5141 1046/680/5142
f 1044/731/5143 2091/705/5144 1046/680/5145 913/707/5146
f 913/707/5147 1046/680/5148 2092/654/5149 1047/682/5150
f 1046/680/5151 816/652/5152 1490/628/5153 2092/654/5154
f 2092/654/5155 1490/628/5156 817/617/5157 1049/641/5158
f 1047/682/5159 2092/654/5160 1049/641/5161 914/667/5162
f 914/667/5163 1049/641/5164 2093/642/5165 1050/668/5166
f 1049/641/5167 817/617/5168 1491/618/5169 2093/642/5170
f 2093/642/5171 1491/618/5172 818/640/5173 1052/666/5174
f 1050/668/5175 2093/642/5176 1052/666/5177 915/693/5178
f 915/693/5179 1052/666/5180 2094/692/5181 1053/717/5182
f 1052/666/5183 818/640/5184 1492/665/5185 2094/692/5186
f 2094/692/5187 1492/665/5188 819/691/5189 1055/716/5190
f 1053/717/5191 2094/692/5192 1055/716/5193 916/743/5194
f 916/743/5195 1055/716/5196 2095/742/5197 1056/766/5198
f 1055/716/5199 819/691/5200 1493/741/5201 2095/742/5202
f 2095/1318/5203 1493/1297/5204 820/1279/5205 1058/1298/5206
f 1056/1336/5207 2095/1318/5208 1058/1298/5209 917/1319/5210
f 917/1319/5211 1058/1298/5212 2096/1281/5213 1059/1300/5214
f 1058/1298/5215 820/1279/5216 1494/1262/5217 2096/1281/5218
f 2096/1281/5219 1494/1262/5220 821/1255/5221 1061/1275/5222
f 1059/1300/5223 2096/1281/5224 1061/1275/5225 918/1294/5226
f 918/1294/5227 1061/1275/5228 2097/1276/5229 1062/1295/5230
f 1061/1275/5231 821/1255/5232 1495/1256/5233 2097/1276/5234
f 2097/1276/5235 1495/1256/5236 822/1274/5237 1471/1293/5238
f 1062/1295/5239 2097/1276/5240 1471/1293/5241 895/1312/5242
f 680/1696/5243 1496/1682/5244 2098/1669/5245 1520/1681/5246
f 1496/1682/5247 679/1670/5248 1521/1659/5249 2098/1669/5250
f 2098/1669/5251 1521/1659/5252 823/1650/5253 1208/1658/5254
f 1520/1681/5255 2098/1669/5256 1208/1658/5257 824/1668/5258
f 679/1670/5259 1497/1660/5260 2099/1651/5261 1521/1659/5262
f 1497/1660/5263 681/1652/5264 1522/1645/5265 2099/1651/5266
f 2099/1651/5267 1522/1645/5268 825/1641/5269 1209/1644/5270
f 1521/1659/5271 2099/1651/5272 1209/1644/5273 823/1650/5274
f 681/1652/5275 1498/1653/5276 2100/1646/5277 1522/1645/5278
f 1498/1653/5279 682/1663/5280 1523/1654/5281 2100/1646/5282
f 2100/1646/5283 1523/1654/5284 826/1648/5285 1210/1642/5286
f 1522/1645/5287 2100/1646/5288 1210/1642/5289 825/1641/5290
f 682/1663/5291 1499/1675/5292 2101/1664/5293 1523/1654/5294
f 1499/1675/5295 683/1689/5296 1524/1676/5297 2101/1664/5298
f 2101/1664/5299 1524/1676/5300 827/1666/5301 1211/1656/5302
f 1523/1654/5303 2101/1664/5304 1211/1656/5305 826/1648/5306
f 683/1689/5307 1500/1705/5308 2102/1690/5309 1524/1676/5310
f 1500/1705/5311 684/1723/5312 1525/1706/5313 2102/1690/5314
f 2102/1690/5315 1525/1706/5316 828/1692/5317 1212/1678/5318
f 1524/1676/5319 2102/1690/5320 1212/1678/5321 827/1666/5322
f 684/1723/5323 1501/1743/5324 2103/1724/5325 1525/1706/5326
f 1501/1743/5327 685/1765/5328 1526/1744/5329 2103/1724/5330
f 2103/1724/5331 1526/1744/5332 829/1726/5333 1213/1708/5334
f 1525/1706/5335 2103/1724/5336 1213/1708/5337 828/1692/5338
f 685/1765/5339 1502/1789/5340 2104/1766/5341 1526/1744/5342
f 1502/1789/5343 686/1815/5344 1527/1790/5345 2104/1766/5346
f 2104/1766/5347 1527/1790/5348 830/1768/5349 1214/1746/5350
f 1526/1744/5351 2104/1766/5352 1214/1746/5353 829/1726/5354
f 686/1815/5355 1503/1843/5356 2105/1816/5357 1527/1790/5358
f 1503/1843/5359 687/1873/5360 1528/1844/5361 2105/1816/5362
f 2105/1816/5363 1528/1844/5364 831/1818/5365 1215/1792/5366
f 1527/1790/5367 2105/1816/5368 1215/1792/5369 830/1768/5370
f 687/1873/5371 1504/1904/5372 2106/1874/5373 1528/1844/5374
f 1504/1904/5375 688/1935/5376 1529/1905/5377 2106/1874/5378
f 2106/1874/5379 1529/1905/5380 832/1876/5381 1216/1846/5382
f 1528/1844/5383 2106/1874/5384 1216/1846/5385 831/1818/5386
f 688/1935/5387 1505/1967/5388 2107/1936/5389 1529/1905/5390
f 1505/1967/5391 689/1999/5392 1530/1968/5393 2107/1936/5394
f 2107/1936/5395 1530/1968/5396 833/1938/5397 1217/1907/5398
f 1529/1905/5399 2107/1936/5400 1217/1907/5401 832/1876/5402
f 689/1999/5403 1506/2032/5404 2108/2000/5405 1530/1968/5406
f 1506/2032/5407 690/2066/5408 1531/2033/5409 2108/2000/5410
f 2108/2000/5411 1531/2033/5412 834/2002/5413 1218/1970/5414
f 1530/1968/5415 2108/2000/5416 1218/1970/5417 833/1938/5418
f 690/2066/5419 1507/2100/5420 2109/2067/5421 1531/2033/5422
f 1507/2100/5423 691/2135/5424 1532/2101/5425 2109/2067/5426
f 2109/2067/5427 1532/2101/5428 835/2069/5429 1219/2035/5430
f 1531/2033/5431 2109/2067/5432 1219/2035/5433 834/2002/5434
f 691/2135/5435 1508/2171/5436 2110/2136/5437 1532/2101/5438
f 1508/2171/5439 692/2207/5440 1533/2172/5441 2110/2136/5442
f 2110/2136/5443 1533/2172/5444 836/2138/5445 1220/2103/5446
f 1532/2101/5447 2110/2136/5448 1220/2103/5449 835/2069/5450
f 692/2207/5451 1509/2242/5452 2111/2208/5453 1533/2172/5454
f 1509/2242/5455 693/2275/5456 1534/2243/5457 2111/2208/5458
f 2111/2208/5459 1534/2243/5460 837/2210/5461 1221/2174/5462
f 1533/2172/5463 2111/2208/5464 1221/2174/5465 836/2138/5466
f 693/2275/5467 1510/2244/5468 2112/2211/5469 1534/2243/5470
f 1510/2244/5471 694/2212/5472 1535/2177/5473 2112/2211/5474
f 2112/2211/5475 1535/2177/5476 838/2140/5477 1222/2176/5478
f 1534/2243/5479 2112/2211/5480 1222/2176/5481 837/2210/5482
f 694/2212/5483 1511/2178/5484 2113/2141/5485 1535/2177/5486
f 1511/2178/5487 695/2142/5488 1536/2106/5489 2113/2141/5490
f 2113/2141/5491 1536/2106/5492 839/2071/5493 1223/2105/5494
f 1535/2177/5495 2113/2141/5496 1223/2105/5497 838/2140/5498
f 695/2142/5499 1512/2107/5500 2114/2072/5501 1536/2106/5502
f 1512/2107/5503 696/2073/5504 1537/2038/5505 2114/2072/5506
f 2114/2072/5507 1537/2038/5508 840/2004/5509 1224/2037/5510
f 1536/2106/5511 2114/2072/5512 1224/2037/5513 839/2071/5514
f 696/2073/5515 1513/2039/5516 2115/2005/5517 1537/2038/5518
f 1513/2039/5519 697/2006/5520 1538/1973/5521 2115/2005/5522
f 2115/2005/5523 1538/1973/5524 841/1940/5525 1225/1972/5526
f 1537/2038/5527 2115/2005/5528 1225/1972/5529 840/2004/5530
f 697/2006/5531 1514/1974/5532 2116/1941/5533 1538/1973/5534
f 1514/1974/5535 698/1942/5536 1539/1910/5537 2116/1941/5538
f 2116/1941/5539 1539/1910/5540 842/1878/5541 1226/1909/5542
f 1538/1973/5543 2116/1941/5544 1226/1909/5545 841/1940/5546
f 698/1942/5547 1515/1911/5548 2117/1879/5549 1539/1910/5550
f 1515/1911/5551 699/1880/5552 1540/1849/5553 2117/1879/5554
f 2117/1879/5555 1540/1849/5556 843/1820/5557 1227/1848/5558
f 1539/1910/5559 2117/1879/5560 1227/1848/5561 842/1878/5562
f 699/1880/5563 1516/1850/5564 2118/1821/5565 1540/1849/5566
f 1516/1850/5567 700/1822/5568 1541/1795/5569 2118/1821/5570
f 2118/1821/5571 1541/1795/5572 844/1770/5573 1228/1794/5574
f 1540/1849/5575 2118/1821/5576 1228/1794/5577 843/1820/5578
f 700/1822/5579 1517/1796/5580 2119/1771/5581 1541/1795/5582
f 1517/1796/5583 701/1772/5584 1542/1749/5585 2119/1771/5586
f 2119/1771/5587 1542/1749/5588 845/1728/5589 1229/1748/5590
f 1541/1795/5591 2119/1771/5592 1229/1748/5593 844/1770/5594
f 701/1772/5595 1518/1750/5596 2120/1729/5597 1542/1749/5598
f 1518/1750/5599 702/1730/5600 1543/1711/5601 2120/1729/5602
f 2120/1729/5603 1543/1711/5604 846/1694/5605 1230/1710/5606
f 1542/1749/5607 2120/1729/5608 1230/1710/5609 845/1728/5610
f 702/1730/5611 1519/1712/5612 2121/1695/5613 1543/1711/5614
f 1519/1712/5615 680/1696/5616 1520/1681/5617 2121/1695/5618
f 2121/1695/5619 1520/1681/5620 824/1668/5621 1231/1680/5622
f 1543/1711/5623 2121/1695/5624 1231/1680/5625 846/1694/5626
f 851/1721/5627 1547/1703/5628 2122/1720/5629 1617/1740/5630
f 1547/1703/5631 850/1687/5632 1616/1702/5633 2122/1720/5634
f 2122/1720/5635 1616/1702/5636 874/1719/5637 1595/1739/5638
f 1617/1740/5639 2122/1720/5640 1595/1739/5641 875/1761/5642
f 687/1873/5643 1503/1843/5644 2123/1872/5645 1571/1903/5646
f 1503/1843/5647 686/1815/5648 1570/1842/5649 2123/1872/5650
f 2123/1872/5651 1570/1842/5652 854/1871/5653 1551/1902/5654
f 1571/1903/5655 2123/1872/5656 1551/1902/5657 855/1933/5658
f 702/1730/5659 1518/1750/5660 2124/1773/5661 1573/1751/5662
f 1518/1750/5663 701/1772/5664 1572/1797/5665 2124/1773/5666
f 2124/1773/5667 1572/1797/5668 869/1824/5669 1566/1798/5670
f 1573/1751/5671 2124/1773/5672 1566/1798/5673 870/1774/5674
f 679/1670/5675 1496/1682/5676 2125/1697/5677 1575/1683/5678
f 1496/1682/5679 680/1696/5680 1574/1713/5681 2125/1697/5682
f 2125/1697/5683 1574/1713/5684 848/1732/5685 1544/1714/5686
f 1575/1683/5687 2125/1697/5688 1544/1714/5689 847/1698/5690
f 695/2142/5691 1511/2178/5692 2126/2213/5693 1576/2179/5694
f 1511/2178/5695 694/2212/5696 1569/2245/5697 2126/2213/5698
f 2126/2213/5699 1569/2245/5700 862/2277/5701 1559/2246/5702
f 1576/2179/5703 2126/2213/5704 1559/2246/5705 863/2214/5706
f 688/1935/5707 1504/1904/5708 2127/1934/5709 1577/1966/5710
f 1504/1904/5711 687/1873/5712 1571/1903/5713 2127/1934/5714
f 2127/1934/5715 1571/1903/5716 855/1933/5717 1552/1965/5718
f 1577/1966/5719 2127/1934/5720 1552/1965/5721 856/1997/5722
f 680/1696/5723 1519/1712/5724 2128/1731/5725 1574/1713/5726
f 1519/1712/5727 702/1730/5728 1573/1751/5729 2128/1731/5730
f 2128/1731/5731 1573/1751/5732 870/1774/5733 1567/1752/5734
f 1574/1713/5735 2128/1731/5736 1567/1752/5737 848/1732/5738
f 681/1652/5739 1497/1660/5740 2129/1671/5741 1578/1661/5742
f 1497/1660/5743 679/1670/5744 1575/1683/5745 2129/1671/5746
f 2129/1671/5747 1575/1683/5748 847/1698/5749 1545/1684/5750
f 1578/1661/5751 2129/1671/5752 1545/1684/5753 849/1672/5754
f 696/2073/5755 1512/2107/5756 2130/2143/5757 1579/2108/5758
f 1512/2107/5759 695/2142/5760 1576/2179/5761 2130/2143/5762
f 2130/2143/5763 1576/2179/5764 863/2214/5765 1560/2180/5766
f 1579/2108/5767 2130/2143/5768 1560/2180/5769 864/2144/5770
f 689/1999/5771 1505/1967/5772 2131/1998/5773 1580/2031/5774
f 1505/1967/5775 688/1935/5776 1577/1966/5777 2131/1998/5778
f 2131/1998/5779 1577/1966/5780 856/1997/5781 1553/2030/5782
f 1580/2031/5783 2131/1998/5784 1553/2030/5785 857/2064/5786
f 682/1663/5787 1498/1653/5788 2132/1662/5789 1581/1674/5790
f 1498/1653/5791 681/1652/5792 1578/1661/5793 2132/1662/5794
f 2132/1662/5795 1578/1661/5796 849/1672/5797 1546/1673/5798
f 1581/1674/5799 2132/1662/5800 1546/1673/5801 850/1687/5802
f 697/2006/5803 1513/2039/5804 2133/2074/5805 1582/2040/5806
f 1513/2039/5807 696/2073/5808 1579/2108/5809 2133/2074/5810
f 2133/2074/5811 1579/2108/5812 864/2144/5813 1561/2109/5814
f 1582/2040/5815 2133/2074/5816 1561/2109/5817 865/2075/5818
f 690/2066/5819 1506/2032/5820 2134/2065/5821 1583/2099/5822
f 1506/2032/5823 689/1999/5824 1580/2031/5825 2134/2065/5826
f 2134/2065/5827 1580/2031/5828 857/2064/5829 1554/2098/5830
f 1583/2099/5831 2134/2065/5832 1554/2098/5833 858/2133/5834
f 683/1689/5835 1499/1675/5836 2135/1688/5837 1584/1704/5838
f 1499/1675/5839 682/1663/5840 1581/1674/5841 2135/1688/5842
f 2135/1688/5843 1581/1674/5844 850/1687/5845 1547/1703/5846
f 1584/1704/5847 2135/1688/5848 1547/1703/5849 851/1721/5850
f 698/1942/5851 1514/1974/5852 2136/2007/5853 1585/1975/5854
f 1514/1974/5855 697/2006/5856 1582/2040/5857 2136/2007/5858
f 2136/2007/5859 1582/2040/5860 865/2075/5861 1562/2041/5862
f 1585/1975/5863 2136/2007/5864 1562/2041/5865 866/2008/5866
f 691/2135/5867 1507/2100/5868 2137/2134/5869 1586/2170/5870
f 1507/2100/5871 690/2066/5872 1583/2099/5873 2137/2134/5874
f 2137/2134/5875 1583/2099/5876 858/2133/5877 1555/2169/5878
f 1586/2170/5879 2137/2134/5880 1555/2169/5881 859/2205/5882
f 684/1723/5883 1500/1705/5884 2138/1722/5885 1587/1742/5886
f 1500/1705/5887 683/1689/5888 1584/1704/5889 2138/1722/5890
f 2138/1722/5891 1584/1704/5892 851/1721/5893 1548/1741/5894
f 1587/1742/5895 2138/1722/5896 1548/1741/5897 852/1763/5898
f 699/1880/5899 1515/1911/5900 2139/1943/5901 1588/1912/5902
f 1515/1911/5903 698/1942/5904 1585/1975/5905 2139/1943/5906
f 2139/1943/5907 1585/1975/5908 866/2008/5909 1563/1976/5910
f 1588/1912/5911 2139/1943/5912 1563/1976/5913 867/1944/5914
f 692/2207/5915 1508/2171/5916 2140/2206/5917 1589/2241/5918
f 1508/2171/5919 691/2135/5920 1586/2170/5921 2140/2206/5922
f 2140/2206/5923 1586/2170/5924 859/2205/5925 1556/2240/5926
f 1589/2241/5927 2140/2206/5928 1556/2240/5929 860/2273/5930
f 685/1765/5931 1501/1743/5932 2141/1764/5933 1590/1788/5934
f 1501/1743/5935 684/1723/5936 1587/1742/5937 2141/1764/5938
f 2141/1764/5939 1587/1742/5940 852/1763/5941 1549/1787/5942
f 1590/1788/5943 2141/1764/5944 1549/1787/5945 853/1813/5946
f 700/1822/5947 1516/1850/5948 2142/1881/5949 1591/1851/5950
f 1516/1850/5951 699/1880/5952 1588/1912/5953 2142/1881/5954
f 2142/1881/5955 1588/1912/5956 867/1944/5957 1564/1913/5958
f 1591/1851/5959 2142/1881/5960 1564/1913/5961 868/1882/5962
f 693/2275/5963 1509/2242/5964 2143/2274/5965 1568/2302/5966
f 1509/2242/5967 692/2207/5968 1589/2241/5969 2143/2274/5970
f 2143/2274/5971 1589/2241/5972 860/2273/5973 1557/2301/5974
f 1568/2302/5975 2143/2274/5976 1557/2301/5977 861/2324/5978
f 686/1815/5979 1502/1789/5980 2144/1814/5981 1570/1842/5982
f 1502/1789/5983 685/1765/5984 1590/1788/5985 2144/1814/5986
f 2144/1814/5987 1590/1788/5988 853/1813/5989 1550/1841/5990
f 1570/1842/5991 2144/1814/5992 1550/1841/5993 854/1871/5994
f 701/1772/5995 1517/1796/5996 2145/1823/5997 1572/1797/5998
f 1517/1796/5999 700/1822/6000 1591/1851/6001 2145/1823/6002
f 2145/1823/6003 1591/1851/6004 868/1882/6005 1565/1852/6006
f 1572/1797/6007 2145/1823/6008 1565/1852/6009 869/1824/6010
f 882/2203/6011 1602/2167/6012 2146/2202/6013 1713/2237/6014
f 1602/2167/6015 881/2131/6016 1712/2166/6017 2146/2202/6018
f 2146/2202/6019 1712/2166/6020 929/2201/6021 1698/2236/6022
f 1713/2237/6023 2146/2202/6024 1698/2236/6025 930/2269/6026
f 866/2008/6027 1562/2041/6028 2147/2076/6029 1619/2042/6030
f 1562/2041/6031 865/2075/6032 1618/2110/6033 2147/2076/6034
f 2147/2076/6035 1618/2110/6036 889/2146/6037 1610/2111/6038
f 1619/2042/6039 2147/2076/6040 1610/2111/6041 890/2077/6042
f 859/2205/6043 1555/2169/6044 2148/2204/6045 1621/2239/6046
f 1555/2169/6047 858/2133/6048 1620/2168/6049 2148/2204/6050
f 2148/2204/6051 1620/2168/6052 882/2203/6053 1603/2238/6054
f 1621/2239/6055 2148/2204/6056 1603/2238/6057 883/2271/6058
f 852/1763/6059 1548/1741/6060 2149/1762/6061 1622/1786/6062
f 1548/1741/6063 851/1721/6064 1617/1740/6065 2149/1762/6066
f 2149/1762/6067 1617/1740/6068 875/1761/6069 1596/1785/6070
f 1622/1786/6071 2149/1762/6072 1596/1785/6073 876/1811/6074
f 867/1944/6075 1563/1976/6076 2150/2009/6077 1623/1977/6078
f 1563/1976/6079 866/2008/6080 1619/2042/6081 2150/2009/6082
f 2150/2009/6083 1619/2042/6084 890/2077/6085 1611/2043/6086
f 1623/1977/6087 2150/2009/6088 1611/2043/6089 891/2010/6090
f 860/2273/6091 1556/2240/6092 2151/2272/6093 1624/2300/6094
f 1556/2240/6095 859/2205/6096 1621/2239/6097 2151/2272/6098
f 2151/2272/6099 1621/2239/6100 883/2271/6101 1604/2299/6102
f 1624/2300/6103 2151/2272/6104 1604/2299/6105 884/2322/6106
f 853/1813/6107 1549/1787/6108 2152/1812/6109 1625/1840/6110
f 1549/1787/6111 852/1763/6112 1622/1786/6113 2152/1812/6114
f 2152/1812/6115 1622/1786/6116 876/1811/6117 1597/1839/6118
f 1625/1840/6119 2152/1812/6120 1597/1839/6121 877/1869/6122
f 868/1882/6123 1564/1913/6124 2153/1945/6125 1626/1914/6126
f 1564/1913/6127 867/1944/6128 1623/1977/6129 2153/1945/6130
f 2153/1945/6131 1623/1977/6132 891/2010/6133 1612/1978/6134
f 1626/1914/6135 2153/1945/6136 1612/1978/6137 892/1946/6138
f 861/2324/6139 1557/2301/6140 2154/2323/6141 1627/2341/6142
f 1557/2301/6143 860/2273/6144 1624/2300/6145 2154/2323/6146
f 2154/2323/6147 1624/2300/6148 884/2322/6149 1605/2340/6150
f 1627/2341/6151 2154/2323/6152 1605/2340/6153 885/2352/6154
f 854/1871/6155 1550/1841/6156 2155/1870/6157 1628/1901/6158
f 1550/1841/6159 853/1813/6160 1625/1840/6161 2155/1870/6162
f 2155/1870/6163 1625/1840/6164 877/1869/6165 1598/1900/6166
f 1628/1901/6167 2155/1870/6168 1598/1900/6169 878/1931/6170
f 869/1824/6171 1565/1852/6172 2156/1883/6173 1629/1853/6174
f 1565/1852/6175 868/1882/6176 1626/1914/6177 2156/1883/6178
f 2156/1883/6179 1626/1914/6180 892/1946/6181 1613/1915/6182
f 1629/1853/6183 2156/1883/6184 1613/1915/6185 893/1884/6186
f 862/2277/6187 1558/2303/6188 2157/2325/6189 1630/2304/6190
f 1558/2303/6191 861/2324/6192 1627/2341/6193 2157/2325/6194
f 2157/2325/6195 1627/2341/6196 885/2352/6197 1606/2342/6198
f 1630/2304/6199 2157/2325/6200 1606/2342/6201 886/2326/6202
f 855/1933/6203 1551/1902/6204 2158/1932/6205 1631/1964/6206
f 1551/1902/6207 854/1871/6208 1628/1901/6209 2158/1932/6210
f 2158/1932/6211 1628/1901/6212 878/1931/6213 1599/1963/6214
f 1631/1964/6215 2158/1932/6216 1599/1963/6217 879/1995/6218
f 870/1774/6219 1566/1798/6220 2159/1825/6221 1632/1799/6222
f 1566/1798/6223 869/1824/6224 1629/1853/6225 2159/1825/6226
f 2159/1825/6227 1629/1853/6228 893/1884/6229 1614/1854/6230
f 1632/1799/6231 2159/1825/6232 1614/1854/6233 894/1826/6234
f 847/1698/6235 1544/1714/6236 2160/1733/6237 1634/1715/6238
f 1544/1714/6239 848/1732/6240 1633/1753/6241 2160/1733/6242
f 2160/1733/6243 1633/1753/6244 872/1776/6245 1592/1754/6246
f 1634/1715/6247 2160/1733/6248 1592/1754/6249 871/1734/6250
f 863/2214/6251 1559/2246/6252 2161/2278/6253 1635/2247/6254
f 1559/2246/6255 862/2277/6256 1630/2304/6257 2161/2278/6258
f 2161/2278/6259 1630/2304/6260 886/2326/6261 1607/2305/6262
f 1635/2247/6263 2161/2278/6264 1607/2305/6265 887/2279/6266
f 856/1997/6267 1552/1965/6268 2162/1996/6269 1636/2029/6270
f 1552/1965/6271 855/1933/6272 1631/1964/6273 2162/1996/6274
f 2162/1996/6275 1631/1964/6276 879/1995/6277 1600/2028/6278
f 1636/2029/6279 2162/1996/6280 1600/2028/6281 880/2062/6282
f 848/1732/6283 1567/1752/6284 2163/1775/6285 1633/1753/6286
f 1567/1752/6287 870/1774/6288 1632/1799/6289 2163/1775/6290
f 2163/1775/6291 1632/1799/6292 894/1826/6293 1615/1800/6294
f 1633/1753/6295 2163/1775/6296 1615/1800/6297 872/1776/6298
f 849/1672/6299 1545/1684/6300 2164/1699/6301 1637/1685/6302
f 1545/1684/6303 847/1698/6304 1634/1715/6305 2164/1699/6306
f 2164/1699/6307 1634/1715/6308 871/1734/6309 1593/1716/6310
f 1637/1685/6311 2164/1699/6312 1593/1716/6313 873/1700/6314
f 864/2144/6315 1560/2180/6316 2165/2215/6317 1638/2181/6318
f 1560/2180/6319 863/2214/6320 1635/2247/6321 2165/2215/6322
f 2165/2215/6323 1635/2247/6324 887/2279/6325 1608/2248/6326
f 1638/2181/6327 2165/2215/6328 1608/2248/6329 888/2216/6330
f 857/2064/6331 1553/2030/6332 2166/2063/6333 1639/2097/6334
f 1553/2030/6335 856/1997/6336 1636/2029/6337 2166/2063/6338
f 2166/2063/6339 1636/2029/6340 880/2062/6341 1601/2096/6342
f 1639/2097/6343 2166/2063/6344 1601/2096/6345 881/2131/6346
f 850/1687/6347 1546/1673/6348 2167/1686/6349 1616/1702/6350
f 1546/1673/6351 849/1672/6352 1637/1685/6353 2167/1686/6354
f 2167/1686/6355 1637/1685/6356 873/1700/6357 1594/1701/6358
f 1616/1702/6359 2167/1686/6360 1594/1701/6361 874/1719/6362
f 865/2075/6363 1561/2109/6364 2168/2145/6365 1618/2110/6366
f 1561/2109/6367 864/2144/6368 1638/2181/6369 2168/2145/6370
f 2168/2145/6371 1638/2181/6372 888/2216/6373 1609/2182/6374
f 1618/2110/6375 2168/2145/6376 1609/2182/6377 889/2146/6378
f 858/2133/6379 1554/2098/6380 2169/2132/6381 1620/2168/6382
f 1554/2098/6383 857/2064/6384 1639/2097/6385 2169/2132/6386
f 2169/2132/6387 1639/2097/6388 881/2131/6389 1602/2167/6390
f 1620/2168/6391 2169/2132/6392 1602/2167/6393 882/2203/6394
f 561/2366/6395 1640/2361/6396 2170/2365/6397 1664/2373/6398
f 1640/2361/6399 559/2360/6400 1665/2364/6401 2170/2365/6402
f 2170/2365/6403 1665/2364/6404 895/2371/6405 992/2372/6406
f 1664/2373/6407 2170/2365/6408 992/2372/6409 896/2382/6410
f 563/2375/6411 1641/2367/6412 2171/2374/6413 1666/2384/6414
f 1641/2367/6415 561/2366/6416 1664/2373/6417 2171/2374/6418
f 2171/2374/6419 1664/2373/6420 896/2382/6421 996/2383/6422
f 1666/2384/6423 2171/2374/6424 996/2383/6425 897/2394/6426
f 565/2386/6427 1642/2376/6428 2172/2385/6429 1667/2396/6430
f 1642/2376/6431 563/2375/6432 1666/2384/6433 2172/2385/6434
f 2172/2385/6435 1666/2384/6436 897/2394/6437 999/2395/6438
f 1667/2396/6439 2172/2385/6440 999/2395/6441 898/2406/6442
f 567/2398/6443 1643/2387/6444 2173/2397/6445 1668/2408/6446
f 1643/2387/6447 565/2386/6448 1667/2396/6449 2173/2397/6450
f 2173/2397/6451 1667/2396/6452 898/2406/6453 1002/2407/6454
f 1668/2408/6455 2173/2397/6456 1002/2407/6457 899/2418/6458
f 569/2410/6459 1644/2399/6460 2174/2409/6461 1669/2420/6462
f 1644/2399/6463 567/2398/6464 1668/2408/6465 2174/2409/6466
f 2174/2409/6467 1668/2408/6468 899/2418/6469 1005/2419/6470
f 1669/2420/6471 2174/2409/6472 1005/2419/6473 900/2430/6474
f 571/2422/6475 1645/2411/6476 2175/2421/6477 1670/2432/6478
f 1645/2411/6479 569/2410/6480 1669/2420/6481 2175/2421/6482
f 2175/2421/6483 1669/2420/6484 900/2430/6485 1008/2431/6486
f 1670/2432/6487 2175/2421/6488 1008/2431/6489 901/2442/6490
f 573/2434/6491 1646/2423/6492 2176/2433/6493 1671/2444/6494
f 1646/2423/6495 571/2422/6496 1670/2432/6497 2176/2433/6498
f 2176/2433/6499 1670/2432/6500 901/2442/6501 1011/2443/6502
f 1671/2444/6503 2176/2433/6504 1011/2443/6505 902/2454/6506
f 575/2446/6507 1647/2435/6508 2177/2445/6509 1672/2456/6510
f 1647/2435/6511 573/2434/6512 1671/2444/6513 2177/2445/6514
f 2177/2445/6515 1671/2444/6516 902/2454/6517 1014/2455/6518
f 1672/2456/6519 2177/2445/6520 1014/2455/6521 903/2466/6522
f 577/2458/6523 1648/2447/6524 2178/2457/6525 1673/2468/6526
f 1648/2447/6527 575/2446/6528 1672/2456/6529 2178/2457/6530
f 2178/2457/6531 1672/2456/6532 903/2466/6533 1017/2467/6534
f 1673/2468/6535 2178/2457/6536 1017/2467/6537 904/2478/6538
f 579/2470/6539 1649/2459/6540 2179/2469/6541 1674/2480/6542
f 1649/2459/6543 577/2458/6544 1673/2468/6545 2179/2469/6546
f 2179/2469/6547 1673/2468/6548 904/2478/6549 1020/2479/6550
f 1674/2480/6551 2179/2469/6552 1020/2479/6553 905/2490/6554
f 581/2482/6555 1650/2471/6556 2180/2481/6557 1675/2492/6558
f 1650/2471/6559 579/2470/6560 1674/2480/6561 2180/2481/6562
f 2180/2481/6563 1674/2480/6564 905/2490/6565 1023/2491/6566
f 1675/2492/6567 2180/2481/6568 1023/2491/6569 906/2499/6570
f 583/2494/6571 1651/2483/6572 2181/2493/6573 1676/2501/6574
f 1651/2483/6575 581/2482/6576 1675/2492/6577 2181/2493/6578
f 2181/2493/6579 1675/2492/6580 906/2499/6581 1026/2500/6582
f 1676/2501/6583 2181/2493/6584 1026/2500/6585 907/2504/6586
f 585/2486/6587 1652/2487/6588 2182/2497/6589 1677/2496/6590
f 1652/2487/6591 583/2494/6592 1676/2501/6593 2182/2497/6594
f 2182/2497/6595 1676/2501/6596 907/2504/6597 1029/2503/6598
f 1677/2496/6599 2182/2497/6600 1029/2503/6601 908/2502/6602
f 587/2474/6603 1653/2475/6604 2183/2488/6605 1678/2485/6606
f 1653/2475/6607 585/2486/6608 1677/2496/6609 2183/2488/6610
f 2183/2488/6611 1677/2496/6612 908/2502/6613 1032/2498/6614
f 1678/2485/6615 2183/2488/6616 1032/2498/6617 909/2495/6618
f 589/2462/6619 1654/2463/6620 2184/2476/6621 1679/2473/6622
f 1654/2463/6623 587/2474/6624 1678/2485/6625 2184/2476/6626
f 2184/2476/6627 1678/2485/6628 909/2495/6629 1035/2489/6630
f 1679/2473/6631 2184/2476/6632 1035/2489/6633 910/2484/6634
f 591/2450/6635 1655/2451/6636 2185/2464/6637 1680/2461/6638
f 1655/2451/6639 589/2462/6640 1679/2473/6641 2185/2464/6642
f 2185/2464/6643 1679/2473/6644 910/2484/6645 1038/2477/6646
f 1680/2461/6647 2185/2464/6648 1038/2477/6649 911/2472/6650
f 593/2438/6651 1656/2439/6652 2186/2452/6653 1681/2449/6654
f 1656/2439/6655 591/2450/6656 1680/2461/6657 2186/2452/6658
f 2186/2452/6659 1680/2461/6660 911/2472/6661 1041/2465/6662
f 1681/2449/6663 2186/2452/6664 1041/2465/6665 912/2460/6666
f 595/2426/6667 1657/2427/6668 2187/2440/6669 1682/2437/6670
f 1657/2427/6671 593/2438/6672 1681/2449/6673 2187/2440/6674
f 2187/2440/6675 1681/2449/6676 912/2460/6677 1044/2453/6678
f 1682/2437/6679 2187/2440/6680 1044/2453/6681 913/2448/6682
f 597/2414/6683 1658/2415/6684 2188/2428/6685 1683/2425/6686
f 1658/2415/6687 595/2426/6688 1682/2437/6689 2188/2428/6690
f 2188/2428/6691 1682/2437/6692 913/2448/6693 1047/2441/6694
f 1683/2425/6695 2188/2428/6696 1047/2441/6697 914/2436/6698
f 599/2402/6699 1659/2403/6700 2189/2416/6701 1684/2413/6702
f 1659/2403/6703 597/2414/6704 1683/2425/6705 2189/2416/6706
f 2189/2416/6707 1683/2425/6708 914/2436/6709 1050/2429/6710
f 1684/2413/6711 2189/2416/6712 1050/2429/6713 915/2424/6714
f 601/2390/6715 1660/2391/6716 2190/2404/6717 1685/2401/6718
f 1660/2391/6719 599/2402/6720 1684/2413/6721 2190/2404/6722
f 2190/2404/6723 1684/2413/6724 915/2424/6725 1053/2417/6726
f 1685/2401/6727 2190/2404/6728 1053/2417/6729 916/2412/6730
f 603/2378/6731 1661/2379/6732 2191/2392/6733 1686/2389/6734
f 1661/2379/6735 601/2390/6736 1685/2401/6737 2191/2392/6738
f 2191/2392/6739 1685/2401/6740 916/2412/6741 1056/2405/6742
f 1686/2389/6743 2191/2392/6744 1056/2405/6745 917/2400/6746
f 605/2368/6747 1662/2369/6748 2192/2380/6749 1687/2377/6750
f 1662/2369/6751 603/2378/6752 1686/2389/6753 2192/2380/6754
f 2192/2380/6755 1686/2389/6756 917/2400/6757 1059/2393/6758
f 1687/2377/6759 2192/2380/6760 1059/2393/6761 918/2388/6762
f 559/2360/6763 1663/2363/6764 2193/2370/6765 1665/2364/6766
f 1663/2363/6767 605/2368/6768 1687/2377/6769 2193/2370/6770
f 2193/2370/6771 1687/2377/6772 918/2388/6773 1062/2381/6774
f 1665/2364/6775 2193/2370/6776 1062/2381/6777 895/2371/6778
f 923/1809/6779 1691/1783/6780 2194/1808/6781 1761/1836/6782
f 1691/1783/6783 922/1759/6784 1760/1782/6785 2194/1808/6786
f 2194/1808/6787 1760/1782/6788 946/1807/6789 1739/1835/6790
f 1761/1836/6791 2194/1808/6792 1739/1835/6793 947/1865/6794
f 875/1761/6795 1595/1739/6796 2195/1760/6797 1715/1784/6798
f 1595/1739/6799 874/1719/6800 1714/1738/6801 2195/1760/6802
f 2195/1760/6803 1714/1738/6804 922/1759/6805 1691/1783/6806
f 1715/1784/6807 2195/1760/6808 1691/1783/6809 923/1809/6810
f 890/2077/6811 1610/2111/6812 2196/2147/6813 1717/2112/6814
f 1610/2111/6815 889/2146/6816 1716/2183/6817 2196/2147/6818
f 2196/2147/6819 1716/2183/6820 937/2218/6821 1706/2184/6822
f 1717/2112/6823 2196/2147/6824 1706/2184/6825 938/2148/6826
f 883/2271/6827 1603/2238/6828 2197/2270/6829 1718/2298/6830
f 1603/2238/6831 882/2203/6832 1713/2237/6833 2197/2270/6834
f 2197/2270/6835 1713/2237/6836 930/2269/6837 1699/2297/6838
f 1718/2298/6839 2197/2270/6840 1699/2297/6841 931/2320/6842
f 876/1811/6843 1596/1785/6844 2198/1810/6845 1719/1838/6846
f 1596/1785/6847 875/1761/6848 1715/1784/6849 2198/1810/6850
f 2198/1810/6851 1715/1784/6852 923/1809/6853 1692/1837/6854
f 1719/1838/6855 2198/1810/6856 1692/1837/6857 924/1867/6858
f 891/2010/6859 1611/2043/6860 2199/2078/6861 1720/2044/6862
f 1611/2043/6863 890/2077/6864 1717/2112/6865 2199/2078/6866
f 2199/2078/6867 1717/2112/6868 938/2148/6869 1707/2113/6870
f 1720/2044/6871 2199/2078/6872 1707/2113/6873 939/2079/6874
f 884/2322/6875 1604/2299/6876 2200/2321/6877 1721/2339/6878
f 1604/2299/6879 883/2271/6880 1718/2298/6881 2200/2321/6882
f 2200/2321/6883 1718/2298/6884 931/2320/6885 1700/2338/6886
f 1721/2339/6887 2200/2321/6888 1700/2338/6889 932/2350/6890
f 877/1869/6891 1597/1839/6892 2201/1868/6893 1722/1899/6894
f 1597/1839/6895 876/1811/6896 1719/1838/6897 2201/1868/6898
f 2201/1868/6899 1719/1838/6900 924/1867/6901 1693/1898/6902
f 1722/1899/6903 2201/1868/6904 1693/1898/6905 925/1929/6906
f 892/1946/6907 1612/1978/6908 2202/2011/6909 1723/1979/6910
f 1612/1978/6911 891/2010/6912 1720/2044/6913 2202/2011/6914
f 2202/2011/6915 1720/2044/6916 939/2079/6917 1708/2045/6918
f 1723/1979/6919 2202/2011/6920 1708/2045/6921 940/2012/6922
f 885/2352/6923 1605/2340/6924 2203/2351/6925 1724/2358/6926
f 1605/2340/6927 884/2322/6928 1721/2339/6929 2203/2351/6930
f 2203/2351/6931 1721/2339/6932 932/2350/6933 1701/2357/6934
f 1724/2358/6935 2203/2351/6936 1701/2357/6937 933/2356/6938
f 878/1931/6939 1598/1900/6940 2204/1930/6941 1725/1962/6942
f 1598/1900/6943 877/1869/6944 1722/1899/6945 2204/1930/6946
f 2204/1930/6947 1722/1899/6948 925/1929/6949 1694/1961/6950
f 1725/1962/6951 2204/1930/6952 1694/1961/6953 926/1993/6954
f 893/1884/6955 1613/1915/6956 2205/1947/6957 1726/1916/6958
f 1613/1915/6959 892/1946/6960 1723/1979/6961 2205/1947/6962
f 2205/1947/6963 1723/1979/6964 940/2012/6965 1709/1980/6966
f 1726/1916/6967 2205/1947/6968 1709/1980/6969 941/1948/6970
f 886/2326/6971 1606/2342/6972 2206/2353/6973 1727/2343/6974
f 1606/2342/6975 885/2352/6976 1724/2358/6977 2206/2353/6978
f 2206/2353/6979 1724/2358/6980 933/2356/6981 1702/2359/6982
f 1727/2343/6983 2206/2353/6984 1702/2359/6985 934/2354/6986
f 879/1995/6987 1599/1963/6988 2207/1994/6989 1728/2027/6990
f 1599/1963/6991 878/1931/6992 1725/1962/6993 2207/1994/6994
f 2207/1994/6995 1725/1962/6996 926/1993/6997 1695/2026/6998
f 1728/2027/6999 2207/1994/7000 1695/2026/7001 927/2060/7002
f 894/1826/7003 1614/1854/7004 2208/1885/7005 1729/1855/7006
f 1614/1854/7007 893/1884/7008 1726/1916/7009 2208/1885/7010
f 2208/1885/7011 1726/1916/7012 941/1948/7013 1710/1917/7014
f 1729/1855/7015 2208/1885/7016 1710/1917/7017 942/1886/7018
f 871/1734/7019 1592/1754/7020 2209/1777/7021 1731/1755/7022
f 1592/1754/7023 872/1776/7024 1730/1801/7025 2209/1777/7026
f 2209/1777/7027 1730/1801/7028 920/1828/7029 1688/1802/7030
f 1731/1755/7031 2209/1777/7032 1688/1802/7033 919/1778/7034
f 887/2279/7035 1607/2305/7036 2210/2327/7037 1732/2306/7038
f 1607/2305/7039 886/2326/7040 1727/2343/7041 2210/2327/7042
f 2210/2327/7043 1727/2343/7044 934/2354/7045 1703/2344/7046
f 1732/2306/7047 2210/2327/7048 1703/2344/7049 935/2328/7050
f 880/2062/7051 1600/2028/7052 2211/2061/7053 1733/2095/7054
f 1600/2028/7055 879/1995/7056 1728/2027/7057 2211/2061/7058
f 2211/2061/7059 1728/2027/7060 927/2060/7061 1696/2094/7062
f 1733/2095/7063 2211/2061/7064 1696/2094/7065 928/2129/7066
f 872/1776/7067 1615/1800/7068 2212/1827/7069 1730/1801/7070
f 1615/1800/7071 894/1826/7072 1729/1855/7073 2212/1827/7074
f 2212/1827/7075 1729/1855/7076 942/1886/7077 1711/1856/7078
f 1730/1801/7079 2212/1827/7080 1711/1856/7081 920/1828/7082
f 873/1700/7083 1593/1716/7084 2213/1735/7085 1734/1717/7086
f 1593/1716/7087 871/1734/7088 1731/1755/7089 2213/1735/7090
f 2213/1735/7091 1731/1755/7092 919/1778/7093 1689/1756/7094
f 1734/1717/7095 2213/1735/7096 1689/1756/7097 921/1736/7098
f 888/2216/7099 1608/2248/7100 2214/2280/7101 1735/2249/7102
f 1608/2248/7103 887/2279/7104 1732/2306/7105 2214/2280/7106
f 2214/2280/7107 1732/2306/7108 935/2328/7109 1704/2307/7110
f 1735/2249/7111 2214/2280/7112 1704/2307/7113 936/2281/7114
f 881/2131/7115 1601/2096/7116 2215/2130/7117 1712/2166/7118
f 1601/2096/7119 880/2062/7120 1733/2095/7121 2215/2130/7122
f 2215/2130/7123 1733/2095/7124 928/2129/7125 1697/2165/7126
f 1712/2166/7127 2215/2130/7128 1697/2165/7129 929/2201/7130
f 874/1719/7131 1594/1701/7132 2216/1718/7133 1714/1738/7134
f 1594/1701/7135 873/1700/7136 1734/1717/7137 2216/1718/7138
f 2216/1718/7139 1734/1717/7140 921/1736/7141 1690/1737/7142
f 1714/1738/7143 2216/1718/7144 1690/1737/7145 922/1759/7146
f 889/2146/7147 1609/2182/7148 2217/2217/7149 1716/2183/7150
f 1609/2182/7151 888/2216/7152 1735/2249/7153 2217/2217/7154
f 2217/2217/7155 1735/2249/7156 936/2281/7157 1705/2250/7158
f 1716/2183/7159 2217/2217/7160 1705/2250/7161 937/2218/7162
f 958/2333/7163 1750/2346/7164 2218/2332/7165 1809/2313/7166
f 1750/2346/7167 957/2334/7168 1808/2314/7169 2218/2332/7170
f 2218/2332/7171 1808/2314/7172 981/2290/7173 1798/2312/7174
f 1809/2313/7175 2218/2332/7176 1798/2312/7177 982/2288/7178
f 938/2148/7179 1706/2184/7180 2219/2219/7181 1763/2185/7182
f 1706/2184/7183 937/2218/7184 1762/2251/7185 2219/2219/7186
f 2219/2219/7187 1762/2251/7188 961/2254/7189 1754/2252/7190
f 1763/2185/7191 2219/2219/7192 1754/2252/7193 962/2220/7194
f 931/2320/7195 1699/2297/7196 2220/2319/7197 1765/2318/7198
f 1699/2297/7199 930/2269/7200 1764/2296/7201 2220/2319/7202
f 2220/2319/7203 1764/2296/7204 954/2266/7205 1747/2295/7206
f 1765/2318/7207 2220/2319/7208 1747/2295/7209 955/2294/7210
f 924/1867/7211 1692/1837/7212 2221/1866/7213 1766/1897/7214
f 1692/1837/7215 923/1809/7216 1761/1836/7217 2221/1866/7218
f 2221/1866/7219 1761/1836/7220 947/1865/7221 1740/1896/7222
f 1766/1897/7223 2221/1866/7224 1740/1896/7225 948/1927/7226
f 939/2079/7227 1707/2113/7228 2222/2149/7229 1767/2114/7230
f 1707/2113/7231 938/2148/7232 1763/2185/7233 2222/2149/7234
f 2222/2149/7235 1763/2185/7236 962/2220/7237 1755/2186/7238
f 1767/2114/7239 2222/2149/7240 1755/2186/7241 963/2150/7242
f 932/2350/7243 1700/2338/7244 2223/2337/7245 1768/2336/7246
f 1700/2338/7247 931/2320/7248 1765/2318/7249 2223/2337/7250
f 2223/2337/7251 1765/2318/7252 955/2294/7253 1748/2317/7254
f 1768/2336/7255 2223/2337/7256 1748/2317/7257 956/2316/7258
f 925/1929/7259 1693/1898/7260 2224/1928/7261 1769/1960/7262
f 1693/1898/7263 924/1867/7264 1766/1897/7265 2224/1928/7266
f 2224/1928/7267 1766/1897/7268 948/1927/7269 1741/1959/7270
f 1769/1960/7271 2224/1928/7272 1741/1959/7273 949/1991/7274
f 940/2012/7275 1708/2045/7276 2225/2080/7277 1770/2046/7278
f 1708/2045/7279 939/2079/7280 1767/2114/7281 2225/2080/7282
f 2225/2080/7283 1767/2114/7284 963/2150/7285 1756/2115/7286
f 1770/2046/7287 2225/2080/7288 1756/2115/7289 964/2081/7290
f 933/2356/7291 1701/2357/7292 2226/2349/7293 1771/2348/7294
f 1701/2357/7295 932/2350/7296 1768/2336/7297 2226/2349/7298
f 2226/2349/7299 1768/2336/7300 956/2316/7301 1749/2335/7302
f 1771/2348/7303 2226/2349/7304 1749/2335/7305 957/2334/7306
f 926/1993/7307 1694/1961/7308 2227/1992/7309 1772/2025/7310
f 1694/1961/7311 925/1929/7312 1769/1960/7313 2227/1992/7314
f 2227/1992/7315 1769/1960/7316 949/1991/7317 1742/2024/7318
f 1772/2025/7319 2227/1992/7320 1742/2024/7321 950/2058/7322
f 941/1948/7323 1709/1980/7324 2228/2013/7325 1773/1981/7326
f 1709/1980/7327 940/2012/7328 1770/2046/7329 2228/2013/7330
f 2228/2013/7331 1770/2046/7332 964/2081/7333 1757/2047/7334
f 1773/1981/7335 2228/2013/7336 1757/2047/7337 965/2014/7338
f 934/2354/7339 1702/2359/7340 2229/2355/7341 1774/2347/7342
f 1702/2359/7343 933/2356/7344 1771/2348/7345 2229/2355/7346
f 2229/2355/7347 1771/2348/7348 957/2334/7349 1750/2346/7350
f 1774/2347/7351 2229/2355/7352 1750/2346/7353 958/2333/7354
f 927/2060/7355 1695/2026/7356 2230/2059/7357 1775/2093/7358
f 1695/2026/7359 926/1993/7360 1772/2025/7361 2230/2059/7362
f 2230/2059/7363 1772/2025/7364 950/2058/7365 1743/2092/7366
f 1775/2093/7367 2230/2059/7368 1743/2092/7369 951/2127/7370
f 942/1886/7371 1710/1917/7372 2231/1949/7373 1776/1918/7374
f 1710/1917/7375 941/1948/7376 1773/1981/7377 2231/1949/7378
f 2231/1949/7379 1773/1981/7380 965/2014/7381 1758/1982/7382
f 1776/1918/7383 2231/1949/7384 1758/1982/7385 966/1950/7386
f 919/1778/7387 1688/1802/7388 2232/1829/7389 1778/1803/7390
f 1688/1802/7391 920/1828/7392 1777/1857/7393 2232/1829/7394
f 2232/1829/7395 1777/1857/7396 944/1888/7397 1736/1858/7398
f 1778/1803/7399 2232/1829/7400 1736/1858/7401 943/1830/7402
f 935/2328/7403 1703/2344/7404 2233/2345/7405 1779/2331/7406
f 1703/2344/7407 934/2354/7408 1774/2347/7409 2233/2345/7410
f 2233/2345/7411 1774/2347/7412 958/2333/7413 1751/2330/7414
f 1779/2331/7415 2233/2345/7416 1751/2330/7417 959/2311/7418
f 928/2129/7419 1696/2094/7420 2234/2128/7421 1780/2164/7422
f 1696/2094/7423 927/2060/7424 1775/2093/7425 2234/2128/7426
f 2234/2128/7427 1775/2093/7428 951/2127/7429 1744/2163/7430
f 1780/2164/7431 2234/2128/7432 1744/2163/7433 952/2199/7434
f 920/1828/7435 1711/1856/7436 2235/1887/7437 1777/1857/7438
f 1711/1856/7439 942/1886/7440 1776/1918/7441 2235/1887/7442
f 2235/1887/7443 1776/1918/7444 966/1950/7445 1759/1919/7446
f 1777/1857/7447 2235/1887/7448 1759/1919/7449 944/1888/7450
f 921/1736/7451 1689/1756/7452 2236/1779/7453 1781/1757/7454
f 1689/1756/7455 919/1778/7456 1778/1803/7457 2236/1779/7458
f 2236/1779/7459 1778/1803/7460 943/1830/7461 1737/1804/7462
f 1781/1757/7463 2236/1779/7464 1737/1804/7465 945/1780/7466
f 936/2281/7467 1704/2307/7468 2237/2329/7469 1782/2308/7470
f 1704/2307/7471 935/2328/7472 1779/2331/7473 2237/2329/7474
f 2237/2329/7475 1779/2331/7476 959/2311/7477 1752/2309/7478
f 1782/2308/7479 2237/2329/7480 1752/2309/7481 960/2285/7482
f 929/2201/7483 1697/2165/7484 2238/2200/7485 1783/2235/7486
f 1697/2165/7487 928/2129/7488 1780/2164/7489 2238/2200/7490
f 2238/2200/7491 1780/2164/7492 952/2199/7493 1745/2234/7494
f 1783/2235/7495 2238/2200/7496 1745/2234/7497 953/2233/7498
f 922/1759/7499 1690/1737/7500 2239/1758/7501 1760/1782/7502
f 1690/1737/7503 921/1736/7504 1781/1757/7505 2239/1758/7506
f 2239/1758/7507 1781/1757/7508 945/1780/7509 1738/1781/7510
f 1760/1782/7511 2239/1758/7512 1738/1781/7513 946/1807/7514
f 937/2218/7515 1705/2250/7516 2240/2282/7517 1762/2251/7518
f 1705/2250/7519 936/2281/7520 1782/2308/7521 2240/2282/7522
f 2240/2282/7523 1782/2308/7524 960/2285/7525 1753/2283/7526
f 1762/2251/7527 2240/2282/7528 1753/2283/7529 961/2254/7530
f 930/2269/7531 1698/2236/7532 2241/2268/7533 1764/2296/7534
f 1698/2236/7535 929/2201/7536 1783/2235/7537 2241/2268/7538
f 2241/2268/7539 1783/2235/7540 953/2233/7541 1746/2267/7542
f 1764/2296/7543 2241/2268/7544 1746/2267/7545 954/2266/7546
f 971/1925/7547 1787/1894/7548 2242/1924/7549 1834/1923/7550
f 970/1863/7551 1833/1893/7552 2242/1924/7553 1787/1894/7554
f 991/1892/7555 1834/1923/7556 2242/1924/7557 1833/1893/7558
f 951/2127/7559 1743/2092/7560 2243/2126/7561 1811/2125/7562
f 1743/2092/7563 950/2058/7564 1810/2091/7565 2243/2126/7566
f 2243/2126/7567 1810/2091/7568 974/2055/7569 1791/2090/7570
f 1811/2125/7571 2243/2126/7572 1791/2090/7573 975/2089/7574
f 966/1950/7575 1758/1982/7576 2244/2015/7577 1813/1983/7578
f 1758/1982/7579 965/2014/7580 1812/2048/7581 2244/2015/7582
f 2244/2015/7583 1812/2048/7584 989/2050/7585 1806/2049/7586
f 1813/1983/7587 2244/2015/7588 1806/2049/7589 990/2016/7590
f 943/1830/7591 1736/1858/7592 2245/1889/7593 1815/1859/7594
f 1736/1858/7595 944/1888/7596 1814/1920/7597 2245/1889/7598
f 2245/1889/7599 1814/1920/7600 968/1952/7601 1784/1921/7602
f 1815/1859/7603 2245/1889/7604 1784/1921/7605 967/1890/7606
f 959/2311/7607 1751/2330/7608 2246/2310/7609 1816/2287/7610
f 1751/2330/7611 958/2333/7612 1809/2313/7613 2246/2310/7614
f 2246/2310/7615 1809/2313/7616 982/2288/7617 1799/2286/7618
f 1816/2287/7619 2246/2310/7620 1799/2286/7621 983/2257/7622
f 952/2199/7623 1744/2163/7624 2247/2162/7625 1817/2161/7626
f 1744/2163/7627 951/2127/7628 1811/2125/7629 2247/2162/7630
f 2247/2162/7631 1811/2125/7632 975/2089/7633 1792/2124/7634
f 1817/2161/7635 2247/2162/7636 1792/2124/7637 976/2123/7638
f 944/1888/7639 1759/1919/7640 2248/1951/7641 1814/1920/7642
f 1759/1919/7643 966/1950/7644 1813/1983/7645 2248/1951/7646
f 2248/1951/7647 1813/1983/7648 990/2016/7649 1807/1984/7650
f 1814/1920/7651 2248/1951/7652 1807/1984/7653 968/1952/7654
f 945/1780/7655 1737/1804/7656 2249/1831/7657 1818/1805/7658
f 1737/1804/7659 943/1830/7660 1815/1859/7661 2249/1831/7662
f 2249/1831/7663 1815/1859/7664 967/1890/7665 1785/1860/7666
f 1818/1805/7667 2249/1831/7668 1785/1860/7669 969/1832/7670
f 960/2285/7671 1752/2309/7672 2250/2284/7673 1819/2256/7674
f 1752/2309/7675 959/2311/7676 1816/2287/7677 2250/2284/7678
f 2250/2284/7679 1816/2287/7680 983/2257/7681 1800/2255/7682
f 1819/2256/7683 2250/2284/7684 1800/2255/7685 984/2224/7686
f 953/2233/7687 1745/2234/7688 2251/2198/7689 1820/2197/7690
f 1745/2234/7691 952/2199/7692 1817/2161/7693 2251/2198/7694
f 2251/2198/7695 1817/2161/7696 976/2123/7697 1793/2160/7698
f 1820/2197/7699 2251/2198/7700 1793/2160/7701 977/2159/7702
f 946/1807/7703 1738/1781/7704 2252/1806/7705 1821/1834/7706
f 1738/1781/7707 945/1780/7708 1818/1805/7709 2252/1806/7710
f 2252/1806/7711 1818/1805/7712 969/1832/7713 1786/1833/7714
f 1821/1834/7715 2252/1806/7716 1786/1833/7717 970/1863/7718
f 961/2254/7719 1753/2283/7720 2253/2253/7721 1822/2223/7722
f 1753/2283/7723 960/2285/7724 1819/2256/7725 2253/2253/7726
f 2253/2253/7727 1819/2256/7728 984/2224/7729 1801/2222/7730
f 1822/2223/7731 2253/2253/7732 1801/2222/7733 985/2190/7734
f 954/2266/7735 1746/2267/7736 2254/2232/7737 1823/2231/7738
f 1746/2267/7739 953/2233/7740 1820/2197/7741 2254/2232/7742
f 2254/2232/7743 1820/2197/7744 977/2159/7745 1794/2196/7746
f 1823/2231/7747 2254/2232/7748 1794/2196/7749 978/2195/7750
f 947/1865/7751 1739/1835/7752 2255/1864/7753 1824/1895/7754
f 1739/1835/7755 946/1807/7756 1821/1834/7757 2255/1864/7758
f 2255/1864/7759 1821/1834/7760 970/1863/7761 1787/1894/7762
f 1824/1895/7763 2255/1864/7764 1787/1894/7765 971/1925/7766
f 962/2220/7767 1754/2252/7768 2256/2221/7769 1825/2189/7770
f 1754/2252/7771 961/2254/7772 1822/2223/7773 2256/2221/7774
f 2256/2221/7775 1822/2223/7776 985/2190/7777 1802/2188/7778
f 1825/2189/7779 2256/2221/7780 1802/2188/7781 986/2154/7782
f 955/2294/7783 1747/2295/7784 2257/2265/7785 1826/2264/7786
f 1747/2295/7787 954/2266/7788 1823/2231/7789 2257/2265/7790
f 2257/2265/7791 1823/2231/7792 978/2195/7793 1795/2230/7794
f 1826/2264/7795 2257/2265/7796 1795/2230/7797 979/2229/7798
f 948/1927/7799 1740/1896/7800 2258/1926/7801 1827/1958/7802
f 1740/1896/7803 947/1865/7804 1824/1895/7805 2258/1926/7806
f 2258/1926/7807 1824/1895/7808 971/1925/7809 1788/1957/7810
f 1827/1958/7811 2258/1926/7812 1788/1957/7813 972/1989/7814
f 963/2150/7815 1755/2186/7816 2259/2187/7817 1828/2153/7818
f 1755/2186/7819 962/2220/7820 1825/2189/7821 2259/2187/7822
f 2259/2187/7823 1825/2189/7824 986/2154/7825 1803/2152/7826
f 1828/2153/7827 2259/2187/7828 1803/2152/7829 987/2118/7830
f 956/2316/7831 1748/2317/7832 2260/2293/7833 1829/2292/7834
f 1748/2317/7835 955/2294/7836 1826/2264/7837 2260/2293/7838
f 2260/2293/7839 1826/2264/7840 979/2229/7841 1796/2263/7842
f 1829/2292/7843 2260/2293/7844 1796/2263/7845 980/2262/7846
f 949/1991/7847 1741/1959/7848 2261/1990/7849 1830/2023/7850
f 1741/1959/7851 948/1927/7852 1827/1958/7853 2261/1990/7854
f 2261/1990/7855 1827/1958/7856 972/1989/7857 1789/2022/7858
f 1830/2023/7859 2261/1990/7860 1789/2022/7861 973/2021/7862
f 964/2081/7863 1756/2115/7864 2262/2151/7865 1831/2116/7866
f 1756/2115/7867 963/2150/7868 1828/2153/7869 2262/2151/7870
f 2262/2151/7871 1828/2153/7872 987/2118/7873 1804/2117/7874
f 1831/2116/7875 2262/2151/7876 1804/2117/7877 988/2084/7878
f 957/2334/7879 1749/2335/7880 2263/2315/7881 1808/2314/7882
f 1749/2335/7883 956/2316/7884 1829/2292/7885 2263/2315/7886
f 2263/2315/7887 1829/2292/7888 980/2262/7889 1797/2291/7890
f 1808/2314/7891 2263/2315/7892 1797/2291/7893 981/2290/7894
f 950/2058/7895 1742/2024/7896 2264/2057/7897 1810/2091/7898
f 1742/2024/7899 949/1991/7900 1830/2023/7901 2264/2057/7902
f 2264/2057/7903 1830/2023/7904 973/2021/7905 1790/2056/7906
f 1810/2091/7907 2264/2057/7908 1790/2056/7909 974/2055/7910
f 965/2014/7911 1757/2047/7912 2265/2082/7913 1812/2048/7914
f 1757/2047/7915 964/2081/7916 1831/2116/7917 2265/2082/7918
f 2265/2082/7919 1831/2116/7920 988/2084/7921 1805/2083/7922
f 1812/2048/7923 2265/2082/7924 1805/2083/7925 989/2050/7926
f 986/2154/7927 1802/2188/7928 2266/2155/7929 1836/2120/7930
f 985/2190/7931 1835/2156/7932 2266/2155/7933 1802/2188/7934
f 991/1892/7935 1836/2120/7936 2266/2155/7937 1835/2156/7938
f 979/2229/7939 1795/2230/7940 2267/2194/7941 1838/2193/7942
f 978/2195/7943 1837/2157/7944 2267/2194/7945 1795/2230/7946
f 991/1892/7947 1838/2193/7948 2267/2194/7949 1837/2157/7950
f 972/1989/7951 1788/1957/7952 2268/1956/7953 1839/1955/7954
f 971/1925/7955 1834/1923/7956 2268/1956/7957 1788/1957/7958
f 991/1892/7959 1839/1955/7960 2268/1956/7961 1834/1923/7962
f 987/2118/7963 1803/2152/7964 2269/2119/7965 1840/2086/7966
f 986/2154/7967 1836/2120/7968 2269/2119/7969 1803/2152/7970
f 991/1892/7971 1840/2086/7972 2269/2119/7973 1836/2120/7974
f 980/2262/7975 1796/2263/7976 2270/2228/7977 1841/2227/7978
f 979/2229/7979 1838/2193/7980 2270/2228/7981 1796/2263/7982
f 991/1892/7983 1841/2227/7984 2270/2228/7985 1838/2193/7986
f 973/2021/7987 1789/2022/7988 2271/1988/7989 1842/1987/7990
f 972/1989/7991 1839/1955/7992 2271/1988/7993 1789/2022/7994
f 991/1892/7995 1842/1987/7996 2271/1988/7997 1839/1955/7998
f 988/2084/7999 1804/2117/8000 2272/2085/8001 1843/2052/8002
f 987/2118/8003 1840/2086/8004 2272/2085/8005 1804/2117/8006
f 991/1892/8007 1843/2052/8008 2272/2085/8009 1840/2086/8010
f 981/2290/8011 1797/2291/8012 2273/2261/8013 1844/2260/8014
f 980/2262/8015 1841/2227/8016 2273/2261/8017 1797/2291/8018
f 991/1892/8019 1844/2260/8020 2273/2261/8021 1841/2227/8022
f 974/2055/8023 1790/2056/8024 2274/2020/8025 1845/2019/8026
f 973/2021/8027 1842/1987/8028 2274/2020/8029 1790/2056/8030
f 991/1892/8031 1845/2019/8032 2274/2020/8033 1842/1987/8034
f 989/2050/8035 1805/2083/8036 2275/2051/8037 1846/2018/8038
f 988/2084/8039 1843/2052/8040 2275/2051/8041 1805/2083/8042
f 991/1892/8043 1846/2018/8044 2275/2051/8045 1843/2052/8046
f 982/2288/8047 1798/2312/8048 2276/2289/8049 1847/2259/8050
f 981/2290/8051 1844/2260/8052 2276/2289/8053 1798/2312/8054
f 991/1892/8055 1847/2259/8056 2276/2289/8057 1844/2260/8058
f 975/2089/8059 1791/2090/8060 2277/2054/8061 1848/2053/8062
f 974/2055/8063 1845/2019/8064 2277/2054/8065 1791/2090/8066
f 991/1892/8067 1848/2053/8068 2277/2054/8069 1845/2019/8070
f 990/2016/8071 1806/2049/8072 2278/2017/8073 1849/1986/8074
f 989/2050/8075 1846/2018/8076 2278/2017/8077 1806/2049/8078
f 991/1892/8079 1849/1986/8080 2278/2017/8081 1846/2018/8082
f 967/1890/8083 1784/1921/8084 2279/1953/8085 1832/1922/8086
f 968/1952/8087 1850/1954/8088 2279/1953/8089 1784/1921/8090
f 991/1892/8091 1832/1922/8092 2279/1953/8093 1850/1954/8094
f 983/2257/8095 1799/2286/8096 2280/2258/8097 1851/2226/8098
f 982/2288/8099 1847/2259/8100 2280/2258/8101 1799/2286/8102
f 991/1892/8103 1851/2226/8104 2280/2258/8105 1847/2259/8106
f 976/2123/8107 1792/2124/8108 2281/2088/8109 1852/2087/8110
f 975/2089/8111 1848/2053/8112 2281/2088/8113 1792/2124/8114
f 991/1892/8115 1852/2087/8116 2281/2088/8117 1848/2053/8118
f 968/1952/8119 1807/1984/8120 2282/1985/8121 1850/1954/8122
f 990/2016/8123 1849/1986/8124 2282/1985/8125 1807/1984/8126
f 991/1892/8127 1850/1954/8128 2282/1985/8129 1849/1986/8130
f 969/1832/8131 1785/1860/8132 2283/1891/8133 1853/1861/8134
f 967/1890/8135 1832/1922/8136 2283/1891/8137 1785/1860/8138
f 991/1892/8139 1853/1861/8140 2283/1891/8141 1832/1922/8142
f 984/2224/8143 1800/2255/8144 2284/2225/8145 1854/2192/8146
f 983/2257/8147 1851/2226/8148 2284/2225/8149 1800/2255/8150
f 991/1892/8151 1854/2192/8152 2284/2225/8153 1851/2226/8154
f 977/2159/8155 1793/2160/8156 2285/2122/8157 1855/2121/8158
f 976/2123/8159 1852/2087/8160 2285/2122/8161 1793/2160/8162
f 991/1892/8163 1855/2121/8164 2285/2122/8165 1852/2087/8166
f 970/1863/8167 1786/1833/8168 2286/1862/8169 1833/1893/8170
f 969/1832/8171 1853/1861/8172 2286/1862/8173 1786/1833/8174
f 991/1892/8175 1833/1893/8176 2286/1862/8177 1853/1861/8178
f 985/2190/8179 1801/2222/8180 2287/2191/8181 1835/2156/8182
f 984/2224/8183 1854/2192/8184 2287/2191/8185 1801/2222/8186
f 991/1892/8187 1835/2156/8188 2287/2191/8189 1854/2192/8190
f 978/2195/8191 1794/2196/8192 2288/2158/8193 1837/2157/8194
f 977/2159/8195 1855/2121/8196 2288/2158/8197 1794/2196/8198
f 991/1892/8199 1837/2157/8200 2288/2158/8201 1855/2121/8202
