# This file uses centimeters as units for non-parametric coordinates.

mtllib Recepcion_Model.mtl
g default
v 11.676098 5.681155 14.667214
v 11.676098 5.554906 14.667214
v 11.676098 5.554906 -0.166912
v 11.676098 5.681155 -0.166912
v 10.413619 5.681155 14.667214
v 10.413619 5.554906 14.667214
v 10.413619 5.554906 -0.166912
v 10.413619 5.681155 -0.166912
v 10.918674 5.554906 1.098219
v 10.922272 5.554906 1.065457
v 10.934265 5.554906 1.034716
v 10.953771 5.554906 1.008204
v 10.979525 5.554906 0.987563
v 11.009699 5.554906 0.974307
v 11.042270 5.554906 0.969320
v 11.044858 5.554906 0.969636
v 11.075032 5.554906 0.972982
v 11.105710 5.554906 0.984912
v 11.132285 5.554906 1.004479
v 11.152863 5.554906 1.030171
v 11.166119 5.554906 1.060345
v 11.171106 5.554906 1.092917
v 11.171106 5.554906 4.880352
v 11.171106 5.554906 9.235924
v 11.170664 5.554906 13.415732
v 11.163532 5.554906 13.447907
v 11.148319 5.554906 13.477145
v 11.126036 5.554906 13.501441
v 11.098261 5.554906 13.519155
v 11.066827 5.554906 13.529065
v 11.044858 5.554906 13.530024
v 11.033875 5.554906 13.530504
v 11.001745 5.554906 13.523371
v 10.972455 5.554906 13.508158
v 10.948153 5.554906 13.485895
v 10.930479 5.554906 13.458094
v 10.920568 5.554906 13.426666
v 10.919115 5.554906 13.393740
v 10.918674 5.554906 9.241188
v 10.918674 5.554906 4.885655
v 10.923660 5.554906 1.130790
v 10.922272 5.554906 4.852895
v 10.934265 5.554906 4.822152
v 10.936917 5.554906 1.160964
v 10.923660 5.365535 1.130790
v 10.936917 5.365535 1.160964
v 10.934265 5.365535 4.822152
v 10.922272 5.365535 4.852895
v 10.918674 5.365535 1.098219
v 10.918674 5.365535 4.885655
v 10.918674 5.365535 9.241188
v 10.413619 5.365535 -0.166912
v 10.922272 5.365535 1.065457
v 10.934265 5.365535 1.034716
v 11.676098 5.365535 -0.166912
v 10.953771 5.365535 1.008204
v 11.123132 5.554906 1.193284
v 11.110255 5.554906 1.203573
v 11.080083 5.554906 1.216829
v 11.047511 5.554906 1.221815
v 11.014749 5.554906 1.218154
v 10.984070 5.554906 1.206224
v 10.957495 5.554906 1.186656
v 11.167508 5.554906 1.125678
v 11.155515 5.554906 1.156419
v 11.136010 5.554906 1.182931
v 11.132285 5.554906 4.791916
v 11.105710 5.554906 4.772347
v 11.075032 5.554906 4.760417
v 11.044858 5.554906 4.757072
v 11.042270 5.554906 4.756756
v 11.009699 5.554906 4.761743
v 10.979525 5.554906 4.774999
v 10.953771 5.554906 4.795640
v 10.953771 5.365535 4.795640
v 11.142575 5.365535 4.804730
v 11.132285 5.365535 4.791916
v 11.105710 5.365535 4.772347
v 11.075032 5.365535 4.760417
v 11.044858 5.365535 4.757072
v 11.042270 5.365535 4.756756
v 11.009699 5.365535 4.761743
v 10.979525 5.365535 4.774999
v 10.923660 5.365535 4.918228
v 10.936917 5.365535 4.948400
v 10.957495 5.365535 4.974092
v 10.984070 5.365535 4.993660
v 11.014749 5.365535 5.005591
v 11.044858 5.365535 5.008937
v 11.047511 5.365535 5.009252
v 11.080083 5.365535 5.004265
v 11.110255 5.365535 4.991009
v 11.136010 5.365535 4.970368
v 11.155515 5.365535 4.943856
v 11.167508 5.365535 4.913114
v 11.171106 5.365535 4.880352
v 11.166119 5.365535 4.847781
v 11.152863 5.365535 4.817607
v 11.136010 5.365535 1.182931
v 11.110255 5.365535 1.203573
v 11.080083 5.365535 1.216829
v 11.047511 5.365535 1.221815
v 11.044858 5.365535 1.221501
v 11.014749 5.365535 1.218154
v 10.984070 5.365535 1.206224
v 10.957495 5.365535 1.186656
v 11.155515 5.365535 1.156419
v 11.142575 5.554906 4.804730
v 11.152863 5.554906 4.817607
v 10.923660 5.554906 4.918228
v 10.936917 5.554906 4.948400
v 10.957495 5.554906 4.974092
v 10.984070 5.554906 4.993660
v 11.014749 5.554906 5.005591
v 11.044858 5.554906 5.008937
v 11.047511 5.554906 5.009252
v 11.080083 5.554906 5.004265
v 11.110255 5.554906 4.991009
v 11.123132 5.554906 4.980720
v 11.136010 5.554906 4.970368
v 11.155515 5.554906 4.943856
v 11.167508 5.554906 4.913114
v 11.166119 5.554906 4.847781
v 11.167508 5.365535 1.125678
v 11.171106 5.365535 1.092917
v 11.676098 5.365535 14.856586
v 11.171106 5.365535 9.235924
v 11.167508 5.365535 9.268679
v 11.155515 5.365535 9.299388
v 11.136010 5.365535 9.325944
v 11.110255 5.365535 9.346548
v 11.080083 5.365535 9.359792
v 11.047511 5.365535 9.364779
v 11.044858 5.365535 9.364488
v 11.014749 5.365535 9.361155
v 10.984070 5.365535 9.349180
v 10.957495 5.365535 9.329670
v 10.936917 5.365535 9.303947
v 10.923660 5.365535 9.273767
v 10.413619 5.365535 14.667214
v 9.151141 5.365535 14.667214
v 9.151141 5.365535 14.856586
v 9.151141 0.000000 14.856586
v 9.151141 0.189372 14.667214
v 9.151141 4.418676 14.667214
v 10.413619 4.418676 14.667214
v 10.413619 5.164062 14.465742
v 10.413619 5.365535 1.332410
v 10.413619 5.365535 1.269286
v 10.413619 5.164062 0.034581
v 11.676098 5.164062 0.034581
v 11.676098 5.164062 14.465742
v 10.413619 4.620148 0.034581
v 11.676098 4.620148 0.034581
v 10.413619 4.620148 14.465742
v 11.676098 4.620148 14.465742
v 10.413619 4.418676 -0.166912
v 9.151141 2.524958 -0.166912
v 9.151141 4.166180 -0.166912
v 10.413619 4.166180 -0.166912
v 11.676098 4.260866 -0.166912
v 11.161764 2.524958 -0.166912
v 9.151141 0.000000 -0.166912
v 9.151141 0.189372 0.022462
v 0.000000 0.000000 -2.691870
v 1.262479 0.000000 -2.691870
v 6.626183 0.000000 -2.691870
v 7.888662 0.000000 -2.691870
v 7.888662 0.000000 -3.954347
v 10.911288 0.000000 -3.954347
v 11.011151 0.000000 -3.947783
v 11.109245 0.000000 -3.928278
v 11.203995 0.000000 -3.896146
v 11.293693 0.000000 -3.851897
v 11.376891 0.000000 -3.796284
v 11.452134 0.000000 -3.730320
v 11.518098 0.000000 -3.655140
v 11.573648 0.000000 -3.571942
v 11.617897 0.000000 -3.482243
v 11.650091 0.000000 -3.387495
v 11.669596 0.000000 -3.289337
v 11.676098 0.000000 -3.189538
v 11.676098 0.000000 -0.166912
v 10.413619 0.000000 -0.166912
v 10.413619 0.000000 1.297059
v 10.413619 0.000000 10.879778
v 10.413619 0.000000 13.203263
v 10.413619 0.000000 14.856586
v 7.888662 0.000000 -0.166912
v 7.888662 0.000000 -1.429389
v 0.000000 0.000000 -1.429389
v 0.000000 4.166180 -3.954347
v 1.262479 4.166180 -3.954347
v 0.000000 4.166180 -1.429389
v 0.000000 4.166180 -2.691870
v 0.000000 4.418676 -2.691870
v 0.000000 5.365535 -2.691870
v 0.000000 5.365535 -3.002375
v 0.000000 5.365535 -3.065499
v 0.000000 5.365535 -3.954347
v 0.000000 4.418676 -0.798150
v 0.000000 4.166180 -0.798150
v 7.888662 4.418676 -0.798150
v 7.888662 4.418676 -2.691870
v 7.888662 4.166180 -0.798150
v 7.888662 4.166180 -1.429389
v 7.699290 3.976808 -1.429389
v 7.699290 2.524958 -1.429389
v 7.888662 2.524958 -1.429389
v 0.189372 2.524958 -1.429389
v 0.189372 2.335586 -1.429389
v 0.189372 0.189372 -1.429389
v 2.714329 0.189372 -1.429389
v 7.699290 0.189372 -1.429389
v 7.888662 2.524958 -0.166912
v 7.888662 2.524958 -2.691870
v 7.888662 2.524958 -3.954347
v 10.911288 2.524958 -3.954347
v 10.728418 2.524958 -3.238522
v 10.721917 2.524958 -3.189538
v 10.728418 2.524958 -3.140491
v 10.747292 2.524958 -3.094852
v 10.777402 2.524958 -3.055652
v 10.816602 2.524958 -3.025543
v 10.862304 2.524958 -3.006604
v 10.911288 2.524958 -3.000166
v 10.960336 2.524958 -3.006604
v 11.005974 2.524958 -3.025543
v 11.045238 2.524958 -3.055652
v 11.075285 2.524958 -3.094852
v 11.094222 2.524958 -3.140491
v 11.100661 2.524958 -3.189538
v 11.109245 2.524958 -3.928278
v 11.203995 2.524958 -3.896146
v 11.676098 2.524958 -0.166912
v 11.676098 2.524958 -3.189538
v 11.669596 2.524958 -3.289337
v 11.650091 2.524958 -3.387495
v 11.617897 2.524958 -3.482243
v 11.573648 2.524958 -3.571942
v 11.518098 2.524958 -3.655140
v 11.452134 2.524958 -3.730320
v 11.376891 2.524958 -3.796284
v 11.293693 2.524958 -3.851897
v 11.011151 2.524958 -3.947783
v 11.045238 2.524958 -3.323423
v 11.005974 2.524958 -3.353533
v 10.960336 2.524958 -3.372469
v 10.911288 2.524958 -3.378909
v 10.862304 2.524958 -3.372469
v 10.816602 2.524958 -3.353533
v 10.777402 2.524958 -3.323423
v 10.747292 2.524958 -3.284226
v 10.728418 3.093073 -3.238522
v 10.747292 3.093073 -3.284226
v 10.721917 3.093073 -3.189538
v 10.728418 3.093073 -3.140491
v 10.747292 3.093073 -3.094852
v 10.777402 3.093073 -3.055652
v 10.816602 3.093073 -3.025543
v 10.862304 3.093073 -3.006604
v 10.911288 3.093073 -3.000166
v 10.960336 3.093073 -3.006604
v 11.005974 3.093073 -3.025543
v 11.045238 3.093073 -3.055652
v 11.075285 3.093073 -3.094852
v 11.094222 3.093073 -3.140491
v 11.100661 3.093073 -3.189538
v 11.094222 2.524958 -3.238522
v 11.094222 3.093073 -3.238522
v 11.075285 2.524958 -3.284226
v 11.045238 3.093073 -3.323423
v 11.075285 3.093073 -3.284226
v 11.005974 3.093073 -3.353533
v 10.960336 3.093073 -3.372469
v 10.911288 3.093073 -3.378909
v 10.862304 3.093073 -3.372469
v 10.816602 3.093073 -3.353533
v 10.777402 3.093073 -3.323423
v 10.911288 3.093073 -3.954347
v 7.894975 3.093073 -0.173223
v 7.894975 3.093073 -3.954347
v 7.894975 3.282444 -0.173223
v 7.894975 3.282444 -3.954347
v 10.911288 3.282444 -3.954347
v 11.676098 3.282444 -0.173223
v 11.676098 3.282444 -3.189538
v 11.669596 3.282444 -3.289337
v 11.650091 3.282444 -3.387495
v 11.617897 3.282444 -3.482243
v 11.573648 3.282444 -3.571942
v 11.518098 3.282444 -3.655140
v 11.452134 3.282444 -3.730320
v 11.376891 3.282444 -3.796284
v 11.293693 3.282444 -3.851897
v 11.203995 3.282444 -3.896146
v 11.109245 3.282444 -3.928278
v 11.011151 3.282444 -3.947783
v 11.011151 3.093073 -3.947783
v 11.109245 3.093073 -3.928278
v 11.203995 3.093073 -3.896146
v 11.676098 3.093073 -0.173223
v 11.676098 3.093073 -3.189538
v 11.669596 3.093073 -3.289337
v 11.650091 3.093073 -3.387495
v 11.617897 3.093073 -3.482243
v 11.573648 3.093073 -3.571942
v 11.518098 3.093073 -3.655140
v 11.452134 3.093073 -3.730320
v 11.376891 3.093073 -3.796284
v 11.293693 3.093073 -3.851897
v 7.888662 2.524958 -3.456994
v 6.626183 4.166180 -3.954347
v 7.888662 4.166180 -3.954347
v 6.626183 0.000000 -4.080597
v 6.626183 4.166180 -4.080597
v 1.262479 0.000000 -4.080597
v 1.262479 4.166180 -4.080597
v 0.201472 4.620148 -3.954347
v 0.201472 5.164062 -3.954347
v 0.264596 5.164062 -3.954347
v 7.687234 5.164062 -3.954347
v 7.888662 5.365535 -3.954347
v 7.687234 4.620148 -3.954347
v 0.201472 4.620148 -2.691870
v 7.687234 4.620148 -2.691870
v 0.201472 5.164062 -2.691870
v 7.687234 5.164062 -2.691870
v 7.888662 5.365535 -2.691870
v 7.888662 4.166180 -2.691870
v 1.388727 5.365535 -3.323109
v 1.384428 5.365535 -3.355806
v 1.371816 5.365535 -3.386231
v 1.351749 5.365535 -3.412367
v 1.325603 5.365535 -3.432439
v 1.295152 5.365535 -3.445061
v 1.262479 5.365535 -3.449356
v 1.229806 5.365535 -3.445061
v 1.199355 5.365535 -3.432439
v 1.173209 5.365535 -3.412367
v 1.153142 5.365535 -3.386231
v 1.140530 5.365535 -3.355806
v 1.136231 5.365535 -3.323109
v 1.140530 5.365535 -3.290411
v 1.153142 5.365535 -3.259983
v 1.173209 5.365535 -3.233851
v 1.199355 5.365535 -3.213777
v 1.229806 5.365535 -3.201153
v 1.262479 5.365535 -3.196858
v 1.295152 5.365535 -3.201153
v 1.325603 5.365535 -3.213777
v 1.351749 5.365535 -3.233851
v 1.371816 5.365535 -3.259983
v 1.384428 5.365535 -3.290411
v 1.388727 5.554906 -3.323109
v 1.384428 5.554906 -3.290411
v 1.384428 5.554906 -3.355806
v 1.371816 5.554906 -3.386231
v 1.351749 5.554906 -3.412367
v 1.325603 5.554906 -3.432439
v 1.295152 5.554906 -3.445061
v 1.262479 5.554906 -3.449356
v 1.229806 5.554906 -3.445061
v 1.199355 5.554906 -3.432439
v 1.173209 5.554906 -3.412367
v 1.153142 5.554906 -3.386231
v 1.140530 5.554906 -3.355806
v 1.136231 5.554906 -3.323109
v 1.140530 5.554906 -3.290411
v 1.153142 5.554906 -3.259983
v 1.173209 5.554906 -3.233851
v 1.199355 5.554906 -3.213777
v 1.229806 5.554906 -3.201153
v 1.262479 5.554906 -3.196858
v 1.295152 5.554906 -3.201153
v 1.325603 5.554906 -3.213777
v 1.351749 5.554906 -3.233851
v 1.371816 5.554906 -3.259983
v 7.888662 5.554906 -2.691870
v 0.000000 5.554906 -2.691870
v 0.000000 5.554906 -3.954347
v 7.888662 5.554906 -3.954347
v 0.000000 5.681155 -3.954347
v 7.888662 5.681155 -3.954347
v 0.000000 5.681155 -2.691870
v 7.888662 5.681155 -2.691870
v 6.752431 5.554906 -3.323109
v 6.748138 5.554906 -3.290411
v 6.735576 5.554906 -3.259983
v 6.715504 5.554906 -3.233851
v 6.689307 5.554906 -3.213777
v 6.658882 5.554906 -3.201153
v 6.626183 5.554906 -3.196858
v 6.593548 5.554906 -3.201153
v 6.593548 5.554906 -3.445061
v 6.626183 5.554906 -3.449356
v 6.658882 5.554906 -3.445061
v 6.689307 5.554906 -3.432439
v 6.715504 5.554906 -3.412367
v 6.735576 5.554906 -3.386231
v 6.748138 5.554906 -3.355806
v 6.752431 5.365535 -3.323109
v 6.748138 5.365535 -3.355806
v 6.735576 5.365535 -3.386231
v 6.715504 5.365535 -3.412367
v 6.689307 5.365535 -3.432439
v 6.658882 5.365535 -3.445061
v 6.626183 5.365535 -3.449356
v 6.593548 5.365535 -3.445061
v 6.563060 5.365535 -3.432439
v 6.563060 5.554906 -3.432439
v 6.536926 5.365535 -3.412367
v 6.536926 5.554906 -3.412367
v 6.516852 5.365535 -3.386231
v 6.516852 5.554906 -3.386231
v 6.504290 5.365535 -3.355806
v 6.504290 5.554906 -3.355806
v 6.499936 5.365535 -3.323109
v 6.499936 5.554906 -3.323109
v 6.504290 5.365535 -3.290411
v 6.504290 5.554906 -3.290411
v 6.516852 5.365535 -3.259983
v 6.516852 5.554906 -3.259983
v 6.536926 5.365535 -3.233851
v 6.536926 5.554906 -3.233851
v 6.526889 5.554906 -3.246917
v 6.563060 5.365535 -3.213777
v 6.563060 5.554906 -3.213777
v 6.593548 5.365535 -3.201153
v 6.626183 5.365535 -3.196858
v 6.658882 5.365535 -3.201153
v 6.689307 5.365535 -3.213777
v 6.715504 5.365535 -3.233851
v 6.735576 5.365535 -3.259983
v 6.748138 5.365535 -3.290411
v 11.676098 4.260866 1.297059
v 11.676098 4.260866 13.203263
v 11.676098 4.260866 14.856586
v 11.166119 5.365535 1.060345
v 11.152863 5.365535 1.030171
v 11.132285 5.365535 1.004479
v 11.105710 5.365535 0.984912
v 11.075032 5.365535 0.972982
v 11.044858 5.365535 0.969636
v 11.042270 5.365535 0.969320
v 11.009699 5.365535 0.974307
v 10.979525 5.365535 0.987563
v 11.865469 0.000000 1.297059
v 11.865469 0.000000 13.203263
v 11.865469 4.260866 1.297059
v 11.865469 4.260866 13.203263
v 7.699290 2.335586 -1.429389
v 2.714329 2.335586 -1.429389
v 2.714329 0.189372 -2.376249
v 2.714329 2.335586 -2.376249
v 7.699290 0.189372 -2.376249
v 7.699290 2.335586 -2.376249
v 0.189372 2.335586 -2.376249
v 0.189372 0.189372 -2.376249
v 0.189372 3.976808 -1.429389
v 0.189372 2.524958 -3.007488
v 0.189372 3.976808 -3.007488
v 2.714329 2.524958 -1.429389
v 2.714329 3.976808 -1.429389
v 7.699290 2.524958 -3.007488
v 2.714329 2.524958 -3.007488
v 7.699290 3.976808 -3.007488
v 2.714329 3.976808 -3.007488
v 9.214264 0.189372 14.667214
v 9.214264 0.189372 12.142257
v 10.097999 0.189372 12.142257
v 10.097999 0.189372 0.022462
v 10.097999 0.189372 14.667214
v 10.097999 2.335586 14.667214
v 10.097999 2.335586 12.142257
v 9.214264 2.335586 14.667214
v 9.214264 2.335586 12.142257
v 10.097999 2.335586 0.022462
v 9.151141 2.335586 14.667214
v 9.151141 2.335586 0.022462
v 9.151141 2.524958 0.022462
v 9.151141 2.524958 14.667214
v 9.151141 3.976808 14.667214
v 9.151141 4.166180 14.667214
v 9.024892 4.418676 14.667214
v 9.024892 4.166180 14.667214
v 8.519901 4.418676 9.238556
v 9.024892 4.418676 11.561517
v 8.519901 4.418676 -0.166912
v 8.519901 4.166180 9.238556
v 9.024892 4.166180 11.561517
v 9.151141 4.166180 12.142257
v 8.519901 4.166180 -0.166912
v 9.151141 3.976808 12.142257
v 9.214264 3.976808 12.142257
v 9.214264 3.976808 14.667214
v 10.729239 3.976808 0.022462
v 10.729239 3.976808 12.142257
v 9.151141 3.976808 0.022462
v 10.729239 2.524958 0.022462
v 10.729239 2.524958 12.142257
v 9.214264 2.524958 14.667214
v 9.214264 2.524958 12.142257
v 10.729239 2.524958 14.667214
v 10.729239 3.976808 14.667214
v 10.923660 5.554906 9.273767
v 10.921137 5.554906 9.257480
v 11.105710 5.365535 9.127931
v 11.090371 5.365535 9.121940
v 11.075032 5.365535 9.115956
v 11.044858 5.365535 9.112623
v 11.042270 5.365535 9.112334
v 11.009699 5.365535 9.117320
v 10.979525 5.365535 9.130563
v 10.953771 5.365535 9.151167
v 10.934265 5.365535 9.177724
v 10.922272 5.365535 9.208433
v 11.166119 5.365535 9.203346
v 11.152863 5.365535 9.173165
v 11.132285 5.365535 9.147443
v 10.922272 5.554906 9.208433
v 11.105710 5.554906 9.127931
v 11.132285 5.554906 9.147443
v 11.075032 5.554906 9.115956
v 11.090371 5.554906 9.121940
v 11.044858 5.554906 9.112623
v 11.042270 5.554906 9.112334
v 11.009699 5.554906 9.117320
v 10.979525 5.554906 9.130563
v 10.953771 5.554906 9.151167
v 10.934265 5.554906 9.177724
v 11.152863 5.554906 9.173165
v 11.166119 5.554906 9.203346
v 11.167508 5.554906 9.268679
v 11.155515 5.554906 9.299388
v 11.136010 5.554906 9.325944
v 11.123132 5.554906 9.336246
v 11.110255 5.554906 9.346548
v 11.080083 5.554906 9.359792
v 11.047511 5.554906 9.364779
v 11.044858 5.554906 9.364488
v 11.014749 5.554906 9.361155
v 10.984070 5.554906 9.349180
v 10.957495 5.554906 9.329670
v 10.936917 5.554906 9.303947
v 11.169213 5.554906 13.382807
v 11.159302 5.554906 13.351377
v 11.141628 5.554906 13.323577
v 11.129445 5.554906 13.312449
v 11.117325 5.554906 13.301313
v 11.088035 5.554906 13.286101
v 11.055905 5.554906 13.278967
v 11.044858 5.554906 13.279447
v 11.022955 5.554906 13.280408
v 10.991520 5.554906 13.290318
v 10.963744 5.554906 13.308030
v 10.941462 5.554906 13.332325
v 10.926248 5.554906 13.361566
v 10.926248 5.365535 13.361566
v 10.919115 5.365535 13.393740
v 10.920568 5.365535 13.426666
v 10.930479 5.365535 13.458094
v 10.948153 5.365535 13.485895
v 10.972455 5.365535 13.508158
v 11.001745 5.365535 13.523371
v 11.033875 5.365535 13.530504
v 11.044858 5.365535 13.530024
v 11.066827 5.365535 13.529065
v 11.098261 5.365535 13.519155
v 11.126036 5.365535 13.501441
v 11.148319 5.365535 13.477145
v 11.163532 5.365535 13.447907
v 11.170664 5.365535 13.415732
v 11.169213 5.365535 13.382807
v 11.159302 5.365535 13.351377
v 11.141628 5.365535 13.323577
v 11.117325 5.365535 13.301313
v 11.088035 5.365535 13.286101
v 11.055905 5.365535 13.278967
v 11.044858 5.365535 13.279447
v 11.022955 5.365535 13.280408
v 10.991520 5.365535 13.290318
v 10.963744 5.365535 13.308030
v 10.941462 5.365535 13.332325
vt 0.364192 0.650344
vt 0.944545 0.650273
vt 0.710672 0.659826
vt 0.935884 0.659799
vt 0.684685 0.650305
vt 0.883911 0.650281
vt 0.909897 0.650277
vt 0.364193 0.659869
vt 0.048927 0.812936
vt 0.046890 0.812936
vt 0.046890 0.573494
vt 0.048927 0.573494
vt 0.057695 0.812936
vt 0.057695 0.573494
vt 0.059733 0.573494
vt 0.059733 0.812936
vt 0.422155 0.510037
vt 0.422155 0.508782
vt 0.430031 0.508782
vt 0.430031 0.510037
vt 0.430031 0.511392
vt 0.422155 0.511392
vt 0.430031 0.507714
vt 0.422155 0.507714
vt 0.422155 0.506900
vt 0.430031 0.506900
vt 0.430031 0.512754
vt 0.430031 0.514033
vt 0.422155 0.514033
vt 0.422155 0.512754
vt 0.422155 0.515136
vt 0.430031 0.515136
vt 0.430031 0.515994
vt 0.422155 0.515994
vt 0.439537 0.512754
vt 0.439537 0.514033
vt 0.431661 0.514033
vt 0.431661 0.512754
vt 0.431661 0.511392
vt 0.439537 0.511392
vt 0.439537 0.515136
vt 0.439537 0.515566
vt 0.439537 0.515994
vt 0.431661 0.515994
vt 0.431661 0.515136
vt 0.431661 0.510037
vt 0.431661 0.508782
vt 0.439537 0.508782
vt 0.439537 0.510037
vt 0.431661 0.507714
vt 0.431661 0.506900
vt 0.439537 0.506900
vt 0.439537 0.507714
vt 0.387787 0.509766
vt 0.387787 0.508511
vt 0.395663 0.508511
vt 0.395663 0.509766
vt 0.395663 0.511121
vt 0.387787 0.511121
vt 0.395663 0.507443
vt 0.395663 0.507975
vt 0.387787 0.507975
vt 0.387787 0.507443
vt 0.387787 0.506629
vt 0.395663 0.506629
vt 0.395663 0.512483
vt 0.395663 0.513761
vt 0.387787 0.513761
vt 0.387787 0.512483
vt 0.395663 0.514865
vt 0.395663 0.515295
vt 0.395663 0.515722
vt 0.387787 0.515722
vt 0.387787 0.514865
vt 0.685405 0.678046
vt 0.778030 0.678046
vt 0.778030 0.681315
vt 0.688674 0.681315
vt 0.688674 0.934126
vt 0.685405 0.937395
vt 0.757325 0.937395
vt 0.725724 0.934126
vt 0.728993 0.934126
vt 0.754056 0.934126
vt 0.754056 0.724903
vt 0.757325 0.724903
vt 0.725724 0.681315
vt 0.728993 0.681315
vt 0.754056 0.681315
vt 0.757325 0.681315
vt 0.570525 0.845024
vt 0.570525 0.934379
vt 0.570525 0.918034
vt 0.842855 0.937831
vt 0.842855 0.681751
vt 0.859201 0.681751
vt 0.859201 0.911949
vt 0.859201 0.913038
vt 0.859201 0.937831
vt 0.855723 0.685229
vt 0.846333 0.685229
vt 0.846333 0.934353
vt 0.855723 0.934353
vt 0.601006 0.356196
vt 0.570547 0.356196
vt 0.570547 0.362288
vt 0.570547 0.385133
vt 0.563055 0.385133
vt 0.561533 0.385133
vt 0.540088 0.385133
vt 0.540088 0.356196
vt 0.570547 0.255681
vt 0.601006 0.255681
vt 0.616236 0.362288
vt 0.616236 0.356196
vt 0.650008 0.563632
vt 0.650008 0.611835
vt 0.625907 0.611835
vt 0.625907 0.563632
vt 0.686881 0.496303
vt 0.686881 0.554006
vt 0.638678 0.554006
vt 0.638678 0.496303
vt 0.638678 0.494398
vt 0.638678 0.492524
vt 0.686881 0.492524
vt 0.686881 0.494398
vt 0.638678 0.490715
vt 0.638678 0.489003
vt 0.686881 0.489003
vt 0.686881 0.490715
vt 0.638678 0.487415
vt 0.638678 0.485979
vt 0.686881 0.485979
vt 0.686881 0.487415
vt 0.638678 0.484720
vt 0.638678 0.483658
vt 0.686881 0.483658
vt 0.686881 0.484720
vt 0.479236 0.503750
vt 0.481137 0.503750
vt 0.481137 0.527378
vt 0.479236 0.527378
vt 0.483173 0.527378
vt 0.483173 0.503750
vt 0.485213 0.503750
vt 0.485213 0.527378
vt 0.477607 0.527378
vt 0.476354 0.527378
vt 0.476354 0.503750
vt 0.477607 0.503750
vt 0.487111 0.527378
vt 0.487111 0.503750
vt 0.488742 0.503750
vt 0.488742 0.527378
vt 0.489994 0.527378
vt 0.489994 0.503750
vt 0.490782 0.503750
vt 0.490782 0.527378
vt 0.451268 0.527467
vt 0.449638 0.527467
vt 0.449638 0.503840
vt 0.451268 0.503840
vt 0.453166 0.503840
vt 0.455206 0.503840
vt 0.455206 0.527467
vt 0.453166 0.527467
vt 0.448386 0.527467
vt 0.447599 0.527467
vt 0.447599 0.503840
vt 0.448386 0.503840
vt 0.457243 0.527467
vt 0.457243 0.503840
vt 0.459144 0.503840
vt 0.459144 0.527467
vt 0.460774 0.527467
vt 0.460774 0.503840
vt 0.462027 0.503840
vt 0.462027 0.527467
vt 0.672716 0.403903
vt 0.672716 0.476086
vt 0.669101 0.476086
vt 0.669101 0.403903
vt 0.685219 0.415571
vt 0.685219 0.473153
vt 0.681604 0.473153
vt 0.681604 0.415571
vt 0.681604 0.413666
vt 0.681604 0.411792
vt 0.685219 0.411792
vt 0.685219 0.413666
vt 0.681604 0.409983
vt 0.681604 0.408271
vt 0.685219 0.408271
vt 0.685219 0.409983
vt 0.681604 0.406682
vt 0.681604 0.405247
vt 0.685219 0.405247
vt 0.685219 0.406682
vt 0.681604 0.403988
vt 0.681604 0.402926
vt 0.685219 0.402926
vt 0.685219 0.403988
vt 0.707553 0.562162
vt 0.731654 0.562162
vt 0.717048 0.610364
vt 0.707553 0.610364
vt 0.734190 0.570306
vt 0.748797 0.618508
vt 0.734190 0.618508
vt 0.714981 0.255718
vt 0.748486 0.255718
vt 0.748486 0.356234
vt 0.745440 0.356234
vt 0.627835 0.255718
vt 0.661340 0.255718
vt 0.630881 0.356234
vt 0.627835 0.356234
vt 0.619744 0.289037
vt 0.606621 0.289037
vt 0.606621 0.258577
vt 0.619744 0.258577
vt 0.314665 0.226911
vt 0.291821 0.226911
vt 0.285730 0.226911
vt 0.285730 0.257371
vt 0.246132 0.257371
vt 0.246132 0.226911
vt 0.246132 0.208451
vt 0.285730 0.196452
vt 0.314665 0.196452
vt 0.291821 0.272600
vt 0.285730 0.272600
vt 0.404850 0.512490
vt 0.404850 0.511131
vt 0.412726 0.511131
vt 0.412726 0.512490
vt 0.412726 0.513756
vt 0.404850 0.513756
vt 0.412726 0.509771
vt 0.404850 0.509771
vt 0.404850 0.508506
vt 0.412726 0.508506
vt 0.412726 0.514843
vt 0.412726 0.515677
vt 0.404850 0.515677
vt 0.404850 0.514843
vt 0.412726 0.507418
vt 0.404850 0.507418
vt 0.404850 0.506584
vt 0.412726 0.506584
vt 0.411855 0.523799
vt 0.411855 0.525064
vt 0.403979 0.525064
vt 0.403979 0.523799
vt 0.403979 0.522438
vt 0.411855 0.522438
vt 0.411855 0.526151
vt 0.411855 0.526985
vt 0.403979 0.526985
vt 0.403979 0.526151
vt 0.411855 0.521079
vt 0.403979 0.521079
vt 0.403979 0.519813
vt 0.411855 0.519813
vt 0.411855 0.518727
vt 0.403979 0.518727
vt 0.403979 0.517892
vt 0.411855 0.517892
vt 0.028353 0.939627
vt 0.026315 0.939627
vt 0.026315 0.919249
vt 0.028353 0.919249
vt 0.028820 0.911163
vt 0.026783 0.911163
vt 0.026783 0.890785
vt 0.028820 0.890785
vt 0.428898 0.521477
vt 0.428898 0.522838
vt 0.421022 0.522838
vt 0.421022 0.521477
vt 0.421022 0.520212
vt 0.428898 0.520212
vt 0.428898 0.524197
vt 0.428898 0.525463
vt 0.421022 0.525463
vt 0.421022 0.524197
vt 0.428898 0.519125
vt 0.421022 0.519125
vt 0.421022 0.518291
vt 0.428898 0.518291
vt 0.428898 0.526550
vt 0.428898 0.527384
vt 0.421022 0.527384
vt 0.421022 0.526550
vt 0.446463 0.524397
vt 0.446463 0.525662
vt 0.438588 0.525662
vt 0.438588 0.524397
vt 0.438588 0.523037
vt 0.446463 0.523037
vt 0.446463 0.526749
vt 0.446463 0.527584
vt 0.438588 0.527584
vt 0.438588 0.526749
vt 0.446463 0.521678
vt 0.438588 0.521678
vt 0.438588 0.520412
vt 0.446463 0.520412
vt 0.446463 0.519325
vt 0.446463 0.519868
vt 0.438588 0.519325
vt 0.438588 0.518490
vt 0.446463 0.518490
vt 0.540178 0.259858
vt 0.553301 0.259858
vt 0.553301 0.290317
vt 0.540178 0.290317
vt 0.661061 0.677990
vt 0.661061 0.703263
vt 0.587506 0.703263
vt 0.587506 0.677990
vt 0.631094 0.677990
vt 0.680131 0.937340
vt 0.661061 0.937340
vt 0.661061 0.908799
vt 0.680131 0.677990
vt 0.676653 0.930593
vt 0.676653 0.681469
vt 0.667264 0.681469
vt 0.667264 0.930593
vt 0.587506 0.937340
vt 0.587506 0.908799
vt 0.228877 0.932804
vt 0.228877 0.767379
vt 0.302432 0.767379
vt 0.302432 0.972914
vt 0.228877 0.972914
vt 0.762510 0.731542
vt 0.836065 0.731542
vt 0.836065 0.937078
vt 0.762510 0.937078
vt 0.142609 0.185889
vt 0.165454 0.185889
vt 0.165454 0.237669
vt 0.142609 0.237669
vt 0.116818 0.237050
vt 0.116818 0.185269
vt 0.139663 0.185269
vt 0.139663 0.237050
vt 0.191670 0.185889
vt 0.191670 0.237669
vt 0.168825 0.237669
vt 0.168825 0.185889
vt 0.242186 0.354679
vt 0.207158 0.354679
vt 0.207158 0.316604
vt 0.242186 0.316604
vt 0.049869 0.172953
vt 0.049869 0.134879
vt 0.084897 0.134879
vt 0.084897 0.172953
vt 0.088279 0.134595
vt 0.123307 0.134595
vt 0.123307 0.172669
vt 0.088279 0.172669
vt 0.286138 0.659019
vt 0.286138 0.702608
vt 0.249088 0.702608
vt 0.249088 0.659019
vt 0.837087 0.723867
vt 0.800037 0.723867
vt 0.800037 0.680279
vt 0.837087 0.680279
vt 0.404694 0.944814
vt 0.404694 0.735591
vt 0.441744 0.735591
vt 0.441744 0.944814
vt 0.605236 0.854769
vt 0.605236 0.895088
vt 0.605236 0.891819
vt 0.926709 0.778411
vt 0.926709 0.738310
vt 0.931067 0.738310
vt 0.931067 0.778411
vt 0.931067 0.684697
vt 0.926709 0.684697
vt 0.931067 0.940777
vt 0.926709 0.940777
vt 0.445159 0.944814
vt 0.445159 0.735591
vt 0.470222 0.735591
vt 0.470222 0.944814
vt 0.278391 0.713233
vt 0.278391 0.756822
vt 0.253328 0.756822
vt 0.253328 0.713233
vt 0.656697 0.808318
vt 0.631634 0.808318
vt 0.631634 0.764730
vt 0.656697 0.764730
vt 0.437628 0.521629
vt 0.437628 0.522307
vt 0.437628 0.522985
vt 0.429752 0.522985
vt 0.429752 0.521629
vt 0.429752 0.520374
vt 0.437628 0.520374
vt 0.429752 0.524347
vt 0.437628 0.524347
vt 0.437628 0.525624
vt 0.429752 0.525624
vt 0.437628 0.519305
vt 0.429752 0.519305
vt 0.429752 0.518493
vt 0.437628 0.518493
vt 0.437628 0.526728
vt 0.437628 0.527586
vt 0.429752 0.527586
vt 0.429752 0.526728
vt 0.387037 0.509642
vt 0.387037 0.510996
vt 0.379161 0.510996
vt 0.379161 0.509642
vt 0.379161 0.508387
vt 0.387037 0.508387
vt 0.379161 0.512359
vt 0.387037 0.512359
vt 0.387037 0.513637
vt 0.379161 0.513637
vt 0.387037 0.507319
vt 0.379161 0.507319
vt 0.379161 0.506505
vt 0.387037 0.506505
vt 0.379161 0.514740
vt 0.387037 0.514740
vt 0.387037 0.515598
vt 0.379161 0.515598
vt 0.412536 0.521232
vt 0.412536 0.519976
vt 0.420412 0.519976
vt 0.420412 0.521232
vt 0.420412 0.522586
vt 0.412536 0.522586
vt 0.412536 0.518907
vt 0.412536 0.518095
vt 0.420412 0.518095
vt 0.420412 0.518907
vt 0.412536 0.523948
vt 0.420412 0.523948
vt 0.420412 0.525226
vt 0.412536 0.525226
vt 0.420412 0.526330
vt 0.420412 0.526758
vt 0.420412 0.527187
vt 0.412536 0.527187
vt 0.412536 0.526330
vt 0.403196 0.523286
vt 0.403196 0.524624
vt 0.395320 0.524624
vt 0.395320 0.523286
vt 0.395320 0.521918
vt 0.403196 0.521918
vt 0.403196 0.525840
vt 0.403196 0.526851
vt 0.395320 0.526851
vt 0.395320 0.525840
vt 0.403196 0.520609
vt 0.395320 0.520609
vt 0.395320 0.519454
vt 0.403196 0.519454
vt 0.403196 0.518527
vt 0.395320 0.518527
vt 0.395320 0.517895
vt 0.403196 0.517895
vt 0.404219 0.512010
vt 0.404219 0.513348
vt 0.396343 0.513348
vt 0.396343 0.512010
vt 0.396343 0.510641
vt 0.404219 0.510641
vt 0.404219 0.514564
vt 0.404219 0.515574
vt 0.396343 0.515574
vt 0.396343 0.514564
vt 0.404219 0.509334
vt 0.396343 0.509334
vt 0.396343 0.508177
vt 0.404219 0.508177
vt 0.404219 0.507251
vt 0.404219 0.507715
vt 0.396343 0.507251
vt 0.396343 0.506619
vt 0.404219 0.506619
vt 0.068501 0.573494
vt 0.088879 0.573494
vt 0.088879 0.812935
vt 0.068501 0.812935
vt 0.076711 0.593386
vt 0.076653 0.593915
vt 0.076653 0.655049
vt 0.076733 0.655575
vt 0.076947 0.656062
vt 0.077279 0.656476
vt 0.077708 0.656792
vt 0.078204 0.656985
vt 0.078690 0.657039
vt 0.078732 0.657044
vt 0.079258 0.656964
vt 0.079745 0.656750
vt 0.079953 0.656583
vt 0.080161 0.656416
vt 0.080476 0.655989
vt 0.080669 0.655492
vt 0.080727 0.654963
vt 0.080647 0.654438
vt 0.080433 0.653951
vt 0.080267 0.653743
vt 0.080101 0.653536
vt 0.079672 0.653220
vt 0.079177 0.653028
vt 0.078732 0.595910
vt 0.079258 0.595829
vt 0.079745 0.595616
vt 0.079953 0.595449
vt 0.080161 0.595282
vt 0.080476 0.594854
vt 0.080669 0.594358
vt 0.080727 0.593829
vt 0.080647 0.593304
vt 0.080433 0.592817
vt 0.080101 0.592402
vt 0.079672 0.592086
vt 0.079177 0.591894
vt 0.078690 0.591840
vt 0.078648 0.591834
vt 0.078122 0.591915
vt 0.077635 0.592129
vt 0.077219 0.592462
vt 0.076904 0.592890
vt 0.076683 0.792912
vt 0.076843 0.793419
vt 0.077129 0.793868
vt 0.077521 0.794227
vt 0.077994 0.794473
vt 0.078512 0.794588
vt 0.078690 0.794580
vt 0.079044 0.794565
vt 0.079552 0.794405
vt 0.080000 0.794119
vt 0.080359 0.793726
vt 0.080605 0.793255
vt 0.080720 0.792735
vt 0.080697 0.792204
vt 0.080537 0.791696
vt 0.080252 0.791248
vt 0.080055 0.791068
vt 0.079859 0.790888
vt 0.079386 0.790643
vt 0.078868 0.790528
vt 0.078690 0.790535
vt 0.078336 0.790551
vt 0.077829 0.790711
vt 0.077380 0.790997
vt 0.077021 0.791389
vt 0.076775 0.791861
vt 0.076660 0.792380
vt 0.076653 0.725353
vt 0.076692 0.725616
vt 0.076733 0.725879
vt 0.076947 0.726366
vt 0.077279 0.726781
vt 0.077708 0.727096
vt 0.078204 0.727289
vt 0.078690 0.727343
vt 0.078732 0.727348
vt 0.079258 0.727267
vt 0.079745 0.727053
vt 0.079953 0.726887
vt 0.080161 0.726721
vt 0.080476 0.726292
vt 0.080669 0.725797
vt 0.080727 0.725268
vt 0.080647 0.724742
vt 0.080433 0.724255
vt 0.080101 0.723840
vt 0.079672 0.723525
vt 0.079424 0.723428
vt 0.079177 0.723331
vt 0.078690 0.723278
vt 0.078648 0.723273
vt 0.078122 0.723354
vt 0.077635 0.723567
vt 0.077219 0.723900
vt 0.076904 0.724328
vt 0.076711 0.724824
vt 0.076733 0.594441
vt 0.078690 0.652974
vt 0.078648 0.652968
vt 0.078122 0.653049
vt 0.077635 0.653263
vt 0.077219 0.653596
vt 0.076904 0.654024
vt 0.076711 0.654520
vt 0.076947 0.594928
vt 0.077279 0.595343
vt 0.077708 0.595658
vt 0.078204 0.595851
vt 0.118594 0.812935
vt 0.098216 0.812935
vt 0.098216 0.573494
vt 0.118594 0.573494
vt 0.353730 0.501723
vt 0.353194 0.502150
vt 0.351940 0.502701
vt 0.350585 0.502908
vt 0.349222 0.502757
vt 0.347947 0.502259
vt 0.346841 0.501446
vt 0.345985 0.500378
vt 0.345434 0.499123
vt 0.345227 0.497768
vt 0.345376 0.496407
vt 0.345875 0.495128
vt 0.346686 0.494025
vt 0.347757 0.493167
vt 0.349012 0.492615
vt 0.350367 0.492408
vt 0.350475 0.492421
vt 0.351729 0.492560
vt 0.353005 0.493056
vt 0.354111 0.493870
vt 0.354967 0.494939
vt 0.355518 0.496193
vt 0.355725 0.497548
vt 0.355575 0.498910
vt 0.355077 0.500189
vt 0.354266 0.501291
vt 0.366143 0.500914
vt 0.365715 0.501446
vt 0.364609 0.502259
vt 0.363334 0.502755
vt 0.362079 0.502896
vt 0.361971 0.502909
vt 0.360616 0.502702
vt 0.359361 0.502150
vt 0.358290 0.501291
vt 0.357479 0.500189
vt 0.356980 0.498910
vt 0.356831 0.497548
vt 0.357038 0.496193
vt 0.357589 0.494939
vt 0.358445 0.493870
vt 0.359550 0.493056
vt 0.360826 0.492560
vt 0.362079 0.492421
vt 0.362189 0.492408
vt 0.363543 0.492615
vt 0.364798 0.493167
vt 0.365870 0.494025
vt 0.366680 0.495128
vt 0.367179 0.496407
vt 0.367329 0.497768
vt 0.367122 0.499124
vt 0.366570 0.500378
vt 0.377747 0.500914
vt 0.377319 0.501446
vt 0.376214 0.502259
vt 0.374938 0.502755
vt 0.373683 0.502896
vt 0.373575 0.502909
vt 0.372221 0.502702
vt 0.370966 0.502150
vt 0.369894 0.501291
vt 0.369083 0.500189
vt 0.368585 0.498910
vt 0.368435 0.497548
vt 0.368642 0.496193
vt 0.369194 0.494939
vt 0.370050 0.493870
vt 0.371155 0.493056
vt 0.372431 0.492560
vt 0.373683 0.492421
vt 0.373793 0.492408
vt 0.375148 0.492615
vt 0.376402 0.493167
vt 0.376938 0.493594
vt 0.377474 0.494025
vt 0.378285 0.495128
vt 0.378784 0.496407
vt 0.378933 0.497768
vt 0.378726 0.499124
vt 0.378174 0.500378
vt 0.189031 0.956204
vt 0.189031 0.707081
vt 0.210825 0.707081
vt 0.210825 0.956204
vt 0.378459 0.694139
vt 0.400254 0.694139
vt 0.400254 0.943263
vt 0.378459 0.943263
vt 0.793336 0.062587
vt 0.810789 0.062587
vt 0.884937 0.062587
vt 0.902390 0.062587
vt 0.902390 0.045134
vt 0.944175 0.045134
vt 0.945555 0.045225
vt 0.946911 0.045495
vt 0.948221 0.045939
vt 0.949461 0.046550
vt 0.950611 0.047319
vt 0.951652 0.048231
vt 0.952563 0.049270
vt 0.953331 0.050421
vt 0.953943 0.051661
vt 0.954388 0.052970
vt 0.954658 0.054327
vt 0.954748 0.055707
vt 0.954748 0.097492
vt 0.937295 0.097492
vt 0.937295 0.117730
vt 0.937295 0.250202
vt 0.937295 0.282322
vt 0.937295 0.305178
vt 0.919842 0.305178
vt 0.919842 0.097492
vt 0.902390 0.097492
vt 0.902390 0.080039
vt 0.793336 0.080039
vt 0.534671 0.248432
vt 0.488982 0.248432
vt 0.488982 0.058106
vt 0.534671 0.058106
vt 0.034748 0.961856
vt 0.034748 0.834523
vt 0.044937 0.834523
vt 0.044937 0.961856
vt 0.690195 0.494365
vt 0.690195 0.484547
vt 0.747898 0.484547
vt 0.749803 0.484670
vt 0.751677 0.485043
vt 0.753486 0.485657
vt 0.755198 0.486502
vt 0.756787 0.487563
vt 0.758221 0.488822
vt 0.759481 0.490258
vt 0.760543 0.491847
vt 0.761387 0.493559
vt 0.762001 0.495368
vt 0.762373 0.497240
vt 0.762499 0.499147
vt 0.762499 0.556850
vt 0.738397 0.556850
vt 0.714296 0.556850
vt 0.690195 0.556850
vt 0.690195 0.532749
vt 0.744406 0.498211
vt 0.744283 0.499147
vt 0.744406 0.500082
vt 0.744768 0.500954
vt 0.745342 0.501703
vt 0.746090 0.502277
vt 0.746962 0.502638
vt 0.747898 0.502762
vt 0.748833 0.502638
vt 0.749706 0.502277
vt 0.750454 0.501703
vt 0.751029 0.500954
vt 0.751390 0.500082
vt 0.751514 0.499147
vt 0.751390 0.498211
vt 0.751029 0.497339
vt 0.750454 0.496590
vt 0.749706 0.496016
vt 0.748833 0.495654
vt 0.747898 0.495532
vt 0.746962 0.495654
vt 0.746090 0.496016
vt 0.745342 0.496590
vt 0.744768 0.497339
vt 0.761527 0.418427
vt 0.761527 0.476010
vt 0.689343 0.476010
vt 0.689343 0.403827
vt 0.746926 0.403827
vt 0.748832 0.403951
vt 0.750705 0.404323
vt 0.752514 0.404938
vt 0.754227 0.405782
vt 0.755815 0.406843
vt 0.757250 0.408102
vt 0.758509 0.409538
vt 0.759571 0.411127
vt 0.760416 0.412839
vt 0.761029 0.414648
vt 0.761401 0.416520
vt 0.342723 0.493646
vt 0.343511 0.495546
vt 0.343778 0.497584
vt 0.343511 0.499623
vt 0.342723 0.501521
vt 0.341473 0.503151
vt 0.339840 0.504404
vt 0.337942 0.505191
vt 0.335903 0.505459
vt 0.333865 0.505191
vt 0.331965 0.504404
vt 0.330335 0.503151
vt 0.329082 0.501521
vt 0.328297 0.499623
vt 0.328027 0.497584
vt 0.328297 0.495546
vt 0.329082 0.493646
vt 0.330335 0.492015
vt 0.331965 0.490763
vt 0.333865 0.489975
vt 0.335903 0.489708
vt 0.337942 0.489975
vt 0.339840 0.490763
vt 0.341473 0.492015
vt 0.659482 0.476010
vt 0.587299 0.476010
vt 0.587299 0.418427
vt 0.587424 0.416521
vt 0.587796 0.414648
vt 0.588410 0.412839
vt 0.589255 0.411127
vt 0.590316 0.409539
vt 0.591576 0.408102
vt 0.593011 0.406843
vt 0.594599 0.405782
vt 0.596312 0.404938
vt 0.598120 0.404323
vt 0.599994 0.403951
vt 0.601900 0.403827
vt 0.659482 0.403827
vt 0.602836 0.421918
vt 0.603707 0.421558
vt 0.604455 0.420983
vt 0.605030 0.420235
vt 0.605392 0.419362
vt 0.605515 0.418427
vt 0.605392 0.417491
vt 0.605030 0.416619
vt 0.604455 0.415870
vt 0.603707 0.415296
vt 0.602836 0.414935
vt 0.601900 0.414812
vt 0.600964 0.414935
vt 0.600092 0.415296
vt 0.599344 0.415870
vt 0.598769 0.416619
vt 0.598407 0.417491
vt 0.598284 0.418427
vt 0.598407 0.419362
vt 0.598769 0.420235
vt 0.599344 0.420983
vt 0.600092 0.421558
vt 0.600964 0.421918
vt 0.601900 0.422042
vt 0.531838 0.386005
vt 0.498333 0.386005
vt 0.498333 0.256598
vt 0.531838 0.256598
vt 0.551558 0.245283
vt 0.551558 0.064677
vt 0.582017 0.064677
vt 0.582017 0.245283
vt 0.348544 0.059015
vt 0.348544 0.239621
vt 0.318084 0.239621
vt 0.318084 0.238098
vt 0.318084 0.059015
vt 0.613439 0.297916
vt 0.613439 0.309915
vt 0.613439 0.328375
vt 0.721353 0.058276
vt 0.751812 0.058276
vt 0.751812 0.248602
vt 0.730367 0.248602
vt 0.728844 0.248602
vt 0.721353 0.248602
vt 0.735794 0.215201
vt 0.735059 0.215505
vt 0.734429 0.215990
vt 0.733945 0.216620
vt 0.733640 0.217355
vt 0.733537 0.218143
vt 0.733640 0.218931
vt 0.733945 0.219666
vt 0.734429 0.220297
vt 0.735059 0.220781
vt 0.735794 0.221085
vt 0.736582 0.221189
vt 0.737371 0.221085
vt 0.738106 0.220781
vt 0.738736 0.220297
vt 0.739220 0.219666
vt 0.739525 0.218931
vt 0.739629 0.218143
vt 0.739525 0.217355
vt 0.739220 0.216620
vt 0.738736 0.215990
vt 0.738106 0.215505
vt 0.737371 0.215201
vt 0.736582 0.215097
vt 0.118014 0.834064
vt 0.118014 0.961397
vt 0.097636 0.961397
vt 0.097636 0.834064
vt 0.109793 0.940491
vt 0.109589 0.940000
vt 0.109265 0.939578
vt 0.108844 0.939254
vt 0.108352 0.939050
vt 0.107825 0.938981
vt 0.109793 0.854969
vt 0.109863 0.854442
vt 0.109793 0.853914
vt 0.109589 0.853423
vt 0.109265 0.853000
vt 0.108844 0.852676
vt 0.108352 0.852473
vt 0.107825 0.852404
vt 0.107297 0.852473
vt 0.106806 0.852676
vt 0.106384 0.853000
vt 0.106060 0.853423
vt 0.105856 0.853914
vt 0.105787 0.854442
vt 0.105856 0.854969
vt 0.106060 0.855461
vt 0.107297 0.939050
vt 0.106806 0.939254
vt 0.106384 0.939578
vt 0.106060 0.940000
vt 0.105856 0.940491
vt 0.105787 0.941019
vt 0.105856 0.941546
vt 0.106060 0.942037
vt 0.106384 0.942460
vt 0.106806 0.942784
vt 0.107297 0.942987
vt 0.107825 0.943057
vt 0.108352 0.942987
vt 0.108844 0.942784
vt 0.109265 0.942460
vt 0.109589 0.942037
vt 0.109793 0.941546
vt 0.109863 0.941019
vt 0.106384 0.855883
vt 0.106806 0.856207
vt 0.107297 0.856409
vt 0.107825 0.856480
vt 0.108352 0.856409
vt 0.108844 0.856207
vt 0.109055 0.856045
vt 0.109265 0.855883
vt 0.109589 0.855461
vt 0.380515 0.495033
vt 0.381350 0.493946
vt 0.382437 0.493111
vt 0.383704 0.492587
vt 0.385063 0.492408
vt 0.386422 0.492587
vt 0.387688 0.493111
vt 0.388775 0.493946
vt 0.389610 0.495033
vt 0.390135 0.496299
vt 0.390313 0.497658
vt 0.390135 0.499018
vt 0.389610 0.500283
vt 0.388775 0.501370
vt 0.387688 0.502206
vt 0.386422 0.502730
vt 0.385063 0.502908
vt 0.383704 0.502730
vt 0.382437 0.502206
vt 0.381350 0.501370
vt 0.380515 0.500283
vt 0.379991 0.499018
vt 0.379812 0.497658
vt 0.379991 0.496299
vt 0.393081 0.501767
vt 0.392664 0.501223
vt 0.392246 0.500680
vt 0.391724 0.499414
vt 0.391543 0.498055
vt 0.391724 0.496695
vt 0.392246 0.495429
vt 0.393081 0.494342
vt 0.394168 0.493507
vt 0.395436 0.492983
vt 0.396793 0.492804
vt 0.398153 0.492983
vt 0.399418 0.493507
vt 0.400508 0.494342
vt 0.401343 0.495429
vt 0.401865 0.496695
vt 0.402043 0.498055
vt 0.401865 0.499414
vt 0.401343 0.500680
vt 0.400508 0.501767
vt 0.399418 0.502601
vt 0.398153 0.503127
vt 0.396793 0.503305
vt 0.395436 0.503127
vt 0.394168 0.502601
vt 0.078706 0.961397
vt 0.058328 0.961397
vt 0.058328 0.834064
vt 0.078706 0.834064
vt 0.195779 0.188237
vt 0.195779 0.058829
vt 0.198825 0.058829
vt 0.198825 0.188237
vt 0.938511 0.712241
vt 0.963574 0.712241
vt 0.963574 0.917777
vt 0.938511 0.917777
vt 0.938511 0.877667
vt 0.475231 0.945191
vt 0.475231 0.739655
vt 0.478501 0.739655
vt 0.478501 0.945191
vt 0.191795 0.059615
vt 0.191795 0.179885
vt 0.168950 0.179885
vt 0.168950 0.059615
vt 0.329281 0.245982
vt 0.329281 0.366252
vt 0.306437 0.366252
vt 0.306437 0.245982
vt 0.050062 0.305735
vt 0.050062 0.244817
vt 0.072906 0.244817
vt 0.072906 0.305735
vt 0.051871 0.238945
vt 0.051871 0.178027
vt 0.074716 0.178027
vt 0.074716 0.238945
vt 0.240718 0.192007
vt 0.240718 0.312276
vt 0.202643 0.312276
vt 0.202643 0.192007
vt 0.165442 0.058967
vt 0.165442 0.179237
vt 0.127368 0.179237
vt 0.127368 0.058967
vt 0.077065 0.305465
vt 0.077065 0.244547
vt 0.115140 0.244547
vt 0.115140 0.305465
vt 0.161230 0.302965
vt 0.161230 0.242046
vt 0.199304 0.242046
vt 0.199304 0.302965
vt 0.905222 0.689056
vt 0.905222 0.732644
vt 0.920478 0.732644
vt 0.920478 0.941867
vt 0.904132 0.941867
vt 0.904132 0.689056
vt 0.245056 0.659020
vt 0.245056 0.702608
vt 0.229800 0.702608
vt 0.229800 0.659020
vt 0.305180 0.702246
vt 0.289924 0.702246
vt 0.289924 0.658657
vt 0.305180 0.658657
vt 0.516253 0.947485
vt 0.516253 0.694674
vt 0.532598 0.694674
vt 0.532598 0.903897
vt 0.517343 0.903897
vt 0.517343 0.947485
vt 0.864226 0.775466
vt 0.872944 0.735364
vt 0.872944 0.681751
vt 0.875123 0.681751
vt 0.896917 0.681751
vt 0.896917 0.937831
vt 0.864226 0.937831
vt 0.343801 0.698661
vt 0.343801 0.911153
vt 0.343801 0.954742
vt 0.341622 0.954742
vt 0.341622 0.901128
vt 0.332904 0.861027
vt 0.332904 0.698661
vt 0.537214 0.947485
vt 0.537214 0.903897
vt 0.538304 0.903897
vt 0.538304 0.947485
vt 0.564457 0.694674
vt 0.564457 0.903897
vt 0.537214 0.694674
vt 0.484533 0.694752
vt 0.484533 0.738340
vt 0.510686 0.738340
vt 0.510686 0.947564
vt 0.483443 0.947564
vt 0.483443 0.694752
vt 0.250808 0.713234
vt 0.250808 0.756822
vt 0.224655 0.756822
vt 0.224655 0.713234
vt 0.307583 0.756822
vt 0.281430 0.756822
vt 0.281430 0.713233
vt 0.307583 0.713233
vt 0.411769 0.502646
vt 0.411131 0.502895
vt 0.410493 0.503144
vt 0.409238 0.503282
vt 0.409130 0.503294
vt 0.407776 0.503087
vt 0.406521 0.502537
vt 0.405450 0.501680
vt 0.404639 0.500575
vt 0.404140 0.499298
vt 0.403991 0.497936
vt 0.404198 0.496580
vt 0.404749 0.495325
vt 0.405605 0.494255
vt 0.406710 0.493445
vt 0.407986 0.492946
vt 0.409238 0.492807
vt 0.409349 0.492796
vt 0.410703 0.493002
vt 0.411958 0.493554
vt 0.413029 0.494411
vt 0.413841 0.495515
vt 0.414339 0.496793
vt 0.414489 0.498155
vt 0.414281 0.499509
vt 0.413730 0.500764
vt 0.412874 0.501834
vt 0.347575 0.505908
vt 0.348213 0.506157
vt 0.349318 0.506969
vt 0.350174 0.508038
vt 0.350725 0.509294
vt 0.350933 0.510649
vt 0.350783 0.512011
vt 0.350284 0.513288
vt 0.349473 0.514393
vt 0.348938 0.514821
vt 0.348402 0.515249
vt 0.347147 0.515800
vt 0.345793 0.516007
vt 0.345682 0.515995
vt 0.344431 0.515857
vt 0.343154 0.515359
vt 0.342049 0.514548
vt 0.341193 0.513478
vt 0.340642 0.512222
vt 0.340537 0.511545
vt 0.340435 0.510868
vt 0.340584 0.509506
vt 0.341083 0.508228
vt 0.341894 0.507124
vt 0.342965 0.506267
vt 0.344220 0.505716
vt 0.345574 0.505509
vt 0.345682 0.505520
vt 0.346938 0.505659
vt 0.375600 0.688918
vt 0.375600 0.948268
vt 0.353806 0.948268
vt 0.353806 0.923475
vt 0.353806 0.922385
vt 0.353806 0.692188
vt 0.332012 0.692188
vt 0.332012 0.688918
vt 0.362525 0.785857
vt 0.362587 0.786422
vt 0.362794 0.786952
vt 0.363131 0.787411
vt 0.363575 0.787766
vt 0.364096 0.787995
vt 0.364658 0.788081
vt 0.364703 0.788076
vt 0.365224 0.788019
vt 0.365489 0.787915
vt 0.365754 0.787812
vt 0.366212 0.787475
vt 0.366568 0.787031
vt 0.366796 0.786510
vt 0.366882 0.785947
vt 0.366820 0.785382
vt 0.366613 0.784852
vt 0.366277 0.784394
vt 0.365832 0.784038
vt 0.365311 0.783809
vt 0.364749 0.783723
vt 0.364703 0.783728
vt 0.364183 0.783786
vt 0.363654 0.783992
vt 0.363195 0.784329
vt 0.362840 0.784773
vt 0.362611 0.785294
vt 0.366820 0.860572
vt 0.366613 0.860041
vt 0.366277 0.859583
vt 0.365832 0.859227
vt 0.365311 0.858998
vt 0.364749 0.858912
vt 0.364703 0.858918
vt 0.364183 0.858975
vt 0.363654 0.859181
vt 0.363195 0.859519
vt 0.362840 0.859963
vt 0.362611 0.860484
vt 0.362525 0.861046
vt 0.362587 0.861611
vt 0.362794 0.862142
vt 0.363131 0.862600
vt 0.363575 0.862956
vt 0.364096 0.863185
vt 0.364658 0.863271
vt 0.364703 0.863266
vt 0.365224 0.863208
vt 0.365754 0.863002
vt 0.366212 0.862664
vt 0.366390 0.862443
vt 0.366568 0.862221
vt 0.366796 0.861700
vt 0.366882 0.861137
vt 0.366882 0.926520
vt 0.366820 0.925954
vt 0.366613 0.925424
vt 0.366277 0.924966
vt 0.365832 0.924609
vt 0.365311 0.924381
vt 0.364749 0.924294
vt 0.364703 0.924300
vt 0.364183 0.924358
vt 0.363654 0.924564
vt 0.363195 0.924901
vt 0.362840 0.925345
vt 0.362611 0.925866
vt 0.362525 0.926428
vt 0.362587 0.926994
vt 0.362794 0.927524
vt 0.363131 0.927982
vt 0.363575 0.928338
vt 0.364096 0.928567
vt 0.364658 0.928653
vt 0.364703 0.928648
vt 0.365224 0.928590
vt 0.365754 0.928384
vt 0.366212 0.928046
vt 0.366568 0.927603
vt 0.366796 0.927082
vt 0.353951 0.508107
vt 0.354414 0.507603
vt 0.354877 0.507096
vt 0.356033 0.506361
vt 0.357341 0.505949
vt 0.358710 0.505889
vt 0.360048 0.506185
vt 0.361264 0.506818
vt 0.362274 0.507745
vt 0.363011 0.508900
vt 0.363423 0.510207
vt 0.363463 0.511121
vt 0.363483 0.511577
vt 0.363186 0.512913
vt 0.362554 0.514132
vt 0.361628 0.515143
vt 0.360471 0.515877
vt 0.359165 0.516290
vt 0.357795 0.516350
vt 0.356457 0.516053
vt 0.355241 0.515420
vt 0.354231 0.514494
vt 0.353494 0.513339
vt 0.353082 0.512032
vt 0.353042 0.511121
vt 0.353022 0.510661
vt 0.353319 0.509325
vt 0.128164 0.595842
vt 0.126126 0.595842
vt 0.126126 0.575464
vt 0.128164 0.575464
vt 0.136932 0.575464
vt 0.138970 0.575464
vt 0.138970 0.595842
vt 0.136932 0.595842
vt 0.442478 0.516089
vt 0.441202 0.516089
vt 0.441202 0.508214
vt 0.442478 0.508214
vt 0.443730 0.508214
vt 0.443841 0.508214
vt 0.443841 0.516089
vt 0.445195 0.516089
vt 0.445195 0.508214
vt 0.446450 0.508214
vt 0.446450 0.516089
vt 0.377239 0.506619
vt 0.378515 0.506619
vt 0.378515 0.514495
vt 0.377239 0.514495
vt 0.375984 0.514495
vt 0.375984 0.506619
vt 0.374522 0.506619
vt 0.375876 0.506619
vt 0.375876 0.514495
vt 0.374522 0.514495
vt 0.373267 0.514495
vt 0.373267 0.506619
vt 0.622878 0.813843
vt 0.639223 0.813843
vt 0.639223 0.835637
vt 0.622878 0.835637
vt 0.909241 0.727898
vt 0.909241 0.706104
vt 0.918630 0.706104
vt 0.918630 0.727898
vt 0.627559 0.797867
vt 0.618170 0.797867
vt 0.618170 0.776073
vt 0.627559 0.776073
vt 0.655075 0.755356
vt 0.626742 0.755356
vt 0.626742 0.733562
vt 0.622384 0.733562
vt 0.606038 0.733562
vt 0.606038 0.711768
vt 0.625108 0.711768
vt 0.655075 0.720648
vt 0.622384 0.766254
vt 0.626742 0.766254
vt 0.483615 0.248432
vt 0.383100 0.248432
vt 0.383100 0.217973
vt 0.483615 0.217973
vt 0.354164 0.248432
vt 0.354164 0.058106
vt 0.383100 0.058106
vt 0.383100 0.088565
vt 0.359024 0.242049
vt 0.359024 0.243572
vt 0.372147 0.243572
vt 0.372147 0.062966
vt 0.359024 0.062966
vt 0.483615 0.088565
vt 0.422697 0.058106
vt 0.483615 0.058106
vt 0.546428 0.248432
vt 0.540337 0.248432
vt 0.540337 0.058106
vt 0.546428 0.058106
vt 0.648379 0.243864
vt 0.648379 0.058106
vt 0.648379 0.062675
vt 0.592029 0.182945
vt 0.592029 0.243864
vt 0.587460 0.248432
vt 0.587460 0.058106
vt 0.643810 0.243864
vt 0.643810 0.182945
vt 0.643810 0.062675
vt 0.592029 0.062675
vt 0.687976 0.248432
vt 0.683407 0.243864
vt 0.683407 0.182945
vt 0.683407 0.062675
vt 0.687976 0.058106
vt 0.615849 0.563632
vt 0.615849 0.611835
vt 0.591748 0.611835
vt 0.591748 0.563632
vt 0.760104 0.562326
vt 0.760104 0.610528
vt 0.750285 0.610528
vt 0.736002 0.562326
vt 0.587012 0.485371
vt 0.587012 0.483658
vt 0.635215 0.483658
vt 0.635215 0.485371
vt 0.635215 0.487180
vt 0.587012 0.487180
vt 0.587012 0.489052
vt 0.635215 0.489052
vt 0.635215 0.490959
vt 0.587012 0.490959
vt 0.635215 0.548662
vt 0.587012 0.548662
vt 0.473647 0.527313
vt 0.471610 0.527313
vt 0.471610 0.503685
vt 0.473647 0.503685
vt 0.475687 0.503685
vt 0.475687 0.527313
vt 0.468850 0.503790
vt 0.470748 0.503790
vt 0.470748 0.527418
vt 0.468850 0.527418
vt 0.466810 0.527418
vt 0.466810 0.503790
vt 0.464773 0.503790
vt 0.464773 0.527418
vt 0.462872 0.527418
vt 0.462872 0.503790
vt 0.679173 0.410815
vt 0.679173 0.468398
vt 0.675558 0.468398
vt 0.675558 0.410815
vt 0.679173 0.408909
vt 0.675558 0.408909
vt 0.675558 0.407036
vt 0.679173 0.407036
vt 0.679173 0.405227
vt 0.675558 0.405227
vt 0.675558 0.403515
vt 0.679173 0.403515
vt 0.666510 0.403827
vt 0.666510 0.476010
vt 0.662895 0.476010
vt 0.662895 0.403827
vt 0.202104 0.058140
vt 0.302619 0.058140
vt 0.302619 0.187548
vt 0.202104 0.187548
vt 0.715377 0.058106
vt 0.715377 0.248432
vt 0.692532 0.248432
vt 0.692532 0.058106
vt 0.697393 0.062966
vt 0.697393 0.243572
vt 0.710516 0.243572
vt 0.710516 0.062966
vt 0.392212 0.518627
vt 0.393478 0.518627
vt 0.393478 0.526503
vt 0.392212 0.526503
vt 0.390853 0.526503
vt 0.390853 0.518627
vt 0.389494 0.518627
vt 0.389494 0.526503
vt 0.388228 0.526503
vt 0.388228 0.518627
vt 0.376643 0.526335
vt 0.375377 0.526335
vt 0.375377 0.518459
vt 0.376643 0.518459
vt 0.378001 0.518459
vt 0.378001 0.526335
vt 0.379361 0.526335
vt 0.379361 0.518459
vt 0.380627 0.518459
vt 0.380627 0.526335
vt 0.128387 0.832074
vt 0.128387 0.959407
vt 0.126350 0.959407
vt 0.126350 0.832074
vt 0.089248 0.961397
vt 0.087210 0.961397
vt 0.087210 0.834064
vt 0.089248 0.834064
vt 0.360114 0.518627
vt 0.361379 0.518627
vt 0.361379 0.526503
vt 0.360114 0.526503
vt 0.358753 0.526503
vt 0.358753 0.518627
vt 0.357396 0.518627
vt 0.357396 0.526503
vt 0.356129 0.526503
vt 0.356129 0.518627
vt 0.367816 0.514564
vt 0.366549 0.514564
vt 0.366549 0.506688
vt 0.367816 0.506688
vt 0.369173 0.506688
vt 0.369173 0.514564
vt 0.370534 0.514564
vt 0.370534 0.506688
vt 0.371799 0.506688
vt 0.371799 0.514564
vt 0.390960 0.385731
vt 0.390960 0.256323
vt 0.491476 0.256323
vt 0.491476 0.385731
vt 0.415981 0.515061
vt 0.414725 0.515061
vt 0.414725 0.507185
vt 0.415981 0.507185
vt 0.417335 0.507185
vt 0.417443 0.507185
vt 0.417443 0.515061
vt 0.417335 0.515061
vt 0.418698 0.515061
vt 0.418698 0.507185
vt 0.419974 0.507185
vt 0.419974 0.515061
vt 0.613174 0.802385
vt 0.569586 0.802385
vt 0.569586 0.709760
vt 0.591380 0.709760
vt 0.613174 0.783315
vt 0.654338 0.889655
vt 0.629274 0.889655
vt 0.651069 0.816100
vt 0.654338 0.816100
vt 0.570364 0.806444
vt 0.595427 0.806444
vt 0.595427 0.879998
vt 0.592158 0.879998
vt 0.663567 0.292170
vt 0.715348 0.292170
vt 0.715348 0.353088
vt 0.663567 0.353088
vt 0.385934 0.254831
vt 0.385934 0.375100
vt 0.334153 0.375100
vt 0.334153 0.254831
vt 0.071709 0.123302
vt 0.071709 0.062384
vt 0.123490 0.062384
vt 0.123490 0.123302
vt 0.078718 0.239595
vt 0.078718 0.178676
vt 0.113746 0.178676
vt 0.113746 0.239595
vt 0.049825 0.955284
vt 0.049825 0.834064
vt 0.049825 0.914528
vt 0.281676 0.265331
vt 0.281676 0.385601
vt 0.246648 0.385601
vt 0.246648 0.265331
vt 0.121681 0.303890
vt 0.121681 0.242972
vt 0.156709 0.242972
vt 0.156709 0.303890
vt 0.563007 0.952700
vt 0.547751 0.952700
vt 0.547751 0.915651
vt 0.563007 0.915651
vt 0.507470 0.694918
vt 0.507470 0.731968
vt 0.492214 0.731968
vt 0.492214 0.694918
vt 0.654928 0.709155
vt 0.654928 0.713514
vt 0.652748 0.713514
vt 0.652748 0.709155
vt 0.471158 0.699430
vt 0.471158 0.725583
vt 0.446095 0.725583
vt 0.446095 0.699430
vt 0.409497 0.703764
vt 0.434560 0.703764
vt 0.434560 0.729917
vt 0.409497 0.729917
vt 0.614208 0.881916
vt 0.614208 0.856852
vt 0.615298 0.856852
vt 0.615298 0.881916
vt 0.788893 0.724416
vt 0.763830 0.724416
vt 0.763830 0.697173
vt 0.788893 0.697173
vt 0.601240 0.844362
vt 0.601240 0.807312
vt 0.617586 0.807312
vt 0.617586 0.844362
vt 0.577901 0.900910
vt 0.577901 0.863861
vt 0.578990 0.863861
vt 0.578990 0.900910
vt 0.382920 0.526136
vt 0.381644 0.526136
vt 0.381644 0.518260
vt 0.382920 0.518260
vt 0.384173 0.518260
vt 0.384283 0.518260
vt 0.384283 0.526136
vt 0.384173 0.526136
vt 0.385637 0.526136
vt 0.385637 0.518260
vt 0.386892 0.518260
vt 0.386892 0.526136
vt 0.373104 0.518430
vt 0.373742 0.518430
vt 0.374380 0.518430
vt 0.374380 0.526307
vt 0.373742 0.526307
vt 0.373104 0.526307
vt 0.371850 0.526307
vt 0.371850 0.518430
vt 0.370387 0.518430
vt 0.371742 0.518430
vt 0.371742 0.526307
vt 0.370387 0.526307
vt 0.369132 0.526307
vt 0.369132 0.518430
vt 0.364553 0.526306
vt 0.364095 0.526306
vt 0.362759 0.526306
vt 0.362759 0.518430
vt 0.364095 0.518430
vt 0.364553 0.518430
vt 0.365466 0.518430
vt 0.365466 0.526306
vt 0.366773 0.526306
vt 0.366773 0.518430
vt 0.367929 0.518430
vt 0.367929 0.526306
vt 0.353131 0.518682
vt 0.353591 0.518682
vt 0.354927 0.518682
vt 0.354927 0.526559
vt 0.353591 0.526559
vt 0.353131 0.526559
vt 0.352220 0.526559
vt 0.352220 0.518682
vt 0.350913 0.518682
vt 0.350913 0.526559
vt 0.349758 0.526559
vt 0.349758 0.518682
vt 0.345096 0.526683
vt 0.343821 0.526683
vt 0.343821 0.518807
vt 0.345096 0.518807
vt 0.346349 0.518807
vt 0.346459 0.518807
vt 0.346459 0.526683
vt 0.346349 0.526683
vt 0.347814 0.526683
vt 0.347814 0.518807
vt 0.349069 0.518807
vt 0.349069 0.526683
vn 1.000000 0.000000 0.000000
vn 1.000000 0.000000 0.000000
vn 1.000000 0.000000 0.000000
vn 1.000000 0.000000 0.000000
vn 0.000000 0.000000 1.000000
vn 0.000000 0.000000 1.000000
vn 0.000000 0.000000 1.000000
vn 0.000000 0.000000 1.000000
vn -1.000000 0.000000 0.000000
vn -1.000000 0.000000 0.000000
vn -1.000000 0.000000 0.000000
vn -1.000000 0.000000 0.000000
vn 0.000000 -1.000000 0.000000
vn 0.000000 -1.000000 0.000000
vn 0.000000 -1.000000 0.000000
vn 0.000000 -1.000000 0.000000
vn 0.000000 -1.000000 0.000000
vn 0.000000 -1.000000 0.000000
vn 0.000000 -1.000000 0.000000
vn 0.000000 -1.000000 0.000000
vn 0.000000 -1.000000 0.000000
vn 0.000000 -1.000000 0.000000
vn 0.000000 -1.000000 0.000000
vn 0.000000 -1.000000 0.000000
vn 0.000000 -1.000000 0.000000
vn 0.000000 -1.000000 0.000000
vn 0.000000 -1.000000 0.000000
vn 0.000000 -1.000000 0.000000
vn 0.000000 -1.000000 0.000000
vn 0.000000 -1.000000 0.000000
vn 0.000000 -1.000000 0.000000
vn 0.000000 -1.000000 0.000000
vn 0.000000 -1.000000 0.000000
vn 0.000000 -1.000000 0.000000
vn 0.000000 -1.000000 0.000000
vn 0.000000 -1.000000 0.000000
vn 0.000000 -1.000000 0.000000
vn 0.000000 -1.000000 0.000000
vn 0.000000 -1.000000 0.000000
vn 0.000000 -1.000000 0.000000
vn 0.000000 -1.000000 0.000000
vn 0.000000 -1.000000 0.000000
vn 0.000000 -1.000000 0.000000
vn 0.000000 -1.000000 0.000000
vn 0.000000 -1.000000 0.000000
vn 0.000000 -1.000000 0.000000
vn 0.000000 -1.000000 0.000000
vn 0.000000 -1.000000 0.000000
vn 0.000000 -1.000000 0.000000
vn 0.000000 -1.000000 0.000000
vn 0.000000 -1.000000 0.000000
vn 0.000000 -1.000000 0.000000
vn 0.000000 -1.000000 0.000000
vn 0.000000 -1.000000 0.000000
vn 0.000000 -1.000000 0.000000
vn 0.000000 -1.000000 0.000000
vn 0.000000 -1.000000 0.000000
vn 0.000000 -1.000000 0.000000
vn 0.000000 -1.000000 0.000000
vn 0.000000 -1.000000 0.000000
vn 0.000000 -1.000000 0.000000
vn 0.000000 -1.000000 0.000000
vn 0.000000 -1.000000 0.000000
vn 0.000000 -1.000000 0.000000
vn 0.000000 -1.000000 0.000000
vn 0.000000 -1.000000 0.000000
vn 0.000000 -1.000000 0.000000
vn 0.000000 -1.000000 0.000000
vn 0.000000 -1.000000 0.000000
vn 0.000000 -1.000000 0.000000
vn 0.000000 -1.000000 0.000000
vn 0.000000 -1.000000 0.000000
vn 0.000000 -1.000000 0.000000
vn 0.000000 -1.000000 0.000000
vn 0.000000 -1.000000 0.000000
vn 0.000000 -1.000000 0.000000
vn 0.000000 -1.000000 0.000000
vn 0.000000 -1.000000 0.000000
vn 0.000000 -1.000000 0.000000
vn 0.000000 -1.000000 0.000000
vn 0.000000 -1.000000 0.000000
vn 0.000000 -1.000000 0.000000
vn 0.000000 -1.000000 0.000000
vn 0.000000 -1.000000 0.000000
vn 0.000000 -1.000000 0.000000
vn 0.000000 -1.000000 0.000000
vn 0.000000 -1.000000 0.000000
vn 0.000000 -1.000000 0.000000
vn 0.000000 -1.000000 0.000000
vn 0.000000 -1.000000 0.000000
vn 0.000000 -1.000000 0.000000
vn 0.000000 -1.000000 0.000000
vn 0.000000 -1.000000 0.000000
vn 0.000000 -1.000000 0.000000
vn 0.000000 -1.000000 0.000000
vn 0.000000 -1.000000 0.000000
vn 0.000000 -1.000000 0.000000
vn 0.000000 -1.000000 0.000000
vn 0.000000 -1.000000 0.000000
vn 0.000000 -1.000000 0.000000
vn 0.000000 -1.000000 0.000000
vn 0.000000 -1.000000 0.000000
vn 0.000000 -1.000000 0.000000
vn 0.000000 -1.000000 0.000000
vn 0.000000 -1.000000 0.000000
vn 0.000000 -1.000000 0.000000
vn 0.000000 -1.000000 0.000000
vn 0.000000 -1.000000 0.000000
vn 0.000000 -1.000000 0.000000
vn 0.000000 -1.000000 0.000000
vn 0.000000 -1.000000 0.000000
vn 0.000000 -1.000000 0.000000
vn 0.000000 -1.000000 0.000000
vn 0.000000 -1.000000 0.000000
vn 0.000000 0.000000 -1.000000
vn 0.000000 0.000000 -1.000000
vn 0.000000 0.000000 -1.000000
vn 0.000000 0.000000 -1.000000
vn 0.000000 1.000000 0.000000
vn 0.000000 1.000000 0.000000
vn 0.000000 1.000000 0.000000
vn 0.000000 1.000000 0.000000
vn 0.000000 -1.000000 0.000000
vn 0.000000 -1.000000 0.000000
vn 0.000000 -1.000000 0.000000
vn -0.960319 0.000000 0.278905
vn -0.855410 0.000000 0.517951
vn -0.855410 0.000000 0.517951
vn -0.960319 0.000000 0.278905
vn -0.999783 0.000000 0.020853
vn -0.999783 0.000000 0.020853
vn -0.721698 0.000000 -0.692208
vn -0.876264 0.000000 -0.481832
vn -0.876264 0.000000 -0.481832
vn -0.721698 0.000000 -0.692208
vn -0.517951 0.000000 -0.855410
vn -0.517951 0.000000 -0.855410
vn -0.971113 0.000000 -0.238620
vn -0.876264 0.000000 -0.481832
vn -0.876264 0.000000 -0.481832
vn -0.971113 0.000000 -0.238620
vn -0.999783 0.000000 0.020853
vn -0.999783 0.000000 0.020853
vn 0.000000 -1.000000 0.000000
vn 0.000000 -1.000000 0.000000
vn 0.000000 -1.000000 0.000000
vn 0.000000 -1.000000 0.000000
vn 0.000000 -1.000000 0.000000
vn 0.000000 -1.000000 0.000000
vn 0.000000 -1.000000 0.000000
vn 0.000000 -1.000000 0.000000
vn 0.000000 -1.000000 0.000000
vn 0.000000 -1.000000 0.000000
vn 0.000000 -1.000000 0.000000
vn 0.000000 -1.000000 0.000000
vn 0.000000 -1.000000 0.000000
vn 0.000000 -1.000000 0.000000
vn 0.000000 -1.000000 0.000000
vn 0.000000 -1.000000 0.000000
vn 0.000000 -1.000000 0.000000
vn 0.000000 -1.000000 0.000000
vn 0.000000 -1.000000 0.000000
vn 0.000000 -1.000000 0.000000
vn 0.000000 -1.000000 0.000000
vn 0.000000 -1.000000 0.000000
vn 0.000000 -1.000000 0.000000
vn 0.000000 -1.000000 0.000000
vn 0.000000 -1.000000 0.000000
vn 0.000000 -1.000000 0.000000
vn 0.000000 -1.000000 0.000000
vn 0.000000 -1.000000 0.000000
vn 0.000000 -1.000000 0.000000
vn 0.000000 -1.000000 0.000000
vn 0.000000 -1.000000 0.000000
vn 0.000000 -1.000000 0.000000
vn 0.000000 -1.000000 0.000000
vn 0.000000 -1.000000 0.000000
vn 0.000000 -1.000000 0.000000
vn 0.000000 -1.000000 0.000000
vn 0.000000 -1.000000 0.000000
vn 0.000000 -1.000000 0.000000
vn 0.000000 -1.000000 0.000000
vn 0.000000 -1.000000 0.000000
vn 0.000000 -1.000000 0.000000
vn -0.721698 0.000000 -0.692208
vn -0.876264 0.000000 -0.481832
vn -0.876264 0.000000 -0.481832
vn -0.721698 0.000000 -0.692208
vn -0.517951 0.000000 -0.855410
vn -0.517951 0.000000 -0.855410
vn 0.000000 1.000000 0.000000
vn 0.000000 1.000000 0.000000
vn 0.000000 1.000000 0.000000
vn 0.000000 1.000000 0.000000
vn 0.000000 1.000000 0.000000
vn 0.000000 1.000000 0.000000
vn 0.000000 1.000000 0.000000
vn 0.000000 1.000000 0.000000
vn 0.000000 1.000000 0.000000
vn 0.000000 1.000000 0.000000
vn 0.000000 1.000000 0.000000
vn 0.000000 1.000000 0.000000
vn 0.000000 1.000000 0.000000
vn 0.000000 1.000000 0.000000
vn 0.000000 1.000000 0.000000
vn 0.000000 1.000000 0.000000
vn 0.000000 1.000000 0.000000
vn 0.000000 1.000000 0.000000
vn 0.000000 1.000000 0.000000
vn 0.000000 1.000000 0.000000
vn 0.000000 1.000000 0.000000
vn 0.000000 1.000000 0.000000
vn 0.000000 1.000000 0.000000
vn 0.000000 1.000000 0.000000
vn 0.000000 1.000000 0.000000
vn 0.000000 1.000000 0.000000
vn 0.000000 1.000000 0.000000
vn -0.692208 0.000000 0.721698
vn -0.855410 0.000000 0.517951
vn -0.855410 0.000000 0.517951
vn -0.692208 0.000000 0.721698
vn -0.481832 0.000000 0.876264
vn -0.481832 0.000000 0.876264
vn -0.238620 -0.000000 0.971113
vn -0.481832 0.000000 0.876264
vn -0.481832 0.000000 0.876264
vn -0.238620 -0.000000 0.971113
vn -0.109823 -0.000000 0.993951
vn 0.020853 -0.000000 0.999783
vn 0.020853 -0.000000 0.999783
vn 0.278905 0.000000 0.960319
vn 0.020853 -0.000000 0.999783
vn 0.020853 -0.000000 0.999783
vn 0.278905 0.000000 0.960319
vn 0.517951 0.000000 0.855410
vn 0.517951 0.000000 0.855410
vn 0.721698 0.000000 0.692208
vn 0.625173 0.000000 0.780486
vn 0.517951 0.000000 0.855410
vn 0.517951 0.000000 0.855410
vn 0.721698 0.000000 0.692208
vn 0.876264 0.000000 0.481832
vn 0.876264 0.000000 0.481832
vn 0.692208 0.000000 -0.721698
vn 0.780486 0.000000 -0.625173
vn 0.855410 0.000000 -0.517951
vn 0.855410 0.000000 -0.517951
vn 0.780486 0.000000 -0.625173
vn 0.692208 0.000000 -0.721698
vn 0.481832 0.000000 -0.876264
vn 0.481832 0.000000 -0.876264
vn 0.238620 0.000000 -0.971113
vn 0.481832 0.000000 -0.876264
vn 0.481832 0.000000 -0.876264
vn 0.238620 0.000000 -0.971113
vn 0.109823 0.000000 -0.993951
vn 0.109823 0.000000 -0.993951
vn -0.278905 0.000000 -0.960319
vn -0.020853 0.000000 -0.999783
vn 0.109823 0.000000 -0.993951
vn 0.109823 0.000000 -0.993951
vn -0.020853 0.000000 -0.999783
vn -0.278905 0.000000 -0.960319
vn -0.517951 0.000000 -0.855410
vn -0.517951 0.000000 -0.855410
vn 0.000000 1.000000 0.000000
vn 0.000000 1.000000 0.000000
vn 0.000000 1.000000 0.000000
vn 0.000000 1.000000 0.000000
vn 0.000000 1.000000 0.000000
vn 0.000000 1.000000 0.000000
vn 0.000000 1.000000 0.000000
vn 0.000000 1.000000 0.000000
vn 0.000000 1.000000 0.000000
vn 0.000000 1.000000 0.000000
vn 0.000000 1.000000 0.000000
vn 0.000000 1.000000 0.000000
vn 0.000000 1.000000 0.000000
vn 0.000000 1.000000 0.000000
vn 0.000000 1.000000 0.000000
vn 0.000000 1.000000 0.000000
vn 0.000000 1.000000 0.000000
vn 0.000000 1.000000 0.000000
vn 0.000000 1.000000 0.000000
vn 0.000000 1.000000 0.000000
vn 0.000000 1.000000 0.000000
vn 0.000000 1.000000 0.000000
vn 0.000000 1.000000 0.000000
vn 0.000000 1.000000 0.000000
vn 0.000000 1.000000 0.000000
vn 0.000000 1.000000 0.000000
vn 0.000000 1.000000 0.000000
vn 0.000000 1.000000 0.000000
vn 0.971113 0.000000 0.238620
vn 0.876264 0.000000 0.481832
vn 0.876264 0.000000 0.481832
vn 0.971113 0.000000 0.238620
vn 0.999783 0.000000 -0.020853
vn 0.999783 0.000000 -0.020853
vn 0.960319 0.000000 -0.278905
vn 0.855410 0.000000 -0.517951
vn 0.855410 0.000000 -0.517951
vn 0.960319 0.000000 -0.278905
vn 0.999783 0.000000 -0.020853
vn 0.999783 0.000000 -0.020853
vn -1.000000 0.000000 0.000000
vn -1.000000 0.000000 0.000000
vn -1.000000 0.000000 0.000000
vn -1.000000 0.000000 0.000000
vn -1.000000 0.000000 0.000000
vn -1.000000 0.000000 0.000000
vn -1.000000 0.000000 0.000000
vn -1.000000 0.000000 0.000000
vn -1.000000 0.000000 0.000000
vn 0.000000 0.000000 -1.000000
vn 0.000000 0.000000 -1.000000
vn 0.000000 0.000000 -1.000000
vn 0.000000 0.000000 -1.000000
vn -1.000000 0.000000 0.000000
vn -1.000000 0.000000 0.000000
vn -1.000000 0.000000 0.000000
vn -1.000000 0.000000 0.000000
vn -1.000000 0.000000 0.000000
vn -1.000000 0.000000 0.000000
vn -1.000000 0.000000 0.000000
vn -1.000000 0.000000 0.000000
vn -1.000000 0.000000 0.000000
vn -1.000000 0.000000 0.000000
vn 0.000000 -1.000000 0.000000
vn 0.000000 -1.000000 0.000000
vn 0.000000 -1.000000 0.000000
vn 0.000000 -1.000000 0.000000
vn 0.000000 0.000000 1.000000
vn 0.000000 0.000000 1.000000
vn 0.000000 0.000000 1.000000
vn 0.000000 0.000000 1.000000
vn 0.000000 1.000000 0.000000
vn 0.000000 1.000000 0.000000
vn 0.000000 1.000000 0.000000
vn 0.000000 1.000000 0.000000
vn 0.000000 0.000000 -1.000000
vn 0.000000 0.000000 -1.000000
vn 0.000000 0.000000 -1.000000
vn 0.000000 0.000000 -1.000000
vn -0.000000 -0.000000 -1.000000
vn -0.000000 -0.000000 -1.000000
vn -0.000000 -0.000000 -1.000000
vn -0.000000 -0.000000 -1.000000
vn -0.000000 -0.000000 -1.000000
vn -0.000000 -0.000000 -1.000000
vn -0.000000 -0.000000 -1.000000
vn -0.000000 -0.000000 -1.000000
vn -1.000000 0.000000 0.000000
vn -1.000000 0.000000 0.000000
vn -1.000000 0.000000 0.000000
vn -0.000000 -1.000000 -0.000000
vn -0.000000 -1.000000 -0.000000
vn -0.000000 -1.000000 -0.000000
vn -0.000000 -1.000000 -0.000000
vn -0.000000 -1.000000 -0.000000
vn -0.000000 -1.000000 -0.000000
vn -0.000000 -1.000000 -0.000000
vn -0.000000 -1.000000 -0.000000
vn -0.000000 -1.000000 -0.000000
vn -0.000000 -1.000000 -0.000000
vn -0.000000 -1.000000 -0.000000
vn -0.000000 -1.000000 -0.000000
vn -0.000000 -1.000000 -0.000000
vn -0.000000 -1.000000 -0.000000
vn -0.000000 -1.000000 -0.000000
vn -0.000000 -1.000000 -0.000000
vn -0.000000 -1.000000 -0.000000
vn -0.000000 -1.000000 -0.000000
vn -0.000000 -1.000000 -0.000000
vn -0.000000 -1.000000 -0.000000
vn -0.000000 -1.000000 -0.000000
vn -0.000000 -1.000000 -0.000000
vn -0.000000 -1.000000 -0.000000
vn -0.000000 -1.000000 -0.000000
vn -0.000000 -1.000000 -0.000000
vn -0.000000 -1.000000 -0.000000
vn -0.000000 -1.000000 -0.000000
vn -0.000000 -1.000000 -0.000000
vn -0.000000 -1.000000 -0.000000
vn 0.000000 -0.290007 -0.957024
vn 0.000000 -0.290007 -0.957024
vn 0.000000 -0.290007 -0.957024
vn 0.000000 -0.290007 -0.957024
vn -1.000000 0.000000 0.000000
vn -1.000000 0.000000 0.000000
vn -1.000000 0.000000 0.000000
vn -1.000000 0.000000 0.000000
vn -1.000000 0.000000 0.000000
vn -1.000000 0.000000 0.000000
vn -1.000000 0.000000 0.000000
vn -1.000000 0.000000 0.000000
vn -1.000000 0.000000 0.000000
vn -1.000000 0.000000 0.000000
vn -1.000000 0.000000 0.000000
vn -1.000000 0.000000 0.000000
vn -1.000000 0.000000 0.000000
vn -1.000000 0.000000 0.000000
vn -1.000000 0.000000 0.000000
vn 0.000000 1.000000 0.000000
vn 0.000000 1.000000 0.000000
vn 0.000000 1.000000 0.000000
vn 0.000000 1.000000 0.000000
vn -0.000000 -0.000000 1.000000
vn -0.000000 -0.000000 1.000000
vn -0.000000 -0.000000 1.000000
vn -0.000000 -0.000000 1.000000
vn 0.000000 -1.000000 -0.000000
vn 0.000000 -1.000000 -0.000000
vn 0.000000 -1.000000 -0.000000
vn 0.000000 -1.000000 -0.000000
vn -0.000000 -0.000000 1.000000
vn -0.000000 -0.000000 1.000000
vn -0.000000 -0.000000 1.000000
vn -0.000000 -0.000000 1.000000
vn -0.000000 -0.000000 1.000000
vn -0.000000 -0.000000 1.000000
vn -0.000000 -0.000000 1.000000
vn -0.000000 -0.000000 1.000000
vn -0.000000 -0.000000 1.000000
vn -0.000000 -0.000000 1.000000
vn -0.000000 -0.000000 1.000000
vn -0.000000 -0.000000 1.000000
vn -0.000000 -0.000000 1.000000
vn -0.000000 -0.000000 1.000000
vn -0.000000 -0.000000 1.000000
vn -0.000000 -0.000000 1.000000
vn -0.000000 -0.000000 1.000000
vn -0.000000 -0.000000 1.000000
vn -0.000000 -0.000000 1.000000
vn -0.000000 -0.000000 1.000000
vn -0.000000 -0.000000 1.000000
vn -0.000000 -0.000000 1.000000
vn -0.000000 -0.000000 1.000000
vn -0.000000 -0.000000 1.000000
vn -1.000000 0.000000 0.000000
vn -1.000000 0.000000 0.000000
vn -1.000000 0.000000 0.000000
vn -1.000000 0.000000 0.000000
vn -0.000000 0.000000 1.000000
vn -0.000000 0.000000 1.000000
vn -0.000000 0.000000 1.000000
vn -0.000000 0.000000 1.000000
vn 0.000000 1.000000 -0.000000
vn 0.000000 1.000000 -0.000000
vn 0.000000 1.000000 -0.000000
vn 0.000000 1.000000 -0.000000
vn 0.000000 1.000000 -0.000000
vn 0.000000 1.000000 -0.000000
vn 0.000000 1.000000 -0.000000
vn 0.000000 1.000000 -0.000000
vn 0.000000 1.000000 -0.000000
vn 0.000000 1.000000 -0.000000
vn 0.000000 1.000000 -0.000000
vn 0.000000 1.000000 -0.000000
vn 0.000000 1.000000 -0.000000
vn 0.000000 1.000000 -0.000000
vn 0.000000 1.000000 -0.000000
vn 0.000000 1.000000 -0.000000
vn 0.000000 1.000000 -0.000000
vn 0.000000 1.000000 -0.000000
vn 0.000000 1.000000 -0.000000
vn 0.000000 1.000000 -0.000000
vn 0.000000 1.000000 -0.000000
vn 0.000000 1.000000 -0.000000
vn 0.000000 1.000000 -0.000000
vn 0.000000 1.000000 -0.000000
vn 0.000000 1.000000 -0.000000
vn 0.000000 1.000000 -0.000000
vn 0.000000 1.000000 -0.000000
vn 0.000000 1.000000 -0.000000
vn 0.000000 1.000000 -0.000000
vn 0.000000 1.000000 -0.000000
vn 0.000000 1.000000 -0.000000
vn 0.000000 1.000000 -0.000000
vn 0.000000 1.000000 -0.000000
vn 0.000000 1.000000 -0.000000
vn 0.000000 1.000000 -0.000000
vn 0.000000 1.000000 -0.000000
vn 0.000000 1.000000 -0.000000
vn 0.000000 1.000000 -0.000000
vn 0.000000 1.000000 -0.000000
vn 0.000000 1.000000 -0.000000
vn 0.000000 1.000000 -0.000000
vn 0.000000 1.000000 -0.000000
vn 0.000000 1.000000 -0.000000
vn 0.000000 1.000000 -0.000000
vn 0.000000 0.000000 1.000000
vn 0.000000 0.000000 1.000000
vn 0.000000 0.000000 1.000000
vn 0.000000 0.000000 1.000000
vn 1.000000 0.000000 0.000000
vn 1.000000 0.000000 0.000000
vn 1.000000 0.000000 0.000000
vn 1.000000 0.000000 0.000000
vn 0.382683 0.000000 -0.923880
vn 0.500000 0.000000 -0.866025
vn 0.500000 0.000000 -0.866025
vn 0.382683 0.000000 -0.923880
vn 0.258819 0.000000 -0.965926
vn 0.258819 0.000000 -0.965926
vn 0.608761 0.000000 -0.793353
vn 0.500000 0.000000 -0.866025
vn 0.500000 0.000000 -0.866025
vn 0.608761 0.000000 -0.793353
vn 0.707107 0.000000 -0.707107
vn 0.707107 0.000000 -0.707107
vn 0.793353 0.000000 -0.608761
vn 0.707107 0.000000 -0.707107
vn 0.707107 0.000000 -0.707107
vn 0.793353 0.000000 -0.608761
vn 0.866025 0.000000 -0.500000
vn 0.866025 0.000000 -0.500000
vn 0.923880 0.000000 -0.382683
vn 0.866025 0.000000 -0.500000
vn 0.866025 0.000000 -0.500000
vn 0.923880 0.000000 -0.382683
vn 0.965926 0.000000 -0.258819
vn 0.965926 0.000000 -0.258819
vn 0.991445 0.000000 -0.130526
vn 0.965926 0.000000 -0.258819
vn 0.965926 0.000000 -0.258819
vn 0.991445 0.000000 -0.130526
vn 0.997859 0.000000 -0.065403
vn 0.997859 0.000000 -0.065403
vn 0.130526 0.000000 -0.991445
vn 0.258819 0.000000 -0.965926
vn 0.258819 0.000000 -0.965926
vn 0.130526 0.000000 -0.991445
vn 0.065403 0.000000 -0.997859
vn 0.065403 0.000000 -0.997859
vn -0.866025 0.000000 -0.500000
vn -0.965926 0.000000 -0.258819
vn -0.965926 0.000000 -0.258819
vn -0.866025 0.000000 -0.500000
vn -1.000000 0.000000 0.000000
vn -0.965926 0.000000 -0.258819
vn -0.965926 0.000000 -0.258819
vn -1.000000 0.000000 0.000000
vn -0.965926 0.000000 0.258819
vn -0.965926 0.000000 0.258819
vn -0.866025 0.000000 0.500000
vn -0.965926 0.000000 0.258819
vn -0.965926 0.000000 0.258819
vn -0.866025 0.000000 0.500000
vn -0.707107 0.000000 0.707107
vn -0.707107 0.000000 0.707107
vn -0.500000 0.000000 0.866025
vn -0.707107 0.000000 0.707107
vn -0.707107 0.000000 0.707107
vn -0.500000 0.000000 0.866025
vn -0.258819 0.000000 0.965926
vn -0.258819 0.000000 0.965926
vn 0.000000 0.000000 1.000000
vn -0.258819 0.000000 0.965926
vn -0.258819 0.000000 0.965926
vn 0.000000 0.000000 1.000000
vn 0.258819 0.000000 0.965926
vn 0.258819 0.000000 0.965926
vn 0.500000 0.000000 0.866025
vn 0.258819 0.000000 0.965926
vn 0.258819 0.000000 0.965926
vn 0.500000 0.000000 0.866025
vn 0.707107 0.000000 0.707107
vn 0.707107 0.000000 0.707107
vn 0.866025 0.000000 0.500000
vn 0.707107 0.000000 0.707107
vn 0.707107 0.000000 0.707107
vn 0.866025 0.000000 0.500000
vn 0.965926 0.000000 0.258819
vn 1.000000 0.000000 0.000000
vn 1.000000 0.000000 0.000000
vn 0.965926 0.000000 0.258819
vn 0.965926 0.000000 -0.258819
vn 1.000000 0.000000 0.000000
vn 1.000000 0.000000 0.000000
vn 0.965926 0.000000 -0.258819
vn 0.866025 0.000000 -0.500000
vn 0.866025 0.000000 -0.500000
vn 0.707107 0.000000 -0.707107
vn 0.866025 0.000000 -0.500000
vn 0.866025 0.000000 -0.500000
vn 0.707107 0.000000 -0.707107
vn 0.500000 0.000000 -0.866025
vn 0.500000 0.000000 -0.866025
vn 0.258819 0.000000 -0.965926
vn 0.500000 0.000000 -0.866025
vn 0.500000 0.000000 -0.866025
vn 0.258819 0.000000 -0.965926
vn 0.000000 0.000000 -1.000000
vn 0.000000 0.000000 -1.000000
vn -0.258819 0.000000 -0.965926
vn 0.000000 0.000000 -1.000000
vn 0.000000 0.000000 -1.000000
vn -0.258819 0.000000 -0.965926
vn -0.500000 0.000000 -0.866025
vn -0.500000 0.000000 -0.866025
vn -0.707107 0.000000 -0.707107
vn -0.500000 0.000000 -0.866025
vn -0.500000 0.000000 -0.866025
vn -0.707107 0.000000 -0.707107
vn -0.866025 0.000000 -0.500000
vn -0.866025 0.000000 -0.500000
vn -1.000000 0.000000 0.000000
vn -1.000000 0.000000 0.000000
vn -1.000000 0.000000 0.000000
vn -1.000000 0.000000 0.000000
vn 0.000000 1.000000 0.000000
vn 0.000000 1.000000 0.000000
vn 0.000000 1.000000 0.000000
vn 0.000000 1.000000 0.000000
vn 0.000000 1.000000 0.000000
vn 0.000000 1.000000 0.000000
vn 0.000000 1.000000 0.000000
vn 0.000000 1.000000 0.000000
vn 0.000000 1.000000 0.000000
vn 0.000000 1.000000 0.000000
vn 0.000000 1.000000 0.000000
vn 0.000000 1.000000 0.000000
vn 0.000000 1.000000 0.000000
vn 0.000000 1.000000 0.000000
vn 0.000000 1.000000 0.000000
vn 0.000000 1.000000 0.000000
vn 0.000000 0.000000 -1.000000
vn 0.000000 0.000000 -1.000000
vn 0.000000 0.000000 -1.000000
vn 0.000000 0.000000 -1.000000
vn 0.130526 -0.000000 -0.991445
vn 0.065403 -0.000000 -0.997859
vn 0.065403 -0.000000 -0.997859
vn 0.130526 -0.000000 -0.991445
vn 0.258819 -0.000000 -0.965926
vn 0.258819 -0.000000 -0.965926
vn 0.000000 -1.000000 0.000000
vn 0.000000 -1.000000 0.000000
vn 0.000000 -1.000000 0.000000
vn 0.000000 -1.000000 0.000000
vn 0.000000 -1.000000 0.000000
vn 0.000000 -1.000000 0.000000
vn 0.000000 -1.000000 0.000000
vn 0.000000 -1.000000 0.000000
vn 0.000000 -1.000000 0.000000
vn 0.000000 -1.000000 0.000000
vn 0.000000 -1.000000 0.000000
vn 0.000000 -1.000000 0.000000
vn 0.000000 -1.000000 0.000000
vn 0.000000 -1.000000 0.000000
vn 0.000000 -1.000000 0.000000
vn 0.000000 -1.000000 0.000000
vn 0.000000 -1.000000 0.000000
vn 0.000000 -1.000000 0.000000
vn 0.000000 -1.000000 0.000000
vn 0.000000 -1.000000 0.000000
vn 0.000000 -1.000000 0.000000
vn 0.000000 -1.000000 0.000000
vn 0.000000 -1.000000 0.000000
vn 0.000000 -1.000000 0.000000
vn 0.382683 -0.000000 -0.923880
vn 0.258819 -0.000000 -0.965926
vn 0.258819 -0.000000 -0.965926
vn 0.382683 -0.000000 -0.923880
vn 0.500000 -0.000000 -0.866025
vn 0.500000 -0.000000 -0.866025
vn 0.000000 0.000000 1.000000
vn 0.000000 0.000000 1.000000
vn 0.000000 0.000000 1.000000
vn 0.000000 0.000000 1.000000
vn 1.000000 0.000000 0.000000
vn 1.000000 0.000000 0.000000
vn 1.000000 0.000000 0.000000
vn 1.000000 0.000000 0.000000
vn -0.000000 -1.000000 -0.000000
vn -0.000000 -1.000000 -0.000000
vn -0.000000 -1.000000 -0.000000
vn -0.000000 -1.000000 -0.000000
vn -0.000000 -1.000000 -0.000000
vn -0.000000 -1.000000 -0.000000
vn -0.000000 -1.000000 -0.000000
vn -0.000000 -1.000000 -0.000000
vn -0.000000 -1.000000 -0.000000
vn -0.000000 -1.000000 -0.000000
vn -0.000000 -1.000000 -0.000000
vn -0.000000 -1.000000 -0.000000
vn -0.000000 -1.000000 -0.000000
vn -0.000000 -1.000000 -0.000000
vn -0.000000 -1.000000 -0.000000
vn -0.000000 -1.000000 -0.000000
vn -0.000000 -1.000000 -0.000000
vn -0.000000 -1.000000 -0.000000
vn -0.000000 -1.000000 -0.000000
vn -0.000000 -1.000000 -0.000000
vn -0.000000 -1.000000 -0.000000
vn -0.000000 -1.000000 -0.000000
vn -0.000000 -1.000000 -0.000000
vn -0.000000 -1.000000 -0.000000
vn -0.000000 -1.000000 -0.000000
vn -0.000000 -1.000000 -0.000000
vn -0.000000 -1.000000 -0.000000
vn -0.000000 -1.000000 -0.000000
vn -0.000000 -1.000000 -0.000000
vn -0.000000 -1.000000 -0.000000
vn -0.000000 -1.000000 -0.000000
vn -0.000000 -1.000000 -0.000000
vn -0.000000 -1.000000 -0.000000
vn -0.000000 -1.000000 -0.000000
vn -0.000000 -1.000000 -0.000000
vn -0.000000 -1.000000 -0.000000
vn -0.000000 -1.000000 -0.000000
vn -0.000000 -1.000000 -0.000000
vn -0.000000 -1.000000 -0.000000
vn -0.000000 -1.000000 -0.000000
vn 0.608761 -0.000000 -0.793353
vn 0.500000 -0.000000 -0.866025
vn 0.500000 -0.000000 -0.866025
vn 0.608761 -0.000000 -0.793353
vn 0.707107 -0.000000 -0.707107
vn 0.707107 -0.000000 -0.707107
vn 0.793353 -0.000000 -0.608761
vn 0.707107 -0.000000 -0.707107
vn 0.707107 -0.000000 -0.707107
vn 0.793353 -0.000000 -0.608761
vn 0.866025 -0.000000 -0.500000
vn 0.866025 -0.000000 -0.500000
vn 0.923880 -0.000000 -0.382683
vn 0.866025 -0.000000 -0.500000
vn 0.866025 -0.000000 -0.500000
vn 0.923880 -0.000000 -0.382683
vn 0.965926 -0.000000 -0.258819
vn 0.965926 -0.000000 -0.258819
vn 0.991445 -0.000000 -0.130526
vn 0.965926 -0.000000 -0.258819
vn 0.965926 -0.000000 -0.258819
vn 0.991445 -0.000000 -0.130526
vn 0.997859 -0.000000 -0.065403
vn 0.997859 -0.000000 -0.065403
vn 0.000000 0.000000 -1.000000
vn 0.000000 0.000000 -1.000000
vn 0.000000 0.000000 -1.000000
vn 0.000000 0.000000 -1.000000
vn -1.000000 -0.000000 -0.000000
vn -1.000000 -0.000000 -0.000000
vn -1.000000 -0.000000 -0.000000
vn -1.000000 -0.000000 -0.000000
vn 1.000000 -0.000000 -0.000000
vn 1.000000 -0.000000 -0.000000
vn 1.000000 -0.000000 -0.000000
vn 0.000000 -0.290007 -0.957024
vn 0.000000 -0.290007 -0.957024
vn 0.000000 -0.290007 -0.957024
vn 0.000000 -0.290007 -0.957024
vn 0.000000 -0.290007 -0.957024
vn 1.000000 0.000000 0.000000
vn 1.000000 0.000000 0.000000
vn 1.000000 0.000000 0.000000
vn 1.000000 0.000000 0.000000
vn 0.000000 -1.000000 0.000000
vn 0.000000 -1.000000 0.000000
vn 0.000000 -1.000000 0.000000
vn 0.000000 -1.000000 0.000000
vn -1.000000 0.000000 0.000000
vn -1.000000 0.000000 0.000000
vn -1.000000 0.000000 0.000000
vn -1.000000 0.000000 0.000000
vn 0.000000 -0.290007 -0.957024
vn 0.000000 -0.290007 -0.957024
vn 0.000000 -0.290007 -0.957024
vn 0.000000 -0.290007 -0.957024
vn 0.000000 0.000000 -1.000000
vn 0.000000 0.000000 -1.000000
vn 0.000000 0.000000 -1.000000
vn 0.000000 0.000000 -1.000000
vn 0.000000 0.000000 -1.000000
vn 0.000000 0.000000 -1.000000
vn 0.000000 0.000000 -1.000000
vn 0.000000 0.000000 -1.000000
vn 0.000000 0.000000 -1.000000
vn 0.000000 0.000000 -1.000000
vn 0.000000 0.000000 -1.000000
vn 0.000000 1.000000 0.000000
vn 0.000000 1.000000 0.000000
vn 0.000000 1.000000 0.000000
vn 0.000000 1.000000 0.000000
vn 1.000000 0.000000 0.000000
vn 1.000000 0.000000 0.000000
vn 1.000000 0.000000 0.000000
vn 1.000000 0.000000 0.000000
vn 0.000000 -1.000000 0.000000
vn 0.000000 -1.000000 0.000000
vn 0.000000 -1.000000 0.000000
vn 0.000000 -1.000000 0.000000
vn 0.000000 -1.000000 0.000000
vn 0.000000 0.000000 1.000000
vn 0.000000 0.000000 1.000000
vn 0.000000 0.000000 1.000000
vn 0.000000 0.000000 1.000000
vn 0.000000 0.000000 1.000000
vn 0.000000 0.000000 1.000000
vn 0.000000 0.000000 1.000000
vn 0.000000 0.000000 1.000000
vn 1.000000 -0.000000 -0.000000
vn 1.000000 -0.000000 -0.000000
vn 1.000000 -0.000000 -0.000000
vn 1.000000 -0.000000 -0.000000
vn 1.000000 -0.000000 -0.000000
vn 1.000000 -0.000000 -0.000000
vn 1.000000 -0.000000 -0.000000
vn 1.000000 -0.000000 -0.000000
vn 1.000000 -0.000000 -0.000000
vn 1.000000 0.000000 0.000000
vn 1.000000 0.000000 0.000000
vn 1.000000 0.000000 0.000000
vn 1.000000 0.000000 0.000000
vn 1.000000 0.000000 0.000000
vn 0.000000 1.000000 -0.000000
vn 0.000000 1.000000 -0.000000
vn 0.000000 1.000000 -0.000000
vn 0.000000 1.000000 0.000000
vn 0.000000 1.000000 0.000000
vn 0.000000 1.000000 0.000000
vn 0.000000 1.000000 0.000000
vn 0.000000 1.000000 0.000000
vn 0.000000 1.000000 0.000000
vn 0.000000 1.000000 0.000000
vn 0.000000 1.000000 0.000000
vn 0.000000 1.000000 0.000000
vn 0.000000 1.000000 0.000000
vn 0.000000 1.000000 0.000000
vn 0.000000 1.000000 0.000000
vn 0.000000 1.000000 0.000000
vn 0.000000 1.000000 0.000000
vn 0.000000 1.000000 0.000000
vn 0.000000 1.000000 0.000000
vn 0.000000 1.000000 0.000000
vn 0.000000 1.000000 0.000000
vn 0.000000 1.000000 0.000000
vn 0.000000 1.000000 0.000000
vn 0.000000 1.000000 0.000000
vn 0.000000 1.000000 0.000000
vn 0.000000 1.000000 0.000000
vn 0.000000 1.000000 0.000000
vn 0.000000 1.000000 0.000000
vn 0.000000 1.000000 0.000000
vn 0.000000 1.000000 0.000000
vn 0.000000 1.000000 0.000000
vn 0.000000 1.000000 0.000000
vn 0.000000 1.000000 0.000000
vn 0.965926 0.000000 0.258819
vn 1.000000 0.000000 0.000000
vn 1.000000 0.000000 0.000000
vn 0.965926 0.000000 0.258819
vn 0.866025 0.000000 0.500000
vn 0.866025 0.000000 0.500000
vn 0.965926 0.000000 -0.258819
vn 1.000000 0.000000 0.000000
vn 1.000000 0.000000 0.000000
vn 0.965926 0.000000 -0.258819
vn 0.866025 0.000000 -0.500000
vn 0.866025 0.000000 -0.500000
vn 0.707107 0.000000 -0.707107
vn 0.866025 0.000000 -0.500000
vn 0.866025 0.000000 -0.500000
vn 0.707107 0.000000 -0.707107
vn 0.500000 0.000000 -0.866025
vn 0.500000 0.000000 -0.866025
vn 0.258819 0.000000 -0.965926
vn 0.500000 0.000000 -0.866025
vn 0.500000 0.000000 -0.866025
vn 0.258819 0.000000 -0.965926
vn 0.000000 0.000000 -1.000000
vn 0.000000 0.000000 -1.000000
vn -0.258819 0.000000 -0.965926
vn 0.000000 0.000000 -1.000000
vn 0.000000 0.000000 -1.000000
vn -0.258819 0.000000 -0.965926
vn -0.500000 0.000000 -0.866025
vn -0.500000 0.000000 -0.866025
vn -0.707107 0.000000 -0.707107
vn -0.500000 0.000000 -0.866025
vn -0.500000 0.000000 -0.866025
vn -0.707107 0.000000 -0.707107
vn -0.866025 0.000000 -0.500000
vn -0.866025 0.000000 -0.500000
vn -0.965926 0.000000 -0.258819
vn -0.866025 0.000000 -0.500000
vn -0.866025 0.000000 -0.500000
vn -0.965926 0.000000 -0.258819
vn -1.000000 0.000000 0.000000
vn -1.000000 0.000000 0.000000
vn -0.965926 0.000000 0.258819
vn -1.000000 0.000000 0.000000
vn -1.000000 0.000000 0.000000
vn -0.965926 0.000000 0.258819
vn -0.866025 0.000000 0.500000
vn -0.866025 0.000000 0.500000
vn -0.707107 0.000000 0.707107
vn -0.866025 0.000000 0.500000
vn -0.866025 0.000000 0.500000
vn -0.707107 0.000000 0.707107
vn -0.500000 0.000000 0.866025
vn -0.500000 0.000000 0.866025
vn -0.258819 0.000000 0.965926
vn -0.500000 0.000000 0.866025
vn -0.500000 0.000000 0.866025
vn -0.258819 0.000000 0.965926
vn 0.000000 0.000000 1.000000
vn 0.000000 0.000000 1.000000
vn 0.258819 0.000000 0.965926
vn 0.000000 0.000000 1.000000
vn 0.000000 0.000000 1.000000
vn 0.258819 0.000000 0.965926
vn 0.500000 0.000000 0.866025
vn 0.500000 0.000000 0.866025
vn 0.707107 0.000000 0.707107
vn 0.500000 0.000000 0.866025
vn 0.500000 0.000000 0.866025
vn 0.707107 0.000000 0.707107
vn 0.866025 0.000000 0.500000
vn 0.866025 0.000000 0.500000
vn 0.000000 -1.000000 0.000000
vn 0.000000 -1.000000 0.000000
vn 0.000000 -1.000000 0.000000
vn 0.000000 -1.000000 0.000000
vn 0.000000 -1.000000 0.000000
vn 0.000000 -1.000000 0.000000
vn 0.000000 -1.000000 0.000000
vn 0.000000 -1.000000 0.000000
vn 0.000000 -1.000000 0.000000
vn 0.000000 -1.000000 0.000000
vn 0.000000 -1.000000 0.000000
vn 0.000000 -1.000000 0.000000
vn 0.000000 -1.000000 0.000000
vn 0.000000 -1.000000 0.000000
vn 0.000000 -1.000000 0.000000
vn 0.000000 -1.000000 0.000000
vn 0.000000 -1.000000 0.000000
vn 0.000000 -1.000000 0.000000
vn 0.000000 -1.000000 0.000000
vn 0.000000 -1.000000 0.000000
vn 0.000000 -1.000000 0.000000
vn 0.000000 -1.000000 0.000000
vn 0.000000 -1.000000 0.000000
vn 0.000000 -1.000000 0.000000
vn 0.000000 -1.000000 0.000000
vn 0.000000 -1.000000 0.000000
vn 0.000000 -1.000000 0.000000
vn 0.000000 -1.000000 0.000000
vn 0.000000 -1.000000 0.000000
vn 0.000000 -1.000000 0.000000
vn 0.000000 -1.000000 0.000000
vn 0.000000 -1.000000 0.000000
vn 0.000000 -1.000000 0.000000
vn 0.000000 -1.000000 0.000000
vn 0.000000 -1.000000 0.000000
vn 0.000000 -1.000000 0.000000
vn 0.000000 -1.000000 0.000000
vn 0.000000 -1.000000 0.000000
vn 0.000000 -1.000000 0.000000
vn 0.000000 -1.000000 0.000000
vn 0.000000 -1.000000 0.000000
vn 0.000000 -1.000000 0.000000
vn 0.000000 -1.000000 0.000000
vn 0.000000 -1.000000 0.000000
vn 0.000000 -1.000000 0.000000
vn 0.000000 0.000000 -1.000000
vn 0.000000 0.000000 -1.000000
vn 0.000000 0.000000 -1.000000
vn 0.000000 0.000000 -1.000000
vn -1.000000 0.000000 0.000000
vn -1.000000 0.000000 0.000000
vn -1.000000 0.000000 0.000000
vn -1.000000 0.000000 0.000000
vn 0.000000 0.000000 1.000000
vn 0.000000 0.000000 1.000000
vn 0.000000 0.000000 1.000000
vn 0.000000 0.000000 1.000000
vn 1.000000 0.000000 0.000000
vn 1.000000 0.000000 0.000000
vn 1.000000 0.000000 0.000000
vn 1.000000 0.000000 0.000000
vn 0.000000 -1.000000 0.000000
vn 0.000000 -1.000000 0.000000
vn 0.000000 -1.000000 0.000000
vn 0.000000 -1.000000 0.000000
vn 0.000000 -1.000000 0.000000
vn 0.000000 -1.000000 0.000000
vn 0.000000 -1.000000 0.000000
vn 0.000000 -1.000000 0.000000
vn 0.000000 -1.000000 0.000000
vn 0.000000 -1.000000 0.000000
vn 0.000000 -1.000000 0.000000
vn 0.000000 -1.000000 0.000000
vn 0.000000 -1.000000 0.000000
vn 0.000000 -1.000000 0.000000
vn 0.000000 -1.000000 0.000000
vn 0.000000 -1.000000 0.000000
vn 0.000000 -1.000000 0.000000
vn 0.000000 -1.000000 0.000000
vn 0.000000 -1.000000 0.000000
vn 0.000000 -1.000000 0.000000
vn 0.000000 -1.000000 0.000000
vn 0.000000 -1.000000 0.000000
vn 0.000000 -1.000000 0.000000
vn 0.000000 -1.000000 0.000000
vn 0.965926 0.000000 -0.258819
vn 1.000000 0.000000 0.000000
vn 1.000000 0.000000 0.000000
vn 0.965926 0.000000 -0.258819
vn 0.866025 0.000000 -0.500000
vn 0.866025 0.000000 -0.500000
vn 0.707107 0.000000 -0.707107
vn 0.866025 0.000000 -0.500000
vn 0.866025 0.000000 -0.500000
vn 0.707107 0.000000 -0.707107
vn 0.500000 0.000000 -0.866025
vn 0.500000 0.000000 -0.866025
vn 0.258819 0.000000 -0.965926
vn 0.500000 0.000000 -0.866025
vn 0.500000 0.000000 -0.866025
vn 0.258819 0.000000 -0.965926
vn 0.000000 0.000000 -1.000000
vn 0.000000 0.000000 -1.000000
vn -0.258819 0.000000 -0.965926
vn 0.000000 0.000000 -1.000000
vn 0.000000 0.000000 -1.000000
vn -0.258819 0.000000 -0.965926
vn -0.500000 0.000000 -0.866025
vn -0.500000 0.000000 -0.866025
vn -0.707107 0.000000 -0.707107
vn -0.500000 0.000000 -0.866025
vn -0.500000 0.000000 -0.866025
vn -0.707107 0.000000 -0.707107
vn -0.866025 0.000000 -0.500000
vn -0.866025 0.000000 -0.500000
vn -0.965926 0.000000 -0.258819
vn -0.866025 0.000000 -0.500000
vn -0.866025 0.000000 -0.500000
vn -0.965926 0.000000 -0.258819
vn -1.000000 0.000000 0.000000
vn -1.000000 0.000000 0.000000
vn -0.965926 0.000000 0.258819
vn -1.000000 0.000000 0.000000
vn -1.000000 0.000000 0.000000
vn -0.965926 0.000000 0.258819
vn -0.866025 0.000000 0.500000
vn -0.866025 0.000000 0.500000
vn -0.707107 0.000000 0.707107
vn -0.793353 0.000000 0.608761
vn -0.866025 0.000000 0.500000
vn -0.866025 0.000000 0.500000
vn -0.707107 0.000000 0.707107
vn -0.500000 0.000000 0.866025
vn -0.500000 0.000000 0.866025
vn -0.258819 0.000000 0.965926
vn -0.500000 0.000000 0.866025
vn -0.500000 0.000000 0.866025
vn -0.258819 0.000000 0.965926
vn 0.000000 0.000000 1.000000
vn 0.000000 0.000000 1.000000
vn 0.258819 0.000000 0.965926
vn 0.000000 0.000000 1.000000
vn 0.000000 0.000000 1.000000
vn 0.258819 0.000000 0.965926
vn 0.500000 0.000000 0.866025
vn 0.500000 0.000000 0.866025
vn 0.707107 0.000000 0.707107
vn 0.500000 0.000000 0.866025
vn 0.500000 0.000000 0.866025
vn 0.707107 0.000000 0.707107
vn 0.866025 0.000000 0.500000
vn 0.866025 0.000000 0.500000
vn 0.965926 0.000000 0.258819
vn 0.866025 0.000000 0.500000
vn 0.866025 0.000000 0.500000
vn 0.965926 0.000000 0.258819
vn 1.000000 0.000000 0.000000
vn 1.000000 0.000000 0.000000
vn 0.000000 -1.000000 0.000000
vn 0.000000 -1.000000 0.000000
vn 0.000000 -1.000000 0.000000
vn 0.000000 -1.000000 0.000000
vn 0.000000 -1.000000 0.000000
vn 0.000000 -1.000000 0.000000
vn 0.000000 -1.000000 0.000000
vn 0.000000 -1.000000 0.000000
vn 0.000000 -1.000000 0.000000
vn 0.000000 -1.000000 0.000000
vn 0.000000 -1.000000 0.000000
vn 0.000000 -1.000000 0.000000
vn 0.000000 -1.000000 0.000000
vn 0.000000 -1.000000 0.000000
vn 0.000000 -1.000000 0.000000
vn 0.000000 -1.000000 0.000000
vn 0.000000 -1.000000 0.000000
vn 0.000000 -1.000000 0.000000
vn 0.000000 -1.000000 0.000000
vn 0.000000 -1.000000 0.000000
vn 0.000000 -1.000000 0.000000
vn 0.000000 -1.000000 0.000000
vn 0.000000 -1.000000 0.000000
vn 0.000000 -1.000000 0.000000
vn 0.000000 -1.000000 0.000000
vn 0.000000 -1.000000 0.000000
vn 0.000000 -1.000000 0.000000
vn 0.000000 -1.000000 0.000000
vn 0.000000 -1.000000 0.000000
vn 0.000000 -1.000000 0.000000
vn 0.000000 -1.000000 0.000000
vn 0.000000 -1.000000 0.000000
vn 0.000000 -1.000000 0.000000
vn 0.000000 -1.000000 0.000000
vn 0.000000 -1.000000 0.000000
vn 0.000000 -1.000000 0.000000
vn 0.000000 -1.000000 0.000000
vn 0.000000 1.000000 0.000000
vn 0.000000 1.000000 0.000000
vn 0.000000 1.000000 0.000000
vn 0.000000 1.000000 0.000000
vn -1.000000 0.000000 0.000000
vn -1.000000 0.000000 0.000000
vn -1.000000 0.000000 0.000000
vn -1.000000 0.000000 0.000000
vn 0.000000 1.000000 0.000000
vn 0.000000 1.000000 0.000000
vn 0.000000 1.000000 0.000000
vn 0.000000 1.000000 0.000000
vn 0.000000 0.000000 -1.000000
vn 0.000000 0.000000 -1.000000
vn 0.000000 0.000000 -1.000000
vn 0.000000 0.000000 -1.000000
vn 0.958798 -0.284088 -0.000000
vn 0.958798 -0.284088 -0.000000
vn 0.958798 -0.284088 -0.000000
vn 0.958798 -0.284088 -0.000000
vn 0.958798 -0.284088 -0.000000
vn 1.000000 -0.000000 -0.000000
vn 1.000000 -0.000000 -0.000000
vn 1.000000 -0.000000 -0.000000
vn 1.000000 -0.000000 -0.000000
vn 1.000000 -0.000000 -0.000000
vn 1.000000 -0.000000 -0.000000
vn 1.000000 -0.000000 -0.000000
vn 1.000000 -0.000000 -0.000000
vn 1.000000 -0.000000 -0.000000
vn 1.000000 -0.000000 -0.000000
vn -0.278905 0.000000 -0.960319
vn -0.517951 0.000000 -0.855410
vn -0.517951 0.000000 -0.855410
vn -0.278905 0.000000 -0.960319
vn -0.020853 0.000000 -0.999783
vn 0.109823 0.000000 -0.993951
vn 0.109823 0.000000 -0.993951
vn -0.020853 0.000000 -0.999783
vn 0.238620 0.000000 -0.971113
vn 0.109823 0.000000 -0.993951
vn 0.109823 0.000000 -0.993951
vn 0.238620 0.000000 -0.971113
vn 0.481832 0.000000 -0.876264
vn 0.481832 0.000000 -0.876264
vn 0.692208 0.000000 -0.721698
vn 0.481832 0.000000 -0.876264
vn 0.481832 0.000000 -0.876264
vn 0.692208 0.000000 -0.721698
vn 0.855410 0.000000 -0.517951
vn 0.855410 0.000000 -0.517951
vn 0.960319 0.000000 -0.278905
vn 0.855410 0.000000 -0.517951
vn 0.855410 0.000000 -0.517951
vn 0.960319 0.000000 -0.278905
vn 0.999783 0.000000 -0.020853
vn 0.999783 0.000000 -0.020853
vn 0.000000 0.000000 1.000000
vn 0.000000 0.000000 1.000000
vn 0.000000 0.000000 1.000000
vn 0.000000 0.000000 1.000000
vn 0.000000 0.000000 1.000000
vn 0.958798 -0.284088 -0.000000
vn 0.958798 -0.284088 -0.000000
vn 0.958798 -0.284088 -0.000000
vn 0.958798 -0.284088 -0.000000
vn 0.958798 -0.284088 0.000000
vn 0.958798 -0.284088 0.000000
vn 0.958798 -0.284088 0.000000
vn 0.958798 -0.284088 0.000000
vn 0.958798 -0.284088 0.000000
vn -0.000000 -1.000000 -0.000000
vn -0.000000 -1.000000 -0.000000
vn -0.000000 -1.000000 -0.000000
vn -0.000000 -1.000000 -0.000000
vn -0.000000 -1.000000 -0.000000
vn 0.000000 0.000000 -1.000000
vn 0.000000 0.000000 -1.000000
vn 0.000000 0.000000 -1.000000
vn 0.000000 0.000000 -1.000000
vn -0.000000 1.000000 0.000000
vn -0.000000 1.000000 0.000000
vn -0.000000 1.000000 0.000000
vn -0.000000 1.000000 0.000000
vn 0.000000 0.000000 1.000000
vn 0.000000 0.000000 1.000000
vn 0.000000 0.000000 1.000000
vn 0.000000 0.000000 1.000000
vn 1.000000 0.000000 0.000000
vn 1.000000 0.000000 0.000000
vn 1.000000 0.000000 0.000000
vn 1.000000 0.000000 0.000000
vn 0.000000 0.000000 1.000000
vn 0.000000 0.000000 1.000000
vn 0.000000 0.000000 1.000000
vn 0.000000 0.000000 1.000000
vn 1.000000 0.000000 0.000000
vn 1.000000 0.000000 0.000000
vn 1.000000 0.000000 0.000000
vn 1.000000 0.000000 0.000000
vn -0.000000 1.000000 0.000000
vn -0.000000 1.000000 0.000000
vn -0.000000 1.000000 0.000000
vn -0.000000 1.000000 0.000000
vn 0.000000 0.000000 1.000000
vn 0.000000 0.000000 1.000000
vn 0.000000 0.000000 1.000000
vn 0.000000 0.000000 1.000000
vn 0.000000 -1.000000 0.000000
vn 0.000000 -1.000000 0.000000
vn 0.000000 -1.000000 0.000000
vn 0.000000 -1.000000 0.000000
vn 0.000000 -1.000000 0.000000
vn 0.000000 -1.000000 0.000000
vn 0.000000 -1.000000 0.000000
vn 0.000000 -1.000000 0.000000
vn 0.000000 0.000000 1.000000
vn 0.000000 0.000000 1.000000
vn 0.000000 0.000000 1.000000
vn 0.000000 0.000000 1.000000
vn 0.000000 1.000000 0.000000
vn 0.000000 1.000000 0.000000
vn 0.000000 1.000000 0.000000
vn 0.000000 1.000000 0.000000
vn 1.000000 0.000000 0.000000
vn 1.000000 0.000000 0.000000
vn 1.000000 0.000000 0.000000
vn 1.000000 0.000000 0.000000
vn -1.000000 0.000000 0.000000
vn -1.000000 0.000000 0.000000
vn -1.000000 0.000000 0.000000
vn -1.000000 0.000000 0.000000
vn 1.000000 0.000000 0.000000
vn 1.000000 0.000000 0.000000
vn 1.000000 0.000000 0.000000
vn 1.000000 0.000000 0.000000
vn 0.000000 0.000000 1.000000
vn 0.000000 0.000000 1.000000
vn 0.000000 0.000000 1.000000
vn 0.000000 0.000000 1.000000
vn -0.000000 -0.000000 1.000000
vn -0.000000 -0.000000 1.000000
vn -0.000000 -0.000000 1.000000
vn 0.000000 1.000000 0.000000
vn 0.000000 1.000000 0.000000
vn 0.000000 1.000000 0.000000
vn 0.000000 1.000000 0.000000
vn -0.000000 0.000000 1.000000
vn -0.000000 0.000000 1.000000
vn -0.000000 0.000000 1.000000
vn -0.000000 0.000000 1.000000
vn 0.000000 -1.000000 0.000000
vn 0.000000 -1.000000 0.000000
vn 0.000000 -1.000000 0.000000
vn 0.000000 -1.000000 0.000000
vn 0.000000 -1.000000 0.000000
vn 0.000000 -1.000000 0.000000
vn 0.000000 -1.000000 0.000000
vn 0.000000 -1.000000 0.000000
vn 0.000000 0.000000 1.000000
vn 0.000000 0.000000 1.000000
vn 0.000000 0.000000 1.000000
vn 0.000000 0.000000 1.000000
vn 0.000000 1.000000 0.000000
vn 0.000000 1.000000 0.000000
vn 0.000000 1.000000 0.000000
vn 0.000000 1.000000 0.000000
vn 1.000000 0.000000 0.000000
vn 1.000000 0.000000 0.000000
vn 1.000000 0.000000 0.000000
vn 1.000000 0.000000 0.000000
vn -1.000000 0.000000 0.000000
vn -1.000000 0.000000 0.000000
vn -1.000000 0.000000 0.000000
vn -1.000000 0.000000 0.000000
vn -0.000000 1.000000 -0.000000
vn -0.000000 1.000000 -0.000000
vn -0.000000 1.000000 -0.000000
vn -0.000000 1.000000 -0.000000
vn -0.000000 1.000000 -0.000000
vn -0.000000 1.000000 -0.000000
vn 0.000000 1.000000 0.000000
vn 0.000000 1.000000 0.000000
vn 0.000000 1.000000 0.000000
vn 0.000000 1.000000 0.000000
vn -1.000000 0.000000 0.000000
vn -1.000000 0.000000 0.000000
vn -1.000000 0.000000 0.000000
vn -1.000000 0.000000 0.000000
vn 0.000000 -1.000000 -0.000000
vn 0.000000 -1.000000 -0.000000
vn 0.000000 -1.000000 -0.000000
vn 0.000000 -1.000000 -0.000000
vn 0.000000 0.000000 -1.000000
vn 0.000000 0.000000 -1.000000
vn 0.000000 0.000000 -1.000000
vn 0.000000 0.000000 -1.000000
vn -1.000000 0.000000 0.000000
vn -1.000000 0.000000 0.000000
vn -1.000000 0.000000 0.000000
vn -1.000000 0.000000 0.000000
vn 0.000000 0.000000 -1.000000
vn 0.000000 0.000000 -1.000000
vn 0.000000 0.000000 -1.000000
vn 0.000000 0.000000 -1.000000
vn -1.000000 0.000000 0.000000
vn -1.000000 0.000000 0.000000
vn -1.000000 0.000000 0.000000
vn -1.000000 0.000000 0.000000
vn 0.000000 -1.000000 0.000000
vn 0.000000 -1.000000 0.000000
vn 0.000000 -1.000000 0.000000
vn 0.000000 -1.000000 0.000000
vn 0.000000 -1.000000 0.000000
vn 0.000000 -1.000000 0.000000
vn -1.000000 0.000000 0.000000
vn -1.000000 0.000000 0.000000
vn -1.000000 0.000000 0.000000
vn -1.000000 0.000000 0.000000
vn -1.000000 0.000000 0.000000
vn -1.000000 0.000000 0.000000
vn -1.000000 0.000000 0.000000
vn -1.000000 0.000000 0.000000
vn -1.000000 0.000000 0.000000
vn -1.000000 0.000000 0.000000
vn -1.000000 0.000000 0.000000
vn -1.000000 0.000000 0.000000
vn -1.000000 0.000000 0.000000
vn -1.000000 0.000000 0.000000
vn -1.000000 0.000000 0.000000
vn -1.000000 0.000000 0.000000
vn 0.000000 0.000000 1.000000
vn 0.000000 0.000000 1.000000
vn 0.000000 0.000000 1.000000
vn 0.000000 0.000000 1.000000
vn 0.000000 1.000000 0.000000
vn 0.000000 1.000000 0.000000
vn 0.000000 1.000000 0.000000
vn 0.000000 1.000000 0.000000
vn 0.000000 1.000000 0.000000
vn 0.000000 1.000000 0.000000
vn 0.000000 1.000000 0.000000
vn -0.977176 0.000000 0.212430
vn -0.977176 0.000000 0.212430
vn -0.977176 0.000000 0.212430
vn -0.977176 0.000000 0.212430
vn -0.000000 -1.000000 -0.000000
vn -0.000000 -1.000000 -0.000000
vn -0.000000 -1.000000 -0.000000
vn -0.000000 -1.000000 -0.000000
vn -0.000000 -1.000000 -0.000000
vn -0.000000 -1.000000 -0.000000
vn -0.000000 -1.000000 -0.000000
vn -1.000000 0.000000 0.000000
vn -1.000000 0.000000 0.000000
vn -1.000000 0.000000 0.000000
vn -1.000000 0.000000 0.000000
vn 0.000000 -1.000000 0.000000
vn 0.000000 -1.000000 0.000000
vn 0.000000 -1.000000 0.000000
vn 0.000000 -1.000000 0.000000
vn 0.000000 -1.000000 0.000000
vn 0.000000 -1.000000 0.000000
vn 0.000000 -1.000000 0.000000
vn 0.000000 -1.000000 0.000000
vn 0.000000 -1.000000 0.000000
vn -1.000000 0.000000 0.000000
vn -1.000000 0.000000 0.000000
vn -1.000000 0.000000 0.000000
vn -1.000000 0.000000 0.000000
vn 0.000000 1.000000 0.000000
vn 0.000000 1.000000 0.000000
vn 0.000000 1.000000 0.000000
vn 0.000000 1.000000 0.000000
vn 0.000000 1.000000 0.000000
vn 0.000000 1.000000 0.000000
vn 0.000000 1.000000 0.000000
vn 0.000000 1.000000 0.000000
vn 0.000000 1.000000 0.000000
vn 0.000000 1.000000 0.000000
vn -1.000000 0.000000 0.000000
vn -1.000000 0.000000 0.000000
vn -1.000000 0.000000 0.000000
vn -1.000000 0.000000 0.000000
vn 0.000000 -1.000000 0.000000
vn 0.000000 -1.000000 0.000000
vn 0.000000 -1.000000 0.000000
vn 0.000000 -1.000000 0.000000
vn 0.000000 0.000000 -1.000000
vn 0.000000 0.000000 -1.000000
vn 0.000000 0.000000 -1.000000
vn 0.000000 0.000000 -1.000000
vn -1.000000 0.000000 0.000000
vn -1.000000 0.000000 0.000000
vn -1.000000 0.000000 0.000000
vn -1.000000 0.000000 0.000000
vn 0.000000 0.000000 -1.000000
vn 0.000000 0.000000 -1.000000
vn 0.000000 0.000000 -1.000000
vn 0.000000 0.000000 -1.000000
vn 0.000000 0.000000 -1.000000
vn 0.000000 0.000000 -1.000000
vn 0.000000 0.000000 -1.000000
vn 0.000000 0.000000 -1.000000
vn 0.000000 0.000000 1.000000
vn 0.000000 0.000000 1.000000
vn 0.000000 0.000000 1.000000
vn 0.000000 0.000000 1.000000
vn -1.000000 0.000000 0.000000
vn -1.000000 0.000000 0.000000
vn -1.000000 0.000000 0.000000
vn -1.000000 0.000000 0.000000
vn -1.000000 0.000000 0.000000
vn -1.000000 0.000000 0.000000
vn -1.000000 0.000000 0.000000
vn -1.000000 0.000000 0.000000
vn 0.000000 0.000000 1.000000
vn 0.000000 0.000000 1.000000
vn 0.000000 0.000000 1.000000
vn 0.000000 0.000000 1.000000
vn -1.000000 0.000000 0.000000
vn -1.000000 0.000000 0.000000
vn -1.000000 0.000000 0.000000
vn -1.000000 0.000000 0.000000
vn -1.000000 0.000000 0.000000
vn -1.000000 0.000000 0.000000
vn -1.000000 0.000000 0.000000
vn -1.000000 0.000000 0.000000
vn 0.000000 -0.000000 -1.000000
vn 0.000000 -0.000000 -1.000000
vn 0.000000 -0.000000 -1.000000
vn 0.000000 -0.000000 -1.000000
vn 0.000000 -0.000000 -1.000000
vn 0.000000 0.000000 -1.000000
vn 0.000000 0.000000 -1.000000
vn 0.000000 0.000000 -1.000000
vn 0.000000 0.000000 -1.000000
vn -0.960319 -0.000000 0.278905
vn -0.988508 -0.000000 0.151172
vn -0.999783 -0.000000 0.020853
vn -0.999783 -0.000000 0.020853
vn -0.960319 -0.000000 0.278905
vn -0.855410 0.000000 0.517951
vn -0.855410 0.000000 0.517951
vn 0.000000 1.000000 0.000000
vn 0.000000 1.000000 0.000000
vn 0.000000 1.000000 0.000000
vn 0.000000 1.000000 0.000000
vn 0.000000 1.000000 0.000000
vn 0.000000 1.000000 0.000000
vn 0.000000 1.000000 0.000000
vn 0.000000 1.000000 0.000000
vn 0.000000 1.000000 0.000000
vn 0.000000 1.000000 0.000000
vn 0.000000 1.000000 0.000000
vn 0.000000 1.000000 0.000000
vn 0.000000 1.000000 0.000000
vn 0.000000 1.000000 0.000000
vn 0.000000 1.000000 0.000000
vn 0.000000 1.000000 0.000000
vn 0.000000 1.000000 0.000000
vn 0.000000 1.000000 0.000000
vn 0.000000 1.000000 0.000000
vn 0.000000 1.000000 0.000000
vn 0.000000 1.000000 0.000000
vn 0.000000 1.000000 0.000000
vn 0.000000 1.000000 0.000000
vn 0.000000 1.000000 0.000000
vn 0.000000 1.000000 0.000000
vn 0.000000 1.000000 0.000000
vn 0.000000 1.000000 0.000000
vn -0.971113 0.000000 -0.238620
vn -0.999783 -0.000000 0.020853
vn -0.999783 -0.000000 0.020853
vn -0.971113 0.000000 -0.238620
vn -0.876264 0.000000 -0.481832
vn -0.876264 0.000000 -0.481832
vn -0.960319 0.000000 0.278905
vn -0.999783 0.000000 0.020853
vn -0.999783 0.000000 0.020853
vn -0.960319 0.000000 0.278905
vn -0.855410 0.000000 0.517951
vn -0.855410 0.000000 0.517951
vn -0.692208 0.000000 0.721698
vn -0.855410 0.000000 0.517951
vn -0.855410 0.000000 0.517951
vn -0.692208 0.000000 0.721698
vn -0.481832 0.000000 0.876264
vn -0.481832 0.000000 0.876264
vn -0.238620 0.000000 0.971113
vn -0.481832 0.000000 0.876264
vn -0.481832 0.000000 0.876264
vn -0.238620 0.000000 0.971113
vn -0.109823 0.000000 0.993951
vn 0.020853 0.000000 0.999783
vn 0.020853 0.000000 0.999783
vn -0.109823 0.000000 0.993951
vn 0.278905 0.000000 0.960319
vn 0.020853 0.000000 0.999783
vn 0.020853 0.000000 0.999783
vn 0.278905 0.000000 0.960319
vn 0.517951 -0.000000 0.855410
vn 0.517951 -0.000000 0.855410
vn 0.721698 -0.000000 0.692208
vn 0.625173 -0.000000 0.780486
vn 0.517951 -0.000000 0.855410
vn 0.517951 -0.000000 0.855410
vn 0.721698 -0.000000 0.692208
vn 0.876264 0.000000 0.481832
vn 0.876264 0.000000 0.481832
vn 0.692208 0.000000 -0.721698
vn 0.481832 0.000000 -0.876264
vn 0.481832 0.000000 -0.876264
vn 0.692208 0.000000 -0.721698
vn 0.855410 0.000000 -0.517951
vn 0.855410 0.000000 -0.517951
vn 0.238620 0.000000 -0.971113
vn 0.363335 0.000000 -0.931659
vn 0.481832 0.000000 -0.876264
vn 0.481832 0.000000 -0.876264
vn 0.363335 0.000000 -0.931659
vn 0.238620 0.000000 -0.971113
vn 0.109823 0.000000 -0.993951
vn 0.109823 0.000000 -0.993951
vn -0.278905 0.000000 -0.960319
vn -0.020853 0.000000 -0.999783
vn 0.109823 0.000000 -0.993951
vn 0.109823 0.000000 -0.993951
vn -0.020853 0.000000 -0.999783
vn -0.278905 0.000000 -0.960319
vn -0.517951 0.000000 -0.855410
vn -0.517951 0.000000 -0.855410
vn -0.721698 0.000000 -0.692208
vn -0.517951 0.000000 -0.855410
vn -0.517951 0.000000 -0.855410
vn -0.721698 0.000000 -0.692208
vn -0.876264 0.000000 -0.481832
vn -0.876264 0.000000 -0.481832
vn 0.000000 -1.000000 0.000000
vn 0.000000 -1.000000 0.000000
vn 0.000000 -1.000000 0.000000
vn 0.000000 -1.000000 0.000000
vn 0.000000 -1.000000 0.000000
vn 0.000000 -1.000000 0.000000
vn 0.000000 -1.000000 0.000000
vn 0.000000 -1.000000 0.000000
vn 0.000000 -1.000000 0.000000
vn 0.000000 -1.000000 0.000000
vn 0.000000 -1.000000 0.000000
vn 0.000000 -1.000000 0.000000
vn 0.000000 -1.000000 0.000000
vn 0.000000 -1.000000 0.000000
vn 0.000000 -1.000000 0.000000
vn 0.000000 -1.000000 0.000000
vn 0.000000 -1.000000 0.000000
vn 0.000000 -1.000000 0.000000
vn 0.000000 -1.000000 0.000000
vn 0.000000 -1.000000 0.000000
vn 0.000000 -1.000000 0.000000
vn 0.000000 -1.000000 0.000000
vn 0.000000 -1.000000 0.000000
vn 0.000000 -1.000000 0.000000
vn 0.000000 -1.000000 0.000000
vn 0.000000 -1.000000 0.000000
vn 0.000000 -1.000000 0.000000
vn 0.000000 -1.000000 0.000000
vn 0.000000 -1.000000 0.000000
vn 0.971113 0.000000 0.238620
vn 0.876264 0.000000 0.481832
vn 0.876264 0.000000 0.481832
vn 0.971113 0.000000 0.238620
vn 0.999783 0.000000 -0.020853
vn 0.999783 0.000000 -0.020853
vn 0.000000 1.000000 0.000000
vn 0.000000 1.000000 0.000000
vn 0.000000 1.000000 0.000000
vn 0.000000 1.000000 0.000000
vn 0.000000 1.000000 0.000000
vn 0.000000 1.000000 0.000000
vn 0.000000 1.000000 0.000000
vn 0.000000 1.000000 0.000000
vn 0.000000 1.000000 0.000000
vn 0.000000 1.000000 0.000000
vn 0.000000 1.000000 0.000000
vn 0.000000 1.000000 0.000000
vn 0.000000 1.000000 0.000000
vn 0.000000 1.000000 0.000000
vn 0.000000 1.000000 0.000000
vn 0.000000 1.000000 0.000000
vn 0.000000 1.000000 0.000000
vn 0.000000 1.000000 0.000000
vn 0.000000 1.000000 0.000000
vn 0.000000 1.000000 0.000000
vn 0.000000 1.000000 0.000000
vn 0.000000 1.000000 0.000000
vn 0.000000 1.000000 0.000000
vn 0.000000 1.000000 0.000000
vn 0.000000 1.000000 0.000000
vn 0.000000 1.000000 0.000000
vn 0.000000 1.000000 0.000000
vn 0.000000 1.000000 0.000000
vn 0.000000 1.000000 0.000000
vn 0.000000 1.000000 0.000000
vn 0.000000 1.000000 0.000000
vn 0.000000 1.000000 0.000000
vn 0.000000 1.000000 0.000000
vn 0.000000 1.000000 0.000000
vn 0.000000 1.000000 0.000000
vn 0.000000 1.000000 0.000000
vn 0.000000 1.000000 0.000000
vn 0.000000 1.000000 0.000000
vn 0.000000 1.000000 0.000000
vn 0.000000 1.000000 0.000000
vn 0.000000 1.000000 0.000000
vn 0.000000 1.000000 0.000000
vn 0.000000 1.000000 0.000000
vn 0.000000 1.000000 0.000000
vn 0.000000 1.000000 0.000000
vn 0.000000 1.000000 0.000000
vn 0.000000 1.000000 0.000000
vn 0.000000 1.000000 0.000000
vn 0.000000 1.000000 0.000000
vn 0.000000 1.000000 0.000000
vn 0.000000 1.000000 0.000000
vn 0.000000 1.000000 0.000000
vn 0.000000 1.000000 0.000000
vn 0.000000 1.000000 0.000000
vn 0.000000 1.000000 0.000000
vn 0.000000 1.000000 0.000000
vn 0.000000 1.000000 0.000000
vn 0.000000 1.000000 0.000000
vn 0.000000 1.000000 0.000000
vn 0.000000 1.000000 0.000000
vn 0.000000 1.000000 0.000000
vn 0.000000 1.000000 0.000000
vn 0.000000 1.000000 0.000000
vn 0.000000 1.000000 0.000000
vn 0.000000 1.000000 0.000000
vn 0.000000 1.000000 0.000000
vn 0.000000 1.000000 0.000000
vn 0.000000 1.000000 0.000000
vn 0.000000 1.000000 0.000000
vn 0.000000 1.000000 0.000000
vn 0.000000 1.000000 0.000000
vn 0.000000 1.000000 0.000000
vn 0.000000 1.000000 0.000000
vn 0.000000 1.000000 0.000000
vn 0.000000 1.000000 0.000000
vn 0.000000 1.000000 0.000000
vn 0.000000 1.000000 0.000000
vn 0.000000 1.000000 0.000000
vn 0.000000 1.000000 0.000000
vn 0.000000 1.000000 0.000000
vn 0.000000 1.000000 0.000000
vn 0.000000 1.000000 0.000000
vn 0.000000 1.000000 0.000000
vn 0.000000 1.000000 0.000000
vn 0.000000 1.000000 0.000000
vn 0.000000 1.000000 0.000000
vn 0.000000 1.000000 0.000000
vn 0.000000 1.000000 0.000000
vn 0.960319 0.000000 -0.278905
vn 0.855410 0.000000 -0.517951
vn 0.855410 0.000000 -0.517951
vn 0.960319 0.000000 -0.278905
vn 0.999783 0.000000 -0.020853
vn 0.999783 0.000000 -0.020853
vn 0.971113 0.000000 0.238620
vn 0.999783 0.000000 -0.020853
vn 0.999783 0.000000 -0.020853
vn 0.971113 0.000000 0.238620
vn 0.876264 0.000000 0.481832
vn 0.876264 0.000000 0.481832
vn -0.996199 0.000000 -0.087100
vn -0.939712 0.000000 -0.341968
vn -0.939712 0.000000 -0.341968
vn -0.996199 0.000000 -0.087100
vn -0.984798 0.000000 0.173703
vn -0.984798 0.000000 0.173703
vn -0.906284 0.000000 0.422669
vn -0.984798 0.000000 0.173703
vn -0.984798 0.000000 0.173703
vn -0.906284 0.000000 0.422669
vn -0.766009 0.000000 0.642830
vn -0.766009 0.000000 0.642830
vn -0.573531 0.000000 0.819184
vn -0.766009 0.000000 0.642830
vn -0.766009 0.000000 0.642830
vn -0.573531 0.000000 0.819184
vn -0.341968 0.000000 0.939712
vn -0.341968 0.000000 0.939712
vn 0.043675 0.000000 0.999046
vn -0.087100 0.000000 0.996199
vn -0.341968 0.000000 0.939712
vn -0.341968 0.000000 0.939712
vn -0.087100 0.000000 0.996199
vn 0.043675 0.000000 0.999046
vn 0.173703 0.000000 0.984798
vn 0.173703 0.000000 0.984798
vn 0.422669 0.000000 0.906284
vn 0.173703 0.000000 0.984798
vn 0.173703 0.000000 0.984798
vn 0.422669 0.000000 0.906284
vn 0.642830 0.000000 0.766009
vn 0.642830 0.000000 0.766009
vn 0.819184 0.000000 0.573531
vn 0.642830 0.000000 0.766009
vn 0.642830 0.000000 0.766009
vn 0.819184 0.000000 0.573531
vn 0.939712 0.000000 0.341968
vn 0.939712 0.000000 0.341968
vn 0.996199 0.000000 0.087100
vn 0.939712 0.000000 0.341968
vn 0.939712 0.000000 0.341968
vn 0.996199 0.000000 0.087100
vn 0.984798 0.000000 -0.173703
vn 0.984798 0.000000 -0.173703
vn 0.906284 0.000000 -0.422669
vn 0.984798 0.000000 -0.173703
vn 0.984798 0.000000 -0.173703
vn 0.906284 0.000000 -0.422669
vn 0.766009 0.000000 -0.642830
vn 0.766009 0.000000 -0.642830
vn 0.573531 0.000000 -0.819184
vn 0.675549 0.000000 -0.737315
vn 0.766009 0.000000 -0.642830
vn 0.766009 0.000000 -0.642830
vn 0.573531 0.000000 -0.819184
vn 0.341968 0.000000 -0.939712
vn 0.341968 0.000000 -0.939712
vn -0.043675 0.000000 -0.999046
vn 0.087100 0.000000 -0.996199
vn 0.341968 0.000000 -0.939712
vn 0.341968 0.000000 -0.939712
vn 0.087100 0.000000 -0.996199
vn -0.043675 0.000000 -0.999046
vn -0.173703 0.000000 -0.984798
vn -0.173703 0.000000 -0.984798
vn -0.422669 0.000000 -0.906284
vn -0.173703 0.000000 -0.984798
vn -0.173703 0.000000 -0.984798
vn -0.422669 0.000000 -0.906284
vn -0.642830 0.000000 -0.766009
vn -0.642830 0.000000 -0.766009
vn -0.819184 0.000000 -0.573531
vn -0.642830 0.000000 -0.766009
vn -0.642830 0.000000 -0.766009
vn -0.819184 0.000000 -0.573531
vn -0.939712 0.000000 -0.341968
vn -0.939712 0.000000 -0.341968
vn 0.000000 -1.000000 0.000000
vn 0.000000 -1.000000 0.000000
vn 0.000000 -1.000000 0.000000
vn 0.000000 -1.000000 0.000000
vn 0.000000 -1.000000 0.000000
vn 0.000000 -1.000000 0.000000
vn 0.000000 -1.000000 0.000000
vn 0.000000 -1.000000 0.000000
vn 0.000000 -1.000000 0.000000
vn 0.000000 -1.000000 0.000000
vn 0.000000 -1.000000 0.000000
vn 0.000000 -1.000000 0.000000
vn 0.000000 -1.000000 0.000000
vn 0.000000 -1.000000 0.000000
vn 0.000000 -1.000000 0.000000
vn 0.000000 -1.000000 0.000000
vn 0.000000 -1.000000 0.000000
vn 0.000000 -1.000000 0.000000
vn 0.000000 -1.000000 0.000000
vn 0.000000 -1.000000 0.000000
vn 0.000000 -1.000000 0.000000
vn 0.000000 -1.000000 0.000000
vn 0.000000 -1.000000 0.000000
vn 0.000000 -1.000000 0.000000
vn 0.000000 -1.000000 0.000000
vn 0.000000 -1.000000 0.000000
vn 0.000000 -1.000000 0.000000
vn -0.692208 0.000000 0.721698
vn -0.855410 0.000000 0.517951
vn -0.855410 0.000000 0.517951
vn -0.692208 0.000000 0.721698
vn -0.481832 0.000000 0.876264
vn -0.481832 0.000000 0.876264
vn -0.238620 0.000000 0.971113
vn -0.481832 0.000000 0.876264
vn -0.481832 0.000000 0.876264
vn -0.238620 0.000000 0.971113
vn -0.109823 0.000000 0.993951
vn 0.020853 0.000000 0.999783
vn 0.020853 0.000000 0.999783
vn -0.109823 0.000000 0.993951
vn 0.278905 0.000000 0.960319
vn 0.020853 0.000000 0.999783
vn 0.020853 0.000000 0.999783
vn 0.278905 0.000000 0.960319
vn 0.517951 -0.000000 0.855410
vn 0.517951 -0.000000 0.855410
vn 0.721698 -0.000000 0.692208
vn 0.625173 -0.000000 0.780486
vn 0.517951 -0.000000 0.855410
vn 0.517951 -0.000000 0.855410
vn 0.721698 -0.000000 0.692208
vn 0.876264 0.000000 0.481832
vn 0.876264 0.000000 0.481832
vn -0.971113 0.000000 -0.238620
vn -0.999783 0.000000 0.020853
vn -0.999783 0.000000 0.020853
vn -0.971113 0.000000 -0.238620
vn -0.876264 0.000000 -0.481832
vn -0.876264 0.000000 -0.481832
s off
g counter_recepcion:Mesh1Componente_89_1Model
usemtl initialShadingGroup
f 1/9/1 2/10/2 3/11/3 4/12/4
f 5/1286/5 6/1287/6 2/1288/7 1/1289/8
f 7/13/9 6/14/10 5/15/11 8/16/12
f 7/495/13 3/496/14 2/497/15 6/498/16 10/499/17 9/500/18 40/501/19 110/502/20 111/503/21 112/504/22 113/505/23 114/506/24 115/507/25 116/508/26 117/509/27 118/510/28 119/511/29 120/512/30 121/513/31 122/514/32 23/515/33 123/516/34 109/517/35 108/518/36 67/519/37 68/520/38 69/521/39 60/522/40 59/523/41 58/524/42 57/525/43 66/526/44 65/527/45 64/528/46 22/529/47 21/530/48 20/531/49 19/532/50 18/533/51 17/534/52 16/535/53 15/536/54 14/537/55 13/538/56 12/539/57 11/540/58 37/541/59 36/542/60 35/543/61 34/544/62 33/545/63 32/546/64 31/547/65 30/548/66 29/549/67 28/550/68 27/551/69 26/552/70 25/553/71 546/554/72 547/555/73 548/556/74 549/557/75 550/558/76 551/559/77 552/560/78 553/561/79 554/562/80 555/563/81 556/564/82 557/565/83 558/566/84 38/567/85 39/568/86 507/569/87 506/570/88 545/571/89 544/572/90 543/573/91 542/574/92 541/575/93 540/576/94 539/577/95 538/578/96 537/579/97 536/580/98 535/581/99 534/582/100 24/583/101 533/584/102 532/585/103 523/586/104 522/587/105 525/588/106 524/589/107 526/590/108 527/591/109 528/592/110 529/593/111 530/594/112 531/595/113 521/596/114
f 4/1290/115 3/1291/116 7/1292/117 8/1293/118
f 4/609/119 8/610/120 5/611/121 1/612/122
f 41/597/123 40/501/124 9/500/125
f 45/17/126 46/18/127 44/19/128 41/20/129 9/21/130 49/22/131
f 56/31/132 54/29/133 11/28/134 12/32/135 13/33/136 447/34/137
f 10/27/138 11/28/139 54/29/140 53/30/141 49/22/142 9/21/143
f 57/613/144 58/614/145 59/615/146 60/616/147 61/617/148 62/618/149 63/619/150 44/620/151 41/621/152 9/622/153 10/623/154 11/624/155 12/625/156 13/626/157 14/627/158 15/628/159 16/629/160 17/630/161 18/631/162 19/632/163 20/633/164 21/634/165 22/635/166 64/636/167 65/637/168 66/638/169
f 60/522/170 69/521/171 70/598/172 71/599/173 72/600/174 73/601/175 74/602/176 43/603/177 42/604/178 40/501/179 41/597/180 44/605/181 63/606/182 62/607/183 61/608/184
f 75/435/185 47/430/186 43/429/187 74/436/188 73/437/189 83/438/190
f 76/639/191 77/640/192 78/641/193 79/642/194 80/643/195 81/644/196 82/645/197 83/646/198 75/647/199 47/648/200 48/649/201 50/650/202 84/651/203 85/652/204 86/653/205 87/654/206 88/655/207 89/656/208 90/657/209 91/658/210 92/659/211 93/660/212 94/661/213 95/662/214 96/663/215 97/664/216 98/665/217
f 63/23/218 44/19/219 46/18/220 106/24/221 105/25/222 62/26/223
f 61/1294/224 62/1295/225 105/1296/226 104/1297/227 103/1298/228 102/1299/229 60/1300/230
f 59/1301/231 60/1300/232 102/1299/233 101/1302/234 100/1303/235 58/1304/236
f 66/41/237 57/42/238 58/43/239 100/44/240 99/45/241 107/37/242 65/36/243
f 67/60/244 108/61/245 109/56/246 98/55/247 76/62/248 77/63/249 78/64/250 68/65/251
f 69/1305/252 68/1306/253 78/1307/254 79/1308/255 80/1309/256 70/1310/257
f 72/1311/258 71/1312/259 70/1310/260 80/1309/261 81/1313/262 82/1314/263 83/1315/264 73/1316/265
f 108/666/266 67/667/267 68/668/268 69/669/269 70/670/270 71/671/271 72/672/272 73/673/273 74/674/274 43/675/275 42/676/276 40/677/277 110/678/278 111/679/279 112/680/280 113/681/281 114/682/282 115/683/283 116/684/284 117/685/285 118/686/286 119/687/287 120/688/288 121/689/289 122/690/290 23/691/291 123/692/292 109/693/293
f 64/35/294 65/36/295 107/37/296 124/38/297 125/39/298 22/40/299
f 97/54/300 98/55/301 109/56/302 123/57/303 23/58/304 96/59/305
f 143/75/306 142/76/307 141/77/308 144/78/309 164/79/310 163/80/311
f 144/91/312 141/92/313 145/93/314
f 140/1317/315 146/1318/316 145/1319/317 141/1320/318
f 157/94/319 146/95/320 140/96/321 148/97/322 149/98/323 52/99/324 147/100/325 155/101/326 153/102/327 150/103/328
f 147/694/329 150/695/330 151/696/331 152/697/332
f 153/1321/333 154/1322/334 151/1323/335 150/1324/336
f 155/698/337 156/699/338 154/700/339 153/701/340
f 155/1325/341 147/1326/342 152/1327/343 156/1328/344
f 158/1329/345 159/1330/346 160/1331/347 157/1332/348 52/1333/349 55/1334/350 161/1335/351 162/1336/352
f 163/8/353 159/4/354 158/3/355
f 165/702/356 166/703/357 167/704/358 168/705/359 169/706/360 170/707/361 171/708/362 172/709/363 173/710/364 174/711/365 175/712/366 176/713/367 177/714/368 178/715/369 179/716/370 180/717/371 181/718/372 182/719/373 183/720/374 184/721/375 185/722/376 186/723/377 187/724/378 188/725/379 143/726/380 163/727/381 189/728/382 190/729/383 191/730/384
f 165/1339/385 192/1340/386 193/1341/387 166/1342/388
f 194/104/389 195/105/390 196/106/391 197/107/392 198/108/393 199/109/394 200/110/395 192/111/396 165/112/397 191/113/398
f 201/114/399 196/106/400 195/105/401 194/104/402 202/115/403
f 196/731/404 201/732/405 203/733/406 204/734/407
f 201/1355/408 202/1356/409 205/1357/410 203/1358/411
f 194/735/412 206/736/413 205/737/414 202/738/415
f 210/1359/416 209/1360/417 208/1361/418
f 194/1370/419 191/1364/420 212/1363/421 211/1366/422 210/1359/423 460/1371/424 464/1372/425 207/1373/426 208/1361/427 209/1360/428 206/1374/429
f 213/1362/430 212/1363/431 191/1364/432 190/1365/433 209/1360/434 210/1359/435 211/1366/436 453/1367/437 452/1368/438 214/1369/439
f 189/116/440 215/117/441 209/118/442 190/119/443
f 163/1375/444 158/1376/445 215/1377/446 189/1378/447
f 162/739/448 235/740/449 236/741/450 237/742/451 238/743/452 239/744/453 240/745/454 241/746/455 242/747/456 243/748/457 244/749/458 234/750/459 233/751/460 245/752/461 218/753/462 217/754/463 216/755/464 209/756/465 215/757/466 158/758/467 227/759/468 226/760/469 225/761/470 224/762/471 223/763/472 222/764/473 221/765/474 220/766/475 219/767/476 253/768/477 252/769/478 251/770/479 250/771/480 249/772/481 248/773/482 247/774/483 246/775/484 271/776/485 269/777/486 232/778/487 231/779/488 230/780/489 229/781/490 228/782/491
f 183/1379/492 235/1380/493 162/1381/494 184/1382/495
f 236/120/496 235/121/497 183/122/498 182/123/499
f 234/1383/500 244/1384/501 174/1385/502 173/1386/503 172/1387/504 233/1388/505
f 175/136/506 174/137/507 244/138/508 243/139/509 242/134/510 176/133/511
f 177/132/512 176/133/513 242/134/514 241/135/515 240/130/516 178/129/517
f 179/128/518 178/129/519 240/130/520 239/131/521 238/126/522 180/125/523
f 181/124/524 180/125/525 238/126/526 237/127/527 236/120/528 182/123/529
f 245/1389/530 233/1388/531 172/1387/532 171/1390/533 170/1391/534 218/1392/535
f 253/140/536 219/141/537 254/142/538 255/143/539
f 256/144/540 254/142/541 219/141/542 220/145/543 221/146/544 257/147/545
f 258/152/546 257/147/547 221/146/548 222/153/549 223/154/550 259/155/551
f 260/156/552 259/155/553 223/154/554 224/157/555 225/158/556 261/159/557
f 262/1395/558 261/1396/559 225/1397/560 226/1398/561 227/1399/562 263/1400/563
f 264/168/564 263/169/565 227/170/566 228/171/567 229/162/568 265/161/569
f 266/160/570 265/161/571 229/162/572 230/163/573 231/164/574 232/165/575 268/166/576 267/167/577
f 270/172/578 268/166/579 232/165/580 269/173/581 271/174/582 273/175/583
f 272/176/584 273/175/585 271/174/586 246/177/587 247/178/588 274/179/589
f 275/1401/590 274/1402/591 247/1403/592 248/1404/593 249/1405/594 276/1406/595
f 277/1407/596 276/1406/597 249/1405/598 250/1408/599 251/1409/600 278/1410/601
f 279/148/602 278/149/603 251/150/604 252/151/605 253/140/606 255/143/607
f 283/180/608 284/181/609 282/182/610 281/183/611
f 285/783/612 284/784/613 283/785/614 286/786/615 287/787/616 288/788/617 289/789/618 290/790/619 291/791/620 292/792/621 293/793/622 294/794/623 295/795/624 296/796/625 297/797/626 298/798/627
f 280/1411/628 282/1412/629 284/1413/630 285/1414/631
f 299/1415/632 280/1411/633 285/1414/634 298/1416/635 297/1417/636 300/1418/637
f 273/799/638 270/800/639 268/801/640 267/802/641 266/803/642 265/804/643 264/805/644 263/806/645 262/807/646 261/808/647 260/809/648 259/810/649 258/811/650 257/812/651 256/813/652 254/814/653 255/815/654 279/816/655 278/817/656 277/818/657 276/819/658 275/820/659 274/821/660 272/822/661
f 301/1419/662 300/1418/663 297/1417/664 296/1420/665 295/1421/666 311/1422/667
f 286/1423/668 283/1424/669 281/1425/670 302/1426/671
f 287/184/672 286/185/673 302/186/674 303/187/675
f 281/823/676 282/824/677 280/825/678 299/826/679 300/827/680 301/828/681 311/829/682 310/830/683 309/831/684 308/832/685 307/833/686 306/834/687 305/835/688 304/836/689 303/837/690 302/838/691 257/839/692 258/840/693 259/841/694 260/842/695 261/843/696 262/844/697 263/845/698 264/846/699 265/847/700 266/848/701 267/849/702 268/850/703 270/851/704 273/852/705 272/853/706 274/854/707 275/855/708 276/856/709 277/857/710 278/858/711 279/859/712 255/860/713 254/861/714 256/862/715
f 310/200/716 311/201/717 295/202/718 294/203/719 293/198/720 309/197/721
f 308/196/722 309/197/723 293/198/724 292/199/725 291/194/726 307/193/727
f 306/192/728 307/193/729 291/194/730 290/195/731 289/190/732 305/189/733
f 304/188/734 305/189/735 289/190/736 288/191/737 287/184/738 303/187/739
f 170/1391/740 169/1393/741 217/1394/742 218/1392/743
f 169/204/744 168/205/745 312/206/746 217/207/747
f 168/208/748 312/209/749 216/210/750
f 167/1352/751 313/1346/752 314/1345/753 312/1353/754 168/1354/755
f 167/211/756 315/212/757 316/213/758 313/214/759
f 166/863/760 317/864/761 315/865/762 167/866/763
f 317/215/764 166/216/765 193/217/766 318/218/767
f 313/1427/768 167/1428/769 166/1429/770 193/1430/771
f 192/1340/772 200/1343/773 323/1344/774 314/1345/775 313/1346/776 193/1341/777 321/1347/778 320/1348/779 319/1349/780 324/1350/781 322/1351/782
f 325/867/783 326/868/784 324/869/785 319/870/786
f 327/219/787 325/220/788 319/221/789 320/222/790
f 328/871/791 327/872/792 320/873/793 321/874/794 322/875/795
f 329/1431/796 197/1432/797 196/1433/798 204/1434/799 326/1435/800 325/1436/801 327/1437/802 328/1438/803
f 329/223/804 204/224/805 330/225/806 206/226/807 209/227/808 216/228/809 312/229/810 314/230/811 323/231/812
f 206/226/813 330/225/814 204/224/815 203/232/816 205/233/817
f 217/876/818 312/877/819 216/878/820
f 329/879/821 323/880/822 200/881/823 199/882/824 198/883/825 197/884/826 354/885/827 353/886/828 352/887/829 351/888/830 350/889/831 349/890/832 348/891/833 347/892/834 346/893/835 345/894/836 344/895/837 343/896/838 342/897/839 341/898/840 340/899/841 339/900/842 338/901/843 337/902/844 336/903/845 335/904/846 334/905/847 333/906/848 332/907/849 331/908/850
f 354/234/851 331/235/852 355/236/853 356/237/854 378/238/855 353/239/856
f 357/240/857 355/236/858 331/235/859 332/241/860 333/242/861 358/243/862
f 359/248/863 358/243/864 333/242/865 334/249/866 335/250/867 360/251/868
f 361/1439/869 360/1440/870 335/1441/871 336/1442/872 337/1443/873 362/1444/874
f 363/1445/875 362/1444/876 337/1443/877 338/1446/878 339/1447/879 364/1448/880
f 365/258/881 364/259/882 339/260/883 340/261/884 341/254/885 366/253/886
f 367/252/887 366/253/888 341/254/889 342/255/890 343/256/891 368/257/892
f 369/262/893 368/257/894 343/256/895 344/263/896 345/264/897 370/265/898
f 371/266/899 370/265/900 345/264/901 346/267/902 347/268/903 372/269/904
f 373/1449/905 372/1450/906 347/1451/907 348/1452/908 349/1453/909 374/1454/910
f 375/1455/911 374/1454/912 349/1453/913 350/1456/914 351/1457/915 376/1458/916
f 377/244/917 376/245/918 351/246/919 352/247/920 353/239/921 378/238/922
f 379/909/923 380/910/924 381/911/925 382/912/926 375/913/927 376/914/928 377/915/929 378/916/930 356/917/931 355/918/932 394/919/933 393/920/934 392/921/935 391/922/936 390/923/937 389/924/938 388/925/939 387/926/940 401/927/941 400/928/942 399/929/943 398/930/944 397/931/945 396/932/946 395/933/947 411/934/948 355/918/949 357/935/950 358/936/951 359/937/952 360/938/953 361/939/954 362/940/955 363/941/956 364/942/957 365/943/958 366/944/959 367/945/960 368/946/961 369/947/962 370/948/963 371/949/964 372/950/965 373/951/966 374/952/967
f 382/1459/968 381/1460/969 383/1461/970 384/1462/971
f 383/270/972 381/271/973 380/272/974 385/273/975
f 385/1463/976 380/1464/977 379/1465/978 386/1466/979
f 386/274/980 379/275/981 382/276/982 384/277/983
f 366/962/984 365/963/985 364/964/986 363/965/987 362/966/988 361/967/989 360/968/990 359/969/991 358/970/992 357/971/993 355/972/994 356/973/995 378/974/996 377/975/997 376/976/998 375/977/999 374/978/1000 373/979/1001 372/980/1002 371/981/1003 370/982/1004 369/983/1005 368/984/1006 367/985/1007
f 401/278/1008 387/279/1009 402/280/1010 403/281/1011 404/282/1012 400/283/1013
f 399/288/1014 400/283/1015 404/282/1016 405/289/1017 406/290/1018 398/291/1019
f 397/1467/1020 398/1468/1021 406/1469/1022 407/1470/1023 408/1471/1024 396/1472/1025
f 395/1473/1026 396/1472/1027 408/1471/1028 409/1474/1029 410/1475/1030 411/1476/1031
f 413/302/1032 411/303/1033 410/304/1034 412/305/1035 414/298/1036 415/297/1037
f 417/296/1038 415/297/1039 414/298/1040 416/299/1041 418/300/1042 419/301/1043
f 421/306/1044 419/301/1045 418/300/1046 420/307/1047 422/308/1048 423/309/1049
f 425/310/1050 426/311/1051 423/309/1052 422/308/1053 424/312/1054 427/313/1055 428/314/1056
f 394/1477/1057 428/1478/1058 427/1479/1059 429/1480/1060 430/1481/1061 393/1482/1062
f 392/1483/1063 393/1482/1064 430/1481/1065 431/1484/1066 432/1485/1067 391/1486/1068
f 390/292/1069 391/293/1070 432/294/1071 433/295/1072 434/286/1073 389/285/1074
f 388/284/1075 389/285/1076 434/286/1077 435/287/1078 402/280/1079 387/279/1080
f 425/986/1081 426/987/1082 423/988/1083 421/989/1084 419/990/1085 417/991/1086 415/992/1087 413/993/1088 411/994/1089 395/995/1090 396/996/1091 397/997/1092 398/998/1093 399/999/1094 400/1000/1095 401/1001/1096 387/1002/1097 388/1003/1098 389/1004/1099 390/1005/1100 391/1006/1101 392/1007/1102 393/1008/1103 394/1009/1104 428/1010/1105
f 413/953/1106 415/954/1107 417/955/1108 419/956/1109 421/957/1110 423/958/1111 426/959/1112 425/960/1113 428/961/1114 394/919/1115 355/918/1116 411/934/1117
f 383/1011/1118 385/1012/1119 386/1013/1120 384/1014/1121
f 326/315/1122 328/316/1123 322/317/1124 324/318/1125
f 193/1015/1126 313/1016/1127 316/1017/1128 318/1018/1129
f 318/1487/1130 316/1488/1131 315/1489/1132 317/1490/1133
f 161/319/1134 436/320/1135 185/321/1136 184/322/1137 162/323/1138
f 126/324/1139 438/325/1140 437/326/1141 436/320/1142 161/319/1143 55/327/1144 152/328/1145 151/329/1146 154/330/1147 156/331/1148
f 446/1491/1149 447/1492/1150 13/1493/1151 14/1494/1152 15/1495/1153 16/1496/1154 444/1497/1155 445/1498/1156
f 443/1499/1157 444/1497/1158 16/1496/1159 17/1500/1160 18/1501/1161 442/1502/1162
f 441/50/1163 442/51/1164 18/52/1165 19/53/1166 20/48/1167 440/47/1168
f 439/46/1169 440/47/1170 20/48/1171 21/49/1172 22/40/1173 125/39/1174
f 126/1503/1175 142/1504/1176 143/1505/1177 188/1506/1178 438/1507/1179
f 188/332/1180 187/333/1181 437/326/1182 438/325/1183
f 186/334/1184 185/335/1185 436/336/1186 437/337/1187 187/338/1188
f 185/1019/1189 448/1020/1190 449/1021/1191 187/1022/1192 186/1023/1193
f 448/1508/1194 185/1509/1195 436/1510/1196 450/1511/1197
f 436/1024/1198 437/1025/1199 451/1026/1200 450/1027/1201
f 187/1512/1202 449/1513/1203 451/1514/1204 437/1515/1205
f 448/339/1206 450/340/1207 451/341/1208 449/342/1209
f 213/1516/1210 453/1517/1211 211/1518/1212 212/1519/1213
f 213/343/1214 454/344/1215 455/345/1216 453/346/1217
f 456/1028/1218 454/1029/1219 213/1030/1220 214/1031/1221
f 457/1520/1222 455/1521/1223 454/1522/1224 456/1523/1225
f 452/1032/1226 453/1033/1227 455/1034/1228 457/1035/1229
f 458/1036/1230 455/1037/1231 453/1038/1232 211/1039/1233
f 459/1524/1234 454/1525/1235 455/1526/1236 458/1527/1237
f 212/1040/1238 213/1041/1239 454/1042/1240 459/1043/1241
f 211/347/1242 212/348/1243 459/349/1244 458/350/1245
f 214/351/1246 452/352/1247 457/353/1248 456/354/1249
f 460/355/1250 210/356/1251 461/357/1252 462/358/1253
f 210/1528/1254 463/1529/1255 464/1530/1256 460/1531/1257
f 210/1532/1258 208/1533/1259 463/1534/1260
f 465/1044/1261 466/1045/1262 463/1046/1263 208/1047/1264
f 467/1535/1265 468/1536/1266 466/1537/1267 465/1538/1268
f 207/1048/1269 464/1049/1270 468/1050/1271 467/1051/1272
f 462/1052/1273 468/1053/1274 464/1054/1275 460/1055/1276
f 461/1539/1277 466/1540/1278 468/1541/1279 462/1542/1280
f 210/1056/1281 463/1057/1282 466/1058/1283 461/1059/1284
f 463/359/1285 466/360/1286 468/361/1287 464/362/1288
f 208/363/1289 207/364/1290 467/365/1291 465/366/1292
f 469/1060/1293 470/1061/1294 471/1062/1295 472/1063/1296 164/1064/1297 144/1065/1298
f 473/1066/1299 471/1067/1300 470/1068/1301 469/1069/1302
f 474/367/1303 475/368/1304 471/369/1305 473/370/1306
f 474/1070/1307 476/1071/1308 477/1072/1309 475/1073/1310
f 473/1543/1311 469/1544/1312 476/1545/1313 474/1546/1314
f 477/371/1315 470/372/1316 469/373/1317 476/374/1318
f 475/1547/1319 471/1548/1320 470/1549/1321 477/1550/1322
f 472/375/1323 471/376/1324 475/377/1325 478/378/1326
f 479/1074/1327 480/1075/1328 478/1076/1329 475/1077/1330 477/1078/1331 476/1079/1332
f 481/83/1333 480/82/1334 479/87/1335 482/88/1336
f 144/379/1337 482/380/1338 479/381/1339
f 144/1/1340 483/6/1341 482/5/1342
f 144/1/1343 484/7/1344 483/6/1345
f 144/1/1346 145/2/1347 484/7/1348
f 484/1551/1349 145/1552/1350 485/1553/1351 486/1554/1352
f 487/1080/1353 488/1081/1354 485/1082/1355 145/1083/1356 146/1084/1357 157/1085/1358 489/1086/1359
f 490/382/1360 491/383/1361 488/384/1362 487/385/1363
f 159/1087/1364 492/1088/1365 484/1089/1366 486/1090/1367 491/1091/1368 490/1092/1369 493/1093/1370
f 492/86/1371 494/85/1372 483/89/1373 484/90/1374
f 483/1094/1375 494/1095/1376 495/1096/1377 496/1097/1378
f 497/1098/1379 498/1099/1380 495/1096/1381 494/1095/1382 499/1100/1383
f 500/390/1384 501/391/1385 498/392/1386 497/393/1387
f 502/1101/1388 503/1102/1389 501/1103/1390 500/1104/1391 481/1105/1392 482/1106/1393
f 504/1107/1394 501/1108/1395 503/1109/1396 502/1110/1397
f 505/394/1398 498/395/1399 501/396/1400 504/397/1401
f 505/1111/1402 496/1112/1403 495/1113/1404 498/1114/1405
f 504/1555/1406 502/1556/1407 496/1557/1408 505/1558/1409
f 495/398/1410 503/399/1411 502/400/1412 496/401/1413
f 498/1559/1414 501/1560/1415 503/1561/1416 495/1562/1417
f 482/1563/1418 483/1564/1419 496/1565/1420 502/1566/1421
f 499/1567/1422 481/1568/1423 500/1569/1424 497/1570/1425
f 159/81/1426 163/80/1427 164/79/1428 480/82/1429 481/83/1430 499/84/1431 494/85/1432 492/86/1433
f 480/1571/1434 164/1572/1435 472/1573/1436 478/1574/1437
f 485/386/1438 488/384/1439 491/383/1440 486/387/1441
f 489/388/1442 493/389/1443 490/382/1444 487/385/1445
f 489/1337/1446 157/1332/1447 160/1331/1448 159/1330/1449 493/1338/1450
f 144/1575/1451 479/1576/1452 476/1577/1453 469/1578/1454
f 506/402/1455 507/403/1456 39/404/1457 51/405/1458 139/406/1459 138/407/1460 545/408/1461
f 508/1115/1462 509/1116/1463 510/1117/1464 511/1118/1465 512/1119/1466 513/1120/1467 514/1121/1468 515/1122/1469 516/1123/1470 517/1124/1471 51/1125/1472 139/1126/1473 138/1127/1474 137/1128/1475 136/1129/1476 135/1130/1477 134/1131/1478 133/1132/1479 132/1133/1480 131/1134/1481 130/1135/1482 129/1136/1483 128/1137/1484 127/1138/1485 518/1139/1486 519/1140/1487 520/1141/1488
f 517/409/1489 51/405/1490 39/404/1491 521/410/1492 531/411/1493 516/412/1494
f 110/421/1495 40/422/1496 50/423/1497 84/424/1498 85/425/1499 111/426/1500
f 112/431/1501 111/426/1502 85/425/1503 86/432/1504 87/433/1505 113/434/1506
f 114/1579/1507 113/1580/1508 87/1581/1509 88/1582/1510 89/1583/1511 90/1584/1512 116/1585/1513 115/1586/1514
f 117/1587/1515 116/1585/1516 90/1584/1517 91/1588/1518 92/1589/1519 118/1590/1520
f 120/70/1521 119/71/1522 118/72/1523 92/73/1524 93/74/1525 94/68/1526 121/67/1527
f 520/445/1528 508/446/1529 522/447/1530 523/448/1531 532/441/1532 519/440/1533
f 524/1591/1534 525/1592/1535 522/1593/1536 508/1594/1537 509/1595/1538 510/1596/1539 511/1597/1540 526/1598/1541
f 528/1599/1542 527/1600/1543 526/1598/1544 511/1597/1545 512/1601/1546 513/1602/1547 514/1603/1548 529/1604/1549
f 530/417/1550 529/418/1551 514/419/1552 515/420/1553 516/412/1554 531/411/1555
f 525/1142/1556 522/1143/1557 523/1144/1558 532/1145/1559 533/1146/1560 24/1147/1561 534/1148/1562 535/1149/1563 536/1150/1564 537/1151/1565 538/1152/1566 539/1153/1567 540/1154/1568 541/1155/1569 542/1156/1570 543/1157/1571 544/1158/1572 545/1159/1573 506/1160/1574 507/1161/1575 39/1162/1576 521/1163/1577 531/1164/1578 530/1165/1579 529/1166/1580 528/1167/1581 527/1168/1582 526/1169/1583 524/1170/1584
f 122/66/1585 121/67/1586 94/68/1587 95/69/1588 96/59/1589 23/58/1590
f 126/1171/1591 55/1172/1592 52/1173/1593 149/1174/1594 148/1175/1595 140/1176/1596 141/1177/1597 142/1178/1598 51/1179/1599 517/1180/1600 516/1181/1601 515/1182/1602 514/1183/1603 513/1184/1604 512/1185/1605 511/1186/1606 510/1187/1607 509/1188/1608 508/1189/1609 520/1190/1610 519/1191/1611 518/1192/1612 127/1193/1613 128/1194/1614 129/1195/1615 130/1196/1616 131/1197/1617 132/1198/1618 133/1199/1619 134/1200/1620 135/1201/1621 136/1202/1622 137/1203/1623 138/1204/1624 139/1205/1625 95/1206/1626 94/1207/1627 93/1208/1628 92/1209/1629 91/1210/1630 90/1211/1631 89/1212/1632 88/1213/1633 87/1214/1634 86/1215/1635 85/1216/1636 84/1217/1637 50/1218/1638 48/1219/1639 47/1220/1640 75/1221/1641 83/1222/1642 82/1223/1643 81/1224/1644 80/1225/1645 79/1226/1646 78/1227/1647 77/1228/1648 76/1229/1649 98/1230/1650 97/1231/1651 96/1232/1652 125/1233/1653 124/1234/1654 107/1235/1655 99/1236/1656 100/1237/1657 101/1238/1658 102/1239/1659 103/1240/1660 104/1241/1661 105/1242/1662 106/1243/1663 46/1244/1664 45/1245/1665 49/1246/1666 53/1247/1667 54/1248/1668 56/1249/1669 447/1250/1670 446/1251/1671 445/1252/1672 444/1253/1673 443/1254/1674 442/1255/1675 441/1256/1676 440/1257/1677 439/1258/1678
f 518/439/1679 519/440/1680 532/441/1681 533/442/1682 24/443/1683 127/444/1684
f 128/449/1685 127/444/1686 24/443/1687 534/450/1688 535/451/1689 129/452/1690
f 38/458/1691 558/459/1692 559/460/1693 560/461/1694 561/462/1695 37/463/1696
f 36/468/1697 37/463/1698 561/462/1699 562/469/1700 563/470/1701 35/471/1702
f 34/472/1703 35/471/1704 563/470/1705 564/473/1706 565/474/1707 33/475/1708
f 31/1605/1709 32/1606/1710 33/1607/1711 565/1608/1712 566/1609/1713 567/1610/1714 568/1611/1715 30/1612/1716
f 29/1613/1717 30/1612/1718 568/1611/1719 569/1614/1720 570/1615/1721 28/1616/1722
f 27/482/1723 28/483/1724 570/484/1725 571/485/1726 572/478/1727 26/477/1728
f 25/476/1729 26/477/1730 572/478/1731 573/479/1732 574/480/1733 546/481/1734
f 547/486/1735 546/481/1736 574/480/1737 575/487/1738 576/488/1739 548/489/1740
f 550/490/1741 549/491/1742 548/489/1743 576/488/1744 577/492/1745 578/493/1746 551/494/1747
f 553/1617/1748 552/1618/1749 551/1619/1750 578/1620/1751 579/1621/1752 580/1622/1753 581/1623/1754 554/1624/1755
f 555/1625/1756 554/1624/1757 581/1623/1758 582/1626/1759 583/1627/1760 556/1628/1761
f 557/464/1762 556/465/1763 583/466/1764 584/467/1765 559/460/1766 558/459/1767
f 550/1259/1768 549/1260/1769 548/1261/1770 547/1262/1771 546/1263/1772 25/1264/1773 26/1265/1774 27/1266/1775 28/1267/1776 29/1268/1777 30/1269/1778 31/1270/1779 32/1271/1780 33/1272/1781 34/1273/1782 35/1274/1783 36/1275/1784 37/1276/1785 38/1277/1786 558/1278/1787 557/1279/1788 556/1280/1789 555/1281/1790 554/1282/1791 553/1283/1792 552/1284/1793 551/1285/1794
f 544/413/1795 545/408/1796 138/407/1797 137/414/1798 136/415/1799 543/416/1800
f 542/1629/1801 543/1630/1802 136/1631/1803 135/1632/1804 134/1633/1805 133/1634/1806 540/1635/1807 541/1636/1808
f 539/1637/1809 540/1635/1810 133/1634/1811 132/1638/1812 131/1639/1813 538/1640/1814
f 536/453/1815 537/454/1816 538/455/1817 131/456/1818 130/457/1819 129/452/1820 535/451/1821
f 48/427/1822 50/423/1823 40/422/1824 42/428/1825 43/429/1826 47/430/1827
