# This file uses centimeters as units for non-parametric coordinates.

mtllib Sillas_Model.mtl
g default
v -0.495339 0.328070 11.965738
v -0.660572 0.000001 12.803365
v -0.413913 0.516114 12.891923
v -0.313476 0.811798 12.448307
v -0.356987 0.673170 12.111342
v 3.878067 3.787223 11.965702
v 4.113514 3.914333 11.965695
v 0.994974 0.505339 11.965708
v 4.249574 4.320291 12.107107
v 0.660874 0.000001 12.093249
v 0.954874 0.000001 12.152294
v 3.754531 4.141394 12.107669
v 3.989022 4.267508 12.107343
v 4.155852 4.466067 12.448307
v 1.097866 0.316233 12.001799
v 3.663286 4.285581 12.448307
v 3.896052 4.412618 12.448307
v 1.300461 0.011756 12.448307
v 4.316976 4.158551 12.895062
v 0.954874 0.000001 12.744319
v 3.820844 3.979875 12.894631
v 4.056132 4.106031 12.894861
v 1.097866 0.316233 12.894816
v 4.420024 3.776407 12.890904
v 0.414215 0.516114 12.891923
v 0.677787 0.569612 12.891338
v 3.925258 3.594922 12.891302
v 4.159966 3.723640 12.891075
v 0.911860 0.694251 12.891242
v 4.027364 3.297041 12.448307
v 4.516166 3.480594 12.448307
v 4.258270 3.427542 12.448307
v 0.313778 0.811798 12.448307
v 0.574343 0.865477 12.448307
v 4.420024 3.776406 12.005709
v 0.805910 0.991339 12.448307
v 0.357288 0.673170 12.111342
v 0.619391 0.727155 12.112627
v 4.374184 3.966852 11.965677
v 0.852650 0.852224 12.112936
v 3.925258 3.594922 12.005311
v 4.159966 3.723641 12.005539
v 0.495641 0.328070 11.965738
v 0.760658 0.380632 11.965716
v 7.122389 3.696415 11.962557
v 6.605969 3.965632 11.965544
v 6.894668 3.886687 11.964658
v 7.290475 4.064275 12.104644
v 6.779974 4.326140 12.106023
v 7.068118 4.249829 12.105547
v 7.405274 4.217349 12.448307
v 7.186406 4.400766 12.448307
v 6.898831 4.475908 12.448307
v 7.186406 4.400766 12.448307
v 7.212174 3.895148 12.898217
v 6.698215 4.161197 12.896108
v 6.987005 4.083462 12.896801
v 7.040037 3.501314 12.894200
v 6.526685 3.771656 12.890248
v 6.814137 3.692084 12.891351
v 6.329660 3.473302 12.448307
v 6.834325 3.206892 12.448307
v 6.614178 3.394559 12.448307
v 7.040037 3.501314 12.002412
v 6.526685 3.771656 12.006365
v 6.814137 3.692083 12.005261
v 9.166678 0.000001 12.260007
v 9.204998 0.000001 12.448307
v 9.166678 0.000001 12.636608
v 8.891605 0.000001 12.920603
v 8.696294 0.000001 12.965813
v 8.319890 0.000001 12.826622
v 8.197118 0.000001 12.653184
v 8.151731 0.000001 12.448307
v 8.197118 0.000001 12.243430
v 8.319890 0.000001 12.069993
v 8.496244 0.000001 11.961817
v 8.891606 0.000001 11.976011
v 0.660874 0.000001 12.093249
v 0.660874 0.000001 12.803365
v -0.660572 0.000001 12.803365
v 8.696294 0.000001 11.930801
v 1.144799 0.000001 12.268044
v 1.279156 0.000001 12.448307
v 1.144799 0.000001 12.628571
v 0.954874 0.000001 12.744319
v -4.373882 3.966852 11.965677
v -0.760357 0.380632 11.965716
v -3.754229 4.141394 12.107669
v -3.988719 4.267508 12.107343
v -1.097564 0.316233 12.001799
v -4.249272 4.320291 12.107107
v -3.662984 4.285581 12.448307
v -3.895749 4.412618 12.448307
v -4.155550 4.466067 12.448307
v -1.300159 0.011756 12.448307
v -3.820542 3.979875 12.894631
v -4.055829 4.106031 12.894861
v -1.097564 0.316233 12.894816
v -4.316675 4.158551 12.895062
v -0.954572 0.000001 12.744319
v -3.924957 3.594922 12.891302
v -4.159665 3.723640 12.891075
v -0.911558 0.694251 12.891242
v -4.419722 3.776407 12.890904
v -0.677485 0.569612 12.891338
v -4.027061 3.297041 12.448307
v -4.515864 3.480594 12.448307
v -4.257967 3.427542 12.448307
v -0.805608 0.991339 12.448307
v -3.924957 3.594922 12.005311
v -4.159665 3.723641 12.005539
v -0.574041 0.865477 12.448307
v -0.852348 0.852224 12.112936
v -3.877765 3.787223 11.965702
v -4.113212 3.914333 11.965695
v -0.619089 0.727155 12.112627
v -4.419722 3.776406 12.005709
v -0.994672 0.505339 11.965708
v -6.605666 3.965632 11.965544
v -6.894366 3.886687 11.964658
v -7.122087 3.696415 11.962557
v -6.779670 4.326140 12.106023
v -7.067814 4.249829 12.105547
v -7.290173 4.064275 12.104644
v -6.898530 4.475908 12.448307
v -7.186103 4.400766 12.448307
v -7.404971 4.217349 12.448307
v -6.697913 4.161197 12.896108
v -6.986703 4.083462 12.896801
v -7.211870 3.895148 12.898217
v -6.526383 3.771656 12.890248
v -6.813835 3.692084 12.891351
v -7.039736 3.501314 12.894200
v -6.329358 3.473302 12.448307
v -6.834024 3.206892 12.448307
v -6.613876 3.394559 12.448307
v -6.526383 3.771656 12.006365
v -6.813835 3.692083 12.005261
v -7.039736 3.501314 12.002412
v -9.166377 0.000001 12.260007
v -9.204695 0.000001 12.448307
v -9.169489 0.000001 12.629055
v -9.055255 0.000001 12.806991
v -8.891303 0.000001 12.920603
v -8.695992 0.000001 12.965813
v -8.495942 0.000001 12.934797
v -8.196817 0.000001 12.653184
v -8.151429 0.000001 12.448307
v -8.196817 0.000001 12.243430
v -8.319588 0.000001 12.069993
v -8.495942 0.000001 11.961817
v -8.891303 0.000001 11.976011
v -8.695992 0.000001 11.930801
v -0.660572 0.000001 12.093249
v -0.954572 0.000001 12.152294
v -0.954572 0.000001 12.152294
v -1.144497 0.000001 12.268044
v -1.278854 0.000001 12.448307
v -1.144497 0.000001 12.628571
v -0.954572 0.000001 12.744319
v 0.414216 0.516113 4.038316
v 0.313779 0.811798 4.481932
v 0.357289 0.673170 4.818897
v 0.495641 0.328070 4.964502
v 4.374184 3.966852 4.964563
v 0.760659 0.380632 4.964523
v 3.754532 4.141394 4.822571
v 3.989023 4.267507 4.822897
v 1.097866 0.316233 4.928440
v 4.249574 4.320292 4.823133
v 3.663287 4.285580 4.481933
v 3.896052 4.412617 4.481933
v 4.155854 4.466067 4.481933
v 1.300462 0.011756 4.481932
v 3.820845 3.979875 4.035608
v 4.056133 4.106030 4.035378
v 1.097867 0.316233 4.035424
v 4.316978 4.158551 4.035177
v 0.954876 0.000001 4.185920
v 3.925260 3.594922 4.038938
v 4.159968 3.723640 4.039164
v 0.911862 0.694251 4.038998
v 4.420025 3.776406 4.039335
v 0.677789 0.569612 4.038901
v 4.027365 3.297041 4.481933
v 4.516167 3.480594 4.481933
v 4.258270 3.427542 4.481933
v 0.805910 0.991339 4.481932
v 3.925259 3.594922 4.924928
v 4.159967 3.723641 4.924701
v 0.574344 0.865477 4.481932
v 0.852650 0.852224 4.817304
v 3.878067 3.787222 4.964537
v 4.113515 3.914333 4.964545
v 0.619391 0.727155 4.817612
v 4.420025 3.776407 4.924531
v 0.994975 0.505339 4.964532
v 6.605970 3.965632 4.964697
v 6.894669 3.886687 4.965582
v 7.122390 3.696416 4.967683
v 6.779975 4.326140 4.824217
v 7.068119 4.249829 4.824694
v 7.290476 4.064276 4.825597
v 6.898832 4.475908 4.481934
v 7.186407 4.400766 4.481934
v 7.405274 4.217349 4.481934
v 6.698216 4.161197 4.034132
v 6.987006 4.083462 4.033440
v 7.212174 3.895148 4.032024
v 6.526686 3.771656 4.039993
v 6.814138 3.692084 4.038889
v 7.040039 3.501314 4.036040
v 6.329662 3.473302 4.481934
v 6.834326 3.206892 4.481934
v 6.614179 3.394559 4.481934
v 6.526686 3.771656 4.923876
v 6.814138 3.692083 4.924979
v 7.040038 3.501314 4.927828
v 9.166679 0.000001 4.670235
v 9.204999 0.000001 4.481934
v 9.166679 0.000001 4.293633
v 8.891606 0.000001 4.009638
v 8.496245 0.000001 3.995444
v 8.197119 0.000001 4.277057
v 8.151732 0.000001 4.481934
v 8.197119 0.000001 4.686811
v 8.319891 0.000001 4.860249
v 8.496244 0.000001 4.968424
v 8.891607 0.000001 4.954230
v 8.696295 0.000001 4.999441
v -0.660571 0.000001 4.836990
v 0.660876 0.000001 4.126874
v 0.954875 0.000001 4.777944
v 0.954875 0.000001 4.777944
v 1.144800 0.000001 4.662196
v 1.279157 0.000001 4.481932
v 1.144800 0.000001 4.301669
v 0.954876 0.000001 4.185920
v -3.877764 3.787222 4.964535
v -4.113211 3.914333 4.964543
v -0.994671 0.505339 4.964531
v -4.249271 4.320292 4.823130
v -0.660571 0.000001 4.836990
v -0.954572 0.000001 4.777944
v -3.754228 4.141394 4.822569
v -3.988719 4.267507 4.822894
v -4.155549 4.466067 4.481931
v -1.097563 0.316233 4.928440
v -3.662983 4.285580 4.481931
v -3.895748 4.412617 4.481931
v -1.300159 0.011756 4.481931
v -4.316674 4.158551 4.035175
v -0.954571 0.000001 4.185920
v -3.820540 3.979875 4.035606
v -4.055828 4.106030 4.035376
v -1.097562 0.316233 4.035423
v -4.419720 3.776406 4.039333
v -0.413911 0.516113 4.038316
v -0.677484 0.569612 4.038900
v -3.924955 3.594922 4.038935
v -4.159663 3.723640 4.039162
v -0.911557 0.694251 4.038998
v -4.027061 3.297041 4.481931
v -4.515863 3.480594 4.481931
v -4.257966 3.427542 4.481931
v -0.313475 0.811798 4.481932
v -0.574040 0.865477 4.481932
v -4.419720 3.776407 4.924529
v -0.805607 0.991339 4.481932
v -0.356986 0.673170 4.818897
v -0.619088 0.727155 4.817611
v -4.373880 3.966852 4.964560
v -0.852347 0.852224 4.817303
v -3.924956 3.594922 4.924926
v -4.159664 3.723641 4.924699
v -0.495338 0.328070 4.964502
v -0.760356 0.380632 4.964523
v -7.122085 3.696416 4.967679
v -6.605665 3.965632 4.964693
v -6.894365 3.886687 4.965579
v -7.290172 4.064276 4.825593
v -6.779670 4.326140 4.824214
v -7.067814 4.249829 4.824690
v -7.404970 4.217349 4.481930
v -7.186102 4.400766 4.481930
v -6.898528 4.475908 4.481930
v -7.186102 4.400766 4.481930
v -7.211869 3.895148 4.032020
v -6.697912 4.161197 4.034128
v -6.986701 4.083462 4.033436
v -7.039735 3.501314 4.036036
v -6.526381 3.771656 4.039989
v -6.813833 3.692084 4.038885
v -6.329357 3.473302 4.481930
v -6.834022 3.206892 4.481930
v -6.613875 3.394559 4.481930
v -7.039735 3.501314 4.927825
v -6.526381 3.771656 4.923872
v -6.813833 3.692083 4.924975
v -9.166375 0.000001 4.670230
v -9.204694 0.000001 4.481929
v -9.166375 0.000001 4.293629
v -8.891302 0.000001 4.009633
v -8.695990 0.000001 3.964423
v -8.495940 0.000001 3.995440
v -8.196815 0.000001 4.277052
v -8.151428 0.000001 4.481929
v -8.196815 0.000001 4.686807
v -8.319586 0.000001 4.860244
v -8.495940 0.000001 4.968420
v -8.891302 0.000001 4.954225
v -8.695990 0.000001 4.999436
v -0.954572 0.000001 4.777944
v -1.144496 0.000001 4.662195
v -1.278854 0.000001 4.481931
v -1.144496 0.000001 4.301668
v -0.954571 0.000001 4.185920
v -0.660571 0.000001 4.126873
v -0.660572 -0.000003 -12.093224
v -0.313476 0.811794 -12.448282
v -0.495339 0.328066 -11.965713
v 4.374184 3.966848 -11.965653
v 0.495641 0.328066 -11.965713
v 0.760658 0.380628 -11.965692
v 3.754531 4.141390 -12.107645
v 3.989022 4.267504 -12.107319
v 1.097866 0.316229 -12.001774
v 4.249574 4.320287 -12.107082
v 3.663286 4.285577 -12.448282
v 3.896052 4.412614 -12.448282
v 4.155852 4.466063 -12.448282
v 1.300461 0.011752 -12.448282
v 3.820844 3.979871 -12.894608
v 4.056132 4.106026 -12.894839
v 1.097866 0.316229 -12.894790
v 4.316976 4.158547 -12.895039
v 0.660874 -0.000003 -12.803340
v 0.954874 -0.000003 -12.744293
v 3.925258 3.594918 -12.891277
v 4.159966 3.723636 -12.891051
v 0.911860 0.694247 -12.891216
v 4.420024 3.776402 -12.890880
v 0.414215 0.516109 -12.891897
v 0.677787 0.569608 -12.891313
v 4.027364 3.297037 -12.448282
v 4.516166 3.480590 -12.448282
v 4.258270 3.427538 -12.448282
v 0.805910 0.991335 -12.448282
v 3.925258 3.594918 -12.005287
v 4.159966 3.723637 -12.005514
v 0.313778 0.811794 -12.448282
v 0.574343 0.865473 -12.448282
v 0.852650 0.852220 -12.112910
v 3.878067 3.787219 -11.965677
v 4.113514 3.914329 -11.965672
v 0.357288 0.673166 -12.111317
v 0.619391 0.727151 -12.112603
v 4.420024 3.776402 -12.005685
v 0.994974 0.505335 -11.965683
v 6.605969 3.965628 -11.965519
v 6.894668 3.886683 -11.964634
v 7.122389 3.696411 -11.962532
v 6.779974 4.326136 -12.105999
v 7.068118 4.249825 -12.105524
v 7.290475 4.064271 -12.104619
v 6.898831 4.475904 -12.448282
v 7.186406 4.400762 -12.448282
v 7.405274 4.217344 -12.448282
v 6.698215 4.161192 -12.896085
v 6.987005 4.083458 -12.896778
v 7.212174 3.895144 -12.898193
v 6.526685 3.771652 -12.890224
v 6.814137 3.692080 -12.891327
v 7.040037 3.501310 -12.894176
v 6.329660 3.473298 -12.448282
v 6.834325 3.206888 -12.448282
v 6.614178 3.394555 -12.448282
v 6.526685 3.771652 -12.006341
v 6.814137 3.692079 -12.005237
v 7.040037 3.501310 -12.002387
v 9.166678 -0.000003 -12.259981
v 9.204998 -0.000003 -12.448282
v 9.169791 -0.000003 -12.629029
v 9.055556 -0.000003 -12.806967
v 8.891605 -0.000003 -12.920579
v 8.696294 -0.000003 -12.965788
v 8.496244 -0.000003 -12.934772
v 8.197118 -0.000003 -12.653159
v 8.151731 -0.000003 -12.448282
v 8.197118 -0.000003 -12.243405
v 8.319890 -0.000003 -12.069967
v 8.496244 -0.000003 -11.961792
v 8.891606 -0.000003 -11.975985
v 8.696294 -0.000003 -11.930776
v -0.660572 -0.000003 -12.093224
v 0.660874 -0.000003 -12.803340
v 0.954874 -0.000003 -12.152269
v 0.954874 -0.000003 -12.152269
v 1.144799 -0.000003 -12.268019
v 1.279156 -0.000003 -12.448282
v 1.144799 -0.000003 -12.628545
v 0.954874 -0.000003 -12.744293
v -3.877765 3.787219 -11.965677
v -4.113212 3.914329 -11.965672
v -0.994672 0.505335 -11.965683
v -4.249272 4.320287 -12.107082
v -0.954572 -0.000003 -12.152269
v -3.754229 4.141390 -12.107645
v -3.988719 4.267504 -12.107319
v -4.155550 4.466063 -12.448282
v -1.097564 0.316229 -12.001774
v -3.662984 4.285577 -12.448282
v -3.895749 4.412614 -12.448282
v -1.300159 0.011752 -12.448282
v -4.316675 4.158547 -12.895039
v -0.954572 -0.000003 -12.744293
v -3.820542 3.979871 -12.894608
v -4.055829 4.106026 -12.894839
v -1.097564 0.316229 -12.894790
v -4.419722 3.776402 -12.890880
v -0.413913 0.516109 -12.891897
v -0.677485 0.569608 -12.891313
v -3.924957 3.594918 -12.891277
v -4.159665 3.723636 -12.891051
v -0.911558 0.694247 -12.891216
v -4.027061 3.297037 -12.448282
v -4.515864 3.480590 -12.448282
v -4.257967 3.427538 -12.448282
v -0.574041 0.865473 -12.448282
v -4.419722 3.776402 -12.005685
v -0.805608 0.991335 -12.448282
v -0.356987 0.673166 -12.111317
v -0.619089 0.727151 -12.112603
v -4.373882 3.966848 -11.965653
v -0.852348 0.852220 -12.112910
v -3.924957 3.594918 -12.005287
v -4.159665 3.723637 -12.005514
v -0.760357 0.380628 -11.965692
v -7.122087 3.696411 -11.962532
v -6.605666 3.965628 -11.965519
v -6.894366 3.886683 -11.964634
v -7.290173 4.064271 -12.104619
v -6.779670 4.326136 -12.105999
v -7.067814 4.249825 -12.105524
v -7.404971 4.217344 -12.448282
v -7.186103 4.400762 -12.448282
v -6.898530 4.475904 -12.448282
v -7.186103 4.400762 -12.448282
v -7.211870 3.895144 -12.898193
v -6.697913 4.161192 -12.896085
v -6.986703 4.083458 -12.896778
v -7.039736 3.501310 -12.894176
v -6.526383 3.771652 -12.890224
v -6.813835 3.692080 -12.891327
v -6.329358 3.473298 -12.448282
v -6.834024 3.206888 -12.448282
v -6.613876 3.394555 -12.448282
v -7.039736 3.501310 -12.002387
v -6.526383 3.771652 -12.006341
v -6.813835 3.692079 -12.005237
v -9.166377 -0.000003 -12.259981
v -9.204695 -0.000003 -12.448282
v -9.166377 -0.000003 -12.636583
v -8.891303 -0.000003 -12.920579
v -8.695992 -0.000003 -12.965788
v -8.495942 -0.000003 -12.934772
v -8.196817 -0.000003 -12.653159
v -8.151429 -0.000003 -12.448282
v -8.196817 -0.000003 -12.243405
v -8.319588 -0.000003 -12.069967
v -8.495942 -0.000003 -11.961792
v -8.891303 -0.000003 -11.975985
v -0.660572 -0.000003 -12.803340
v -8.695992 -0.000003 -11.930776
v -1.144497 -0.000003 -12.268019
v -1.278854 -0.000003 -12.448282
v -1.144497 -0.000003 -12.628545
v -0.954572 -0.000003 -12.744293
v 0.495641 0.328068 -4.964477
v 0.313779 0.811797 -4.481906
v 3.878067 3.787221 -4.964514
v 4.113515 3.914331 -4.964521
v 0.994975 0.505338 -4.964507
v 4.249574 4.320290 -4.823108
v 0.954875 -0.000001 -4.777919
v 3.754532 4.141392 -4.822548
v 3.989023 4.267506 -4.822873
v 4.155854 4.466066 -4.481908
v 1.097866 0.316231 -4.928414
v 3.663287 4.285579 -4.481908
v 3.896052 4.412616 -4.481908
v 1.300462 0.011754 -4.481906
v 4.316978 4.158549 -4.035154
v 0.954876 -0.000000 -4.185895
v 3.820845 3.979874 -4.035584
v 4.056133 4.106029 -4.035354
v 1.097867 0.316231 -4.035398
v 4.420025 3.776405 -4.039311
v 0.414216 0.516112 -4.038291
v 0.677789 0.569611 -4.038875
v 3.925260 3.594921 -4.038913
v 4.159968 3.723639 -4.039140
v 0.911862 0.694249 -4.038974
v 4.027365 3.297040 -4.481908
v 4.516167 3.480593 -4.481908
v 4.258270 3.427541 -4.481908
v 0.574344 0.865476 -4.481908
v 4.420025 3.776405 -4.924506
v 0.805910 0.991338 -4.481908
v 0.357289 0.673168 -4.818871
v 0.619391 0.727154 -4.817587
v 4.374184 3.966850 -4.964539
v 0.852650 0.852222 -4.817279
v 3.925259 3.594921 -4.924904
v 4.159967 3.723639 -4.924677
v 0.760659 0.380631 -4.964498
v 7.122390 3.696414 -4.967659
v 6.605970 3.965630 -4.964672
v 6.894669 3.886685 -4.965558
v 7.290476 4.064274 -4.825573
v 6.779975 4.326139 -4.824193
v 7.068119 4.249827 -4.824670
v 7.405274 4.217347 -4.481910
v 7.186407 4.400764 -4.481910
v 6.898832 4.475906 -4.481910
v 7.186407 4.400764 -4.481910
v 7.212174 3.895147 -4.031999
v 6.698216 4.161195 -4.034108
v 6.987006 4.083460 -4.033415
v 7.040039 3.501313 -4.036016
v 6.526686 3.771655 -4.039968
v 6.814138 3.692083 -4.038865
v 6.329662 3.473301 -4.481910
v 6.834326 3.206890 -4.481910
v 6.614179 3.394557 -4.481910
v 7.040038 3.501312 -4.927804
v 6.526686 3.771654 -4.923851
v 6.814138 3.692082 -4.924954
v 9.166679 -0.000001 -4.670210
v 9.204999 -0.000001 -4.481909
v 9.169792 -0.000001 -4.301162
v 9.055557 -0.000000 -4.123225
v 8.891606 -0.000000 -4.009613
v 8.696296 -0.000000 -3.964402
v 8.496245 -0.000000 -3.995419
v 8.197119 -0.000001 -4.277031
v 8.151732 -0.000001 -4.481908
v 8.197119 -0.000001 -4.686786
v 8.319891 -0.000001 -4.860224
v 8.496244 -0.000001 -4.968399
v 8.891607 -0.000001 -4.954205
v 0.660875 -0.000001 -4.836966
v 8.696295 -0.000001 -4.999415
v 0.954875 -0.000001 -4.777919
v 1.144800 -0.000001 -4.662171
v 1.279157 -0.000001 -4.481906
v 1.144800 -0.000001 -4.301643
v 0.954876 -0.000000 -4.185895
v 0.660876 -0.000000 -4.126848
v -4.373880 3.966850 -4.964536
v -0.495338 0.328068 -4.964477
v -0.760356 0.380631 -4.964498
v -3.754228 4.141392 -4.822545
v -3.988719 4.267506 -4.822871
v -1.097563 0.316231 -4.928414
v -4.249271 4.320290 -4.823107
v -3.662983 4.285579 -4.481907
v -3.895748 4.412616 -4.481907
v -4.155549 4.466066 -4.481907
v -1.300159 0.011754 -4.481906
v -3.820540 3.979874 -4.035582
v -4.055828 4.106029 -4.035352
v -1.097562 0.316231 -4.035398
v -4.316674 4.158549 -4.035151
v -0.660571 -0.000000 -4.126848
v -0.954571 -0.000000 -4.185895
v -3.924955 3.594921 -4.038912
v -4.159663 3.723639 -4.039138
v -0.911557 0.694249 -4.038972
v -4.419720 3.776405 -4.039308
v -0.413911 0.516112 -4.038291
v -0.677484 0.569611 -4.038875
v -4.027061 3.297040 -4.481907
v -4.515863 3.480593 -4.481907
v -4.257966 3.427541 -4.481907
v -0.805607 0.991338 -4.481906
v -3.924956 3.594921 -4.924902
v -4.159664 3.723639 -4.924675
v -0.313475 0.811797 -4.481906
v -0.574040 0.865476 -4.481906
v -0.852347 0.852222 -4.817278
v -3.877764 3.787221 -4.964510
v -4.113211 3.914331 -4.964520
v -0.356986 0.673168 -4.818871
v -0.619088 0.727154 -4.817586
v -4.419720 3.776405 -4.924505
v -0.994671 0.505338 -4.964507
v -6.605665 3.965630 -4.964669
v -6.894365 3.886685 -4.965554
v -7.122085 3.696414 -4.967655
v -6.779670 4.326139 -4.824189
v -7.067814 4.249827 -4.824666
v -7.290172 4.064274 -4.825570
v -6.898528 4.475906 -4.481905
v -7.186102 4.400764 -4.481905
v -7.404970 4.217347 -4.481905
v -6.697912 4.161195 -4.034104
v -6.986701 4.083460 -4.033412
v -7.211869 3.895147 -4.031996
v -6.526381 3.771655 -4.039965
v -6.813833 3.692083 -4.038861
v -7.039735 3.501313 -4.036011
v -6.329357 3.473301 -4.481905
v -6.834022 3.206890 -4.481905
v -6.613875 3.394557 -4.481905
v -6.526381 3.771654 -4.923849
v -6.813833 3.692082 -4.924952
v -7.039735 3.501312 -4.927801
v -9.166375 -0.000001 -4.670204
v -9.204694 -0.000001 -4.481905
v -9.169487 -0.000001 -4.301157
v -9.055253 -0.000000 -4.123220
v -8.891302 -0.000000 -4.009608
v -8.695990 -0.000000 -3.964397
v -8.495940 -0.000000 -3.995415
v -8.196815 -0.000001 -4.277026
v -8.151428 -0.000001 -4.481905
v -8.196815 -0.000001 -4.686782
v -8.319586 -0.000001 -4.860219
v -8.495940 -0.000001 -4.968393
v -8.891302 -0.000001 -4.954200
v -8.695990 -0.000001 -4.999411
v -0.660571 -0.000000 -4.126848
v -0.954572 -0.000001 -4.777918
v -0.954572 -0.000001 -4.777918
v -1.144496 -0.000001 -4.662169
v -1.278854 -0.000001 -4.481906
v -1.144496 -0.000001 -4.301643
v -0.954571 -0.000000 -4.185895
v 6.834325 3.206892 12.448307
v 9.166678 0.000001 12.260007
v 9.204998 0.000001 12.448307
v 8.319890 0.000001 12.826622
v 8.151731 0.000001 12.448307
v 8.151731 0.000001 12.448307
v 8.488015 0.000001 11.967731
v 8.696294 0.000001 11.930801
v 0.660874 0.000001 12.803365
v 1.144799 0.000001 12.268044
v 0.954874 0.000001 12.152294
v 1.144799 0.000001 12.628571
v 8.891605 0.000001 12.920603
v 8.319890 0.000001 12.069993
v 1.279156 0.000001 12.448307
v 1.279156 0.000001 12.448307
v 1.300461 0.011756 12.448307
v -7.186103 4.400766 12.448307
v -6.834024 3.206892 12.448307
v -9.204695 0.000001 12.448307
v -8.319588 0.000001 12.826622
v -8.151429 0.000001 12.448307
v -8.151429 0.000001 12.448307
v -8.319588 0.000001 12.069993
v -8.487713 0.000001 11.967731
v -8.695992 0.000001 11.930801
v -8.891303 0.000001 12.920603
v -9.166377 0.000001 12.260007
v -1.144497 0.000001 12.268044
v -1.144497 0.000001 12.628571
v -0.660572 0.000001 12.093249
v -1.278854 0.000001 12.448307
v -1.278854 0.000001 12.448307
v -1.300159 0.011756 12.448307
v 7.186407 4.400766 4.481934
v 6.834326 3.206892 4.481934
v 9.204999 0.000001 4.481934
v 8.319891 0.000001 4.103619
v 8.151732 0.000001 4.481934
v 8.151732 0.000001 4.481934
v 8.319891 0.000001 4.860249
v 8.488015 0.000001 4.962510
v 8.696295 0.000001 4.999441
v 8.891606 0.000001 4.009638
v 9.166679 0.000001 4.670235
v 0.660876 0.000001 4.126874
v 1.144800 0.000001 4.662196
v 0.660875 0.000001 4.836991
v 1.144800 0.000001 4.301669
v 0.660875 0.000001 4.836991
v 1.279157 0.000001 4.481932
v 1.279157 0.000001 4.481932
v 1.300462 0.011756 4.481932
v -6.834022 3.206892 4.481930
v -9.166375 0.000001 4.670230
v -9.204694 0.000001 4.481929
v -8.319586 0.000001 4.103614
v -8.151428 0.000001 4.481929
v -8.151428 0.000001 4.481929
v -8.487711 0.000001 4.962505
v -8.695990 0.000001 4.999436
v -0.660571 0.000001 4.126873
v -1.144496 0.000001 4.662195
v -1.144496 0.000001 4.301668
v -8.891302 0.000001 4.009633
v -8.319586 0.000001 4.860244
v -1.278854 0.000001 4.481931
v -1.278854 0.000001 4.481931
v -1.300159 0.011756 4.481931
v 7.186406 4.400762 -12.448282
v 6.834325 3.206888 -12.448282
v 9.204998 -0.000003 -12.448282
v 8.319890 -0.000003 -12.826596
v 8.151731 -0.000003 -12.448282
v 8.151731 -0.000003 -12.448282
v 8.319890 -0.000003 -12.069967
v 8.488015 -0.000003 -11.967707
v 8.696294 -0.000003 -11.930776
v 8.891605 -0.000003 -12.920579
v 9.166678 -0.000003 -12.259981
v 1.144799 -0.000003 -12.268019
v 0.660874 -0.000003 -12.093224
v 1.144799 -0.000003 -12.628545
v 0.660874 -0.000003 -12.093224
v 1.279156 -0.000003 -12.448282
v 1.279156 -0.000003 -12.448282
v 1.300461 0.011752 -12.448282
v -6.834024 3.206888 -12.448282
v -9.166377 -0.000003 -12.259981
v -9.204695 -0.000003 -12.448282
v -8.319588 -0.000003 -12.826596
v -8.151429 -0.000003 -12.448282
v -8.151429 -0.000003 -12.448282
v -8.487713 -0.000003 -11.967707
v -8.695992 -0.000003 -11.930776
v -0.660572 -0.000003 -12.803340
v -1.144497 -0.000003 -12.268019
v -0.954572 -0.000003 -12.152269
v -1.144497 -0.000003 -12.628545
v -8.891303 -0.000003 -12.920579
v -8.319588 -0.000003 -12.069967
v -1.278854 -0.000003 -12.448282
v -1.278854 -0.000003 -12.448282
v -1.300159 0.011752 -12.448282
v 6.834326 3.206890 -4.481910
v 9.166679 -0.000001 -4.670210
v 9.204999 -0.000001 -4.481909
v 8.319891 -0.000000 -4.103593
v 8.151732 -0.000001 -4.481908
v 8.151732 -0.000001 -4.481908
v 8.488015 -0.000001 -4.962484
v 8.696295 -0.000001 -4.999415
v 0.660876 -0.000000 -4.126848
v 1.144800 -0.000001 -4.662171
v 1.144800 -0.000001 -4.301643
v 8.891606 -0.000000 -4.009613
v 8.319891 -0.000001 -4.860224
v 0.660875 -0.000001 -4.836966
v 1.279157 -0.000001 -4.481906
v 1.279157 -0.000001 -4.481906
v 1.300462 0.011754 -4.481906
v -7.186102 4.400764 -4.481905
v -6.834022 3.206890 -4.481905
v -9.204694 -0.000001 -4.481905
v -8.319586 -0.000000 -4.103589
v -8.151428 -0.000001 -4.481905
v -8.151428 -0.000001 -4.481905
v -8.319586 -0.000001 -4.860219
v -8.487711 -0.000001 -4.962480
v -8.695990 -0.000001 -4.999411
v -8.891302 -0.000000 -4.009608
v -9.166375 -0.000001 -4.670204
v -1.144496 -0.000001 -4.662169
v -0.660571 -0.000001 -4.836965
v -1.144496 -0.000001 -4.301643
v -0.660571 -0.000001 -4.836965
v -1.278854 -0.000001 -4.481906
v -1.278854 -0.000001 -4.481906
v -1.300159 0.011754 -4.481906
v 0.640802 3.998486 12.926157
v 1.038874 4.090607 12.882953
v 0.371956 10.078023 12.931534
v 0.371956 10.078022 13.320307
v -0.013394 10.035406 13.320331
v 8.392294 3.659838 12.944733
v 8.234727 3.334600 12.944727
v 0.994744 3.673205 12.927481
v -0.122337 11.019921 12.986552
v 0.154870 11.045741 12.986289
v 0.695416 3.689428 13.269678
v 0.695416 3.689428 12.982166
v 0.994744 3.673205 13.324363
v 0.640802 3.998486 13.325685
v 0.229470 10.861456 12.944449
v -0.130332 10.824985 12.944836
v -0.013394 10.035406 12.931510
v 8.392294 3.659838 13.307111
v 8.234726 3.334600 13.307117
v 1.038874 4.090607 13.368890
v -0.122337 11.019921 13.265291
v 0.154870 11.045741 13.265554
v 3.381050 4.520645 12.929468
v 3.381050 4.520645 13.322376
v 6.383371 4.494049 12.930078
v 0.615684 6.036109 12.928140
v 1.008776 6.068111 12.929319
v -0.130332 10.824985 13.307006
v 0.229470 10.861455 13.307392
v 3.398189 4.126892 12.927972
v 3.398189 4.126892 13.323872
v 6.344851 4.104764 12.927107
v 6.383371 4.494049 13.321766
v 6.344851 4.104764 13.324738
v 0.615684 6.036109 13.323703
v 1.008776 6.068111 13.322525
v 0.695416 3.689426 3.948073
v 0.994744 3.673203 4.002758
v 0.371956 10.078021 3.998703
v -0.013394 10.035405 3.998727
v 1.038874 4.090605 4.047285
v 0.154870 11.045739 3.943948
v 0.154870 11.045739 3.664683
v 8.392294 3.659836 3.985507
v 0.640802 3.998485 3.604553
v 0.640802 3.998485 4.004082
v 1.038874 4.090605 3.561348
v 0.371956 10.078020 3.609929
v 0.229470 10.861454 3.985787
v -0.013394 10.035405 3.609906
v 0.994744 3.673204 3.605876
v -0.122337 11.019920 3.943685
v 3.381050 4.520644 4.000771
v 3.398189 4.126891 4.002268
v 6.383371 4.494047 4.000162
v 6.344851 4.104763 4.003132
v 6.383371 4.494047 3.608472
v 0.615684 6.036108 3.606536
v 1.008776 6.068109 4.000919
v 1.008776 6.068109 3.607714
v 0.229470 10.861453 3.622845
v 0.695416 3.689426 3.660561
v 8.392294 3.659836 3.623128
v 8.234727 3.334598 3.985512
v 8.234726 3.334598 3.623123
v -0.130332 10.824983 3.985400
v -0.122337 11.019920 3.664947
v -0.130332 10.824983 3.623232
v 3.381050 4.520644 3.607863
v 3.398189 4.126891 3.606367
v 6.344851 4.104763 3.605502
v 0.615684 6.036107 4.002098
v -0.695077 3.689428 12.982166
v -0.994406 3.673205 12.927481
v -0.371618 10.078023 12.931534
v 0.013732 10.035406 12.931510
v -1.038536 4.090607 12.882953
v -0.154532 11.045741 12.986289
v -0.154532 11.045741 13.265554
v -8.391956 3.659838 12.944733
v -0.640464 3.998486 13.325685
v -0.640464 3.998486 12.926157
v -1.038536 4.090607 13.368890
v -0.371618 10.078022 13.320307
v -0.229132 10.861456 12.944449
v 0.013732 10.035406 13.320331
v -0.994406 3.673205 13.324363
v 0.122675 11.019921 12.986552
v -3.380712 4.520645 12.929468
v -3.397850 4.126892 12.927972
v -6.383033 4.494049 12.930078
v -6.344513 4.104764 12.927107
v -6.383033 4.494049 13.321766
v -0.615346 6.036109 13.323703
v -1.008437 6.068111 12.929319
v -1.008437 6.068111 13.322525
v -0.229132 10.861455 13.307392
v -0.695077 3.689428 13.269678
v -8.391956 3.659838 13.307111
v -8.234389 3.334600 12.944727
v -8.234388 3.334600 13.307117
v 0.130670 10.824985 12.944836
v 0.122675 11.019921 13.265291
v 0.130670 10.824985 13.307006
v -3.380712 4.520645 13.322376
v -3.397850 4.126892 13.323872
v -6.344513 4.104764 13.324738
v -0.615346 6.036109 12.928140
v -0.640464 3.998485 4.004082
v -1.038536 4.090605 4.047285
v -0.371618 10.078021 3.998703
v -0.371618 10.078020 3.609929
v 0.013732 10.035405 3.609906
v -8.391956 3.659836 3.985507
v -8.234389 3.334598 3.985512
v -0.994406 3.673203 4.002758
v 0.122675 11.019920 3.943685
v -0.154532 11.045739 3.943948
v -0.695077 3.689426 3.660561
v -0.695077 3.689426 3.948073
v -0.994406 3.673204 3.605876
v -0.640464 3.998485 3.604553
v -0.229132 10.861454 3.985787
v 0.130670 10.824983 3.985400
v 0.013732 10.035405 3.998727
v -8.391956 3.659836 3.623128
v -8.234388 3.334598 3.623123
v -1.038536 4.090605 3.561348
v 0.122675 11.019920 3.664947
v -0.154532 11.045739 3.664683
v -3.380712 4.520644 4.000771
v -3.380712 4.520644 3.607863
v -6.383033 4.494047 4.000162
v -0.615346 6.036107 4.002098
v -1.008437 6.068109 4.000919
v 0.130670 10.824983 3.623232
v -0.229132 10.861453 3.622845
v -3.397850 4.126891 4.002268
v -3.397850 4.126891 3.606367
v -6.344513 4.104763 4.003132
v -6.383033 4.494047 3.608472
v -6.344513 4.104763 3.605502
v -0.615346 6.036108 3.606536
v -1.008437 6.068109 3.607714
v 0.695416 3.689423 -12.982139
v 0.994744 3.673201 -12.927456
v 0.371956 10.078018 -12.931509
v -0.013394 10.035402 -12.931485
v 1.038874 4.090603 -12.882926
v 0.154870 11.045737 -12.986266
v 0.154870 11.045737 -13.265528
v 8.392294 3.659834 -12.944705
v 0.640802 3.998482 -13.325660
v 0.640802 3.998482 -12.926131
v 1.038874 4.090603 -13.368865
v 0.371956 10.078018 -13.320284
v 0.229470 10.861451 -12.944426
v -0.013394 10.035402 -13.320305
v 0.994744 3.673201 -13.324335
v -0.122337 11.019917 -12.986528
v 3.381050 4.520641 -12.929441
v 3.398188 4.126888 -12.927944
v 6.383371 4.494045 -12.930052
v 6.344851 4.104760 -12.927080
v 6.383371 4.494045 -13.321740
v 0.615684 6.036105 -13.323675
v 1.008776 6.068106 -12.929293
v 1.008776 6.068106 -13.322499
v 0.229470 10.861451 -13.307368
v 0.695416 3.689423 -13.269652
v 8.392294 3.659834 -13.307086
v 8.234727 3.334596 -12.944701
v 8.234726 3.334595 -13.307090
v -0.130332 10.824980 -12.944811
v -0.122337 11.019917 -13.265267
v -0.130332 10.824980 -13.306980
v 3.381050 4.520641 -13.322349
v 3.398189 4.126888 -13.323846
v 6.344851 4.104760 -13.324711
v 0.615684 6.036104 -12.928113
v 0.640802 3.998483 -4.004055
v 1.038874 4.090604 -4.047259
v 0.371956 10.078020 -3.998677
v 0.371956 10.078019 -3.609904
v -0.013394 10.035403 -3.609880
v 8.392294 3.659835 -3.985480
v 8.234727 3.334597 -3.985485
v 0.994744 3.673202 -4.002731
v -0.122337 11.019918 -3.943660
v 0.154870 11.045738 -3.943924
v 0.695416 3.689425 -3.660533
v 0.695416 3.689425 -3.948046
v 0.994744 3.673203 -3.605849
v 0.640802 3.998484 -3.604526
v 0.229470 10.861453 -3.985762
v -0.130332 10.824982 -3.985375
v -0.013394 10.035403 -3.998702
v 8.392294 3.659835 -3.623100
v 8.234726 3.334597 -3.623096
v 1.038874 4.090604 -3.561321
v -0.122337 11.019918 -3.664922
v 0.154870 11.045738 -3.664658
v 3.381050 4.520643 -4.000744
v 3.381050 4.520643 -3.607837
v 6.383371 4.494046 -4.000135
v 0.615684 6.036106 -4.002072
v 1.008776 6.068108 -4.000893
v -0.130332 10.824982 -3.623207
v 0.229470 10.861452 -3.622820
v 3.398188 4.126890 -4.002241
v 3.398189 4.126890 -3.606340
v 6.344851 4.104762 -4.003106
v 6.383371 4.494046 -3.608446
v 6.344851 4.104762 -3.605475
v 0.615684 6.036106 -3.606510
v 1.008776 6.068108 -3.607688
v -0.640464 3.998482 -12.926131
v -1.038536 4.090603 -12.882926
v -0.371618 10.078018 -12.931509
v -0.371618 10.078018 -13.320284
v 0.013732 10.035402 -13.320305
v -8.391956 3.659834 -12.944705
v -8.234389 3.334596 -12.944701
v -0.994406 3.673201 -12.927456
v 0.122675 11.019917 -12.986528
v -0.154532 11.045737 -12.986266
v -0.695077 3.689423 -13.269652
v -0.695077 3.689423 -12.982139
v -0.994406 3.673201 -13.324335
v -0.640464 3.998482 -13.325660
v -0.229132 10.861451 -12.944426
v 0.130670 10.824980 -12.944811
v 0.013732 10.035402 -12.931485
v -8.391956 3.659834 -13.307086
v -8.234388 3.334595 -13.307090
v -1.038536 4.090603 -13.368865
v 0.122675 11.019917 -13.265267
v -0.154532 11.045737 -13.265528
v -3.380712 4.520641 -12.929441
v -3.380712 4.520641 -13.322349
v -6.383033 4.494045 -12.930052
v -0.615346 6.036104 -12.928113
v -1.008437 6.068106 -12.929293
v 0.130670 10.824980 -13.306980
v -0.229132 10.861451 -13.307368
v -3.397850 4.126888 -12.927944
v -3.397850 4.126888 -13.323846
v -6.344513 4.104760 -12.927080
v -6.383033 4.494045 -13.321740
v -6.344513 4.104760 -13.324711
v -0.615346 6.036105 -13.323675
v -1.008437 6.068106 -13.322499
v -0.695077 3.689425 -3.948046
v -0.994406 3.673202 -4.002731
v -0.371618 10.078020 -3.998677
v 0.013732 10.035403 -3.998702
v -1.038536 4.090604 -4.047259
v -0.154532 11.045738 -3.943924
v -0.154532 11.045738 -3.664658
v -8.391956 3.659835 -3.985480
v -0.640464 3.998484 -3.604526
v -0.640464 3.998483 -4.004055
v -1.038536 4.090604 -3.561321
v -0.371618 10.078019 -3.609904
v -0.229132 10.861453 -3.985762
v 0.013732 10.035403 -3.609880
v -0.994406 3.673203 -3.605849
v 0.122675 11.019918 -3.943660
v -3.380712 4.520643 -4.000744
v -3.397850 4.126890 -4.002241
v -6.383033 4.494046 -4.000135
v -6.344513 4.104762 -4.003106
v -6.383033 4.494046 -3.608446
v -0.615346 6.036106 -3.606510
v -1.008437 6.068108 -4.000893
v -1.008437 6.068108 -3.607688
v -0.229132 10.861452 -3.622820
v -0.695077 3.689425 -3.660533
v -8.391956 3.659835 -3.623100
v -8.234389 3.334597 -3.985485
v -8.234388 3.334597 -3.623096
v 0.130670 10.824982 -3.985375
v 0.122675 11.019918 -3.664922
v 0.130670 10.824982 -3.623207
v -3.380712 4.520643 -3.607837
v -3.397850 4.126890 -3.606340
v -6.344513 4.104762 -3.605475
v -0.615346 6.036106 -4.002072
v 4.286735 4.641678 3.837332
v 4.286735 4.641680 13.092904
v 4.412395 4.608007 3.837332
v 4.412395 4.608008 13.092904
v 4.504385 4.516017 3.837332
v 4.504385 4.516018 13.092904
v 4.538056 4.390356 3.837332
v 4.538056 4.390358 13.092904
v 4.504385 4.264695 3.837332
v 4.504385 4.264697 13.092904
v 4.412395 4.172705 3.837332
v 4.412395 4.172707 13.092904
v 4.286734 4.139034 3.837332
v 4.286734 4.139036 13.092904
v 4.161074 4.172705 3.837332
v 4.161074 4.172706 13.092904
v 4.069083 4.264695 3.837332
v 4.069083 4.264697 13.092904
v 4.035413 4.390356 3.837332
v 4.035413 4.390358 13.092904
v 4.069083 4.516017 3.837332
v 4.069083 4.516018 13.092904
v 4.161074 4.608007 3.837332
v 6.921586 4.416591 3.837332
v 6.921585 4.416592 13.092904
v 7.047246 4.382919 3.837332
v 7.047246 4.382921 13.092904
v 7.139238 4.290929 3.837332
v 7.139237 4.290931 13.092904
v 7.172907 4.165269 3.837332
v 7.172907 4.165271 13.092904
v 7.139237 4.039607 3.837333
v 7.139237 4.039609 13.092904
v 6.921586 3.913946 3.837333
v 7.047246 3.947619 13.092904
v 6.921585 3.913948 13.092904
v 6.795924 3.947618 3.837333
v 6.795924 3.947619 13.092904
v 6.703934 4.039608 3.837333
v 6.703934 4.039610 13.092904
v 6.670264 4.165268 3.837332
v 6.670264 4.165270 13.092904
v 6.703935 4.290929 3.837332
v 6.703935 4.290930 13.092904
v 6.795924 4.382919 3.837332
v 0.809104 6.301113 3.837333
v 0.809104 6.301114 13.092904
v 0.934765 6.267442 3.837333
v 0.934764 6.267443 13.092904
v 1.026755 6.175452 3.837333
v 1.026755 6.175453 13.092904
v 1.060426 6.049791 3.837333
v 1.060426 6.049793 13.092904
v 1.026755 5.924130 3.837333
v 1.026755 5.924132 13.092904
v 0.934764 5.832140 3.837333
v 0.934765 5.832142 13.092905
v 0.809104 5.798469 3.837333
v 0.809104 5.798471 13.092905
v 0.683443 5.832140 3.837333
v 0.683443 5.832142 13.092905
v 0.591453 5.924130 3.837333
v 0.591453 5.924132 13.092904
v 0.557782 6.049791 3.837333
v 0.557782 6.049793 13.092904
v 0.591453 6.175452 3.837333
v 0.591453 6.175453 13.092904
v 0.683443 6.267442 3.837333
v 4.286735 4.641678 3.837332
v 4.286735 4.641680 13.092904
v 4.538056 4.390358 13.092904
v 4.538056 4.390356 3.837332
v 4.538056 4.390358 13.092904
v 4.538056 4.390356 3.837332
v 4.161074 4.172706 13.092904
v 4.161074 4.172705 3.837332
v 4.035413 4.390358 13.092904
v 4.035413 4.390356 3.837332
v 4.035413 4.390358 13.092904
v 4.035413 4.390356 3.837332
v 4.161074 4.608008 13.092904
v 6.921586 4.416591 3.837332
v 6.921585 4.416592 13.092904
v 7.172907 4.165271 13.092904
v 7.172907 4.165269 3.837332
v 7.172907 4.165271 13.092904
v 7.172907 4.165269 3.837332
v 6.921585 3.913948 13.092904
v 6.921586 3.913946 3.837333
v 6.670264 4.165270 13.092904
v 6.670264 4.165268 3.837332
v 6.670264 4.165270 13.092904
v 6.670264 4.165268 3.837332
v 6.795924 4.382921 13.092904
v 0.809104 6.301113 3.837333
v 0.809104 6.301114 13.092904
v 1.060426 6.049793 13.092904
v 1.060426 6.049791 3.837333
v 1.060426 6.049793 13.092904
v 1.060426 6.049791 3.837333
v 0.809104 5.798471 13.092905
v 0.809104 5.798469 3.837333
v 0.557782 6.049793 13.092904
v 0.557782 6.049791 3.837333
v 0.557782 6.049793 13.092904
v 0.557782 6.049791 3.837333
v 0.683443 6.267443 13.092904
v -4.286431 4.641678 3.837332
v -4.286431 4.641680 13.092904
v -4.412091 4.608007 3.837332
v -4.412091 4.608008 13.092904
v -4.504082 4.516017 3.837332
v -4.504082 4.516018 13.092904
v -4.537753 4.390356 3.837332
v -4.504082 4.264697 13.092904
v -4.504082 4.264695 3.837332
v -4.412091 4.172705 3.837332
v -4.412091 4.172707 13.092904
v -4.286431 4.139034 3.837332
v -4.286431 4.139036 13.092904
v -4.160769 4.172705 3.837332
v -4.160769 4.172706 13.092904
v -4.068780 4.264695 3.837332
v -4.068780 4.264697 13.092904
v -4.035109 4.390356 3.837332
v -4.035109 4.390358 13.092904
v -4.068780 4.516017 3.837332
v -4.068780 4.516018 13.092904
v -4.160770 4.608007 3.837332
v -4.035109 4.390358 13.092904
v -6.921282 4.416591 3.837332
v -6.921280 4.416592 13.092904
v -7.046941 4.382921 13.092904
v -7.138933 4.290929 3.837332
v -7.138933 4.290931 13.092904
v -7.172603 4.165269 3.837332
v -7.172603 4.165271 13.092904
v -7.138933 4.039609 13.092904
v -7.138933 4.039607 3.837333
v -7.046941 3.947619 13.092904
v -6.921282 3.913946 3.837333
v -6.921280 3.913948 13.092904
v -6.795620 3.947618 3.837333
v -6.795620 3.947619 13.092904
v -6.703629 4.039608 3.837333
v -6.703629 4.039610 13.092904
v -6.669960 4.165268 3.837332
v -6.669960 4.165270 13.092904
v -6.703631 4.290929 3.837332
v -6.703631 4.290930 13.092904
v -6.795620 4.382919 3.837332
v -0.808801 6.301113 3.837333
v -0.808801 6.301114 13.092904
v -0.934461 6.267442 3.837333
v -0.934461 6.267443 13.092904
v -1.026451 6.175452 3.837333
v -1.026451 6.175453 13.092904
v -1.060122 6.049791 3.837333
v -1.060122 6.049793 13.092904
v -1.026451 5.924130 3.837333
v -1.026451 5.924132 13.092904
v -0.934461 5.832140 3.837333
v -0.934461 5.832142 13.092905
v -0.808800 5.798469 3.837333
v -0.808801 5.798471 13.092905
v -0.683139 5.832140 3.837333
v -0.683139 5.832142 13.092905
v -0.591149 5.924130 3.837333
v -0.591150 5.924132 13.092904
v -0.557478 6.049791 3.837333
v -0.557479 6.049793 13.092904
v -0.591149 6.175452 3.837333
v -0.591150 6.175453 13.092904
v -0.683139 6.267442 3.837333
v -0.557479 6.049793 13.092904
v -4.286431 4.641678 3.837332
v -4.286431 4.641680 13.092904
v -4.537753 4.390356 3.837332
v -4.537753 4.390356 3.837332
v -4.537751 4.390358 13.092904
v -4.537751 4.390358 13.092904
v -4.286431 4.139034 3.837332
v -4.286431 4.139036 13.092904
v -4.035109 4.390356 3.837332
v -4.035109 4.390356 3.837332
v -4.035109 4.390358 13.092904
v -4.160770 4.608008 13.092904
v -6.921280 4.416592 13.092904
v -7.172603 4.165269 3.837332
v -7.172603 4.165269 3.837332
v -7.172603 4.165271 13.092904
v -7.172603 4.165271 13.092904
v -6.921282 3.913946 3.837333
v -6.921280 3.913948 13.092904
v -6.669960 4.165268 3.837332
v -6.669960 4.165268 3.837332
v -6.669960 4.165270 13.092904
v -6.669960 4.165270 13.092904
v -6.921282 4.416591 3.837332
v -6.795620 4.382921 13.092904
v -0.808801 6.301113 3.837333
v -0.808801 6.301114 13.092904
v -1.060122 6.049791 3.837333
v -1.060122 6.049791 3.837333
v -1.060122 6.049793 13.092904
v -1.060122 6.049793 13.092904
v -0.808800 5.798469 3.837333
v -0.808801 5.798471 13.092905
v -0.557478 6.049791 3.837333
v -0.557478 6.049791 3.837333
v -0.557479 6.049793 13.092904
v -0.683139 6.267443 13.092904
v 4.286734 4.641677 -3.837332
v 4.286734 4.641675 -13.092902
v 4.412395 4.608005 -3.837332
v 4.412395 4.608004 -13.092902
v 4.504385 4.516015 -3.837331
v 4.504385 4.516014 -13.092902
v 4.538056 4.390355 -3.837331
v 4.538055 4.390353 -13.092902
v 4.504385 4.264694 -3.837331
v 4.504385 4.264692 -13.092902
v 4.412395 4.172704 -3.837331
v 4.412395 4.172703 -13.092902
v 4.286734 4.139033 -3.837331
v 4.286734 4.139031 -13.092902
v 4.161073 4.172703 -3.837331
v 4.161073 4.172702 -13.092902
v 4.069083 4.264694 -3.837331
v 4.069083 4.264692 -13.092902
v 4.035413 4.390355 -3.837331
v 4.035413 4.390353 -13.092902
v 4.069083 4.516016 -3.837331
v 4.069083 4.516014 -13.092902
v 4.161074 4.608005 -3.837332
v 4.035413 4.390353 -13.092902
v 6.921585 4.416589 -3.837331
v 6.921585 4.416588 -13.092902
v 7.047245 4.382918 -3.837331
v 7.047245 4.382916 -13.092902
v 7.139237 4.290927 -3.837331
v 7.139236 4.290927 -13.092902
v 7.172907 4.165268 -3.837331
v 7.172907 4.165266 -13.092902
v 7.139236 4.039606 -3.837331
v 7.139236 4.039604 -13.092902
v 7.047245 3.947616 -3.837331
v 7.047245 3.947615 -13.092902
v 6.921585 3.913945 -3.837331
v 6.921585 3.913943 -13.092902
v 6.795924 3.947616 -3.837331
v 6.795924 3.947615 -13.092902
v 6.703933 4.039607 -3.837331
v 6.703933 4.039605 -13.092902
v 6.670264 4.165267 -3.837331
v 6.670264 4.165266 -13.092902
v 6.703934 4.290927 -3.837331
v 6.703934 4.290926 -13.092902
v 6.795924 4.382918 -3.837331
v 0.809104 6.301111 -3.837333
v 0.809104 6.301110 -13.092906
v 0.934765 6.267441 -3.837333
v 0.934764 6.267439 -13.092906
v 1.026755 6.175451 -3.837333
v 1.026755 6.175449 -13.092906
v 1.060426 6.049790 -3.837333
v 1.060426 6.049788 -13.092906
v 1.026755 5.924129 -3.837333
v 1.026755 5.924127 -13.092906
v 0.934764 5.832139 -3.837333
v 0.934764 5.832138 -13.092906
v 0.809104 5.798468 -3.837333
v 0.809104 5.798466 -13.092906
v 0.683443 5.832139 -3.837333
v 0.683443 5.832138 -13.092906
v 0.591453 5.924129 -3.837333
v 0.591453 5.924127 -13.092906
v 0.557782 6.049790 -3.837333
v 0.557782 6.049788 -13.092906
v 0.591453 6.175451 -3.837333
v 0.591453 6.175449 -13.092906
v 0.683443 6.267441 -3.837333
v 0.557782 6.049788 -13.092906
v 4.286734 4.641677 -3.837332
v 4.286734 4.641675 -13.092902
v 4.538056 4.390355 -3.837331
v 4.538056 4.390355 -3.837331
v 4.538055 4.390353 -13.092902
v 4.538055 4.390353 -13.092902
v 4.161073 4.172703 -3.837331
v 4.161073 4.172702 -13.092902
v 4.035413 4.390355 -3.837331
v 4.035413 4.390355 -3.837331
v 4.035413 4.390353 -13.092902
v 4.161074 4.608004 -13.092902
v 6.921585 4.416588 -13.092902
v 7.172907 4.165268 -3.837331
v 7.172907 4.165268 -3.837331
v 7.172907 4.165266 -13.092902
v 7.172907 4.165266 -13.092902
v 6.921585 3.913945 -3.837331
v 6.921585 3.913943 -13.092902
v 6.670264 4.165267 -3.837331
v 6.670264 4.165267 -3.837331
v 6.670264 4.165266 -13.092902
v 6.670264 4.165266 -13.092902
v 6.921585 4.416589 -3.837331
v 6.795924 4.382916 -13.092902
v 0.809104 6.301111 -3.837333
v 0.809104 6.301110 -13.092906
v 1.060426 6.049790 -3.837333
v 1.060426 6.049790 -3.837333
v 1.060426 6.049788 -13.092906
v 1.060426 6.049788 -13.092906
v 0.809104 5.798468 -3.837333
v 0.809104 5.798466 -13.092906
v 0.557782 6.049790 -3.837333
v 0.557782 6.049790 -3.837333
v 0.557782 6.049788 -13.092906
v 0.683443 6.267439 -13.092906
v -4.286431 4.641677 -3.837332
v -4.286431 4.641675 -13.092902
v -4.412091 4.608005 -3.837332
v -4.412091 4.608004 -13.092902
v -4.504081 4.516015 -3.837331
v -4.504081 4.516014 -13.092902
v -4.537751 4.390355 -3.837331
v -4.537751 4.390353 -13.092902
v -4.504081 4.264694 -3.837331
v -4.504081 4.264692 -13.092902
v -4.412091 4.172704 -3.837331
v -4.412091 4.172703 -13.092902
v -4.286431 4.139033 -3.837331
v -4.286431 4.139031 -13.092902
v -4.160769 4.172703 -3.837331
v -4.160769 4.172702 -13.092902
v -4.068779 4.264694 -3.837331
v -4.068779 4.264692 -13.092902
v -4.035108 4.390355 -3.837331
v -4.035108 4.390353 -13.092902
v -4.068779 4.516016 -3.837331
v -4.068779 4.516014 -13.092902
v -4.160769 4.608005 -3.837332
v -6.921280 4.416589 -3.837331
v -6.921280 4.416588 -13.092902
v -7.046941 4.382918 -3.837331
v -7.046941 4.382916 -13.092902
v -7.138933 4.290927 -3.837331
v -7.138933 4.290927 -13.092902
v -7.172603 4.165268 -3.837331
v -7.172603 4.165266 -13.092902
v -7.138933 4.039606 -3.837331
v -7.138933 4.039604 -13.092902
v -7.046941 3.947616 -3.837331
v -7.046941 3.947615 -13.092902
v -6.921280 3.913945 -3.837331
v -6.921280 3.913943 -13.092902
v -6.795620 3.947616 -3.837331
v -6.795620 3.947615 -13.092902
v -6.703629 4.039607 -3.837331
v -6.703629 4.039605 -13.092902
v -6.703629 4.290927 -3.837331
v -6.703629 4.290926 -13.092902
v -6.795620 4.382918 -3.837331
v -0.808800 6.301111 -3.837333
v -0.808801 6.301109 -13.092906
v -0.934461 6.267440 -3.837333
v -0.934461 6.267438 -13.092906
v -1.026451 6.175451 -3.837333
v -1.026451 6.175449 -13.092906
v -1.060121 6.049790 -3.837333
v -1.060122 6.049788 -13.092906
v -1.026451 5.924129 -3.837333
v -1.026451 5.924127 -13.092906
v -0.934461 5.832139 -3.837333
v -0.934461 5.832138 -13.092906
v -0.808800 5.798468 -3.837333
v -0.808801 5.798466 -13.092906
v -0.683139 5.832139 -3.837333
v -0.683139 5.832138 -13.092906
v -0.591149 5.924129 -3.837333
v -0.591150 5.924127 -13.092906
v -0.557478 6.049790 -3.837333
v -0.557479 6.049788 -13.092906
v -0.591149 6.175451 -3.837333
v -0.591149 6.175449 -13.092906
v -0.683139 6.267440 -3.837333
v -0.808801 6.301109 -13.092906
v -4.286431 4.641677 -3.837332
v -4.537751 4.390353 -13.092902
v -4.286431 4.641675 -13.092902
v -4.537751 4.390355 -3.837331
v -4.537751 4.390353 -13.092902
v -4.537751 4.390355 -3.837331
v -4.160769 4.172702 -13.092902
v -4.160769 4.172703 -3.837331
v -4.035108 4.390355 -3.837331
v -4.035108 4.390353 -13.092902
v -4.035108 4.390353 -13.092902
v -4.035108 4.390355 -3.837331
v -4.160769 4.608004 -13.092902
v -6.921280 4.416589 -3.837331
v -6.921280 4.416588 -13.092902
v -7.172603 4.165266 -13.092902
v -7.172603 4.165268 -3.837331
v -7.172603 4.165266 -13.092902
v -7.172603 4.165268 -3.837331
v -6.921280 3.913943 -13.092902
v -6.921280 3.913945 -3.837331
v -6.669960 4.165266 -13.092902
v -6.669960 4.165267 -3.837331
v -6.669960 4.165266 -13.092902
v -6.669960 4.165267 -3.837331
v -6.795620 4.382916 -13.092902
v -0.808800 6.301111 -3.837333
v -1.060122 6.049788 -13.092906
v -1.060121 6.049790 -3.837333
v -1.060121 6.049790 -3.837333
v -1.060122 6.049788 -13.092906
v -1.026451 5.924127 -13.092906
v -1.026451 5.924129 -3.837333
v -0.557479 6.049788 -13.092906
v -0.557478 6.049790 -3.837333
v -0.557479 6.049788 -13.092906
v -0.557478 6.049790 -3.837333
v -0.683139 6.267438 -13.092906
v 1.144308 4.625083 13.280827
v 1.655594 4.641375 3.835926
v 1.071040 6.638753 13.282802
v 1.824632 6.535030 3.834792
v -0.028337 11.747078 12.163122
v -0.028336 11.747076 4.767115
v 0.228710 10.779918 3.835924
v 0.784779 10.897418 13.280826
v 0.178918 10.770580 12.164569
v 1.079742 4.622709 3.835925
v 1.591132 4.639526 13.280827
v 1.034337 4.620570 12.164569
v 0.299079 10.794351 13.280826
v 0.020519 11.701820 3.873853
v 1.367627 4.631839 3.511847
v 0.135184 11.877461 3.852926
v 0.376072 11.748311 13.190628
v 1.367627 4.631841 13.418393
v 0.187678 11.770999 13.251222
v 1.167687 5.502747 13.282800
v 0.541692 9.335460 3.834791
v 1.288053 9.380887 3.834791
v 1.204369 9.375795 13.282800
v 1.729469 6.548129 13.282800
v 0.975876 6.651850 3.834791
v 0.064245 11.661942 13.190628
v 0.374443 11.800416 3.873853
v 0.371957 11.859285 4.767115
v 1.891504 6.525826 4.765623
v 0.909004 6.661056 12.164616
v 1.034337 4.620568 4.765669
v 0.098072 11.952728 4.766368
v 0.098072 11.952730 12.163868
v 1.266389 4.106392 4.766370
v 1.266389 4.106394 12.163870
v 1.346857 9.384466 4.765622
v 1.346857 9.384467 12.164615
v 1.891504 6.525827 12.164616
v 0.482887 9.331882 12.164615
v 0.482887 9.331881 4.765622
v 0.909004 6.661055 4.765623
v 0.625374 9.340555 13.282801
v 0.854698 10.912763 3.835925
v 0.371956 11.859286 12.163122
v 0.178918 10.770579 4.765668
v 0.903389 10.924333 4.765668
v 0.903389 10.924334 12.164569
v 1.080473 5.513249 3.834792
v 1.858325 5.419573 3.834792
v 1.771112 5.430077 13.282802
v 1.019188 5.520630 12.164616
v 1.019188 5.520629 4.765623
v 1.919610 5.412193 4.765623
v 1.919610 5.412193 12.164615
v 1.700743 4.642241 4.765670
v 1.700743 4.642243 12.164570
v 0.541529 10.846696 3.511846
v 0.541529 10.846696 13.418392
v 1.469399 5.466412 13.421060
v 1.469399 5.466410 3.509179
v 0.914872 9.358174 13.421059
v 1.400254 6.593441 13.421059
v 0.914872 9.358173 3.509179
v 1.400255 6.593439 3.509180
v -1.097838 4.291190 3.861560
v -1.474457 4.339137 13.232938
v -0.975533 6.651850 3.834791
v -1.729125 6.548129 13.282802
v -0.908661 6.661056 12.164617
v -1.399911 6.593441 13.421059
v -1.891160 6.525827 12.164617
v -1.399911 6.593439 3.509179
v -1.544732 4.325304 12.163544
v -1.824289 6.535030 3.834791
v -1.070696 6.638753 13.282802
v -0.321869 10.144492 12.164616
v -0.985073 10.242124 13.282801
v -0.375924 10.152448 3.834790
v -1.033993 4.620569 12.164570
v -0.228366 10.779918 3.835923
v -0.020176 11.701821 3.873853
v -0.541186 10.846696 3.511845
v -0.134841 11.877461 3.852926
v -0.903045 10.924334 12.164570
v -0.371613 11.859287 12.163122
v -0.784436 10.897418 13.280828
v -0.375729 11.748311 13.190628
v -0.541186 10.846696 13.418392
v -0.187335 11.771000 13.251223
v -1.266045 4.106393 12.163870
v -1.306540 4.308685 13.349157
v -0.097728 11.952730 12.163869
v -1.469056 5.466412 13.421060
v -1.919267 5.412193 12.164616
v -1.770768 5.430077 13.282802
v -1.469056 5.466410 3.509179
v -1.080130 5.513249 3.834791
v -1.167344 5.502747 13.282802
v -1.018844 5.520630 12.164617
v -1.857982 5.419573 3.834791
v -1.274681 4.149358 3.852927
v -0.854354 10.912763 3.835924
v -0.374099 11.800416 3.873853
v -0.298735 10.794351 13.280826
v -0.063902 11.661943 13.190628
v -0.178574 10.770580 12.164569
v 0.028680 11.747079 12.163122
v -0.952422 7.472470 13.282802
v -0.452847 10.163773 13.282801
v -0.792474 7.487771 12.164617
v -1.696306 7.401302 3.834790
v -1.061997 10.253447 3.834790
v -1.277395 7.441380 13.421059
v -0.718960 10.202950 13.421059
v -1.762317 7.394988 12.164616
v -1.116051 10.261406 12.164616
v -1.602369 7.410290 13.282802
v -1.277395 7.441378 3.509178
v -0.718961 10.202948 3.509178
v -0.858485 7.481455 3.834790
v -1.517395 4.336891 3.861559
v -1.655250 4.641374 3.835925
v -1.143843 4.304206 13.232936
v -1.143964 4.625083 13.280827
v -1.064107 4.270963 12.163543
v -1.079399 4.622709 3.835924
v -1.367283 4.631839 3.511846
v -1.700399 4.642242 12.164571
v -1.590789 4.639525 13.280827
v -1.367283 4.631840 13.418393
v 1.098182 4.291190 -3.861536
v 1.474801 4.339134 -13.232911
v 0.975876 6.651850 -3.834767
v 1.729469 6.548126 -13.282778
v 0.909004 6.661052 -12.164593
v 1.400254 6.593437 -13.421036
v 1.891504 6.525823 -12.164593
v 1.400255 6.593439 -3.509157
v 1.545076 4.325302 -12.163519
v 1.824632 6.535029 -3.834769
v 1.071040 6.638750 -13.282778
v 0.322213 10.144488 -12.164594
v 0.985416 10.242120 -13.282779
v 0.376267 10.152447 -3.834768
v 1.034337 4.620566 -12.164545
v 0.228710 10.779917 -3.835901
v 0.020519 11.701819 -3.873832
v 0.541529 10.846695 -3.511824
v 0.135184 11.877460 -3.852904
v 0.903389 10.924330 -12.164546
v 0.371956 11.859283 -12.163100
v 0.784779 10.897414 -13.280805
v 0.376072 11.748306 -13.190604
v 0.541529 10.846692 -13.418369
v 0.187678 11.770996 -13.251200
v 1.266389 4.106390 -12.163845
v 1.306884 4.308682 -13.349133
v 0.098072 11.952726 -12.163847
v 1.469399 5.466409 -13.421036
v 1.919610 5.412190 -12.164593
v 1.771112 5.430073 -13.282778
v 1.469399 5.466410 -3.509155
v 1.080473 5.513248 -3.834767
v 1.167687 5.502743 -13.282776
v 1.019188 5.520627 -12.164593
v 1.858325 5.419572 -3.834767
v 1.275024 4.149357 -3.852903
v 0.854698 10.912761 -3.835903
v 0.374443 11.800414 -3.873832
v 0.299079 10.794347 -13.280805
v 0.064245 11.661938 -13.190604
v 0.178918 10.770576 -12.164546
v -0.028337 11.747075 -12.163100
v 0.952765 7.472466 -13.282776
v 0.453191 10.163769 -13.282779
v 0.792817 7.487768 -12.164593
v 1.696650 7.401302 -3.834768
v 1.062340 10.253446 -3.834768
v 1.277739 7.441376 -13.421036
v 0.719304 10.202945 -13.421037
v 1.762660 7.394985 -12.164593
v 1.116394 10.261402 -12.164594
v 1.602712 7.410286 -13.282778
v 1.277739 7.441378 -3.509155
v 0.719304 10.202947 -3.509157
v 0.858828 7.481453 -3.834768
v 1.517739 4.336890 -3.861536
v 1.655594 4.641374 -3.835902
v 1.144186 4.304203 -13.232911
v 1.144308 4.625079 -13.280804
v 1.064450 4.270959 -12.163519
v 1.079742 4.622708 -3.835900
v 1.367627 4.631838 -3.511823
v 1.700743 4.642239 -12.164545
v 1.591132 4.639522 -13.280804
v 1.367627 4.631837 -13.418368
v -1.143964 4.625079 -13.280804
v -1.655250 4.641373 -3.835900
v -1.070696 6.638750 -13.282778
v -1.824289 6.535029 -3.834767
v 0.028680 11.747075 -12.163100
v 0.028680 11.747076 -4.767092
v -1.891160 6.525823 -12.164593
v -0.375924 10.152447 -3.834767
v -0.985073 10.242120 -13.282779
v -0.321869 10.144489 -12.164594
v -1.079399 4.622708 -3.835900
v -1.590789 4.639521 -13.280804
v -1.033993 4.620566 -12.164545
v -0.298735 10.794348 -13.280805
v -0.020176 11.701820 -3.873832
v -1.367283 4.631838 -3.511822
v -0.134841 11.877461 -3.852904
v -0.375729 11.748306 -13.190607
v -1.367283 4.631836 -13.418368
v -0.187335 11.770996 -13.251200
v -1.167344 5.502743 -13.282778
v -0.858485 7.481453 -3.834767
v -1.061997 10.253446 -3.834767
v -1.696306 7.401301 -3.834767
v -1.602369 7.410286 -13.282778
v -1.399911 6.593437 -13.421036
v -1.729125 6.548126 -13.282778
v -1.399911 6.593439 -3.509155
v -0.975533 6.651850 -3.834767
v -0.063902 11.661939 -13.190607
v -0.374099 11.800415 -3.873832
v -0.371613 11.859283 -4.767094
v -1.891160 6.525824 -4.765598
v -0.908661 6.661052 -12.164593
v -0.908661 6.661053 -4.765598
v -1.033993 4.620567 -4.765644
v -0.097729 11.952727 -4.766347
v -0.097728 11.952726 -12.163847
v -1.266045 4.106391 -4.766344
v -1.266045 4.106390 -12.163845
v -1.762317 7.394986 -4.765598
v -1.762317 7.394985 -12.164593
v -0.792474 7.487768 -12.164593
v -0.792474 7.487769 -4.765598
v -0.952422 7.472466 -13.282778
v -0.452847 10.163769 -13.282779
v -0.228366 10.779917 -3.835901
v -0.854354 10.912762 -3.835901
v -0.784436 10.897414 -13.280805
v -0.903045 10.924332 -4.765645
v -0.371613 11.859284 -12.163100
v -0.903045 10.924331 -12.164548
v -0.178574 10.770577 -12.164546
v -0.178574 10.770579 -4.765645
v -1.116051 10.261404 -4.765599
v -0.718960 10.202945 -13.421037
v -1.116051 10.261402 -12.164594
v -0.718961 10.202947 -3.509156
v -0.321869 10.144490 -4.765599
v -1.080130 5.513248 -3.834766
v -1.857982 5.419572 -3.834767
v -1.770768 5.430073 -13.282778
v -1.018844 5.520626 -12.164593
v -1.018844 5.520628 -4.765598
v -1.919267 5.412191 -4.765598
v -1.919267 5.412190 -12.164593
v -1.700399 4.642240 -4.765646
v -1.700399 4.642239 -12.164547
v -0.541186 10.846695 -3.511823
v -0.541186 10.846693 -13.418369
v -1.469056 5.466409 -13.421036
v -1.469056 5.466409 -3.509155
v -1.277395 7.441376 -13.421036
v -1.277395 7.441378 -3.509155
v 8.254015 4.223229 3.663227
v 6.023936 4.545285 3.647438
v 6.035663 5.082320 3.647438
v 6.035661 5.082320 13.282800
v 1.336753 4.668322 4.767116
v 1.336753 4.668323 12.163122
v 2.312981 5.061467 13.280827
v 2.269558 5.205244 4.765669
v 7.448072 4.177577 3.647439
v 7.572125 4.642340 13.282802
v 1.526106 4.280172 3.739609
v 8.138268 3.855235 3.663227
v 1.410610 4.437622 3.679014
v 1.456662 4.670048 13.190629
v 8.254014 4.223229 13.267012
v 8.198750 4.037171 13.399724
v 1.410609 4.437622 13.251223
v 7.448070 4.177577 13.282801
v 3.784279 4.611532 3.647438
v 3.625629 5.222307 3.647438
v 3.625628 5.222308 13.282800
v 6.023935 4.545286 13.282802
v 6.029799 4.813803 3.509180
v 1.526105 4.280172 13.190629
v 1.405541 4.170293 12.163122
v 1.456665 4.670048 3.739609
v 6.038549 5.214480 4.765623
v 6.021048 4.413125 12.164616
v 8.115720 3.761746 12.164243
v 8.115721 3.761746 4.765997
v 8.286673 4.308730 4.765997
v 8.286672 4.308731 12.164243
v 1.187771 4.334201 4.766369
v 1.187769 4.334201 12.163869
v 8.454853 3.846331 4.766370
v 8.454853 3.846332 12.163870
v 3.586586 5.372615 4.765623
v 3.586586 5.372615 12.164616
v 6.038548 5.214481 12.164616
v 3.823321 4.461225 12.164616
v 3.823322 4.461224 4.765623
v 3.784278 4.611533 13.282802
v 2.312982 5.061467 3.649411
v 2.269557 5.205244 12.164569
v 1.405542 4.170293 4.767115
v 2.522457 4.327163 12.164569
v 2.482890 4.472730 13.280826
v 2.482891 4.472730 3.649411
v 2.396941 4.766636 3.511847
v 2.522458 4.327163 4.765669
v 7.572127 4.642340 3.647439
v 8.138267 3.855236 13.267013
v 7.417542 4.063202 12.164617
v 6.021050 4.413124 4.765623
v 7.602654 4.756715 4.765624
v 7.602653 4.756716 12.164616
v 7.417543 4.063202 4.765624
v 7.510097 4.409959 13.421060
v 2.396940 4.766636 13.418391
v 7.510099 4.409958 3.509180
v 3.704953 4.916920 13.421060
v 6.029798 4.813803 13.421060
v 3.704954 4.916920 3.509180
v 8.198751 4.037170 3.530516
v -8.253665 4.223229 13.267012
v -2.522108 4.327163 4.765670
v -7.571777 4.642339 3.647439
v -6.035311 5.082320 13.282802
v -2.269208 5.205244 12.164570
v -2.269209 5.205244 4.765670
v -2.312632 5.061467 13.280827
v -2.482543 4.472729 3.649412
v -7.602305 4.756714 4.765624
v -7.509747 4.409959 13.421060
v -1.405193 4.170293 4.767116
v -1.525757 4.280172 3.739610
v -2.396591 4.766636 3.511847
v -1.336403 4.668322 12.163122
v -1.456313 4.670048 13.190629
v -2.396591 4.766636 13.418393
v -8.454503 3.846331 12.163870
v -8.137916 3.855236 13.267013
v -8.198402 4.037171 13.399724
v -1.187420 4.334201 12.163869
v -1.410260 4.437622 13.251223
v -6.029448 4.813803 13.421060
v -7.447721 4.177577 13.282802
v -7.602302 4.756715 12.164617
v -6.038199 5.214480 12.164617
v -7.571775 4.642340 13.282802
v -7.509751 4.409957 3.509181
v -6.029450 4.813802 3.509181
v -7.417193 4.063201 4.765625
v -6.020701 4.413124 4.765624
v -7.447723 4.177576 3.647439
v -6.023586 4.545285 3.647439
v -6.023586 4.545285 13.282802
v -7.417193 4.063202 12.164617
v -6.020699 4.413125 12.164617
v -6.035312 5.082320 3.647439
v -6.038199 5.214480 4.765624
v -1.410261 4.437622 3.679016
v -1.187422 4.334201 4.766370
v -8.198402 4.037170 3.530517
v -8.454504 3.846331 4.766371
v -2.312633 5.061467 3.649412
v -1.456315 4.670048 3.739610
v -1.336403 4.668322 4.767117
v -2.482540 4.472730 13.280827
v -1.525756 4.280172 13.190629
v -2.522107 4.327162 12.164569
v -1.405191 4.170293 12.163122
v -3.783928 4.611532 13.282802
v -3.822971 4.461224 12.164616
v -3.625280 5.222307 3.647439
v -3.586237 5.372615 4.765624
v -3.704604 4.916920 13.421060
v -3.586236 5.372615 12.164616
v -3.625279 5.222308 13.282800
v -3.704604 4.916919 3.509180
v -3.822972 4.461224 4.765624
v -3.783930 4.611532 3.647439
v -8.253666 4.223228 3.663228
v -8.286324 4.308730 4.765998
v -8.115370 3.761746 12.164243
v -8.115371 3.761746 4.765997
v -8.137918 3.855234 3.663228
v -8.286322 4.308730 12.164243
v 8.254014 4.223225 -13.267012
v 2.269558 5.205240 -12.164569
v 7.572127 4.642338 -3.647439
v 6.035661 5.082316 -13.282802
v 2.522458 4.327161 -4.765668
v 2.522457 4.327159 -12.164569
v 2.312981 5.061463 -13.280827
v 2.482892 4.472728 -3.649410
v 7.417542 4.063198 -12.164617
v 7.510097 4.409955 -13.421060
v 1.405542 4.170291 -4.767115
v 1.526107 4.280171 -3.739609
v 2.396941 4.766635 -3.511845
v 1.336753 4.668318 -12.163121
v 1.456663 4.670044 -13.190627
v 2.396940 4.766632 -13.418391
v 8.454853 3.846328 -12.163869
v 8.138266 3.855232 -13.267012
v 8.198750 4.037167 -13.399723
v 1.187770 4.334197 -12.163868
v 1.410610 4.437618 -13.251223
v 6.029798 4.813799 -13.421060
v 7.448071 4.177573 -13.282800
v 7.602653 4.756712 -12.164617
v 6.038548 5.214477 -12.164617
v 7.572125 4.642336 -13.282802
v 7.510099 4.409957 -3.509180
v 6.029799 4.813801 -3.509181
v 7.417543 4.063200 -4.765623
v 6.021050 4.413123 -4.765624
v 7.448072 4.177575 -3.647439
v 6.023936 4.545284 -3.647437
v 6.023935 4.545281 -13.282802
v 6.021049 4.413121 -12.164617
v 6.035663 5.082319 -3.647439
v 7.602654 4.756714 -4.765625
v 6.038549 5.214479 -4.765624
v 1.410611 4.437621 -3.679015
v 1.187771 4.334199 -4.766368
v 8.198751 4.037169 -3.530516
v 8.454853 3.846330 -4.766371
v 2.312983 5.061466 -3.649410
v 1.456665 4.670046 -3.739610
v 2.269558 5.205242 -4.765668
v 1.336754 4.668320 -4.767115
v 2.482891 4.472726 -13.280827
v 1.526106 4.280168 -13.190627
v 1.405542 4.170289 -12.163121
v 3.784278 4.611528 -13.282800
v 3.823321 4.461221 -12.164614
v 3.625630 5.222306 -3.647437
v 3.586587 5.372614 -4.765624
v 3.704953 4.916916 -13.421058
v 3.586586 5.372612 -12.164614
v 3.625628 5.222303 -13.282800
v 3.704955 4.916919 -3.509179
v 3.823322 4.461223 -4.765622
v 3.784279 4.611531 -3.647437
v 8.254015 4.223228 -3.663227
v 8.286673 4.308729 -4.765996
v 8.115720 3.761743 -12.164241
v 8.115721 3.761744 -4.765996
v 8.138268 3.855234 -3.663227
v 8.286672 4.308727 -12.164241
v -8.253666 4.223227 -3.663229
v -6.023586 4.545284 -3.647439
v -6.035311 5.082319 -3.647439
v -6.035311 5.082315 -13.282800
v -1.336403 4.668320 -4.767117
v -1.336403 4.668318 -12.163121
v -2.312630 5.061463 -13.280829
v -2.269208 5.205242 -4.765670
v -7.447721 4.177575 -3.647440
v -7.571774 4.642335 -13.282800
v -1.525757 4.280171 -3.739610
v -8.137918 3.855233 -3.663228
v -1.410260 4.437621 -3.679015
v -1.456313 4.670044 -13.190627
v -8.253665 4.223224 -13.267011
v -8.198400 4.037166 -13.399724
v -1.410260 4.437618 -13.251223
v -7.447720 4.177573 -13.282800
v -3.783929 4.611531 -3.647438
v -3.625279 5.222305 -3.647438
v -3.625277 5.222303 -13.282801
v -6.023584 4.545281 -13.282800
v -6.029448 4.813801 -3.509181
v -1.525756 4.280168 -13.190627
v -1.405191 4.170289 -12.163121
v -1.456315 4.670046 -3.739610
v -6.038199 5.214479 -4.765624
v -6.020699 4.413120 -12.164615
v -8.115369 3.761742 -12.164243
v -8.115370 3.761744 -4.765997
v -8.286322 4.308728 -4.765997
v -8.286322 4.308726 -12.164243
v -1.187421 4.334200 -4.766370
v -1.187420 4.334197 -12.163868
v -8.454503 3.846329 -4.766369
v -8.454501 3.846327 -12.163869
v -3.586236 5.372613 -4.765624
v -3.586235 5.372611 -12.164616
v -6.038197 5.214476 -12.164615
v -3.822970 4.461220 -12.164615
v -3.822972 4.461222 -4.765624
v -3.783928 4.611528 -13.282800
v -2.312632 5.061465 -3.649412
v -2.269207 5.205240 -12.164571
v -1.405192 4.170292 -4.767115
v -2.522106 4.327158 -12.164571
v -2.482540 4.472725 -13.280826
v -2.482542 4.472728 -3.649412
v -2.396591 4.766634 -3.511847
v -2.522107 4.327161 -4.765670
v -7.571777 4.642338 -3.647440
v -8.137916 3.855231 -13.267011
v -7.417191 4.063197 -12.164615
v -6.020699 4.413123 -4.765624
v -7.602305 4.756713 -4.765624
v -7.602302 4.756711 -12.164615
v -7.417193 4.063200 -4.765623
v -7.509746 4.409954 -13.421060
v -2.396590 4.766632 -13.418393
v -7.509749 4.409956 -3.509181
v -3.704602 4.916915 -13.421060
v -6.029448 4.813798 -13.421060
v -3.704604 4.916918 -3.509179
v -8.198402 4.037169 -3.530517
v -8.497417 3.767228 3.469544
v -8.497417 3.836083 3.538399
v -8.571076 3.836083 3.469544
v -8.497417 4.280056 3.538399
v -8.497417 4.348911 3.469544
v -8.571076 4.280056 3.469544
v -8.497417 3.767227 -3.469546
v -8.571076 3.836082 -3.469546
v -8.497417 3.836082 -3.538401
v -8.497417 4.348910 -3.469546
v -8.571076 4.280055 -3.469546
v 8.498564 3.767228 3.469544
v 8.572223 3.836083 3.469544
v 8.498564 3.836083 3.538399
v 8.498564 4.280056 3.538399
v 8.498564 4.348911 3.469544
v 8.498564 3.767227 -3.469546
v 8.498564 3.836082 -3.538401
v 8.572223 3.836082 -3.469546
v 8.498564 4.348910 -3.469546
v 8.498564 4.280055 -3.538401
vt 0.825433 0.507863
vt 0.827651 0.565871
vt 0.822747 0.568055
vt 0.822747 0.507863
vt 0.829679 0.560620
vt 0.830132 0.507863
vt 0.827639 0.568518
vt 0.822747 0.570673
vt 0.816325 0.563456
vt 0.816006 0.507863
vt 0.942271 0.727174
vt 0.936871 0.727174
vt 0.935907 0.677201
vt 0.942271 0.681404
vt 0.935947 0.674479
vt 0.942271 0.678725
vt 0.954428 0.727174
vt 0.949029 0.727174
vt 0.949029 0.681403
vt 0.955393 0.677201
vt 0.949029 0.678725
vt 0.955352 0.674478
vt 0.955888 0.727174
vt 0.846053 0.572409
vt 0.843366 0.572409
vt 0.843366 0.512217
vt 0.848271 0.514401
vt 0.836625 0.572409
vt 0.836945 0.516815
vt 0.848258 0.511753
vt 0.843366 0.509599
vt 0.850299 0.519652
vt 0.850752 0.572409
vt 0.968514 0.674478
vt 0.968514 0.720249
vt 0.962150 0.724451
vt 0.963115 0.674478
vt 0.962191 0.727174
vt 0.968514 0.722927
vt 0.980672 0.674475
vt 0.981636 0.724448
vt 0.975272 0.720246
vt 0.975272 0.674475
vt 0.982131 0.674475
vt 0.975272 0.722924
vt 0.981596 0.727171
vt 0.861944 0.510587
vt 0.864632 0.510587
vt 0.864631 0.570780
vt 0.859726 0.568595
vt 0.871373 0.510587
vt 0.871053 0.566181
vt 0.859739 0.571243
vt 0.864631 0.573397
vt 0.857699 0.563344
vt 0.857246 0.510587
vt 0.988394 0.727171
vt 0.988394 0.681400
vt 0.994758 0.677198
vt 0.993793 0.727171
vt 0.994717 0.674475
vt 0.988394 0.678722
vt 0.535604 0.904217
vt 0.534639 0.854245
vt 0.541003 0.858447
vt 0.541003 0.904217
vt 0.534144 0.904217
vt 0.541003 0.855768
vt 0.534680 0.851522
vt 0.882563 0.573397
vt 0.880346 0.515389
vt 0.885251 0.513205
vt 0.885251 0.573397
vt 0.878318 0.520640
vt 0.877865 0.573397
vt 0.880359 0.512741
vt 0.885251 0.510587
vt 0.891672 0.517803
vt 0.891992 0.573397
vt 0.547266 0.851522
vt 0.552665 0.851522
vt 0.553630 0.901495
vt 0.547266 0.897292
vt 0.553589 0.904217
vt 0.547266 0.899970
vt 0.561848 0.851849
vt 0.567248 0.851849
vt 0.567248 0.897619
vt 0.560884 0.901822
vt 0.567248 0.900298
vt 0.560924 0.904545
vt 0.560388 0.851849
vt 0.903185 0.507030
vt 0.905872 0.507030
vt 0.905872 0.567222
vt 0.900967 0.565038
vt 0.912613 0.507030
vt 0.912293 0.562623
vt 0.900980 0.567685
vt 0.905872 0.569840
vt 0.898939 0.559787
vt 0.898485 0.507030
vt 0.573509 0.904545
vt 0.573509 0.858774
vt 0.579873 0.854572
vt 0.578909 0.904545
vt 0.579832 0.851849
vt 0.573509 0.856096
vt 0.433692 0.902300
vt 0.432727 0.852327
vt 0.439091 0.856529
vt 0.439091 0.902300
vt 0.432232 0.902300
vt 0.439091 0.853850
vt 0.432768 0.849604
vt 0.938032 0.802240
vt 0.935814 0.744232
vt 0.940719 0.742048
vt 0.940719 0.802240
vt 0.933786 0.749483
vt 0.933333 0.802240
vt 0.935827 0.741584
vt 0.940719 0.739430
vt 0.947141 0.746646
vt 0.947460 0.802240
vt 0.445355 0.849605
vt 0.450754 0.849605
vt 0.451718 0.899578
vt 0.445355 0.895375
vt 0.451678 0.902301
vt 0.445355 0.898054
vt 0.459936 0.849605
vt 0.465335 0.849605
vt 0.465335 0.895376
vt 0.458971 0.899578
vt 0.465335 0.898054
vt 0.459012 0.902301
vt 0.458476 0.849605
vt 0.964568 0.742987
vt 0.966785 0.800995
vt 0.961880 0.803179
vt 0.961880 0.742987
vt 0.968813 0.795744
vt 0.969267 0.742987
vt 0.966772 0.803643
vt 0.961880 0.805797
vt 0.955459 0.798581
vt 0.955139 0.742987
vt 0.422121 0.986730
vt 0.416721 0.986730
vt 0.415757 0.936757
vt 0.422121 0.940959
vt 0.415798 0.934035
vt 0.422121 0.938281
vt 0.434278 0.986730
vt 0.428878 0.986730
vt 0.428878 0.940960
vt 0.435243 0.936757
vt 0.428878 0.938281
vt 0.435202 0.934034
vt 0.435737 0.986730
vt 0.985187 0.802240
vt 0.982499 0.802240
vt 0.982499 0.742047
vt 0.987404 0.744232
vt 0.975758 0.802240
vt 0.976078 0.746646
vt 0.987391 0.741584
vt 0.982499 0.739429
vt 0.989432 0.749483
vt 0.989886 0.802240
vt 0.448364 0.934034
vt 0.448364 0.979805
vt 0.442000 0.984007
vt 0.442965 0.934034
vt 0.442041 0.986730
vt 0.448364 0.982483
vt 0.460522 0.936688
vt 0.461486 0.986661
vt 0.455122 0.982459
vt 0.455122 0.936688
vt 0.461982 0.936688
vt 0.455122 0.985137
vt 0.461446 0.989384
vt 0.740786 0.951190
vt 0.739986 0.946779
vt 0.745689 0.946779
vt 0.744889 0.951190
vt 0.740015 0.917696
vt 0.745660 0.917696
vt 0.740063 0.860616
vt 0.745612 0.860616
vt 0.740253 0.849347
vt 0.745422 0.849347
vt 0.740848 0.846565
vt 0.744827 0.846565
vt 0.387433 0.750422
vt 0.382791 0.750422
vt 0.382791 0.745250
vt 0.387433 0.745249
vt 0.176750 0.954591
vt 0.182298 0.954591
vt 0.182114 0.965772
vt 0.176934 0.965772
vt 0.176718 0.897359
vt 0.182330 0.897359
vt 0.181517 0.968402
vt 0.177531 0.968402
vt 0.176056 0.869134
vt 0.182991 0.869134
vt 0.733286 0.951190
vt 0.729183 0.951190
vt 0.728383 0.946779
vt 0.734086 0.946779
vt 0.734057 0.917696
vt 0.728412 0.917696
vt 0.728459 0.860616
vt 0.734009 0.860616
vt 0.728650 0.849347
vt 0.733819 0.849347
vt 0.729245 0.846565
vt 0.733224 0.846565
vt 0.376889 0.745249
vt 0.376889 0.750422
vt 0.372247 0.750422
vt 0.372247 0.745250
vt 0.169461 0.954591
vt 0.169277 0.965772
vt 0.164097 0.965772
vt 0.163912 0.954591
vt 0.168679 0.968402
vt 0.164694 0.968402
vt 0.163880 0.897359
vt 0.169493 0.897359
vt 0.163219 0.869134
vt 0.170154 0.869134
vt 0.717579 0.846565
vt 0.721683 0.846565
vt 0.722482 0.850976
vt 0.716780 0.850976
vt 0.716809 0.880058
vt 0.722454 0.880058
vt 0.722406 0.937138
vt 0.716857 0.937138
vt 0.722216 0.948407
vt 0.717047 0.948407
vt 0.721621 0.951190
vt 0.717642 0.951190
vt 0.361704 0.750422
vt 0.361704 0.745249
vt 0.366346 0.745250
vt 0.366346 0.750422
vt 0.151075 0.882946
vt 0.151260 0.871765
vt 0.156440 0.871765
vt 0.156624 0.882946
vt 0.151857 0.869134
vt 0.155843 0.869134
vt 0.156656 0.940178
vt 0.151044 0.940178
vt 0.157317 0.968402
vt 0.150382 0.968402
vt 0.710079 0.846565
vt 0.710878 0.850976
vt 0.705177 0.850976
vt 0.705976 0.846565
vt 0.710850 0.880058
vt 0.705205 0.880058
vt 0.710802 0.937138
vt 0.705253 0.937138
vt 0.710612 0.948407
vt 0.705443 0.948407
vt 0.710016 0.951190
vt 0.706038 0.951190
vt 0.351161 0.745249
vt 0.355803 0.745250
vt 0.355803 0.750422
vt 0.351161 0.750422
vt 0.143788 0.882946
vt 0.138239 0.882946
vt 0.138423 0.871765
vt 0.143603 0.871765
vt 0.143819 0.940178
vt 0.138207 0.940178
vt 0.139020 0.869134
vt 0.143006 0.869134
vt 0.144481 0.968402
vt 0.137546 0.968402
vt 0.305443 0.124311
vt 0.301339 0.124311
vt 0.300540 0.119900
vt 0.306242 0.119900
vt 0.306214 0.090818
vt 0.300568 0.090818
vt 0.300616 0.033738
vt 0.306166 0.033738
vt 0.300807 0.022468
vt 0.305976 0.022468
vt 0.301402 0.019686
vt 0.305380 0.019686
vt 0.345260 0.745249
vt 0.345260 0.750422
vt 0.340618 0.750422
vt 0.340618 0.745250
vt 0.130951 0.954591
vt 0.130767 0.965772
vt 0.125586 0.965772
vt 0.125402 0.954591
vt 0.130169 0.968402
vt 0.126184 0.968402
vt 0.125370 0.897359
vt 0.130982 0.897359
vt 0.124709 0.869134
vt 0.131644 0.869134
vt 0.482530 0.624064
vt 0.481730 0.619653
vt 0.487433 0.619653
vt 0.486633 0.624064
vt 0.481759 0.590571
vt 0.487404 0.590571
vt 0.481807 0.533490
vt 0.487356 0.533490
vt 0.481997 0.522221
vt 0.487166 0.522221
vt 0.482592 0.519439
vt 0.486571 0.519439
vt 0.334716 0.750421
vt 0.330074 0.750421
vt 0.330074 0.745249
vt 0.334716 0.745249
vt 0.120911 0.115018
vt 0.126460 0.115018
vt 0.126276 0.126200
vt 0.121095 0.126200
vt 0.120880 0.057786
vt 0.126492 0.057786
vt 0.125678 0.128830
vt 0.121693 0.128830
vt 0.120218 0.029562
vt 0.127153 0.029562
vt 0.475030 0.519442
vt 0.475829 0.523854
vt 0.470127 0.523854
vt 0.470927 0.519442
vt 0.475801 0.552935
vt 0.470156 0.552935
vt 0.475753 0.610016
vt 0.470203 0.610016
vt 0.475563 0.621285
vt 0.470394 0.621285
vt 0.474968 0.624068
vt 0.470989 0.624068
vt 0.319531 0.745249
vt 0.324174 0.745250
vt 0.324174 0.750422
vt 0.319531 0.750422
vt 0.105277 0.882946
vt 0.099728 0.882946
vt 0.099913 0.871765
vt 0.105093 0.871765
vt 0.105309 0.940178
vt 0.099697 0.940178
vt 0.100510 0.869134
vt 0.104496 0.869134
vt 0.105971 0.968402
vt 0.099035 0.968402
vt 0.266529 0.019689
vt 0.270633 0.019689
vt 0.271432 0.024100
vt 0.265730 0.024100
vt 0.265759 0.053182
vt 0.271404 0.053182
vt 0.271356 0.110263
vt 0.265806 0.110263
vt 0.271166 0.121532
vt 0.265997 0.121532
vt 0.270570 0.124315
vt 0.266592 0.124315
vt 0.308988 0.750421
vt 0.308988 0.745249
vt 0.313630 0.745249
vt 0.313630 0.750421
vt 0.086892 0.882946
vt 0.087076 0.871765
vt 0.092256 0.871765
vt 0.092441 0.882946
vt 0.087673 0.869134
vt 0.091659 0.869134
vt 0.092473 0.940178
vt 0.086860 0.940178
vt 0.093134 0.968402
vt 0.086199 0.968402
vt 0.972016 0.662894
vt 0.972016 0.530793
vt 0.975122 0.530793
vt 0.975122 0.662894
vt 0.336189 0.857942
vt 0.338835 0.857942
vt 0.338835 0.970472
vt 0.336189 0.970472
vt 0.283077 0.857942
vt 0.283077 0.970472
vt 0.280431 0.970472
vt 0.280431 0.857942
vt 0.723118 0.019631
vt 0.723118 0.151732
vt 0.721325 0.151732
vt 0.721325 0.019631
vt 0.476109 0.139312
vt 0.490046 0.139291
vt 0.489400 0.152040
vt 0.476242 0.152582
vt 0.476109 0.033711
vt 0.490046 0.033731
vt 0.491907 0.152339
vt 0.492981 0.139302
vt 0.477195 0.157207
vt 0.455575 0.139313
vt 0.455626 0.152598
vt 0.476448 0.017779
vt 0.488831 0.019066
vt 0.492981 0.033721
vt 0.455575 0.033710
vt 0.455950 0.157245
vt 0.417455 0.139313
vt 0.417324 0.152598
vt 0.490387 0.018201
vt 0.455699 0.017750
vt 0.417455 0.033710
vt 0.416490 0.157245
vt 0.401178 0.139313
vt 0.401073 0.152598
vt 0.417137 0.017750
vt 0.401178 0.033710
vt 0.400405 0.157245
vt 0.388332 0.139312
vt 0.388363 0.152582
vt 0.400923 0.017750
vt 0.388332 0.033711
vt 0.388493 0.157207
vt 0.380994 0.139302
vt 0.388397 0.017779
vt 0.380994 0.033721
vt 0.388493 0.015815
vt 0.777439 0.187083
vt 0.764094 0.187104
vt 0.765678 0.172438
vt 0.777823 0.171151
vt 0.777439 0.292684
vt 0.764094 0.292664
vt 0.799416 0.187082
vt 0.799540 0.171123
vt 0.777604 0.305954
vt 0.764934 0.305413
vt 0.799416 0.292685
vt 0.840217 0.187082
vt 0.839898 0.171123
vt 0.799468 0.305970
vt 0.840217 0.292685
vt 0.856111 0.187082
vt 0.855856 0.171123
vt 0.799792 0.310618
vt 0.778546 0.310580
vt 0.840085 0.305970
vt 0.856111 0.292685
vt 0.867100 0.187083
vt 0.867139 0.171151
vt 0.839252 0.310618
vt 0.856006 0.305970
vt 0.867100 0.292684
vt 0.874748 0.187093
vt 0.867249 0.169188
vt 0.855337 0.310618
vt 0.867113 0.305954
vt 0.874748 0.292674
vt 0.867249 0.310580
vt 0.626960 0.192739
vt 0.626576 0.176807
vt 0.638720 0.178094
vt 0.640304 0.192759
vt 0.617498 0.192738
vt 0.617223 0.176779
vt 0.626795 0.311610
vt 0.639464 0.311069
vt 0.576587 0.192738
vt 0.576806 0.176779
vt 0.617385 0.311626
vt 0.564182 0.192738
vt 0.564500 0.176779
vt 0.576677 0.311626
vt 0.616664 0.316273
vt 0.625852 0.316235
vt 0.548288 0.192738
vt 0.548543 0.176779
vt 0.564313 0.311626
vt 0.577249 0.316273
vt 0.537299 0.192739
vt 0.537260 0.176807
vt 0.548393 0.311626
vt 0.565147 0.316273
vt 0.532775 0.192753
vt 0.532972 0.177490
vt 0.537286 0.311610
vt 0.549062 0.316273
vt 0.529651 0.192749
vt 0.532538 0.175831
vt 0.537150 0.174843
vt 0.532940 0.311244
vt 0.537150 0.316235
vt 0.530264 0.311367
vt 0.738263 0.171123
vt 0.738008 0.187082
vt 0.721731 0.187082
vt 0.722049 0.171123
vt 0.750789 0.171151
vt 0.750854 0.187083
vt 0.738113 0.305970
vt 0.721862 0.305970
vt 0.709932 0.187082
vt 0.710150 0.171123
vt 0.755369 0.171835
vt 0.755844 0.187098
vt 0.750824 0.305954
vt 0.738782 0.310618
vt 0.722696 0.310618
vt 0.710022 0.305970
vt 0.672014 0.187082
vt 0.671738 0.171123
vt 0.755555 0.305588
vt 0.755306 0.170176
vt 0.750693 0.169188
vt 0.750693 0.310580
vt 0.710594 0.310618
vt 0.671900 0.305970
vt 0.663078 0.187083
vt 0.662738 0.171151
vt 0.758193 0.187093
vt 0.757579 0.305711
vt 0.671179 0.310618
vt 0.662944 0.305954
vt 0.649141 0.187104
vt 0.650356 0.172438
vt 0.661991 0.310580
vt 0.649787 0.305413
vt 0.646205 0.187093
vt 0.648799 0.171574
vt 0.647279 0.305711
vt 0.292707 0.383174
vt 0.293091 0.399106
vt 0.280947 0.397818
vt 0.279363 0.383153
vt 0.302169 0.383174
vt 0.302444 0.399133
vt 0.292872 0.264302
vt 0.280203 0.264844
vt 0.343080 0.383174
vt 0.342862 0.399133
vt 0.302282 0.264286
vt 0.355485 0.383174
vt 0.355167 0.399133
vt 0.342990 0.264286
vt 0.303003 0.259639
vt 0.293815 0.259677
vt 0.371380 0.383174
vt 0.371124 0.399133
vt 0.355354 0.264286
vt 0.342418 0.259639
vt 0.382369 0.383174
vt 0.382408 0.399106
vt 0.371275 0.264286
vt 0.354520 0.259639
vt 0.386892 0.383159
vt 0.386695 0.398422
vt 0.382381 0.264302
vt 0.370606 0.259639
vt 0.390017 0.383163
vt 0.387130 0.400081
vt 0.382517 0.401069
vt 0.386727 0.264668
vt 0.382517 0.259677
vt 0.389403 0.264545
vt 0.431691 0.314337
vt 0.431947 0.298378
vt 0.448224 0.298378
vt 0.447905 0.314337
vt 0.419165 0.314309
vt 0.419101 0.298377
vt 0.431841 0.179490
vt 0.448092 0.179490
vt 0.460023 0.298378
vt 0.459804 0.314337
vt 0.414585 0.313626
vt 0.414111 0.298363
vt 0.419131 0.179506
vt 0.431173 0.174843
vt 0.447258 0.174843
vt 0.459933 0.179490
vt 0.497941 0.298378
vt 0.498216 0.314337
vt 0.414399 0.179872
vt 0.414649 0.315285
vt 0.419261 0.316273
vt 0.419261 0.174881
vt 0.459361 0.174843
vt 0.498055 0.179490
vt 0.506877 0.298377
vt 0.507216 0.314309
vt 0.411762 0.298367
vt 0.412375 0.179749
vt 0.498775 0.174843
vt 0.507010 0.179506
vt 0.520814 0.298357
vt 0.519599 0.313022
vt 0.507963 0.174881
vt 0.520168 0.180047
vt 0.523749 0.298367
vt 0.521156 0.313887
vt 0.522675 0.179749
vt 0.178346 0.277573
vt 0.164409 0.277594
vt 0.165055 0.264845
vt 0.178213 0.264304
vt 0.178346 0.383175
vt 0.164409 0.383154
vt 0.162548 0.264546
vt 0.161474 0.277583
vt 0.177260 0.259678
vt 0.187282 0.277573
vt 0.187169 0.264287
vt 0.178007 0.399107
vt 0.165624 0.397819
vt 0.161474 0.383165
vt 0.187282 0.383175
vt 0.186448 0.259640
vt 0.225201 0.277573
vt 0.225291 0.264287
vt 0.164068 0.398684
vt 0.187007 0.399135
vt 0.225201 0.383175
vt 0.225862 0.259640
vt 0.237000 0.277573
vt 0.237131 0.264287
vt 0.225419 0.399135
vt 0.237000 0.383175
vt 0.237965 0.259640
vt 0.253277 0.277573
vt 0.253382 0.264287
vt 0.237318 0.399135
vt 0.253277 0.383175
vt 0.254051 0.259640
vt 0.266123 0.277573
vt 0.266092 0.264304
vt 0.253532 0.399135
vt 0.266123 0.383175
vt 0.265962 0.259678
vt 0.273461 0.277583
vt 0.266058 0.399107
vt 0.273461 0.383165
vt 0.265962 0.401070
vt 0.142228 0.383174
vt 0.155573 0.383154
vt 0.153989 0.397819
vt 0.141844 0.399106
vt 0.142228 0.277573
vt 0.155573 0.277593
vt 0.132767 0.383175
vt 0.132492 0.399134
vt 0.142063 0.264303
vt 0.154732 0.264844
vt 0.132767 0.277572
vt 0.091856 0.383175
vt 0.092074 0.399134
vt 0.132653 0.264287
vt 0.091856 0.277572
vt 0.079450 0.383175
vt 0.079769 0.399134
vt 0.131932 0.259639
vt 0.141120 0.259677
vt 0.091946 0.264287
vt 0.079450 0.277572
vt 0.063556 0.383175
vt 0.063811 0.399134
vt 0.092518 0.259639
vt 0.079582 0.264287
vt 0.063556 0.277572
vt 0.052567 0.383174
vt 0.052528 0.399106
vt 0.080415 0.259639
vt 0.063661 0.264287
vt 0.052567 0.277573
vt 0.044919 0.383164
vt 0.052418 0.401069
vt 0.064330 0.259639
vt 0.052554 0.264303
vt 0.044919 0.277583
vt 0.052418 0.259677
vt 0.037810 0.277278
vt 0.031211 0.277272
vt 0.032431 0.261533
vt 0.035086 0.259639
vt 0.037810 0.382859
vt 0.031211 0.382864
vt 0.024817 0.277267
vt 0.026449 0.261308
vt 0.039017 0.277272
vt 0.037683 0.261533
vt 0.035086 0.400498
vt 0.032431 0.398604
vt 0.024817 0.382870
vt 0.026449 0.398829
vt 0.037683 0.398604
vt 0.039017 0.382864
vt 0.514662 0.036407
vt 0.509894 0.036397
vt 0.511370 0.020877
vt 0.514687 0.021742
vt 0.514662 0.141968
vt 0.509894 0.141978
vt 0.507554 0.036407
vt 0.509122 0.021742
vt 0.514687 0.156633
vt 0.511370 0.157498
vt 0.507554 0.141968
vt 0.509122 0.156633
vt 0.920876 0.034923
vt 0.923600 0.017284
vt 0.926256 0.019178
vt 0.927476 0.034917
vt 0.919669 0.034917
vt 0.921004 0.019178
vt 0.932238 0.018953
vt 0.933870 0.034912
vt 0.920876 0.140504
vt 0.927476 0.140509
vt 0.933870 0.140515
vt 0.923600 0.158143
vt 0.926256 0.156249
vt 0.932238 0.156474
vt 0.921004 0.156249
vt 0.919669 0.140509
vt 0.520701 0.036407
vt 0.520676 0.021742
vt 0.523994 0.020877
vt 0.525470 0.036397
vt 0.526241 0.021742
vt 0.527809 0.036407
vt 0.520701 0.141968
vt 0.525470 0.141978
vt 0.527809 0.141968
vt 0.520676 0.156633
vt 0.523994 0.157498
vt 0.526241 0.156633
vt 0.953470 0.141076
vt 0.950746 0.158715
vt 0.948091 0.156821
vt 0.946871 0.141081
vt 0.954677 0.141081
vt 0.953343 0.156821
vt 0.942109 0.157046
vt 0.940477 0.141086
vt 0.953470 0.035494
vt 0.946871 0.035489
vt 0.940477 0.035484
vt 0.950746 0.017856
vt 0.948091 0.019750
vt 0.942109 0.019524
vt 0.953343 0.019750
vt 0.954677 0.035489
vt 0.540906 0.141968
vt 0.540930 0.156633
vt 0.537613 0.157498
vt 0.536137 0.141978
vt 0.535366 0.156633
vt 0.533798 0.141968
vt 0.540906 0.036408
vt 0.536137 0.036397
vt 0.533798 0.036408
vt 0.540930 0.021742
vt 0.537613 0.020877
vt 0.535366 0.021742
vt 0.962303 0.141076
vt 0.968903 0.141081
vt 0.967683 0.156821
vt 0.965027 0.158715
vt 0.962303 0.035494
vt 0.968903 0.035489
vt 0.975297 0.141086
vt 0.973665 0.157046
vt 0.961096 0.141081
vt 0.962431 0.156821
vt 0.965027 0.017856
vt 0.967683 0.019750
vt 0.975297 0.035484
vt 0.973665 0.019524
vt 0.962431 0.019750
vt 0.961096 0.035489
vt 0.546944 0.141968
vt 0.551713 0.141978
vt 0.550237 0.157498
vt 0.546920 0.156633
vt 0.546944 0.036408
vt 0.551713 0.036397
vt 0.554052 0.141968
vt 0.552484 0.156633
vt 0.546920 0.021742
vt 0.550237 0.020877
vt 0.554052 0.036408
vt 0.552484 0.021742
vt 0.042443 0.680762
vt 0.036208 0.680762
vt 0.036208 0.596395
vt 0.042443 0.596395
vt 0.042443 0.681599
vt 0.037045 0.681599
vt 0.037045 0.595558
vt 0.042443 0.595558
vt 0.043281 0.596395
vt 0.043281 0.680762
vt 0.024947 0.596395
vt 0.030344 0.596395
vt 0.030344 0.680762
vt 0.024947 0.680762
vt 0.024947 0.595558
vt 0.030344 0.595558
vt 0.031182 0.596395
vt 0.031182 0.680762
vt 0.024110 0.680762
vt 0.024110 0.596395
vt 0.024947 0.681599
vt 0.601871 0.627679
vt 0.596972 0.629820
vt 0.553415 0.613899
vt 0.553415 0.606787
vt 0.604213 0.630480
vt 0.599345 0.632630
vt 0.605181 0.634072
vt 0.600335 0.636206
vt 0.608161 0.627999
vt 0.605879 0.625277
vt 0.605148 0.663695
vt 0.600394 0.662413
vt 0.596623 0.638657
vt 0.595644 0.635118
vt 0.609096 0.631577
vt 0.604494 0.666940
vt 0.599737 0.665648
vt 0.596714 0.661217
vt 0.608973 0.665700
vt 0.602925 0.669867
vt 0.598136 0.668568
vt 0.596054 0.664425
vt 0.608308 0.668931
vt 0.562052 0.706055
vt 0.557349 0.703741
vt 0.594430 0.667298
vt 0.606728 0.671827
vt 0.560501 0.708967
vt 0.553415 0.705520
vt 0.553561 0.701221
vt 0.565747 0.707373
vt 0.559836 0.712246
vt 0.553415 0.709177
vt 0.553415 0.703157
vt 0.564182 0.710254
vt 0.553415 0.701486
vt 0.553415 0.725616
vt 0.559836 0.722548
vt 0.563514 0.713495
vt 0.563514 0.721298
vt 0.560501 0.725826
vt 0.553415 0.729274
vt 0.564182 0.724540
vt 0.562052 0.728738
vt 0.557349 0.731052
vt 0.565747 0.727420
vt 0.602925 0.764926
vt 0.598136 0.766225
vt 0.553415 0.731636
vt 0.606728 0.762966
vt 0.604494 0.767853
vt 0.599737 0.769145
vt 0.594430 0.767495
vt 0.553561 0.733573
vt 0.553415 0.733308
vt 0.608308 0.765862
vt 0.605148 0.771098
vt 0.600394 0.772380
vt 0.596054 0.770368
vt 0.608973 0.769094
vt 0.605181 0.800721
vt 0.600335 0.798587
vt 0.596714 0.773576
vt 0.609096 0.803217
vt 0.604213 0.804313
vt 0.599345 0.802163
vt 0.596623 0.796136
vt 0.608161 0.806794
vt 0.601871 0.807115
vt 0.596972 0.804973
vt 0.595644 0.799676
vt 0.605879 0.809517
vt 0.553415 0.828007
vt 0.553415 0.820895
vt 0.689687 0.585506
vt 0.687318 0.586076
vt 0.687334 0.558313
vt 0.689747 0.559299
vt 0.690344 0.588742
vt 0.687972 0.589319
vt 0.682922 0.587627
vt 0.682849 0.556148
vt 0.688316 0.554722
vt 0.690736 0.555723
vt 0.693368 0.584310
vt 0.693458 0.561750
vt 0.691945 0.591661
vt 0.689553 0.592249
vt 0.683578 0.590868
vt 0.694027 0.587519
vt 0.683799 0.552564
vt 0.690682 0.551889
vt 0.693109 0.552913
vt 0.694438 0.558211
vt 0.732732 0.626834
vt 0.730380 0.628114
vt 0.685147 0.593785
vt 0.695651 0.590391
vt 0.686106 0.549797
vt 0.736666 0.532309
vt 0.736666 0.534900
vt 0.736666 0.628613
vt 0.731931 0.631029
vt 0.726065 0.629885
vt 0.736520 0.624314
vt 0.736666 0.632271
vt 0.732585 0.634326
vt 0.727620 0.632787
vt 0.736666 0.626250
vt 0.736666 0.624579
vt 0.732585 0.646653
vt 0.736666 0.648710
vt 0.728292 0.636047
vt 0.728292 0.644933
vt 0.736666 0.652367
vt 0.731931 0.649951
vt 0.727620 0.648193
vt 0.732732 0.654145
vt 0.730380 0.652865
vt 0.726065 0.651095
vt 0.736666 0.654729
vt 0.691945 0.689318
vt 0.689553 0.688731
vt 0.685147 0.687195
vt 0.736666 0.656401
vt 0.736520 0.656666
vt 0.695651 0.690589
vt 0.690344 0.692238
vt 0.687972 0.691660
vt 0.683578 0.690112
vt 0.694027 0.693461
vt 0.689687 0.695473
vt 0.687318 0.694903
vt 0.682922 0.693353
vt 0.693368 0.696669
vt 0.689747 0.721680
vt 0.687334 0.722667
vt 0.682849 0.724831
vt 0.693458 0.719229
vt 0.690736 0.725256
vt 0.688316 0.726258
vt 0.683799 0.728416
vt 0.694438 0.722769
vt 0.693109 0.728067
vt 0.690682 0.729091
vt 0.686106 0.731182
vt 0.736666 0.746079
vt 0.736666 0.748670
vt 0.524536 0.568877
vt 0.572992 0.547985
vt 0.572992 0.555097
vt 0.529435 0.571018
vt 0.522193 0.571678
vt 0.527062 0.573829
vt 0.518246 0.569197
vt 0.520528 0.566475
vt 0.521226 0.575270
vt 0.526072 0.577405
vt 0.517311 0.572775
vt 0.530764 0.576316
vt 0.529784 0.579856
vt 0.521259 0.604894
vt 0.526013 0.603612
vt 0.517434 0.606898
vt 0.529693 0.602416
vt 0.521913 0.608139
vt 0.526670 0.606847
vt 0.518098 0.610130
vt 0.530353 0.605624
vt 0.523482 0.611065
vt 0.528271 0.609766
vt 0.519679 0.613026
vt 0.531977 0.608496
vt 0.564355 0.647254
vt 0.569058 0.644939
vt 0.560660 0.648571
vt 0.572845 0.642419
vt 0.565906 0.650165
vt 0.572992 0.646718
vt 0.562225 0.651452
vt 0.572992 0.642684
vt 0.572992 0.644355
vt 0.566571 0.653444
vt 0.572992 0.650376
vt 0.562893 0.654693
vt 0.572992 0.666815
vt 0.566571 0.663746
vt 0.562893 0.662496
vt 0.572992 0.670472
vt 0.565906 0.667025
vt 0.562225 0.665738
vt 0.569058 0.672251
vt 0.564355 0.669937
vt 0.560660 0.668619
vt 0.572992 0.672834
vt 0.528271 0.707424
vt 0.523482 0.706125
vt 0.519679 0.704165
vt 0.572992 0.674506
vt 0.572845 0.674771
vt 0.531977 0.708694
vt 0.526670 0.710344
vt 0.521913 0.709051
vt 0.518098 0.707060
vt 0.530353 0.711566
vt 0.526013 0.713578
vt 0.521259 0.712297
vt 0.517434 0.710292
vt 0.529693 0.714774
vt 0.526072 0.739785
vt 0.521226 0.741919
vt 0.517311 0.744415
vt 0.529784 0.737334
vt 0.527062 0.743361
vt 0.522193 0.745512
vt 0.518246 0.747992
vt 0.530764 0.740874
vt 0.529435 0.746172
vt 0.524536 0.748313
vt 0.520528 0.750715
vt 0.572992 0.762093
vt 0.572992 0.769205
vt 0.765399 0.645288
vt 0.765339 0.619081
vt 0.767752 0.618095
vt 0.767768 0.645859
vt 0.761719 0.644093
vt 0.761628 0.621533
vt 0.764350 0.615506
vt 0.766770 0.614504
vt 0.772237 0.615931
vt 0.772164 0.647409
vt 0.764742 0.648524
vt 0.767114 0.649101
vt 0.760648 0.617993
vt 0.761059 0.647301
vt 0.761976 0.612695
vt 0.764403 0.611671
vt 0.771288 0.612346
vt 0.771508 0.650650
vt 0.763141 0.651443
vt 0.765533 0.652030
vt 0.759435 0.650173
vt 0.718420 0.594683
vt 0.718420 0.592091
vt 0.768980 0.609580
vt 0.769939 0.653567
vt 0.722354 0.686616
vt 0.724706 0.687896
vt 0.718566 0.684096
vt 0.729022 0.689667
vt 0.718420 0.688395
vt 0.723155 0.690811
vt 0.718420 0.686032
vt 0.718420 0.684361
vt 0.727466 0.692569
vt 0.718420 0.692052
vt 0.722501 0.694108
vt 0.726794 0.695829
vt 0.722501 0.706436
vt 0.718420 0.708491
vt 0.726794 0.704715
vt 0.723155 0.709733
vt 0.718420 0.712149
vt 0.727466 0.707975
vt 0.724706 0.712647
vt 0.722354 0.713927
vt 0.729022 0.710877
vt 0.765533 0.748513
vt 0.763141 0.749100
vt 0.718420 0.714511
vt 0.769939 0.746977
vt 0.767114 0.751442
vt 0.764742 0.752020
vt 0.718566 0.716448
vt 0.759435 0.750371
vt 0.718420 0.716183
vt 0.771508 0.749894
vt 0.767768 0.754685
vt 0.765399 0.755255
vt 0.761059 0.753243
vt 0.772164 0.753135
vt 0.767752 0.782449
vt 0.765339 0.781462
vt 0.761719 0.756451
vt 0.772237 0.784613
vt 0.766770 0.786040
vt 0.764350 0.785038
vt 0.761628 0.779011
vt 0.771288 0.788198
vt 0.764403 0.788873
vt 0.761976 0.787848
vt 0.760648 0.782551
vt 0.768980 0.790964
vt 0.718420 0.808452
vt 0.718420 0.805861
vt 0.607512 0.559360
vt 0.655968 0.538468
vt 0.655968 0.545581
vt 0.612411 0.561502
vt 0.605170 0.562162
vt 0.610039 0.564312
vt 0.601222 0.559681
vt 0.603504 0.556959
vt 0.604203 0.565754
vt 0.609049 0.567888
vt 0.600288 0.563259
vt 0.613740 0.566800
vt 0.612760 0.570339
vt 0.604236 0.595377
vt 0.608989 0.594095
vt 0.600410 0.597382
vt 0.612670 0.592899
vt 0.604889 0.598622
vt 0.609646 0.597331
vt 0.601075 0.600614
vt 0.613329 0.596107
vt 0.606458 0.601549
vt 0.611247 0.600250
vt 0.602656 0.603509
vt 0.614953 0.598980
vt 0.647332 0.637737
vt 0.652034 0.635423
vt 0.643636 0.639055
vt 0.655822 0.632903
vt 0.648882 0.640649
vt 0.655968 0.637202
vt 0.645202 0.641936
vt 0.655968 0.633168
vt 0.655968 0.634839
vt 0.649548 0.643928
vt 0.655968 0.640860
vt 0.645870 0.645177
vt 0.655968 0.657298
vt 0.649548 0.654230
vt 0.645870 0.652980
vt 0.655968 0.660956
vt 0.648882 0.657508
vt 0.645202 0.656222
vt 0.652034 0.662734
vt 0.647332 0.660420
vt 0.643636 0.659102
vt 0.655968 0.663318
vt 0.611247 0.697907
vt 0.606458 0.696608
vt 0.602656 0.694648
vt 0.655968 0.664990
vt 0.655822 0.665255
vt 0.614953 0.699178
vt 0.609646 0.700827
vt 0.604889 0.699535
vt 0.601075 0.697544
vt 0.613329 0.702050
vt 0.608989 0.704062
vt 0.604236 0.702780
vt 0.600410 0.700776
vt 0.612670 0.705258
vt 0.609049 0.730269
vt 0.604203 0.732403
vt 0.600288 0.734899
vt 0.612760 0.727818
vt 0.610039 0.733845
vt 0.605170 0.735995
vt 0.601222 0.738476
vt 0.613740 0.731358
vt 0.612411 0.736655
vt 0.607512 0.738796
vt 0.603504 0.741199
vt 0.655968 0.752577
vt 0.655968 0.759689
vt 0.861934 0.637824
vt 0.861875 0.611617
vt 0.864288 0.610631
vt 0.864303 0.638394
vt 0.858254 0.636628
vt 0.858164 0.614068
vt 0.860886 0.608041
vt 0.863306 0.607039
vt 0.868773 0.608466
vt 0.868700 0.639944
vt 0.861278 0.641059
vt 0.863650 0.641637
vt 0.857184 0.610529
vt 0.857594 0.639836
vt 0.858512 0.605231
vt 0.860939 0.604206
vt 0.867824 0.604882
vt 0.868044 0.643186
vt 0.859677 0.643979
vt 0.862069 0.644566
vt 0.855971 0.642709
vt 0.814956 0.587218
vt 0.814956 0.584627
vt 0.865516 0.602115
vt 0.866475 0.646103
vt 0.818890 0.679152
vt 0.821242 0.680432
vt 0.815102 0.676632
vt 0.825557 0.682202
vt 0.814956 0.680931
vt 0.819691 0.683347
vt 0.814956 0.678568
vt 0.814956 0.676896
vt 0.824002 0.685104
vt 0.814956 0.684588
vt 0.819037 0.686643
vt 0.823330 0.688365
vt 0.819037 0.698971
vt 0.814956 0.701027
vt 0.823330 0.697250
vt 0.819691 0.702268
vt 0.814956 0.704684
vt 0.824002 0.700511
vt 0.821242 0.705183
vt 0.818890 0.706463
vt 0.825557 0.703413
vt 0.862069 0.741049
vt 0.859677 0.741636
vt 0.814956 0.707047
vt 0.866475 0.739512
vt 0.863650 0.743978
vt 0.861278 0.744556
vt 0.815102 0.708983
vt 0.855971 0.742906
vt 0.814956 0.708718
vt 0.868044 0.742429
vt 0.864303 0.747221
vt 0.861934 0.747791
vt 0.857594 0.745779
vt 0.868700 0.745670
vt 0.864288 0.774984
vt 0.861875 0.773998
vt 0.858254 0.748987
vt 0.868773 0.777149
vt 0.863306 0.778576
vt 0.860886 0.777574
vt 0.858164 0.771547
vt 0.867824 0.780733
vt 0.860939 0.781408
vt 0.858512 0.780384
vt 0.857184 0.775086
vt 0.865516 0.783499
vt 0.814956 0.800988
vt 0.814956 0.798397
vt 0.689527 0.619406
vt 0.684628 0.621548
vt 0.641071 0.605626
vt 0.641071 0.598514
vt 0.691870 0.622208
vt 0.687001 0.624358
vt 0.692837 0.625800
vt 0.687991 0.627934
vt 0.695817 0.619727
vt 0.693536 0.617004
vt 0.692804 0.655423
vt 0.688050 0.654141
vt 0.684279 0.630385
vt 0.683300 0.626845
vt 0.696752 0.623304
vt 0.692151 0.658668
vt 0.687394 0.657376
vt 0.684370 0.652945
vt 0.696630 0.657427
vt 0.690581 0.661595
vt 0.685793 0.660296
vt 0.683711 0.656153
vt 0.695965 0.660659
vt 0.649708 0.697783
vt 0.645006 0.695469
vt 0.682087 0.659025
vt 0.694385 0.663555
vt 0.648157 0.700695
vt 0.641071 0.697248
vt 0.641218 0.692948
vt 0.653404 0.699101
vt 0.647492 0.703973
vt 0.641071 0.700905
vt 0.641071 0.694885
vt 0.651838 0.701981
vt 0.641071 0.693213
vt 0.647492 0.714275
vt 0.641071 0.717344
vt 0.651170 0.705223
vt 0.651170 0.713026
vt 0.648157 0.717554
vt 0.641071 0.721001
vt 0.651838 0.716267
vt 0.649708 0.720466
vt 0.645006 0.722780
vt 0.653404 0.719148
vt 0.690581 0.756654
vt 0.685793 0.757953
vt 0.641071 0.723364
vt 0.694385 0.754694
vt 0.692151 0.759581
vt 0.687394 0.760873
vt 0.682087 0.759223
vt 0.641218 0.725300
vt 0.641071 0.725035
vt 0.695965 0.757590
vt 0.692804 0.762826
vt 0.688050 0.764108
vt 0.683711 0.762096
vt 0.696630 0.760822
vt 0.692837 0.792449
vt 0.687991 0.790315
vt 0.684370 0.765304
vt 0.696752 0.794944
vt 0.691870 0.796041
vt 0.687001 0.793891
vt 0.684279 0.787864
vt 0.695817 0.798522
vt 0.689527 0.798842
vt 0.684628 0.796701
vt 0.683300 0.791403
vt 0.693536 0.801244
vt 0.641071 0.819734
vt 0.641071 0.812622
vt 0.760690 0.576050
vt 0.758321 0.576620
vt 0.758337 0.548857
vt 0.760750 0.549843
vt 0.761347 0.579286
vt 0.758974 0.579863
vt 0.753925 0.578170
vt 0.753852 0.546692
vt 0.759319 0.545266
vt 0.761739 0.546267
vt 0.764371 0.574854
vt 0.764461 0.552294
vt 0.762948 0.582205
vt 0.760556 0.582793
vt 0.754581 0.581412
vt 0.765030 0.578063
vt 0.754801 0.543108
vt 0.761685 0.542433
vt 0.764112 0.543457
vt 0.765441 0.548755
vt 0.803735 0.617378
vt 0.801383 0.618658
vt 0.756150 0.584329
vt 0.766654 0.580935
vt 0.757109 0.540341
vt 0.807669 0.522853
vt 0.807669 0.525444
vt 0.807669 0.619157
vt 0.802934 0.621573
vt 0.797068 0.620429
vt 0.807523 0.614858
vt 0.807669 0.622815
vt 0.803588 0.624870
vt 0.798623 0.623331
vt 0.807669 0.616794
vt 0.807669 0.615123
vt 0.807669 0.639253
vt 0.803588 0.637197
vt 0.799295 0.626591
vt 0.807669 0.642911
vt 0.802934 0.640495
vt 0.799295 0.635477
vt 0.803735 0.644689
vt 0.801383 0.643409
vt 0.798623 0.638737
vt 0.807669 0.645273
vt 0.762948 0.679862
vt 0.760556 0.679276
vt 0.797068 0.641639
vt 0.807669 0.646945
vt 0.807523 0.647210
vt 0.766654 0.681133
vt 0.761347 0.682782
vt 0.758974 0.682204
vt 0.756150 0.677738
vt 0.765030 0.684005
vt 0.760690 0.686017
vt 0.758321 0.685447
vt 0.754581 0.680656
vt 0.764371 0.687213
vt 0.760750 0.712224
vt 0.758337 0.713211
vt 0.753925 0.683897
vt 0.764461 0.709773
vt 0.761739 0.715800
vt 0.759319 0.716802
vt 0.753852 0.715375
vt 0.765441 0.713313
vt 0.764112 0.718611
vt 0.761685 0.719635
vt 0.754801 0.718960
vt 0.807669 0.736623
vt 0.807669 0.739215
vt 0.757109 0.721726
vt 0.611498 0.975300
vt 0.607087 0.976080
vt 0.605773 0.970398
vt 0.611730 0.971029
vt 0.578005 0.976438
vt 0.577548 0.970828
vt 0.599635 0.936970
vt 0.605254 0.936725
vt 0.520925 0.985417
vt 0.520316 0.979917
vt 0.600014 0.894119
vt 0.605570 0.894668
vt 0.509656 0.987086
vt 0.509135 0.981951
vt 0.611921 0.865446
vt 0.616563 0.867695
vt 0.506873 0.986972
vt 0.506505 0.983015
vt 0.485166 0.856547
vt 0.479610 0.857097
vt 0.468617 0.830124
vt 0.473259 0.827875
vt 0.479925 0.899153
vt 0.485545 0.899398
vt 0.473450 0.933457
vt 0.479408 0.932827
vt 0.478093 0.938508
vt 0.473682 0.937729
vt 0.507631 0.933257
vt 0.507175 0.938867
vt 0.564863 0.942345
vt 0.564255 0.947845
vt 0.576045 0.944379
vt 0.575524 0.949514
vt 0.578675 0.945444
vt 0.578307 0.949400
vt 0.425521 0.645990
vt 0.425290 0.641718
vt 0.431247 0.641088
vt 0.429932 0.646769
vt 0.437385 0.607659
vt 0.431765 0.607414
vt 0.459471 0.641517
vt 0.459014 0.647128
vt 0.431449 0.565358
vt 0.437005 0.564808
vt 0.516703 0.650606
vt 0.516095 0.656106
vt 0.420457 0.538384
vt 0.425099 0.536135
vt 0.527885 0.652640
vt 0.527364 0.657775
vt 0.530515 0.653705
vt 0.530146 0.657661
vt 0.437043 0.694243
vt 0.448949 0.665570
vt 0.453591 0.667820
vt 0.442599 0.694793
vt 0.442283 0.736849
vt 0.436664 0.737094
vt 0.448759 0.771153
vt 0.442801 0.770523
vt 0.448527 0.775424
vt 0.444116 0.776205
vt 0.415034 0.776563
vt 0.414577 0.770953
vt 0.357345 0.780042
vt 0.357953 0.785542
vt 0.346684 0.787211
vt 0.346164 0.782075
vt 0.343902 0.787097
vt 0.343534 0.783140
vt 0.411660 0.603549
vt 0.411892 0.607821
vt 0.405935 0.608450
vt 0.407249 0.602768
vt 0.399797 0.641879
vt 0.405416 0.642124
vt 0.377710 0.608020
vt 0.378167 0.602410
vt 0.405732 0.684180
vt 0.400177 0.684730
vt 0.320478 0.598931
vt 0.321087 0.593432
vt 0.416725 0.711154
vt 0.412083 0.713403
vt 0.309297 0.596898
vt 0.309818 0.591762
vt 0.306667 0.595833
vt 0.307035 0.591877
vt 0.062576 0.931341
vt 0.050670 0.960013
vt 0.046028 0.957764
vt 0.057020 0.930791
vt 0.057336 0.888734
vt 0.062956 0.888490
vt 0.050860 0.854431
vt 0.056818 0.855061
vt 0.051092 0.850159
vt 0.055503 0.849379
vt 0.084585 0.849021
vt 0.085042 0.854631
vt 0.142274 0.845542
vt 0.141666 0.840042
vt 0.152935 0.838373
vt 0.153455 0.843509
vt 0.155717 0.838488
vt 0.156086 0.842444
vt 0.285435 0.573118
vt 0.289846 0.572339
vt 0.291160 0.578020
vt 0.285203 0.577390
vt 0.318928 0.571980
vt 0.319385 0.577591
vt 0.297298 0.611449
vt 0.291678 0.611694
vt 0.376008 0.563002
vt 0.376616 0.568502
vt 0.296918 0.654300
vt 0.291362 0.653750
vt 0.387277 0.561333
vt 0.387798 0.566468
vt 0.285012 0.682973
vt 0.280370 0.680724
vt 0.390060 0.561447
vt 0.390428 0.565403
vt 0.501113 0.884018
vt 0.506668 0.883468
vt 0.517661 0.910441
vt 0.513019 0.912690
vt 0.506352 0.841412
vt 0.500733 0.841167
vt 0.512828 0.807108
vt 0.506871 0.807738
vt 0.508185 0.802056
vt 0.512596 0.802836
vt 0.478646 0.807308
vt 0.479103 0.801698
vt 0.421414 0.798219
vt 0.422023 0.792720
vt 0.410233 0.796186
vt 0.410754 0.791050
vt 0.407603 0.795121
vt 0.407971 0.791164
vt 0.667870 0.969183
vt 0.667639 0.964911
vt 0.673596 0.964282
vt 0.672282 0.969963
vt 0.679734 0.930853
vt 0.674114 0.930608
vt 0.701820 0.964711
vt 0.701364 0.970321
vt 0.673798 0.888552
vt 0.679354 0.888002
vt 0.759052 0.973800
vt 0.758444 0.979300
vt 0.662806 0.861578
vt 0.667448 0.859329
vt 0.770234 0.975834
vt 0.769713 0.980969
vt 0.772864 0.976898
vt 0.772495 0.980855
vt 0.924824 0.887479
vt 0.936730 0.858806
vt 0.941372 0.861055
vt 0.930379 0.888028
vt 0.930064 0.930085
vt 0.924444 0.930329
vt 0.936539 0.964388
vt 0.930582 0.963758
vt 0.936307 0.968660
vt 0.931896 0.969440
vt 0.902814 0.969798
vt 0.902358 0.964188
vt 0.845125 0.973277
vt 0.845734 0.978777
vt 0.834465 0.980446
vt 0.833944 0.975310
vt 0.831682 0.980332
vt 0.831314 0.976375
vt 0.951657 0.980260
vt 0.947246 0.981040
vt 0.945932 0.975358
vt 0.951889 0.975989
vt 0.918164 0.981399
vt 0.917707 0.975788
vt 0.939794 0.941930
vt 0.945413 0.941685
vt 0.861084 0.990377
vt 0.860475 0.984877
vt 0.940174 0.899079
vt 0.945729 0.899628
vt 0.849815 0.992046
vt 0.849294 0.986911
vt 0.952080 0.870406
vt 0.956722 0.872655
vt 0.847032 0.991932
vt 0.846664 0.987975
vt 0.663040 0.899078
vt 0.657484 0.899628
vt 0.646492 0.872655
vt 0.651134 0.870406
vt 0.657800 0.941684
vt 0.663420 0.941929
vt 0.651325 0.975988
vt 0.657282 0.975358
vt 0.655967 0.981040
vt 0.651556 0.980260
vt 0.685506 0.975788
vt 0.685049 0.981398
vt 0.742738 0.984877
vt 0.742130 0.990377
vt 0.753919 0.986910
vt 0.753399 0.992046
vt 0.756550 0.987975
vt 0.756181 0.991931
vt 0.626016 0.834937
vt 0.630427 0.834157
vt 0.631742 0.839839
vt 0.625785 0.839209
vt 0.659509 0.833799
vt 0.659966 0.839409
vt 0.637880 0.873268
vt 0.632260 0.873512
vt 0.716590 0.824820
vt 0.717198 0.830320
vt 0.637500 0.916119
vt 0.631944 0.915569
vt 0.727859 0.823151
vt 0.728380 0.828287
vt 0.625594 0.944791
vt 0.620952 0.942542
vt 0.730641 0.823265
vt 0.731010 0.827222
vt 0.965035 0.902892
vt 0.970591 0.902343
vt 0.981583 0.929316
vt 0.976942 0.931565
vt 0.970275 0.860286
vt 0.964656 0.860041
vt 0.976751 0.825983
vt 0.970793 0.826613
vt 0.972108 0.820931
vt 0.976519 0.821711
vt 0.942569 0.826183
vt 0.943026 0.820572
vt 0.885337 0.817094
vt 0.885945 0.811594
vt 0.874156 0.815060
vt 0.874676 0.809925
vt 0.871526 0.813996
vt 0.871894 0.810039
vt 0.422869 0.808245
vt 0.423100 0.812517
vt 0.417143 0.813147
vt 0.418458 0.807464
vt 0.411005 0.846575
vt 0.416625 0.846820
vt 0.388919 0.812717
vt 0.389376 0.807106
vt 0.416941 0.888876
vt 0.411385 0.889426
vt 0.331687 0.803627
vt 0.332295 0.798128
vt 0.427933 0.915850
vt 0.423291 0.918099
vt 0.320505 0.801594
vt 0.321026 0.796459
vt 0.317875 0.800529
vt 0.318243 0.796573
vt 0.218465 0.889426
vt 0.206558 0.918099
vt 0.201916 0.915850
vt 0.212909 0.888876
vt 0.213224 0.846820
vt 0.218844 0.846575
vt 0.206749 0.812517
vt 0.212707 0.813147
vt 0.206981 0.808244
vt 0.211392 0.807465
vt 0.240474 0.807106
vt 0.240931 0.812717
vt 0.298162 0.803628
vt 0.297554 0.798128
vt 0.308824 0.796459
vt 0.309344 0.801594
vt 0.311606 0.796573
vt 0.311974 0.800529
vt 0.285796 0.208441
vt 0.284003 0.208922
vt 0.282209 0.208441
vt 0.280896 0.207129
vt 0.280416 0.205335
vt 0.280896 0.203542
vt 0.282209 0.202229
vt 0.284003 0.201748
vt 0.285796 0.202229
vt 0.287109 0.203542
vt 0.287590 0.205335
vt 0.287109 0.207129
vt 0.297124 0.201748
vt 0.298918 0.202229
vt 0.300231 0.203542
vt 0.300711 0.205335
vt 0.300231 0.207129
vt 0.298918 0.208442
vt 0.297124 0.208923
vt 0.295331 0.208442
vt 0.294018 0.207129
vt 0.293537 0.205335
vt 0.294018 0.203542
vt 0.295331 0.202229
vt 0.312040 0.208442
vt 0.310246 0.208922
vt 0.308453 0.208442
vt 0.307140 0.207129
vt 0.306659 0.205335
vt 0.307140 0.203542
vt 0.308453 0.202229
vt 0.310246 0.201748
vt 0.312040 0.202229
vt 0.313353 0.203542
vt 0.313833 0.205335
vt 0.313353 0.207129
vt 0.319781 0.205335
vt 0.320261 0.203542
vt 0.321574 0.202229
vt 0.323368 0.201748
vt 0.325161 0.202229
vt 0.326954 0.205335
vt 0.326474 0.207129
vt 0.325161 0.208443
vt 0.323368 0.208923
vt 0.321574 0.208443
vt 0.320261 0.207129
vt 0.338283 0.208442
vt 0.336490 0.208922
vt 0.334696 0.208442
vt 0.333383 0.207129
vt 0.332902 0.205335
vt 0.333383 0.203542
vt 0.334696 0.202229
vt 0.336490 0.201748
vt 0.338283 0.202229
vt 0.339596 0.203542
vt 0.340076 0.205335
vt 0.339596 0.207129
vt 0.349611 0.201748
vt 0.351405 0.202229
vt 0.352718 0.203542
vt 0.353198 0.205335
vt 0.352718 0.207129
vt 0.351405 0.208442
vt 0.349611 0.208923
vt 0.347818 0.208442
vt 0.346505 0.207129
vt 0.346024 0.205335
vt 0.346505 0.203542
vt 0.347818 0.202229
vt 0.360459 0.208441
vt 0.359146 0.207129
vt 0.359146 0.203542
vt 0.360459 0.202229
vt 0.362252 0.201748
vt 0.364046 0.202229
vt 0.365359 0.203542
vt 0.365839 0.205335
vt 0.365359 0.207129
vt 0.364046 0.208441
vt 0.362252 0.208922
vt 0.370465 0.212761
vt 0.372259 0.213242
vt 0.373572 0.214555
vt 0.374052 0.216348
vt 0.373572 0.218142
vt 0.372259 0.219455
vt 0.370465 0.219935
vt 0.368672 0.219455
vt 0.367359 0.218142
vt 0.366878 0.216348
vt 0.367359 0.214555
vt 0.368672 0.213242
vt 0.355597 0.219456
vt 0.354284 0.218143
vt 0.353803 0.216349
vt 0.354284 0.214556
vt 0.355597 0.213243
vt 0.357390 0.212762
vt 0.359184 0.213243
vt 0.360497 0.214556
vt 0.360977 0.216349
vt 0.360497 0.218143
vt 0.359184 0.219456
vt 0.357390 0.219936
vt 0.340729 0.216349
vt 0.341209 0.214556
vt 0.342522 0.213243
vt 0.344316 0.212762
vt 0.346109 0.213243
vt 0.347422 0.214556
vt 0.347902 0.216349
vt 0.346109 0.219456
vt 0.344316 0.219936
vt 0.342522 0.219456
vt 0.329447 0.219456
vt 0.328134 0.218143
vt 0.327654 0.216349
vt 0.328134 0.214556
vt 0.329447 0.213243
vt 0.331241 0.212762
vt 0.333034 0.213243
vt 0.334347 0.214556
vt 0.334828 0.216349
vt 0.334347 0.218143
vt 0.333034 0.219456
vt 0.331241 0.219936
vt 0.318166 0.212762
vt 0.319959 0.213243
vt 0.321272 0.214556
vt 0.321753 0.216349
vt 0.321272 0.218143
vt 0.319959 0.219456
vt 0.318166 0.219937
vt 0.316372 0.219456
vt 0.315059 0.218143
vt 0.314579 0.216349
vt 0.315059 0.214556
vt 0.316372 0.213243
vt 0.306885 0.213243
vt 0.308197 0.214556
vt 0.308678 0.216349
vt 0.308197 0.218143
vt 0.306885 0.219456
vt 0.305091 0.219937
vt 0.303297 0.219456
vt 0.301985 0.218143
vt 0.301504 0.216349
vt 0.301985 0.214556
vt 0.303297 0.213243
vt 0.305091 0.212762
vt 0.292016 0.219936
vt 0.290222 0.219455
vt 0.288909 0.218143
vt 0.288429 0.216349
vt 0.288909 0.214556
vt 0.290222 0.213242
vt 0.292016 0.212762
vt 0.293810 0.213242
vt 0.295122 0.214556
vt 0.295603 0.216349
vt 0.295122 0.218143
vt 0.293810 0.219455
vt 0.275835 0.222093
vt 0.277148 0.220780
vt 0.278941 0.220299
vt 0.280735 0.220780
vt 0.282048 0.222093
vt 0.282528 0.223886
vt 0.282048 0.225680
vt 0.280735 0.226993
vt 0.278941 0.227473
vt 0.277148 0.226993
vt 0.275835 0.225680
vt 0.275354 0.223886
vt 0.265867 0.227473
vt 0.264073 0.226992
vt 0.262760 0.225679
vt 0.262279 0.223886
vt 0.262760 0.222092
vt 0.264073 0.220779
vt 0.265867 0.220299
vt 0.267660 0.220779
vt 0.268973 0.222092
vt 0.269453 0.223886
vt 0.268973 0.225679
vt 0.267660 0.226992
vt 0.254585 0.220781
vt 0.255898 0.222093
vt 0.256379 0.223887
vt 0.255898 0.225681
vt 0.254585 0.226993
vt 0.252792 0.227474
vt 0.250998 0.226993
vt 0.249685 0.225681
vt 0.249205 0.223887
vt 0.249685 0.222093
vt 0.250998 0.220781
vt 0.252792 0.220300
vt 0.239717 0.227475
vt 0.237923 0.226994
vt 0.236610 0.225681
vt 0.236129 0.223888
vt 0.236610 0.222094
vt 0.237923 0.220781
vt 0.239717 0.220301
vt 0.241510 0.220781
vt 0.242823 0.222094
vt 0.243303 0.223888
vt 0.242823 0.225681
vt 0.241510 0.226994
vt 0.224848 0.220782
vt 0.226641 0.220301
vt 0.228435 0.220782
vt 0.229748 0.222094
vt 0.230228 0.223888
vt 0.229748 0.225682
vt 0.228435 0.226994
vt 0.226641 0.227475
vt 0.224848 0.226994
vt 0.223535 0.225682
vt 0.223054 0.223888
vt 0.223535 0.222094
vt 0.213567 0.227796
vt 0.211773 0.227315
vt 0.210460 0.226003
vt 0.209980 0.224209
vt 0.210460 0.222416
vt 0.211773 0.221103
vt 0.213567 0.220622
vt 0.215360 0.221103
vt 0.216673 0.222416
vt 0.217154 0.224209
vt 0.216673 0.226003
vt 0.215360 0.227315
vt 0.199179 0.221103
vt 0.200972 0.220622
vt 0.202766 0.221103
vt 0.204079 0.222416
vt 0.204079 0.226003
vt 0.202766 0.227316
vt 0.200972 0.227796
vt 0.199179 0.227316
vt 0.197866 0.226003
vt 0.197385 0.224209
vt 0.197866 0.222416
vt 0.188378 0.227796
vt 0.186584 0.227316
vt 0.185271 0.226003
vt 0.184791 0.224209
vt 0.185271 0.222416
vt 0.186584 0.221103
vt 0.188378 0.220622
vt 0.190171 0.221103
vt 0.191484 0.222416
vt 0.191484 0.226003
vt 0.190171 0.227316
vt 0.173509 0.221102
vt 0.175303 0.220621
vt 0.177096 0.221102
vt 0.178409 0.222415
vt 0.178890 0.224208
vt 0.178409 0.226002
vt 0.177096 0.227315
vt 0.175303 0.227795
vt 0.173509 0.227315
vt 0.172196 0.226002
vt 0.171716 0.224208
vt 0.172196 0.222415
vt 0.162228 0.227796
vt 0.160434 0.227316
vt 0.159122 0.226003
vt 0.158641 0.224209
vt 0.159122 0.222416
vt 0.160434 0.221103
vt 0.162228 0.220622
vt 0.164021 0.221103
vt 0.165334 0.222416
vt 0.165815 0.224209
vt 0.165334 0.226003
vt 0.164021 0.227316
vt 0.218732 0.216461
vt 0.212932 0.201750
vt 0.216348 0.202849
vt 0.223202 0.215519
vt 0.245752 0.109212
vt 0.239918 0.121356
vt 0.237230 0.121680
vt 0.242280 0.108488
vt 0.235468 0.120123
vt 0.238820 0.107741
vt 0.251740 0.087494
vt 0.247608 0.087243
vt 0.243477 0.086991
vt 0.259235 0.047136
vt 0.254536 0.047783
vt 0.249837 0.048429
vt 0.259829 0.031178
vt 0.255523 0.031697
vt 0.251217 0.032216
vt 0.257260 0.019895
vt 0.254070 0.019786
vt 0.250883 0.019689
vt 0.234273 0.216461
vt 0.229803 0.215519
vt 0.236658 0.202849
vt 0.240073 0.201750
vt 0.216419 0.099859
vt 0.220217 0.099300
vt 0.222755 0.108488
vt 0.219283 0.109212
vt 0.207609 0.059441
vt 0.212247 0.059885
vt 0.224016 0.098741
vt 0.226215 0.107741
vt 0.227805 0.121680
vt 0.225116 0.121356
vt 0.205800 0.047136
vt 0.210499 0.047783
vt 0.216886 0.060329
vt 0.229567 0.120123
vt 0.205206 0.031178
vt 0.209512 0.031697
vt 0.215197 0.048429
vt 0.207774 0.019895
vt 0.210964 0.019786
vt 0.213818 0.032216
vt 0.214152 0.019689
vt 0.252474 0.201749
vt 0.256944 0.202692
vt 0.250089 0.215361
vt 0.246674 0.216461
vt 0.188091 0.041510
vt 0.184292 0.042069
vt 0.181755 0.032881
vt 0.185227 0.032158
vt 0.196901 0.081928
vt 0.192263 0.081484
vt 0.180495 0.042629
vt 0.178295 0.033628
vt 0.176705 0.019689
vt 0.179394 0.020013
vt 0.198710 0.094233
vt 0.194012 0.093587
vt 0.187625 0.081041
vt 0.174943 0.021246
vt 0.199305 0.110191
vt 0.194998 0.109672
vt 0.189313 0.092940
vt 0.196736 0.121474
vt 0.193546 0.121584
vt 0.190692 0.109153
vt 0.190358 0.121680
vt 0.268014 0.201748
vt 0.273814 0.216460
vt 0.270399 0.215360
vt 0.263545 0.202691
vt 0.155895 0.041510
vt 0.158758 0.032158
vt 0.162230 0.032881
vt 0.159693 0.042069
vt 0.164591 0.020013
vt 0.167280 0.019689
vt 0.165690 0.033628
vt 0.163491 0.042629
vt 0.147084 0.081928
vt 0.151722 0.081484
vt 0.169042 0.021246
vt 0.156361 0.081041
vt 0.145275 0.094233
vt 0.149974 0.093587
vt 0.154673 0.092940
vt 0.144681 0.110191
vt 0.148987 0.109672
vt 0.153293 0.109153
vt 0.147249 0.121474
vt 0.150439 0.121584
vt 0.153627 0.121680
vt 0.079831 0.111931
vt 0.082578 0.125587
vt 0.080332 0.127236
vt 0.075635 0.113158
vt 0.077014 0.126579
vt 0.071428 0.114356
vt 0.077850 0.093357
vt 0.073491 0.094490
vt 0.069132 0.095622
vt 0.078795 0.061392
vt 0.074962 0.061307
vt 0.071130 0.061224
vt 0.084043 0.041066
vt 0.080726 0.040180
vt 0.077410 0.039294
vt 0.088644 0.031214
vt 0.086047 0.030351
vt 0.083391 0.029563
vt 0.056727 0.113157
vt 0.052032 0.127235
vt 0.049784 0.125587
vt 0.052533 0.111931
vt 0.060935 0.114356
vt 0.055349 0.126578
vt 0.058873 0.094489
vt 0.054514 0.093357
vt 0.063231 0.095621
vt 0.057401 0.061307
vt 0.053568 0.061391
vt 0.061233 0.061224
vt 0.051637 0.040180
vt 0.048320 0.041065
vt 0.054953 0.039294
vt 0.046316 0.030351
vt 0.043719 0.031214
vt 0.048972 0.029562
vt 0.029508 0.044867
vt 0.025312 0.043640
vt 0.030009 0.029563
vt 0.032256 0.031211
vt 0.027527 0.063441
vt 0.023168 0.062308
vt 0.021105 0.042442
vt 0.026691 0.030220
vt 0.028472 0.095407
vt 0.024640 0.095490
vt 0.018809 0.061176
vt 0.033720 0.115733
vt 0.030403 0.116618
vt 0.020807 0.095574
vt 0.038321 0.125583
vt 0.035724 0.126447
vt 0.027087 0.117503
vt 0.033068 0.127236
vt 0.028627 0.155026
vt 0.024432 0.156252
vt 0.021684 0.142597
vt 0.023931 0.140948
vt 0.030772 0.173694
vt 0.026413 0.174827
vt 0.032835 0.153827
vt 0.027249 0.141605
vt 0.029300 0.206876
vt 0.025468 0.206792
vt 0.035131 0.172562
vt 0.023536 0.228004
vt 0.020220 0.227118
vt 0.033133 0.206960
vt 0.018216 0.237832
vt 0.015619 0.236969
vt 0.026853 0.228889
vt 0.020871 0.238621
vt 0.050676 0.224911
vt 0.054870 0.226138
vt 0.050175 0.240215
vt 0.047927 0.238567
vt 0.052657 0.206337
vt 0.057016 0.207469
vt 0.059078 0.227336
vt 0.053492 0.239558
vt 0.051711 0.174371
vt 0.055544 0.174288
vt 0.061374 0.208601
vt 0.046463 0.154045
vt 0.049780 0.153160
vt 0.059376 0.174204
vt 0.041862 0.144194
vt 0.044459 0.143331
vt 0.053096 0.152275
vt 0.047115 0.142542
vt 0.074609 0.226138
vt 0.078804 0.224912
vt 0.081552 0.238568
vt 0.079306 0.240216
vt 0.072464 0.207470
vt 0.076823 0.206338
vt 0.070402 0.227337
vt 0.075988 0.239559
vt 0.073936 0.174288
vt 0.077768 0.174372
vt 0.068106 0.208602
vt 0.079700 0.153161
vt 0.083017 0.154046
vt 0.070103 0.174204
vt 0.085021 0.143332
vt 0.087618 0.144195
vt 0.076383 0.152275
vt 0.082365 0.142543
vt 0.103163 0.157847
vt 0.100414 0.144191
vt 0.102661 0.142542
vt 0.107357 0.156620
vt 0.105979 0.143200
vt 0.111565 0.155421
vt 0.105144 0.176421
vt 0.109502 0.175289
vt 0.113861 0.174156
vt 0.104198 0.208386
vt 0.108031 0.208470
vt 0.111863 0.208554
vt 0.098950 0.228712
vt 0.102267 0.229598
vt 0.105583 0.230483
vt 0.094349 0.238563
vt 0.096946 0.239426
vt 0.099602 0.240215
vt 0.127096 0.156620
vt 0.131792 0.142543
vt 0.134039 0.144191
vt 0.131291 0.157847
vt 0.122888 0.155422
vt 0.128475 0.143200
vt 0.124951 0.175289
vt 0.129310 0.176421
vt 0.120593 0.174157
vt 0.126423 0.208470
vt 0.130255 0.208387
vt 0.122590 0.208554
vt 0.132187 0.229598
vt 0.135504 0.228713
vt 0.128870 0.230483
vt 0.137508 0.239427
vt 0.140104 0.238564
vt 0.134852 0.240216
vt 0.069423 0.568402
vt 0.074821 0.568402
vt 0.074821 0.775041
vt 0.069423 0.775041
vt 0.075658 0.568402
vt 0.075658 0.775041
vt 0.068586 0.775041
vt 0.068586 0.568402
vt 0.062046 0.775041
vt 0.055811 0.775041
vt 0.056648 0.568402
vt 0.062046 0.568402
vt 0.062046 0.775937
vt 0.056648 0.775937
vt 0.055811 0.568402
vt 0.062884 0.568402
vt 0.062884 0.775041
vt 0.890209 0.621960
vt 0.885964 0.623126
vt 0.885964 0.589003
vt 0.890222 0.590481
vt 0.890206 0.625201
vt 0.885964 0.626357
vt 0.885964 0.585425
vt 0.890228 0.586897
vt 0.890202 0.628118
vt 0.885964 0.629253
vt 0.890136 0.664218
vt 0.885964 0.664799
vt 0.890140 0.667119
vt 0.885964 0.667680
vt 0.890156 0.670380
vt 0.885964 0.670921
vt 0.885964 0.678724
vt 0.890156 0.679265
vt 0.890140 0.682526
vt 0.885964 0.681966
vt 0.890136 0.685428
vt 0.885964 0.684846
vt 0.890202 0.721527
vt 0.885964 0.720392
vt 0.890206 0.724444
vt 0.885964 0.723288
vt 0.890209 0.727686
vt 0.885964 0.726520
vt 0.890222 0.759164
vt 0.885964 0.760643
vt 0.890228 0.762748
vt 0.885964 0.764220
vt 0.324898 0.643533
vt 0.335033 0.643533
vt 0.335033 0.662394
vt 0.324898 0.662394
vt 0.325741 0.639337
vt 0.334191 0.639337
vt 0.325741 0.666589
vt 0.334191 0.666589
vt 0.327394 0.636626
vt 0.332538 0.636626
vt 0.332538 0.669300
vt 0.327394 0.669300
vt 0.329966 0.634708
vt 0.329966 0.671218
vt 0.307550 0.718762
vt 0.311603 0.714837
vt 0.314291 0.714290
vt 0.316978 0.714837
vt 0.321031 0.718762
vt 0.321676 0.721550
vt 0.319690 0.726922
vt 0.317215 0.728675
vt 0.314291 0.729323
vt 0.311366 0.728675
vt 0.308891 0.726922
vt 0.307348 0.724405
vt 0.306905 0.721550
vt 0.330044 0.724849
vt 0.329399 0.722062
vt 0.329842 0.719206
vt 0.331385 0.716689
vt 0.333861 0.714937
vt 0.336785 0.714290
vt 0.339709 0.714937
vt 0.343728 0.719206
vt 0.344171 0.722062
vt 0.343526 0.724849
vt 0.341904 0.727189
vt 0.339365 0.728820
vt 0.336785 0.729323
vt 0.334097 0.728776
vt 0.895787 0.621960
vt 0.895773 0.590481
vt 0.900031 0.589003
vt 0.900031 0.623126
vt 0.895767 0.586897
vt 0.900031 0.585425
vt 0.895790 0.625201
vt 0.900031 0.626357
vt 0.895794 0.628118
vt 0.900031 0.629253
vt 0.895859 0.664218
vt 0.900031 0.664799
vt 0.895855 0.667119
vt 0.900031 0.667680
vt 0.895839 0.670380
vt 0.900031 0.670921
vt 0.900031 0.678724
vt 0.895839 0.679265
vt 0.900031 0.681966
vt 0.895855 0.682526
vt 0.900031 0.684846
vt 0.895859 0.685428
vt 0.900031 0.720392
vt 0.895794 0.721527
vt 0.900031 0.723288
vt 0.895790 0.724444
vt 0.900031 0.726520
vt 0.895787 0.727686
vt 0.900031 0.760643
vt 0.895773 0.759164
vt 0.900031 0.764220
vt 0.895767 0.762748
vt 0.341769 0.643533
vt 0.342612 0.639337
vt 0.351061 0.639337
vt 0.351904 0.643533
vt 0.344264 0.636626
vt 0.349410 0.636626
vt 0.351904 0.662394
vt 0.341769 0.662394
vt 0.346837 0.634708
vt 0.351061 0.666590
vt 0.342612 0.666589
vt 0.349410 0.669300
vt 0.344264 0.669300
vt 0.346837 0.671217
vt 0.365577 0.718762
vt 0.366223 0.721550
vt 0.365781 0.724405
vt 0.364236 0.726922
vt 0.361761 0.728675
vt 0.358837 0.729323
vt 0.355914 0.728675
vt 0.351893 0.724405
vt 0.352096 0.718762
vt 0.356149 0.714837
vt 0.358837 0.714290
vt 0.361524 0.714837
vt 0.388838 0.724849
vt 0.384785 0.728776
vt 0.382097 0.729323
vt 0.379409 0.728776
vt 0.375356 0.724849
vt 0.374711 0.722062
vt 0.375154 0.719206
vt 0.379174 0.714937
vt 0.382097 0.714290
vt 0.385021 0.714937
vt 0.387497 0.716689
vt 0.389041 0.719206
vt 0.389483 0.722062
vt 0.905590 0.621960
vt 0.905576 0.590481
vt 0.909834 0.589003
vt 0.909834 0.623126
vt 0.905570 0.586897
vt 0.909834 0.585425
vt 0.905593 0.625201
vt 0.909834 0.626357
vt 0.905597 0.628118
vt 0.909834 0.629253
vt 0.905662 0.664218
vt 0.909834 0.664799
vt 0.905658 0.667119
vt 0.909834 0.667680
vt 0.905642 0.670380
vt 0.909834 0.670921
vt 0.909834 0.678724
vt 0.905642 0.679265
vt 0.909834 0.681966
vt 0.905658 0.682526
vt 0.909834 0.684846
vt 0.905662 0.685428
vt 0.909834 0.720392
vt 0.905597 0.721527
vt 0.909834 0.723288
vt 0.905593 0.724444
vt 0.909834 0.726520
vt 0.905590 0.727686
vt 0.909834 0.760643
vt 0.905576 0.759164
vt 0.909834 0.764220
vt 0.905570 0.762748
vt 0.358640 0.643533
vt 0.359483 0.639337
vt 0.367932 0.639337
vt 0.368775 0.643533
vt 0.361135 0.636626
vt 0.366281 0.636626
vt 0.368775 0.662394
vt 0.358640 0.662394
vt 0.363707 0.634708
vt 0.367932 0.666589
vt 0.359483 0.666589
vt 0.366281 0.669300
vt 0.361135 0.669300
vt 0.363707 0.671218
vt 0.319031 0.692391
vt 0.319676 0.695179
vt 0.319235 0.698033
vt 0.317690 0.700550
vt 0.315215 0.702303
vt 0.312291 0.702951
vt 0.309366 0.702303
vt 0.305347 0.698033
vt 0.304905 0.695179
vt 0.305550 0.692391
vt 0.307171 0.690051
vt 0.309711 0.688420
vt 0.312291 0.687918
vt 0.314978 0.688465
vt 0.341525 0.698477
vt 0.337473 0.702404
vt 0.334785 0.702951
vt 0.332097 0.702404
vt 0.328044 0.698477
vt 0.327399 0.695690
vt 0.327842 0.692835
vt 0.331860 0.688566
vt 0.334785 0.687918
vt 0.337709 0.688566
vt 0.340185 0.690317
vt 0.341729 0.692835
vt 0.342171 0.695690
vt 0.919618 0.621960
vt 0.915373 0.623126
vt 0.915373 0.589003
vt 0.919632 0.590481
vt 0.919615 0.625201
vt 0.915373 0.626357
vt 0.915373 0.585425
vt 0.919637 0.586897
vt 0.919611 0.628118
vt 0.915373 0.629253
vt 0.919545 0.664218
vt 0.915373 0.664799
vt 0.919549 0.667119
vt 0.915373 0.667680
vt 0.919565 0.670380
vt 0.915373 0.670921
vt 0.919565 0.679265
vt 0.915373 0.678724
vt 0.919549 0.682526
vt 0.915373 0.681966
vt 0.919545 0.685428
vt 0.915373 0.684846
vt 0.919611 0.721527
vt 0.915373 0.720392
vt 0.919615 0.724444
vt 0.915373 0.723288
vt 0.919618 0.727686
vt 0.915373 0.726520
vt 0.919632 0.759164
vt 0.915373 0.760643
vt 0.919637 0.762748
vt 0.915373 0.764220
vt 0.385646 0.642765
vt 0.375511 0.642765
vt 0.376354 0.638569
vt 0.384803 0.638569
vt 0.375511 0.661626
vt 0.385646 0.661626
vt 0.378006 0.635858
vt 0.383151 0.635858
vt 0.384803 0.665821
vt 0.376354 0.665822
vt 0.380578 0.633940
vt 0.383151 0.668532
vt 0.378006 0.668532
vt 0.380578 0.670449
vt 0.350539 0.692391
vt 0.354592 0.688465
vt 0.357279 0.687918
vt 0.359859 0.688421
vt 0.362398 0.690050
vt 0.364020 0.692391
vt 0.364665 0.695177
vt 0.364222 0.698033
vt 0.360204 0.702302
vt 0.357279 0.702950
vt 0.354355 0.702302
vt 0.351879 0.700550
vt 0.350336 0.698033
vt 0.349893 0.695177
vt 0.373033 0.698477
vt 0.372388 0.695690
vt 0.372831 0.692835
vt 0.374374 0.690317
vt 0.376849 0.688566
vt 0.379774 0.687918
vt 0.382698 0.688566
vt 0.386717 0.692835
vt 0.387160 0.695690
vt 0.386514 0.698477
vt 0.384893 0.700818
vt 0.382353 0.702448
vt 0.379774 0.702951
vt 0.377086 0.702404
vt 0.501837 0.696637
vt 0.496162 0.696637
vt 0.496414 0.669663
vt 0.501585 0.669663
vt 0.501825 0.738693
vt 0.496175 0.738693
vt 0.501832 0.772996
vt 0.496167 0.772996
vt 0.496949 0.777269
vt 0.501052 0.777269
vt 0.232298 0.181163
vt 0.228341 0.181160
vt 0.228341 0.177181
vt 0.232298 0.177178
vt 0.847708 0.875238
vt 0.842117 0.875238
vt 0.842326 0.846566
vt 0.847499 0.846566
vt 0.842108 0.918089
vt 0.847716 0.918089
vt 0.841445 0.951518
vt 0.848380 0.951518
vt 0.348581 0.042027
vt 0.348833 0.015054
vt 0.354005 0.015054
vt 0.354256 0.042027
vt 0.348594 0.084083
vt 0.354244 0.084083
vt 0.348586 0.118387
vt 0.354251 0.118387
vt 0.353471 0.122659
vt 0.349368 0.122659
vt 0.222440 0.177178
vt 0.222440 0.181163
vt 0.218484 0.181160
vt 0.218484 0.177181
vt 0.829281 0.875238
vt 0.829490 0.846566
vt 0.834662 0.846566
vt 0.834871 0.875238
vt 0.834880 0.918089
vt 0.829272 0.918089
vt 0.835544 0.951518
vt 0.828609 0.951518
vt 0.478686 0.750295
vt 0.478434 0.777269
vt 0.473263 0.777269
vt 0.473011 0.750295
vt 0.478674 0.708239
vt 0.473023 0.708239
vt 0.478681 0.673936
vt 0.473016 0.673936
vt 0.473798 0.669663
vt 0.477901 0.669663
vt 0.208627 0.181163
vt 0.208627 0.177178
vt 0.212583 0.177181
vt 0.212583 0.181160
vt 0.822035 0.922845
vt 0.821826 0.951518
vt 0.816654 0.951518
vt 0.816445 0.922845
vt 0.816436 0.879995
vt 0.822044 0.879995
vt 0.815772 0.846566
vt 0.822708 0.846566
vt 0.325430 0.096453
vt 0.331105 0.096453
vt 0.330853 0.123427
vt 0.325682 0.123427
vt 0.325442 0.054397
vt 0.331092 0.054397
vt 0.325435 0.020094
vt 0.331100 0.020094
vt 0.330320 0.015822
vt 0.326216 0.015822
vt 0.198769 0.177178
vt 0.202726 0.177181
vt 0.202726 0.181160
vt 0.198769 0.181163
vt 0.803608 0.922845
vt 0.809198 0.922845
vt 0.808989 0.951518
vt 0.803817 0.951518
vt 0.809207 0.879995
vt 0.803599 0.879995
vt 0.809871 0.846566
vt 0.802936 0.846566
vt 0.889008 0.873540
vt 0.889259 0.846566
vt 0.894431 0.846566
vt 0.894682 0.873540
vt 0.889020 0.915596
vt 0.894670 0.915596
vt 0.889013 0.949899
vt 0.894678 0.949899
vt 0.893897 0.954172
vt 0.889794 0.954172
vt 0.192868 0.179066
vt 0.192868 0.183051
vt 0.188912 0.183048
vt 0.188912 0.179069
vt 0.790772 0.875238
vt 0.790981 0.846566
vt 0.796153 0.846566
vt 0.796362 0.875238
vt 0.796371 0.918089
vt 0.790763 0.918089
vt 0.797035 0.951518
vt 0.790099 0.951518
vt 0.883107 0.873540
vt 0.877432 0.873540
vt 0.877684 0.846566
vt 0.882855 0.846566
vt 0.883095 0.915596
vt 0.877444 0.915596
vt 0.883102 0.949899
vt 0.877437 0.949899
vt 0.878217 0.954172
vt 0.882322 0.954172
vt 0.183011 0.169018
vt 0.179054 0.169014
vt 0.179054 0.165036
vt 0.183011 0.165032
vt 0.783525 0.875237
vt 0.777935 0.875237
vt 0.778144 0.846565
vt 0.783316 0.846565
vt 0.777927 0.918088
vt 0.783534 0.918088
vt 0.777263 0.951517
vt 0.784198 0.951517
vt 0.865857 0.927198
vt 0.871531 0.927198
vt 0.871280 0.954172
vt 0.866108 0.954172
vt 0.865869 0.885142
vt 0.871519 0.885142
vt 0.865862 0.850839
vt 0.871526 0.850839
vt 0.870746 0.846566
vt 0.866643 0.846566
vt 0.169197 0.184620
vt 0.173153 0.184624
vt 0.173153 0.188602
vt 0.169197 0.188606
vt 0.765099 0.922844
vt 0.770689 0.922844
vt 0.770480 0.951517
vt 0.765308 0.951517
vt 0.770698 0.879993
vt 0.765090 0.879993
vt 0.771362 0.846565
vt 0.764426 0.846565
vt 0.859956 0.927198
vt 0.859704 0.954172
vt 0.854532 0.954172
vt 0.854281 0.927198
vt 0.859943 0.885142
vt 0.854293 0.885142
vt 0.859951 0.850839
vt 0.854286 0.850839
vt 0.855066 0.846566
vt 0.859171 0.846566
vt 0.159340 0.189374
vt 0.159340 0.185388
vt 0.163296 0.185392
vt 0.163296 0.189371
vt 0.757852 0.922844
vt 0.757643 0.951517
vt 0.752471 0.951517
vt 0.752262 0.922844
vt 0.752254 0.879993
vt 0.757861 0.879993
vt 0.751590 0.846565
vt 0.758525 0.846565
vt 0.238901 0.970473
vt 0.238901 0.857942
vt 0.244602 0.857942
vt 0.244602 0.970473
vt 0.563950 0.036407
vt 0.560041 0.036397
vt 0.561320 0.020877
vt 0.564009 0.021742
vt 0.563950 0.141968
vt 0.560041 0.141978
vt 0.563986 0.154717
vt 0.560571 0.155015
vt 0.183470 0.144271
vt 0.182332 0.159534
vt 0.180010 0.161192
vt 0.180588 0.144276
vt 0.571347 0.036407
vt 0.571288 0.021742
vt 0.573977 0.020877
vt 0.575256 0.036397
vt 0.571312 0.154717
vt 0.574726 0.155015
vt 0.189383 0.175226
vt 0.190521 0.159963
vt 0.192843 0.158305
vt 0.192265 0.175222
vt 0.586445 0.139486
vt 0.586503 0.154151
vt 0.583815 0.155015
vt 0.582535 0.139496
vt 0.586480 0.021176
vt 0.583065 0.020877
vt 0.688521 0.137256
vt 0.692430 0.137266
vt 0.691151 0.152786
vt 0.688462 0.151921
vt 0.688521 0.031696
vt 0.692430 0.031685
vt 0.688485 0.018946
vt 0.691900 0.018648
vt 0.069636 0.420870
vt 0.053695 0.420890
vt 0.055415 0.406225
vt 0.069071 0.404938
vt 0.069636 0.526471
vt 0.053695 0.526450
vt 0.088202 0.420869
vt 0.087645 0.404910
vt 0.069071 0.542402
vt 0.055415 0.541116
vt 0.088202 0.526471
vt 0.119570 0.420869
vt 0.119611 0.404910
vt 0.087645 0.542431
vt 0.119570 0.526471
vt 0.139501 0.420869
vt 0.139937 0.404910
vt 0.119611 0.542431
vt 0.139501 0.526471
vt 0.149466 0.420874
vt 0.149788 0.405135
vt 0.139937 0.542431
vt 0.149466 0.526466
vt 0.149788 0.542206
vt 0.154306 0.420880
vt 0.154306 0.526461
vt 0.173856 0.420869
vt 0.160543 0.420890
vt 0.162254 0.406225
vt 0.174476 0.404937
vt 0.173856 0.526470
vt 0.160543 0.526450
vt 0.192654 0.420868
vt 0.193211 0.404909
vt 0.174476 0.542402
vt 0.162254 0.541115
vt 0.192654 0.526471
vt 0.227649 0.420868
vt 0.227608 0.404909
vt 0.193211 0.542430
vt 0.227649 0.526471
vt 0.249973 0.420868
vt 0.249538 0.404909
vt 0.227608 0.542430
vt 0.249973 0.526471
vt 0.249538 0.542430
vt 0.340815 0.420869
vt 0.341379 0.404937
vt 0.355035 0.406223
vt 0.356756 0.420889
vt 0.322248 0.420868
vt 0.322805 0.404908
vt 0.340815 0.526470
vt 0.356756 0.526449
vt 0.290881 0.420868
vt 0.290839 0.404908
vt 0.322248 0.526470
vt 0.341379 0.542401
vt 0.355035 0.541114
vt 0.270949 0.420868
vt 0.270513 0.404908
vt 0.290881 0.526470
vt 0.322805 0.542429
vt 0.260984 0.420873
vt 0.260662 0.405134
vt 0.270949 0.526470
vt 0.290839 0.542429
vt 0.260984 0.526465
vt 0.270513 0.542429
vt 0.256144 0.526460
vt 0.256144 0.420879
vt 0.260662 0.542205
vt 0.511540 0.359754
vt 0.510921 0.343822
vt 0.523143 0.345110
vt 0.524854 0.359775
vt 0.492743 0.359753
vt 0.492186 0.343794
vt 0.511540 0.465356
vt 0.524854 0.465335
vt 0.457747 0.359753
vt 0.457788 0.343794
vt 0.492743 0.465356
vt 0.510921 0.481288
vt 0.523143 0.480000
vt 0.435423 0.359753
vt 0.435859 0.343794
vt 0.457747 0.465356
vt 0.492186 0.481316
vt 0.435423 0.465356
vt 0.457788 0.481316
vt 0.435859 0.481316
vt 0.546966 0.459781
vt 0.546401 0.475713
vt 0.532745 0.474427
vt 0.531024 0.459762
vt 0.565532 0.459782
vt 0.564975 0.475742
vt 0.546966 0.354180
vt 0.531024 0.354201
vt 0.596900 0.459782
vt 0.596941 0.475742
vt 0.565532 0.354180
vt 0.546401 0.338249
vt 0.532745 0.339536
vt 0.616831 0.459782
vt 0.617267 0.475742
vt 0.596900 0.354180
vt 0.564975 0.338221
vt 0.626796 0.459777
vt 0.627118 0.475516
vt 0.616831 0.354180
vt 0.596941 0.338221
vt 0.626796 0.354185
vt 0.617267 0.338221
vt 0.631636 0.354190
vt 0.631636 0.459771
vt 0.627118 0.338445
vt 0.651186 0.459781
vt 0.651806 0.475713
vt 0.639584 0.474426
vt 0.637873 0.459761
vt 0.669984 0.459782
vt 0.670541 0.475742
vt 0.651186 0.354180
vt 0.637873 0.354201
vt 0.704979 0.459782
vt 0.704938 0.475742
vt 0.669984 0.354179
vt 0.651806 0.338248
vt 0.639584 0.339535
vt 0.727303 0.459782
vt 0.726867 0.475742
vt 0.704979 0.354179
vt 0.670541 0.338220
vt 0.727303 0.354179
vt 0.704938 0.338220
vt 0.726867 0.338220
vt 0.818145 0.454125
vt 0.834086 0.454105
vt 0.832365 0.468770
vt 0.818709 0.470057
vt 0.818145 0.348524
vt 0.834086 0.348545
vt 0.799578 0.454126
vt 0.800135 0.470085
vt 0.818709 0.332593
vt 0.832365 0.333879
vt 0.799578 0.348524
vt 0.768211 0.454126
vt 0.768169 0.470085
vt 0.800135 0.332564
vt 0.768211 0.348524
vt 0.748279 0.454126
vt 0.747843 0.470085
vt 0.768169 0.332564
vt 0.748279 0.348524
vt 0.738314 0.454121
vt 0.737992 0.469860
vt 0.747843 0.332564
vt 0.738314 0.348529
vt 0.737992 0.332789
vt 0.733474 0.454115
vt 0.733474 0.348534
vt 0.916439 0.454126
vt 0.929753 0.454105
vt 0.928041 0.468770
vt 0.915820 0.470058
vt 0.916439 0.348524
vt 0.929753 0.348545
vt 0.897642 0.454126
vt 0.897085 0.470086
vt 0.915820 0.332592
vt 0.928041 0.333880
vt 0.897642 0.348524
vt 0.862646 0.454126
vt 0.862687 0.470086
vt 0.897085 0.332564
vt 0.862646 0.348524
vt 0.840322 0.454126
vt 0.840758 0.470086
vt 0.862687 0.332564
vt 0.840322 0.348524
vt 0.840758 0.332564
vt 0.165727 0.568402
vt 0.165727 0.775041
vt 0.081360 0.775041
vt 0.081360 0.568402
vt 0.170783 0.775042
vt 0.170783 0.568402
vt 0.255148 0.568402
vt 0.255148 0.775042
vt 0.678974 0.150749
vt 0.678974 0.018648
vt 0.682561 0.018648
vt 0.682561 0.150749
vt 0.678974 0.018648
vt 0.678974 0.150749
vt 0.953040 0.665376
vt 0.953040 0.533275
vt 0.956627 0.533275
vt 0.956627 0.665376
vt 0.956627 0.665376
vt 0.956627 0.533275
vt 0.651470 0.153231
vt 0.651470 0.021130
vt 0.655057 0.021130
vt 0.655057 0.153231
vt 0.651470 0.021130
vt 0.651470 0.153231
vt 0.934064 0.665376
vt 0.934064 0.533275
vt 0.937651 0.533275
vt 0.937651 0.665376
vt 0.937651 0.665376
vt 0.937651 0.533275
vt 0.943552 0.665376
vt 0.943552 0.533275
vt 0.947139 0.533275
vt 0.947139 0.665376
vt 0.943552 0.533275
vt 0.943552 0.665376
vt 0.617106 0.153231
vt 0.613519 0.153231
vt 0.613519 0.021130
vt 0.617106 0.021130
vt 0.613519 0.153231
vt 0.613519 0.021130
vt 0.395003 0.970472
vt 0.391947 0.970472
vt 0.391947 0.857942
vt 0.395003 0.857942
vt 0.395003 0.970472
vt 0.395003 0.857942
vt 0.882492 0.151732
vt 0.878905 0.151732
vt 0.878905 0.019631
vt 0.882492 0.019631
vt 0.878905 0.151732
vt 0.878905 0.019631
vt 0.378838 0.970472
vt 0.375782 0.970472
vt 0.375782 0.857942
vt 0.378838 0.857942
vt 0.378838 0.970472
vt 0.378838 0.857942
vt 0.370756 0.970472
vt 0.367700 0.970472
vt 0.367700 0.857942
vt 0.370756 0.857942
vt 0.367700 0.970472
vt 0.367700 0.857942
vt 0.362673 0.970472
vt 0.359618 0.970472
vt 0.359618 0.857942
vt 0.362673 0.857942
vt 0.362673 0.970472
vt 0.362673 0.857942
vt 0.840954 0.019631
vt 0.844541 0.019631
vt 0.844541 0.151732
vt 0.840954 0.151732
vt 0.840954 0.019631
vt 0.840954 0.151732
vt 0.320024 0.857942
vt 0.323080 0.857942
vt 0.323080 0.970472
vt 0.320024 0.970472
vt 0.323080 0.857942
vt 0.323080 0.970472
vt 0.813450 0.019631
vt 0.817037 0.019631
vt 0.817037 0.151732
vt 0.813450 0.151732
vt 0.813450 0.019631
vt 0.813450 0.151732
vt 0.303860 0.857942
vt 0.306915 0.857942
vt 0.306915 0.970472
vt 0.303860 0.970472
vt 0.306915 0.857942
vt 0.306915 0.970472
vt 0.311942 0.857942
vt 0.314998 0.857942
vt 0.314998 0.970472
vt 0.311942 0.970472
vt 0.311942 0.857942
vt 0.311942 0.970472
vt 0.779086 0.019631
vt 0.779086 0.151732
vt 0.775499 0.151732
vt 0.775499 0.019631
vt 0.775499 0.019631
vt 0.775499 0.151732
vt 0.290751 0.857942
vt 0.290751 0.970472
vt 0.288104 0.970472
vt 0.288104 0.857942
vt 0.751582 0.019631
vt 0.751582 0.151732
vt 0.747995 0.151732
vt 0.747995 0.019631
vt 0.747995 0.019631
vt 0.747995 0.151732
vt 0.267322 0.857942
vt 0.267322 0.970472
vt 0.264266 0.970472
vt 0.264266 0.857942
vt 0.267322 0.970472
vt 0.267322 0.857942
vt 0.259239 0.857942
vt 0.259239 0.970472
vt 0.256184 0.970472
vt 0.256184 0.857942
vt 0.256184 0.857942
vt 0.256184 0.970472
vt 0.981023 0.662894
vt 0.981023 0.530793
vt 0.984130 0.530793
vt 0.984130 0.662894
vt 0.343862 0.857942
vt 0.346508 0.857942
vt 0.346508 0.970472
vt 0.343862 0.970472
vn 0.847853 0.367152 -0.382552
vn 0.710438 0.545036 -0.445212
vn 0.802888 0.596130 -0.000009
vn 0.885769 0.381575 -0.264223
vn 0.848589 0.367668 0.380418
vn 0.710386 0.545122 0.445189
vn 0.567872 0.418330 0.708887
vn 0.782866 0.341564 0.520053
vn 0.033290 0.009843 0.999397
vn -0.288749 -0.207789 0.934584
vn -0.195408 -0.072328 0.978051
vn 0.059464 0.034333 0.997640
vn -0.890223 -0.360854 0.278006
vn -0.838209 -0.335974 0.429566
vn -0.732265 -0.495933 0.466731
vn -0.766266 -0.558391 0.317863
vn -0.890422 -0.360316 -0.278067
vn -0.890422 -0.360316 -0.278067
vn -0.766413 -0.558161 -0.317912
vn -0.732342 -0.495790 -0.466762
vn -0.288741 -0.207897 -0.934563
vn -0.553701 -0.218024 -0.803667
vn -0.656509 -0.259383 -0.708320
vn 0.331964 0.227973 -0.915330
vn 0.567886 0.418291 -0.708899
vn 0.701057 0.306540 -0.643857
vn 0.430789 0.191105 -0.881986
vn -0.574848 0.712220 -0.402855
vn -0.629785 0.776769 0.000000
vn -0.632505 0.774556 -0.000000
vn -0.558170 0.714692 -0.421500
vn -0.574847 0.712221 0.402855
vn -0.432824 0.543788 0.718998
vn -0.444099 0.551350 0.706250
vn -0.558170 0.714692 0.421500
vn 0.015253 -0.008782 0.999845
vn 0.255766 -0.299880 0.919051
vn 0.230996 -0.293647 0.927584
vn -0.019627 0.008587 0.999771
vn 0.092151 -0.915928 0.390619
vn 0.089419 -0.995994 -0.000000
vn -0.110603 -0.993865 0.000000
vn -0.127204 -0.900164 0.416561
vn 0.089419 -0.995994 -0.000000
vn 0.092151 -0.915929 -0.390618
vn -0.127205 -0.900165 -0.416560
vn -0.110603 -0.993865 0.000000
vn 0.037947 -0.372327 -0.927326
vn 0.001742 0.000278 -0.999999
vn -0.005802 0.004204 -0.999974
vn -0.052113 -0.356504 -0.932839
vn -0.089661 0.909421 0.406097
vn -0.069570 0.692737 0.717827
vn 0.083105 0.683188 0.725498
vn 0.110861 0.900997 0.419422
vn -0.089661 0.909421 -0.406098
vn -0.116894 0.993144 0.000000
vn 0.146431 0.989221 0.000000
vn 0.110862 0.900997 -0.419422
vn -0.033918 0.370672 -0.928144
vn -0.069570 0.692739 -0.717825
vn 0.083105 0.683188 -0.725498
vn 0.040302 0.363950 -0.930546
vn 0.611433 -0.718608 -0.331289
vn 0.555077 -0.692398 -0.460950
vn 0.581723 -0.687638 -0.434456
vn 0.636670 -0.771136 -0.000000
vn 0.001741 0.000278 0.999999
vn 0.037947 -0.372326 0.927326
vn -0.052111 -0.356502 0.932840
vn -0.005801 0.004205 0.999974
vn -0.000000 0.002998 -0.999996
vn -0.003882 -0.006179 -0.999973
vn 0.031821 -0.375014 -0.926473
vn 0.000000 -0.379472 -0.925203
vn 0.000000 -0.379469 0.925204
vn 0.031821 -0.375012 0.926474
vn -0.003881 -0.006181 0.999973
vn -0.000000 0.002997 0.999995
vn 0.000000 1.000000 -0.000000
vn -0.107639 0.994190 0.000000
vn -0.097398 0.915261 -0.390910
vn -0.000000 0.923513 -0.383568
vn 0.255766 -0.299878 -0.919052
vn 0.015254 -0.008781 -0.999845
vn -0.019627 0.008587 -0.999771
vn 0.230997 -0.293646 -0.927584
vn 0.555076 -0.692398 0.460951
vn 0.611430 -0.718610 0.331288
vn 0.636670 -0.771136 -0.000000
vn 0.581722 -0.687639 0.434456
vn -0.000000 0.706867 -0.707346
vn -0.071396 0.692543 -0.717835
vn -0.038055 0.366978 -0.929451
vn -0.000000 0.383825 -0.923406
vn -0.000000 0.706867 0.707347
vn -0.071395 0.692543 0.717835
vn -0.097398 0.915261 0.390911
vn -0.000000 0.923513 0.383568
vn -0.288741 -0.207897 -0.934563
vn 0.033292 0.009771 -0.999398
vn -0.195407 -0.072536 -0.978036
vn -0.342038 -0.131927 -0.930379
vn 0.031821 -0.375014 -0.926473
vn -0.003882 -0.006179 -0.999973
vn 0.000115 -0.006041 -0.999982
vn 0.121489 -0.342469 -0.931641
vn 0.121489 -0.342469 -0.931641
vn 0.000115 -0.006041 -0.999982
vn 0.015254 -0.008781 -0.999845
vn 0.255766 -0.299878 -0.919052
vn 0.224094 -0.638495 -0.736279
vn 0.555077 -0.692398 -0.460950
vn 0.403024 -0.739146 -0.539661
vn 0.403024 -0.739146 -0.539661
vn 0.555077 -0.692398 -0.460950
vn 0.611433 -0.718608 -0.331289
vn 0.452242 -0.825914 -0.336666
vn 0.452241 -0.825914 0.336665
vn 0.611430 -0.718610 0.331288
vn 0.555076 -0.692398 0.460951
vn 0.403025 -0.739144 0.539664
vn 0.440989 -0.540392 0.716593
vn 0.310136 -0.726437 0.613274
vn 0.403025 -0.739144 0.539664
vn -0.003881 -0.006181 0.999973
vn 0.031821 -0.375012 0.926474
vn 0.121489 -0.342469 0.931641
vn 0.000116 -0.006039 0.999982
vn 0.000116 -0.006039 0.999982
vn 0.121489 -0.342469 0.931641
vn 0.255766 -0.299880 0.919051
vn 0.015253 -0.008782 0.999845
vn -0.248934 0.301845 -0.920283
vn -0.444101 0.551348 -0.706250
vn -0.233722 0.645833 -0.726824
vn -0.123964 0.346499 -0.929823
vn -0.123964 0.346499 -0.929823
vn -0.233722 0.645833 -0.726824
vn -0.069570 0.692739 -0.717825
vn -0.033918 0.370672 -0.928144
vn -0.558170 0.714692 -0.421500
vn -0.632505 0.774556 -0.000000
vn -0.356987 0.934109 -0.000000
vn -0.301081 0.850056 -0.432152
vn -0.301081 0.850056 -0.432152
vn -0.356987 0.934109 -0.000000
vn -0.116894 0.993144 0.000000
vn -0.089661 0.909421 -0.406098
vn -0.558170 0.714692 0.421500
vn -0.444099 0.551350 0.706250
vn -0.233722 0.645833 0.726824
vn -0.301081 0.850056 0.432152
vn -0.301081 0.850056 0.432152
vn -0.233722 0.645833 0.726824
vn -0.069570 0.692737 0.717827
vn -0.089661 0.909421 0.406097
vn -0.097398 0.915261 0.390911
vn -0.071395 0.692543 0.717835
vn -0.230314 0.644292 0.729276
vn -0.312330 0.861432 0.400480
vn -0.312330 0.861432 0.400480
vn -0.230314 0.644292 0.729276
vn -0.432824 0.543788 0.718998
vn -0.574847 0.712221 0.402855
vn -0.019627 0.008587 0.999771
vn 0.230996 -0.293647 0.927584
vn 0.126102 -0.345753 0.929814
vn -0.003471 0.005725 0.999978
vn -0.003471 0.005725 0.999978
vn 0.126102 -0.345753 0.929814
vn 0.037947 -0.372326 0.927326
vn 0.001741 0.000278 0.999999
vn -0.097398 0.915261 -0.390910
vn -0.107639 0.994190 0.000000
vn -0.342828 0.939398 0.000000
vn -0.312329 0.861433 -0.400479
vn -0.312329 0.861433 -0.400479
vn -0.342828 0.939398 0.000000
vn -0.629785 0.776769 0.000000
vn -0.574848 0.712220 -0.402855
vn 0.581722 -0.687639 0.434456
vn 0.636670 -0.771136 -0.000000
vn 0.340984 -0.940069 0.000000
vn 0.322837 -0.852605 0.410904
vn 0.322837 -0.852605 0.410904
vn 0.340984 -0.940069 0.000000
vn 0.089419 -0.995994 -0.000000
vn 0.092151 -0.915928 0.390619
vn 0.636670 -0.771136 -0.000000
vn 0.581723 -0.687638 -0.434456
vn 0.322837 -0.852605 -0.410903
vn 0.340984 -0.940069 0.000000
vn 0.340984 -0.940069 0.000000
vn 0.322837 -0.852605 -0.410903
vn 0.092151 -0.915929 -0.390618
vn 0.089419 -0.995994 -0.000000
vn -0.038055 0.366978 -0.929451
vn -0.071396 0.692543 -0.717835
vn -0.230314 0.644293 -0.729275
vn -0.118513 0.334399 -0.934950
vn -0.118513 0.334399 -0.934950
vn -0.230314 0.644293 -0.729275
vn -0.432824 0.543788 -0.718997
vn -0.221139 0.284815 -0.932726
vn 0.230997 -0.293646 -0.927584
vn -0.019627 0.008587 -0.999771
vn -0.003470 0.005727 -0.999978
vn 0.126103 -0.345752 -0.929814
vn 0.126103 -0.345752 -0.929814
vn -0.003470 0.005727 -0.999978
vn 0.001742 0.000278 -0.999999
vn 0.037947 -0.372327 -0.927326
vn 0.040302 0.363950 -0.930546
vn 0.083105 0.683188 -0.725498
vn 0.303617 0.596323 -0.743112
vn 0.161538 0.316700 -0.934669
vn 0.161538 0.316700 -0.934669
vn 0.303617 0.596323 -0.743112
vn 0.567886 0.418291 -0.708899
vn 0.331964 0.227973 -0.915330
vn 0.110862 0.900997 -0.419422
vn 0.146431 0.989221 0.000000
vn 0.450120 0.831211 -0.326312
vn 0.395664 0.791631 -0.465586
vn 0.395664 0.791631 -0.465586
vn 0.450120 0.831211 -0.326312
vn 0.802888 0.596130 -0.000009
vn 0.710438 0.545036 -0.445212
vn 0.110861 0.900997 0.419422
vn 0.083105 0.683188 0.725498
vn 0.303617 0.596325 0.743110
vn 0.395664 0.791631 0.465586
vn 0.395664 0.791631 0.465586
vn 0.303617 0.596325 0.743110
vn 0.567872 0.418330 0.708887
vn 0.710386 0.545122 0.445189
vn -0.005801 0.004205 0.999974
vn -0.052111 -0.356502 0.932840
vn -0.164515 -0.298819 0.940022
vn 0.001018 0.009679 0.999953
vn 0.001018 0.009679 0.999953
vn -0.164515 -0.298819 0.940022
vn -0.288749 -0.207789 0.934584
vn 0.033290 0.009843 0.999397
vn -0.127204 -0.900164 0.416561
vn -0.110603 -0.993865 0.000000
vn -0.442958 -0.896542 0.000001
vn -0.422521 -0.768035 0.481246
vn -0.422521 -0.768035 0.481246
vn -0.442958 -0.896542 0.000001
vn -0.766266 -0.558391 0.317863
vn -0.732265 -0.495933 0.466731
vn -0.110603 -0.993865 0.000000
vn -0.127205 -0.900165 -0.416560
vn -0.422522 -0.768036 -0.481244
vn -0.442958 -0.896542 0.000001
vn -0.442958 -0.896542 0.000001
vn -0.422522 -0.768036 -0.481244
vn -0.732342 -0.495790 -0.466762
vn -0.766413 -0.558161 -0.317912
vn -0.052113 -0.356504 -0.932839
vn -0.005802 0.004204 -0.999974
vn 0.001019 0.009682 -0.999953
vn -0.164517 -0.298819 -0.940022
vn -0.164517 -0.298819 -0.940022
vn 0.001019 0.009682 -0.999953
vn 0.033292 0.009771 -0.999398
vn -0.288741 -0.207897 -0.934563
vn -0.221139 0.284815 -0.932726
vn -0.432824 0.543788 -0.718997
vn -0.444101 0.551348 -0.706250
vn -0.248934 0.301845 -0.920283
vn 0.000000 -1.000000 0.000000
vn 0.000000 -1.000000 0.000000
vn 0.000000 -1.000000 0.000000
vn 0.000000 -1.000000 0.000000
vn 0.000000 -1.000000 0.000000
vn 0.000000 -1.000000 0.000000
vn 0.000000 -1.000000 0.000000
vn -0.000000 -1.000000 0.000000
vn -0.000000 -1.000000 0.000000
vn 0.000000 -1.000000 0.000000
vn 0.000000 -1.000000 0.000000
vn -0.000000 -1.000000 0.000000
vn -0.000000 -1.000000 0.000000
vn 0.000000 -1.000000 0.000000
vn 0.000000 -1.000000 0.000000
vn -0.000000 -1.000000 0.000000
vn -0.000000 -1.000000 0.000000
vn -0.000000 -1.000000 0.000000
vn -0.000000 -1.000000 0.000000
vn -0.000000 -1.000000 0.000000
vn -0.000000 -1.000000 0.000000
vn -0.000000 -1.000000 0.000000
vn -0.000000 -1.000000 0.000000
vn -0.000000 -1.000000 0.000000
vn -0.000000 -1.000000 0.000000
vn -0.000000 -1.000000 0.000000
vn -0.000000 -1.000000 0.000000
vn -0.000000 -1.000000 0.000000
vn -0.847855 0.367153 -0.382545
vn -0.918320 0.395777 0.006947
vn -0.802888 0.596129 -0.000010
vn -0.710438 0.545037 -0.445209
vn -0.848590 0.367670 0.380414
vn -0.701213 0.306694 0.643614
vn -0.567874 0.418328 0.708887
vn -0.710387 0.545122 0.445188
vn -0.033290 0.009844 0.999397
vn -0.059463 0.034336 0.997640
vn 0.341129 -0.131334 0.930797
vn 0.288749 -0.207788 0.934585
vn 0.890222 -0.360853 0.278010
vn 0.766265 -0.558390 0.317866
vn 0.732266 -0.495933 0.466730
vn 0.838210 -0.335975 0.429563
vn 0.837042 -0.335105 -0.432511
vn 0.732343 -0.495789 -0.466763
vn 0.766411 -0.558161 -0.317916
vn 0.890420 -0.360318 -0.278071
vn 0.561487 -0.382134 -0.733966
vn 0.656510 -0.259382 -0.708319
vn 0.342038 -0.131926 -0.930379
vn -0.331962 0.227973 -0.915331
vn -0.553284 0.243147 -0.796716
vn -0.701058 0.306541 -0.643856
vn -0.567887 0.418293 -0.708898
vn 0.574847 0.712221 -0.402855
vn 0.558169 0.714692 -0.421500
vn 0.632506 0.774556 0.000000
vn 0.629785 0.776769 0.000000
vn 0.574847 0.712221 0.402855
vn 0.558170 0.714691 0.421501
vn 0.444099 0.551350 0.706250
vn 0.432824 0.543788 0.718998
vn -0.015253 -0.008783 0.999845
vn 0.019627 0.008585 0.999771
vn -0.230996 -0.293646 0.927585
vn -0.255766 -0.299880 0.919051
vn -0.092151 -0.915928 0.390620
vn 0.127204 -0.900164 0.416562
vn 0.110603 -0.993865 -0.000000
vn -0.089419 -0.995994 0.000001
vn -0.089419 -0.995994 0.000001
vn 0.110603 -0.993865 -0.000000
vn 0.127205 -0.900165 -0.416561
vn -0.092151 -0.915929 -0.390619
vn -0.037947 -0.372326 -0.927326
vn 0.052113 -0.356502 -0.932840
vn 0.005802 0.004207 -0.999974
vn -0.001742 0.000279 -0.999999
vn 0.089661 0.909421 0.406097
vn -0.110861 0.900997 0.419422
vn -0.083105 0.683188 0.725498
vn 0.069570 0.692737 0.717827
vn 0.089661 0.909420 -0.406099
vn -0.110861 0.900997 -0.419422
vn -0.146432 0.989221 -0.000000
vn 0.116894 0.993144 -0.000000
vn 0.033918 0.370669 -0.928145
vn -0.040302 0.363949 -0.930547
vn -0.083105 0.683188 -0.725498
vn 0.069570 0.692737 -0.717827
vn -0.611432 -0.718610 -0.331287
vn -0.636671 -0.771136 -0.000000
vn -0.581723 -0.687639 -0.434454
vn -0.555076 -0.692400 -0.460948
vn -0.001741 0.000279 0.999999
vn 0.005801 0.004209 0.999974
vn 0.052111 -0.356503 0.932840
vn -0.037947 -0.372329 0.927325
vn -0.255766 -0.299879 -0.919052
vn -0.230996 -0.293649 -0.927583
vn 0.019627 0.008586 -0.999771
vn -0.015254 -0.008782 -0.999845
vn -0.555078 -0.692397 0.460951
vn -0.581722 -0.687640 0.434455
vn -0.636671 -0.771136 -0.000000
vn -0.611434 -0.718607 0.331289
vn 0.288741 -0.207898 -0.934563
vn 0.342038 -0.131926 -0.930379
vn -0.058762 0.033882 -0.997697
vn -0.033293 0.009771 -0.999398
vn -0.031821 -0.375016 -0.926472
vn -0.121489 -0.342470 -0.931641
vn -0.000115 -0.006041 -0.999982
vn 0.003882 -0.006183 -0.999973
vn -0.121489 -0.342470 -0.931641
vn -0.255766 -0.299879 -0.919052
vn -0.015254 -0.008782 -0.999845
vn -0.000115 -0.006041 -0.999982
vn -0.310132 -0.726444 -0.613267
vn -0.403023 -0.739149 -0.539659
vn -0.440987 -0.540393 -0.716593
vn -0.403023 -0.739149 -0.539659
vn -0.452241 -0.825914 -0.336665
vn -0.611432 -0.718610 -0.331287
vn -0.555076 -0.692400 -0.460948
vn -0.452247 -0.825910 0.336669
vn -0.403026 -0.739144 0.539663
vn -0.555078 -0.692397 0.460951
vn -0.611434 -0.718607 0.331289
vn -0.555078 -0.692397 0.460951
vn -0.403026 -0.739144 0.539663
vn -0.224097 -0.638494 0.736279
vn 0.003881 -0.006180 0.999973
vn -0.000116 -0.006040 0.999982
vn -0.121489 -0.342471 0.931640
vn -0.031821 -0.375012 0.926473
vn -0.000116 -0.006040 0.999982
vn -0.015253 -0.008783 0.999845
vn -0.255766 -0.299880 0.919051
vn -0.121489 -0.342471 0.931640
vn 0.248933 0.301847 -0.920283
vn 0.123964 0.346498 -0.929824
vn 0.233722 0.645833 -0.726824
vn 0.444100 0.551351 -0.706248
vn 0.123964 0.346498 -0.929824
vn 0.033918 0.370669 -0.928145
vn 0.069570 0.692737 -0.717827
vn 0.233722 0.645833 -0.726824
vn 0.558169 0.714692 -0.421500
vn 0.301081 0.850055 -0.432153
vn 0.356987 0.934109 0.000000
vn 0.632506 0.774556 0.000000
vn 0.301081 0.850055 -0.432153
vn 0.089661 0.909420 -0.406099
vn 0.116894 0.993144 -0.000000
vn 0.356987 0.934109 0.000000
vn 0.558170 0.714691 0.421501
vn 0.301081 0.850056 0.432152
vn 0.233721 0.645834 0.726824
vn 0.444099 0.551350 0.706250
vn 0.301081 0.850056 0.432152
vn 0.089661 0.909421 0.406097
vn 0.069570 0.692737 0.717827
vn 0.233721 0.645834 0.726824
vn 0.097397 0.915262 0.390909
vn 0.312329 0.861434 0.400478
vn 0.230314 0.644292 0.729276
vn 0.071395 0.692543 0.717835
vn 0.312329 0.861434 0.400478
vn 0.574847 0.712221 0.402855
vn 0.432824 0.543788 0.718998
vn 0.230314 0.644292 0.729276
vn 0.019627 0.008585 0.999771
vn 0.003471 0.005725 0.999978
vn -0.126102 -0.345754 0.929813
vn -0.230996 -0.293646 0.927585
vn 0.003471 0.005725 0.999978
vn -0.001741 0.000279 0.999999
vn -0.037947 -0.372329 0.927325
vn -0.126102 -0.345754 0.929813
vn 0.097398 0.915261 -0.390911
vn 0.312329 0.861433 -0.400480
vn 0.342827 0.939398 -0.000000
vn 0.107638 0.994190 -0.000001
vn 0.312329 0.861433 -0.400480
vn 0.574847 0.712221 -0.402855
vn 0.629785 0.776769 0.000000
vn 0.342827 0.939398 -0.000000
vn -0.581722 -0.687640 0.434455
vn -0.322837 -0.852604 0.410904
vn -0.340984 -0.940069 0.000000
vn -0.636671 -0.771136 -0.000000
vn -0.322837 -0.852604 0.410904
vn -0.092151 -0.915928 0.390620
vn -0.089419 -0.995994 0.000001
vn -0.340984 -0.940069 0.000000
vn -0.636671 -0.771136 -0.000000
vn -0.340984 -0.940069 0.000000
vn -0.322838 -0.852604 -0.410904
vn -0.581723 -0.687639 -0.434454
vn -0.340984 -0.940069 0.000000
vn -0.089419 -0.995994 0.000001
vn -0.092151 -0.915929 -0.390619
vn -0.322838 -0.852604 -0.410904
vn 0.038055 0.366977 -0.929451
vn 0.118513 0.334401 -0.934950
vn 0.230314 0.644293 -0.729275
vn 0.071396 0.692544 -0.717834
vn 0.118513 0.334401 -0.934950
vn 0.221139 0.284815 -0.932726
vn 0.432824 0.543789 -0.718997
vn 0.230314 0.644293 -0.729275
vn -0.230996 -0.293649 -0.927583
vn -0.126102 -0.345753 -0.929814
vn 0.003470 0.005725 -0.999978
vn 0.019627 0.008586 -0.999771
vn -0.126102 -0.345753 -0.929814
vn -0.037947 -0.372326 -0.927326
vn -0.001742 0.000279 -0.999999
vn 0.003470 0.005725 -0.999978
vn -0.040302 0.363949 -0.930547
vn -0.161539 0.316701 -0.934669
vn -0.303617 0.596324 -0.743111
vn -0.083105 0.683188 -0.725498
vn -0.161539 0.316701 -0.934669
vn -0.331962 0.227973 -0.915331
vn -0.567887 0.418293 -0.708898
vn -0.303617 0.596324 -0.743111
vn -0.110861 0.900997 -0.419422
vn -0.395663 0.791632 -0.465585
vn -0.450121 0.831211 -0.326313
vn -0.146432 0.989221 -0.000000
vn -0.395663 0.791632 -0.465585
vn -0.710438 0.545037 -0.445209
vn -0.802888 0.596129 -0.000010
vn -0.450121 0.831211 -0.326313
vn -0.110861 0.900997 0.419422
vn -0.395664 0.791630 0.465587
vn -0.303617 0.596323 0.743112
vn -0.083105 0.683188 0.725498
vn -0.395664 0.791630 0.465587
vn -0.710387 0.545122 0.445188
vn -0.567874 0.418328 0.708887
vn -0.303617 0.596323 0.743112
vn 0.005801 0.004209 0.999974
vn -0.001018 0.009681 0.999953
vn 0.164516 -0.298819 0.940022
vn 0.052111 -0.356503 0.932840
vn -0.001018 0.009681 0.999953
vn -0.033290 0.009844 0.999397
vn 0.288749 -0.207788 0.934585
vn 0.164516 -0.298819 0.940022
vn 0.127204 -0.900164 0.416562
vn 0.422521 -0.768035 0.481246
vn 0.442958 -0.896542 -0.000001
vn 0.110603 -0.993865 -0.000000
vn 0.422521 -0.768035 0.481246
vn 0.732266 -0.495933 0.466730
vn 0.766265 -0.558390 0.317866
vn 0.442958 -0.896542 -0.000001
vn 0.110603 -0.993865 -0.000000
vn 0.442958 -0.896542 -0.000001
vn 0.422523 -0.768035 -0.481245
vn 0.127205 -0.900165 -0.416561
vn 0.442958 -0.896542 -0.000001
vn 0.766411 -0.558161 -0.317916
vn 0.732343 -0.495789 -0.466763
vn 0.422523 -0.768035 -0.481245
vn 0.052113 -0.356502 -0.932840
vn 0.164517 -0.298820 -0.940022
vn -0.001019 0.009683 -0.999953
vn 0.005802 0.004207 -0.999974
vn 0.164517 -0.298820 -0.940022
vn 0.288741 -0.207898 -0.934563
vn -0.033293 0.009771 -0.999398
vn -0.001019 0.009683 -0.999953
vn 0.221139 0.284815 -0.932726
vn 0.248933 0.301847 -0.920283
vn 0.444100 0.551351 -0.706248
vn 0.432824 0.543789 -0.718997
vn -0.000000 -1.000000 0.000000
vn 0.000000 -1.000000 0.000000
vn -0.000000 -1.000000 0.000000
vn 0.000000 -1.000000 0.000000
vn -0.000000 -1.000000 0.000000
vn -0.000000 -1.000000 0.000000
vn 0.000000 -1.000000 0.000000
vn 0.000000 -1.000000 0.000000
vn -0.000000 -1.000000 0.000000
vn -0.000000 -1.000000 0.000000
vn 0.000000 -1.000000 0.000000
vn 0.000000 -1.000000 0.000000
vn 0.000000 -1.000000 0.000000
vn 0.000000 -1.000000 0.000000
vn 0.000000 -1.000000 0.000000
vn 0.000000 -1.000000 0.000000
vn 0.000000 -1.000000 0.000000
vn 0.000000 -1.000000 0.000000
vn 0.000000 -1.000000 0.000000
vn 0.000000 -1.000000 0.000000
vn 0.000000 -1.000000 0.000000
vn 0.000000 -1.000000 0.000000
vn 0.000000 -1.000000 0.000000
vn 0.000000 -1.000000 0.000000
vn 0.000000 -1.000000 0.000000
vn 0.847853 0.367153 0.382550
vn 0.918320 0.395778 -0.006953
vn 0.802887 0.596131 0.000010
vn 0.710438 0.545037 0.445211
vn 0.848588 0.367668 -0.380419
vn 0.701213 0.306694 -0.643614
vn 0.567874 0.418328 -0.708887
vn 0.710386 0.545122 -0.445190
vn 0.033291 0.009845 -0.999397
vn 0.059464 0.034335 -0.997640
vn -0.341129 -0.131334 -0.930797
vn -0.288749 -0.207787 -0.934585
vn -0.890224 -0.360854 -0.278002
vn -0.766266 -0.558392 -0.317860
vn -0.732266 -0.495933 -0.466730
vn -0.838210 -0.335974 -0.429564
vn -0.837041 -0.335106 0.432513
vn -0.732341 -0.495791 0.466763
vn -0.766411 -0.558163 0.317911
vn -0.890421 -0.360319 0.278067
vn -0.561486 -0.382132 0.733968
vn -0.656510 -0.259382 0.708319
vn -0.342039 -0.131927 0.930379
vn 0.331963 0.227973 0.915330
vn 0.553286 0.243148 0.796714
vn 0.701058 0.306541 0.643856
vn 0.567886 0.418292 0.708898
vn -0.574847 0.712222 0.402855
vn -0.558169 0.714692 0.421500
vn -0.632504 0.774557 0.000000
vn -0.629784 0.776770 -0.000000
vn -0.574847 0.712220 -0.402856
vn -0.558169 0.714692 -0.421500
vn -0.444100 0.551349 -0.706251
vn -0.432823 0.543788 -0.718998
vn 0.015254 -0.008783 -0.999845
vn -0.019628 0.008589 -0.999770
vn 0.230997 -0.293647 -0.927584
vn 0.255767 -0.299879 -0.919052
vn 0.092151 -0.915928 -0.390620
vn -0.127205 -0.900164 -0.416561
vn -0.110604 -0.993865 -0.000001
vn 0.089419 -0.995994 -0.000001
vn 0.089419 -0.995994 -0.000001
vn -0.110604 -0.993865 -0.000001
vn -0.127206 -0.900165 0.416559
vn 0.092150 -0.915929 0.390619
vn 0.037947 -0.372328 0.927325
vn -0.052112 -0.356503 0.932840
vn -0.005802 0.004206 0.999974
vn 0.001743 0.000279 0.999999
vn -0.089662 0.909421 -0.406097
vn 0.110862 0.900996 -0.419422
vn 0.083105 0.683189 -0.725497
vn -0.069570 0.692739 -0.717825
vn -0.089662 0.909420 0.406097
vn 0.110862 0.900997 0.419422
vn 0.146431 0.989221 0.000000
vn -0.116897 0.993144 -0.000000
vn -0.033918 0.370671 0.928145
vn 0.040301 0.363949 0.930547
vn 0.083105 0.683190 0.725496
vn -0.069570 0.692739 0.717825
vn 0.611433 -0.718607 0.331290
vn 0.636671 -0.771136 -0.000000
vn 0.581722 -0.687639 0.434456
vn 0.555077 -0.692397 0.460951
vn 0.001742 0.000281 -0.999999
vn -0.005801 0.004206 -0.999974
vn -0.052112 -0.356504 -0.932839
vn 0.037947 -0.372326 -0.927326
vn 0.255767 -0.299880 0.919051
vn 0.230997 -0.293648 0.927583
vn -0.019628 0.008584 0.999771
vn 0.015254 -0.008786 0.999845
vn 0.555076 -0.692399 -0.460949
vn 0.581722 -0.687639 -0.434455
vn 0.636671 -0.771136 -0.000000
vn 0.611432 -0.718608 -0.331290
vn -0.288741 -0.207898 0.934563
vn -0.342039 -0.131927 0.930379
vn 0.058762 0.033883 0.997697
vn 0.033293 0.009771 0.999398
vn 0.031821 -0.375014 0.926473
vn 0.121489 -0.342471 0.931641
vn 0.000116 -0.006044 0.999982
vn -0.003883 -0.006184 0.999973
vn 0.121489 -0.342471 0.931641
vn 0.255767 -0.299880 0.919051
vn 0.015254 -0.008786 0.999845
vn 0.000116 -0.006044 0.999982
vn 0.310135 -0.726440 0.613272
vn 0.403025 -0.739145 0.539662
vn 0.440988 -0.540391 0.716594
vn 0.403025 -0.739145 0.539662
vn 0.452245 -0.825911 0.336668
vn 0.611433 -0.718607 0.331290
vn 0.555077 -0.692397 0.460951
vn 0.452244 -0.825912 -0.336667
vn 0.403024 -0.739148 -0.539659
vn 0.555076 -0.692399 -0.460949
vn 0.611432 -0.718608 -0.331290
vn 0.555076 -0.692399 -0.460949
vn 0.403024 -0.739148 -0.539659
vn 0.224096 -0.638492 -0.736281
vn -0.003881 -0.006182 -0.999973
vn 0.000117 -0.006041 -0.999982
vn 0.121490 -0.342470 -0.931641
vn 0.031822 -0.375013 -0.926473
vn 0.000117 -0.006041 -0.999982
vn 0.015254 -0.008783 -0.999845
vn 0.255767 -0.299879 -0.919052
vn 0.121490 -0.342470 -0.931641
vn -0.248935 0.301844 0.920283
vn -0.123964 0.346498 0.929824
vn -0.233722 0.645834 0.726824
vn -0.444100 0.551350 0.706249
vn -0.123964 0.346498 0.929824
vn -0.033918 0.370671 0.928145
vn -0.069570 0.692739 0.717825
vn -0.233722 0.645834 0.726824
vn -0.558169 0.714692 0.421500
vn -0.301082 0.850056 0.432152
vn -0.356988 0.934109 0.000000
vn -0.632504 0.774557 0.000000
vn -0.301082 0.850056 0.432152
vn -0.089662 0.909420 0.406097
vn -0.116897 0.993144 -0.000000
vn -0.356988 0.934109 0.000000
vn -0.558169 0.714692 -0.421500
vn -0.301081 0.850056 -0.432151
vn -0.233722 0.645833 -0.726824
vn -0.444100 0.551349 -0.706251
vn -0.301081 0.850056 -0.432151
vn -0.089662 0.909421 -0.406097
vn -0.069570 0.692739 -0.717825
vn -0.233722 0.645833 -0.726824
vn -0.097398 0.915261 -0.390910
vn -0.312329 0.861432 -0.400481
vn -0.230314 0.644293 -0.729275
vn -0.071395 0.692544 -0.717833
vn -0.312329 0.861432 -0.400481
vn -0.574847 0.712220 -0.402856
vn -0.432823 0.543788 -0.718998
vn -0.230314 0.644293 -0.729275
vn -0.019628 0.008589 -0.999770
vn -0.003470 0.005729 -0.999978
vn 0.126102 -0.345752 -0.929814
vn 0.230997 -0.293647 -0.927584
vn -0.003470 0.005729 -0.999978
vn 0.001742 0.000281 -0.999999
vn 0.037947 -0.372326 -0.927326
vn 0.126102 -0.345752 -0.929814
vn -0.097398 0.915261 0.390910
vn -0.312329 0.861433 0.400480
vn -0.342828 0.939398 0.000000
vn -0.107639 0.994190 -0.000000
vn -0.312329 0.861433 0.400480
vn -0.574847 0.712222 0.402855
vn -0.629784 0.776770 -0.000000
vn -0.342828 0.939398 0.000000
vn 0.581722 -0.687639 -0.434455
vn 0.322837 -0.852604 -0.410904
vn 0.340985 -0.940069 -0.000000
vn 0.636671 -0.771136 -0.000000
vn 0.322837 -0.852604 -0.410904
vn 0.092151 -0.915928 -0.390620
vn 0.089419 -0.995994 -0.000001
vn 0.340985 -0.940069 -0.000000
vn 0.636671 -0.771136 -0.000000
vn 0.340985 -0.940069 -0.000000
vn 0.322836 -0.852604 0.410904
vn 0.581722 -0.687639 0.434456
vn 0.340985 -0.940069 -0.000000
vn 0.089419 -0.995994 -0.000001
vn 0.092150 -0.915929 0.390619
vn 0.322836 -0.852604 0.410904
vn -0.038057 0.366975 0.929452
vn -0.118513 0.334399 0.934950
vn -0.230314 0.644293 0.729275
vn -0.071396 0.692544 0.717834
vn -0.118513 0.334399 0.934950
vn -0.221139 0.284815 0.932726
vn -0.432823 0.543789 0.718998
vn -0.230314 0.644293 0.729275
vn 0.230997 -0.293648 0.927583
vn 0.126102 -0.345755 0.929813
vn -0.003470 0.005723 0.999978
vn -0.019628 0.008584 0.999771
vn 0.126102 -0.345755 0.929813
vn 0.037947 -0.372328 0.927325
vn 0.001743 0.000279 0.999999
vn -0.003470 0.005723 0.999978
vn 0.040301 0.363949 0.930547
vn 0.161538 0.316702 0.934669
vn 0.303617 0.596324 0.743111
vn 0.083105 0.683190 0.725496
vn 0.161538 0.316702 0.934669
vn 0.331963 0.227973 0.915330
vn 0.567886 0.418292 0.708898
vn 0.303617 0.596324 0.743111
vn 0.110862 0.900997 0.419422
vn 0.395664 0.791631 0.465586
vn 0.450120 0.831211 0.326313
vn 0.146431 0.989221 0.000000
vn 0.395664 0.791631 0.465586
vn 0.710438 0.545037 0.445211
vn 0.802887 0.596131 0.000010
vn 0.450120 0.831211 0.326313
vn 0.110862 0.900996 -0.419422
vn 0.395663 0.791631 -0.465586
vn 0.303618 0.596323 -0.743112
vn 0.083105 0.683189 -0.725497
vn 0.395663 0.791631 -0.465586
vn 0.710386 0.545122 -0.445190
vn 0.567874 0.418328 -0.708887
vn 0.303618 0.596323 -0.743112
vn -0.005801 0.004206 -0.999974
vn 0.001019 0.009681 -0.999953
vn -0.164517 -0.298820 -0.940022
vn -0.052112 -0.356504 -0.932839
vn 0.001019 0.009681 -0.999953
vn 0.033291 0.009845 -0.999397
vn -0.288749 -0.207787 -0.934585
vn -0.164517 -0.298820 -0.940022
vn -0.127205 -0.900164 -0.416561
vn -0.422522 -0.768035 -0.481247
vn -0.442958 -0.896542 -0.000001
vn -0.110604 -0.993865 -0.000001
vn -0.422522 -0.768035 -0.481247
vn -0.732266 -0.495933 -0.466730
vn -0.766266 -0.558392 -0.317860
vn -0.442958 -0.896542 -0.000001
vn -0.110604 -0.993865 -0.000001
vn -0.442958 -0.896542 -0.000001
vn -0.422522 -0.768036 0.481245
vn -0.127206 -0.900165 0.416559
vn -0.442958 -0.896542 -0.000001
vn -0.766411 -0.558163 0.317911
vn -0.732341 -0.495791 0.466763
vn -0.422522 -0.768036 0.481245
vn -0.052112 -0.356503 0.932840
vn -0.164517 -0.298820 0.940022
vn 0.001019 0.009680 0.999953
vn -0.005802 0.004206 0.999974
vn -0.164517 -0.298820 0.940022
vn -0.288741 -0.207898 0.934563
vn 0.033293 0.009771 0.999398
vn 0.001019 0.009680 0.999953
vn -0.221139 0.284815 0.932726
vn -0.248935 0.301844 0.920283
vn -0.444100 0.551350 0.706249
vn -0.432823 0.543789 0.718998
vn 0.000000 -1.000000 -0.000000
vn 0.000000 -1.000000 -0.000000
vn 0.000000 -1.000000 -0.000000
vn 0.000000 -1.000000 -0.000000
vn 0.000000 -1.000000 -0.000000
vn -0.000000 -1.000000 -0.000000
vn 0.000000 -1.000000 -0.000000
vn 0.000000 -1.000000 -0.000000
vn 0.000000 -1.000000 0.000000
vn 0.000000 -1.000000 0.000000
vn 0.000000 -1.000000 0.000000
vn 0.000000 -1.000000 -0.000000
vn 0.000000 -1.000000 0.000000
vn 0.000000 -1.000000 0.000000
vn 0.000000 -1.000000 -0.000000
vn -0.000000 -1.000000 -0.000000
vn -0.000000 -1.000000 -0.000000
vn -0.000000 -1.000000 -0.000000
vn -0.000000 -1.000000 -0.000000
vn -0.000000 -1.000000 -0.000000
vn -0.000000 -1.000000 -0.000000
vn -0.000000 -1.000000 -0.000000
vn -0.000000 -1.000000 -0.000000
vn -0.000000 -1.000000 -0.000000
vn -0.000000 -1.000000 -0.000000
vn -0.000000 -1.000000 -0.000000
vn -0.000000 -1.000000 -0.000000
vn -0.847854 0.367153 0.382547
vn -0.710437 0.545038 0.445211
vn -0.802887 0.596132 0.000009
vn -0.885769 0.381577 0.264222
vn -0.848589 0.367669 -0.380417
vn -0.710386 0.545122 -0.445189
vn -0.567874 0.418329 -0.708887
vn -0.782869 0.341566 -0.520047
vn -0.033291 0.009843 -0.999397
vn 0.288749 -0.207788 -0.934584
vn 0.195413 -0.072327 -0.978050
vn -0.059462 0.034334 -0.997640
vn 0.890223 -0.360853 -0.278006
vn 0.838211 -0.335974 -0.429561
vn 0.732267 -0.495933 -0.466729
vn 0.766265 -0.558391 -0.317863
vn 0.890421 -0.360319 0.278067
vn 0.890421 -0.360319 0.278067
vn 0.766412 -0.558162 0.317912
vn 0.732342 -0.495791 0.466762
vn 0.288741 -0.207898 0.934563
vn 0.553702 -0.218023 0.803667
vn 0.656511 -0.259383 0.708318
vn -0.331962 0.227973 0.915330
vn -0.567886 0.418291 0.708899
vn -0.701058 0.306541 0.643855
vn -0.430786 0.191105 0.881988
vn 0.574847 0.712221 0.402855
vn 0.629784 0.776770 0.000000
vn 0.632504 0.774557 0.000000
vn 0.558168 0.714692 0.421501
vn 0.574847 0.712221 -0.402854
vn 0.432824 0.543789 -0.718997
vn 0.444101 0.551349 -0.706249
vn 0.558169 0.714692 -0.421500
vn -0.015253 -0.008783 -0.999845
vn -0.255766 -0.299879 -0.919052
vn -0.230996 -0.293648 -0.927584
vn 0.019628 0.008588 -0.999770
vn -0.092151 -0.915928 -0.390619
vn -0.089419 -0.995994 -0.000000
vn 0.110604 -0.993865 -0.000001
vn 0.127205 -0.900164 -0.416561
vn -0.089419 -0.995994 -0.000000
vn -0.092151 -0.915928 0.390619
vn 0.127205 -0.900165 0.416560
vn 0.110604 -0.993865 -0.000001
vn -0.037947 -0.372327 0.927325
vn -0.001743 0.000280 0.999999
vn 0.005801 0.004207 0.999974
vn 0.052112 -0.356503 0.932840
vn 0.089662 0.909421 -0.406097
vn 0.069570 0.692739 -0.717825
vn -0.083105 0.683189 -0.725497
vn -0.110861 0.900996 -0.419423
vn 0.089663 0.909420 0.406098
vn 0.116896 0.993144 -0.000000
vn -0.146432 0.989221 0.000001
vn -0.110862 0.900996 0.419422
vn 0.033918 0.370672 0.928144
vn 0.069570 0.692739 0.717825
vn -0.083105 0.683189 0.725497
vn -0.040302 0.363950 0.930546
vn -0.611434 -0.718608 0.331288
vn -0.555077 -0.692398 0.460949
vn -0.581723 -0.687639 0.434454
vn -0.636672 -0.771135 0.000000
vn -0.001742 0.000281 -0.999999
vn -0.037947 -0.372327 -0.927326
vn 0.052112 -0.356504 -0.932839
vn 0.005802 0.004205 -0.999974
vn -0.000000 0.002994 0.999995
vn 0.003882 -0.006183 0.999973
vn -0.031822 -0.375015 0.926473
vn -0.000000 -0.379471 0.925204
vn 0.000000 -0.379470 -0.925204
vn -0.031822 -0.375013 -0.926473
vn 0.003882 -0.006182 -0.999973
vn 0.000000 0.002993 -0.999996
vn -0.000000 1.000000 -0.000000
vn 0.107639 0.994190 0.000000
vn 0.097398 0.915261 0.390910
vn 0.000000 0.923513 0.383568
vn -0.255767 -0.299879 0.919051
vn -0.015255 -0.008784 0.999845
vn 0.019627 0.008584 0.999771
vn -0.230998 -0.293648 0.927583
vn -0.555076 -0.692398 -0.460950
vn -0.611433 -0.718609 -0.331288
vn -0.636672 -0.771135 0.000000
vn -0.581722 -0.687639 -0.434456
vn 0.000000 0.706868 0.707345
vn 0.071396 0.692544 0.717834
vn 0.038056 0.366977 0.929451
vn -0.000000 0.383825 0.923406
vn -0.000000 0.706868 -0.707345
vn 0.071395 0.692545 -0.717833
vn 0.097398 0.915261 -0.390910
vn 0.000000 0.923513 -0.383568
vn 0.288741 -0.207898 0.934563
vn -0.033293 0.009771 0.999398
vn 0.195407 -0.072537 0.978036
vn 0.342039 -0.131927 0.930379
vn -0.031822 -0.375015 0.926473
vn 0.003882 -0.006183 0.999973
vn -0.000117 -0.006043 0.999982
vn -0.121490 -0.342471 0.931640
vn -0.121490 -0.342471 0.931640
vn -0.000117 -0.006043 0.999982
vn -0.015255 -0.008784 0.999845
vn -0.255767 -0.299879 0.919051
vn -0.224096 -0.638491 0.736281
vn -0.555077 -0.692398 0.460949
vn -0.403026 -0.739146 0.539661
vn -0.403026 -0.739146 0.539661
vn -0.555077 -0.692398 0.460949
vn -0.611434 -0.718608 0.331288
vn -0.452245 -0.825911 0.336667
vn -0.452245 -0.825912 -0.336667
vn -0.611433 -0.718609 -0.331288
vn -0.555076 -0.692398 -0.460950
vn -0.403024 -0.739146 -0.539661
vn -0.440987 -0.540391 -0.716594
vn -0.310133 -0.726441 -0.613271
vn -0.403024 -0.739146 -0.539661
vn 0.003882 -0.006182 -0.999973
vn -0.031822 -0.375013 -0.926473
vn -0.121489 -0.342470 -0.931641
vn -0.000115 -0.006041 -0.999982
vn -0.000115 -0.006041 -0.999982
vn -0.121489 -0.342470 -0.931641
vn -0.255766 -0.299879 -0.919052
vn -0.015253 -0.008783 -0.999845
vn 0.248934 0.301846 0.920283
vn 0.444100 0.551349 0.706250
vn 0.233723 0.645834 0.726824
vn 0.123964 0.346500 0.929823
vn 0.123964 0.346500 0.929823
vn 0.233723 0.645834 0.726824
vn 0.069570 0.692739 0.717825
vn 0.033918 0.370672 0.928144
vn 0.558168 0.714692 0.421501
vn 0.632504 0.774557 0.000000
vn 0.356988 0.934109 0.000000
vn 0.301082 0.850056 0.432152
vn 0.301082 0.850056 0.432152
vn 0.356988 0.934109 0.000000
vn 0.116896 0.993144 -0.000000
vn 0.089663 0.909420 0.406098
vn 0.558169 0.714692 -0.421500
vn 0.444101 0.551349 -0.706249
vn 0.233722 0.645833 -0.726824
vn 0.301082 0.850056 -0.432151
vn 0.301082 0.850056 -0.432151
vn 0.233722 0.645833 -0.726824
vn 0.069570 0.692739 -0.717825
vn 0.089662 0.909421 -0.406097
vn 0.097398 0.915261 -0.390910
vn 0.071395 0.692545 -0.717833
vn 0.230314 0.644294 -0.729274
vn 0.312329 0.861433 -0.400479
vn 0.312329 0.861433 -0.400479
vn 0.230314 0.644294 -0.729274
vn 0.432824 0.543789 -0.718997
vn 0.574847 0.712221 -0.402854
vn 0.019628 0.008588 -0.999770
vn -0.230996 -0.293648 -0.927584
vn -0.126103 -0.345754 -0.929813
vn 0.003470 0.005729 -0.999978
vn 0.003470 0.005729 -0.999978
vn -0.126103 -0.345754 -0.929813
vn -0.037947 -0.372327 -0.927326
vn -0.001742 0.000281 -0.999999
vn 0.097398 0.915261 0.390910
vn 0.107639 0.994190 0.000000
vn 0.342828 0.939398 0.000000
vn 0.312329 0.861433 0.400479
vn 0.312329 0.861433 0.400479
vn 0.342828 0.939398 0.000000
vn 0.629784 0.776770 0.000000
vn 0.574847 0.712221 0.402855
vn -0.581722 -0.687639 -0.434456
vn -0.636672 -0.771135 0.000000
vn -0.340985 -0.940069 0.000000
vn -0.322837 -0.852604 -0.410905
vn -0.322837 -0.852604 -0.410905
vn -0.340985 -0.940069 0.000000
vn -0.089419 -0.995994 -0.000000
vn -0.092151 -0.915928 -0.390619
vn -0.636672 -0.771135 0.000000
vn -0.581723 -0.687639 0.434454
vn -0.322838 -0.852604 0.410904
vn -0.340985 -0.940069 0.000000
vn -0.340985 -0.940069 0.000000
vn -0.322838 -0.852604 0.410904
vn -0.092151 -0.915928 0.390619
vn -0.089419 -0.995994 -0.000000
vn 0.038056 0.366977 0.929451
vn 0.071396 0.692544 0.717834
vn 0.230314 0.644292 0.729276
vn 0.118512 0.334399 0.934950
vn 0.118512 0.334399 0.934950
vn 0.230314 0.644292 0.729276
vn 0.432823 0.543788 0.718999
vn 0.221138 0.284815 0.932726
vn -0.230998 -0.293648 0.927583
vn 0.019627 0.008584 0.999771
vn 0.003470 0.005725 0.999978
vn -0.126103 -0.345755 0.929813
vn -0.126103 -0.345755 0.929813
vn 0.003470 0.005725 0.999978
vn -0.001743 0.000280 0.999999
vn -0.037947 -0.372327 0.927325
vn -0.040302 0.363950 0.930546
vn -0.083105 0.683189 0.725497
vn -0.303617 0.596323 0.743113
vn -0.161538 0.316701 0.934669
vn -0.161538 0.316701 0.934669
vn -0.303617 0.596323 0.743113
vn -0.567886 0.418291 0.708899
vn -0.331962 0.227973 0.915330
vn -0.110862 0.900996 0.419422
vn -0.146432 0.989221 0.000001
vn -0.450119 0.831212 0.326312
vn -0.395663 0.791631 0.465587
vn -0.395663 0.791631 0.465587
vn -0.450119 0.831212 0.326312
vn -0.802887 0.596132 0.000009
vn -0.710437 0.545038 0.445211
vn -0.110861 0.900996 -0.419423
vn -0.083105 0.683189 -0.725497
vn -0.303617 0.596323 -0.743112
vn -0.395664 0.791631 -0.465587
vn -0.395664 0.791631 -0.465587
vn -0.303617 0.596323 -0.743112
vn -0.567874 0.418329 -0.708887
vn -0.710386 0.545122 -0.445189
vn 0.005802 0.004205 -0.999974
vn 0.052112 -0.356504 -0.932839
vn 0.164517 -0.298821 -0.940021
vn -0.001018 0.009679 -0.999953
vn -0.001018 0.009679 -0.999953
vn 0.164517 -0.298821 -0.940021
vn 0.288749 -0.207788 -0.934584
vn -0.033291 0.009843 -0.999397
vn 0.127205 -0.900164 -0.416561
vn 0.110604 -0.993865 -0.000001
vn 0.442958 -0.896542 -0.000001
vn 0.422523 -0.768035 -0.481246
vn 0.422523 -0.768035 -0.481246
vn 0.442958 -0.896542 -0.000001
vn 0.766265 -0.558391 -0.317863
vn 0.732267 -0.495933 -0.466729
vn 0.110604 -0.993865 -0.000001
vn 0.127205 -0.900165 0.416560
vn 0.422522 -0.768036 0.481245
vn 0.442958 -0.896542 -0.000001
vn 0.442958 -0.896542 -0.000001
vn 0.422522 -0.768036 0.481245
vn 0.732342 -0.495791 0.466762
vn 0.766412 -0.558162 0.317912
vn 0.052112 -0.356503 0.932840
vn 0.005801 0.004207 0.999974
vn -0.001020 0.009682 0.999953
vn 0.164516 -0.298821 0.940021
vn 0.164516 -0.298821 0.940021
vn -0.001020 0.009682 0.999953
vn -0.033293 0.009771 0.999398
vn 0.288741 -0.207898 0.934563
vn 0.221138 0.284815 0.932726
vn 0.432823 0.543788 0.718999
vn 0.444100 0.551349 0.706250
vn 0.248934 0.301846 0.920283
vn -0.000000 -1.000000 -0.000000
vn -0.000000 -1.000000 -0.000000
vn 0.000000 -1.000000 -0.000000
vn 0.000000 -1.000000 -0.000000
vn 0.000000 -1.000000 0.000000
vn 0.000000 -1.000000 0.000000
vn 0.000000 -1.000000 0.000000
vn 0.000000 -1.000000 -0.000000
vn 0.000000 -1.000000 -0.000000
vn 0.000000 -1.000000 0.000000
vn 0.000000 -1.000000 0.000000
vn 0.000000 -1.000000 -0.000000
vn 0.000000 -1.000000 -0.000000
vn 0.000000 -1.000000 -0.000000
vn 0.000000 -1.000000 -0.000000
vn 0.000000 -1.000000 -0.000000
vn 0.000000 -1.000000 -0.000000
vn 0.000000 -1.000000 -0.000000
vn 0.000000 -1.000000 -0.000000
vn 0.000000 -1.000000 -0.000000
vn 0.000000 -1.000000 -0.000000
vn 0.000000 -1.000000 -0.000000
vn 0.000000 -1.000000 -0.000000
vn 0.000000 -1.000000 -0.000000
vn 0.847852 0.367152 0.382551
vn 0.918320 0.395777 -0.006953
vn 0.802888 0.596130 0.000010
vn 0.710438 0.545036 0.445212
vn 0.848588 0.367668 -0.380418
vn 0.701211 0.306694 -0.643616
vn 0.567873 0.418328 -0.708888
vn 0.710386 0.545122 -0.445189
vn 0.033290 0.009838 -0.999397
vn 0.059461 0.034334 -0.997640
vn -0.341130 -0.131336 -0.930796
vn -0.288749 -0.207787 -0.934584
vn -0.890222 -0.360855 -0.278006
vn -0.766265 -0.558393 -0.317862
vn -0.732266 -0.495934 -0.466730
vn -0.838210 -0.335975 -0.429565
vn -0.837041 -0.335105 0.432512
vn -0.732342 -0.495791 0.466762
vn -0.766411 -0.558162 0.317912
vn -0.890421 -0.360317 0.278068
vn -0.561488 -0.382133 0.733966
vn -0.656510 -0.259382 0.708319
vn -0.342039 -0.131925 0.930379
vn 0.331965 0.227976 0.915329
vn 0.553290 0.243153 0.796710
vn 0.701056 0.306542 0.643857
vn 0.567885 0.418292 0.708899
vn -0.574848 0.712221 0.402855
vn -0.558170 0.714692 0.421500
vn -0.632505 0.774556 0.000001
vn -0.629784 0.776770 0.000001
vn -0.574847 0.712221 -0.402855
vn -0.558170 0.714692 -0.421499
vn -0.444100 0.551350 -0.706250
vn -0.432824 0.543789 -0.718997
vn 0.015253 -0.008785 -0.999845
vn -0.019627 0.008585 -0.999771
vn 0.230995 -0.293646 -0.927585
vn 0.255766 -0.299877 -0.919052
vn 0.092150 -0.915929 -0.390619
vn -0.127204 -0.900164 -0.416562
vn -0.110604 -0.993865 0.000000
vn 0.089418 -0.995994 0.000000
vn 0.089418 -0.995994 0.000000
vn -0.110604 -0.993865 0.000000
vn -0.127206 -0.900164 0.416561
vn 0.092151 -0.915928 0.390619
vn 0.037946 -0.372327 0.927326
vn -0.052113 -0.356503 0.932840
vn -0.005802 0.004206 0.999974
vn 0.001742 0.000279 0.999999
vn -0.089661 0.909421 -0.406097
vn 0.110861 0.900997 -0.419422
vn 0.083105 0.683190 -0.725496
vn -0.069570 0.692740 -0.717824
vn -0.089661 0.909421 0.406097
vn 0.110862 0.900997 0.419422
vn 0.146431 0.989221 0.000002
vn -0.116895 0.993144 0.000001
vn -0.033917 0.370671 0.928145
vn 0.040302 0.363950 0.930546
vn 0.083105 0.683190 0.725496
vn -0.069569 0.692740 0.717824
vn 0.611432 -0.718608 0.331290
vn 0.636671 -0.771136 0.000000
vn 0.581722 -0.687640 0.434455
vn 0.555076 -0.692399 0.460949
vn 0.001743 0.000277 -0.999999
vn -0.005802 0.004204 -0.999974
vn -0.052112 -0.356508 -0.932838
vn 0.037947 -0.372328 -0.927325
vn 0.000000 0.002995 0.999995
vn -0.000000 -0.379471 0.925204
vn 0.031821 -0.375013 0.926473
vn -0.003881 -0.006181 0.999973
vn 0.000000 -0.379472 -0.925203
vn -0.000000 0.002993 -0.999995
vn -0.003882 -0.006184 -0.999973
vn 0.031821 -0.375014 -0.926473
vn -0.000000 1.000000 -0.000000
vn -0.000000 0.923513 0.383567
vn -0.097398 0.915261 0.390910
vn -0.107640 0.994190 -0.000000
vn 0.255766 -0.299876 0.919053
vn 0.230998 -0.293644 0.927584
vn -0.019626 0.008586 0.999771
vn 0.015254 -0.008781 0.999845
vn 0.555077 -0.692398 -0.460949
vn 0.581722 -0.687640 -0.434455
vn 0.636671 -0.771136 0.000000
vn 0.611434 -0.718606 -0.331291
vn -0.000000 0.706868 0.707345
vn 0.000000 0.383826 0.923406
vn -0.038055 0.366978 0.929451
vn -0.071395 0.692543 0.717834
vn 0.000000 0.706870 -0.707344
vn 0.000000 0.923513 -0.383567
vn -0.097398 0.915261 -0.390909
vn -0.071395 0.692546 -0.717832
vn -0.288741 -0.207897 0.934563
vn -0.342039 -0.131925 0.930379
vn 0.058764 0.033884 0.997697
vn 0.033293 0.009773 0.999398
vn 0.031821 -0.375013 0.926473
vn 0.121489 -0.342468 0.931642
vn 0.000117 -0.006040 0.999982
vn -0.003881 -0.006181 0.999973
vn 0.121489 -0.342468 0.931642
vn 0.255766 -0.299876 0.919053
vn 0.015254 -0.008781 0.999845
vn 0.000117 -0.006040 0.999982
vn 0.310132 -0.726443 0.613268
vn 0.403023 -0.739149 0.539659
vn 0.440987 -0.540392 0.716594
vn 0.403023 -0.739149 0.539659
vn 0.452243 -0.825912 0.336668
vn 0.611432 -0.718608 0.331290
vn 0.555076 -0.692399 0.460949
vn 0.452249 -0.825908 -0.336671
vn 0.403025 -0.739148 -0.539659
vn 0.555077 -0.692398 -0.460949
vn 0.611434 -0.718606 -0.331291
vn 0.555077 -0.692398 -0.460949
vn 0.403025 -0.739148 -0.539659
vn 0.224096 -0.638495 -0.736278
vn -0.003882 -0.006184 -0.999973
vn 0.000115 -0.006042 -0.999982
vn 0.121489 -0.342469 -0.931641
vn 0.031821 -0.375014 -0.926473
vn 0.000115 -0.006042 -0.999982
vn 0.015253 -0.008785 -0.999845
vn 0.255766 -0.299877 -0.919052
vn 0.121489 -0.342469 -0.931641
vn -0.248934 0.301844 0.920284
vn -0.123963 0.346498 0.929824
vn -0.233722 0.645835 0.726823
vn -0.444102 0.551350 0.706249
vn -0.123963 0.346498 0.929824
vn -0.033917 0.370671 0.928145
vn -0.069569 0.692740 0.717824
vn -0.233722 0.645835 0.726823
vn -0.558170 0.714692 0.421500
vn -0.301081 0.850056 0.432152
vn -0.356987 0.934109 0.000001
vn -0.632505 0.774556 0.000001
vn -0.301081 0.850056 0.432152
vn -0.089661 0.909421 0.406097
vn -0.116895 0.993144 0.000001
vn -0.356987 0.934109 0.000001
vn -0.558170 0.714692 -0.421499
vn -0.301081 0.850056 -0.432151
vn -0.233722 0.645835 -0.726823
vn -0.444100 0.551350 -0.706250
vn -0.301081 0.850056 -0.432151
vn -0.089661 0.909421 -0.406097
vn -0.069570 0.692740 -0.717824
vn -0.233722 0.645835 -0.726823
vn -0.097398 0.915261 -0.390909
vn -0.312330 0.861432 -0.400480
vn -0.230314 0.644293 -0.729274
vn -0.071395 0.692546 -0.717832
vn -0.312330 0.861432 -0.400480
vn -0.574847 0.712221 -0.402855
vn -0.432824 0.543789 -0.718997
vn -0.230314 0.644293 -0.729274
vn -0.019627 0.008585 -0.999771
vn -0.003470 0.005726 -0.999978
vn 0.126101 -0.345752 -0.929814
vn 0.230995 -0.293646 -0.927585
vn -0.003470 0.005726 -0.999978
vn 0.001743 0.000277 -0.999999
vn 0.037947 -0.372328 -0.927325
vn 0.126101 -0.345752 -0.929814
vn -0.097398 0.915261 0.390910
vn -0.312329 0.861433 0.400480
vn -0.342827 0.939398 -0.000000
vn -0.107640 0.994190 -0.000000
vn -0.312329 0.861433 0.400480
vn -0.574848 0.712221 0.402855
vn -0.629784 0.776770 0.000001
vn -0.342827 0.939398 -0.000000
vn 0.581722 -0.687640 -0.434455
vn 0.322836 -0.852605 -0.410903
vn 0.340984 -0.940069 0.000001
vn 0.636671 -0.771136 0.000000
vn 0.322836 -0.852605 -0.410903
vn 0.092150 -0.915929 -0.390619
vn 0.089418 -0.995994 0.000000
vn 0.340984 -0.940069 0.000001
vn 0.636671 -0.771136 0.000000
vn 0.340984 -0.940069 0.000001
vn 0.322837 -0.852604 0.410904
vn 0.581722 -0.687640 0.434455
vn 0.340984 -0.940069 0.000001
vn 0.089418 -0.995994 0.000000
vn 0.092151 -0.915928 0.390619
vn 0.322837 -0.852604 0.410904
vn -0.038055 0.366978 0.929451
vn -0.118512 0.334398 0.934951
vn -0.230314 0.644292 0.729276
vn -0.071395 0.692543 0.717834
vn -0.118512 0.334398 0.934951
vn -0.221139 0.284814 0.932726
vn -0.432825 0.543787 0.718998
vn -0.230314 0.644292 0.729276
vn 0.230998 -0.293644 0.927584
vn 0.126103 -0.345752 0.929814
vn -0.003468 0.005724 0.999978
vn -0.019626 0.008586 0.999771
vn 0.126103 -0.345752 0.929814
vn 0.037946 -0.372327 0.927326
vn 0.001742 0.000279 0.999999
vn -0.003468 0.005724 0.999978
vn 0.040302 0.363950 0.930546
vn 0.161539 0.316702 0.934668
vn 0.303617 0.596323 0.743112
vn 0.083105 0.683190 0.725496
vn 0.161539 0.316702 0.934668
vn 0.331965 0.227976 0.915329
vn 0.567885 0.418292 0.708899
vn 0.303617 0.596323 0.743112
vn 0.110862 0.900997 0.419422
vn 0.395663 0.791631 0.465587
vn 0.450121 0.831211 0.326313
vn 0.146431 0.989221 0.000002
vn 0.395663 0.791631 0.465587
vn 0.710438 0.545036 0.445212
vn 0.802888 0.596130 0.000010
vn 0.450121 0.831211 0.326313
vn 0.110861 0.900997 -0.419422
vn 0.395663 0.791632 -0.465585
vn 0.303618 0.596324 -0.743111
vn 0.083105 0.683190 -0.725496
vn 0.395663 0.791632 -0.465585
vn 0.710386 0.545122 -0.445189
vn 0.567873 0.418328 -0.708888
vn 0.303618 0.596324 -0.743111
vn -0.005802 0.004204 -0.999974
vn 0.001019 0.009675 -0.999953
vn -0.164517 -0.298824 -0.940021
vn -0.052112 -0.356508 -0.932838
vn 0.001019 0.009675 -0.999953
vn 0.033290 0.009838 -0.999397
vn -0.288749 -0.207787 -0.934584
vn -0.164517 -0.298824 -0.940021
vn -0.127204 -0.900164 -0.416562
vn -0.422521 -0.768035 -0.481247
vn -0.442958 -0.896542 0.000001
vn -0.110604 -0.993865 0.000000
vn -0.422521 -0.768035 -0.481247
vn -0.732266 -0.495934 -0.466730
vn -0.766265 -0.558393 -0.317862
vn -0.442958 -0.896542 0.000001
vn -0.110604 -0.993865 0.000000
vn -0.442958 -0.896542 0.000001
vn -0.422522 -0.768036 0.481244
vn -0.127206 -0.900164 0.416561
vn -0.442958 -0.896542 0.000001
vn -0.766411 -0.558162 0.317912
vn -0.732342 -0.495791 0.466762
vn -0.422522 -0.768036 0.481244
vn -0.052113 -0.356503 0.932840
vn -0.164519 -0.298820 0.940021
vn 0.001020 0.009683 0.999953
vn -0.005802 0.004206 0.999974
vn -0.164519 -0.298820 0.940021
vn -0.288741 -0.207897 0.934563
vn 0.033293 0.009773 0.999398
vn 0.001020 0.009683 0.999953
vn -0.221139 0.284814 0.932726
vn -0.248934 0.301844 0.920284
vn -0.444102 0.551350 0.706249
vn -0.432825 0.543787 0.718998
vn -0.000000 -1.000000 0.000000
vn -0.000000 -1.000000 0.000000
vn -0.000000 -1.000000 0.000000
vn -0.000000 -1.000000 0.000000
vn 0.000000 -1.000000 0.000000
vn -0.000000 -1.000000 0.000000
vn -0.000000 -1.000000 0.000000
vn 0.000000 -1.000000 0.000000
vn 0.000000 -1.000000 0.000000
vn 0.000000 -1.000000 0.000000
vn 0.000000 -1.000000 0.000000
vn -0.000000 -1.000000 0.000000
vn 0.000000 -1.000000 0.000000
vn 0.000000 -1.000000 0.000000
vn -0.000000 -1.000000 0.000000
vn 0.000000 -1.000000 0.000000
vn 0.000000 -1.000000 0.000000
vn 0.000000 -1.000000 0.000000
vn 0.000000 -1.000000 0.000000
vn 0.000000 -1.000000 0.000000
vn 0.000000 -1.000000 0.000000
vn 0.000000 -1.000000 0.000000
vn 0.000000 -1.000000 0.000000
vn 0.000000 -1.000000 0.000000
vn 0.000000 -1.000000 0.000000
vn 0.000000 -1.000000 0.000000
vn 0.000000 -1.000000 0.000000
vn 0.000000 -1.000000 0.000000
vn 0.000000 -1.000000 0.000000
vn -0.847855 0.367153 0.382546
vn -0.710438 0.545038 0.445210
vn -0.802887 0.596131 0.000010
vn -0.885771 0.381575 0.264217
vn -0.848590 0.367669 -0.380414
vn -0.710386 0.545123 -0.445188
vn -0.567874 0.418326 -0.708888
vn -0.782868 0.341563 -0.520050
vn -0.033291 0.009842 -0.999397
vn 0.288749 -0.207787 -0.934585
vn 0.195411 -0.072325 -0.978051
vn -0.059461 0.034334 -0.997640
vn 0.890222 -0.360853 -0.278009
vn 0.838211 -0.335975 -0.429562
vn 0.732267 -0.495933 -0.466729
vn 0.766264 -0.558391 -0.317865
vn 0.890420 -0.360317 0.278071
vn 0.890420 -0.360317 0.278071
vn 0.766411 -0.558160 0.317917
vn 0.732342 -0.495790 0.466762
vn 0.288742 -0.207897 0.934563
vn 0.553701 -0.218023 0.803668
vn 0.656511 -0.259383 0.708318
vn -0.331962 0.227975 0.915330
vn -0.567886 0.418293 0.708898
vn -0.701057 0.306542 0.643857
vn -0.430786 0.191105 0.881988
vn 0.574848 0.712221 0.402855
vn 0.629784 0.776770 0.000001
vn 0.632505 0.774556 0.000001
vn 0.558170 0.714691 0.421501
vn 0.574847 0.712221 -0.402855
vn 0.432824 0.543789 -0.718997
vn 0.444100 0.551349 -0.706250
vn 0.558169 0.714692 -0.421500
vn -0.015253 -0.008784 -0.999845
vn -0.255766 -0.299874 -0.919053
vn -0.230995 -0.293644 -0.927585
vn 0.019627 0.008584 -0.999771
vn -0.092150 -0.915928 -0.390619
vn -0.089418 -0.995994 -0.000000
vn 0.110603 -0.993865 -0.000000
vn 0.127205 -0.900164 -0.416562
vn -0.089418 -0.995994 -0.000000
vn -0.092151 -0.915928 0.390619
vn 0.127205 -0.900165 0.416560
vn 0.110603 -0.993865 -0.000000
vn -0.037946 -0.372329 0.927325
vn -0.001742 0.000280 0.999999
vn 0.005802 0.004207 0.999974
vn 0.052113 -0.356505 0.932839
vn 0.089661 0.909421 -0.406098
vn 0.069570 0.692739 -0.717825
vn -0.083105 0.683191 -0.725496
vn -0.110861 0.900996 -0.419423
vn 0.089661 0.909421 0.406096
vn 0.116894 0.993144 -0.000000
vn -0.146432 0.989221 0.000000
vn -0.110861 0.900997 0.419422
vn 0.033917 0.370672 0.928144
vn 0.069569 0.692740 0.717824
vn -0.083105 0.683190 0.725497
vn -0.040302 0.363951 0.930546
vn -0.611434 -0.718607 0.331289
vn -0.555076 -0.692399 0.460948
vn -0.581723 -0.687639 0.434454
vn -0.636671 -0.771135 -0.000000
vn -0.001743 0.000278 -0.999999
vn -0.037947 -0.372326 -0.927326
vn 0.052112 -0.356506 -0.932839
vn 0.005802 0.004202 -0.999974
vn -0.255766 -0.299877 0.919053
vn -0.015254 -0.008782 0.999845
vn 0.019626 0.008586 0.999771
vn -0.230998 -0.293647 0.927584
vn -0.555076 -0.692400 -0.460947
vn -0.611433 -0.718608 -0.331288
vn -0.636671 -0.771135 -0.000000
vn -0.581722 -0.687640 -0.434454
vn 0.288742 -0.207897 0.934563
vn -0.033294 0.009772 0.999398
vn 0.195405 -0.072534 0.978036
vn 0.342039 -0.131925 0.930379
vn -0.031821 -0.375013 0.926473
vn 0.003881 -0.006182 0.999973
vn -0.000117 -0.006040 0.999982
vn -0.121489 -0.342469 0.931641
vn -0.121489 -0.342469 0.931641
vn -0.000117 -0.006040 0.999982
vn -0.015254 -0.008782 0.999845
vn -0.255766 -0.299877 0.919053
vn -0.224093 -0.638497 0.736277
vn -0.555076 -0.692399 0.460948
vn -0.403023 -0.739151 0.539656
vn -0.403023 -0.739151 0.539656
vn -0.555076 -0.692399 0.460948
vn -0.611434 -0.718607 0.331289
vn -0.452245 -0.825911 0.336669
vn -0.452244 -0.825912 -0.336666
vn -0.611433 -0.718608 -0.331288
vn -0.555076 -0.692400 -0.460947
vn -0.403024 -0.739149 -0.539658
vn -0.440988 -0.540392 -0.716593
vn -0.310135 -0.726439 -0.613272
vn -0.403024 -0.739149 -0.539658
vn 0.003882 -0.006181 -0.999973
vn -0.031821 -0.375013 -0.926473
vn -0.121489 -0.342467 -0.931642
vn -0.000115 -0.006041 -0.999982
vn -0.000115 -0.006041 -0.999982
vn -0.121489 -0.342467 -0.931642
vn -0.255766 -0.299874 -0.919053
vn -0.015253 -0.008784 -0.999845
vn 0.248934 0.301846 0.920283
vn 0.444102 0.551351 0.706248
vn 0.233722 0.645835 0.726822
vn 0.123963 0.346500 0.929823
vn 0.123963 0.346500 0.929823
vn 0.233722 0.645835 0.726822
vn 0.069569 0.692740 0.717824
vn 0.033917 0.370672 0.928144
vn 0.558170 0.714691 0.421501
vn 0.632505 0.774556 0.000001
vn 0.356987 0.934109 0.000000
vn 0.301081 0.850056 0.432152
vn 0.301081 0.850056 0.432152
vn 0.356987 0.934109 0.000000
vn 0.116894 0.993144 -0.000000
vn 0.089661 0.909421 0.406096
vn 0.558169 0.714692 -0.421500
vn 0.444100 0.551349 -0.706250
vn 0.233721 0.645835 -0.726823
vn 0.301080 0.850056 -0.432151
vn 0.301080 0.850056 -0.432151
vn 0.233721 0.645835 -0.726823
vn 0.069570 0.692739 -0.717825
vn 0.089661 0.909421 -0.406098
vn 0.097398 0.915262 -0.390908
vn 0.071395 0.692546 -0.717832
vn 0.230314 0.644294 -0.729274
vn 0.312329 0.861434 -0.400478
vn 0.312329 0.861434 -0.400478
vn 0.230314 0.644294 -0.729274
vn 0.432824 0.543789 -0.718997
vn 0.574847 0.712221 -0.402855
vn 0.019627 0.008584 -0.999771
vn -0.230995 -0.293644 -0.927585
vn -0.126102 -0.345752 -0.929814
vn 0.003470 0.005725 -0.999978
vn 0.003470 0.005725 -0.999978
vn -0.126102 -0.345752 -0.929814
vn -0.037947 -0.372326 -0.927326
vn -0.001743 0.000278 -0.999999
vn 0.097398 0.915261 0.390909
vn 0.107640 0.994190 -0.000001
vn 0.342828 0.939398 -0.000000
vn 0.312329 0.861433 0.400480
vn 0.312329 0.861433 0.400480
vn 0.342828 0.939398 -0.000000
vn 0.629784 0.776770 0.000001
vn 0.574848 0.712221 0.402855
vn -0.581722 -0.687640 -0.434454
vn -0.636671 -0.771135 -0.000000
vn -0.340983 -0.940069 0.000000
vn -0.322836 -0.852605 -0.410903
vn -0.322836 -0.852605 -0.410903
vn -0.340983 -0.940069 0.000000
vn -0.089418 -0.995994 -0.000000
vn -0.092150 -0.915928 -0.390619
vn -0.636671 -0.771135 -0.000000
vn -0.581723 -0.687639 0.434454
vn -0.322838 -0.852603 0.410905
vn -0.340983 -0.940069 0.000000
vn -0.340983 -0.940069 0.000000
vn -0.322838 -0.852603 0.410905
vn -0.092151 -0.915928 0.390619
vn -0.089418 -0.995994 -0.000000
vn 0.038055 0.366976 0.929452
vn 0.071395 0.692544 0.717834
vn 0.230314 0.644292 0.729275
vn 0.118512 0.334399 0.934950
vn 0.118512 0.334399 0.934950
vn 0.230314 0.644292 0.729275
vn 0.432824 0.543788 0.718998
vn 0.221139 0.284815 0.932726
vn -0.230998 -0.293647 0.927584
vn 0.019626 0.008586 0.999771
vn 0.003468 0.005725 0.999978
vn -0.126103 -0.345754 0.929813
vn -0.126103 -0.345754 0.929813
vn 0.003468 0.005725 0.999978
vn -0.001742 0.000280 0.999999
vn -0.037946 -0.372329 0.927325
vn -0.040302 0.363951 0.930546
vn -0.083105 0.683190 0.725497
vn -0.303617 0.596325 0.743111
vn -0.161540 0.316704 0.934668
vn -0.161540 0.316704 0.934668
vn -0.303617 0.596325 0.743111
vn -0.567886 0.418293 0.708898
vn -0.331962 0.227975 0.915330
vn -0.110861 0.900997 0.419422
vn -0.146432 0.989221 0.000000
vn -0.450120 0.831211 0.326313
vn -0.395663 0.791631 0.465587
vn -0.395663 0.791631 0.465587
vn -0.450120 0.831211 0.326313
vn -0.802887 0.596131 0.000010
vn -0.710438 0.545038 0.445210
vn -0.110861 0.900996 -0.419423
vn -0.083105 0.683191 -0.725496
vn -0.303617 0.596324 -0.743111
vn -0.395664 0.791631 -0.465586
vn -0.395664 0.791631 -0.465586
vn -0.303617 0.596324 -0.743111
vn -0.567874 0.418326 -0.708888
vn -0.710386 0.545123 -0.445188
vn 0.005802 0.004202 -0.999974
vn 0.052112 -0.356506 -0.932839
vn 0.164517 -0.298823 -0.940021
vn -0.001019 0.009675 -0.999953
vn -0.001019 0.009675 -0.999953
vn 0.164517 -0.298823 -0.940021
vn 0.288749 -0.207787 -0.934585
vn -0.033291 0.009842 -0.999397
vn 0.127205 -0.900164 -0.416562
vn 0.110603 -0.993865 -0.000000
vn 0.442958 -0.896542 0.000000
vn 0.422522 -0.768034 -0.481247
vn 0.422522 -0.768034 -0.481247
vn 0.442958 -0.896542 0.000000
vn 0.766264 -0.558391 -0.317865
vn 0.732267 -0.495933 -0.466729
vn 0.110603 -0.993865 -0.000000
vn 0.127205 -0.900165 0.416560
vn 0.422523 -0.768035 0.481245
vn 0.442958 -0.896542 0.000000
vn 0.442958 -0.896542 0.000000
vn 0.422523 -0.768035 0.481245
vn 0.732342 -0.495790 0.466762
vn 0.766411 -0.558160 0.317917
vn 0.052113 -0.356505 0.932839
vn 0.005802 0.004207 0.999974
vn -0.001020 0.009683 0.999953
vn 0.164519 -0.298821 0.940021
vn 0.164519 -0.298821 0.940021
vn -0.001020 0.009683 0.999953
vn -0.033294 0.009772 0.999398
vn 0.288742 -0.207897 0.934563
vn 0.221139 0.284815 0.932726
vn 0.432824 0.543788 0.718998
vn 0.444102 0.551351 0.706248
vn 0.248934 0.301846 0.920283
vn -0.000000 -1.000000 0.000000
vn -0.000000 -1.000000 0.000000
vn -0.000000 -1.000000 0.000000
vn 0.000000 -1.000000 0.000000
vn 0.000000 -1.000000 0.000000
vn -0.000000 -1.000000 0.000000
vn -0.000000 -1.000000 0.000000
vn 0.000000 -1.000000 0.000000
vn 0.000000 -1.000000 0.000000
vn -0.000000 -1.000000 0.000000
vn -0.000000 -1.000000 0.000000
vn -0.000000 -1.000000 0.000000
vn -0.000000 -1.000000 0.000000
vn -0.000000 -1.000000 0.000000
vn -0.000000 -1.000000 0.000000
vn -0.000000 -1.000000 0.000000
vn -0.000000 -1.000000 0.000000
vn -0.000000 -1.000000 0.000000
vn -0.000000 -1.000000 0.000000
vn -0.000000 -1.000000 0.000000
vn -0.000000 -1.000000 0.000000
vn -0.000000 -1.000000 0.000000
vn -0.000000 -1.000000 0.000000
vn -0.000000 -1.000000 0.000000
vn 0.847854 0.367153 -0.382548
vn 0.710438 0.545037 -0.445211
vn 0.802887 0.596131 -0.000010
vn 0.885769 0.381575 -0.264222
vn 0.848589 0.367668 0.380417
vn 0.710386 0.545122 0.445189
vn 0.567874 0.418329 0.708887
vn 0.782868 0.341566 0.520048
vn 0.033291 0.009844 0.999397
vn -0.288749 -0.207786 0.934585
vn -0.195414 -0.072326 0.978050
vn 0.059463 0.034335 0.997640
vn -0.890224 -0.360854 0.278002
vn -0.838210 -0.335974 0.429564
vn -0.732266 -0.495934 0.466729
vn -0.766266 -0.558392 0.317860
vn -0.890421 -0.360318 -0.278067
vn -0.890421 -0.360318 -0.278067
vn -0.766412 -0.558163 -0.317912
vn -0.732341 -0.495791 -0.466764
vn -0.288740 -0.207899 -0.934563
vn -0.553704 -0.218024 -0.803666
vn -0.656512 -0.259383 -0.708317
vn 0.331963 0.227973 -0.915330
vn 0.567887 0.418292 -0.708898
vn 0.701058 0.306541 -0.643855
vn 0.430785 0.191104 -0.881988
vn -0.574847 0.712221 -0.402855
vn -0.629784 0.776771 -0.000000
vn -0.632504 0.774557 0.000001
vn -0.558170 0.714692 -0.421500
vn -0.574846 0.712222 0.402855
vn -0.432823 0.543788 0.718999
vn -0.444100 0.551350 0.706250
vn -0.558168 0.714693 0.421500
vn 0.015253 -0.008782 0.999845
vn 0.255766 -0.299880 0.919052
vn 0.230996 -0.293647 0.927584
vn -0.019629 0.008588 0.999770
vn 0.092151 -0.915928 0.390619
vn 0.089419 -0.995994 0.000002
vn -0.110604 -0.993865 0.000001
vn -0.127205 -0.900165 0.416560
vn 0.089419 -0.995994 0.000002
vn 0.092150 -0.915928 -0.390619
vn -0.127206 -0.900164 -0.416560
vn -0.110604 -0.993865 0.000001
vn 0.037947 -0.372329 -0.927325
vn 0.001743 0.000279 -0.999999
vn -0.005803 0.004207 -0.999974
vn -0.052112 -0.356503 -0.932840
vn -0.089661 0.909421 0.406097
vn -0.069569 0.692740 0.717825
vn 0.083105 0.683190 0.725497
vn 0.110862 0.900997 0.419422
vn -0.089662 0.909420 -0.406097
vn -0.116896 0.993144 0.000002
vn 0.146431 0.989221 -0.000000
vn 0.110862 0.900996 -0.419422
vn -0.033917 0.370671 -0.928145
vn -0.069570 0.692738 -0.717826
vn 0.083104 0.683188 -0.725498
vn 0.040300 0.363949 -0.930547
vn 0.611434 -0.718607 -0.331289
vn 0.555078 -0.692398 -0.460949
vn 0.581723 -0.687639 -0.434455
vn 0.636671 -0.771136 0.000000
vn 0.001743 0.000282 0.999999
vn 0.037947 -0.372326 0.927326
vn -0.052111 -0.356502 0.932840
vn -0.005801 0.004207 0.999974
vn 0.255767 -0.299879 -0.919052
vn 0.015255 -0.008785 -0.999845
vn -0.019627 0.008584 -0.999771
vn 0.230998 -0.293650 -0.927583
vn 0.555078 -0.692397 0.460951
vn 0.611434 -0.718606 0.331291
vn 0.636671 -0.771136 0.000000
vn 0.581723 -0.687639 0.434456
vn -0.288740 -0.207899 -0.934563
vn 0.033293 0.009770 -0.999398
vn -0.195404 -0.072537 -0.978037
vn -0.342039 -0.131927 -0.930379
vn 0.031821 -0.375014 -0.926473
vn -0.003882 -0.006184 -0.999973
vn 0.000117 -0.006044 -0.999982
vn 0.121489 -0.342468 -0.931641
vn 0.121489 -0.342468 -0.931641
vn 0.000117 -0.006044 -0.999982
vn 0.015255 -0.008785 -0.999845
vn 0.255767 -0.299879 -0.919052
vn 0.224096 -0.638492 -0.736280
vn 0.555078 -0.692398 -0.460949
vn 0.403026 -0.739147 -0.539659
vn 0.403026 -0.739147 -0.539659
vn 0.555078 -0.692398 -0.460949
vn 0.611434 -0.718607 -0.331289
vn 0.452248 -0.825910 -0.336668
vn 0.452247 -0.825909 0.336670
vn 0.611434 -0.718606 0.331291
vn 0.555078 -0.692397 0.460951
vn 0.403026 -0.739144 0.539663
vn 0.440988 -0.540393 0.716593
vn 0.310135 -0.726438 0.613274
vn 0.403026 -0.739144 0.539663
vn -0.003882 -0.006183 0.999973
vn 0.031822 -0.375013 0.926473
vn 0.121489 -0.342471 0.931640
vn 0.000116 -0.006040 0.999982
vn 0.000116 -0.006040 0.999982
vn 0.121489 -0.342471 0.931640
vn 0.255766 -0.299880 0.919052
vn 0.015253 -0.008782 0.999845
vn -0.248934 0.301845 -0.920283
vn -0.444100 0.551349 -0.706250
vn -0.233722 0.645833 -0.726824
vn -0.123963 0.346499 -0.929823
vn -0.123963 0.346499 -0.929823
vn -0.233722 0.645833 -0.726824
vn -0.069570 0.692738 -0.717826
vn -0.033917 0.370671 -0.928145
vn -0.558170 0.714692 -0.421500
vn -0.632504 0.774557 0.000001
vn -0.356987 0.934109 0.000001
vn -0.301082 0.850056 -0.432151
vn -0.301082 0.850056 -0.432151
vn -0.356987 0.934109 0.000001
vn -0.116896 0.993144 0.000002
vn -0.089662 0.909420 -0.406097
vn -0.558168 0.714693 0.421500
vn -0.444100 0.551350 0.706250
vn -0.233721 0.645835 0.726823
vn -0.301080 0.850057 0.432151
vn -0.301080 0.850057 0.432151
vn -0.233721 0.645835 0.726823
vn -0.069569 0.692740 0.717825
vn -0.089661 0.909421 0.406097
vn -0.097398 0.915261 0.390911
vn -0.071395 0.692546 0.717832
vn -0.230314 0.644294 0.729275
vn -0.312328 0.861433 0.400481
vn -0.312328 0.861433 0.400481
vn -0.230314 0.644294 0.729275
vn -0.432823 0.543788 0.718999
vn -0.574846 0.712222 0.402855
vn -0.019629 0.008588 0.999770
vn 0.230996 -0.293647 0.927584
vn 0.126102 -0.345753 0.929813
vn -0.003470 0.005728 0.999978
vn -0.003470 0.005728 0.999978
vn 0.126102 -0.345753 0.929813
vn 0.037947 -0.372326 0.927326
vn 0.001743 0.000282 0.999999
vn -0.097399 0.915261 -0.390910
vn -0.107639 0.994190 0.000000
vn -0.342827 0.939398 -0.000001
vn -0.312330 0.861432 -0.400480
vn -0.312330 0.861432 -0.400480
vn -0.342827 0.939398 -0.000001
vn -0.629784 0.776771 -0.000000
vn -0.574847 0.712221 -0.402855
vn 0.581723 -0.687639 0.434456
vn 0.636671 -0.771136 0.000000
vn 0.340985 -0.940069 0.000001
vn 0.322837 -0.852604 0.410905
vn 0.322837 -0.852604 0.410905
vn 0.340985 -0.940069 0.000001
vn 0.089419 -0.995994 0.000002
vn 0.092151 -0.915928 0.390619
vn 0.636671 -0.771136 0.000000
vn 0.581723 -0.687639 -0.434455
vn 0.322836 -0.852605 -0.410904
vn 0.340985 -0.940069 0.000001
vn 0.340985 -0.940069 0.000001
vn 0.322836 -0.852605 -0.410904
vn 0.092150 -0.915928 -0.390619
vn 0.089419 -0.995994 0.000002
vn -0.038057 0.366977 -0.929451
vn -0.071397 0.692544 -0.717833
vn -0.230315 0.644291 -0.729276
vn -0.118513 0.334398 -0.934951
vn -0.118513 0.334398 -0.934951
vn -0.230315 0.644291 -0.729276
vn -0.432823 0.543787 -0.719000
vn -0.221138 0.284814 -0.932726
vn 0.230998 -0.293650 -0.927583
vn -0.019627 0.008584 -0.999771
vn -0.003469 0.005724 -0.999978
vn 0.126103 -0.345756 -0.929812
vn 0.126103 -0.345756 -0.929812
vn -0.003469 0.005724 -0.999978
vn 0.001743 0.000279 -0.999999
vn 0.037947 -0.372329 -0.927325
vn 0.040300 0.363949 -0.930547
vn 0.083104 0.683188 -0.725498
vn 0.303618 0.596323 -0.743112
vn 0.161537 0.316701 -0.934669
vn 0.161537 0.316701 -0.934669
vn 0.303618 0.596323 -0.743112
vn 0.567887 0.418292 -0.708898
vn 0.331963 0.227973 -0.915330
vn 0.110862 0.900996 -0.419422
vn 0.146431 0.989221 -0.000000
vn 0.450120 0.831211 -0.326313
vn 0.395664 0.791631 -0.465586
vn 0.395664 0.791631 -0.465586
vn 0.450120 0.831211 -0.326313
vn 0.802887 0.596131 -0.000010
vn 0.710438 0.545037 -0.445211
vn 0.110862 0.900997 0.419422
vn 0.083105 0.683190 0.725497
vn 0.303618 0.596324 0.743111
vn 0.395664 0.791632 0.465585
vn 0.395664 0.791632 0.465585
vn 0.303618 0.596324 0.743111
vn 0.567874 0.418329 0.708887
vn 0.710386 0.545122 0.445189
vn -0.005801 0.004207 0.999974
vn -0.052111 -0.356502 0.932840
vn -0.164515 -0.298820 0.940022
vn 0.001018 0.009679 0.999953
vn 0.001018 0.009679 0.999953
vn -0.164515 -0.298820 0.940022
vn -0.288749 -0.207786 0.934585
vn 0.033291 0.009844 0.999397
vn -0.127205 -0.900165 0.416560
vn -0.110604 -0.993865 0.000001
vn -0.442958 -0.896542 0.000001
vn -0.422522 -0.768035 0.481245
vn -0.422522 -0.768035 0.481245
vn -0.442958 -0.896542 0.000001
vn -0.766266 -0.558392 0.317860
vn -0.732266 -0.495934 0.466729
vn -0.110604 -0.993865 0.000001
vn -0.127206 -0.900164 -0.416560
vn -0.422521 -0.768036 -0.481245
vn -0.442958 -0.896542 0.000001
vn -0.442958 -0.896542 0.000001
vn -0.422521 -0.768036 -0.481245
vn -0.732341 -0.495791 -0.466764
vn -0.766412 -0.558163 -0.317912
vn -0.052112 -0.356503 -0.932840
vn -0.005803 0.004207 -0.999974
vn 0.001018 0.009680 -0.999953
vn -0.164517 -0.298821 -0.940021
vn -0.164517 -0.298821 -0.940021
vn 0.001018 0.009680 -0.999953
vn 0.033293 0.009770 -0.999398
vn -0.288740 -0.207899 -0.934563
vn -0.221138 0.284814 -0.932726
vn -0.432823 0.543787 -0.719000
vn -0.444100 0.551349 -0.706250
vn -0.248934 0.301845 -0.920283
vn 0.000000 -1.000000 0.000000
vn 0.000000 -1.000000 0.000000
vn -0.000000 -1.000000 0.000000
vn -0.000000 -1.000000 0.000000
vn 0.000000 -1.000000 0.000000
vn 0.000000 -1.000000 0.000000
vn 0.000000 -1.000000 0.000000
vn -0.000000 -1.000000 0.000000
vn -0.000000 -1.000000 0.000000
vn 0.000000 -1.000000 0.000000
vn 0.000000 -1.000000 0.000000
vn -0.000000 -1.000000 0.000000
vn -0.000000 -1.000000 0.000000
vn -0.000000 -1.000000 0.000000
vn -0.000000 -1.000000 0.000000
vn -0.000000 -1.000000 0.000000
vn -0.000000 -1.000000 0.000000
vn -0.000000 -1.000000 0.000000
vn -0.000000 -1.000000 0.000000
vn -0.000000 -1.000000 0.000000
vn -0.000000 -1.000000 0.000000
vn -0.000000 -1.000000 0.000000
vn -0.000000 -1.000000 0.000000
vn -0.000000 -1.000000 0.000000
vn -0.000000 -1.000000 0.000000
vn -0.847854 0.367153 -0.382547
vn -0.918320 0.395778 0.006953
vn -0.802887 0.596131 -0.000008
vn -0.710438 0.545038 -0.445210
vn -0.848588 0.367668 0.380418
vn -0.701214 0.306695 0.643613
vn -0.567875 0.418328 0.708886
vn -0.710386 0.545122 0.445189
vn -0.033291 0.009846 0.999397
vn -0.059463 0.034335 0.997640
vn 0.341131 -0.131334 0.930796
vn 0.288750 -0.207787 0.934584
vn 0.890223 -0.360854 0.278005
vn 0.766265 -0.558391 0.317863
vn 0.732266 -0.495933 0.466730
vn 0.838211 -0.335974 0.429563
vn 0.837041 -0.335106 -0.432511
vn 0.732342 -0.495791 -0.466762
vn 0.766412 -0.558162 -0.317912
vn 0.890421 -0.360318 -0.278067
vn 0.561486 -0.382133 -0.733967
vn 0.656510 -0.259382 -0.708319
vn 0.342038 -0.131926 -0.930379
vn -0.331961 0.227973 -0.915331
vn -0.553282 0.243147 -0.796717
vn -0.701059 0.306541 -0.643854
vn -0.567886 0.418290 -0.708900
vn 0.574847 0.712220 -0.402856
vn 0.558169 0.714692 -0.421501
vn 0.632504 0.774557 0.000001
vn 0.629784 0.776770 0.000001
vn 0.574847 0.712221 0.402855
vn 0.558169 0.714692 0.421500
vn 0.444101 0.551350 0.706249
vn 0.432825 0.543789 0.718997
vn -0.015254 -0.008783 0.999845
vn 0.019627 0.008587 0.999770
vn -0.230997 -0.293648 0.927584
vn -0.255767 -0.299879 0.919052
vn -0.092151 -0.915928 0.390619
vn 0.127206 -0.900164 0.416561
vn 0.110604 -0.993865 0.000002
vn -0.089419 -0.995994 0.000001
vn -0.089419 -0.995994 0.000001
vn 0.110604 -0.993865 0.000002
vn 0.127205 -0.900165 -0.416559
vn -0.092151 -0.915929 -0.390618
vn -0.037948 -0.372327 -0.927326
vn 0.052111 -0.356503 -0.932840
vn 0.005801 0.004206 -0.999974
vn -0.001743 0.000279 -0.999999
vn 0.089663 0.909421 0.406097
vn -0.110862 0.900996 0.419424
vn -0.083105 0.683189 0.725497
vn 0.069570 0.692739 0.717825
vn 0.089662 0.909420 -0.406098
vn -0.110862 0.900996 -0.419423
vn -0.146432 0.989221 0.000000
vn 0.116897 0.993144 0.000000
vn 0.033918 0.370670 -0.928145
vn -0.040302 0.363949 -0.930547
vn -0.083105 0.683189 -0.725497
vn 0.069570 0.692738 -0.717826
vn -0.611433 -0.718608 -0.331288
vn -0.636672 -0.771135 -0.000000
vn -0.581722 -0.687639 -0.434455
vn -0.555076 -0.692398 -0.460950
vn -0.001742 0.000281 0.999999
vn 0.005802 0.004205 0.999974
vn 0.052113 -0.356503 0.932840
vn -0.037947 -0.372326 0.927326
vn -0.000000 0.002994 -0.999995
vn -0.000000 -0.379473 -0.925203
vn -0.031822 -0.375016 -0.926472
vn 0.003882 -0.006184 -0.999973
vn 0.000000 -0.379470 0.925204
vn 0.000000 0.002994 0.999996
vn 0.003882 -0.006181 0.999973
vn -0.031821 -0.375013 0.926473
vn 0.000000 1.000000 0.000000
vn -0.000000 0.923513 -0.383568
vn 0.097398 0.915261 -0.390911
vn 0.107639 0.994190 0.000000
vn -0.255768 -0.299881 -0.919050
vn -0.230998 -0.293650 -0.927583
vn 0.019630 0.008587 -0.999770
vn -0.015255 -0.008784 -0.999845
vn -0.555076 -0.692397 0.460951
vn -0.581723 -0.687638 0.434456
vn -0.636672 -0.771135 -0.000000
vn -0.611433 -0.718608 0.331288
vn -0.000000 0.706869 -0.707345
vn 0.000000 0.383827 -0.923405
vn 0.038057 0.366979 -0.929450
vn 0.071396 0.692545 -0.717833
vn -0.000000 0.706870 0.707344
vn 0.000000 0.923512 0.383569
vn 0.097398 0.915261 0.390911
vn 0.071395 0.692546 0.717832
vn 0.288741 -0.207898 -0.934563
vn 0.342038 -0.131926 -0.930379
vn -0.058762 0.033882 -0.997697
vn -0.033294 0.009772 -0.999398
vn -0.031822 -0.375016 -0.926472
vn -0.121490 -0.342472 -0.931640
vn -0.000117 -0.006043 -0.999982
vn 0.003882 -0.006184 -0.999973
vn -0.121490 -0.342472 -0.931640
vn -0.255768 -0.299881 -0.919050
vn -0.015255 -0.008784 -0.999845
vn -0.000117 -0.006043 -0.999982
vn -0.310134 -0.726443 -0.613268
vn -0.403024 -0.739148 -0.539659
vn -0.440988 -0.540393 -0.716593
vn -0.403024 -0.739148 -0.539659
vn -0.452244 -0.825912 -0.336667
vn -0.611433 -0.718608 -0.331288
vn -0.555076 -0.692398 -0.460950
vn -0.452245 -0.825911 0.336668
vn -0.403024 -0.739147 0.539661
vn -0.555076 -0.692397 0.460951
vn -0.611433 -0.718608 0.331288
vn -0.555076 -0.692397 0.460951
vn -0.403024 -0.739147 0.539661
vn -0.224096 -0.638494 0.736279
vn 0.003882 -0.006181 0.999973
vn -0.000116 -0.006040 0.999982
vn -0.121489 -0.342469 0.931641
vn -0.031821 -0.375013 0.926473
vn -0.000116 -0.006040 0.999982
vn -0.015254 -0.008783 0.999845
vn -0.255767 -0.299879 0.919052
vn -0.121489 -0.342469 0.931641
vn 0.248935 0.301846 -0.920283
vn 0.123965 0.346498 -0.929823
vn 0.233722 0.645832 -0.726825
vn 0.444099 0.551348 -0.706251
vn 0.123965 0.346498 -0.929823
vn 0.033918 0.370670 -0.928145
vn 0.069570 0.692738 -0.717826
vn 0.233722 0.645832 -0.726825
vn 0.558169 0.714692 -0.421501
vn 0.301082 0.850055 -0.432152
vn 0.356988 0.934109 0.000000
vn 0.632504 0.774557 0.000001
vn 0.301082 0.850055 -0.432152
vn 0.089662 0.909420 -0.406098
vn 0.116897 0.993144 0.000000
vn 0.356988 0.934109 0.000000
vn 0.558169 0.714692 0.421500
vn 0.301082 0.850056 0.432151
vn 0.233723 0.645834 0.726823
vn 0.444101 0.551350 0.706249
vn 0.301082 0.850056 0.432151
vn 0.089663 0.909421 0.406097
vn 0.069570 0.692739 0.717825
vn 0.233723 0.645834 0.726823
vn 0.097398 0.915261 0.390911
vn 0.312330 0.861432 0.400481
vn 0.230315 0.644294 0.729274
vn 0.071395 0.692546 0.717832
vn 0.312330 0.861432 0.400481
vn 0.574847 0.712221 0.402855
vn 0.432825 0.543789 0.718997
vn 0.230315 0.644294 0.729274
vn 0.019627 0.008587 0.999770
vn 0.003470 0.005728 0.999978
vn -0.126102 -0.345754 0.929813
vn -0.230997 -0.293648 0.927584
vn 0.003470 0.005728 0.999978
vn -0.001742 0.000281 0.999999
vn -0.037947 -0.372326 0.927326
vn -0.126102 -0.345754 0.929813
vn 0.097398 0.915261 -0.390911
vn 0.312329 0.861433 -0.400480
vn 0.342828 0.939398 0.000000
vn 0.107639 0.994190 0.000000
vn 0.312329 0.861433 -0.400480
vn 0.574847 0.712220 -0.402856
vn 0.629784 0.776770 0.000001
vn 0.342828 0.939398 0.000000
vn -0.581723 -0.687638 0.434456
vn -0.322838 -0.852604 0.410905
vn -0.340985 -0.940069 0.000000
vn -0.636672 -0.771135 -0.000000
vn -0.322838 -0.852604 0.410905
vn -0.092151 -0.915928 0.390619
vn -0.089419 -0.995994 0.000001
vn -0.340985 -0.940069 0.000000
vn -0.636672 -0.771135 -0.000000
vn -0.340985 -0.940069 0.000000
vn -0.322837 -0.852605 -0.410904
vn -0.581722 -0.687639 -0.434455
vn -0.340985 -0.940069 0.000000
vn -0.089419 -0.995994 0.000001
vn -0.092151 -0.915929 -0.390618
vn -0.322837 -0.852605 -0.410904
vn 0.038057 0.366979 -0.929450
vn 0.118513 0.334401 -0.934950
vn 0.230315 0.644293 -0.729275
vn 0.071396 0.692545 -0.717833
vn 0.118513 0.334401 -0.934950
vn 0.221139 0.284817 -0.932726
vn 0.432823 0.543787 -0.718999
vn 0.230315 0.644293 -0.729275
vn -0.230998 -0.293650 -0.927583
vn -0.126103 -0.345754 -0.929813
vn 0.003471 0.005726 -0.999978
vn 0.019630 0.008587 -0.999770
vn -0.126103 -0.345754 -0.929813
vn -0.037948 -0.372327 -0.927326
vn -0.001743 0.000279 -0.999999
vn 0.003471 0.005726 -0.999978
vn -0.040302 0.363949 -0.930547
vn -0.161538 0.316701 -0.934669
vn -0.303616 0.596322 -0.743113
vn -0.083105 0.683189 -0.725497
vn -0.161538 0.316701 -0.934669
vn -0.331961 0.227973 -0.915331
vn -0.567886 0.418290 -0.708900
vn -0.303616 0.596322 -0.743113
vn -0.110862 0.900996 -0.419423
vn -0.395663 0.791631 -0.465587
vn -0.450120 0.831212 -0.326311
vn -0.146432 0.989221 0.000000
vn -0.395663 0.791631 -0.465587
vn -0.710438 0.545038 -0.445210
vn -0.802887 0.596131 -0.000008
vn -0.450120 0.831212 -0.326311
vn -0.110862 0.900996 0.419424
vn -0.395664 0.791631 0.465587
vn -0.303617 0.596323 0.743112
vn -0.083105 0.683189 0.725497
vn -0.395664 0.791631 0.465587
vn -0.710386 0.545122 0.445189
vn -0.567875 0.418328 0.708886
vn -0.303617 0.596323 0.743112
vn 0.005802 0.004205 0.999974
vn -0.001019 0.009681 0.999953
vn 0.164518 -0.298821 0.940021
vn 0.052113 -0.356503 0.932840
vn -0.001019 0.009681 0.999953
vn -0.033291 0.009846 0.999397
vn 0.288750 -0.207787 0.934584
vn 0.164518 -0.298821 0.940021
vn 0.127206 -0.900164 0.416561
vn 0.422522 -0.768034 0.481248
vn 0.442958 -0.896542 0.000003
vn 0.110604 -0.993865 0.000002
vn 0.422522 -0.768034 0.481248
vn 0.732266 -0.495933 0.466730
vn 0.766265 -0.558391 0.317863
vn 0.442958 -0.896542 0.000003
vn 0.110604 -0.993865 0.000002
vn 0.442958 -0.896542 0.000003
vn 0.422522 -0.768036 -0.481245
vn 0.127205 -0.900165 -0.416559
vn 0.442958 -0.896542 0.000003
vn 0.766412 -0.558162 -0.317912
vn 0.732342 -0.495791 -0.466762
vn 0.422522 -0.768036 -0.481245
vn 0.052111 -0.356503 -0.932840
vn 0.164516 -0.298820 -0.940022
vn -0.001021 0.009683 -0.999953
vn 0.005801 0.004206 -0.999974
vn 0.164516 -0.298820 -0.940022
vn 0.288741 -0.207898 -0.934563
vn -0.033294 0.009772 -0.999398
vn -0.001021 0.009683 -0.999953
vn 0.221139 0.284817 -0.932726
vn 0.248935 0.301846 -0.920283
vn 0.444099 0.551348 -0.706251
vn 0.432823 0.543787 -0.718999
vn 0.000000 -1.000000 0.000000
vn 0.000000 -1.000000 0.000000
vn 0.000000 -1.000000 0.000000
vn 0.000000 -1.000000 0.000000
vn -0.000000 -1.000000 0.000000
vn 0.000000 -1.000000 0.000000
vn 0.000000 -1.000000 0.000000
vn -0.000000 -1.000000 0.000000
vn 0.000000 -1.000000 0.000000
vn 0.000000 -1.000000 0.000000
vn 0.000000 -1.000000 0.000000
vn 0.000000 -1.000000 0.000000
vn 0.000000 -1.000000 0.000000
vn 0.000000 -1.000000 0.000000
vn 0.000000 -1.000000 0.000000
vn 0.000000 -1.000000 0.000000
vn 0.000000 -1.000000 0.000000
vn 0.000000 -1.000000 0.000000
vn 0.000000 -1.000000 0.000000
vn 0.000000 -1.000000 0.000000
vn 0.000000 -1.000000 0.000000
vn 0.000000 -1.000000 0.000000
vn 0.000000 -1.000000 0.000000
vn 0.000000 -1.000000 0.000000
vn 0.000000 -1.000000 0.000000
vn 0.000000 -1.000000 0.000000
vn 0.000000 -1.000000 0.000000
vn 0.000000 -1.000000 0.000000
vn 0.000000 -1.000000 0.000000
vn -0.964166 -0.265298 -0.000001
vn -0.997792 -0.066422 -0.000000
vn -0.741938 -0.055180 -0.668194
vn -0.725644 -0.267036 -0.634139
vn -0.207290 -0.231408 -0.950516
vn -0.136273 0.006568 -0.990650
vn 0.252446 0.283293 -0.925211
vn 0.046731 -0.145688 -0.988226
vn 0.141302 0.716923 0.682683
vn 0.013606 0.044345 0.998924
vn 0.026447 -0.002374 0.999647
vn 0.305064 0.647164 0.698653
vn -0.198172 -0.980167 -0.000000
vn -0.131784 -0.666807 -0.733486
vn -0.258591 -0.658532 -0.706729
vn -0.377710 -0.925924 -0.000002
vn 0.046732 -0.145683 0.988227
vn 0.252446 0.283301 0.925209
vn -0.136276 0.006571 0.990649
vn -0.207293 -0.231407 0.950516
vn -0.183517 -0.744389 -0.642033
vn 0.080331 -0.737679 -0.670356
vn 0.110327 -0.993895 0.000002
vn -0.154743 -0.987955 -0.000002
vn -0.000136 0.011919 0.999929
vn 0.697815 0.124764 0.705328
vn 0.664699 0.285572 0.690379
vn -0.018870 0.167772 0.985645
vn -0.018870 0.167772 0.985645
vn 0.664699 0.285572 0.690379
vn 0.468345 0.695321 0.545143
vn -0.079299 0.729017 0.679887
vn 0.025876 -0.025765 0.999333
vn -0.001489 0.022500 0.999746
vn -0.057928 0.716294 0.695390
vn -0.124072 0.699870 0.703412
vn 0.191988 -0.981397 0.000001
vn 0.143572 -0.701265 -0.698294
vn 0.059671 -0.690766 -0.720612
vn 0.087083 -0.996201 -0.000001
vn -0.057928 0.716291 -0.695392
vn -0.001489 0.022497 -0.999746
vn 0.025875 -0.025771 -0.999333
vn -0.124071 0.699866 -0.703416
vn 0.708440 -0.350993 -0.612304
vn 0.857378 0.132766 -0.497269
vn 0.979983 0.199079 0.000000
vn 0.895061 -0.445944 0.000000
vn 0.697815 0.124764 -0.705328
vn -0.000135 0.011920 -0.999929
vn -0.018870 0.167776 -0.985645
vn 0.664698 0.285576 -0.690379
vn 0.664698 0.285576 -0.690379
vn -0.018870 0.167776 -0.985645
vn -0.079300 0.729019 -0.679884
vn 0.468344 0.695324 -0.545141
vn -0.136273 0.006568 -0.990650
vn -0.014506 0.007147 -0.999869
vn 0.704773 0.067773 -0.706188
vn 0.252446 0.283293 -0.925211
vn 0.985298 0.170846 -0.000002
vn 0.697815 0.124764 -0.705328
vn 0.664698 0.285576 -0.690379
vn 0.945150 0.326638 -0.000001
vn 0.945150 0.326638 -0.000001
vn 0.664698 0.285576 -0.690379
vn 0.468344 0.695324 -0.545141
vn 0.577075 0.816691 0.000000
vn 0.468344 0.695324 -0.545141
vn -0.079300 0.729019 -0.679884
vn -0.099112 0.995076 -0.000001
vn 0.577075 0.816691 0.000000
vn 0.252446 0.283301 0.925209
vn 0.704773 0.067773 0.706189
vn -0.014509 0.007147 0.999869
vn -0.136276 0.006571 0.990649
vn -0.996420 -0.084543 0.000001
vn -0.706376 -0.057091 -0.705531
vn -0.741938 -0.055180 -0.668194
vn -0.997792 -0.066422 -0.000000
vn 0.141302 0.716920 -0.682685
vn 0.188619 0.982050 -0.000002
vn 0.415686 0.909508 -0.000001
vn 0.305063 0.647163 -0.698653
vn -0.700024 -0.100642 -0.706992
vn -0.989031 -0.147707 0.000001
vn -0.999990 0.004489 0.000001
vn -0.711065 0.058759 -0.700667
vn -0.711065 0.058759 -0.700667
vn -0.999990 0.004489 0.000001
vn -0.771343 0.636419 -0.000000
vn -0.627291 0.543180 -0.558088
vn -0.191696 0.981454 0.000000
vn -0.080235 0.996776 -0.000002
vn -0.057928 0.716291 -0.695392
vn -0.124071 0.699866 -0.703416
vn -0.057928 0.716291 -0.695392
vn 0.141302 0.716920 -0.682685
vn 0.013605 0.044343 -0.998924
vn -0.001489 0.022497 -0.999746
vn 0.087083 -0.996201 -0.000001
vn 0.059671 -0.690766 -0.720612
vn -0.131784 -0.666807 -0.733486
vn -0.198172 -0.980167 -0.000000
vn -0.080235 0.996776 -0.000002
vn 0.188619 0.982050 -0.000002
vn 0.141302 0.716920 -0.682685
vn -0.057928 0.716291 -0.695392
vn -0.001489 0.022500 0.999746
vn 0.013606 0.044345 0.998924
vn 0.141302 0.716923 0.682683
vn -0.057928 0.716294 0.695390
vn -0.996420 -0.084543 0.000001
vn -0.989031 -0.147707 0.000001
vn -0.700024 -0.100642 -0.706992
vn -0.706376 -0.057091 -0.705531
vn -0.014506 0.007147 -0.999869
vn -0.000135 0.011920 -0.999929
vn 0.697815 0.124764 -0.705328
vn 0.704773 0.067773 -0.706188
vn 0.697815 0.124764 -0.705328
vn 0.985298 0.170846 -0.000002
vn 0.996021 0.089116 -0.000002
vn 0.704773 0.067773 -0.706188
vn 0.697815 0.124764 0.705328
vn -0.000136 0.011919 0.999929
vn -0.014509 0.007147 0.999869
vn 0.704773 0.067773 0.706189
vn 0.141302 0.716920 -0.682685
vn 0.305063 0.647163 -0.698653
vn 0.026447 -0.002375 -0.999647
vn 0.013605 0.044343 -0.998924
vn 0.996021 0.089116 -0.000002
vn 0.598656 0.801006 -0.000002
vn 0.252446 0.283293 -0.925211
vn 0.704773 0.067773 -0.706188
vn -0.964167 -0.265298 0.000001
vn -0.725644 -0.267035 0.634139
vn -0.741938 -0.055179 0.668194
vn -0.997792 -0.066421 -0.000000
vn -0.207290 -0.231407 0.950517
vn 0.046732 -0.145686 0.988227
vn 0.252446 0.283295 0.925211
vn -0.136273 0.006570 0.990650
vn 0.141302 0.716922 -0.682684
vn 0.305064 0.647163 -0.698653
vn 0.026447 -0.002374 -0.999647
vn 0.013605 0.044345 -0.998924
vn -0.198171 -0.980167 -0.000001
vn -0.377709 -0.925924 0.000000
vn -0.258591 -0.658531 0.706730
vn -0.131785 -0.666806 0.733486
vn 0.046732 -0.145687 -0.988226
vn -0.207291 -0.231408 -0.950516
vn -0.136275 0.006568 -0.990649
vn 0.252446 0.283294 -0.925211
vn -0.183517 -0.744389 0.642034
vn -0.154744 -0.987955 0.000000
vn 0.110327 -0.993895 -0.000001
vn 0.080331 -0.737679 0.670356
vn -0.000137 0.011919 -0.999929
vn -0.018871 0.167771 -0.985645
vn 0.664698 0.285572 -0.690380
vn 0.697814 0.124764 -0.705330
vn -0.018871 0.167771 -0.985645
vn -0.079302 0.729014 -0.679889
vn 0.468345 0.695321 -0.545144
vn 0.664698 0.285572 -0.690380
vn 0.025876 -0.025771 -0.999333
vn -0.124072 0.699867 -0.703415
vn -0.057928 0.716293 -0.695391
vn -0.001489 0.022497 -0.999746
vn 0.191988 -0.981397 -0.000001
vn 0.087083 -0.996201 -0.000000
vn 0.059671 -0.690767 0.720611
vn 0.143572 -0.701264 0.698295
vn -0.057928 0.716293 0.695391
vn -0.124071 0.699867 0.703415
vn 0.025875 -0.025770 0.999333
vn -0.001489 0.022498 0.999746
vn 0.708439 -0.350991 0.612307
vn 0.895061 -0.445944 -0.000000
vn 0.979984 0.199078 -0.000001
vn 0.857378 0.132765 0.497268
vn 0.697815 0.124764 0.705329
vn 0.664698 0.285574 0.690379
vn -0.018871 0.167774 0.985645
vn -0.000135 0.011920 0.999929
vn 0.664698 0.285574 0.690379
vn 0.468343 0.695324 0.545142
vn -0.079302 0.729017 0.679887
vn -0.018871 0.167774 0.985645
vn -0.136273 0.006570 0.990650
vn 0.252446 0.283295 0.925211
vn 0.704773 0.067773 0.706188
vn -0.014507 0.007147 0.999869
vn 0.985298 0.170846 0.000000
vn 0.945149 0.326638 -0.000000
vn 0.664698 0.285574 0.690379
vn 0.697815 0.124764 0.705329
vn 0.945149 0.326638 -0.000000
vn 0.577074 0.816692 -0.000002
vn 0.468343 0.695324 0.545142
vn 0.664698 0.285574 0.690379
vn 0.468343 0.695324 0.545142
vn 0.577074 0.816692 -0.000002
vn -0.099114 0.995076 -0.000001
vn -0.079302 0.729017 0.679887
vn 0.252446 0.283294 -0.925211
vn -0.136275 0.006568 -0.990649
vn -0.014509 0.007147 -0.999869
vn 0.704772 0.067773 -0.706189
vn -0.996420 -0.084542 -0.000002
vn -0.997792 -0.066421 -0.000000
vn -0.741938 -0.055179 0.668194
vn -0.706376 -0.057090 0.705531
vn 0.141302 0.716922 0.682684
vn 0.305064 0.647164 0.698653
vn 0.415687 0.909508 -0.000001
vn 0.188619 0.982050 -0.000000
vn -0.700023 -0.100641 0.706993
vn -0.711065 0.058758 0.700667
vn -0.999990 0.004489 -0.000002
vn -0.989031 -0.147707 -0.000002
vn -0.711065 0.058758 0.700667
vn -0.627292 0.543178 0.558088
vn -0.771344 0.636419 -0.000002
vn -0.999990 0.004489 -0.000002
vn -0.191696 0.981454 -0.000001
vn -0.124071 0.699867 0.703415
vn -0.057928 0.716293 0.695391
vn -0.080235 0.996776 -0.000001
vn -0.057928 0.716293 0.695391
vn -0.001489 0.022498 0.999746
vn 0.013605 0.044345 0.998924
vn 0.141302 0.716922 0.682684
vn 0.087083 -0.996201 -0.000000
vn -0.198171 -0.980167 -0.000001
vn -0.131785 -0.666806 0.733486
vn 0.059671 -0.690767 0.720611
vn -0.080235 0.996776 -0.000001
vn -0.057928 0.716293 0.695391
vn 0.141302 0.716922 0.682684
vn 0.188619 0.982050 -0.000000
vn -0.001489 0.022497 -0.999746
vn -0.057928 0.716293 -0.695391
vn 0.141302 0.716922 -0.682684
vn 0.013605 0.044345 -0.998924
vn -0.996420 -0.084542 -0.000002
vn -0.706376 -0.057090 0.705531
vn -0.700023 -0.100641 0.706993
vn -0.989031 -0.147707 -0.000002
vn -0.014507 0.007147 0.999869
vn 0.704773 0.067773 0.706188
vn 0.697815 0.124764 0.705329
vn -0.000135 0.011920 0.999929
vn 0.697815 0.124764 0.705329
vn 0.704773 0.067773 0.706188
vn 0.996021 0.089116 0.000000
vn 0.985298 0.170846 0.000000
vn 0.697814 0.124764 -0.705330
vn 0.704772 0.067773 -0.706189
vn -0.014509 0.007147 -0.999869
vn -0.000137 0.011919 -0.999929
vn 0.141302 0.716922 0.682684
vn 0.013605 0.044345 0.998924
vn 0.026447 -0.002373 0.999647
vn 0.305064 0.647164 0.698653
vn 0.996021 0.089116 0.000000
vn 0.704773 0.067773 0.706188
vn 0.252446 0.283295 0.925211
vn 0.598655 0.801007 0.000000
vn 0.964167 -0.265296 -0.000001
vn 0.725645 -0.267035 -0.634139
vn 0.741938 -0.055178 -0.668194
vn 0.997792 -0.066420 -0.000000
vn 0.207290 -0.231407 -0.950516
vn -0.046731 -0.145687 -0.988226
vn -0.252447 0.283293 -0.925211
vn 0.136272 0.006568 -0.990650
vn -0.141302 0.716922 0.682683
vn -0.305064 0.647163 0.698653
vn -0.026448 -0.002374 0.999647
vn -0.013606 0.044344 0.998924
vn 0.198172 -0.980167 -0.000000
vn 0.377710 -0.925924 -0.000002
vn 0.258591 -0.658532 -0.706730
vn 0.131784 -0.666807 -0.733485
vn -0.046731 -0.145685 0.988227
vn 0.207294 -0.231406 0.950516
vn 0.136276 0.006571 0.990649
vn -0.252446 0.283299 0.925209
vn 0.183516 -0.744389 -0.642034
vn 0.154744 -0.987955 -0.000002
vn -0.110326 -0.993895 0.000002
vn -0.080330 -0.737677 -0.670358
vn 0.000137 0.011920 0.999929
vn 0.018870 0.167773 0.985645
vn -0.664698 0.285576 0.690379
vn -0.697815 0.124764 0.705329
vn 0.018870 0.167773 0.985645
vn 0.079302 0.729017 0.679887
vn -0.468341 0.695326 0.545141
vn -0.664698 0.285576 0.690379
vn -0.025876 -0.025766 0.999333
vn 0.124072 0.699869 0.703413
vn 0.057928 0.716294 0.695390
vn 0.001489 0.022500 0.999746
vn -0.191987 -0.981397 0.000001
vn -0.087083 -0.996201 -0.000001
vn -0.059671 -0.690767 -0.720611
vn -0.143572 -0.701264 -0.698295
vn 0.057928 0.716292 -0.695392
vn 0.124071 0.699866 -0.703416
vn -0.025875 -0.025771 -0.999333
vn 0.001489 0.022497 -0.999746
vn -0.708437 -0.350994 -0.612307
vn -0.895059 -0.445947 -0.000001
vn -0.979983 0.199079 -0.000001
vn -0.857376 0.132765 -0.497272
vn -0.697815 0.124764 -0.705328
vn -0.664698 0.285575 -0.690380
vn 0.018870 0.167776 -0.985644
vn 0.000135 0.011920 -0.999929
vn -0.664698 0.285575 -0.690380
vn -0.468344 0.695324 -0.545142
vn 0.079302 0.729019 -0.679884
vn 0.018870 0.167776 -0.985644
vn 0.136272 0.006568 -0.990650
vn -0.252447 0.283293 -0.925211
vn -0.704773 0.067773 -0.706188
vn 0.014506 0.007147 -0.999869
vn -0.985298 0.170846 -0.000002
vn -0.945149 0.326640 -0.000002
vn -0.664698 0.285575 -0.690380
vn -0.697815 0.124764 -0.705328
vn -0.945149 0.326640 -0.000002
vn -0.577072 0.816693 0.000000
vn -0.468344 0.695324 -0.545142
vn -0.664698 0.285575 -0.690380
vn -0.468344 0.695324 -0.545142
vn -0.577072 0.816693 0.000000
vn 0.099114 0.995076 -0.000000
vn 0.079302 0.729019 -0.679884
vn -0.252446 0.283299 0.925209
vn 0.136276 0.006571 0.990649
vn 0.014509 0.007147 0.999869
vn -0.704773 0.067773 0.706188
vn 0.996420 -0.084543 0.000001
vn 0.997792 -0.066420 -0.000000
vn 0.741938 -0.055178 -0.668194
vn 0.706376 -0.057091 -0.705531
vn -0.141302 0.716921 -0.682685
vn -0.305063 0.647162 -0.698654
vn -0.415686 0.909508 -0.000001
vn -0.188620 0.982050 -0.000002
vn 0.700023 -0.100642 -0.706993
vn 0.711065 0.058760 -0.700667
vn 0.999990 0.004489 0.000001
vn 0.989031 -0.147707 0.000001
vn 0.711065 0.058760 -0.700667
vn 0.627292 0.543180 -0.558087
vn 0.771344 0.636418 0.000000
vn 0.999990 0.004489 0.000001
vn 0.191696 0.981454 0.000001
vn 0.124071 0.699866 -0.703416
vn 0.057928 0.716292 -0.695392
vn 0.080235 0.996776 -0.000001
vn 0.057928 0.716292 -0.695392
vn 0.001489 0.022497 -0.999746
vn -0.013605 0.044344 -0.998924
vn -0.141302 0.716921 -0.682685
vn -0.087083 -0.996201 -0.000001
vn 0.198172 -0.980167 -0.000000
vn 0.131784 -0.666807 -0.733485
vn -0.059671 -0.690767 -0.720611
vn 0.080235 0.996776 -0.000001
vn 0.057928 0.716292 -0.695392
vn -0.141302 0.716921 -0.682685
vn -0.188620 0.982050 -0.000002
vn 0.001489 0.022500 0.999746
vn 0.057928 0.716294 0.695390
vn -0.141302 0.716922 0.682683
vn -0.013606 0.044344 0.998924
vn 0.996420 -0.084543 0.000001
vn 0.706376 -0.057091 -0.705531
vn 0.700023 -0.100642 -0.706993
vn 0.989031 -0.147707 0.000001
vn 0.014506 0.007147 -0.999869
vn -0.704773 0.067773 -0.706188
vn -0.697815 0.124764 -0.705328
vn 0.000135 0.011920 -0.999929
vn -0.697815 0.124764 -0.705328
vn -0.704773 0.067773 -0.706188
vn -0.996021 0.089116 -0.000002
vn -0.985298 0.170846 -0.000002
vn -0.697815 0.124764 0.705329
vn -0.704773 0.067773 0.706188
vn 0.014509 0.007147 0.999869
vn 0.000137 0.011920 0.999929
vn -0.141302 0.716921 -0.682685
vn -0.013605 0.044344 -0.998924
vn -0.026447 -0.002375 -0.999647
vn -0.305063 0.647162 -0.698654
vn -0.996021 0.089116 -0.000002
vn -0.704773 0.067773 -0.706188
vn -0.252447 0.283293 -0.925211
vn -0.598656 0.801006 -0.000001
vn 0.964167 -0.265296 0.000001
vn 0.997792 -0.066421 -0.000000
vn 0.741938 -0.055178 0.668194
vn 0.725646 -0.267033 0.634138
vn 0.207290 -0.231407 0.950516
vn 0.136272 0.006569 0.990650
vn -0.252446 0.283294 0.925211
vn -0.046732 -0.145686 0.988226
vn -0.141302 0.716922 -0.682683
vn -0.013606 0.044345 -0.998924
vn -0.026447 -0.002373 -0.999647
vn -0.305063 0.647163 -0.698653
vn 0.198171 -0.980167 -0.000000
vn 0.131785 -0.666806 0.733486
vn 0.258590 -0.658531 0.706730
vn 0.377709 -0.925924 0.000001
vn -0.046732 -0.145687 -0.988226
vn -0.252446 0.283294 -0.925211
vn 0.136274 0.006568 -0.990649
vn 0.207291 -0.231408 -0.950516
vn 0.183516 -0.744389 0.642034
vn -0.080331 -0.737679 0.670356
vn -0.110327 -0.993895 -0.000001
vn 0.154744 -0.987954 0.000001
vn 0.000137 0.011919 -0.999929
vn -0.697814 0.124763 -0.705330
vn -0.664698 0.285572 -0.690381
vn 0.018871 0.167771 -0.985645
vn 0.018871 0.167771 -0.985645
vn -0.664698 0.285572 -0.690381
vn -0.468344 0.695321 -0.545144
vn 0.079303 0.729014 -0.679889
vn -0.025876 -0.025770 -0.999333
vn 0.001489 0.022497 -0.999746
vn 0.057928 0.716294 -0.695391
vn 0.124072 0.699867 -0.703415
vn -0.191988 -0.981397 -0.000001
vn -0.143572 -0.701264 0.698295
vn -0.059671 -0.690767 0.720611
vn -0.087083 -0.996201 0.000000
vn 0.057928 0.716293 0.695391
vn 0.001489 0.022498 0.999746
vn -0.025875 -0.025770 0.999333
vn 0.124071 0.699867 0.703415
vn -0.708436 -0.350992 0.612309
vn -0.857377 0.132764 0.497270
vn -0.979984 0.199078 0.000000
vn -0.895060 -0.445946 0.000002
vn -0.697815 0.124764 0.705328
vn 0.000135 0.011920 0.999929
vn 0.018871 0.167773 0.985645
vn -0.664699 0.285574 0.690379
vn -0.664699 0.285574 0.690379
vn 0.018871 0.167773 0.985645
vn 0.079303 0.729016 0.679887
vn -0.468344 0.695324 0.545142
vn 0.136272 0.006569 0.990650
vn 0.014506 0.007148 0.999869
vn -0.704773 0.067773 0.706188
vn -0.252446 0.283294 0.925211
vn -0.985298 0.170846 -0.000000
vn -0.697815 0.124764 0.705328
vn -0.664699 0.285574 0.690379
vn -0.945150 0.326638 -0.000001
vn -0.945150 0.326638 -0.000001
vn -0.664699 0.285574 0.690379
vn -0.468344 0.695324 0.545142
vn -0.577074 0.816692 -0.000002
vn -0.468344 0.695324 0.545142
vn 0.079303 0.729016 0.679887
vn 0.099114 0.995076 -0.000001
vn -0.577074 0.816692 -0.000002
vn -0.252446 0.283294 -0.925211
vn -0.704773 0.067773 -0.706189
vn 0.014508 0.007147 -0.999869
vn 0.136274 0.006568 -0.990649
vn 0.996420 -0.084543 -0.000002
vn 0.706376 -0.057090 0.705531
vn 0.741938 -0.055178 0.668194
vn 0.997792 -0.066421 -0.000000
vn -0.141302 0.716921 0.682684
vn -0.188620 0.982050 -0.000000
vn -0.415686 0.909508 -0.000001
vn -0.305063 0.647163 0.698653
vn 0.700023 -0.100641 0.706994
vn 0.989031 -0.147707 -0.000002
vn 0.999990 0.004490 -0.000002
vn 0.711065 0.058758 0.700667
vn 0.711065 0.058758 0.700667
vn 0.999990 0.004490 -0.000002
vn 0.771344 0.636419 -0.000002
vn 0.627293 0.543177 0.558088
vn 0.191696 0.981454 -0.000001
vn 0.080235 0.996776 -0.000000
vn 0.057928 0.716293 0.695391
vn 0.124071 0.699867 0.703415
vn 0.057928 0.716293 0.695391
vn -0.141302 0.716921 0.682684
vn -0.013605 0.044344 0.998924
vn 0.001489 0.022498 0.999746
vn -0.087083 -0.996201 0.000000
vn -0.059671 -0.690767 0.720611
vn 0.131785 -0.666806 0.733486
vn 0.198171 -0.980167 -0.000000
vn 0.080235 0.996776 -0.000000
vn -0.188620 0.982050 -0.000000
vn -0.141302 0.716921 0.682684
vn 0.057928 0.716293 0.695391
vn 0.001489 0.022497 -0.999746
vn -0.013606 0.044345 -0.998924
vn -0.141302 0.716922 -0.682683
vn 0.057928 0.716294 -0.695391
vn 0.996420 -0.084543 -0.000002
vn 0.989031 -0.147707 -0.000002
vn 0.700023 -0.100641 0.706994
vn 0.706376 -0.057090 0.705531
vn 0.014506 0.007148 0.999869
vn 0.000135 0.011920 0.999929
vn -0.697815 0.124764 0.705328
vn -0.704773 0.067773 0.706188
vn -0.697815 0.124764 0.705328
vn -0.985298 0.170846 -0.000000
vn -0.996021 0.089116 0.000000
vn -0.704773 0.067773 0.706188
vn -0.697814 0.124763 -0.705330
vn 0.000137 0.011919 -0.999929
vn 0.014508 0.007147 -0.999869
vn -0.704773 0.067773 -0.706189
vn -0.141302 0.716921 0.682684
vn -0.305063 0.647163 0.698653
vn -0.026447 -0.002374 0.999647
vn -0.013605 0.044344 0.998924
vn -0.996021 0.089116 0.000000
vn -0.598655 0.801007 -0.000000
vn -0.252446 0.283294 0.925211
vn -0.704773 0.067773 0.706188
vn -0.964167 -0.265297 0.000001
vn -0.725644 -0.267034 0.634140
vn -0.741939 -0.055179 0.668193
vn -0.997792 -0.066421 0.000000
vn -0.207290 -0.231408 0.950516
vn 0.046732 -0.145689 0.988226
vn 0.252446 0.283294 0.925211
vn -0.136273 0.006569 0.990650
vn 0.141302 0.716921 -0.682684
vn 0.305063 0.647163 -0.698653
vn 0.026446 -0.002375 -0.999647
vn 0.013606 0.044346 -0.998924
vn -0.198171 -0.980168 -0.000000
vn -0.377708 -0.925925 -0.000000
vn -0.258590 -0.658531 0.706730
vn -0.131784 -0.666806 0.733487
vn 0.046734 -0.145691 -0.988226
vn -0.207289 -0.231410 -0.950516
vn -0.136275 0.006568 -0.990649
vn 0.252447 0.283293 -0.925211
vn -0.183516 -0.744389 0.642034
vn -0.154743 -0.987955 0.000000
vn 0.110327 -0.993895 -0.000001
vn 0.080331 -0.737679 0.670355
vn -0.000141 0.011919 -0.999929
vn -0.018871 0.167772 -0.985645
vn 0.664698 0.285574 -0.690380
vn 0.697813 0.124764 -0.705330
vn -0.018871 0.167772 -0.985645
vn -0.079299 0.729016 -0.679888
vn 0.468347 0.695322 -0.545140
vn 0.664698 0.285574 -0.690380
vn 0.025877 -0.025772 -0.999333
vn -0.124071 0.699869 -0.703413
vn -0.057928 0.716295 -0.695389
vn -0.001489 0.022499 -0.999746
vn 0.191988 -0.981397 -0.000001
vn 0.087083 -0.996201 0.000000
vn 0.059671 -0.690767 0.720611
vn 0.143572 -0.701264 0.698295
vn -0.057928 0.716293 0.695391
vn -0.124071 0.699866 0.703416
vn 0.025875 -0.025772 0.999333
vn -0.001489 0.022498 0.999746
vn 0.708440 -0.350993 0.612305
vn 0.895061 -0.445944 0.000001
vn 0.979983 0.199079 -0.000000
vn 0.857380 0.132764 0.497266
vn 0.697813 0.124764 0.705330
vn 0.664697 0.285574 0.690380
vn -0.018868 0.167773 0.985645
vn -0.000134 0.011920 0.999929
vn 0.664697 0.285574 0.690380
vn 0.468345 0.695323 0.545140
vn -0.079300 0.729015 0.679889
vn -0.018868 0.167773 0.985645
vn -0.136273 0.006569 0.990650
vn 0.252446 0.283294 0.925211
vn 0.704772 0.067773 0.706189
vn -0.014506 0.007147 0.999869
vn 0.985298 0.170846 0.000001
vn 0.945149 0.326638 -0.000000
vn 0.664697 0.285574 0.690380
vn 0.697813 0.124764 0.705330
vn 0.945149 0.326638 -0.000000
vn 0.577076 0.816691 -0.000000
vn 0.468345 0.695323 0.545140
vn 0.664697 0.285574 0.690380
vn 0.468345 0.695323 0.545140
vn 0.577076 0.816691 -0.000000
vn -0.099113 0.995076 0.000001
vn -0.079300 0.729015 0.679889
vn 0.252447 0.283293 -0.925211
vn -0.136275 0.006568 -0.990649
vn -0.014511 0.007146 -0.999869
vn 0.704773 0.067773 -0.706189
vn -0.996420 -0.084543 -0.000001
vn -0.997792 -0.066421 0.000000
vn -0.741939 -0.055179 0.668193
vn -0.706374 -0.057090 0.705533
vn 0.141302 0.716922 0.682684
vn 0.305063 0.647163 0.698653
vn 0.415686 0.909508 -0.000001
vn 0.188619 0.982050 -0.000001
vn -0.700020 -0.100641 0.706996
vn -0.711063 0.058757 0.700669
vn -0.999990 0.004488 -0.000000
vn -0.989031 -0.147707 -0.000002
vn -0.711063 0.058757 0.700669
vn -0.627292 0.543176 0.558090
vn -0.771345 0.636417 0.000001
vn -0.999990 0.004488 -0.000000
vn -0.191696 0.981454 -0.000001
vn -0.124071 0.699866 0.703416
vn -0.057928 0.716293 0.695391
vn -0.080235 0.996776 -0.000001
vn -0.057928 0.716293 0.695391
vn -0.001489 0.022498 0.999746
vn 0.013605 0.044346 0.998924
vn 0.141302 0.716922 0.682684
vn 0.087083 -0.996201 0.000000
vn -0.198171 -0.980168 -0.000000
vn -0.131784 -0.666806 0.733487
vn 0.059671 -0.690767 0.720611
vn -0.080235 0.996776 -0.000001
vn -0.057928 0.716293 0.695391
vn 0.141302 0.716922 0.682684
vn 0.188619 0.982050 -0.000001
vn -0.001489 0.022499 -0.999746
vn -0.057928 0.716295 -0.695389
vn 0.141302 0.716921 -0.682684
vn 0.013606 0.044346 -0.998924
vn -0.996420 -0.084543 -0.000001
vn -0.706374 -0.057090 0.705533
vn -0.700020 -0.100641 0.706996
vn -0.989031 -0.147707 -0.000002
vn -0.014506 0.007147 0.999869
vn 0.704772 0.067773 0.706189
vn 0.697813 0.124764 0.705330
vn -0.000134 0.011920 0.999929
vn 0.697813 0.124764 0.705330
vn 0.704772 0.067773 0.706189
vn 0.996021 0.089116 0.000001
vn 0.985298 0.170846 0.000001
vn 0.697813 0.124764 -0.705330
vn 0.704773 0.067773 -0.706189
vn -0.014511 0.007146 -0.999869
vn -0.000141 0.011919 -0.999929
vn 0.141302 0.716922 0.682684
vn 0.013605 0.044346 0.998924
vn 0.026447 -0.002374 0.999647
vn 0.305063 0.647163 0.698653
vn 0.996021 0.089116 0.000001
vn 0.704772 0.067773 0.706189
vn 0.252446 0.283294 0.925211
vn 0.598656 0.801007 -0.000001
vn -0.964167 -0.265296 -0.000001
vn -0.997792 -0.066421 -0.000000
vn -0.741938 -0.055181 -0.668194
vn -0.725644 -0.267036 -0.634139
vn -0.207289 -0.231410 -0.950516
vn -0.136272 0.006566 -0.990650
vn 0.252448 0.283292 -0.925211
vn 0.046733 -0.145687 -0.988226
vn 0.141302 0.716922 0.682684
vn 0.013606 0.044345 0.998924
vn 0.026447 -0.002374 0.999647
vn 0.305063 0.647163 0.698653
vn -0.198172 -0.980167 0.000001
vn -0.131784 -0.666807 -0.733486
vn -0.258591 -0.658532 -0.706729
vn -0.377709 -0.925924 0.000001
vn 0.046731 -0.145687 0.988226
vn 0.252447 0.283294 0.925211
vn -0.136275 0.006568 0.990649
vn -0.207290 -0.231407 0.950516
vn -0.183517 -0.744389 -0.642033
vn 0.080330 -0.737678 -0.670357
vn 0.110326 -0.993895 0.000001
vn -0.154744 -0.987955 0.000001
vn -0.000137 0.011920 0.999929
vn 0.697814 0.124764 0.705330
vn 0.664698 0.285572 0.690381
vn -0.018871 0.167770 0.985646
vn -0.018871 0.167770 0.985646
vn 0.664698 0.285572 0.690381
vn 0.468345 0.695320 0.545144
vn -0.079301 0.729014 0.679890
vn 0.025876 -0.025770 0.999333
vn -0.001489 0.022498 0.999746
vn -0.057928 0.716294 0.695390
vn -0.124071 0.699868 0.703414
vn 0.191988 -0.981397 0.000001
vn 0.143572 -0.701263 -0.698295
vn 0.059670 -0.690767 -0.720611
vn 0.087083 -0.996201 0.000000
vn -0.057928 0.716293 -0.695391
vn -0.001489 0.022498 -0.999746
vn 0.025876 -0.025770 -0.999333
vn -0.124071 0.699866 -0.703416
vn 0.708441 -0.350992 -0.612304
vn 0.857380 0.132765 -0.497266
vn 0.979984 0.199077 0.000002
vn 0.895061 -0.445944 0.000002
vn 0.697815 0.124763 -0.705328
vn -0.000134 0.011920 -0.999929
vn -0.018870 0.167773 -0.985645
vn 0.664700 0.285573 -0.690378
vn 0.664700 0.285573 -0.690378
vn -0.018870 0.167773 -0.985645
vn -0.079304 0.729016 -0.679887
vn 0.468346 0.695322 -0.545142
vn -0.136272 0.006566 -0.990650
vn -0.014506 0.007147 -0.999869
vn 0.704773 0.067773 -0.706188
vn 0.252448 0.283292 -0.925211
vn 0.985298 0.170846 0.000001
vn 0.697815 0.124763 -0.705328
vn 0.664700 0.285573 -0.690378
vn 0.945150 0.326638 0.000001
vn 0.945150 0.326638 0.000001
vn 0.664700 0.285573 -0.690378
vn 0.468346 0.695322 -0.545142
vn 0.577075 0.816691 0.000001
vn 0.468346 0.695322 -0.545142
vn -0.079304 0.729016 -0.679887
vn -0.099115 0.995076 0.000000
vn 0.577075 0.816691 0.000001
vn 0.252447 0.283294 0.925211
vn 0.704773 0.067773 0.706188
vn -0.014508 0.007147 0.999869
vn -0.136275 0.006568 0.990649
vn -0.996420 -0.084543 0.000001
vn -0.706375 -0.057090 -0.705532
vn -0.741938 -0.055181 -0.668194
vn -0.997792 -0.066421 -0.000000
vn 0.141302 0.716922 -0.682683
vn 0.188619 0.982050 0.000001
vn 0.415687 0.909508 0.000001
vn 0.305064 0.647164 -0.698652
vn -0.700022 -0.100641 -0.706994
vn -0.989031 -0.147707 0.000001
vn -0.999990 0.004489 0.000001
vn -0.711065 0.058758 -0.700666
vn -0.711065 0.058758 -0.700666
vn -0.999990 0.004489 0.000001
vn -0.771345 0.636417 0.000001
vn -0.627295 0.543176 -0.558087
vn -0.191696 0.981454 0.000001
vn -0.080235 0.996776 0.000001
vn -0.057928 0.716293 -0.695391
vn -0.124071 0.699866 -0.703416
vn -0.057928 0.716293 -0.695391
vn 0.141302 0.716922 -0.682683
vn 0.013605 0.044345 -0.998924
vn -0.001489 0.022498 -0.999746
vn 0.087083 -0.996201 0.000000
vn 0.059670 -0.690767 -0.720611
vn -0.131784 -0.666807 -0.733486
vn -0.198172 -0.980167 0.000001
vn -0.080235 0.996776 0.000001
vn 0.188619 0.982050 0.000001
vn 0.141302 0.716922 -0.682683
vn -0.057928 0.716293 -0.695391
vn -0.001489 0.022498 0.999746
vn 0.013606 0.044345 0.998924
vn 0.141302 0.716922 0.682684
vn -0.057928 0.716294 0.695390
vn -0.996420 -0.084543 0.000001
vn -0.989031 -0.147707 0.000001
vn -0.700022 -0.100641 -0.706994
vn -0.706375 -0.057090 -0.705532
vn -0.014506 0.007147 -0.999869
vn -0.000134 0.011920 -0.999929
vn 0.697815 0.124763 -0.705328
vn 0.704773 0.067773 -0.706188
vn 0.697815 0.124763 -0.705328
vn 0.985298 0.170846 0.000001
vn 0.996021 0.089116 0.000001
vn 0.704773 0.067773 -0.706188
vn 0.697814 0.124764 0.705330
vn -0.000137 0.011920 0.999929
vn -0.014508 0.007147 0.999869
vn 0.704773 0.067773 0.706188
vn 0.141302 0.716922 -0.682683
vn 0.305064 0.647164 -0.698652
vn 0.026446 -0.002374 -0.999647
vn 0.013605 0.044345 -0.998924
vn 0.996021 0.089116 0.000001
vn 0.598656 0.801006 0.000001
vn 0.252448 0.283292 -0.925211
vn 0.704773 0.067773 -0.706188
vn 0.964167 -0.265295 0.000001
vn 0.997792 -0.066420 0.000000
vn 0.741939 -0.055178 0.668193
vn 0.725646 -0.267033 0.634139
vn 0.207290 -0.231410 0.950516
vn 0.136273 0.006569 0.990650
vn -0.252446 0.283294 0.925211
vn -0.046732 -0.145690 0.988226
vn -0.141302 0.716922 -0.682683
vn -0.013606 0.044347 -0.998924
vn -0.026446 -0.002375 -0.999647
vn -0.305063 0.647163 -0.698654
vn 0.198171 -0.980168 0.000000
vn 0.131784 -0.666805 0.733487
vn 0.258590 -0.658531 0.706731
vn 0.377708 -0.925925 0.000001
vn -0.046733 -0.145691 -0.988226
vn -0.252447 0.283293 -0.925211
vn 0.136275 0.006568 -0.990649
vn 0.207290 -0.231411 -0.950516
vn 0.183514 -0.744390 0.642032
vn -0.080331 -0.737680 0.670354
vn -0.110327 -0.993895 -0.000001
vn 0.154742 -0.987955 -0.000000
vn 0.000141 0.011918 -0.999929
vn -0.697813 0.124764 -0.705330
vn -0.664697 0.285574 -0.690380
vn 0.018871 0.167770 -0.985646
vn 0.018871 0.167770 -0.985646
vn -0.664697 0.285574 -0.690380
vn -0.468347 0.695323 -0.545139
vn 0.079298 0.729015 -0.679889
vn -0.025877 -0.025772 -0.999333
vn 0.001489 0.022500 -0.999746
vn 0.057929 0.716295 -0.695389
vn 0.124071 0.699868 -0.703414
vn -0.191988 -0.981397 -0.000001
vn -0.143572 -0.701264 0.698295
vn -0.059671 -0.690766 0.720612
vn -0.087083 -0.996201 0.000000
vn 0.057928 0.716294 0.695390
vn 0.001488 0.022500 0.999746
vn -0.025875 -0.025770 0.999333
vn 0.124071 0.699867 0.703415
vn -0.708437 -0.350995 0.612307
vn -0.857379 0.132763 0.497268
vn -0.979984 0.199077 0.000001
vn -0.895060 -0.445946 0.000002
vn -0.697813 0.124764 0.705331
vn 0.000134 0.011921 0.999929
vn 0.018868 0.167774 0.985645
vn -0.664698 0.285573 0.690380
vn -0.664698 0.285573 0.690380
vn 0.018868 0.167774 0.985645
vn 0.079300 0.729015 0.679888
vn -0.468346 0.695323 0.545141
vn 0.136273 0.006569 0.990650
vn 0.014506 0.007148 0.999869
vn -0.704772 0.067773 0.706189
vn -0.252446 0.283294 0.925211
vn -0.985298 0.170846 0.000000
vn -0.697813 0.124764 0.705331
vn -0.664698 0.285573 0.690380
vn -0.945150 0.326638 -0.000000
vn -0.945150 0.326638 -0.000000
vn -0.664698 0.285573 0.690380
vn -0.468346 0.695323 0.545141
vn -0.577076 0.816691 -0.000000
vn -0.468346 0.695323 0.545141
vn 0.079300 0.729015 0.679888
vn 0.099113 0.995076 0.000001
vn -0.577076 0.816691 -0.000000
vn -0.252447 0.283293 -0.925211
vn -0.704772 0.067773 -0.706189
vn 0.014511 0.007147 -0.999869
vn 0.136275 0.006568 -0.990649
vn 0.996420 -0.084543 -0.000001
vn 0.706374 -0.057090 0.705533
vn 0.741939 -0.055178 0.668193
vn 0.997792 -0.066420 0.000000
vn -0.141302 0.716922 0.682684
vn -0.188620 0.982050 0.000000
vn -0.415686 0.909508 -0.000000
vn -0.305063 0.647163 0.698654
vn 0.700019 -0.100640 0.706997
vn 0.989031 -0.147707 -0.000002
vn 0.999990 0.004489 -0.000000
vn 0.711062 0.058759 0.700669
vn 0.711062 0.058759 0.700669
vn 0.999990 0.004489 -0.000000
vn 0.771345 0.636418 0.000001
vn 0.627292 0.543177 0.558089
vn 0.191696 0.981454 -0.000003
vn 0.080235 0.996776 -0.000001
vn 0.057928 0.716294 0.695390
vn 0.124071 0.699867 0.703415
vn 0.057928 0.716294 0.695390
vn -0.141302 0.716922 0.682684
vn -0.013605 0.044347 0.998923
vn 0.001488 0.022500 0.999746
vn -0.087083 -0.996201 0.000000
vn -0.059671 -0.690766 0.720612
vn 0.131784 -0.666805 0.733487
vn 0.198171 -0.980168 0.000000
vn 0.080235 0.996776 -0.000001
vn -0.188620 0.982050 0.000000
vn -0.141302 0.716922 0.682684
vn 0.057928 0.716294 0.695390
vn 0.001489 0.022500 -0.999746
vn -0.013606 0.044347 -0.998924
vn -0.141302 0.716922 -0.682683
vn 0.057929 0.716295 -0.695389
vn 0.996420 -0.084543 -0.000001
vn 0.989031 -0.147707 -0.000002
vn 0.700019 -0.100640 0.706997
vn 0.706374 -0.057090 0.705533
vn 0.014506 0.007148 0.999869
vn 0.000134 0.011921 0.999929
vn -0.697813 0.124764 0.705331
vn -0.704772 0.067773 0.706189
vn -0.697813 0.124764 0.705331
vn -0.985298 0.170846 0.000000
vn -0.996021 0.089116 0.000000
vn -0.704772 0.067773 0.706189
vn -0.697813 0.124764 -0.705330
vn 0.000141 0.011918 -0.999929
vn 0.014511 0.007147 -0.999869
vn -0.704772 0.067773 -0.706189
vn -0.141302 0.716922 0.682684
vn -0.305063 0.647163 0.698654
vn -0.026447 -0.002374 0.999647
vn -0.013605 0.044347 0.998923
vn -0.996021 0.089116 0.000000
vn -0.598656 0.801006 -0.000001
vn -0.252446 0.283294 0.925211
vn -0.704772 0.067773 0.706189
vn 0.964167 -0.265295 -0.000001
vn 0.725646 -0.267036 -0.634138
vn 0.741938 -0.055180 -0.668193
vn 0.997792 -0.066420 -0.000000
vn 0.207290 -0.231410 -0.950516
vn -0.046733 -0.145687 -0.988226
vn -0.252448 0.283293 -0.925211
vn 0.136271 0.006567 -0.990650
vn -0.141302 0.716922 0.682684
vn -0.305063 0.647163 0.698653
vn -0.026447 -0.002373 0.999647
vn -0.013606 0.044345 0.998924
vn 0.198172 -0.980167 0.000001
vn 0.377709 -0.925924 0.000000
vn 0.258591 -0.658532 -0.706729
vn 0.131785 -0.666806 -0.733486
vn -0.046731 -0.145687 0.988226
vn 0.207291 -0.231407 0.950516
vn 0.136274 0.006568 0.990649
vn -0.252447 0.283294 0.925211
vn 0.183517 -0.744390 -0.642033
vn 0.154743 -0.987955 0.000001
vn -0.110326 -0.993895 0.000001
vn -0.080330 -0.737678 -0.670357
vn 0.000136 0.011920 0.999929
vn 0.018871 0.167770 0.985645
vn -0.664698 0.285572 0.690381
vn -0.697813 0.124764 0.705330
vn 0.018871 0.167770 0.985645
vn 0.079302 0.729014 0.679889
vn -0.468344 0.695321 0.545144
vn -0.664698 0.285572 0.690381
vn -0.025876 -0.025770 0.999333
vn 0.124071 0.699868 0.703414
vn 0.057928 0.716294 0.695390
vn 0.001489 0.022499 0.999746
vn -0.191988 -0.981397 0.000001
vn -0.087083 -0.996201 0.000000
vn -0.059670 -0.690766 -0.720612
vn -0.143572 -0.701263 -0.698296
vn 0.057928 0.716293 -0.695391
vn 0.124071 0.699866 -0.703416
vn -0.025876 -0.025770 -0.999333
vn 0.001489 0.022498 -0.999746
vn -0.708438 -0.350993 -0.612306
vn -0.895060 -0.445946 -0.000000
vn -0.979984 0.199078 0.000001
vn -0.857379 0.132763 -0.497269
vn -0.697815 0.124764 -0.705329
vn -0.664699 0.285574 -0.690378
vn 0.018870 0.167772 -0.985645
vn 0.000134 0.011920 -0.999929
vn -0.664699 0.285574 -0.690378
vn -0.468345 0.695323 -0.545142
vn 0.079304 0.729015 -0.679888
vn 0.018870 0.167772 -0.985645
vn 0.136271 0.006567 -0.990650
vn -0.252448 0.283293 -0.925211
vn -0.704773 0.067773 -0.706188
vn 0.014506 0.007147 -0.999869
vn -0.985298 0.170846 0.000001
vn -0.945150 0.326638 0.000001
vn -0.664699 0.285574 -0.690378
vn -0.697815 0.124764 -0.705329
vn -0.945150 0.326638 0.000001
vn -0.577074 0.816692 0.000001
vn -0.468345 0.695323 -0.545142
vn -0.664699 0.285574 -0.690378
vn -0.468345 0.695323 -0.545142
vn -0.577074 0.816692 0.000001
vn 0.099116 0.995076 0.000000
vn 0.079304 0.729015 -0.679888
vn -0.252447 0.283294 0.925211
vn 0.136274 0.006568 0.990649
vn 0.014507 0.007147 0.999869
vn -0.704773 0.067773 0.706188
vn 0.996420 -0.084543 0.000001
vn 0.997792 -0.066420 -0.000000
vn 0.741938 -0.055180 -0.668193
vn 0.706375 -0.057090 -0.705532
vn -0.141302 0.716922 -0.682683
vn -0.305063 0.647163 -0.698653
vn -0.415686 0.909508 0.000001
vn -0.188620 0.982050 0.000001
vn 0.700021 -0.100641 -0.706995
vn 0.711065 0.058757 -0.700667
vn 0.999990 0.004490 0.000001
vn 0.989031 -0.147707 0.000001
vn 0.711065 0.058757 -0.700667
vn 0.627295 0.543175 -0.558088
vn 0.771345 0.636417 0.000001
vn 0.999990 0.004490 0.000001
vn 0.191696 0.981454 0.000001
vn 0.124071 0.699866 -0.703416
vn 0.057928 0.716293 -0.695391
vn 0.080235 0.996776 0.000001
vn 0.057928 0.716293 -0.695391
vn 0.001489 0.022498 -0.999746
vn -0.013605 0.044345 -0.998924
vn -0.141302 0.716922 -0.682683
vn -0.087083 -0.996201 0.000000
vn 0.198172 -0.980167 0.000001
vn 0.131785 -0.666806 -0.733486
vn -0.059670 -0.690766 -0.720612
vn 0.080235 0.996776 0.000001
vn 0.057928 0.716293 -0.695391
vn -0.141302 0.716922 -0.682683
vn -0.188620 0.982050 0.000001
vn 0.001489 0.022499 0.999746
vn 0.057928 0.716294 0.695390
vn -0.141302 0.716922 0.682684
vn -0.013606 0.044345 0.998924
vn 0.996420 -0.084543 0.000001
vn 0.706375 -0.057090 -0.705532
vn 0.700021 -0.100641 -0.706995
vn 0.989031 -0.147707 0.000001
vn 0.014506 0.007147 -0.999869
vn -0.704773 0.067773 -0.706188
vn -0.697815 0.124764 -0.705329
vn 0.000134 0.011920 -0.999929
vn -0.697815 0.124764 -0.705329
vn -0.704773 0.067773 -0.706188
vn -0.996021 0.089116 0.000001
vn -0.985298 0.170846 0.000001
vn -0.697813 0.124764 0.705330
vn -0.704773 0.067773 0.706188
vn 0.014507 0.007147 0.999869
vn 0.000136 0.011920 0.999929
vn -0.141302 0.716922 -0.682683
vn -0.013605 0.044345 -0.998924
vn -0.026446 -0.002374 -0.999647
vn -0.305063 0.647163 -0.698653
vn -0.996021 0.089116 0.000001
vn -0.704773 0.067773 -0.706188
vn -0.252448 0.283293 -0.925211
vn -0.598656 0.801006 0.000001
vn 0.500004 0.866023 -0.000000
vn 0.500004 0.866023 -0.000000
vn 0.866025 0.500001 -0.000000
vn 0.866025 0.500001 -0.000000
vn 0.500002 -0.866024 0.000000
vn 0.500002 -0.866024 0.000000
vn 0.000003 -1.000000 0.000000
vn 0.000003 -1.000000 0.000000
vn -0.500000 -0.866025 0.000000
vn -0.500000 -0.866025 0.000000
vn -0.866026 -0.499999 0.000000
vn -0.866026 -0.499999 0.000000
vn 0.000000 0.000001 1.000000
vn 0.000000 0.000001 1.000000
vn 0.000000 0.000001 1.000000
vn 0.000000 0.000001 1.000000
vn 0.000000 0.000001 1.000000
vn 0.000000 0.000001 1.000000
vn 0.000000 0.000001 1.000000
vn 0.000000 0.000001 1.000000
vn 0.000000 0.000001 1.000000
vn 0.000000 0.000001 1.000000
vn 0.000000 0.000001 1.000000
vn 0.000000 0.000001 1.000000
vn -0.500001 0.866025 -0.000000
vn -0.500001 0.866025 -0.000000
vn 0.000000 1.000000 -0.000000
vn 0.000000 1.000000 -0.000000
vn 0.000000 -0.000000 -1.000000
vn 0.000000 -0.000000 -1.000000
vn 0.000000 -0.000000 -1.000000
vn 0.000000 -0.000000 -1.000000
vn 0.000000 -0.000000 -1.000000
vn 0.000000 -0.000000 -1.000000
vn 0.000000 -0.000000 -1.000000
vn 0.000000 -0.000000 -1.000000
vn 0.000000 -0.000000 -1.000000
vn 0.000000 -0.000000 -1.000000
vn 0.000000 -0.000000 -1.000000
vn 0.000000 -0.000000 -1.000000
vn 0.500000 0.866026 -0.000000
vn 0.500000 0.866026 -0.000000
vn 0.866025 0.500001 -0.000000
vn 0.866025 0.500001 -0.000000
vn 0.866025 -0.500000 0.000000
vn 0.866025 -0.500000 0.000000
vn 0.500000 -0.866025 0.000000
vn 0.500000 -0.866025 0.000000
vn -0.500003 -0.866023 0.000000
vn -0.500003 -0.866023 0.000000
vn -0.866026 -0.499999 0.000000
vn -0.866026 -0.499999 0.000000
vn 0.000000 0.000003 1.000000
vn 0.000000 0.000003 1.000000
vn 0.000000 0.000003 1.000000
vn 0.000000 0.000003 1.000000
vn 0.000000 0.000003 1.000000
vn 0.000000 0.000003 1.000000
vn 0.000000 0.000003 1.000000
vn 0.000000 0.000003 1.000000
vn 0.000000 0.000003 1.000000
vn 0.000000 0.000003 1.000000
vn 0.000000 0.000003 1.000000
vn 0.000000 0.000003 1.000000
vn -0.500004 0.866023 -0.000000
vn -0.500004 0.866023 -0.000000
vn 0.000001 1.000000 -0.000000
vn 0.000001 1.000000 -0.000000
vn 0.000000 -0.000001 -1.000000
vn 0.000000 -0.000001 -1.000000
vn 0.000000 -0.000001 -1.000000
vn 0.000000 -0.000001 -1.000000
vn 0.000000 -0.000001 -1.000000
vn 0.000000 -0.000001 -1.000000
vn 0.000000 -0.000001 -1.000000
vn 0.000000 -0.000001 -1.000000
vn 0.000000 -0.000001 -1.000000
vn 0.000000 -0.000001 -1.000000
vn 0.000000 -0.000001 -1.000000
vn 0.500001 0.866024 -0.000000
vn 0.500001 0.866024 -0.000000
vn 0.866026 0.500000 -0.000000
vn 0.866026 0.500000 -0.000000
vn 0.866025 -0.500001 0.000000
vn 0.866025 -0.500001 0.000000
vn 0.500000 -0.866025 0.000000
vn 0.500000 -0.866025 0.000000
vn 0.000000 -1.000000 0.000000
vn 0.000000 -1.000000 0.000000
vn -0.500001 -0.866025 0.000000
vn -0.500001 -0.866025 0.000000
vn 0.000000 0.000003 1.000000
vn 0.000000 0.000003 1.000000
vn 0.000000 0.000003 1.000000
vn 0.000000 0.000003 1.000000
vn 0.000000 0.000003 1.000000
vn 0.000000 0.000003 1.000000
vn 0.000000 0.000003 1.000000
vn 0.000000 0.000003 1.000000
vn 0.000000 0.000003 1.000000
vn 0.000000 0.000003 1.000000
vn 0.000000 0.000003 1.000000
vn 0.000000 0.000003 1.000000
vn -0.500002 0.866024 -0.000000
vn -0.500002 0.866024 -0.000000
vn 0.000000 1.000000 -0.000000
vn 0.000000 1.000000 -0.000000
vn 0.000000 -0.000000 -1.000000
vn 0.000000 -0.000000 -1.000000
vn 0.000000 -0.000000 -1.000000
vn 0.000000 -0.000000 -1.000000
vn 0.000000 -0.000000 -1.000000
vn 0.000000 -0.000000 -1.000000
vn 0.000000 -0.000000 -1.000000
vn 0.000000 -0.000000 -1.000000
vn 0.000000 -0.000000 -1.000000
vn 0.000000 -0.000000 -1.000000
vn 0.000000 -0.000000 -1.000000
vn 0.000000 -0.000000 -1.000000
vn -0.500001 0.866025 -0.000000
vn -0.866025 0.500001 -0.000000
vn -0.866025 0.500001 -0.000000
vn -0.500001 0.866025 -0.000000
vn -0.866025 -0.500001 0.000000
vn -0.499999 -0.866026 0.000000
vn -0.499999 -0.866026 0.000000
vn -0.866025 -0.500001 0.000000
vn -0.000004 -1.000000 0.000000
vn 0.500001 -0.866025 0.000000
vn 0.500001 -0.866025 0.000000
vn -0.000004 -1.000000 0.000000
vn 0.000000 0.000000 1.000000
vn 0.000000 0.000000 1.000000
vn 0.000000 0.000000 1.000000
vn 0.000000 0.000000 1.000000
vn 0.000000 0.000000 1.000000
vn 0.000000 0.000000 1.000000
vn 0.000000 0.000000 1.000000
vn 0.000000 0.000000 1.000000
vn 0.000000 0.000000 1.000000
vn 0.000000 0.000000 1.000000
vn 0.000000 0.000000 1.000000
vn 0.500002 0.866024 -0.000000
vn -0.000000 1.000000 -0.000000
vn -0.000000 1.000000 -0.000000
vn 0.500002 0.866024 -0.000000
vn 0.000000 0.000001 -1.000000
vn 0.000000 0.000001 -1.000000
vn 0.000000 0.000001 -1.000000
vn 0.000000 0.000001 -1.000000
vn 0.000000 0.000001 -1.000000
vn 0.000000 0.000001 -1.000000
vn 0.000000 0.000001 -1.000000
vn 0.000000 0.000001 -1.000000
vn 0.000000 0.000001 -1.000000
vn 0.000000 0.000001 -1.000000
vn 0.000000 0.000001 -1.000000
vn 0.000000 0.000001 -1.000000
vn -0.499999 0.866026 -0.000000
vn -0.866024 0.500003 -0.000000
vn -0.866024 0.500003 -0.000000
vn -0.499999 0.866026 -0.000000
vn -0.866024 -0.500002 0.000000
vn -0.499999 -0.866026 0.000000
vn -0.499999 -0.866026 0.000000
vn -0.866024 -0.500002 0.000000
vn -0.000002 -1.000000 0.000000
vn 0.500002 -0.866025 0.000000
vn 0.500002 -0.866025 0.000000
vn -0.000002 -1.000000 0.000000
vn 0.000000 0.000000 1.000000
vn 0.000000 0.000000 1.000000
vn 0.000000 0.000000 1.000000
vn 0.000000 0.000000 1.000000
vn 0.000000 0.000000 1.000000
vn 0.000000 0.000000 1.000000
vn 0.000000 0.000000 1.000000
vn 0.000000 0.000000 1.000000
vn 0.000000 0.000000 1.000000
vn 0.000000 0.000000 1.000000
vn 0.000000 0.000000 1.000000
vn 0.000000 0.000000 1.000000
vn 0.866027 0.499997 -0.000000
vn 0.500004 0.866023 -0.000000
vn 0.500004 0.866023 -0.000000
vn 0.866027 0.499997 -0.000000
vn 0.000000 0.000000 -1.000000
vn 0.000000 0.000000 -1.000000
vn 0.000000 0.000000 -1.000000
vn 0.000000 0.000000 -1.000000
vn 0.000000 0.000000 -1.000000
vn 0.000000 0.000000 -1.000000
vn 0.000000 0.000000 -1.000000
vn 0.000000 0.000000 -1.000000
vn 0.000000 0.000000 -1.000000
vn 0.000000 0.000000 -1.000000
vn -0.500001 0.866025 -0.000000
vn -0.866025 0.500001 -0.000000
vn -0.866025 0.500001 -0.000000
vn -0.500001 0.866025 -0.000000
vn -0.499999 -0.866026 0.000000
vn 0.000000 -1.000000 0.000000
vn -0.000000 -1.000000 0.000000
vn -0.499999 -0.866026 0.000000
vn 0.000000 -1.000000 0.000000
vn 0.500000 -0.866025 0.000000
vn 0.500000 -0.866025 0.000000
vn -0.000000 -1.000000 0.000000
vn 0.000000 0.000001 1.000000
vn 0.000000 0.000001 1.000000
vn 0.000000 0.000001 1.000000
vn 0.000000 0.000001 1.000000
vn 0.000000 0.000001 1.000000
vn 0.000000 0.000001 1.000000
vn 0.000000 0.000001 1.000000
vn 0.000000 0.000001 1.000000
vn 0.000000 0.000001 1.000000
vn 0.000000 0.000001 1.000000
vn 0.000000 0.000001 1.000000
vn 0.000000 0.000001 1.000000
vn 0.500001 0.866025 -0.000000
vn -0.000001 1.000000 -0.000000
vn -0.000001 1.000000 -0.000000
vn 0.500001 0.866025 -0.000000
vn 0.000000 -0.000000 -1.000000
vn 0.000000 -0.000000 -1.000000
vn 0.000000 -0.000000 -1.000000
vn 0.000000 -0.000000 -1.000000
vn 0.000000 -0.000000 -1.000000
vn 0.000000 -0.000000 -1.000000
vn 0.000000 -0.000000 -1.000000
vn 0.000000 -0.000000 -1.000000
vn 0.000000 -0.000000 -1.000000
vn 0.000000 -0.000000 -1.000000
vn 0.000000 -0.000000 -1.000000
vn 0.000000 -0.000000 -1.000000
vn 0.500004 0.866023 -0.000000
vn 0.866025 0.500000 -0.000000
vn 0.866025 0.500000 -0.000000
vn 0.500004 0.866023 -0.000000
vn 0.500000 -0.866025 0.000000
vn 0.000002 -1.000000 0.000000
vn 0.000002 -1.000000 0.000000
vn 0.500000 -0.866025 0.000000
vn -0.866027 -0.499997 0.000000
vn -0.965926 -0.258819 0.000000
vn -0.965926 -0.258819 0.000000
vn -0.866027 -0.499997 0.000000
vn 0.000000 -0.000000 -1.000000
vn 0.000000 -0.000000 -1.000000
vn 0.000000 -0.000000 -1.000000
vn 0.000000 -0.000000 -1.000000
vn 0.000000 -0.000000 -1.000000
vn 0.000000 -0.000000 -1.000000
vn 0.000000 -0.000000 -1.000000
vn 0.000000 -0.000000 -1.000000
vn 0.000000 -0.000000 -1.000000
vn 0.000000 -0.000000 -1.000000
vn 0.000000 -0.000000 -1.000000
vn 0.000000 -0.000000 -1.000000
vn -0.500002 0.866024 -0.000000
vn 0.000000 1.000000 -0.000000
vn 0.000000 1.000000 -0.000000
vn -0.500002 0.866024 -0.000000
vn 0.000000 -0.000000 1.000000
vn 0.000000 -0.000000 1.000000
vn 0.000000 -0.000000 1.000000
vn 0.000000 -0.000000 1.000000
vn 0.000000 -0.000000 1.000000
vn 0.000000 -0.000000 1.000000
vn 0.000000 -0.000000 1.000000
vn 0.000000 -0.000000 1.000000
vn 0.000000 -0.000000 1.000000
vn 0.000000 -0.000000 1.000000
vn 0.000000 -0.000000 1.000000
vn 0.000000 -0.000000 1.000000
vn 0.500000 0.866025 -0.000000
vn 0.866023 0.500004 -0.000000
vn 0.866023 0.500004 -0.000000
vn 0.500000 0.866025 -0.000000
vn 0.866024 -0.500003 0.000000
vn 0.500001 -0.866025 0.000000
vn 0.500001 -0.866025 0.000000
vn 0.866024 -0.500003 0.000000
vn -0.500002 -0.866024 0.000000
vn -0.866027 -0.499997 0.000000
vn -0.866027 -0.499997 0.000000
vn -0.500002 -0.866024 0.000000
vn 0.000000 -0.000000 -1.000000
vn 0.000000 -0.000000 -1.000000
vn 0.000000 -0.000000 -1.000000
vn 0.000000 -0.000000 -1.000000
vn 0.000000 -0.000000 -1.000000
vn 0.000000 -0.000000 -1.000000
vn 0.000000 -0.000000 -1.000000
vn 0.000000 -0.000000 -1.000000
vn 0.000000 -0.000000 -1.000000
vn 0.000000 -0.000000 -1.000000
vn 0.000000 -0.000000 -1.000000
vn 0.000000 -0.000000 -1.000000
vn -0.866025 0.500000 -0.000000
vn -0.500003 0.866024 -0.000000
vn -0.500003 0.866024 -0.000000
vn -0.866025 0.500000 -0.000000
vn 0.000000 -0.000000 1.000000
vn 0.000000 -0.000000 1.000000
vn 0.000000 -0.000000 1.000000
vn 0.000000 -0.000000 1.000000
vn 0.000000 -0.000000 1.000000
vn 0.000000 -0.000000 1.000000
vn 0.000000 -0.000000 1.000000
vn 0.000000 -0.000000 1.000000
vn 0.000000 -0.000000 1.000000
vn 0.000000 -0.000000 1.000000
vn 0.000000 -0.000000 1.000000
vn 0.000000 -0.000000 1.000000
vn 0.500001 0.866025 -0.000000
vn 0.866025 0.500000 -0.000000
vn 0.866025 0.500000 -0.000000
vn 0.500001 0.866025 -0.000000
vn 0.866024 -0.500002 0.000000
vn 0.499999 -0.866026 0.000000
vn 0.499999 -0.866026 0.000000
vn 0.866024 -0.500002 0.000000
vn 0.000001 -1.000000 0.000000
vn -0.500001 -0.866025 0.000000
vn -0.500001 -0.866025 0.000000
vn 0.000001 -1.000000 0.000000
vn 0.000000 0.000001 -1.000000
vn 0.000000 0.000001 -1.000000
vn 0.000000 0.000001 -1.000000
vn 0.000000 0.000001 -1.000000
vn 0.000000 0.000001 -1.000000
vn 0.000000 0.000001 -1.000000
vn 0.000000 0.000001 -1.000000
vn 0.000000 0.000001 -1.000000
vn 0.000000 0.000001 -1.000000
vn 0.000000 0.000001 -1.000000
vn 0.000000 0.000001 -1.000000
vn 0.000000 0.000001 -1.000000
vn -0.500002 0.866024 -0.000000
vn 0.000000 1.000000 -0.000000
vn 0.000000 1.000000 -0.000000
vn -0.500002 0.866024 -0.000000
vn 0.000000 0.000000 1.000000
vn 0.000000 0.000000 1.000000
vn 0.000000 0.000000 1.000000
vn 0.000000 0.000000 1.000000
vn 0.000000 0.000000 1.000000
vn 0.000000 0.000000 1.000000
vn 0.000000 0.000000 1.000000
vn 0.000000 0.000000 1.000000
vn 0.000000 0.000000 1.000000
vn 0.000000 0.000000 1.000000
vn 0.000000 0.000000 1.000000
vn 0.000000 0.000000 1.000000
vn -0.000001 1.000000 -0.000000
vn -0.000001 1.000000 -0.000000
vn -0.500004 0.866023 -0.000000
vn -0.500004 0.866023 -0.000000
vn -0.500002 -0.866024 0.000000
vn -0.500002 -0.866024 0.000000
vn -0.000004 -1.000000 0.000000
vn -0.000004 -1.000000 0.000000
vn 0.866027 -0.499998 0.000000
vn 0.866027 -0.499998 0.000000
vn 0.965926 -0.258819 0.000000
vn 0.965926 -0.258819 0.000000
vn 0.000000 -0.000001 -1.000000
vn 0.000000 -0.000001 -1.000000
vn 0.000000 -0.000001 -1.000000
vn 0.000000 -0.000001 -1.000000
vn 0.000000 -0.000001 -1.000000
vn 0.000000 -0.000001 -1.000000
vn 0.000000 -0.000001 -1.000000
vn 0.000000 -0.000001 -1.000000
vn 0.000000 -0.000001 -1.000000
vn 0.000000 -0.000001 -1.000000
vn 0.000000 -0.000001 -1.000000
vn 0.000000 -0.000001 -1.000000
vn 0.500000 0.866025 -0.000000
vn 0.500000 0.866025 -0.000000
vn -0.000001 1.000000 -0.000000
vn -0.000001 1.000000 -0.000000
vn 0.000000 -0.000000 1.000000
vn 0.000000 -0.000000 1.000000
vn 0.000000 -0.000000 1.000000
vn 0.000000 -0.000000 1.000000
vn 0.000000 -0.000000 1.000000
vn 0.000000 -0.000000 1.000000
vn 0.000000 -0.000000 1.000000
vn 0.000000 -0.000000 1.000000
vn 0.000000 -0.000000 1.000000
vn 0.000000 -0.000000 1.000000
vn 0.000000 -0.000000 1.000000
vn 0.000000 -0.000000 1.000000
vn -0.499999 0.866026 -0.000000
vn -0.499999 0.866026 -0.000000
vn -0.866023 0.500003 -0.000000
vn -0.866024 0.500003 -0.000000
vn -0.866024 -0.500003 0.000000
vn -0.866024 -0.500003 0.000000
vn -0.499998 -0.866026 0.000000
vn -0.499998 -0.866026 0.000000
vn 0.000000 -1.000000 0.000000
vn 0.000000 -1.000000 0.000000
vn 0.500002 -0.866025 0.000000
vn 0.500002 -0.866025 0.000000
vn 0.000000 -0.000001 -1.000000
vn 0.000000 -0.000001 -1.000000
vn 0.000000 -0.000001 -1.000000
vn 0.000000 -0.000001 -1.000000
vn 0.000000 -0.000001 -1.000000
vn 0.000000 -0.000001 -1.000000
vn 0.000000 -0.000001 -1.000000
vn 0.000000 -0.000001 -1.000000
vn 0.000000 -0.000001 -1.000000
vn 0.000000 -0.000001 -1.000000
vn 0.000000 -0.000001 -1.000000
vn 0.500002 0.866025 -0.000000
vn 0.500002 0.866025 -0.000000
vn 0.000000 1.000000 -0.000000
vn 0.000000 1.000000 -0.000000
vn 0.000000 0.000000 1.000000
vn 0.000000 0.000000 1.000000
vn 0.000000 0.000000 1.000000
vn 0.000000 0.000000 1.000000
vn 0.000000 0.000000 1.000000
vn 0.000000 0.000000 1.000000
vn 0.000000 0.000000 1.000000
vn 0.000000 0.000000 1.000000
vn 0.000000 0.000000 1.000000
vn 0.000000 0.000000 1.000000
vn 0.000000 0.000000 1.000000
vn 0.000000 1.000000 -0.000000
vn -0.000000 1.000000 -0.000000
vn -0.499999 0.866026 -0.000000
vn -0.499999 0.866026 -0.000000
vn -0.965927 -0.258816 0.000000
vn -0.965927 -0.258816 0.000000
vn -0.866025 -0.500000 0.000000
vn -0.866025 -0.500000 0.000000
vn 0.000000 -1.000000 0.000000
vn -0.000000 -1.000000 0.000000
vn 0.500000 -0.866025 0.000000
vn 0.500000 -0.866025 0.000000
vn 0.000000 0.000002 -1.000000
vn 0.000000 0.000002 -1.000000
vn 0.000000 0.000002 -1.000000
vn 0.000000 0.000002 -1.000000
vn 0.000000 0.000002 -1.000000
vn 0.000000 0.000002 -1.000000
vn 0.000000 0.000002 -1.000000
vn 0.000000 0.000002 -1.000000
vn 0.000000 0.000002 -1.000000
vn 0.000000 0.000002 -1.000000
vn 0.000000 0.000002 -1.000000
vn 0.000000 0.000002 -1.000000
vn 0.866025 0.500001 -0.000000
vn 0.866025 0.500001 -0.000000
vn 0.499999 0.866026 -0.000000
vn 0.499999 0.866026 -0.000000
vn 0.000000 0.000000 1.000000
vn 0.000000 0.000000 1.000000
vn 0.000000 0.000000 1.000000
vn 0.000000 0.000000 1.000000
vn 0.000000 0.000000 1.000000
vn 0.000000 0.000000 1.000000
vn 0.000000 0.000000 1.000000
vn 0.000000 0.000000 1.000000
vn 0.000000 0.000000 1.000000
vn 0.000000 0.000000 1.000000
vn 0.000000 0.000000 1.000000
vn 0.000000 0.000000 1.000000
vn -0.971821 -0.235417 -0.011913
vn -0.986642 -0.162473 -0.011870
vn -0.984702 -0.163331 -0.060697
vn -0.969600 -0.236809 -0.061630
vn -0.818266 -0.187607 -0.543364
vn -0.846412 -0.104962 -0.522082
vn -0.541472 0.073113 -0.837534
vn -0.490949 -0.070312 -0.868346
vn 0.439242 0.265937 -0.858105
vn 0.377698 0.448382 -0.810122
vn 0.688539 0.531001 -0.493915
vn 0.756808 0.380395 -0.531546
vn 0.894172 0.447590 0.010980
vn 0.802412 0.596678 0.010473
vn 0.803024 0.593507 0.053867
vn 0.894525 0.443333 0.057276
vn 0.756807 0.380397 0.531546
vn 0.688537 0.531002 0.493917
vn 0.377698 0.448385 0.810120
vn 0.439241 0.265940 0.858104
vn -0.490949 -0.070313 0.868346
vn -0.541472 0.073117 0.837533
vn -0.846414 -0.104961 0.522079
vn -0.818267 -0.187607 0.543362
vn 0.483530 -0.875285 0.008679
vn 0.704356 -0.709806 0.007640
vn 0.703893 -0.709254 0.038647
vn 0.479808 -0.876221 0.044959
vn -0.791786 -0.610698 0.011128
vn -0.362057 -0.932082 0.011783
vn -0.363013 -0.929822 0.060436
vn -0.790756 -0.609592 0.055705
vn -0.828164 0.560150 0.019397
vn -0.996121 0.086811 0.014347
vn -0.993383 0.089179 0.072371
vn -0.822076 0.560721 0.098908
vn 0.624195 0.781174 0.012169
vn 0.286105 0.958057 0.016434
vn 0.281770 0.955755 0.084491
vn 0.621997 0.780596 0.061556
vn 0.800641 -0.231318 0.552690
vn 0.789297 -0.162789 0.592038
vn 0.443160 -0.076829 0.893144
vn 0.470480 -0.118481 0.874420
vn 0.768198 0.021843 0.639839
vn 0.759984 0.085685 0.644269
vn 0.398219 0.046536 0.916109
vn 0.405093 0.016174 0.914132
vn -0.398341 -0.028252 0.916802
vn -0.392738 -0.047436 0.918426
vn -0.756477 -0.093822 0.647256
vn -0.763658 -0.062339 0.642604
vn -0.472322 0.036665 0.880663
vn -0.438358 0.022722 0.898513
vn -0.800025 0.016919 0.599729
vn -0.824821 0.038221 0.564100
vn 0.999748 0.015651 0.016105
vn 0.993862 0.109432 0.016232
vn 0.990528 0.109196 0.083251
vn 0.996440 0.017179 0.082539
vn 0.942683 -0.333472 0.012081
vn 0.968586 -0.248291 0.013845
vn 0.967906 -0.241007 0.071233
vn 0.943681 -0.324908 0.062458
vn -0.824822 0.038221 -0.564099
vn -0.800025 0.016919 -0.599728
vn -0.438356 0.022722 -0.898514
vn -0.472321 0.036664 -0.880664
vn -0.763658 -0.062339 -0.642604
vn -0.756477 -0.093822 -0.647256
vn -0.392736 -0.047436 -0.918427
vn -0.398339 -0.028252 -0.916803
vn 0.405092 0.016173 -0.914133
vn 0.398217 0.046535 -0.916110
vn 0.759984 0.085685 -0.644269
vn 0.768199 0.021842 -0.639838
vn 0.470478 -0.118484 -0.874421
vn 0.443159 -0.076828 -0.893145
vn 0.789298 -0.162789 -0.592038
vn 0.800640 -0.231320 -0.552690
vn -0.995508 -0.093339 -0.015884
vn -0.991979 -0.125360 -0.016170
vn -0.988711 -0.124699 -0.083066
vn -0.992450 -0.091510 -0.081662
vn -0.999917 -0.002342 -0.012702
vn -0.999717 -0.019244 -0.014010
vn -0.997299 -0.013930 -0.072120
vn -0.997849 0.004300 -0.065411
vn -0.992450 -0.091510 0.081662
vn -0.988711 -0.124699 0.083066
vn -0.991979 -0.125360 0.016170
vn -0.995508 -0.093339 0.015884
vn -0.997849 0.004300 0.065411
vn -0.997299 -0.013930 0.072120
vn -0.999717 -0.019244 0.014010
vn -0.999917 -0.002342 0.012702
vn -0.999991 -0.004109 0.001064
vn -0.999786 -0.020637 0.001173
vn -0.999784 -0.020791 0.000000
vn -0.999991 -0.004306 0.000000
vn -0.995594 -0.093755 0.001330
vn -0.992100 -0.125440 0.001354
vn -0.992100 -0.125447 0.000000
vn -0.995591 -0.093800 0.000000
vn 0.996440 0.017179 -0.082539
vn 0.990528 0.109196 -0.083251
vn 0.993862 0.109432 -0.016232
vn 0.999748 0.015651 -0.016105
vn 0.943681 -0.324909 -0.062458
vn 0.967906 -0.241007 -0.071232
vn 0.968587 -0.248291 -0.013845
vn 0.942683 -0.333471 -0.012081
vn 0.999884 0.015195 -0.000000
vn 0.993996 0.109421 -0.000000
vn 0.993994 0.109424 0.001360
vn 0.999883 0.015241 0.001350
vn 0.941910 -0.335866 -0.000000
vn 0.968163 -0.250319 0.000000
vn 0.968215 -0.250118 0.001159
vn 0.941994 -0.335629 0.001010
vn -0.822079 0.560717 -0.098906
vn -0.993383 0.089179 -0.072371
vn -0.996121 0.086811 -0.014347
vn -0.828166 0.560148 -0.019397
vn 0.621996 0.780597 -0.061556
vn 0.281769 0.955755 -0.084491
vn 0.286102 0.958058 -0.016434
vn 0.624195 0.781174 -0.012170
vn -0.829062 0.559157 -0.000000
vn -0.996303 0.085905 -0.000000
vn -0.996294 0.085999 0.001187
vn -0.828974 0.559285 0.001611
vn 0.624652 0.780903 -0.000000
vn 0.287295 0.957842 -0.000000
vn 0.287164 0.957880 0.001362
vn 0.624609 0.780937 0.001007
vn 0.479809 -0.876220 -0.044959
vn 0.703892 -0.709255 -0.038647
vn 0.704355 -0.709807 -0.007640
vn 0.483530 -0.875285 -0.008679
vn -0.790756 -0.609592 -0.055704
vn -0.363014 -0.929822 -0.060435
vn -0.362055 -0.932082 -0.011782
vn -0.791785 -0.610699 -0.011128
vn 0.484485 -0.874799 0.000000
vn 0.704357 -0.709846 0.000000
vn 0.704358 -0.709844 0.000633
vn 0.484382 -0.874856 0.000719
vn -0.791799 -0.610782 0.000000
vn -0.361492 -0.932375 0.000000
vn -0.361533 -0.932359 0.000977
vn -0.791800 -0.610779 0.000923
vn 0.894525 0.443334 -0.057275
vn 0.803024 0.593507 -0.053867
vn 0.802413 0.596677 -0.010473
vn 0.894172 0.447590 -0.010980
vn 0.893636 0.448792 -0.000000
vn 0.801987 0.597341 -0.000000
vn 0.802038 0.597273 0.000869
vn 0.893697 0.448670 0.000916
vn -0.969600 -0.236809 0.061630
vn -0.984702 -0.163331 0.060697
vn -0.986642 -0.162473 0.011870
vn -0.971821 -0.235417 0.011913
vn -0.972037 -0.234826 0.000993
vn -0.986758 -0.162196 0.000985
vn -0.986765 -0.162154 -0.000000
vn -0.972055 -0.234752 0.000000
vn -0.988932 -0.148364 0.001339
vn -0.986181 -0.165668 0.001292
vn -0.986186 -0.165639 0.000000
vn -0.988935 -0.148349 0.000000
vn -0.982960 -0.183814 0.001222
vn -0.978040 -0.208413 0.001143
vn -0.978051 -0.208363 0.000000
vn -0.982968 -0.183775 0.000000
vn -0.985496 -0.148527 0.082086
vn -0.982877 -0.166383 0.079181
vn -0.986021 -0.165909 0.015418
vn -0.988785 -0.148486 0.015986
vn -0.979879 -0.184975 0.074982
vn -0.975175 -0.210019 0.070186
vn -0.977854 -0.208843 0.013643
vn -0.982790 -0.184149 0.014590
vn 0.971425 0.237346 -0.000000
vn 0.959907 0.280319 -0.000000
vn 0.959920 0.280272 0.001131
vn 0.971433 0.237311 0.001212
vn 0.985823 0.167789 -0.000000
vn 0.978846 0.204600 -0.000000
vn 0.978850 0.204574 0.001281
vn 0.985825 0.167772 0.001333
vn 0.982646 0.166532 -0.081699
vn 0.976053 0.202837 -0.078592
vn 0.978786 0.204315 -0.015296
vn 0.985726 0.167602 -0.015913
vn 0.969092 0.235211 -0.074405
vn 0.958170 0.277631 -0.069500
vn 0.959956 0.279825 -0.013505
vn 0.971406 0.236981 -0.014473
vn 0.758436 0.126674 0.639319
vn 0.763757 0.154732 0.626685
vn 0.408753 0.081348 0.909012
vn 0.399672 0.066416 0.914249
vn 0.772900 0.181891 0.607899
vn 0.781213 0.218992 0.584592
vn 0.439953 0.121056 0.889824
vn 0.423240 0.097282 0.900780
vn -0.420746 -0.085911 0.903101
vn -0.438205 -0.102016 0.893067
vn -0.788391 -0.178265 0.588779
vn -0.776540 -0.153380 0.611114
vn -0.395829 -0.061556 0.916259
vn -0.405779 -0.073060 0.911047
vn -0.765168 -0.134301 0.629667
vn -0.757568 -0.116534 0.642270
vn 0.985726 0.167602 0.015912
vn 0.978786 0.204314 0.015295
vn 0.976053 0.202837 0.078591
vn 0.982646 0.166532 0.081698
vn 0.971407 0.236981 0.014473
vn 0.959956 0.279825 0.013505
vn 0.958171 0.277631 0.069501
vn 0.969092 0.235212 0.074405
vn -0.757568 -0.116534 -0.642269
vn -0.765169 -0.134301 -0.629666
vn -0.405778 -0.073059 -0.911047
vn -0.395828 -0.061556 -0.916259
vn -0.776542 -0.153380 -0.611112
vn -0.788393 -0.178266 -0.588777
vn -0.438204 -0.102017 -0.893068
vn -0.420746 -0.085910 -0.903101
vn 0.423239 0.097282 -0.900780
vn 0.439950 0.121057 -0.889825
vn 0.781213 0.218992 -0.584593
vn 0.772901 0.181891 -0.607898
vn 0.399671 0.066416 -0.914249
vn 0.408753 0.081347 -0.909012
vn 0.763758 0.154732 -0.626683
vn 0.758437 0.126673 -0.639318
vn -0.988785 -0.148486 -0.015986
vn -0.986021 -0.165909 -0.015417
vn -0.982877 -0.166383 -0.079182
vn -0.985496 -0.148527 -0.082086
vn -0.982790 -0.184149 -0.014590
vn -0.977854 -0.208843 -0.013643
vn -0.975175 -0.210018 -0.070186
vn -0.979879 -0.184975 -0.074982
vn 0.788393 -0.178266 -0.588776
vn 0.438205 -0.102017 -0.893067
vn 0.459221 -0.108736 -0.881642
vn 0.800459 -0.199257 -0.565298
vn 0.818266 -0.187607 -0.543364
vn 0.490950 -0.070313 -0.868345
vn 0.541474 0.073113 -0.837533
vn 0.846413 -0.104962 -0.522080
vn -0.439243 0.265938 -0.858104
vn -0.756808 0.380395 -0.531546
vn -0.688539 0.531001 -0.493916
vn -0.377698 0.448382 -0.810122
vn -0.439950 0.121057 -0.889825
vn -0.781213 0.218992 -0.584593
vn -0.780461 0.279328 -0.559336
vn -0.450492 0.167688 -0.876891
vn -0.894172 0.447589 0.010980
vn -0.894525 0.443333 0.057275
vn -0.803024 0.593507 0.053867
vn -0.802413 0.596677 0.010473
vn -0.959956 0.279825 0.013505
vn -0.958170 0.277631 0.069500
vn -0.937262 0.342749 0.063744
vn -0.938187 0.345911 0.012318
vn -0.781213 0.218991 0.584594
vn -0.439949 0.121056 0.889826
vn -0.450492 0.167688 0.876891
vn -0.780461 0.279329 0.559335
vn -0.756809 0.380395 0.531545
vn -0.439243 0.265939 0.858104
vn -0.377700 0.448383 0.810121
vn -0.688538 0.531001 0.493917
vn 0.490950 -0.070312 0.868346
vn 0.818266 -0.187606 0.543364
vn 0.846414 -0.104961 0.522080
vn 0.541474 0.073116 0.837532
vn 0.438205 -0.102017 0.893067
vn 0.788392 -0.178265 0.588778
vn 0.800459 -0.199258 0.565298
vn 0.459221 -0.108738 0.881642
vn -0.483531 -0.875284 0.008679
vn -0.479810 -0.876220 0.044958
vn -0.703893 -0.709254 0.038646
vn -0.704356 -0.709806 0.007640
vn 0.791786 -0.610697 0.011128
vn 0.790754 -0.609594 0.055704
vn 0.363012 -0.929822 0.060436
vn 0.362058 -0.932081 0.011783
vn 0.828165 0.560148 0.019397
vn 0.822076 0.560721 0.098907
vn 0.993383 0.089178 0.072371
vn 0.996121 0.086811 0.014347
vn -0.624192 0.781176 0.012170
vn -0.621996 0.780597 0.061556
vn -0.281772 0.955754 0.084490
vn -0.286101 0.958059 0.016434
vn -0.800640 -0.231320 0.552690
vn -0.470477 -0.118484 0.874421
vn -0.443156 -0.076826 0.893146
vn -0.789298 -0.162789 0.592038
vn -0.768199 0.021842 0.639839
vn -0.405090 0.016173 0.914134
vn -0.398215 0.046536 0.916111
vn -0.759983 0.085685 0.644270
vn 0.398339 -0.028252 0.916803
vn 0.763656 -0.062339 0.642606
vn 0.756475 -0.093821 0.647258
vn 0.392736 -0.047435 0.918427
vn 0.472321 0.036665 0.880664
vn 0.824821 0.038220 0.564100
vn 0.800022 0.016919 0.599731
vn 0.438355 0.022723 0.898515
vn -0.999748 0.015651 0.016105
vn -0.996440 0.017179 0.082539
vn -0.990528 0.109196 0.083251
vn -0.993862 0.109432 0.016232
vn -0.942683 -0.333472 0.012081
vn -0.943681 -0.324909 0.062459
vn -0.967906 -0.241007 0.071233
vn -0.968587 -0.248291 0.013844
vn 0.824822 0.038221 -0.564099
vn 0.472321 0.036665 -0.880664
vn 0.438356 0.022722 -0.898514
vn 0.800024 0.016919 -0.599730
vn 0.763658 -0.062339 -0.642605
vn 0.398339 -0.028252 -0.916803
vn 0.392737 -0.047435 -0.918427
vn 0.756477 -0.093821 -0.647256
vn -0.405091 0.016173 -0.914133
vn -0.768199 0.021842 -0.639839
vn -0.759983 0.085685 -0.644269
vn -0.398216 0.046535 -0.916110
vn -0.470478 -0.118483 -0.874421
vn -0.800640 -0.231320 -0.552690
vn -0.789298 -0.162789 -0.592038
vn -0.443158 -0.076828 -0.893145
vn 0.992450 -0.091510 0.081662
vn 0.995508 -0.093339 0.015884
vn 0.991980 -0.125360 0.016170
vn 0.988711 -0.124699 0.083066
vn 0.997849 0.004299 0.065411
vn 0.999917 -0.002342 0.012702
vn 0.999717 -0.019245 0.014010
vn 0.997299 -0.013930 0.072119
vn 0.999991 -0.004109 0.001063
vn 0.999991 -0.004306 0.000000
vn 0.999784 -0.020791 0.000000
vn 0.999786 -0.020637 0.001173
vn 0.995594 -0.093755 0.001330
vn 0.995591 -0.093801 0.000000
vn 0.992100 -0.125447 0.000000
vn 0.992100 -0.125440 0.001354
vn -0.999884 0.015195 -0.000000
vn -0.999883 0.015241 0.001350
vn -0.993994 0.109423 0.001360
vn -0.993996 0.109421 -0.000000
vn -0.941910 -0.335866 0.000000
vn -0.941994 -0.335629 0.001011
vn -0.968215 -0.250118 0.001159
vn -0.968163 -0.250319 0.000000
vn 0.829062 0.559157 -0.000000
vn 0.828974 0.559285 0.001611
vn 0.996294 0.086000 0.001188
vn 0.996303 0.085905 -0.000000
vn -0.624651 0.780904 -0.000000
vn -0.624607 0.780938 0.001007
vn -0.287163 0.957881 0.001363
vn -0.287297 0.957842 -0.000000
vn -0.484486 -0.874799 0.000000
vn -0.484383 -0.874856 0.000719
vn -0.704360 -0.709843 0.000633
vn -0.704358 -0.709845 0.000000
vn 0.791799 -0.610782 0.000000
vn 0.791802 -0.610777 0.000923
vn 0.361533 -0.932359 0.000977
vn 0.361490 -0.932376 0.000000
vn -0.893636 0.448792 0.000000
vn -0.893697 0.448671 0.000916
vn -0.802038 0.597272 0.000869
vn -0.801987 0.597341 -0.000000
vn -0.959907 0.280319 -0.000000
vn -0.959920 0.280272 0.001131
vn -0.937988 0.346666 0.001031
vn -0.937958 0.346748 0.000000
vn 0.969600 -0.236808 0.061630
vn 0.971821 -0.235417 0.011913
vn 0.986642 -0.162472 0.011870
vn 0.984702 -0.163331 0.060697
vn 0.975175 -0.210019 0.070186
vn 0.977854 -0.208843 0.013643
vn 0.972184 -0.233873 0.012704
vn 0.969715 -0.235287 0.065520
vn 0.978040 -0.208413 0.001142
vn 0.978052 -0.208363 0.000000
vn 0.972409 -0.233281 0.000000
vn 0.972394 -0.233343 0.001062
vn 0.972037 -0.234826 0.000993
vn 0.972055 -0.234753 0.000000
vn 0.986766 -0.162153 0.000000
vn 0.986758 -0.162195 0.000985
vn 0.992100 -0.125440 0.001354
vn 0.992100 -0.125447 0.000000
vn 0.988935 -0.148349 0.000000
vn 0.988932 -0.148364 0.001339
vn 0.986181 -0.165668 0.001291
vn 0.986187 -0.165639 0.000000
vn 0.982968 -0.183775 0.000000
vn 0.982960 -0.183814 0.001222
vn 0.982877 -0.166383 0.079181
vn 0.986020 -0.165909 0.015417
vn 0.982790 -0.184149 0.014590
vn 0.979879 -0.184975 0.074981
vn 0.988711 -0.124699 0.083066
vn 0.991980 -0.125360 0.016170
vn 0.988785 -0.148486 0.015986
vn 0.985496 -0.148527 0.082085
vn -0.978846 0.204601 -0.000000
vn -0.978850 0.204574 0.001281
vn -0.971433 0.237311 0.001212
vn -0.971425 0.237346 -0.000000
vn -0.993996 0.109421 -0.000000
vn -0.993994 0.109423 0.001360
vn -0.985825 0.167772 0.001333
vn -0.985823 0.167789 -0.000000
vn -0.759983 0.085685 0.644270
vn -0.398215 0.046536 0.916111
vn -0.399669 0.066416 0.914250
vn -0.758436 0.126674 0.639319
vn -0.763757 0.154732 0.626684
vn -0.408750 0.081347 0.909014
vn -0.423237 0.097281 0.900782
vn -0.772900 0.181890 0.607899
vn 0.405776 -0.073059 0.911048
vn 0.765167 -0.134300 0.629668
vn 0.776540 -0.153380 0.611113
vn 0.420746 -0.085910 0.903102
vn 0.392736 -0.047435 0.918427
vn 0.756475 -0.093821 0.647258
vn 0.757567 -0.116534 0.642272
vn 0.395826 -0.061556 0.916260
vn -0.978786 0.204315 0.015296
vn -0.976053 0.202838 0.078591
vn -0.969092 0.235212 0.074404
vn -0.971407 0.236981 0.014473
vn -0.993862 0.109432 0.016232
vn -0.990528 0.109196 0.083251
vn -0.982646 0.166532 0.081698
vn -0.985726 0.167602 0.015913
vn 0.756477 -0.093821 -0.647256
vn 0.392737 -0.047435 -0.918427
vn 0.395827 -0.061556 -0.916260
vn 0.757568 -0.116534 -0.642270
vn 0.765169 -0.134301 -0.629667
vn 0.405777 -0.073060 -0.911047
vn 0.420746 -0.085911 -0.903101
vn 0.776542 -0.153381 -0.611111
vn -0.408753 0.081347 -0.909013
vn -0.763757 0.154732 -0.626684
vn -0.772901 0.181891 -0.607898
vn -0.423238 0.097281 -0.900781
vn -0.398216 0.046535 -0.916110
vn -0.759983 0.085685 -0.644269
vn -0.758436 0.126673 -0.639319
vn -0.399671 0.066416 -0.914249
vn -0.831988 -0.554793 0.000000
vn -0.832080 -0.554656 0.000644
vn -0.895646 -0.444767 0.000739
vn -0.895529 -0.445004 0.000000
vn 0.962732 -0.270457 0.000834
vn 0.962692 -0.270598 0.000000
vn 0.995620 -0.093495 0.000000
vn 0.995642 -0.093258 0.000861
vn 0.962921 -0.264843 0.051397
vn 0.963004 -0.269302 0.010043
vn 0.995777 -0.091219 0.010323
vn 0.994995 -0.084320 0.053613
vn 0.834038 -0.293198 -0.467349
vn 0.487786 -0.425574 -0.762202
vn 0.521938 -0.139587 -0.841484
vn 0.860627 -0.085348 -0.502033
vn -0.500204 -0.544108 -0.673604
vn -0.757698 -0.528643 -0.382661
vn -0.803866 -0.383349 -0.454799
vn -0.516860 -0.318356 -0.794673
vn -0.832830 -0.553474 0.007761
vn -0.834966 -0.548850 0.039955
vn -0.899163 -0.435142 0.046448
vn -0.896630 -0.442691 0.008885
vn -0.757698 -0.528642 0.382664
vn -0.500204 -0.544106 0.673606
vn -0.516861 -0.318351 0.794674
vn -0.803867 -0.383349 0.454799
vn 0.487787 -0.425574 0.762201
vn 0.834040 -0.293194 0.467348
vn 0.860628 -0.085348 0.502031
vn 0.521940 -0.139585 0.841484
vn -0.788392 -0.178265 0.588778
vn -0.438203 -0.102017 0.893068
vn -0.459220 -0.108736 0.881642
vn -0.800459 -0.199257 0.565298
vn -0.818266 -0.187606 0.543364
vn -0.490948 -0.070311 0.868347
vn -0.541472 0.073115 0.837533
vn -0.846413 -0.104960 0.522081
vn 0.439241 0.265937 0.858106
vn 0.756809 0.380395 0.531545
vn 0.688541 0.531001 0.493913
vn 0.377700 0.448381 0.810122
vn 0.439948 0.121056 0.889827
vn 0.781212 0.218992 0.584594
vn 0.780461 0.279328 0.559335
vn 0.450490 0.167688 0.876892
vn 0.894172 0.447590 -0.010980
vn 0.894525 0.443334 -0.057275
vn 0.803023 0.593508 -0.053867
vn 0.802412 0.596678 -0.010473
vn 0.959956 0.279825 -0.013505
vn 0.958171 0.277631 -0.069501
vn 0.937262 0.342749 -0.063744
vn 0.938186 0.345911 -0.012319
vn 0.781212 0.218992 -0.584594
vn 0.439950 0.121057 -0.889825
vn 0.450492 0.167689 -0.876891
vn 0.780461 0.279328 -0.559336
vn 0.756808 0.380394 -0.531547
vn 0.439239 0.265937 -0.858106
vn 0.377696 0.448382 -0.810123
vn 0.688538 0.531000 -0.493918
vn -0.490949 -0.070313 -0.868346
vn -0.818267 -0.187607 -0.543362
vn -0.846415 -0.104962 -0.522077
vn -0.541473 0.073114 -0.837533
vn -0.438205 -0.102017 -0.893067
vn -0.788392 -0.178265 -0.588778
vn -0.800459 -0.199257 -0.565298
vn -0.459222 -0.108737 -0.881641
vn 0.483529 -0.875286 -0.008679
vn 0.479808 -0.876221 -0.044958
vn 0.703892 -0.709255 -0.038646
vn 0.704356 -0.709805 -0.007640
vn -0.791784 -0.610700 -0.011128
vn -0.790755 -0.609593 -0.055704
vn -0.363013 -0.929822 -0.060435
vn -0.362055 -0.932082 -0.011782
vn -0.828164 0.560151 -0.019398
vn -0.822076 0.560722 -0.098907
vn -0.993383 0.089180 -0.072372
vn -0.996121 0.086811 -0.014347
vn 0.624193 0.781176 -0.012170
vn 0.621997 0.780596 -0.061555
vn 0.281770 0.955755 -0.084490
vn 0.286102 0.958058 -0.016434
vn 0.800640 -0.231317 -0.552692
vn 0.470476 -0.118483 -0.874422
vn 0.443157 -0.076826 -0.893146
vn 0.789298 -0.162787 -0.592039
vn 0.768198 0.021842 -0.639839
vn 0.405090 0.016173 -0.914134
vn 0.398215 0.046535 -0.916111
vn 0.759984 0.085685 -0.644269
vn -0.398340 -0.028253 -0.916803
vn -0.763658 -0.062340 -0.642604
vn -0.756478 -0.093821 -0.647255
vn -0.392737 -0.047435 -0.918427
vn -0.472322 0.036664 -0.880663
vn -0.824822 0.038221 -0.564099
vn -0.800026 0.016920 -0.599726
vn -0.438358 0.022723 -0.898513
vn 0.999748 0.015651 -0.016105
vn 0.996440 0.017179 -0.082539
vn 0.990528 0.109196 -0.083251
vn 0.993862 0.109432 -0.016232
vn 0.942683 -0.333472 -0.012081
vn 0.943681 -0.324909 -0.062459
vn 0.967906 -0.241007 -0.071233
vn 0.968586 -0.248292 -0.013845
vn -0.824822 0.038221 0.564100
vn -0.472319 0.036664 0.880665
vn -0.438356 0.022722 0.898514
vn -0.800024 0.016919 0.599729
vn -0.763657 -0.062339 0.642605
vn -0.398337 -0.028251 0.916804
vn -0.392735 -0.047435 0.918428
vn -0.756477 -0.093822 0.647256
vn 0.405090 0.016173 0.914134
vn 0.768199 0.021842 0.639839
vn 0.759984 0.085685 0.644269
vn 0.398214 0.046535 0.916111
vn 0.470475 -0.118484 0.874422
vn 0.800640 -0.231320 0.552691
vn 0.789297 -0.162789 0.592038
vn 0.443158 -0.076827 0.893145
vn -0.992450 -0.091510 -0.081663
vn -0.995508 -0.093339 -0.015884
vn -0.991980 -0.125360 -0.016170
vn -0.988711 -0.124699 -0.083067
vn -0.997849 0.004299 -0.065411
vn -0.999917 -0.002342 -0.012702
vn -0.999717 -0.019244 -0.014010
vn -0.997299 -0.013930 -0.072120
vn -0.999991 -0.004109 -0.001064
vn -0.999991 -0.004306 0.000000
vn -0.999784 -0.020791 0.000000
vn -0.999786 -0.020637 -0.001173
vn -0.995594 -0.093755 -0.001330
vn -0.995591 -0.093800 0.000000
vn -0.992100 -0.125447 -0.000000
vn -0.992100 -0.125439 -0.001354
vn 0.999884 0.015195 -0.000000
vn 0.999883 0.015241 -0.001350
vn 0.993994 0.109424 -0.001360
vn 0.993996 0.109421 -0.000000
vn 0.941909 -0.335867 0.000000
vn 0.941994 -0.335629 -0.001010
vn 0.968215 -0.250118 -0.001159
vn 0.968163 -0.250319 0.000000
vn -0.829063 0.559156 0.000000
vn -0.828974 0.559285 -0.001611
vn -0.996294 0.085999 -0.001187
vn -0.996303 0.085905 0.000000
vn 0.624651 0.780904 -0.000000
vn 0.624608 0.780938 -0.001007
vn 0.287163 0.957881 -0.001363
vn 0.287297 0.957842 -0.000000
vn 0.484486 -0.874799 0.000000
vn 0.484382 -0.874856 -0.000719
vn 0.704360 -0.709842 -0.000633
vn 0.704358 -0.709845 0.000000
vn -0.791798 -0.610783 0.000000
vn -0.791800 -0.610780 -0.000923
vn -0.361533 -0.932359 -0.000977
vn -0.361493 -0.932375 0.000000
vn 0.893636 0.448792 -0.000000
vn 0.893697 0.448671 -0.000916
vn 0.802038 0.597272 -0.000870
vn 0.801987 0.597341 -0.000000
vn 0.959907 0.280319 -0.000000
vn 0.959920 0.280272 -0.001131
vn 0.937988 0.346666 -0.001031
vn 0.937958 0.346748 -0.000000
vn -0.969600 -0.236809 -0.061630
vn -0.971821 -0.235417 -0.011913
vn -0.986642 -0.162474 -0.011870
vn -0.984702 -0.163331 -0.060697
vn -0.975175 -0.210018 -0.070186
vn -0.977854 -0.208844 -0.013643
vn -0.972184 -0.233873 -0.012704
vn -0.969715 -0.235288 -0.065520
vn -0.978040 -0.208413 -0.001142
vn -0.978051 -0.208363 -0.000000
vn -0.972410 -0.233280 0.000000
vn -0.972394 -0.233342 -0.001063
vn -0.972037 -0.234826 -0.000993
vn -0.972055 -0.234752 0.000000
vn -0.986766 -0.162154 0.000000
vn -0.986758 -0.162196 -0.000985
vn -0.992100 -0.125439 -0.001354
vn -0.992100 -0.125447 -0.000000
vn -0.988935 -0.148349 -0.000000
vn -0.988932 -0.148364 -0.001339
vn -0.986181 -0.165668 -0.001291
vn -0.986186 -0.165639 -0.000000
vn -0.982968 -0.183775 -0.000000
vn -0.982960 -0.183814 -0.001222
vn -0.982877 -0.166383 -0.079182
vn -0.986021 -0.165909 -0.015417
vn -0.982790 -0.184149 -0.014590
vn -0.979879 -0.184975 -0.074982
vn -0.988711 -0.124699 -0.083067
vn -0.991980 -0.125360 -0.016170
vn -0.988785 -0.148486 -0.015986
vn -0.985496 -0.148527 -0.082086
vn 0.978846 0.204600 -0.000000
vn 0.978850 0.204574 -0.001281
vn 0.971433 0.237311 -0.001212
vn 0.971425 0.237346 -0.000000
vn 0.993996 0.109421 -0.000000
vn 0.993994 0.109424 -0.001360
vn 0.985825 0.167772 -0.001333
vn 0.985823 0.167789 -0.000000
vn 0.759984 0.085685 -0.644269
vn 0.398215 0.046535 -0.916111
vn 0.399670 0.066416 -0.914250
vn 0.758436 0.126674 -0.639319
vn 0.763757 0.154732 -0.626684
vn 0.408751 0.081347 -0.909013
vn 0.423237 0.097281 -0.900781
vn 0.772900 0.181891 -0.607898
vn -0.405779 -0.073060 -0.911046
vn -0.765170 -0.134301 -0.629665
vn -0.776541 -0.153381 -0.611112
vn -0.420746 -0.085911 -0.903101
vn -0.392737 -0.047435 -0.918427
vn -0.756478 -0.093821 -0.647255
vn -0.757570 -0.116534 -0.642267
vn -0.395829 -0.061556 -0.916259
vn 0.978786 0.204314 -0.015296
vn 0.976053 0.202837 -0.078591
vn 0.969092 0.235211 -0.074405
vn 0.971407 0.236981 -0.014473
vn 0.993862 0.109432 -0.016232
vn 0.990528 0.109196 -0.083251
vn 0.982646 0.166532 -0.081699
vn 0.985726 0.167602 -0.015913
vn -0.756477 -0.093822 0.647256
vn -0.392735 -0.047435 0.918428
vn -0.395827 -0.061556 0.916260
vn -0.757568 -0.116534 0.642270
vn -0.765168 -0.134300 0.629667
vn -0.405776 -0.073059 0.911048
vn -0.420744 -0.085910 0.903103
vn -0.776541 -0.153380 0.611113
vn 0.408752 0.081347 0.909013
vn 0.763757 0.154732 0.626685
vn 0.772900 0.181891 0.607899
vn 0.423236 0.097281 0.900782
vn 0.398214 0.046535 0.916111
vn 0.759984 0.085685 0.644269
vn 0.758436 0.126674 0.639319
vn 0.399670 0.066416 0.914250
vn 0.831988 -0.554793 0.000000
vn 0.832080 -0.554655 -0.000644
vn 0.895646 -0.444766 -0.000739
vn 0.895529 -0.445002 0.000000
vn -0.962731 -0.270459 -0.000834
vn -0.962692 -0.270600 0.000000
vn -0.995620 -0.093495 0.000000
vn -0.995642 -0.093258 -0.000861
vn -0.962921 -0.264844 -0.051397
vn -0.963003 -0.269303 -0.010044
vn -0.995777 -0.091220 -0.010324
vn -0.994995 -0.084322 -0.053614
vn -0.834038 -0.293200 0.467349
vn -0.487785 -0.425576 0.762202
vn -0.521936 -0.139587 0.841485
vn -0.860627 -0.085348 0.502033
vn 0.500205 -0.544105 0.673606
vn 0.757700 -0.528640 0.382661
vn 0.803867 -0.383348 0.454800
vn 0.516857 -0.318354 0.794676
vn 0.832832 -0.553472 -0.007761
vn 0.834967 -0.548848 -0.039955
vn 0.899163 -0.435141 -0.046448
vn 0.896630 -0.442691 -0.008885
vn 0.757698 -0.528644 -0.382661
vn 0.500204 -0.544106 -0.673606
vn 0.516858 -0.318351 -0.794676
vn 0.803865 -0.383350 -0.454800
vn -0.487786 -0.425574 -0.762202
vn -0.834042 -0.293193 -0.467345
vn -0.860627 -0.085349 -0.502033
vn -0.521938 -0.139586 -0.841485
vn 0.971821 -0.235417 0.011913
vn 0.986642 -0.162472 0.011870
vn 0.984703 -0.163331 0.060697
vn 0.969600 -0.236808 0.061630
vn 0.977854 -0.208843 0.013643
vn 0.972184 -0.233874 0.012704
vn 0.969715 -0.235288 0.065520
vn 0.975175 -0.210019 0.070186
vn 0.788392 -0.178266 0.588777
vn 0.800459 -0.199257 0.565299
vn 0.459223 -0.108736 0.881641
vn 0.438206 -0.102017 0.893067
vn 0.818266 -0.187607 0.543364
vn 0.846413 -0.104961 0.522081
vn 0.541471 0.073114 0.837534
vn 0.490950 -0.070312 0.868346
vn -0.439244 0.265938 0.858103
vn -0.377700 0.448382 0.810121
vn -0.688540 0.531000 0.493915
vn -0.756808 0.380396 0.531545
vn -0.439951 0.121057 0.889825
vn -0.450494 0.167689 0.876890
vn -0.780460 0.279329 0.559337
vn -0.781212 0.218992 0.584594
vn -0.894172 0.447590 -0.010980
vn -0.802412 0.596678 -0.010473
vn -0.803023 0.593508 -0.053867
vn -0.894525 0.443334 -0.057275
vn -0.959956 0.279825 -0.013505
vn -0.938186 0.345911 -0.012318
vn -0.937262 0.342749 -0.063744
vn -0.958171 0.277631 -0.069500
vn -0.781212 0.218992 -0.584594
vn -0.780460 0.279328 -0.559337
vn -0.450492 0.167689 -0.876891
vn -0.439949 0.121057 -0.889826
vn -0.756807 0.380395 -0.531547
vn -0.688539 0.530998 -0.493918
vn -0.377696 0.448381 -0.810123
vn -0.439240 0.265938 -0.858106
vn 0.490946 -0.070313 -0.868348
vn 0.541468 0.073117 -0.837536
vn 0.846412 -0.104963 -0.522081
vn 0.818265 -0.187608 -0.543364
vn 0.438205 -0.102017 -0.893067
vn 0.459221 -0.108737 -0.881642
vn 0.800458 -0.199257 -0.565299
vn 0.788392 -0.178265 -0.588778
vn -0.483530 -0.875284 -0.008679
vn -0.704356 -0.709806 -0.007640
vn -0.703893 -0.709254 -0.038646
vn -0.479808 -0.876221 -0.044959
vn 0.791786 -0.610697 -0.011128
vn 0.362057 -0.932082 -0.011782
vn 0.363011 -0.929823 -0.060435
vn 0.790755 -0.609593 -0.055704
vn 0.828162 0.560153 -0.019398
vn 0.996122 0.086809 -0.014347
vn 0.993383 0.089177 -0.072371
vn 0.822075 0.560723 -0.098907
vn -0.624195 0.781174 -0.012170
vn -0.286100 0.958059 -0.016434
vn -0.281768 0.955755 -0.084491
vn -0.621998 0.780596 -0.061556
vn -0.800640 -0.231320 -0.552690
vn -0.789298 -0.162789 -0.592037
vn -0.443156 -0.076827 -0.893146
vn -0.470477 -0.118486 -0.874421
vn -0.768199 0.021842 -0.639838
vn -0.759984 0.085686 -0.644269
vn -0.398215 0.046536 -0.916111
vn -0.405090 0.016174 -0.914134
vn 0.398338 -0.028252 -0.916803
vn 0.392736 -0.047435 -0.918427
vn 0.756477 -0.093821 -0.647256
vn 0.763658 -0.062339 -0.642605
vn 0.472320 0.036666 -0.880665
vn 0.438354 0.022723 -0.898515
vn 0.800024 0.016919 -0.599730
vn 0.824821 0.038221 -0.564100
vn -0.999748 0.015651 -0.016105
vn -0.993862 0.109432 -0.016232
vn -0.990528 0.109195 -0.083251
vn -0.996440 0.017179 -0.082539
vn -0.942683 -0.333472 -0.012081
vn -0.968587 -0.248291 -0.013845
vn -0.967906 -0.241007 -0.071233
vn -0.943681 -0.324909 -0.062459
vn 0.824821 0.038221 0.564101
vn 0.800023 0.016919 0.599730
vn 0.438356 0.022723 0.898514
vn 0.472322 0.036665 0.880663
vn 0.763657 -0.062339 0.642605
vn 0.756476 -0.093821 0.647257
vn 0.392737 -0.047435 0.918427
vn 0.398340 -0.028252 0.916803
vn -0.405092 0.016173 0.914133
vn -0.398217 0.046536 0.916110
vn -0.759983 0.085685 0.644270
vn -0.768199 0.021842 0.639839
vn -0.470479 -0.118484 0.874420
vn -0.443159 -0.076827 0.893145
vn -0.789298 -0.162788 0.592038
vn -0.800640 -0.231319 0.552691
vn 0.995508 -0.093339 0.015883
vn 0.991980 -0.125360 0.016170
vn 0.988711 -0.124699 0.083066
vn 0.992450 -0.091510 0.081662
vn 0.999917 -0.002342 0.012702
vn 0.999717 -0.019245 0.014010
vn 0.997299 -0.013930 0.072120
vn 0.997849 0.004299 0.065411
vn 0.992450 -0.091510 -0.081663
vn 0.988711 -0.124699 -0.083066
vn 0.991980 -0.125360 -0.016170
vn 0.995508 -0.093339 -0.015883
vn 0.997849 0.004299 -0.065411
vn 0.997299 -0.013930 -0.072120
vn 0.999717 -0.019245 -0.014010
vn 0.999917 -0.002342 -0.012702
vn 0.999991 -0.004109 -0.001063
vn 0.999786 -0.020637 -0.001173
vn 0.999784 -0.020791 0.000000
vn 0.999991 -0.004306 0.000000
vn 0.995594 -0.093755 -0.001330
vn 0.992100 -0.125440 -0.001354
vn 0.992100 -0.125447 0.000000
vn 0.995591 -0.093801 0.000000
vn -0.996440 0.017179 0.082539
vn -0.990528 0.109196 0.083251
vn -0.993862 0.109432 0.016232
vn -0.999748 0.015651 0.016105
vn -0.943681 -0.324909 0.062459
vn -0.967906 -0.241007 0.071233
vn -0.968587 -0.248291 0.013845
vn -0.942683 -0.333472 0.012081
vn -0.999885 0.015195 -0.000000
vn -0.993996 0.109421 -0.000000
vn -0.993994 0.109423 -0.001360
vn -0.999883 0.015241 -0.001350
vn -0.941910 -0.335866 0.000000
vn -0.968163 -0.250319 0.000000
vn -0.968215 -0.250118 -0.001159
vn -0.941994 -0.335628 -0.001010
vn 0.822078 0.560719 0.098906
vn 0.993383 0.089177 0.072372
vn 0.996122 0.086810 0.014347
vn 0.828164 0.560150 0.019397
vn -0.621996 0.780597 0.061555
vn -0.281769 0.955755 0.084490
vn -0.286102 0.958058 0.016434
vn -0.624193 0.781175 0.012170
vn 0.829061 0.559158 -0.000000
vn 0.996303 0.085905 0.000000
vn 0.996295 0.085998 -0.001188
vn 0.828972 0.559287 -0.001611
vn -0.624651 0.780904 -0.000000
vn -0.287295 0.957842 -0.000000
vn -0.287160 0.957882 -0.001363
vn -0.624608 0.780937 -0.001007
vn -0.479810 -0.876220 0.044959
vn -0.703892 -0.709255 0.038646
vn -0.704355 -0.709806 0.007640
vn -0.483531 -0.875284 0.008679
vn 0.790755 -0.609593 0.055704
vn 0.363012 -0.929822 0.060436
vn 0.362057 -0.932082 0.011783
vn 0.791785 -0.610699 0.011128
vn -0.484487 -0.874799 0.000000
vn -0.704358 -0.709845 0.000000
vn -0.704359 -0.709844 -0.000633
vn -0.484383 -0.874856 -0.000719
vn 0.791799 -0.610782 0.000000
vn 0.361489 -0.932377 0.000000
vn 0.361532 -0.932359 -0.000977
vn 0.791801 -0.610778 -0.000923
vn -0.894525 0.443334 0.057275
vn -0.803023 0.593508 0.053867
vn -0.802412 0.596678 0.010473
vn -0.894171 0.447590 0.010980
vn -0.958171 0.277631 0.069500
vn -0.937262 0.342749 0.063743
vn -0.938187 0.345911 0.012318
vn -0.959956 0.279825 0.013505
vn -0.893636 0.448792 -0.000000
vn -0.801988 0.597340 -0.000000
vn -0.802039 0.597271 -0.000869
vn -0.893697 0.448671 -0.000916
vn -0.959907 0.280319 -0.000000
vn -0.937958 0.346748 -0.000000
vn -0.937988 0.346666 -0.001031
vn -0.959920 0.280272 -0.001131
vn 0.969600 -0.236808 -0.061630
vn 0.984702 -0.163331 -0.060697
vn 0.986642 -0.162472 -0.011870
vn 0.971822 -0.235416 -0.011913
vn 0.975175 -0.210019 -0.070186
vn 0.969715 -0.235287 -0.065520
vn 0.972184 -0.233874 -0.012704
vn 0.977854 -0.208843 -0.013643
vn 0.978040 -0.208413 -0.001142
vn 0.972394 -0.233343 -0.001062
vn 0.972409 -0.233281 0.000000
vn 0.978052 -0.208363 0.000000
vn 0.972037 -0.234826 -0.000993
vn 0.986758 -0.162195 -0.000985
vn 0.986766 -0.162153 0.000000
vn 0.972055 -0.234753 0.000000
vn 0.992100 -0.125440 -0.001354
vn 0.988932 -0.148364 -0.001339
vn 0.988935 -0.148349 -0.000000
vn 0.992100 -0.125447 0.000000
vn 0.986181 -0.165668 -0.001291
vn 0.982960 -0.183814 -0.001222
vn 0.982968 -0.183775 0.000000
vn 0.986186 -0.165639 0.000000
vn 0.982877 -0.166383 -0.079182
vn 0.979879 -0.184974 -0.074982
vn 0.982790 -0.184149 -0.014590
vn 0.986020 -0.165909 -0.015417
vn 0.988711 -0.124699 -0.083066
vn 0.985496 -0.148527 -0.082086
vn 0.988785 -0.148486 -0.015986
vn 0.991980 -0.125360 -0.016170
vn -0.978846 0.204601 -0.000000
vn -0.971425 0.237346 0.000000
vn -0.971433 0.237311 -0.001212
vn -0.978850 0.204574 -0.001281
vn -0.993996 0.109421 -0.000000
vn -0.985823 0.167789 -0.000000
vn -0.985825 0.167772 -0.001333
vn -0.993994 0.109423 -0.001360
vn -0.976053 0.202837 0.078591
vn -0.969092 0.235211 0.074405
vn -0.971407 0.236981 0.014473
vn -0.978786 0.204314 0.015296
vn -0.990528 0.109196 0.083251
vn -0.982646 0.166532 0.081699
vn -0.985726 0.167602 0.015913
vn -0.993862 0.109432 0.016232
vn -0.759984 0.085686 -0.644269
vn -0.758436 0.126674 -0.639319
vn -0.399669 0.066416 -0.914250
vn -0.398215 0.046536 -0.916111
vn -0.763758 0.154732 -0.626684
vn -0.772901 0.181892 -0.607898
vn -0.423236 0.097281 -0.900782
vn -0.408750 0.081347 -0.909014
vn 0.405775 -0.073059 -0.911048
vn 0.420745 -0.085911 -0.903102
vn 0.776541 -0.153381 -0.611112
vn 0.765169 -0.134301 -0.629667
vn 0.392736 -0.047435 -0.918427
vn 0.395826 -0.061556 -0.916260
vn 0.757568 -0.116534 -0.642270
vn 0.756477 -0.093821 -0.647256
vn -0.978786 0.204315 -0.015296
vn -0.971407 0.236981 -0.014473
vn -0.969092 0.235212 -0.074405
vn -0.976053 0.202837 -0.078591
vn -0.993862 0.109432 -0.016232
vn -0.985726 0.167602 -0.015913
vn -0.982646 0.166532 -0.081699
vn -0.990528 0.109195 -0.083251
vn 0.756476 -0.093821 0.647257
vn 0.757568 -0.116534 0.642270
vn 0.395827 -0.061555 0.916260
vn 0.392737 -0.047435 0.918427
vn 0.765168 -0.134301 0.629667
vn 0.776541 -0.153381 0.611112
vn 0.420747 -0.085911 0.903101
vn 0.405777 -0.073059 0.911047
vn -0.408753 0.081348 0.909012
vn -0.423239 0.097282 0.900780
vn -0.772900 0.181891 0.607899
vn -0.763757 0.154732 0.626684
vn -0.398217 0.046536 0.916110
vn -0.399671 0.066416 0.914249
vn -0.758435 0.126674 0.639319
vn -0.759983 0.085685 0.644270
vn 0.986021 -0.165909 0.015417
vn 0.982790 -0.184148 0.014590
vn 0.979879 -0.184974 0.074982
vn 0.982877 -0.166383 0.079182
vn 0.991980 -0.125360 0.016170
vn 0.988785 -0.148486 0.015986
vn 0.985496 -0.148527 0.082086
vn 0.988711 -0.124699 0.083066
vn 0.165806 -0.986048 -0.014751
vn 0.105844 -0.994274 -0.014685
vn 0.106661 -0.991467 -0.074941
vn 0.167202 -0.982979 -0.076127
vn 0.027240 -0.430012 -0.902412
vn -0.092643 -0.469464 -0.878078
vn -0.274307 -0.054895 -0.960074
vn -0.095949 -0.018320 -0.995218
vn -0.226603 0.385273 -0.894548
vn -0.407368 0.345854 -0.845243
vn -0.511525 0.659085 -0.551316
vn -0.343161 0.720884 -0.602135
vn -0.435828 0.899929 0.013454
vn -0.610109 0.792223 0.012211
vn -0.604908 0.793807 0.062899
vn -0.429146 0.900510 0.070107
vn -0.095950 -0.018320 0.995218
vn -0.274308 -0.054895 0.960074
vn -0.092644 -0.469465 0.878078
vn 0.027241 -0.430017 0.902410
vn -0.343160 0.720885 0.602135
vn -0.511523 0.659086 0.551317
vn -0.407366 0.345853 0.845245
vn -0.226603 0.385276 0.894547
vn 0.745299 -0.666648 0.010527
vn 0.962995 -0.269370 0.008993
vn 0.960754 -0.273264 0.047740
vn 0.742912 -0.667198 0.054117
vn 0.998611 0.052155 0.007522
vn 0.951710 0.306922 0.006817
vn 0.950993 0.307281 0.034495
vn 0.998039 0.048986 0.038974
vn -0.988944 -0.146240 0.024552
vn -0.644829 -0.763921 0.024908
vn -0.639940 -0.758116 0.125446
vn -0.979515 -0.156121 0.127186
vn -0.771436 0.636169 0.013238
vn -0.925562 0.378187 0.017589
vn -0.925259 0.368146 0.091454
vn -0.770758 0.633557 0.067363
vn 0.004234 0.006726 0.999968
vn 0.003297 0.006871 0.999971
vn -0.102338 -0.448912 0.887696
vn -0.146711 -0.449208 0.881299
vn 0.275586 0.784178 0.555983
vn 0.198905 0.797991 0.568900
vn 0.113147 0.458547 0.881438
vn 0.159437 0.457543 0.874777
vn 0.337395 0.941280 0.012519
vn 0.247179 0.968883 0.012997
vn 0.245834 0.967006 0.066825
vn 0.335834 0.939718 0.064384
vn -0.146710 -0.449205 -0.881301
vn -0.102338 -0.448911 -0.887697
vn 0.003297 0.006874 -0.999971
vn 0.004235 0.006728 -0.999968
vn 0.159437 0.457546 -0.874775
vn 0.113147 0.458547 -0.881438
vn 0.198906 0.797991 -0.568899
vn 0.275586 0.784180 -0.555981
vn -0.298809 -0.954230 -0.012588
vn -0.211427 -0.977307 -0.013061
vn -0.211968 -0.974960 -0.067251
vn -0.299266 -0.951965 -0.064827
vn -0.299266 -0.951965 0.064826
vn -0.211967 -0.974960 0.067251
vn -0.211427 -0.977306 0.013061
vn -0.298809 -0.954230 0.012588
vn -0.298517 -0.954405 0.000000
vn -0.211146 -0.977454 0.000000
vn -0.211176 -0.977447 -0.001094
vn -0.298548 -0.954394 -0.001054
vn 0.335834 0.939718 -0.064384
vn 0.245834 0.967005 -0.066826
vn 0.247179 0.968883 -0.012997
vn 0.337396 0.941280 -0.012519
vn 0.337663 0.941266 -0.001049
vn 0.247421 0.968907 -0.001089
vn 0.247446 0.968902 -0.000000
vn 0.337691 0.941257 -0.000000
vn -0.979515 -0.156123 -0.127186
vn -0.639939 -0.758117 -0.125447
vn -0.644830 -0.763920 -0.024907
vn -0.988944 -0.146240 -0.024552
vn -0.770757 0.633559 -0.067362
vn -0.925259 0.368147 -0.091454
vn -0.925563 0.378186 -0.017589
vn -0.771436 0.636169 -0.013239
vn -0.771194 0.636600 -0.001095
vn -0.924738 0.380601 -0.001454
vn -0.924627 0.380875 -0.000000
vn -0.771160 0.636641 -0.000000
vn -0.989714 -0.143047 -0.002040
vn -0.644843 -0.764312 -0.002073
vn -0.644801 -0.764350 -0.000000
vn -0.989767 -0.142692 -0.000000
vn 0.742912 -0.667198 -0.054115
vn 0.960752 -0.273269 -0.047738
vn 0.962994 -0.269372 -0.008993
vn 0.745299 -0.666647 -0.010527
vn 0.998039 0.048983 -0.038972
vn 0.950993 0.307281 -0.034495
vn 0.951711 0.306921 -0.006817
vn 0.998611 0.052152 -0.007521
vn 0.745802 -0.666167 -0.000872
vn 0.963343 -0.268272 -0.000744
vn 0.963377 -0.268152 -0.000000
vn 0.745840 -0.666126 0.000000
vn 0.998597 0.052945 -0.000623
vn 0.951779 0.306784 -0.000564
vn 0.951784 0.306768 -0.000000
vn 0.998592 0.053042 0.000000
vn -0.429146 0.900510 -0.070106
vn -0.604908 0.793807 -0.062898
vn -0.610109 0.792223 -0.012212
vn -0.435828 0.899929 -0.013454
vn -0.437514 0.899211 -0.001123
vn -0.611178 0.791492 -0.001014
vn -0.611298 0.791400 -0.000000
vn -0.437701 0.899120 -0.000000
vn 0.167202 -0.982979 0.076127
vn 0.106661 -0.991467 0.074941
vn 0.105845 -0.994274 0.014686
vn 0.165806 -0.986048 0.014751
vn 0.165121 -0.986273 0.000000
vn 0.105547 -0.994414 -0.000000
vn 0.105587 -0.994409 -0.001219
vn 0.165198 -0.986260 -0.001230
vn 0.052860 -0.998602 0.000000
vn 0.104624 -0.994512 0.000000
vn 0.104634 -0.994510 -0.001322
vn 0.052842 -0.998602 -0.001307
vn -0.049646 -0.998767 0.000000
vn 0.004559 -0.999990 0.000000
vn 0.004527 -0.999989 -0.001260
vn -0.049683 -0.998764 -0.001199
vn -0.051122 -0.995974 0.073633
vn 0.003142 -0.997002 0.077306
vn 0.004235 -0.999878 0.015042
vn -0.050011 -0.998646 0.014318
vn 0.051920 -0.995427 0.080184
vn 0.104723 -0.991183 0.081178
vn 0.104714 -0.994377 0.015791
vn 0.052674 -0.998490 0.015605
vn 0.095626 0.995417 -0.001190
vn 0.035306 0.999376 -0.001250
vn 0.035334 0.999375 -0.000000
vn 0.095657 0.995414 -0.000000
vn -0.033492 0.999438 -0.001302
vn -0.132844 0.991136 -0.001323
vn -0.132860 0.991135 -0.000000
vn -0.033473 0.999440 -0.000000
vn 0.094080 0.992881 -0.073042
vn 0.034004 0.996475 -0.076689
vn 0.035044 0.999274 -0.014927
vn 0.095341 0.995343 -0.014211
vn -0.034146 0.996226 -0.079794
vn -0.131766 0.987963 -0.081037
vn -0.132690 0.991032 -0.015792
vn -0.033656 0.999313 -0.015545
vn 0.001997 0.004823 0.999986
vn 0.001586 0.004363 0.999989
vn -0.002957 -0.418196 0.908352
vn -0.027549 -0.432371 0.901275
vn 0.070886 0.796374 0.600636
vn 0.022965 0.786301 0.617417
vn 0.011350 0.425896 0.904701
vn 0.037687 0.440191 0.897113
vn -0.028353 0.775915 0.630199
vn -0.099766 0.766128 0.634897
vn -0.051962 0.406745 0.912063
vn -0.015100 0.414038 0.910134
vn 0.001044 0.004618 0.999989
vn -0.002316 0.004848 0.999986
vn 0.043758 -0.398901 0.915949
vn 0.019470 -0.405677 0.913809
vn 0.095341 0.995343 0.014211
vn 0.035044 0.999274 0.014927
vn 0.034005 0.996475 0.076689
vn 0.094080 0.992882 0.073041
vn -0.033656 0.999313 0.015545
vn -0.132690 0.991032 0.015792
vn -0.131766 0.987963 0.081037
vn -0.034146 0.996226 0.079793
vn -0.027548 -0.432368 -0.901276
vn -0.002957 -0.418195 -0.908352
vn 0.001586 0.004362 -0.999989
vn 0.001997 0.004823 -0.999986
vn 0.019470 -0.405678 -0.913809
vn 0.043759 -0.398899 -0.915950
vn -0.002315 0.004850 -0.999986
vn 0.001044 0.004617 -0.999989
vn -0.015099 0.414037 -0.910135
vn -0.051962 0.406744 -0.912063
vn -0.099765 0.766128 -0.634897
vn -0.028352 0.775916 -0.630199
vn 0.037687 0.440190 -0.897114
vn 0.011350 0.425895 -0.904701
vn 0.022965 0.786303 -0.617415
vn 0.070886 0.796375 -0.600635
vn -0.050011 -0.998646 -0.014318
vn 0.004235 -0.999878 -0.015042
vn 0.003142 -0.997002 -0.077306
vn -0.051121 -0.995974 -0.073633
vn 0.052674 -0.998490 -0.015605
vn 0.104714 -0.994377 -0.015791
vn 0.104723 -0.991183 -0.081179
vn 0.051920 -0.995427 -0.080185
vn 0.607821 0.794073 -0.000847
vn 0.514033 0.857770 -0.000942
vn 0.514107 0.857726 0.000000
vn 0.607960 0.793968 -0.000000
vn 0.601570 0.797085 -0.052628
vn 0.510111 0.858150 -0.058010
vn 0.513341 0.858111 -0.011252
vn 0.606571 0.794965 -0.010136
vn -0.394287 -0.918987 0.000000
vn -0.402100 -0.915596 -0.000000
vn -0.402180 -0.915560 -0.000965
vn -0.394425 -0.918928 -0.000904
vn -0.399245 -0.915139 0.055885
vn -0.404831 -0.912463 0.059356
vn -0.402869 -0.915185 0.011526
vn -0.395623 -0.918349 0.010813
vn -0.395623 -0.918349 -0.010813
vn -0.402868 -0.915185 -0.011526
vn -0.404831 -0.912463 -0.059356
vn -0.399246 -0.915139 -0.055885
vn -0.201202 -0.480114 -0.853820
vn -0.216616 -0.455670 -0.863390
vn 0.011366 0.002060 -0.999933
vn 0.060009 -0.014484 -0.998093
vn 0.332821 0.432916 -0.837743
vn 0.253892 0.448803 -0.856805
vn 0.424690 0.739443 -0.522362
vn 0.512772 0.701793 -0.494522
vn 0.606571 0.794965 0.010136
vn 0.513341 0.858111 0.011252
vn 0.510111 0.858150 0.058010
vn 0.601568 0.797086 0.052627
vn 0.512771 0.701794 0.494522
vn 0.424689 0.739443 0.522364
vn 0.253890 0.448802 0.856806
vn 0.332822 0.432916 0.837743
vn 0.060009 -0.014486 0.998093
vn 0.011364 0.002057 0.999933
vn -0.216616 -0.455670 0.863390
vn -0.201202 -0.480114 0.853820
vn -0.165806 -0.986048 -0.014751
vn -0.167202 -0.982979 -0.076127
vn -0.106661 -0.991467 -0.074940
vn -0.105844 -0.994274 -0.014685
vn -0.027241 -0.430015 -0.902411
vn 0.095948 -0.018322 -0.995218
vn 0.274307 -0.054899 -0.960074
vn 0.092643 -0.469467 -0.878076
vn 0.226603 0.385275 -0.894547
vn 0.343161 0.720885 -0.602134
vn 0.511524 0.659087 -0.551314
vn 0.407368 0.345854 -0.845243
vn 0.435828 0.899929 0.013454
vn 0.429146 0.900510 0.070107
vn 0.604908 0.793807 0.062899
vn 0.610109 0.792223 0.012211
vn 0.095951 -0.018318 0.995218
vn -0.027239 -0.430014 0.902411
vn 0.092647 -0.469464 0.878077
vn 0.274309 -0.054895 0.960074
vn 0.343160 0.720885 0.602134
vn 0.226604 0.385273 0.894548
vn 0.407367 0.345851 0.845245
vn 0.511523 0.659086 0.551317
vn -0.745299 -0.666648 0.010528
vn -0.742914 -0.667195 0.054114
vn -0.960754 -0.273264 0.047737
vn -0.962994 -0.269372 0.008994
vn -0.998611 0.052152 0.007522
vn -0.998039 0.048985 0.038972
vn -0.950995 0.307275 0.034496
vn -0.951711 0.306920 0.006817
vn 0.988944 -0.146240 0.024552
vn 0.979515 -0.156121 0.127186
vn 0.639940 -0.758116 0.125446
vn 0.644829 -0.763921 0.024907
vn 0.771437 0.636168 0.013238
vn 0.770758 0.633557 0.067362
vn 0.925259 0.368147 0.091453
vn 0.925562 0.378186 0.017588
vn -0.004233 0.006725 0.999968
vn 0.146710 -0.449202 0.881302
vn 0.102338 -0.448910 0.887697
vn -0.003297 0.006871 0.999971
vn -0.275586 0.784179 0.555982
vn -0.159435 0.457543 0.874777
vn -0.113147 0.458545 0.881439
vn -0.198905 0.797990 0.568901
vn -0.337396 0.941279 0.012518
vn -0.335835 0.939718 0.064384
vn -0.245834 0.967005 0.066826
vn -0.247179 0.968883 0.012997
vn 0.146710 -0.449204 -0.881302
vn -0.004235 0.006726 -0.999968
vn -0.003297 0.006872 -0.999971
vn 0.102338 -0.448910 -0.887697
vn -0.159437 0.457543 -0.874776
vn -0.275587 0.784178 -0.555982
vn -0.198907 0.797991 -0.568900
vn -0.113147 0.458546 -0.881438
vn 0.298810 -0.954230 -0.012588
vn 0.299266 -0.951965 -0.064827
vn 0.211967 -0.974960 -0.067251
vn 0.211427 -0.977306 -0.013061
vn 0.299265 -0.951965 0.064826
vn 0.298809 -0.954230 0.012589
vn 0.211427 -0.977306 0.013061
vn 0.211968 -0.974960 0.067251
vn 0.298517 -0.954405 0.000000
vn 0.298548 -0.954394 -0.001054
vn 0.211176 -0.977447 -0.001093
vn 0.211146 -0.977454 -0.000000
vn -0.335835 0.939718 -0.064384
vn -0.337396 0.941279 -0.012519
vn -0.247179 0.968883 -0.012997
vn -0.245834 0.967006 -0.066826
vn -0.337664 0.941266 -0.001049
vn -0.337690 0.941257 -0.000000
vn -0.247446 0.968902 -0.000000
vn -0.247421 0.968907 -0.001089
vn 0.979515 -0.156121 -0.127185
vn 0.988945 -0.146237 -0.024551
vn 0.644830 -0.763920 -0.024907
vn 0.639940 -0.758116 -0.125446
vn 0.770757 0.633558 -0.067362
vn 0.771437 0.636167 -0.013239
vn 0.925563 0.378185 -0.017588
vn 0.925259 0.368147 -0.091453
vn 0.771194 0.636599 -0.001095
vn 0.771159 0.636642 -0.000000
vn 0.924627 0.380874 -0.000000
vn 0.924738 0.380601 -0.001455
vn 0.989714 -0.143046 -0.002040
vn 0.989767 -0.142693 -0.000000
vn 0.644803 -0.764349 -0.000000
vn 0.644844 -0.764311 -0.002073
vn -0.742914 -0.667196 -0.054115
vn -0.745299 -0.666647 -0.010527
vn -0.962994 -0.269372 -0.008993
vn -0.960753 -0.273266 -0.047739
vn -0.998039 0.048980 -0.038974
vn -0.998611 0.052150 -0.007521
vn -0.951709 0.306926 -0.006817
vn -0.950992 0.307284 -0.034496
vn -0.745803 -0.666166 -0.000872
vn -0.745843 -0.666121 0.000000
vn -0.963376 -0.268154 0.000000
vn -0.963342 -0.268275 -0.000744
vn -0.998597 0.052947 -0.000623
vn -0.998592 0.053045 0.000000
vn -0.951784 0.306770 0.000000
vn -0.951778 0.306788 -0.000565
vn 0.429145 0.900511 -0.070106
vn 0.435828 0.899929 -0.013454
vn 0.610109 0.792224 -0.012212
vn 0.604908 0.793807 -0.062898
vn 0.437514 0.899211 -0.001123
vn 0.437702 0.899120 -0.000000
vn 0.611298 0.791400 -0.000000
vn 0.611178 0.791493 -0.001014
vn -0.167203 -0.982979 0.076127
vn -0.165806 -0.986048 0.014751
vn -0.105844 -0.994274 0.014686
vn -0.106661 -0.991467 0.074940
vn -0.165121 -0.986273 0.000000
vn -0.165197 -0.986260 -0.001230
vn -0.105587 -0.994409 -0.001218
vn -0.105548 -0.994414 -0.000000
vn -0.052860 -0.998602 0.000000
vn -0.052842 -0.998602 -0.001307
vn -0.104635 -0.994510 -0.001322
vn -0.104624 -0.994512 0.000000
vn 0.049646 -0.998767 0.000000
vn 0.049682 -0.998764 -0.001199
vn -0.004527 -0.999989 -0.001260
vn -0.004559 -0.999990 0.000000
vn 0.051121 -0.995974 0.073633
vn 0.050011 -0.998646 0.014319
vn -0.004235 -0.999878 0.015043
vn -0.003142 -0.997002 0.077306
vn -0.051919 -0.995427 0.080185
vn -0.052674 -0.998490 0.015605
vn -0.104713 -0.994377 0.015791
vn -0.104722 -0.991183 0.081179
vn -0.095626 0.995417 -0.001190
vn -0.095657 0.995414 -0.000000
vn -0.035334 0.999375 -0.000000
vn -0.035306 0.999376 -0.001250
vn 0.033491 0.999438 -0.001302
vn 0.033472 0.999440 -0.000000
vn 0.132860 0.991135 -0.000000
vn 0.132844 0.991136 -0.001323
vn -0.094080 0.992882 -0.073042
vn -0.095341 0.995343 -0.014211
vn -0.035044 0.999274 -0.014927
vn -0.034005 0.996475 -0.076689
vn 0.034146 0.996226 -0.079793
vn 0.033656 0.999313 -0.015545
vn 0.132690 0.991032 -0.015792
vn 0.131766 0.987963 -0.081036
vn -0.001997 0.004825 0.999986
vn 0.027549 -0.432370 0.901275
vn 0.002957 -0.418195 0.908352
vn -0.001586 0.004364 0.999989
vn -0.070886 0.796375 0.600635
vn -0.037687 0.440193 0.897112
vn -0.011350 0.425899 0.904699
vn -0.022965 0.786302 0.617415
vn 0.028352 0.775916 0.630199
vn 0.015100 0.414038 0.910134
vn 0.051962 0.406747 0.912062
vn 0.099766 0.766128 0.634897
vn -0.001044 0.004616 0.999989
vn -0.019470 -0.405678 0.913809
vn -0.043759 -0.398902 0.915949
vn 0.002315 0.004848 0.999986
vn -0.095341 0.995343 0.014210
vn -0.094080 0.992881 0.073042
vn -0.034005 0.996475 0.076689
vn -0.035044 0.999274 0.014927
vn 0.033656 0.999313 0.015544
vn 0.034147 0.996226 0.079794
vn 0.131766 0.987963 0.081037
vn 0.132691 0.991032 0.015791
vn 0.027548 -0.432368 -0.901276
vn -0.001997 0.004822 -0.999986
vn -0.001586 0.004361 -0.999989
vn 0.002957 -0.418195 -0.908352
vn -0.019470 -0.405678 -0.913809
vn -0.001044 0.004615 -0.999989
vn 0.002315 0.004849 -0.999986
vn -0.043759 -0.398899 -0.915950
vn 0.015099 0.414036 -0.910135
vn 0.028352 0.775916 -0.630199
vn 0.099766 0.766128 -0.634897
vn 0.051962 0.406744 -0.912063
vn -0.037687 0.440189 -0.897114
vn -0.070886 0.796374 -0.600635
vn -0.022965 0.786302 -0.617415
vn -0.011350 0.425894 -0.904702
vn 0.050011 -0.998646 -0.014318
vn 0.051122 -0.995974 -0.073633
vn -0.003142 -0.997002 -0.077307
vn -0.004235 -0.999878 -0.015042
vn -0.052674 -0.998490 -0.015605
vn -0.051920 -0.995427 -0.080185
vn -0.104723 -0.991183 -0.081179
vn -0.104713 -0.994377 -0.015790
vn -0.607823 0.794073 -0.000847
vn -0.607961 0.793967 -0.000000
vn -0.514106 0.857727 0.000000
vn -0.514033 0.857770 -0.000942
vn -0.601570 0.797084 -0.052628
vn -0.606572 0.794964 -0.010136
vn -0.513341 0.858111 -0.011252
vn -0.510111 0.858150 -0.058010
vn 0.394288 -0.918987 -0.000000
vn 0.394426 -0.918927 -0.000904
vn 0.402179 -0.915560 -0.000965
vn 0.402100 -0.915596 0.000000
vn 0.399246 -0.915139 0.055885
vn 0.395624 -0.918349 0.010813
vn 0.402869 -0.915185 0.011526
vn 0.404832 -0.912463 0.059356
vn 0.395624 -0.918349 -0.010813
vn 0.399246 -0.915139 -0.055884
vn 0.404831 -0.912463 -0.059356
vn 0.402868 -0.915185 -0.011526
vn 0.201202 -0.480115 -0.853819
vn -0.060009 -0.014486 -0.998093
vn -0.011365 0.002059 -0.999933
vn 0.216616 -0.455671 -0.863389
vn -0.332819 0.432915 -0.837745
vn -0.512771 0.701793 -0.494522
vn -0.424689 0.739445 -0.522361
vn -0.253891 0.448804 -0.856805
vn -0.606570 0.794965 0.010136
vn -0.601569 0.797086 0.052627
vn -0.510111 0.858150 0.058009
vn -0.513340 0.858111 0.011251
vn -0.512770 0.701794 0.494521
vn -0.332821 0.432915 0.837744
vn -0.253893 0.448802 0.856805
vn -0.424691 0.739444 0.522360
vn -0.060009 -0.014486 0.998093
vn 0.201202 -0.480115 0.853819
vn 0.216616 -0.455671 0.863390
vn -0.011364 0.002055 0.999933
vn 0.165807 -0.986048 0.014751
vn 0.167203 -0.982979 0.076127
vn 0.106661 -0.991467 0.074941
vn 0.105845 -0.994274 0.014686
vn 0.027241 -0.430015 0.902411
vn -0.095949 -0.018322 0.995218
vn -0.274307 -0.054896 0.960074
vn -0.092644 -0.469465 0.878077
vn -0.226604 0.385275 0.894547
vn -0.343161 0.720884 0.602135
vn -0.511524 0.659086 0.551315
vn -0.407368 0.345853 0.845244
vn -0.435829 0.899929 -0.013454
vn -0.429146 0.900510 -0.070107
vn -0.604908 0.793807 -0.062898
vn -0.610109 0.792223 -0.012212
vn -0.095951 -0.018318 -0.995217
vn 0.027240 -0.430012 -0.902412
vn -0.092648 -0.469465 -0.878077
vn -0.274310 -0.054895 -0.960073
vn -0.343161 0.720886 -0.602133
vn -0.226604 0.385278 -0.894545
vn -0.407368 0.345854 -0.845243
vn -0.511523 0.659087 -0.551314
vn 0.745298 -0.666648 -0.010527
vn 0.742910 -0.667200 -0.054117
vn 0.960753 -0.273265 -0.047740
vn 0.962995 -0.269371 -0.008993
vn 0.998611 0.052155 -0.007521
vn 0.998039 0.048987 -0.038973
vn 0.950994 0.307281 -0.034495
vn 0.951710 0.306923 -0.006817
vn -0.988944 -0.146241 -0.024552
vn -0.979515 -0.156122 -0.127185
vn -0.639940 -0.758116 -0.125446
vn -0.644829 -0.763921 -0.024907
vn -0.771436 0.636169 -0.013239
vn -0.770757 0.633558 -0.067363
vn -0.925259 0.368147 -0.091454
vn -0.925562 0.378187 -0.017589
vn 0.004234 0.006725 -0.999968
vn -0.146712 -0.449208 -0.881299
vn -0.102338 -0.448914 -0.887695
vn 0.003297 0.006872 -0.999971
vn 0.275586 0.784178 -0.555983
vn 0.159437 0.457543 -0.874777
vn 0.113147 0.458546 -0.881438
vn 0.198906 0.797989 -0.568902
vn 0.337396 0.941280 -0.012519
vn 0.335834 0.939718 -0.064384
vn 0.245834 0.967006 -0.066826
vn 0.247179 0.968883 -0.012998
vn -0.146710 -0.449204 0.881301
vn 0.004235 0.006728 0.999968
vn 0.003298 0.006876 0.999971
vn -0.102338 -0.448908 0.887699
vn 0.159437 0.457547 0.874775
vn 0.275586 0.784180 0.555980
vn 0.198906 0.797992 0.568898
vn 0.113147 0.458548 0.881437
vn -0.298810 -0.954230 0.012588
vn -0.299266 -0.951965 0.064827
vn -0.211967 -0.974960 0.067252
vn -0.211427 -0.977307 0.013061
vn -0.299266 -0.951965 -0.064826
vn -0.298810 -0.954230 -0.012588
vn -0.211427 -0.977307 -0.013060
vn -0.211967 -0.974960 -0.067250
vn -0.298548 -0.954394 -0.001054
vn -0.298517 -0.954405 0.000000
vn -0.211146 -0.977455 0.000000
vn -0.211176 -0.977448 -0.001093
vn 0.335834 0.939718 0.064384
vn 0.337395 0.941280 0.012518
vn 0.247179 0.968883 0.012997
vn 0.245834 0.967006 0.066826
vn 0.337691 0.941257 -0.000000
vn 0.337663 0.941266 -0.001049
vn 0.247421 0.968907 -0.001089
vn 0.247446 0.968902 -0.000000
vn -0.979515 -0.156123 0.127186
vn -0.988945 -0.146238 0.024552
vn -0.644830 -0.763920 0.024908
vn -0.639938 -0.758117 0.125447
vn -0.770757 0.633558 0.067363
vn -0.771437 0.636168 0.013238
vn -0.925562 0.378187 0.017588
vn -0.925259 0.368147 0.091453
vn -0.989767 -0.142693 0.000000
vn -0.989714 -0.143048 -0.002040
vn -0.644842 -0.764313 -0.002073
vn -0.644800 -0.764351 0.000000
vn -0.771160 0.636641 -0.000000
vn -0.771194 0.636600 -0.001095
vn -0.924738 0.380602 -0.001454
vn -0.924627 0.380875 0.000000
vn 0.742913 -0.667197 0.054115
vn 0.745299 -0.666647 0.010527
vn 0.962995 -0.269369 0.008993
vn 0.960752 -0.273269 0.047739
vn 0.998039 0.048982 0.038973
vn 0.998611 0.052153 0.007521
vn 0.951711 0.306920 0.006817
vn 0.950993 0.307282 0.034495
vn 0.998592 0.053043 -0.000000
vn 0.998597 0.052947 -0.000623
vn 0.951779 0.306785 -0.000565
vn 0.951784 0.306767 -0.000000
vn 0.745840 -0.666125 -0.000000
vn 0.745802 -0.666167 -0.000872
vn 0.963342 -0.268273 -0.000744
vn 0.963376 -0.268152 0.000000
vn -0.429147 0.900510 0.070106
vn -0.435829 0.899929 0.013454
vn -0.610109 0.792223 0.012211
vn -0.604908 0.793807 0.062898
vn -0.437702 0.899120 -0.000000
vn -0.437514 0.899211 -0.001123
vn -0.611178 0.791493 -0.001015
vn -0.611298 0.791400 -0.000000
vn 0.167202 -0.982979 -0.076126
vn 0.165807 -0.986048 -0.014751
vn 0.105845 -0.994274 -0.014685
vn 0.106662 -0.991467 -0.074940
vn 0.165198 -0.986260 -0.001230
vn 0.165122 -0.986273 0.000000
vn 0.105547 -0.994414 0.000000
vn 0.105588 -0.994409 -0.001219
vn -0.049683 -0.998764 -0.001199
vn -0.049645 -0.998767 0.000000
vn 0.004559 -0.999990 0.000000
vn 0.004527 -0.999989 -0.001260
vn 0.052842 -0.998602 -0.001307
vn 0.052860 -0.998602 0.000000
vn 0.104624 -0.994512 0.000000
vn 0.104634 -0.994510 -0.001322
vn -0.051122 -0.995974 -0.073633
vn -0.050011 -0.998646 -0.014318
vn 0.004235 -0.999878 -0.015042
vn 0.003142 -0.997002 -0.077306
vn 0.051920 -0.995427 -0.080184
vn 0.052674 -0.998490 -0.015605
vn 0.104713 -0.994377 -0.015790
vn 0.104723 -0.991183 -0.081178
vn -0.033472 0.999440 -0.000000
vn -0.033491 0.999438 -0.001303
vn -0.132844 0.991136 -0.001323
vn -0.132860 0.991135 -0.000000
vn 0.095657 0.995414 -0.000000
vn 0.095626 0.995417 -0.001191
vn 0.035306 0.999376 -0.001251
vn 0.035334 0.999375 -0.000000
vn 0.094080 0.992882 0.073041
vn 0.095341 0.995343 0.014210
vn 0.035044 0.999274 0.014927
vn 0.034004 0.996475 0.076689
vn -0.034146 0.996226 0.079793
vn -0.033656 0.999313 0.015544
vn -0.132690 0.991032 0.015791
vn -0.131766 0.987963 0.081036
vn 0.001997 0.004825 -0.999986
vn -0.027549 -0.432371 -0.901275
vn -0.002958 -0.418197 -0.908352
vn 0.001586 0.004363 -0.999989
vn 0.070886 0.796375 -0.600635
vn 0.037687 0.440193 -0.897112
vn 0.011350 0.425896 -0.904701
vn 0.022965 0.786303 -0.617415
vn -0.028353 0.775916 -0.630199
vn -0.015100 0.414035 -0.910136
vn -0.051962 0.406743 -0.912063
vn -0.099766 0.766128 -0.634897
vn 0.001043 0.004616 -0.999989
vn 0.019469 -0.405679 -0.913808
vn 0.043758 -0.398900 -0.915950
vn -0.002315 0.004849 -0.999986
vn 0.095341 0.995343 -0.014211
vn 0.094080 0.992882 -0.073042
vn 0.034005 0.996475 -0.076690
vn 0.035044 0.999274 -0.014927
vn -0.033656 0.999313 -0.015545
vn -0.034146 0.996226 -0.079794
vn -0.131766 0.987963 -0.081037
vn -0.132690 0.991032 -0.015792
vn -0.027548 -0.432364 0.901278
vn 0.001997 0.004824 0.999986
vn 0.001587 0.004361 0.999989
vn -0.002957 -0.418191 0.908354
vn 0.019470 -0.405677 0.913809
vn 0.001044 0.004615 0.999989
vn -0.002315 0.004847 0.999986
vn 0.043759 -0.398899 0.915950
vn -0.015099 0.414036 0.910135
vn -0.028352 0.775916 0.630199
vn -0.099765 0.766128 0.634898
vn -0.051962 0.406744 0.912063
vn 0.037687 0.440190 0.897113
vn 0.070886 0.796375 0.600634
vn 0.022966 0.786304 0.617413
vn 0.011351 0.425896 0.904701
vn -0.050011 -0.998646 0.014319
vn -0.051122 -0.995974 0.073633
vn 0.003142 -0.997002 0.077307
vn 0.004235 -0.999878 0.015043
vn 0.052674 -0.998490 0.015606
vn 0.051920 -0.995427 0.080185
vn 0.104723 -0.991183 0.081179
vn 0.104713 -0.994377 0.015791
vn 0.607960 0.793968 -0.000000
vn 0.607822 0.794073 -0.000847
vn 0.514032 0.857770 -0.000942
vn 0.514106 0.857727 -0.000000
vn 0.601570 0.797085 0.052627
vn 0.606572 0.794964 0.010136
vn 0.513341 0.858111 0.011252
vn 0.510111 0.858150 0.058010
vn -0.394426 -0.918927 -0.000904
vn -0.394287 -0.918987 0.000000
vn -0.402100 -0.915596 0.000000
vn -0.402180 -0.915560 -0.000965
vn -0.399246 -0.915139 -0.055884
vn -0.395623 -0.918349 -0.010812
vn -0.402868 -0.915186 -0.011525
vn -0.404831 -0.912463 -0.059356
vn -0.395624 -0.918349 0.010813
vn -0.399246 -0.915139 0.055885
vn -0.404831 -0.912463 0.059356
vn -0.402868 -0.915186 0.011526
vn -0.201201 -0.480116 0.853819
vn 0.060012 -0.014483 0.998093
vn 0.011366 0.002063 0.999933
vn -0.216616 -0.455672 0.863389
vn 0.332823 0.432917 0.837742
vn 0.512772 0.701792 0.494523
vn 0.424689 0.739444 0.522361
vn 0.253891 0.448805 0.856804
vn 0.606572 0.794964 -0.010137
vn 0.601569 0.797085 -0.052627
vn 0.510111 0.858150 -0.058011
vn 0.513341 0.858111 -0.011253
vn 0.512772 0.701792 -0.494523
vn 0.332823 0.432918 -0.837741
vn 0.253892 0.448802 -0.856805
vn 0.424689 0.739442 -0.522364
vn 0.060010 -0.014484 -0.998093
vn -0.201203 -0.480117 -0.853818
vn -0.216616 -0.455673 -0.863388
vn 0.011367 0.002060 -0.999933
vn -0.165806 -0.986048 0.014751
vn -0.105844 -0.994274 0.014685
vn -0.106660 -0.991467 0.074941
vn -0.167202 -0.982979 0.076127
vn -0.027241 -0.430015 0.902411
vn 0.092644 -0.469467 0.878076
vn 0.274309 -0.054897 0.960073
vn 0.095949 -0.018322 0.995218
vn 0.226603 0.385275 0.894547
vn 0.407368 0.345854 0.845243
vn 0.511524 0.659086 0.551315
vn 0.343160 0.720885 0.602134
vn 0.435828 0.899929 -0.013454
vn 0.610110 0.792223 -0.012211
vn 0.604908 0.793807 -0.062899
vn 0.429146 0.900510 -0.070107
vn 0.095953 -0.018323 -0.995217
vn 0.274309 -0.054893 -0.960074
vn 0.092644 -0.469469 -0.878075
vn -0.027241 -0.430020 -0.902408
vn 0.343163 0.720883 -0.602136
vn 0.511524 0.659083 -0.551319
vn 0.407368 0.345853 -0.845244
vn 0.226607 0.385273 -0.894547
vn -0.745300 -0.666646 -0.010528
vn -0.962995 -0.269368 -0.008993
vn -0.960753 -0.273266 -0.047739
vn -0.742913 -0.667197 -0.054116
vn -0.998611 0.052148 -0.007521
vn -0.951711 0.306919 -0.006817
vn -0.950994 0.307278 -0.034496
vn -0.998039 0.048983 -0.038973
vn 0.988944 -0.146240 -0.024551
vn 0.644830 -0.763920 -0.024907
vn 0.639940 -0.758116 -0.125447
vn 0.979515 -0.156121 -0.127185
vn 0.771436 0.636169 -0.013238
vn 0.925563 0.378185 -0.017588
vn 0.925259 0.368147 -0.091454
vn 0.770757 0.633558 -0.067363
vn -0.004232 0.006720 -0.999968
vn -0.003296 0.006867 -0.999971
vn 0.102337 -0.448913 -0.887696
vn 0.146711 -0.449205 -0.881301
vn -0.275588 0.784180 -0.555979
vn -0.198907 0.797993 -0.568897
vn -0.113147 0.458547 -0.881438
vn -0.159438 0.457544 -0.874776
vn -0.337396 0.941280 -0.012519
vn -0.247179 0.968883 -0.012998
vn -0.245834 0.967006 -0.066826
vn -0.335834 0.939718 -0.064384
vn 0.146711 -0.449204 0.881301
vn 0.102338 -0.448911 0.887697
vn -0.003297 0.006873 0.999971
vn -0.004234 0.006727 0.999968
vn -0.159437 0.457545 0.874775
vn -0.113148 0.458548 0.881437
vn -0.198907 0.797991 0.568899
vn -0.275587 0.784179 0.555981
vn 0.298809 -0.954230 0.012589
vn 0.211427 -0.977306 0.013061
vn 0.211967 -0.974960 0.067251
vn 0.299266 -0.951965 0.064826
vn 0.299266 -0.951965 -0.064826
vn 0.211968 -0.974960 -0.067251
vn 0.211427 -0.977307 -0.013061
vn 0.298810 -0.954230 -0.012587
vn 0.298516 -0.954405 0.000000
vn 0.211146 -0.977454 0.000000
vn 0.211176 -0.977447 0.001094
vn 0.298548 -0.954394 0.001055
vn -0.335835 0.939718 0.064384
vn -0.245835 0.967005 0.066826
vn -0.247179 0.968883 0.012997
vn -0.337396 0.941280 0.012518
vn -0.337664 0.941266 0.001048
vn -0.247421 0.968907 0.001088
vn -0.247446 0.968902 -0.000000
vn -0.337691 0.941257 -0.000000
vn 0.979515 -0.156123 0.127187
vn 0.639938 -0.758117 0.125447
vn 0.644829 -0.763921 0.024907
vn 0.988945 -0.146239 0.024552
vn 0.770757 0.633559 0.067363
vn 0.925259 0.368147 0.091454
vn 0.925563 0.378186 0.017588
vn 0.771437 0.636168 0.013239
vn 0.771193 0.636600 0.001095
vn 0.924738 0.380601 0.001454
vn 0.924627 0.380875 0.000000
vn 0.771159 0.636643 -0.000000
vn 0.989714 -0.143047 0.002040
vn 0.644843 -0.764312 0.002074
vn 0.644802 -0.764350 0.000000
vn 0.989767 -0.142693 0.000000
vn -0.742916 -0.667194 0.054115
vn -0.960754 -0.273264 0.047740
vn -0.962994 -0.269373 0.008993
vn -0.745301 -0.666645 0.010528
vn -0.998039 0.048978 0.038974
vn -0.950994 0.307279 0.034494
vn -0.951710 0.306923 0.006816
vn -0.998611 0.052150 0.007520
vn -0.745804 -0.666165 0.000873
vn -0.963342 -0.268275 0.000744
vn -0.963376 -0.268156 0.000000
vn -0.745843 -0.666122 0.000000
vn -0.998597 0.052947 0.000622
vn -0.951778 0.306786 0.000564
vn -0.951784 0.306768 -0.000000
vn -0.998592 0.053044 -0.000000
vn 0.429146 0.900510 0.070106
vn 0.604908 0.793807 0.062899
vn 0.610109 0.792223 0.012212
vn 0.435828 0.899929 0.013454
vn 0.437513 0.899211 0.001123
vn 0.611178 0.791493 0.001014
vn 0.611298 0.791400 -0.000000
vn 0.437702 0.899120 -0.000000
vn -0.167201 -0.982979 -0.076126
vn -0.106661 -0.991467 -0.074940
vn -0.105845 -0.994274 -0.014685
vn -0.165806 -0.986048 -0.014751
vn -0.165121 -0.986273 0.000000
vn -0.105547 -0.994414 0.000000
vn -0.105586 -0.994409 0.001219
vn -0.165197 -0.986260 0.001230
vn -0.052860 -0.998602 0.000000
vn -0.104624 -0.994512 0.000000
vn -0.104634 -0.994510 0.001322
vn -0.052842 -0.998602 0.001307
vn 0.049645 -0.998767 0.000000
vn -0.004559 -0.999990 0.000000
vn -0.004527 -0.999989 0.001260
vn 0.049682 -0.998764 0.001200
vn 0.051121 -0.995974 -0.073632
vn -0.003142 -0.997002 -0.077306
vn -0.004235 -0.999878 -0.015042
vn 0.050011 -0.998646 -0.014318
vn -0.051919 -0.995427 -0.080185
vn -0.104723 -0.991183 -0.081179
vn -0.104713 -0.994377 -0.015790
vn -0.052674 -0.998490 -0.015605
vn -0.095626 0.995417 0.001190
vn -0.035306 0.999376 0.001250
vn -0.035335 0.999375 -0.000000
vn -0.095657 0.995414 -0.000000
vn 0.033491 0.999438 0.001302
vn 0.132844 0.991136 0.001323
vn 0.132860 0.991135 -0.000000
vn 0.033472 0.999440 -0.000000
vn -0.094080 0.992882 0.073041
vn -0.034005 0.996475 0.076688
vn -0.035044 0.999274 0.014927
vn -0.095341 0.995343 0.014210
vn 0.034146 0.996226 0.079793
vn 0.131766 0.987963 0.081036
vn 0.132691 0.991032 0.015791
vn 0.033656 0.999313 0.015544
vn -0.001996 0.004815 -0.999986
vn -0.001586 0.004357 -0.999989
vn 0.002957 -0.418197 -0.908351
vn 0.027550 -0.432371 -0.901275
vn -0.070886 0.796377 -0.600632
vn -0.022965 0.786304 -0.617413
vn -0.011350 0.425897 -0.904701
vn -0.037687 0.440190 -0.897113
vn 0.028353 0.775916 -0.630199
vn 0.099765 0.766127 -0.634898
vn 0.051962 0.406748 -0.912061
vn 0.015101 0.414038 -0.910134
vn -0.001044 0.004615 -0.999989
vn 0.002316 0.004852 -0.999986
vn -0.043758 -0.398904 -0.915948
vn -0.019470 -0.405682 -0.913807
vn -0.095341 0.995343 -0.014211
vn -0.035044 0.999274 -0.014927
vn -0.034005 0.996475 -0.076690
vn -0.094080 0.992881 -0.073042
vn 0.033656 0.999313 -0.015545
vn 0.132691 0.991032 -0.015792
vn 0.131766 0.987963 -0.081037
vn 0.034146 0.996226 -0.079794
vn 0.027548 -0.432370 0.901276
vn 0.002957 -0.418196 0.908352
vn -0.001586 0.004362 0.999989
vn -0.001998 0.004822 0.999986
vn -0.019470 -0.405680 0.913808
vn -0.043759 -0.398901 0.915950
vn 0.002315 0.004849 0.999986
vn -0.001044 0.004616 0.999989
vn 0.015099 0.414039 0.910134
vn 0.051963 0.406746 0.912062
vn 0.099766 0.766128 0.634897
vn 0.028352 0.775916 0.630199
vn -0.037687 0.440190 0.897113
vn -0.011350 0.425897 0.904701
vn -0.022965 0.786302 0.617416
vn -0.070886 0.796374 0.600636
vn 0.050011 -0.998646 0.014319
vn -0.004235 -0.999878 0.015043
vn -0.003142 -0.997002 0.077307
vn 0.051121 -0.995974 0.073633
vn -0.052674 -0.998490 0.015606
vn -0.104713 -0.994377 0.015791
vn -0.104722 -0.991183 0.081179
vn -0.051919 -0.995427 0.080185
vn -0.607821 0.794074 0.000847
vn -0.514032 0.857770 0.000942
vn -0.514105 0.857727 -0.000000
vn -0.607960 0.793968 -0.000000
vn -0.601570 0.797085 0.052628
vn -0.510111 0.858150 0.058010
vn -0.513342 0.858111 0.011251
vn -0.606572 0.794964 0.010136
vn 0.394287 -0.918987 0.000000
vn 0.402100 -0.915596 0.000000
vn 0.402179 -0.915560 0.000966
vn 0.394426 -0.918927 0.000905
vn 0.399246 -0.915139 -0.055884
vn 0.404831 -0.912463 -0.059356
vn 0.402868 -0.915185 -0.011526
vn 0.395623 -0.918349 -0.010813
vn 0.395624 -0.918349 0.010813
vn 0.402868 -0.915185 0.011526
vn 0.404831 -0.912463 0.059356
vn 0.399246 -0.915139 0.055885
vn 0.201203 -0.480117 0.853818
vn 0.216615 -0.455674 0.863388
vn -0.011366 0.002059 0.999933
vn -0.060009 -0.014486 0.998093
vn -0.332824 0.432921 0.837740
vn -0.253893 0.448806 0.856803
vn -0.424690 0.739444 0.522361
vn -0.512771 0.701795 0.494520
vn -0.606571 0.794965 -0.010137
vn -0.513341 0.858111 -0.011252
vn -0.510111 0.858150 -0.058010
vn -0.601569 0.797085 -0.052627
vn -0.512770 0.701794 -0.494522
vn -0.424689 0.739445 -0.522360
vn -0.253894 0.448807 -0.856802
vn -0.332823 0.432921 -0.837740
vn -0.060013 -0.014485 -0.998093
vn -0.011367 0.002060 -0.999933
vn 0.216615 -0.455673 -0.863388
vn 0.201201 -0.480122 -0.853816
vn 0.000000 0.000000 1.000000
vn 0.000000 0.000000 1.000000
vn 0.000000 0.000000 1.000000
vn 0.000000 0.000000 1.000000
vn 1.000000 0.000000 0.000000
vn 1.000000 0.000000 0.000000
vn 1.000000 0.000000 0.000000
vn 1.000000 0.000000 0.000000
vn 0.000000 1.000000 -0.000000
vn 0.000000 1.000000 -0.000000
vn 0.000000 1.000000 -0.000000
vn 0.000000 1.000000 -0.000000
vn -1.000000 0.000000 -0.000000
vn -1.000000 0.000000 -0.000000
vn -1.000000 0.000000 -0.000000
vn -1.000000 0.000000 -0.000000
vn 0.000000 -0.000000 -1.000000
vn 0.000000 -0.000000 -1.000000
vn 0.000000 -0.000000 -1.000000
vn 0.000000 -0.000000 -1.000000
vn -0.551416 -0.589885 0.589895
vn -0.551416 -0.589885 0.589895
vn -0.551416 -0.589885 0.589895
vn -0.551416 0.589885 0.589895
vn -0.551416 0.589885 0.589895
vn -0.551416 0.589885 0.589895
vn -0.551416 -0.589885 -0.589895
vn -0.551416 -0.589885 -0.589895
vn -0.551416 -0.589885 -0.589895
vn 0.551419 -0.589888 0.589888
vn 0.551419 -0.589888 0.589888
vn 0.551419 -0.589888 0.589888
vn 0.551419 -0.589889 -0.589888
vn 0.551419 -0.589889 -0.589888
vn 0.551419 -0.589889 -0.589888
vn -0.682885 -0.730526 0.000000
vn -0.682885 -0.730526 0.000000
vn -0.682885 -0.730526 0.000000
vn -0.682885 -0.730526 0.000000
vn -0.682886 0.000000 0.730525
vn -0.682886 0.000000 0.730525
vn -0.682886 0.000000 0.730525
vn -0.682886 0.000000 0.730525
vn -0.682883 0.730528 -0.000000
vn -0.682883 0.730528 -0.000000
vn -0.682883 0.730528 -0.000000
vn -0.682883 0.730528 -0.000000
vn -0.682886 -0.000000 -0.730525
vn -0.682886 -0.000000 -0.730525
vn -0.682886 -0.000000 -0.730525
vn -0.682886 -0.000000 -0.730525
vn 0.000000 -0.707106 -0.707107
vn 0.000000 -0.707106 -0.707107
vn 0.000000 -0.707106 -0.707107
vn 0.000000 -0.707106 -0.707107
vn 0.000000 0.707106 -0.707107
vn 0.000000 0.707106 -0.707107
vn 0.000000 0.707106 -0.707107
vn 0.682886 -0.000000 -0.730525
vn 0.682886 -0.000000 -0.730525
vn 0.682886 -0.000000 -0.730525
vn 0.682886 -0.000000 -0.730525
vn 0.682885 -0.730526 0.000000
vn 0.682885 -0.730526 0.000000
vn 0.682885 -0.730526 0.000000
vn 0.682885 -0.730526 0.000000
vn 0.682886 0.000000 0.730525
vn 0.682886 0.000000 0.730525
vn 0.682886 0.000000 0.730525
vn 0.682886 0.000000 0.730525
vn 0.000000 -0.707106 0.707107
vn 0.000000 -0.707106 0.707107
vn 0.000000 -0.707106 0.707107
vn 0.000000 -0.707106 0.707107
vn 0.000000 0.707106 0.707107
vn 0.000000 0.707106 0.707107
vn 0.000000 0.707106 0.707107
vn 0.000000 0.707106 0.707107
vn 0.000000 -1.000000 0.000000
vn 0.000000 -1.000000 0.000000
vn 0.000000 -1.000000 0.000000
vn 0.000000 -1.000000 0.000000
s off
g FBXASC0490FBXASC046Chairs
usemtl FBXASC0490FBXASC046ChairsSG
f 642/1/1 48/2/2 51/3/3 643/4/4
f 643/4/5 51/3/6 55/9/7 653/10/8
f 55/830/9 58/831/10 644/832/11 653/833/12
f 645/11/13 644/12/14 58/13/15 641/14/16
f 654/17/17 646/18/18 62/19/19 64/20/20
f 64/20/21 647/23/22 654/17/23
f 45/5/24 48/2/25 642/1/26 648/6/27
f 40/2260/28 36/2261/29 16/2259/30 12/2258/31
f 36/860/32 29/853/33 21/849/34 16/856/35
f 29/853/36 23/854/37 27/850/38 21/849/39
f 24/841/40 31/847/41 61/842/42 59/837/43
f 31/914/44 35/904/45 65/907/46 61/915/47
f 35/904/48 39/905/49 46/906/50 65/907/51
f 14/848/52 19/840/53 56/836/54 53/844/55
f 9/2250/56 14/2251/57 53/2252/58 49/2253/59
f 39/905/60 9/910/61 49/911/62 46/906/63
f 657/934/64 15/924/65 41/916/66 30/927/67
f 19/840/68 24/841/69 59/837/70 56/836/71
f 1/940/72 43/936/73 10/935/74 671/941/75
f 2/866/76 649/862/77 25/861/78 3/867/79
f 4/2266/80 33/2265/81 37/2264/82 5/2267/83
f 15/924/84 8/925/85 6/917/86 41/916/87
f 23/854/88 18/859/89 30/855/90 27/850/91
f 5/943/92 37/942/93 43/936/94 1/940/95
f 3/867/96 25/861/97 33/868/98 4/869/99
f 64/922/100 45/921/101 648/929/102 647/930/103
f 10/935/104 43/936/105 44/932/106 11/931/107
f 11/931/108 44/932/109 8/925/110 15/924/111
f 11/931/112 15/924/113 650/938/114
f 650/938/115 15/924/116 657/934/117 655/939/118
f 656/865/119 18/859/120 23/854/121 652/863/122
f 23/854/123 20/858/124 652/863/125
f 25/861/126 649/862/127 20/858/128 26/857/129
f 26/857/130 20/858/131 23/854/132 29/853/133
f 6/917/134 12/926/135 13/918/136 7/909/137
f 7/909/138 13/918/139 9/910/140 39/905/141
f 12/2258/142 16/2259/143 17/2255/144 13/2254/145
f 13/2254/146 17/2255/147 14/2251/148 9/2250/149
f 16/856/150 21/849/151 22/845/152 17/852/153
f 17/852/154 22/845/155 19/840/156 14/848/157
f 33/868/158 25/861/159 26/857/160 34/864/161
f 34/864/162 26/857/163 29/853/164 36/860/165
f 21/849/166 27/850/167 28/846/168 22/845/169
f 22/845/170 28/846/171 24/841/172 19/840/173
f 37/2264/174 33/2265/175 34/2263/176 38/2262/177
f 38/2262/178 34/2263/179 36/2261/180 40/2260/181
f 27/850/182 30/855/183 32/851/184 28/846/185
f 28/846/186 32/851/187 31/847/188 24/841/189
f 30/927/190 41/916/191 42/908/192 32/919/193
f 32/919/194 42/908/195 35/904/196 31/914/197
f 43/936/198 37/942/199 38/937/200 44/932/201
f 44/932/202 38/937/203 40/933/204 8/925/205
f 41/916/206 6/917/207 7/909/208 42/908/209
f 42/908/210 7/909/211 39/905/212 35/904/213
f 46/906/214 49/911/215 50/920/216 47/912/217
f 47/912/218 50/920/219 48/928/220 45/921/221
f 49/2253/222 53/2252/223 52/2256/224 50/2257/225
f 50/7/226 52/8/227 51/3/228 48/2/229
f 53/844/230 56/836/231 57/834/232 54/838/233
f 54/838/234 57/834/235 55/830/236 51/839/237
f 56/836/238 59/837/239 60/835/240 57/834/241
f 57/834/242 60/835/243 58/831/244 55/830/245
f 59/837/246 61/842/247 63/843/248 60/835/249
f 60/15/250 63/16/251 641/14/252 58/13/253
f 61/915/254 65/907/255 66/913/256 63/923/257
f 63/21/258 66/22/259 64/20/260 62/19/261
f 65/907/262 46/906/263 47/912/264 66/913/265
f 66/913/266 47/912/267 45/921/268 64/922/269
f 8/925/270 40/933/271 12/926/272 6/917/273
f 79/2282/274 80/2283/275 81/2284/276 155/2285/277
f 85/2291/278 83/2290/279 84/2294/280
f 651/2286/281 86/2287/282 80/2283/283 79/2282/284
f 86/2287/285 651/2286/286 83/2290/287 85/2291/288
f 78/2296/289 67/2297/290 68/2298/291 69/2299/292 70/2300/293 71/2301/294 72/2302/295 73/2303/296 74/2304/297 75/2305/298 76/2306/299 77/2307/300 82/2308/301
f 668/24/302 660/25/303 128/26/304 125/27/305
f 660/25/306 667/28/307 131/29/308 128/26/309
f 131/898/310 667/902/311 661/903/312 134/899/313
f 663/34/314 659/35/315 134/36/316 661/37/317
f 664/40/318 140/41/319 136/42/320 662/43/321
f 140/41/322 664/40/323 665/44/324
f 122/32/325 666/33/326 668/24/327 125/27/328
f 114/2270/329 89/2272/330 93/2273/331 110/2271/332
f 110/875/333 93/879/334 97/876/335 104/873/336
f 104/873/337 97/876/338 102/877/339 99/874/340
f 105/887/341 132/891/342 135/896/343 108/892/344
f 108/964/345 135/968/346 138/965/347 118/961/348
f 118/961/349 138/965/350 120/966/351 87/962/352
f 95/889/353 126/893/354 129/890/355 100/886/356
f 92/2276/357 123/2278/358 126/2279/359 95/2277/360
f 87/962/361 120/966/362 123/967/363 92/963/364
f 674/955/365 107/956/366 111/951/367 91/947/368
f 100/886/369 129/890/370 132/891/371 105/887/372
f 91/947/373 111/951/374 115/952/375 119/948/376
f 99/874/377 102/877/378 107/882/379 96/883/380
f 140/973/381 665/976/382 666/977/383 122/974/384
f 671/941/385 156/944/386 88/945/387 1/940/388
f 156/944/389 91/947/390 119/948/391 88/945/392
f 156/944/393 669/950/394 91/947/395
f 669/950/396 672/954/397 674/955/398 91/947/399
f 673/884/400 670/878/401 99/874/402 96/883/403
f 99/874/404 670/878/405 101/871/406
f 3/867/407 106/870/408 101/871/409 2/866/410
f 106/870/411 104/873/412 99/874/413 101/871/414
f 115/952/415 116/958/416 90/959/417 89/953/418
f 116/958/419 87/962/420 92/963/421 90/959/422
f 89/2272/423 90/2274/424 94/2275/425 93/2273/426
f 90/2274/427 92/2276/428 95/2277/429 94/2275/430
f 93/879/431 94/885/432 98/880/433 97/876/434
f 94/885/435 95/889/436 100/886/437 98/880/438
f 4/869/439 113/872/440 106/870/441 3/867/442
f 113/872/443 110/875/444 104/873/445 106/870/446
f 97/876/447 98/880/448 103/881/449 102/877/450
f 98/880/451 100/886/452 105/887/453 103/881/454
f 5/2267/455 117/2268/456 113/2269/457 4/2266/458
f 117/2268/459 114/2270/460 110/2271/461 113/2269/462
f 102/877/463 103/881/464 109/888/465 107/882/466
f 103/881/467 105/887/468 108/892/469 109/888/470
f 107/956/471 109/960/472 112/957/473 111/951/474
f 109/960/475 108/964/476 118/961/477 112/957/478
f 1/940/479 88/945/480 117/946/481 5/943/482
f 88/945/483 119/948/484 114/949/485 117/946/486
f 111/951/487 112/957/488 116/958/489 115/952/490
f 112/957/491 118/961/492 87/962/493 116/958/494
f 120/966/495 121/970/496 124/971/497 123/967/498
f 121/970/499 122/974/500 125/975/501 124/971/502
f 123/2278/503 124/2280/504 127/2281/505 126/2279/506
f 124/30/507 125/27/508 128/26/509 127/31/510
f 126/893/511 658/897/512 130/894/513 129/890/514
f 658/897/515 128/901/516 131/898/517 130/894/518
f 129/890/519 130/894/520 133/895/521 132/891/522
f 130/894/523 131/898/524 134/899/525 133/895/526
f 132/891/527 133/895/528 137/900/529 135/896/530
f 133/38/531 134/36/532 659/35/533 137/39/534
f 135/968/535 137/972/536 139/969/537 138/965/538
f 137/45/539 136/42/540 140/41/541 139/46/542
f 138/965/543 139/969/544 121/970/545 120/966/546
f 139/969/547 140/973/548 122/974/549 121/970/550
f 119/948/551 115/952/552 89/953/553 114/949/554
f 160/2292/555 159/2295/556 158/2293/557
f 157/2288/558 155/2285/559 81/2284/560 161/2289/561
f 161/2289/562 160/2292/563 158/2293/564 157/2288/565
f 153/2309/566 154/2310/567 152/2311/568 151/2312/569 150/2313/570 149/2314/571 148/2315/572 147/2316/573 146/2317/574 145/2318/575 144/2319/576 143/2320/577 142/2321/578 141/2322/579
f 685/47/580 677/48/581 207/49/582 204/50/583
f 677/48/584 684/51/585 210/52/586 207/49/587
f 210/978/588 684/979/589 678/980/590 213/981/591
f 680/57/592 676/58/593 213/59/594 678/60/595
f 681/63/596 219/64/597 215/65/598 679/66/599
f 219/64/600 681/63/601 682/67/602
f 201/55/603 683/56/604 685/47/605 204/50/606
f 193/2333/607 168/2331/608 172/2332/609 189/2334/610
f 189/1005/611 172/1001/612 176/999/613 183/1003/614
f 183/1003/615 176/999/616 181/1000/617 178/1004/618
f 184/992/619 211/987/620 214/990/621 187/994/622
f 187/1056/623 214/1057/624 217/1053/625 197/1052/626
f 197/1052/627 217/1053/628 199/1054/629 166/1055/630
f 174/993/631 205/988/632 208/986/633 179/991/634
f 171/2323/635 202/2324/636 205/2325/637 174/2326/638
f 166/1055/639 199/1054/640 202/1060/641 171/1061/642
f 693/1079/643 186/1072/644 190/1070/645 170/1077/646
f 179/991/647 208/986/648 211/987/649 184/992/650
f 170/1077/651 190/1070/652 194/1071/653 198/1078/654
f 178/1004/655 181/1000/656 186/1002/657 175/1006/658
f 219/1066/659 682/1073/660 683/1074/661 201/1067/662
f 690/1086/663 234/1081/664 167/1082/665 165/1087/666
f 234/1081/667 170/1077/668 198/1078/669 167/1082/670
f 234/1081/671 687/1083/672 170/1077/673
f 687/1083/674 691/1084/675 693/1079/676 170/1077/677
f 692/1010/678 689/1011/679 178/1004/680 175/1006/681
f 178/1004/682 689/1011/683 180/1008/684
f 162/1012/685 185/1007/686 180/1008/687 686/1013/688
f 185/1007/689 183/1003/690 178/1004/691 180/1008/692
f 194/1071/693 195/1063/694 169/1069/695 168/1076/696
f 195/1063/697 166/1055/698 171/1061/699 169/1069/700
f 168/2331/701 169/2329/702 173/2330/703 172/2332/704
f 169/2329/705 171/2323/706 174/2326/707 173/2330/708
f 172/1001/709 173/997/710 177/995/711 176/999/712
f 173/997/713 174/993/714 179/991/715 177/995/716
f 163/1014/717 192/1009/718 185/1007/719 162/1012/720
f 192/1009/721 189/1005/722 183/1003/723 185/1007/724
f 176/999/725 177/995/726 182/996/727 181/1000/728
f 177/995/729 179/991/730 184/992/731 182/996/732
f 164/2337/733 196/2335/734 192/2336/735 163/2338/736
f 196/2335/737 193/2333/738 189/2334/739 192/2336/740
f 181/1000/741 182/996/742 188/998/743 186/1002/744
f 182/996/745 184/992/746 187/994/747 188/998/748
f 186/1072/749 188/1065/750 191/1062/751 190/1070/752
f 188/1065/753 187/1056/754 197/1052/755 191/1062/756
f 165/1087/757 167/1082/758 196/1085/759 164/1088/760
f 167/1082/761 198/1078/762 193/1080/763 196/1085/764
f 190/1070/765 191/1062/766 195/1063/767 194/1071/768
f 191/1062/769 197/1052/770 166/1055/771 195/1063/772
f 199/1054/773 200/1059/774 203/1068/775 202/1060/776
f 200/1059/777 201/1067/778 204/1075/779 203/1068/780
f 202/2324/781 203/2327/782 206/2328/783 205/2325/784
f 203/53/785 204/50/786 207/49/787 206/54/788
f 205/988/789 675/984/790 209/982/791 208/986/792
f 675/984/793 207/985/794 210/978/795 209/982/796
f 208/986/797 209/982/798 212/983/799 211/987/800
f 209/982/801 210/978/802 213/981/803 212/983/804
f 211/987/805 212/983/806 216/989/807 214/990/808
f 212/61/809 213/59/810 676/58/811 216/62/812
f 214/1057/813 216/1064/814 218/1058/815 217/1053/816
f 216/68/817 215/65/818 219/64/819 218/69/820
f 217/1053/821 218/1058/822 200/1059/823 199/1054/824
f 218/1058/825 219/1066/826 201/1067/827 200/1059/828
f 198/1078/829 194/1071/830 168/1076/831 193/1080/832
f 233/2355/833 239/2356/834 235/2357/835 688/2358/836
f 688/2358/837 232/2361/838 319/2362/839 233/2355/840
f 238/2359/841 237/2363/842 236/2360/843
f 239/2356/844 238/2359/845 236/2360/846 235/2357/847
f 230/2369/848 231/2370/849 229/2371/850 228/2372/851 227/2373/852 226/2374/853 225/2375/854 224/2376/855 223/2377/856 222/2378/857 221/2379/858 220/2380/859
f 695/70/860 282/71/861 285/72/862 696/73/863
f 696/73/864 285/72/865 289/78/866 705/79/867
f 289/1048/868 292/1047/869 697/1050/870 705/1051/871
f 698/80/872 697/81/873 292/82/874 694/83/875
f 706/86/876 699/87/877 296/88/878 298/89/879
f 298/89/880 700/92/881 706/86/882
f 279/74/883 282/71/884 695/70/885 701/75/886
f 274/2344/887 270/2343/888 250/2345/889 246/2346/890
f 270/1023/891 263/1022/892 255/1026/893 250/1027/894
f 263/1022/895 257/1021/896 261/1025/897 255/1026/898
f 258/1035/899 265/1038/900 295/1042/901 293/1039/902
f 265/1114/903 269/1109/904 299/1113/905 295/1118/906
f 269/1109/907 273/1108/908 280/1112/909 299/1113/910
f 248/1037/911 253/1036/912 290/1040/913 287/1041/914
f 243/2350/915 248/2349/916 287/2351/917 283/2352/918
f 273/1108/919 243/1111/920 283/1115/921 280/1112/922
f 709/1104/923 249/1096/924 275/1099/925 264/1105/926
f 253/1036/927 258/1035/928 293/1039/929 290/1040/930
f 165/1087/931 277/1089/932 244/1090/933 690/1086/934
f 686/1013/935 702/1015/936 259/1016/937 162/1012/938
f 163/2338/939 267/2339/940 271/2340/941 164/2337/942
f 249/1096/943 242/1095/944 240/1098/945 275/1099/946
f 257/1021/947 252/1029/948 264/1030/949 261/1025/950
f 164/1088/951 271/1091/952 277/1089/953 165/1087/954
f 162/1012/955 259/1016/956 267/1017/957 163/1014/958
f 298/1121/959 279/1120/960 701/1124/961 700/1125/962
f 244/1090/963 277/1089/964 278/1092/965 245/1093/966
f 245/1093/967 278/1092/968 242/1095/969 249/1096/970
f 245/1093/971 249/1096/972 703/1100/973
f 703/1100/974 249/1096/975 709/1104/976 707/1106/977
f 708/1028/978 252/1029/979 257/1021/980 704/1024/981
f 257/1021/982 254/1018/983 704/1024/984
f 259/1016/985 702/1015/986 254/1018/987 260/1019/988
f 260/1019/989 254/1018/990 257/1021/991 263/1022/992
f 240/1098/993 246/1101/994 247/1107/995 241/1102/996
f 241/1102/997 247/1107/998 243/1111/999 273/1108/1000
f 246/2346/1001 250/2345/1002 251/2347/1003 247/2348/1004
f 247/2348/1005 251/2347/1006 248/2349/1007 243/2350/1008
f 250/1027/1009 255/1026/1010 256/1032/1011 251/1033/1012
f 251/1033/1013 256/1032/1014 253/1036/1015 248/1037/1016
f 267/1017/1017 259/1016/1018 260/1019/1019 268/1020/1020
f 268/1020/1021 260/1019/1022 263/1022/1023 270/1023/1024
f 255/1026/1025 261/1025/1026 262/1031/1027 256/1032/1028
f 256/1032/1029 262/1031/1030 258/1035/1031 253/1036/1032
f 271/2340/1033 267/2339/1034 268/2341/1035 272/2342/1036
f 272/2342/1037 268/2341/1038 270/2343/1039 274/2344/1040
f 261/1025/1041 264/1030/1042 266/1034/1043 262/1031/1044
f 262/1031/1045 266/1034/1046 265/1038/1047 258/1035/1048
f 264/1105/1049 275/1099/1050 276/1103/1051 266/1110/1052
f 266/1110/1053 276/1103/1054 269/1109/1055 265/1114/1056
f 277/1089/1057 271/1091/1058 272/1094/1059 278/1092/1060
f 278/1092/1061 272/1094/1062 274/1097/1063 242/1095/1064
f 275/1099/1065 240/1098/1066 241/1102/1067 276/1103/1068
f 276/1103/1069 241/1102/1070 273/1108/1071 269/1109/1072
f 280/1112/1073 283/1115/1074 284/1119/1075 281/1116/1076
f 281/1116/1077 284/1119/1078 282/1123/1079 279/1120/1080
f 283/2352/1081 287/2351/1082 286/2353/1083 284/2354/1084
f 284/76/1085 286/77/1086 285/72/1087 282/71/1088
f 287/1041/1089 290/1040/1090 291/1044/1091 288/1045/1092
f 288/1045/1093 291/1044/1094 289/1048/1095 285/1049/1096
f 290/1040/1097 293/1039/1098 294/1043/1099 291/1044/1100
f 291/1044/1101 294/1043/1102 292/1047/1103 289/1048/1104
f 293/1039/1105 295/1042/1106 297/1046/1107 294/1043/1108
f 294/84/1109 297/85/1110 694/83/1111 292/82/1112
f 295/1118/1113 299/1113/1114 300/1117/1115 297/1122/1116
f 297/90/1117 300/91/1118 298/89/1119 296/88/1120
f 299/1113/1121 280/1112/1122 281/1116/1123 300/1117/1124
f 300/1117/1125 281/1116/1126 279/1120/1127 298/1121/1128
f 242/1095/1129 274/1097/1130 246/1101/1131 240/1098/1132
f 319/2362/1133 232/2361/1134 314/2364/1135 318/2365/1136
f 317/2367/1137 315/2366/1138 316/2368/1139
f 318/2365/1140 314/2364/1141 315/2366/1142 317/2367/1143
f 312/2381/1144 301/2382/1145 302/2383/1146 303/2384/1147 304/2385/1148 305/2386/1149 306/2387/1150 307/2388/1151 308/2389/1152 309/2390/1153 310/2391/1154 311/2392/1155 313/2393/1156
f 720/93/1157 712/94/1158 369/95/1159 366/96/1160
f 712/94/1161 719/97/1162 372/98/1163 369/95/1164
f 372/1126/1165 719/1127/1166 713/1128/1167 375/1129/1168
f 715/103/1169 711/104/1170 375/105/1171 713/106/1172
f 716/109/1173 381/110/1174 377/111/1175 714/112/1176
f 381/110/1177 716/109/1178 717/113/1179
f 363/101/1180 718/102/1181 720/93/1182 366/96/1183
f 354/2404/1184 326/2402/1185 330/2403/1186 349/2405/1187
f 349/1153/1188 330/1149/1189 334/1147/1190 342/1151/1191
f 342/1151/1192 334/1147/1193 340/1148/1194 336/1152/1195
f 343/1140/1196 373/1135/1197 376/1138/1198 347/1142/1199
f 347/1204/1200 376/1205/1201 379/1201/1202 359/1200/1203
f 359/1200/1204 379/1201/1205 361/1202/1206 323/1203/1207
f 332/1141/1208 367/1136/1209 370/1134/1210 337/1139/1211
f 329/2394/1212 364/2395/1213 367/2396/1214 332/2397/1215
f 323/1203/1216 361/1202/1217 364/1208/1218 329/1209/1219
f 727/1227/1220 346/1220/1221 350/1218/1222 328/1225/1223
f 337/1139/1224 370/1134/1225 373/1135/1226 343/1140/1227
f 322/1237/1228 320/1238/1229 724/1234/1230 324/1235/1231
f 736/1163/1232 422/1164/1233 344/1160/1234 338/1161/1235
f 321/2410/1236 433/2411/1237 357/2408/1238 352/2409/1239
f 328/1225/1240 350/1218/1241 355/1219/1242 360/1226/1243
f 336/1152/1244 340/1148/1245 346/1150/1246 333/1154/1247
f 433/1239/1248 322/1237/1249 324/1235/1250 357/1236/1251
f 422/1164/1252 321/1165/1253 352/1162/1254 344/1160/1255
f 381/1214/1256 717/1221/1257 718/1222/1258 363/1215/1259
f 724/1234/1260 398/1229/1261 325/1230/1262 324/1235/1263
f 398/1229/1264 328/1225/1265 360/1226/1266 325/1230/1267
f 398/1229/1268 721/1231/1269 328/1225/1270
f 721/1231/1271 725/1232/1272 727/1227/1273 328/1225/1274
f 726/1158/1275 723/1159/1276 336/1152/1277 333/1154/1278
f 336/1152/1279 723/1159/1280 339/1156/1281
f 344/1160/1282 345/1155/1283 339/1156/1284 338/1161/1285
f 345/1155/1286 342/1151/1287 336/1152/1288 339/1156/1289
f 355/1219/1290 356/1211/1291 327/1217/1292 326/1224/1293
f 356/1211/1294 323/1203/1295 329/1209/1296 327/1217/1297
f 326/2402/1298 327/2400/1299 331/2401/1300 330/2403/1301
f 327/2400/1302 329/2394/1303 332/2397/1304 331/2401/1305
f 330/1149/1306 331/1145/1307 335/1143/1308 334/1147/1309
f 331/1145/1310 332/1141/1311 337/1139/1312 335/1143/1313
f 352/1162/1314 353/1157/1315 345/1155/1316 344/1160/1317
f 353/1157/1318 349/1153/1319 342/1151/1320 345/1155/1321
f 334/1147/1322 335/1143/1323 341/1144/1324 340/1148/1325
f 335/1143/1326 337/1139/1327 343/1140/1328 341/1144/1329
f 357/2408/1330 358/2406/1331 353/2407/1332 352/2409/1333
f 358/2406/1334 354/2404/1335 349/2405/1336 353/2407/1337
f 340/1148/1338 341/1144/1339 348/1146/1340 346/1150/1341
f 341/1144/1342 343/1140/1343 347/1142/1344 348/1146/1345
f 346/1220/1346 348/1213/1347 351/1210/1348 350/1218/1349
f 348/1213/1350 347/1204/1351 359/1200/1352 351/1210/1353
f 324/1235/1354 325/1230/1355 358/1233/1356 357/1236/1357
f 325/1230/1358 360/1226/1359 354/1228/1360 358/1233/1361
f 350/1218/1362 351/1210/1363 356/1211/1364 355/1219/1365
f 351/1210/1366 359/1200/1367 323/1203/1368 356/1211/1369
f 361/1202/1370 362/1207/1371 365/1216/1372 364/1208/1373
f 362/1207/1374 363/1215/1375 366/1223/1376 365/1216/1377
f 364/2395/1378 365/2398/1379 368/2399/1380 367/2396/1381
f 365/99/1382 366/96/1383 369/95/1384 368/100/1385
f 367/1136/1386 710/1132/1387 371/1130/1388 370/1134/1389
f 710/1132/1390 369/1133/1391 372/1126/1392 371/1130/1393
f 370/1134/1394 371/1130/1395 374/1131/1396 373/1135/1397
f 371/1130/1398 372/1126/1399 375/1129/1400 374/1131/1401
f 373/1135/1402 374/1131/1403 378/1137/1404 376/1138/1405
f 374/107/1406 375/105/1407 711/104/1408 378/108/1409
f 376/1205/1410 378/1212/1411 380/1206/1412 379/1201/1413
f 378/114/1414 377/111/1415 381/110/1416 380/115/1417
f 379/1201/1418 380/1206/1419 362/1207/1420 361/1202/1421
f 380/1206/1422 381/1214/1423 363/1215/1424 362/1207/1425
f 360/1226/1426 355/1219/1427 326/1224/1428 354/1228/1429
f 397/2426/1430 403/2427/1431 399/2428/1432 722/2429/1433
f 722/2429/1434 396/2432/1435 474/2433/1436 397/2426/1437
f 402/2430/1438 401/2434/1439 400/2431/1440
f 403/2427/1441 402/2430/1442 400/2431/1443 399/2428/1444
f 394/2440/1445 395/2441/1446 393/2442/1447 392/2443/1448 391/2444/1449 390/2445/1450 389/2446/1451 388/2447/1452 387/2448/1453 386/2449/1454 385/2450/1455 384/2451/1456 383/2452/1457 382/2453/1458
f 729/116/1459 443/117/1460 446/118/1461 730/119/1462
f 730/119/1463 446/118/1464 450/124/1465 740/125/1466
f 450/1196/1467 453/1195/1468 731/1198/1469 740/1199/1470
f 732/126/1471 731/127/1472 453/128/1473 728/129/1474
f 741/132/1475 733/133/1476 457/134/1477 459/135/1478
f 459/135/1479 734/138/1480 741/132/1481
f 440/120/1482 443/117/1483 729/116/1484 735/121/1485
f 436/2415/1486 432/2414/1487 413/2416/1488 409/2417/1489
f 432/1171/1490 426/1170/1491 418/1174/1492 413/1175/1493
f 426/1170/1494 420/1169/1495 424/1173/1496 418/1174/1497
f 421/1183/1498 428/1186/1499 456/1190/1500 454/1187/1501
f 428/1262/1502 431/1257/1503 460/1261/1504 456/1266/1505
f 431/1257/1506 435/1256/1507 441/1260/1508 460/1261/1509
f 411/1185/1510 416/1184/1511 451/1188/1512 448/1189/1513
f 407/2421/1514 411/2420/1515 448/2422/1516 444/2423/1517
f 435/1256/1518 407/1259/1519 444/1263/1520 441/1260/1521
f 744/1252/1522 412/1244/1523 437/1247/1524 427/1253/1525
f 416/1184/1526 421/1183/1527 454/1187/1528 451/1188/1529
f 412/1244/1530 406/1243/1531 404/1246/1532 437/1247/1533
f 420/1169/1534 415/1177/1535 427/1178/1536 424/1173/1537
f 459/1269/1538 440/1268/1539 735/1272/1540 734/1273/1541
f 320/1238/1542 322/1237/1543 439/1240/1544 408/1241/1545
f 408/1241/1546 439/1240/1547 406/1243/1548 412/1244/1549
f 408/1241/1550 412/1244/1551 737/1248/1552
f 737/1248/1553 412/1244/1554 744/1252/1555 742/1254/1556
f 743/1176/1557 415/1177/1558 420/1169/1559 739/1172/1560
f 420/1169/1561 417/1166/1562 739/1172/1563
f 422/1164/1564 736/1163/1565 417/1166/1566 423/1167/1567
f 423/1167/1568 417/1166/1569 420/1169/1570 426/1170/1571
f 404/1246/1572 409/1249/1573 410/1255/1574 405/1250/1575
f 405/1250/1576 410/1255/1577 407/1259/1578 435/1256/1579
f 409/2417/1580 413/2416/1581 414/2418/1582 410/2419/1583
f 410/2419/1584 414/2418/1585 411/2420/1586 407/2421/1587
f 413/1175/1588 418/1174/1589 419/1180/1590 414/1181/1591
f 414/1181/1592 419/1180/1593 416/1184/1594 411/1185/1595
f 321/1165/1596 422/1164/1597 423/1167/1598 430/1168/1599
f 430/1168/1600 423/1167/1601 426/1170/1602 432/1171/1603
f 418/1174/1604 424/1173/1605 425/1179/1606 419/1180/1607
f 419/1180/1608 425/1179/1609 421/1183/1610 416/1184/1611
f 433/2411/1612 321/2410/1613 430/2412/1614 434/2413/1615
f 434/2413/1616 430/2412/1617 432/2414/1618 436/2415/1619
f 424/1173/1620 427/1178/1621 429/1182/1622 425/1179/1623
f 425/1179/1624 429/1182/1625 428/1186/1626 421/1183/1627
f 427/1253/1628 437/1247/1629 438/1251/1630 429/1258/1631
f 429/1258/1632 438/1251/1633 431/1257/1634 428/1262/1635
f 322/1237/1636 433/1239/1637 434/1242/1638 439/1240/1639
f 439/1240/1640 434/1242/1641 436/1245/1642 406/1243/1643
f 437/1247/1644 404/1246/1645 405/1250/1646 438/1251/1647
f 438/1251/1648 405/1250/1649 435/1256/1650 431/1257/1651
f 441/1260/1652 444/1263/1653 445/1267/1654 442/1264/1655
f 442/1264/1656 445/1267/1657 443/1271/1658 440/1268/1659
f 444/2423/1660 448/2422/1661 447/2424/1662 445/2425/1663
f 445/122/1664 447/123/1665 446/118/1666 443/117/1667
f 448/1189/1668 451/1188/1669 452/1192/1670 449/1193/1671
f 449/1193/1672 452/1192/1673 450/1196/1674 446/1197/1675
f 451/1188/1676 454/1187/1677 455/1191/1678 452/1192/1679
f 452/1192/1680 455/1191/1681 453/1195/1682 450/1196/1683
f 454/1187/1684 456/1190/1685 458/1194/1686 455/1191/1687
f 455/130/1688 458/131/1689 728/129/1690 453/128/1691
f 456/1266/1692 460/1261/1693 461/1265/1694 458/1270/1695
f 458/136/1696 461/137/1697 459/135/1698 457/134/1699
f 460/1261/1700 441/1260/1701 442/1264/1702 461/1265/1703
f 461/1265/1704 442/1264/1705 440/1268/1706 459/1269/1707
f 406/1243/1708 436/1245/1709 409/1249/1710 404/1246/1711
f 478/2438/1712 476/2437/1713 477/2439/1714
f 738/2435/1715 479/2436/1716 474/2433/1717 396/2432/1718
f 479/2436/1719 738/2435/1720 476/2437/1721 478/2438/1722
f 473/2454/1723 462/2455/1724 463/2456/1725 464/2457/1726 465/2458/1727 466/2459/1728 467/2460/1729 468/2461/1730 469/2462/1731 470/2463/1732 471/2464/1733 472/2465/1734 475/2466/1735
f 746/139/1736 521/140/1737 524/141/1738 747/142/1739
f 747/142/1740 524/141/1741 528/147/1742 756/148/1743
f 528/1274/1744 531/1275/1745 748/1276/1746 756/1277/1747
f 749/149/1748 748/150/1749 531/151/1750 745/152/1751
f 757/155/1752 750/156/1753 535/157/1754 537/158/1755
f 537/158/1756 751/161/1757 757/155/1758
f 518/143/1759 521/140/1760 746/139/1761 752/144/1762
f 514/2477/1763 510/2478/1764 491/2476/1765 487/2475/1766
f 510/1304/1767 504/1297/1768 496/1293/1769 491/1300/1770
f 504/1297/1771 498/1298/1772 502/1294/1773 496/1293/1774
f 499/1285/1775 506/1291/1776 534/1286/1777 532/1281/1778
f 506/1358/1779 509/1348/1780 538/1351/1781 534/1359/1782
f 509/1348/1783 513/1349/1784 519/1350/1785 538/1351/1786
f 489/1292/1787 494/1284/1788 529/1280/1789 526/1288/1790
f 485/2467/1791 489/2468/1792 526/2469/1793 522/2470/1794
f 513/1349/1795 485/1354/1796 522/1355/1797 519/1350/1798
f 761/1378/1799 490/1368/1800 515/1360/1801 505/1371/1802
f 494/1284/1803 499/1285/1804 532/1281/1805 529/1280/1806
f 490/1368/1807 484/1369/1808 482/1361/1809 515/1360/1810
f 498/1298/1811 493/1303/1812 505/1299/1813 502/1294/1814
f 537/1366/1815 518/1365/1816 752/1373/1817 751/1374/1818
f 758/1379/1819 480/1380/1820 517/1376/1821 486/1375/1822
f 486/1375/1823 517/1376/1824 484/1369/1825 490/1368/1826
f 486/1375/1827 490/1368/1828 754/1382/1829
f 754/1382/1830 490/1368/1831 761/1378/1832 759/1383/1833
f 760/1309/1834 493/1303/1835 498/1298/1836 755/1307/1837
f 498/1298/1838 495/1302/1839 755/1307/1840
f 500/1305/1841 753/1306/1842 495/1302/1843 501/1301/1844
f 501/1301/1845 495/1302/1846 498/1298/1847 504/1297/1848
f 482/1361/1849 487/1370/1850 488/1362/1851 483/1353/1852
f 483/1353/1853 488/1362/1854 485/1354/1855 513/1349/1856
f 487/2475/1857 491/2476/1858 492/2472/1859 488/2471/1860
f 488/2471/1861 492/2472/1862 489/2468/1863 485/2467/1864
f 491/1300/1865 496/1293/1866 497/1289/1867 492/1296/1868
f 492/1296/1869 497/1289/1870 494/1284/1871 489/1292/1872
f 481/1312/1873 500/1305/1874 501/1301/1875 508/1308/1876
f 508/1308/1877 501/1301/1878 504/1297/1879 510/1304/1880
f 496/1293/1881 502/1294/1882 503/1290/1883 497/1289/1884
f 497/1289/1885 503/1290/1886 499/1285/1887 494/1284/1888
f 511/2481/1889 481/2482/1890 508/2480/1891 512/2479/1892
f 512/2479/1893 508/2480/1894 510/2478/1895 514/2477/1896
f 502/1294/1897 505/1299/1898 507/1295/1899 503/1290/1900
f 503/1290/1901 507/1295/1902 506/1291/1903 499/1285/1904
f 505/1371/1905 515/1360/1906 516/1352/1907 507/1363/1908
f 507/1363/1909 516/1352/1910 509/1348/1911 506/1358/1912
f 480/1380/1913 511/1386/1914 512/1381/1915 517/1376/1916
f 517/1376/1917 512/1381/1918 514/1377/1919 484/1369/1920
f 515/1360/1921 482/1361/1922 483/1353/1923 516/1352/1924
f 516/1352/1925 483/1353/1926 513/1349/1927 509/1348/1928
f 519/1350/1929 522/1355/1930 523/1364/1931 520/1356/1932
f 520/1356/1933 523/1364/1934 521/1372/1935 518/1365/1936
f 522/2470/1937 526/2469/1938 525/2473/1939 523/2474/1940
f 523/145/1941 525/146/1942 524/141/1943 521/140/1944
f 526/1288/1945 529/1280/1946 530/1278/1947 527/1282/1948
f 527/1282/1949 530/1278/1950 528/1274/1951 524/1283/1952
f 529/1280/1953 532/1281/1954 533/1279/1955 530/1278/1956
f 530/1278/1957 533/1279/1958 531/1275/1959 528/1274/1960
f 532/1281/1961 534/1286/1962 536/1287/1963 533/1279/1964
f 533/153/1965 536/154/1966 745/152/1967 531/151/1968
f 534/1359/1969 538/1351/1970 539/1357/1971 536/1367/1972
f 536/159/1973 539/160/1974 537/158/1975 535/157/1976
f 538/1351/1977 519/1350/1978 520/1356/1979 539/1357/1980
f 539/1357/1981 520/1356/1982 518/1365/1983 537/1366/1984
f 484/1369/1985 514/1377/1986 487/1370/1987 482/1361/1988
f 560/2499/1989 553/2500/1990 555/2501/1991 559/2502/1992
f 558/2506/1993 556/2505/1994 557/2509/1995
f 559/2502/1996 555/2501/1997 556/2505/1998 558/2506/1999
f 552/2513/2000 540/2514/2001 541/2515/2002 542/2516/2003 543/2517/2004 544/2518/2005 545/2519/2006 546/2520/2007 547/2521/2008 548/2522/2009 549/2523/2010 550/2524/2011 551/2525/2012 554/2526/2013
f 772/162/2014 764/163/2015 607/164/2016 604/165/2017
f 764/163/2018 771/166/2019 610/167/2020 607/164/2021
f 610/1342/2022 771/1346/2023 765/1347/2024 613/1343/2025
f 767/172/2026 763/173/2027 613/174/2028 765/175/2029
f 768/178/2030 619/179/2031 615/180/2032 766/181/2033
f 619/179/2034 768/178/2035 769/182/2036
f 601/170/2037 770/171/2038 772/162/2039 604/165/2040
f 592/2487/2041 564/2489/2042 568/2490/2043 587/2488/2044
f 587/1319/2045 568/1323/2046 572/1320/2047 580/1317/2048
f 580/1317/2049 572/1320/2050 578/1321/2051 574/1318/2052
f 581/1331/2053 611/1335/2054 614/1340/2055 585/1336/2056
f 585/1407/2057 614/1411/2058 617/1408/2059 597/1404/2060
f 597/1404/2061 617/1408/2062 599/1409/2063 561/1405/2064
f 570/1333/2065 605/1337/2066 608/1334/2067 575/1330/2068
f 567/2493/2069 602/2495/2070 605/2496/2071 570/2494/2072
f 561/1405/2073 599/1409/2074 602/1414/2075 567/1410/2076
f 779/1398/2077 584/1399/2078 588/1394/2079 566/1390/2080
f 575/1330/2081 608/1334/2082 611/1335/2083 581/1331/2084
f 480/1380/2085 758/1379/2086 776/1384/2087 562/1385/2088
f 753/1306/2089 500/1305/2090 582/1310/2091 576/1311/2092
f 481/2482/2093 511/2481/2094 595/2483/2095 590/2484/2096
f 566/1390/2097 588/1394/2098 593/1395/2099 598/1391/2100
f 574/1318/2101 578/1321/2102 584/1326/2103 571/1327/2104
f 511/1386/2105 480/1380/2106 562/1385/2107 595/1389/2108
f 500/1305/2109 481/1312/2110 590/1313/2111 582/1310/2112
f 619/1416/2113 769/1419/2114 770/1420/2115 601/1417/2116
f 776/1384/2117 635/1387/2118 563/1388/2119 562/1385/2120
f 635/1387/2121 566/1390/2122 598/1391/2123 563/1388/2124
f 635/1387/2125 773/1393/2126 566/1390/2127
f 773/1393/2128 777/1397/2129 779/1398/2130 566/1390/2131
f 778/1328/2132 775/1322/2133 574/1318/2134 571/1327/2135
f 574/1318/2136 775/1322/2137 577/1315/2138
f 582/1310/2139 583/1314/2140 577/1315/2141 576/1311/2142
f 583/1314/2143 580/1317/2144 574/1318/2145 577/1315/2146
f 593/1395/2147 594/1401/2148 565/1406/2149 564/1402/2150
f 594/1401/2151 561/1405/2152 567/1410/2153 565/1406/2154
f 564/2489/2155 565/2491/2156 569/2492/2157 568/2490/2158
f 565/2491/2159 567/2493/2160 570/2494/2161 569/2492/2162
f 568/1323/2163 569/1329/2164 573/1324/2165 572/1320/2166
f 569/1329/2167 570/1333/2168 575/1330/2169 573/1324/2170
f 590/1313/2171 591/1316/2172 583/1314/2173 582/1310/2174
f 591/1316/2175 587/1319/2176 580/1317/2177 583/1314/2178
f 572/1320/2179 573/1324/2180 579/1325/2181 578/1321/2182
f 573/1324/2183 575/1330/2184 581/1331/2185 579/1325/2186
f 595/2483/2187 596/2485/2188 591/2486/2189 590/2484/2190
f 596/2485/2191 592/2487/2192 587/2488/2193 591/2486/2194
f 578/1321/2195 579/1325/2196 586/1332/2197 584/1326/2198
f 579/1325/2199 581/1331/2200 585/1336/2201 586/1332/2202
f 584/1399/2203 586/1403/2204 589/1400/2205 588/1394/2206
f 586/1403/2207 585/1407/2208 597/1404/2209 589/1400/2210
f 562/1385/2211 563/1388/2212 596/1392/2213 595/1389/2214
f 563/1388/2215 598/1391/2216 592/1396/2217 596/1392/2218
f 588/1394/2219 589/1400/2220 594/1401/2221 593/1395/2222
f 589/1400/2223 597/1404/2224 561/1405/2225 594/1401/2226
f 599/1409/2227 600/1413/2228 603/1418/2229 602/1414/2230
f 600/1413/2231 601/1417/2232 604/1421/2233 603/1418/2234
f 602/2495/2235 603/2497/2236 606/2498/2237 605/2496/2238
f 603/168/2239 604/165/2240 607/164/2241 606/169/2242
f 605/1337/2243 762/1341/2244 609/1338/2245 608/1334/2246
f 762/1341/2247 607/1345/2248 610/1342/2249 609/1338/2250
f 608/1334/2251 609/1338/2252 612/1339/2253 611/1335/2254
f 609/1338/2255 610/1342/2256 613/1343/2257 612/1339/2258
f 611/1335/2259 612/1339/2260 616/1344/2261 614/1340/2262
f 612/176/2263 613/174/2264 763/173/2265 616/177/2266
f 614/1411/2267 616/1415/2268 618/1412/2269 617/1408/2270
f 616/183/2271 615/180/2272 619/179/2273 618/184/2274
f 617/1408/2275 618/1412/2276 600/1413/2277 599/1409/2278
f 618/1412/2279 619/1416/2280 601/1417/2281 600/1413/2282
f 598/1391/2283 593/1395/2284 564/1402/2285 592/1396/2286
f 634/2504/2287 640/2507/2288 636/2508/2289 774/2503/2290
f 774/2503/2291 553/2500/2292 560/2499/2293 634/2504/2294
f 639/2510/2295 638/2512/2296 637/2511/2297
f 640/2507/2298 639/2510/2299 637/2511/2300 636/2508/2301
f 632/2527/2302 633/2528/2303 631/2529/2304 630/2530/2305 629/2531/2306 628/2532/2307 627/2533/2308 626/2534/2309 625/2535/2310 624/2536/2311 623/2537/2312 622/2538/2313 621/2539/2314 620/2540/2315
f 790/185/2316 793/186/2317 780/187/2318 791/188/2319
f 791/1422/2320 780/1423/2321 781/1424/2322 787/1425/2323
f 812/1440/2324 813/1441/2325 798/1442/2326 797/1443/2327
f 813/2541/2328 811/2542/2329 786/2543/2330 798/2544/2331
f 792/1446/2332 799/1447/2333 793/1448/2334 790/1449/2335
f 791/2549/2336 787/2548/2337 792/2547/2338 790/2550/2339
f 784/1453/2340 783/1452/2341 808/1454/2342 807/1455/2343
f 807/1455/2344 808/1454/2345 801/1456/2346 800/1457/2347
f 792/1446/2348 810/1444/2349 803/1445/2350 799/1447/2351
f 792/2547/2352 787/2548/2353 809/2546/2354 810/2545/2355
f 802/1428/2356 809/1429/2357 787/1425/2358 781/1424/2359
f 786/197/2360 785/198/2361 797/199/2362 798/200/2363
f 782/1431/2364 796/1430/2365 795/1434/2366 794/1435/2367
f 794/1435/2368 795/1434/2369 788/1438/2370 789/1439/2371
f 780/1423/2372 805/1426/2373 806/1427/2374 781/1424/2375
f 783/201/2376 782/202/2377 794/203/2378 808/204/2379
f 808/204/2380 794/203/2381 789/207/2382 801/208/2383
f 789/2551/2384 788/2552/2385 800/2553/2386 801/2554/2387
f 799/1447/2388 815/1450/2389 814/1451/2390 793/1448/2391
f 814/189/2392 805/190/2393 780/187/2394 793/186/2395
f 804/2555/2396 812/2556/2397 797/2557/2398 785/2558/2399
f 796/192/2400 784/191/2401 807/193/2402 795/194/2403
f 795/194/2404 807/193/2405 800/195/2406 788/196/2407
f 799/2561/2408 803/2559/2409 802/2560/2410 781/2562/2411
f 802/1428/2412 804/1432/2413 811/1433/2414 809/1429/2415
f 810/2545/2416 809/2546/2417 811/2542/2418 813/2541/2419
f 803/2559/2420 812/2556/2421 804/2555/2422 802/2560/2423
f 810/1444/2424 813/1441/2425 812/1440/2426 803/1445/2427
f 814/189/2428 784/191/2429 796/192/2430 805/190/2431
f 805/1426/2432 796/1430/2433 782/1431/2434 806/1427/2435
f 782/202/2436 783/201/2437 815/205/2438 806/206/2439
f 783/1452/2440 784/1453/2441 814/1451/2442 815/1450/2443
f 804/1432/2444 785/1436/2445 786/1437/2446 811/1433/2447
f 815/205/2448 799/209/2449 781/210/2450 806/206/2451
f 841/211/2452 816/212/2453 825/213/2454 824/214/2455
f 816/1458/2456 817/1459/2457 820/1460/2458 825/1461/2459
f 836/1476/2460 842/1477/2461 844/1478/2462 850/1479/2463
f 850/2563/2464 844/2564/2465 843/2565/2466 835/2566/2467
f 830/1482/2468 841/1484/2469 824/1485/2470 826/1483/2471
f 816/2571/2472 841/2572/2473 830/2569/2474 817/2570/2475
f 829/1489/2476 847/1490/2477 840/1491/2478 827/1488/2479
f 847/1490/2480 846/1492/2481 822/1493/2482 840/1491/2483
f 830/1482/2484 826/1483/2485 848/1481/2486 849/1480/2487
f 830/2569/2488 849/2567/2489 833/2568/2490 817/2570/2491
f 832/1462/2492 820/1460/2493 817/1459/2494 833/1463/2495
f 843/223/2496 844/224/2497 842/225/2498 823/226/2499
f 818/1468/2500 828/1472/2501 845/1473/2502 819/1469/2503
f 828/1472/2504 821/1474/2505 831/1475/2506 845/1473/2507
f 825/1461/2508 820/1460/2509 838/1464/2510 851/1465/2511
f 827/227/2512 840/228/2513 828/229/2514 818/230/2515
f 840/228/2516 822/231/2517 821/232/2518 828/229/2519
f 821/2573/2520 822/2574/2521 846/2575/2522 831/2576/2523
f 826/1483/2524 824/1485/2525 837/1486/2526 839/1487/2527
f 837/215/2528 824/214/2529 825/213/2530 851/216/2531
f 834/2577/2532 823/2578/2533 842/2579/2534 836/2580/2535
f 819/217/2536 845/219/2537 847/220/2538 829/218/2539
f 845/219/2540 831/221/2541 846/222/2542 847/220/2543
f 826/2583/2544 820/2584/2545 832/2582/2546 848/2581/2547
f 832/1462/2548 833/1463/2549 835/1466/2550 834/1467/2551
f 849/2567/2552 850/2563/2553 835/2566/2554 833/2568/2555
f 848/2581/2556 832/2582/2557 834/2577/2558 836/2580/2559
f 849/1480/2560 848/1481/2561 836/1476/2562 850/1479/2563
f 837/215/2564 851/216/2565 819/217/2566 829/218/2567
f 851/1465/2568 838/1464/2569 818/1468/2570 819/1469/2571
f 818/230/2572 838/233/2573 839/234/2574 827/227/2575
f 827/1488/2576 839/1487/2577 837/1486/2578 829/1489/2579
f 834/1467/2580 835/1466/2581 843/1470/2582 823/1471/2583
f 839/234/2584 838/233/2585 820/235/2586 826/236/2587
f 877/237/2588 852/238/2589 861/239/2590 860/240/2591
f 852/1494/2592 853/1495/2593 856/1496/2594 861/1497/2595
f 872/1512/2596 878/1513/2597 880/1514/2598 886/1515/2599
f 886/2585/2600 880/2586/2601 879/2587/2602 871/2588/2603
f 866/1518/2604 877/1520/2605 860/1521/2606 862/1519/2607
f 852/2593/2608 877/2594/2609 866/2591/2610 853/2592/2611
f 865/1525/2612 883/1526/2613 876/1527/2614 863/1524/2615
f 883/1526/2616 882/1528/2617 858/1529/2618 876/1527/2619
f 866/1518/2620 862/1519/2621 884/1517/2622 885/1516/2623
f 866/2591/2624 885/2589/2625 869/2590/2626 853/2592/2627
f 868/1498/2628 856/1496/2629 853/1495/2630 869/1499/2631
f 879/249/2632 880/250/2633 878/251/2634 859/252/2635
f 854/1504/2636 864/1508/2637 881/1509/2638 855/1505/2639
f 864/1508/2640 857/1510/2641 867/1511/2642 881/1509/2643
f 861/1497/2644 856/1496/2645 874/1500/2646 887/1501/2647
f 863/253/2648 876/254/2649 864/255/2650 854/256/2651
f 876/254/2652 858/257/2653 857/258/2654 864/255/2655
f 857/2595/2656 858/2596/2657 882/2597/2658 867/2598/2659
f 862/1519/2660 860/1521/2661 873/1522/2662 875/1523/2663
f 873/241/2664 860/240/2665 861/239/2666 887/242/2667
f 870/2599/2668 859/2600/2669 878/2601/2670 872/2602/2671
f 855/243/2672 881/245/2673 883/246/2674 865/244/2675
f 881/245/2676 867/247/2677 882/248/2678 883/246/2679
f 862/2605/2680 856/2606/2681 868/2604/2682 884/2603/2683
f 868/1498/2684 869/1499/2685 871/1502/2686 870/1503/2687
f 885/2589/2688 886/2585/2689 871/2588/2690 869/2590/2691
f 884/2603/2692 868/2604/2693 870/2599/2694 872/2602/2695
f 885/1516/2696 884/1517/2697 872/1512/2698 886/1515/2699
f 873/241/2700 887/242/2701 855/243/2702 865/244/2703
f 887/1501/2704 874/1500/2705 854/1504/2706 855/1505/2707
f 854/256/2708 874/259/2709 875/260/2710 863/253/2711
f 863/1524/2712 875/1523/2713 873/1522/2714 865/1525/2715
f 870/1503/2716 871/1502/2717 879/1506/2718 859/1507/2719
f 875/260/2720 874/259/2721 856/261/2722 862/262/2723
f 898/263/2724 901/264/2725 888/265/2726 899/266/2727
f 899/1530/2728 888/1531/2729 889/1532/2730 895/1533/2731
f 920/1548/2732 921/1549/2733 906/1550/2734 905/1551/2735
f 921/2607/2736 919/2608/2737 894/2609/2738 906/2610/2739
f 900/1554/2740 907/1555/2741 901/1556/2742 898/1557/2743
f 899/2615/2744 895/2614/2745 900/2613/2746 898/2616/2747
f 892/1561/2748 891/1560/2749 916/1562/2750 915/1563/2751
f 915/1563/2752 916/1562/2753 909/1564/2754 908/1565/2755
f 900/1554/2756 918/1552/2757 911/1553/2758 907/1555/2759
f 900/2613/2760 895/2614/2761 917/2612/2762 918/2611/2763
f 910/1536/2764 917/1537/2765 895/1533/2766 889/1532/2767
f 894/275/2768 893/276/2769 905/277/2770 906/278/2771
f 890/1539/2772 904/1538/2773 903/1542/2774 902/1543/2775
f 902/1543/2776 903/1542/2777 896/1546/2778 897/1547/2779
f 888/1531/2780 913/1534/2781 914/1535/2782 889/1532/2783
f 891/279/2784 890/280/2785 902/281/2786 916/282/2787
f 916/282/2788 902/281/2789 897/285/2790 909/286/2791
f 897/2617/2792 896/2618/2793 908/2619/2794 909/2620/2795
f 907/1555/2796 923/1558/2797 922/1559/2798 901/1556/2799
f 922/267/2800 913/268/2801 888/265/2802 901/264/2803
f 912/2621/2804 920/2622/2805 905/2623/2806 893/2624/2807
f 904/270/2808 892/269/2809 915/271/2810 903/272/2811
f 903/272/2812 915/271/2813 908/273/2814 896/274/2815
f 907/2627/2816 911/2625/2817 910/2626/2818 889/2628/2819
f 910/1536/2820 912/1540/2821 919/1541/2822 917/1537/2823
f 918/2611/2824 917/2612/2825 919/2608/2826 921/2607/2827
f 911/2625/2828 920/2622/2829 912/2621/2830 910/2626/2831
f 918/1552/2832 921/1549/2833 920/1548/2834 911/1553/2835
f 922/267/2836 892/269/2837 904/270/2838 913/268/2839
f 913/1534/2840 904/1538/2841 890/1539/2842 914/1535/2843
f 890/280/2844 891/279/2845 923/283/2846 914/284/2847
f 891/1560/2848 892/1561/2849 922/1559/2850 923/1558/2851
f 912/1540/2852 893/1544/2853 894/1545/2854 919/1541/2855
f 923/283/2856 907/287/2857 889/288/2858 914/284/2859
f 949/289/2860 924/290/2861 933/291/2862 932/292/2863
f 924/1566/2864 925/1567/2865 928/1568/2866 933/1569/2867
f 944/1584/2868 950/1585/2869 952/1586/2870 958/1587/2871
f 958/2629/2872 952/2630/2873 951/2631/2874 943/2632/2875
f 938/1590/2876 949/1592/2877 932/1593/2878 934/1591/2879
f 924/2637/2880 949/2638/2881 938/2635/2882 925/2636/2883
f 937/1597/2884 955/1598/2885 948/1599/2886 935/1596/2887
f 955/1598/2888 954/1600/2889 930/1601/2890 948/1599/2891
f 938/1590/2892 934/1591/2893 956/1589/2894 957/1588/2895
f 938/2635/2896 957/2633/2897 941/2634/2898 925/2636/2899
f 940/1570/2900 928/1568/2901 925/1567/2902 941/1571/2903
f 951/301/2904 952/302/2905 950/303/2906 931/304/2907
f 926/1576/2908 936/1580/2909 953/1581/2910 927/1577/2911
f 936/1580/2912 929/1582/2913 939/1583/2914 953/1581/2915
f 933/1569/2916 928/1568/2917 946/1572/2918 959/1573/2919
f 935/305/2920 948/306/2921 936/307/2922 926/308/2923
f 948/306/2924 930/309/2925 929/310/2926 936/307/2927
f 929/2639/2928 930/2640/2929 954/2641/2930 939/2642/2931
f 934/1591/2932 932/1593/2933 945/1594/2934 947/1595/2935
f 945/293/2936 932/292/2937 933/291/2938 959/294/2939
f 942/2643/2940 931/2644/2941 950/2645/2942 944/2646/2943
f 927/295/2944 953/297/2945 955/298/2946 937/296/2947
f 953/297/2948 939/299/2949 954/300/2950 955/298/2951
f 934/2649/2952 928/2650/2953 940/2648/2954 956/2647/2955
f 940/1570/2956 941/1571/2957 943/1574/2958 942/1575/2959
f 957/2633/2960 958/2629/2961 943/2632/2962 941/2634/2963
f 956/2647/2964 940/2648/2965 942/2643/2966 944/2646/2967
f 957/1588/2968 956/1589/2969 944/1584/2970 958/1587/2971
f 945/293/2972 959/294/2973 927/295/2974 937/296/2975
f 959/1573/2976 946/1572/2977 926/1576/2978 927/1577/2979
f 926/308/2980 946/311/2981 947/312/2982 935/305/2983
f 935/1596/2984 947/1595/2985 945/1594/2986 937/1597/2987
f 942/1575/2988 943/1574/2989 951/1578/2990 931/1579/2991
f 947/312/2992 946/311/2993 928/313/2994 934/314/2995
f 970/315/2996 973/316/2997 960/317/2998 971/318/2999
f 971/1602/3000 960/1603/3001 961/1604/3002 967/1605/3003
f 992/1620/3004 993/1621/3005 978/1622/3006 977/1623/3007
f 993/2651/3008 991/2652/3009 966/2653/3010 978/2654/3011
f 972/1626/3012 979/1627/3013 973/1628/3014 970/1629/3015
f 971/2659/3016 967/2658/3017 972/2657/3018 970/2660/3019
f 964/1633/3020 963/1632/3021 988/1634/3022 987/1635/3023
f 987/1635/3024 988/1634/3025 981/1636/3026 980/1637/3027
f 972/1626/3028 990/1624/3029 983/1625/3030 979/1627/3031
f 972/2657/3032 967/2658/3033 989/2656/3034 990/2655/3035
f 982/1608/3036 989/1609/3037 967/1605/3038 961/1604/3039
f 966/327/3040 965/328/3041 977/329/3042 978/330/3043
f 962/1611/3044 976/1610/3045 975/1614/3046 974/1615/3047
f 974/1615/3048 975/1614/3049 968/1618/3050 969/1619/3051
f 960/1603/3052 985/1606/3053 986/1607/3054 961/1604/3055
f 963/331/3056 962/332/3057 974/333/3058 988/334/3059
f 988/334/3060 974/333/3061 969/337/3062 981/338/3063
f 969/2661/3064 968/2662/3065 980/2663/3066 981/2664/3067
f 979/1627/3068 995/1630/3069 994/1631/3070 973/1628/3071
f 994/319/3072 985/320/3073 960/317/3074 973/316/3075
f 984/2665/3076 992/2666/3077 977/2667/3078 965/2668/3079
f 976/322/3080 964/321/3081 987/323/3082 975/324/3083
f 975/324/3084 987/323/3085 980/325/3086 968/326/3087
f 979/2671/3088 983/2669/3089 982/2670/3090 961/2672/3091
f 982/1608/3092 984/1612/3093 991/1613/3094 989/1609/3095
f 990/2655/3096 989/2656/3097 991/2652/3098 993/2651/3099
f 983/2669/3100 992/2666/3101 984/2665/3102 982/2670/3103
f 990/1624/3104 993/1621/3105 992/1620/3106 983/1625/3107
f 994/319/3108 964/321/3109 976/322/3110 985/320/3111
f 985/1606/3112 976/1610/3113 962/1611/3114 986/1607/3115
f 962/332/3116 963/331/3117 995/335/3118 986/336/3119
f 963/1632/3120 964/1633/3121 994/1631/3122 995/1630/3123
f 984/1612/3124 965/1616/3125 966/1617/3126 991/1613/3127
f 995/335/3128 979/339/3129 961/340/3130 986/336/3131
f 1006/341/3132 1009/342/3133 996/343/3134 1007/344/3135
f 1007/1638/3136 996/1639/3137 997/1640/3138 1003/1641/3139
f 1028/1656/3140 1029/1657/3141 1014/1658/3142 1013/1659/3143
f 1029/2673/3144 1027/2674/3145 1002/2675/3146 1014/2676/3147
f 1008/1662/3148 1015/1663/3149 1009/1664/3150 1006/1665/3151
f 1007/2681/3152 1003/2680/3153 1008/2679/3154 1006/2682/3155
f 1000/1669/3156 999/1668/3157 1024/1670/3158 1023/1671/3159
f 1023/1671/3160 1024/1670/3161 1017/1672/3162 1016/1673/3163
f 1008/1662/3164 1026/1660/3165 1019/1661/3166 1015/1663/3167
f 1008/2679/3168 1003/2680/3169 1025/2678/3170 1026/2677/3171
f 1018/1644/3172 1025/1645/3173 1003/1641/3174 997/1640/3175
f 1002/353/3176 1001/354/3177 1013/355/3178 1014/356/3179
f 998/1647/3180 1012/1646/3181 1011/1650/3182 1010/1651/3183
f 1010/1651/3184 1011/1650/3185 1004/1654/3186 1005/1655/3187
f 996/1639/3188 1021/1642/3189 1022/1643/3190 997/1640/3191
f 999/357/3192 998/358/3193 1010/359/3194 1024/360/3195
f 1024/360/3196 1010/359/3197 1005/363/3198 1017/364/3199
f 1005/2683/3200 1004/2684/3201 1016/2685/3202 1017/2686/3203
f 1015/1663/3204 1031/1666/3205 1030/1667/3206 1009/1664/3207
f 1030/345/3208 1021/346/3209 996/343/3210 1009/342/3211
f 1020/2687/3212 1028/2688/3213 1013/2689/3214 1001/2690/3215
f 1012/348/3216 1000/347/3217 1023/349/3218 1011/350/3219
f 1011/350/3220 1023/349/3221 1016/351/3222 1004/352/3223
f 1015/2693/3224 1019/2691/3225 1018/2692/3226 997/2694/3227
f 1018/1644/3228 1020/1648/3229 1027/1649/3230 1025/1645/3231
f 1026/2677/3232 1025/2678/3233 1027/2674/3234 1029/2673/3235
f 1019/2691/3236 1028/2688/3237 1020/2687/3238 1018/2692/3239
f 1026/1660/3240 1029/1657/3241 1028/1656/3242 1019/1661/3243
f 1030/345/3244 1000/347/3245 1012/348/3246 1021/346/3247
f 1021/1642/3248 1012/1646/3249 998/1647/3250 1022/1643/3251
f 998/358/3252 999/357/3253 1031/361/3254 1022/362/3255
f 999/1668/3256 1000/1669/3257 1030/1667/3258 1031/1666/3259
f 1020/1648/3260 1001/1652/3261 1002/1653/3262 1027/1649/3263
f 1031/361/3264 1015/365/3265 997/366/3266 1022/362/3267
f 1057/367/3268 1032/368/3269 1041/369/3270 1040/370/3271
f 1032/1674/3272 1033/1675/3273 1036/1676/3274 1041/1677/3275
f 1052/1692/3276 1058/1693/3277 1060/1694/3278 1066/1695/3279
f 1066/2695/3280 1060/2696/3281 1059/2697/3282 1051/2698/3283
f 1046/1698/3284 1057/1700/3285 1040/1701/3286 1042/1699/3287
f 1032/2703/3288 1057/2704/3289 1046/2701/3290 1033/2702/3291
f 1045/1705/3292 1063/1706/3293 1056/1707/3294 1043/1704/3295
f 1063/1706/3296 1062/1708/3297 1038/1709/3298 1056/1707/3299
f 1046/1698/3300 1042/1699/3301 1064/1697/3302 1065/1696/3303
f 1046/2701/3304 1065/2699/3305 1049/2700/3306 1033/2702/3307
f 1048/1678/3308 1036/1676/3309 1033/1675/3310 1049/1679/3311
f 1059/379/3312 1060/380/3313 1058/381/3314 1039/382/3315
f 1034/1684/3316 1044/1688/3317 1061/1689/3318 1035/1685/3319
f 1044/1688/3320 1037/1690/3321 1047/1691/3322 1061/1689/3323
f 1041/1677/3324 1036/1676/3325 1054/1680/3326 1067/1681/3327
f 1043/383/3328 1056/384/3329 1044/385/3330 1034/386/3331
f 1056/384/3332 1038/387/3333 1037/388/3334 1044/385/3335
f 1037/2705/3336 1038/2706/3337 1062/2707/3338 1047/2708/3339
f 1042/1699/3340 1040/1701/3341 1053/1702/3342 1055/1703/3343
f 1053/371/3344 1040/370/3345 1041/369/3346 1067/372/3347
f 1050/2709/3348 1039/2710/3349 1058/2711/3350 1052/2712/3351
f 1035/373/3352 1061/375/3353 1063/376/3354 1045/374/3355
f 1061/375/3356 1047/377/3357 1062/378/3358 1063/376/3359
f 1042/2715/3360 1036/2716/3361 1048/2714/3362 1064/2713/3363
f 1048/1678/3364 1049/1679/3365 1051/1682/3366 1050/1683/3367
f 1065/2699/3368 1066/2695/3369 1051/2698/3370 1049/2700/3371
f 1064/2713/3372 1048/2714/3373 1050/2709/3374 1052/2712/3375
f 1065/1696/3376 1064/1697/3377 1052/1692/3378 1066/1695/3379
f 1053/371/3380 1067/372/3381 1035/373/3382 1045/374/3383
f 1067/1681/3384 1054/1680/3385 1034/1684/3386 1035/1685/3387
f 1034/386/3388 1054/389/3389 1055/390/3390 1043/383/3391
f 1043/1704/3392 1055/1703/3393 1053/1702/3394 1045/1705/3395
f 1050/1683/3396 1051/1682/3397 1059/1686/3398 1039/1687/3399
f 1055/390/3400 1054/389/3401 1036/391/3402 1042/392/3403
f 1136/2952/3404 1137/2951/3405 1138/2953/3406 1139/2954/3407
f 1141/3073/3408 1140/3074/3409 1142/3075/3410 1143/3076/3411
f 1143/393/3412 1142/394/3413 1144/395/3414 1145/396/3415
f 1071/1710/3416 1069/1711/3417 1148/1712/3418 1089/1713/3419 1087/1714/3420 1085/1715/3421 1083/1716/3422 1081/1717/3423 1079/1718/3424 1077/1719/3425 1075/1720/3426 1073/1721/3427
f 1147/2949/3428 1146/2950/3429 1137/2951/3430 1136/2952/3431
f 1068/1722/3432 1070/1723/3433 1072/1724/3434 1074/1725/3435 1076/1726/3436 1078/1727/3437 1080/1728/3438 1082/1729/3439 1084/1730/3440 1086/1731/3441 1088/1732/3442 1090/1733/3443
f 1149/2964/3444 1150/2963/3445 1151/2965/3446 1152/2966/3447
f 1154/2959/3448 1153/2960/3449 1155/2956/3450 1156/2955/3451
f 1156/2955/3452 1155/2956/3453 1157/2957/3454 1158/2958/3455
f 1094/1734/3456 1092/1735/3457 1161/1736/3458 1111/1737/3459 1109/1738/3460 1107/1739/3461 1105/1740/3462 1103/1741/3463 1102/1742/3464 1100/1743/3465 1098/1744/3466 1096/1745/3467
f 1160/2961/3468 1159/2962/3469 1150/2963/3470 1149/2964/3471
f 1091/1746/3472 1093/1747/3473 1095/1748/3474 1097/1749/3475 1099/1750/3476 1101/1751/3477 1104/1752/3478 1106/1753/3479 1108/1754/3480 1110/1755/3481 1112/1756/3482
f 1162/2976/3483 1163/2975/3484 1164/2977/3485 1165/2978/3486
f 1167/2971/3487 1166/2972/3488 1168/2968/3489 1169/2967/3490
f 1169/2967/3491 1168/2968/3492 1170/2969/3493 1171/2970/3494
f 1116/1757/3495 1114/1758/3496 1174/1759/3497 1134/1760/3498 1132/1761/3499 1130/1762/3500 1128/1763/3501 1126/1764/3502 1124/1765/3503 1122/1766/3504 1120/1767/3505 1118/1768/3506
f 1173/2973/3507 1172/2974/3508 1163/2975/3509 1162/2976/3510
f 1113/1769/3511 1115/1770/3512 1117/1771/3513 1119/1772/3514 1121/1773/3515 1123/1774/3516 1125/1775/3517 1127/1776/3518 1129/1777/3519 1131/1778/3520 1133/1779/3521 1135/1780/3522
f 1243/2979/3523 1245/2980/3524 1247/2981/3525 1244/2982/3526
f 1246/2985/3527 1249/2986/3528 1250/2987/3529 1248/2988/3530
f 1249/2986/3531 1251/2989/3532 1253/2990/3533 1250/2987/3534
f 1178/1781/3535 1180/1782/3536 1182/1783/3537 1185/1784/3538 1187/1785/3539 1189/1786/3540 1191/1787/3541 1193/1788/3542 1195/1789/3543 1254/1790/3544 1176/1791/3545
f 1252/2983/3546 1243/2979/3547 1244/2982/3548 1197/2984/3549
f 1175/1792/3550 1196/1793/3551 1194/1794/3552 1192/1795/3553 1190/1796/3554 1188/1797/3555 1186/1798/3556 1184/1799/3557 1183/1800/3558 1181/1801/3559 1179/1802/3560 1177/1803/3561
f 1266/2991/3562 1256/2992/3563 1258/2993/3564 1255/2994/3565
f 1257/2997/3566 1260/2998/3567 1261/2999/3568 1259/3000/3569
f 1260/2998/3570 1262/3001/3571 1264/3002/3572 1261/2999/3573
f 1200/1804/3574 1202/1805/3575 1204/1806/3576 1205/1807/3577 1207/1808/3578 1209/1809/3579 1211/1810/3580 1213/1811/3581 1215/1812/3582 1217/1813/3583 1267/1814/3584 1199/1815/3585
f 1263/2995/3586 1266/2991/3587 1255/2994/3588 1265/2996/3589
f 1198/1816/3590 1218/1817/3591 1216/1818/3592 1214/1819/3593 1212/1820/3594 1210/1821/3595 1208/1822/3596 1206/1823/3597 1203/1824/3598 1201/1825/3599
f 1268/3003/3600 1270/3004/3601 1272/3005/3602 1269/3006/3603
f 1271/3009/3604 1274/3010/3605 1275/3011/3606 1273/3012/3607
f 1274/3010/3608 1276/3013/3609 1278/3014/3610 1275/3011/3611
f 1222/1826/3612 1224/1827/3613 1226/1828/3614 1228/1829/3615 1230/1830/3616 1232/1831/3617 1234/1832/3618 1236/1833/3619 1238/1834/3620 1240/1835/3621 1279/1836/3622 1220/1837/3623
f 1277/3007/3624 1268/3003/3625 1269/3006/3626 1242/3008/3627
f 1219/1838/3628 1241/1839/3629 1239/1840/3630 1237/1841/3631 1235/1842/3632 1233/1843/3633 1231/1844/3634 1229/1845/3635 1227/1846/3636 1225/1847/3637 1223/1848/3638 1221/1849/3639
f 1351/3016/3640 1353/3019/3641 1355/3020/3642 1352/3017/3643
f 1354/3077/3644 1357/3078/3645 1358/3079/3646 1356/3080/3647
f 1357/397/3648 1359/398/3649 1361/399/3650 1358/400/3651
f 1283/1850/3652 1285/1851/3653 1287/1852/3654 1289/1853/3655 1291/1854/3656 1293/1855/3657 1295/1856/3658 1297/1857/3659 1299/1858/3660 1301/1859/3661 1362/1860/3662 1281/1861/3663
f 1360/3015/3664 1351/3016/3665 1352/3017/3666 1303/3018/3667
f 1280/1862/3668 1302/1863/3669 1300/1864/3670 1298/1865/3671 1296/1866/3672 1294/1867/3673 1292/1868/3674 1290/1869/3675 1288/1870/3676 1286/1871/3677 1284/1872/3678 1282/1873/3679
f 1374/3028/3680 1364/3031/3681 1366/3032/3682 1363/3029/3683
f 1365/3025/3684 1368/3021/3685 1369/3024/3686 1367/3026/3687
f 1368/3021/3688 1370/3022/3689 1372/3023/3690 1369/3024/3691
f 1307/1874/3692 1309/1875/3693 1311/1876/3694 1313/1877/3695 1315/1878/3696 1317/1879/3697 1319/1880/3698 1321/1881/3699 1323/1882/3700 1325/1883/3701 1375/1884/3702 1305/1885/3703
f 1371/3027/3704 1374/3028/3705 1363/3029/3706 1373/3030/3707
f 1304/1886/3708 1326/1887/3709 1324/1888/3710 1322/1889/3711 1320/1890/3712 1318/1891/3713 1316/1892/3714 1314/1893/3715 1312/1894/3716 1310/1895/3717 1308/1896/3718 1306/1897/3719
f 1376/3040/3720 1378/3043/3721 1380/3044/3722 1377/3041/3723
f 1379/3037/3724 1382/3033/3725 1383/3036/3726 1381/3038/3727
f 1382/3033/3728 1384/3034/3729 1386/3035/3730 1383/3036/3731
f 1330/1898/3732 1332/1899/3733 1334/1900/3734 1336/1901/3735 1338/1902/3736 1340/1903/3737 1342/1904/3738 1344/1905/3739 1346/1906/3740 1348/1907/3741 1387/1908/3742 1328/1909/3743
f 1385/3039/3744 1376/3040/3745 1377/3041/3746 1350/3042/3747
f 1327/1910/3748 1349/1911/3749 1347/1912/3750 1345/1913/3751 1343/1914/3752 1341/1915/3753 1339/1916/3754 1337/1917/3755 1335/1918/3756 1333/1919/3757 1331/1920/3758 1329/1921/3759
f 1456/3045/3760 1458/3046/3761 1457/3047/3762 1459/3048/3763
f 1461/3051/3764 1460/3052/3765 1462/3053/3766 1463/3054/3767
f 1463/401/3768 1462/402/3769 1465/403/3770 1464/404/3771
f 1391/1922/3772 1389/1923/3773 1468/1924/3774 1409/1925/3775 1407/1926/3776 1405/1927/3777 1403/1928/3778 1401/1929/3779 1399/1930/3780 1397/1931/3781 1395/1932/3782 1393/1933/3783
f 1467/3049/3784 1466/3050/3785 1458/3046/3786 1456/3045/3787
f 1388/1934/3788 1390/1935/3789 1392/1936/3790 1394/1937/3791 1396/1938/3792 1398/1939/3793 1400/1940/3794 1402/1941/3795 1404/1942/3796 1406/1943/3797 1408/1944/3798 1410/1945/3799
f 1469/3055/3800 1470/3056/3801 1471/3057/3802 1472/3058/3803
f 1474/3061/3804 1473/3062/3805 1475/3063/3806 1476/3064/3807
f 1476/3064/3808 1475/3063/3809 1477/3065/3810 1478/3066/3811
f 1414/1946/3812 1412/1947/3813 1481/1948/3814 1430/1949/3815 1428/1950/3816 1426/1951/3817 1424/1952/3818 1422/1953/3819 1420/1954/3820 1418/1955/3821 1416/1956/3822
f 1480/3059/3823 1479/3060/3824 1470/3056/3825 1469/3055/3826
f 1411/1957/3827 1413/1958/3828 1415/1959/3829 1417/1960/3830 1419/1961/3831 1421/1962/3832 1423/1963/3833 1425/1964/3834 1427/1965/3835 1429/1966/3836 1431/1967/3837
f 1482/3067/3838 1455/3068/3839 1483/3069/3840 1484/3070/3841
f 1485/405/3842 1486/406/3843 1487/407/3844 1488/408/3845
f 1488/2717/3846 1487/2718/3847 1489/2719/3848 1490/2720/3849
f 1435/1968/3850 1433/1969/3851 1493/1970/3852 1453/1971/3853 1451/1972/3854 1449/1973/3855 1447/1974/3856 1445/1975/3857 1443/1976/3858 1441/1977/3859 1439/1978/3860 1437/1979/3861
f 1492/3071/3862 1491/3072/3863 1455/3068/3864 1482/3067/3865
f 1432/1980/3866 1434/1981/3867 1436/1982/3868 1438/1983/3869 1440/1984/3870 1442/1985/3871 1444/1986/3872 1446/1987/3873 1448/1988/3874 1450/1989/3875 1452/1990/3876 1454/1991/3877
f 1538/409/3878 1499/410/3879 1507/411/3880 1500/412/3881
f 1500/412/3882 1507/411/3883 1509/415/3884 1550/417/3885
f 1550/1992/3886 1509/1993/3887 1520/1994/3888 1536/1995/3889
f 1540/445/3890 1537/446/3891 1510/447/3892 1501/448/3893
f 1501/1996/3894 1510/1997/3895 1512/1998/3896 1551/1999/3897
f 1551/1999/3898 1512/1998/3899 1519/2000/3900 1506/2001/3901
f 1528/471/3902 1549/466/3903 1504/467/3904 1511/472/3905
f 1505/439/3906 1528/443/3907 1511/444/3908 1494/442/3909
f 1526/422/3910 1498/414/3911 1519/421/3912 1512/427/3913
f 1537/2721/3914 1526/2722/3915 1512/2723/3916 1510/2724/3917
f 1504/2011/3918 1543/2008/3919 1552/2009/3920 1511/2012/3921
f 1543/2008/3922 1517/2005/3923 1555/2006/3924 1552/2009/3925
f 1552/2009/3926 1555/2006/3927 1496/2007/3928 1513/2010/3929
f 1511/2012/3930 1552/2009/3931 1513/2010/3932 1494/2013/3933
f 1547/460/3934 1531/456/3935 1517/457/3936 1543/461/3937
f 1549/466/3938 1547/460/3939 1543/461/3940 1504/467/3941
f 1503/437/3942 1541/432/3943 1553/435/3944 1508/440/3945
f 1541/432/3946 1518/426/3947 1557/430/3948 1553/435/3949
f 1553/473/3950 1557/468/3951 1497/464/3952 1542/469/3953
f 1508/476/3954 1553/473/3955 1542/469/3956 1495/474/3957
f 1545/431/3958 1534/425/3959 1518/426/3960 1541/432/3961
f 1524/436/3962 1545/431/3963 1541/432/3964 1503/437/3965
f 1513/438/3966 1496/433/3967 1523/429/3968 1544/434/3969
f 1494/442/3970 1513/438/3971 1544/434/3972 1505/439/3973
f 1505/439/3974 1544/434/3975 1545/431/3976 1524/436/3977
f 1544/434/3978 1523/429/3979 1534/425/3980 1545/431/3981
f 1542/469/3982 1497/464/3983 1522/459/3984 1546/465/3985
f 1495/474/3986 1542/469/3987 1546/465/3988 1548/470/3989
f 1546/465/3990 1522/459/3991 1531/456/3992 1547/460/3993
f 1548/470/3994 1546/465/3995 1547/460/3996 1549/466/3997
f 1509/415/3998 1507/411/3999 1499/410/4000 1525/416/4001
f 1520/2727/4002 1509/2728/4003 1525/2726/4004 1521/2725/4005
f 1525/416/4006 1499/410/4007 1498/414/4008 1526/422/4009
f 1521/2725/4010 1525/2726/4011 1526/2722/4012 1537/2721/4013
f 1508/476/4014 1495/474/4015 1548/470/4016 1527/475/4017
f 1503/437/4018 1508/440/4019 1527/441/4020 1524/436/4021
f 1527/475/4022 1548/470/4023 1549/466/4024 1528/471/4025
f 1524/436/4026 1527/441/4027 1528/443/4028 1505/439/4029
f 1536/453/4030 1520/454/4031 1521/450/4032 1539/449/4033
f 1539/449/4034 1521/450/4035 1537/446/4036 1540/445/4037
f 1506/420/4038 1519/421/4039 1498/414/4040 1502/413/4041
f 1502/413/4042 1498/414/4043 1499/410/4044 1538/409/4045
f 1523/429/4046 1532/423/4047 1533/418/4048 1534/425/4049
f 1532/423/4050 1502/413/4051 1538/409/4052 1533/418/4053
f 1496/433/4054 1535/428/4055 1532/423/4056 1523/429/4057
f 1535/428/4058 1506/420/4059 1502/413/4060 1532/423/4061
f 1529/455/4062 1539/449/4063 1540/445/4064 1530/451/4065
f 1522/459/4066 1529/455/4067 1530/451/4068 1531/456/4069
f 1497/464/4070 1515/458/4071 1529/455/4072 1522/459/4073
f 1515/458/4074 1536/453/4075 1539/449/4076 1529/455/4077
f 1517/2005/4078 1516/2002/4079 1554/2003/4080 1555/2006/4081
f 1516/2002/4082 1501/1996/4083 1551/1999/4084 1554/2003/4085
f 1554/2003/4086 1551/1999/4087 1506/2001/4088 1535/2004/4089
f 1555/2006/4090 1554/2003/4091 1535/2004/4092 1496/2007/4093
f 1531/456/4094 1530/451/4095 1516/452/4096 1517/457/4097
f 1530/451/4098 1540/445/4099 1501/448/4100 1516/452/4101
f 1518/426/4102 1514/419/4103 1556/424/4104 1557/430/4105
f 1514/419/4106 1500/412/4107 1550/417/4108 1556/424/4109
f 1556/462/4110 1550/463/4111 1536/453/4112 1515/458/4113
f 1557/468/4114 1556/462/4115 1515/458/4116 1497/464/4117
f 1534/425/4118 1533/418/4119 1514/419/4120 1518/426/4121
f 1533/418/4122 1538/409/4123 1500/412/4124 1514/419/4125
f 1571/534/4126 1612/539/4127 1575/543/4128 1573/540/4129
f 1573/540/4130 1575/543/4131 1576/547/4132 1574/544/4133
f 1575/2014/4134 1595/2015/4135 1596/2016/4136 1576/2017/4137
f 1612/491/4138 1605/487/4139 1595/483/4140 1575/492/4141
f 1577/477/4142 1579/478/4143 1580/479/4144 1578/480/4145
f 1609/481/4146 1570/482/4147 1579/478/4148 1577/477/4149
f 1570/2018/4150 1607/2019/4151 1581/2020/4152 1579/2021/4153
f 1579/2021/4154 1581/2020/4155 1582/2026/4156 1580/2027/4157
f 1581/2020/4158 1597/2025/4159 1598/2031/4160 1582/2026/4161
f 1607/2019/4162 1602/2024/4163 1597/2025/4164 1581/2020/4165
f 1583/505/4166 1584/506/4167 1559/502/4168 1566/501/4169
f 1618/2729/4170 1616/2730/4171 1584/2731/4172 1583/2732/4173
f 1585/545/4174 1582/546/4175 1598/542/4176 1600/541/4177
f 1578/2733/4178 1580/2734/4179 1582/2735/4180 1585/2736/4181
f 1622/2035/4182 1623/2036/4183 1586/2033/4184 1588/2032/4185
f 1588/2032/4186 1586/2033/4187 1563/2029/4188 1561/2028/4189
f 1586/2033/4190 1591/2037/4191 1568/2034/4192 1563/2029/4193
f 1623/2036/4194 1617/2038/4195 1591/2037/4196 1586/2033/4197
f 1587/493/4198 1588/494/4199 1561/489/4200 1564/488/4201
f 1621/497/4202 1622/498/4203 1588/494/4204 1587/493/4205
f 1619/523/4206 1620/532/4207 1589/524/4208 1590/517/4209
f 1590/517/4210 1589/524/4211 1565/525/4212 1560/518/4213
f 1589/504/4214 1593/499/4215 1567/495/4216 1565/500/4217
f 1620/509/4218 1615/503/4219 1593/499/4220 1589/504/4221
f 1591/511/4222 1592/512/4223 1562/513/4224 1568/514/4225
f 1617/515/4226 1572/516/4227 1592/512/4228 1591/511/4229
f 1572/516/4230 1619/523/4231 1590/517/4232 1592/512/4233
f 1592/512/4234 1590/517/4235 1560/518/4236 1562/513/4237
f 1593/499/4238 1587/493/4239 1564/488/4240 1567/495/4241
f 1615/503/4242 1621/497/4243 1587/493/4244 1593/499/4245
f 1576/547/4246 1585/545/4247 1600/541/4248 1574/544/4249
f 1596/2737/4250 1578/2733/4251 1585/2736/4252 1576/2738/4253
f 1594/510/4254 1583/505/4255 1566/501/4256 1614/508/4257
f 1558/529/4258 1618/522/4259 1583/537/4260 1594/538/4261
f 1595/483/4262 1577/477/4263 1578/480/4264 1596/484/4265
f 1605/487/4266 1609/481/4267 1577/477/4268 1595/483/4269
f 1597/536/4270 1599/535/4271 1600/541/4272 1598/542/4273
f 1602/528/4274 1569/527/4275 1599/535/4276 1597/536/4277
f 1569/527/4278 1571/534/4279 1573/540/4280 1599/535/4281
f 1599/535/4282 1573/540/4283 1574/544/4284 1600/541/4285
f 1562/513/4286 1560/518/4287 1613/526/4288 1603/519/4289
f 1603/519/4290 1613/526/4291 1571/534/4292 1569/527/4293
f 1601/520/4294 1603/519/4295 1569/527/4296 1602/528/4297
f 1568/514/4298 1562/513/4299 1603/519/4300 1601/520/4301
f 1604/490/4302 1608/485/4303 1609/481/4304 1605/487/4305
f 1567/495/4306 1564/488/4307 1608/485/4308 1604/490/4309
f 1561/2028/4310 1563/2029/4311 1606/2023/4312 1610/2022/4313
f 1610/2022/4314 1606/2023/4315 1607/2019/4316 1570/2018/4317
f 1606/2023/4318 1601/2030/4319 1602/2024/4320 1607/2019/4321
f 1563/2029/4322 1568/2034/4323 1601/2030/4324 1606/2023/4325
f 1608/485/4326 1610/486/4327 1570/482/4328 1609/481/4329
f 1564/488/4330 1561/489/4331 1610/486/4332 1608/485/4333
f 1560/518/4334 1565/525/4335 1611/533/4336 1613/526/4337
f 1613/526/4338 1611/533/4339 1612/539/4340 1571/534/4341
f 1611/496/4342 1604/490/4343 1605/487/4344 1612/491/4345
f 1565/500/4346 1567/495/4347 1604/490/4348 1611/496/4349
f 1614/508/4350 1566/501/4351 1621/497/4352 1615/503/4353
f 1618/522/4354 1558/529/4355 1619/523/4356 1572/516/4357
f 1616/521/4358 1618/522/4359 1572/516/4360 1617/515/4361
f 1558/529/4362 1594/538/4363 1620/532/4364 1619/523/4365
f 1594/510/4366 1614/508/4367 1615/503/4368 1620/509/4369
f 1566/501/4370 1559/502/4371 1622/498/4372 1621/497/4373
f 1559/502/4374 1584/506/4375 1623/507/4376 1622/498/4377
f 1584/530/4378 1616/521/4379 1617/515/4380 1623/531/4381
f 1637/605/4382 1678/610/4383 1641/614/4384 1639/611/4385
f 1639/611/4386 1641/614/4387 1642/618/4388 1640/615/4389
f 1641/2039/4390 1661/2040/4391 1662/2041/4392 1642/2042/4393
f 1678/562/4394 1671/558/4395 1661/554/4396 1641/563/4397
f 1643/548/4398 1645/549/4399 1646/550/4400 1644/551/4401
f 1675/552/4402 1636/553/4403 1645/549/4404 1643/548/4405
f 1636/2043/4406 1673/2044/4407 1647/2045/4408 1645/2046/4409
f 1645/2046/4410 1647/2045/4411 1648/2051/4412 1646/2052/4413
f 1647/2045/4414 1663/2050/4415 1664/2056/4416 1648/2051/4417
f 1673/2044/4418 1668/2049/4419 1663/2050/4420 1647/2045/4421
f 1649/576/4422 1650/577/4423 1625/573/4424 1632/572/4425
f 1684/2739/4426 1682/2740/4427 1650/2741/4428 1649/2742/4429
f 1651/616/4430 1648/617/4431 1664/613/4432 1666/612/4433
f 1644/2743/4434 1646/2744/4435 1648/2745/4436 1651/2746/4437
f 1688/2060/4438 1689/2061/4439 1652/2058/4440 1654/2057/4441
f 1654/2057/4442 1652/2058/4443 1629/2054/4444 1627/2053/4445
f 1652/2058/4446 1657/2062/4447 1634/2059/4448 1629/2054/4449
f 1689/2061/4450 1683/2063/4451 1657/2062/4452 1652/2058/4453
f 1653/564/4454 1654/565/4455 1627/560/4456 1630/559/4457
f 1687/568/4458 1688/569/4459 1654/565/4460 1653/564/4461
f 1685/594/4462 1686/603/4463 1655/595/4464 1656/588/4465
f 1656/588/4466 1655/595/4467 1631/596/4468 1626/589/4469
f 1655/575/4470 1659/570/4471 1633/566/4472 1631/571/4473
f 1686/580/4474 1681/574/4475 1659/570/4476 1655/575/4477
f 1657/582/4478 1658/583/4479 1628/584/4480 1634/585/4481
f 1683/586/4482 1638/587/4483 1658/583/4484 1657/582/4485
f 1638/587/4486 1685/594/4487 1656/588/4488 1658/583/4489
f 1658/583/4490 1656/588/4491 1626/589/4492 1628/584/4493
f 1659/570/4494 1653/564/4495 1630/559/4496 1633/566/4497
f 1681/574/4498 1687/568/4499 1653/564/4500 1659/570/4501
f 1642/618/4502 1651/616/4503 1666/612/4504 1640/615/4505
f 1662/2747/4506 1644/2743/4507 1651/2746/4508 1642/2748/4509
f 1660/581/4510 1649/576/4511 1632/572/4512 1680/579/4513
f 1624/600/4514 1684/593/4515 1649/608/4516 1660/609/4517
f 1661/554/4518 1643/548/4519 1644/551/4520 1662/555/4521
f 1671/558/4522 1675/552/4523 1643/548/4524 1661/554/4525
f 1663/607/4526 1665/606/4527 1666/612/4528 1664/613/4529
f 1668/599/4530 1635/598/4531 1665/606/4532 1663/607/4533
f 1635/598/4534 1637/605/4535 1639/611/4536 1665/606/4537
f 1665/606/4538 1639/611/4539 1640/615/4540 1666/612/4541
f 1628/584/4542 1626/589/4543 1679/597/4544 1669/590/4545
f 1669/590/4546 1679/597/4547 1637/605/4548 1635/598/4549
f 1667/591/4550 1669/590/4551 1635/598/4552 1668/599/4553
f 1634/585/4554 1628/584/4555 1669/590/4556 1667/591/4557
f 1670/561/4558 1674/556/4559 1675/552/4560 1671/558/4561
f 1633/566/4562 1630/559/4563 1674/556/4564 1670/561/4565
f 1627/2053/4566 1629/2054/4567 1672/2048/4568 1676/2047/4569
f 1676/2047/4570 1672/2048/4571 1673/2044/4572 1636/2043/4573
f 1672/2048/4574 1667/2055/4575 1668/2049/4576 1673/2044/4577
f 1629/2054/4578 1634/2059/4579 1667/2055/4580 1672/2048/4581
f 1674/556/4582 1676/557/4583 1636/553/4584 1675/552/4585
f 1630/559/4586 1627/560/4587 1676/557/4588 1674/556/4589
f 1626/589/4590 1631/596/4591 1677/604/4592 1679/597/4593
f 1679/597/4594 1677/604/4595 1678/610/4596 1637/605/4597
f 1677/567/4598 1670/561/4599 1671/558/4600 1678/562/4601
f 1631/571/4602 1633/566/4603 1670/561/4604 1677/567/4605
f 1680/579/4606 1632/572/4607 1687/568/4608 1681/574/4609
f 1684/593/4610 1624/600/4611 1685/594/4612 1638/587/4613
f 1682/592/4614 1684/593/4615 1638/587/4616 1683/586/4617
f 1624/600/4618 1660/609/4619 1686/603/4620 1685/594/4621
f 1660/581/4622 1680/579/4623 1681/574/4624 1686/580/4625
f 1632/572/4626 1625/573/4627 1688/569/4628 1687/568/4629
f 1625/573/4630 1650/577/4631 1689/578/4632 1688/569/4633
f 1650/601/4634 1682/592/4635 1683/586/4636 1689/602/4637
f 1743/619/4638 1695/620/4639 1704/621/4640 1736/622/4641
f 1748/628/4642 1743/619/4643 1736/622/4644 1697/629/4645
f 1697/629/4646 1736/622/4647 1758/627/4648 1747/634/4649
f 1736/622/4650 1704/621/4651 1706/625/4652 1758/627/4653
f 1758/2064/4654 1706/2065/4655 1720/2066/4656 1737/2067/4657
f 1747/677/4658 1758/678/4659 1737/668/4660 1712/673/4661
f 1741/660/4662 1740/661/4663 1707/662/4664 1738/663/4665
f 1746/666/4666 1741/660/4667 1738/663/4668 1698/667/4669
f 1698/2068/4670 1738/2069/4671 1759/2070/4672 1745/2071/4673
f 1738/2069/4674 1707/2072/4675 1709/2073/4676 1759/2070/4677
f 1759/2070/4678 1709/2073/4679 1719/2078/4680 1703/2074/4681
f 1745/2071/4682 1759/2070/4683 1703/2074/4684 1735/2075/4685
f 1729/691/4686 1757/686/4687 1701/687/4688 1708/692/4689
f 1702/654/4690 1729/658/4691 1708/659/4692 1690/657/4693
f 1727/632/4694 1694/624/4695 1719/631/4696 1709/637/4697
f 1740/2749/4698 1727/2750/4699 1709/2751/4700 1707/2752/4701
f 1701/2086/4702 1751/2083/4703 1760/2084/4704 1708/2087/4705
f 1751/2083/4706 1716/2080/4707 1715/2081/4708 1760/2084/4709
f 1760/2084/4710 1715/2081/4711 1692/2082/4712 1710/2085/4713
f 1708/2087/4714 1760/2084/4715 1710/2085/4716 1690/2088/4717
f 1755/681/4718 1696/675/4719 1716/676/4720 1751/682/4721
f 1757/686/4722 1755/681/4723 1751/682/4724 1701/687/4725
f 1700/652/4726 1749/647/4727 1761/650/4728 1705/655/4729
f 1749/647/4730 1718/642/4731 1717/645/4732 1761/650/4733
f 1761/693/4734 1717/688/4735 1693/684/4736 1750/689/4737
f 1705/696/4738 1761/693/4739 1750/689/4740 1691/694/4741
f 1753/646/4742 1724/641/4743 1718/642/4744 1749/647/4745
f 1725/651/4746 1753/646/4747 1749/647/4748 1700/652/4749
f 1710/653/4750 1692/648/4751 1723/644/4752 1752/649/4753
f 1690/657/4754 1710/653/4755 1752/649/4756 1702/654/4757
f 1702/654/4758 1752/649/4759 1753/646/4760 1725/651/4761
f 1752/649/4762 1723/644/4763 1724/641/4764 1753/646/4765
f 1750/689/4766 1693/684/4767 1722/680/4768 1754/685/4769
f 1691/694/4770 1750/689/4771 1754/685/4772 1756/690/4773
f 1754/685/4774 1722/680/4775 1696/675/4776 1755/681/4777
f 1756/690/4778 1754/685/4779 1755/681/4780 1757/686/4781
f 1706/625/4782 1704/621/4783 1695/620/4784 1726/626/4785
f 1720/2755/4786 1706/2756/4787 1726/2754/4788 1721/2753/4789
f 1726/626/4790 1695/620/4791 1694/624/4792 1727/632/4793
f 1721/2753/4794 1726/2754/4795 1727/2750/4796 1740/2749/4797
f 1705/696/4798 1691/694/4799 1756/690/4800 1728/695/4801
f 1700/652/4802 1705/655/4803 1728/656/4804 1725/651/4805
f 1728/695/4806 1756/690/4807 1757/686/4808 1729/691/4809
f 1725/651/4810 1728/656/4811 1729/658/4812 1702/654/4813
f 1737/668/4814 1720/669/4815 1721/665/4816 1739/664/4817
f 1712/673/4818 1737/668/4819 1739/664/4820 1744/670/4821
f 1739/664/4822 1721/665/4823 1740/661/4824 1741/660/4825
f 1744/670/4826 1739/664/4827 1741/660/4828 1746/666/4829
f 1703/630/4830 1719/631/4831 1694/624/4832 1742/623/4833
f 1735/638/4834 1703/630/4835 1742/623/4836 1699/633/4837
f 1699/633/4838 1742/623/4839 1743/619/4840 1748/628/4841
f 1742/623/4842 1694/624/4843 1695/620/4844 1743/619/4845
f 1723/644/4846 1732/639/4847 1733/635/4848 1724/641/4849
f 1732/639/4850 1699/633/4851 1748/628/4852 1733/635/4853
f 1734/643/4854 1735/638/4855 1699/633/4856 1732/639/4857
f 1692/648/4858 1734/643/4859 1732/639/4860 1723/644/4861
f 1730/674/4862 1744/670/4863 1746/666/4864 1731/671/4865
f 1722/680/4866 1730/674/4867 1731/671/4868 1696/675/4869
f 1713/679/4870 1712/673/4871 1744/670/4872 1730/674/4873
f 1693/684/4874 1713/679/4875 1730/674/4876 1722/680/4877
f 1716/2080/4878 1714/2076/4879 1762/2077/4880 1715/2081/4881
f 1714/2076/4882 1698/2068/4883 1745/2071/4884 1762/2077/4885
f 1762/2077/4886 1745/2071/4887 1735/2075/4888 1734/2079/4889
f 1715/2081/4890 1762/2077/4891 1734/2079/4892 1692/2082/4893
f 1731/671/4894 1746/666/4895 1698/667/4896 1714/672/4897
f 1696/675/4898 1731/671/4899 1714/672/4900 1716/676/4901
f 1718/642/4902 1711/636/4903 1763/640/4904 1717/645/4905
f 1711/636/4906 1697/629/4907 1747/634/4908 1763/640/4909
f 1763/683/4910 1747/677/4911 1712/673/4912 1713/679/4913
f 1717/688/4914 1763/683/4915 1713/679/4916 1693/684/4917
f 1733/635/4918 1748/628/4919 1697/629/4920 1711/636/4921
f 1724/641/4922 1733/635/4923 1711/636/4924 1718/642/4925
f 1813/2757/4926 1808/2758/4927 1774/2759/4928 1811/2760/4929
f 1811/2089/4930 1774/2090/4931 1776/2091/4932 1812/2092/4933
f 1812/2092/4934 1776/2091/4935 1789/2093/4936 1806/2094/4937
f 1807/2783/4938 1769/2784/4939 1777/2785/4940 1770/2786/4941
f 1822/2107/4942 1780/2108/4943 1787/2109/4944 1810/2110/4945
f 1770/2111/4946 1777/2112/4947 1780/2108/4948 1822/2107/4949
f 1792/705/4950 1799/697/4951 1779/700/4952 1815/706/4953
f 1799/697/4954 1795/698/4955 1778/699/4956 1779/700/4957
f 1797/714/4958 1788/719/4959 1787/720/4960 1780/715/4961
f 1769/713/4962 1797/714/4963 1780/715/4964 1777/716/4965
f 1821/2119/4966 1825/2116/4967 1785/2117/4968 1781/2120/4969
f 1773/2121/4970 1767/2118/4971 1825/2116/4972 1821/2119/4973
f 1819/2798/4974 1802/2794/4975 1767/2795/4976 1773/2799/4977
f 1772/2101/4978 1765/2098/4979 1786/2099/4980 1823/2102/4981
f 1823/2102/4982 1786/2099/4983 1766/2100/4984 1814/2103/4985
f 1820/2772/4986 1817/2768/4987 1765/2769/4988 1772/2773/4989
f 1781/2778/4990 1785/2774/4991 1791/2771/4992 1816/2775/4993
f 1816/2775/4994 1791/2771/4995 1817/2768/4996 1820/2772/4997
f 1814/2802/4998 1766/2800/4999 1790/2797/5000 1818/2801/5001
f 1818/2801/5002 1790/2797/5003 1802/2794/5004 1819/2798/5005
f 1776/722/5006 1774/724/5007 1808/723/5008 1796/718/5009
f 1789/721/5010 1776/722/5011 1796/718/5012 1768/717/5013
f 1768/717/5014 1796/718/5015 1797/714/5016 1769/713/5017
f 1796/718/5018 1808/723/5019 1788/719/5020 1797/714/5021
f 1775/711/5022 1827/707/5023 1798/701/5024 1793/712/5025
f 1827/707/5026 1764/708/5027 1794/702/5028 1798/701/5029
f 1793/2776/5030 1798/2781/5031 1799/2782/5032 1792/2779/5033
f 1798/701/5034 1794/702/5035 1795/698/5036 1799/697/5037
f 1806/2791/5038 1789/2792/5039 1768/2788/5040 1771/2787/5041
f 1771/2787/5042 1768/2788/5043 1769/2784/5044 1807/2783/5045
f 1810/2765/5046 1787/2766/5047 1788/2762/5048 1809/2761/5049
f 1809/2761/5050 1788/2762/5051 1808/2758/5052 1813/2757/5053
f 1803/2767/5054 1809/2761/5055 1813/2757/5056 1804/2763/5057
f 1791/2771/5058 1803/2767/5059 1804/2763/5060 1817/2768/5061
f 1785/2774/5062 1805/2770/5063 1803/2767/5064 1791/2771/5065
f 1805/2770/5066 1810/2765/5067 1809/2761/5068 1803/2767/5069
f 1790/2797/5070 1800/2793/5071 1801/2789/5072 1802/2794/5073
f 1800/2793/5074 1771/2787/5075 1807/2783/5076 1801/2789/5077
f 1766/2800/5078 1783/2796/5079 1800/2793/5080 1790/2797/5081
f 1783/2796/5082 1806/2791/5083 1771/2787/5084 1800/2793/5085
f 1825/2116/5086 1824/2113/5087 1805/2114/5088 1785/2117/5089
f 1767/2118/5090 1784/2115/5091 1824/2113/5092 1825/2116/5093
f 1784/2115/5094 1770/2111/5095 1822/2107/5096 1824/2113/5097
f 1824/2113/5098 1822/2107/5099 1810/2110/5100 1805/2114/5101
f 1802/2794/5102 1801/2789/5103 1784/2790/5104 1767/2795/5105
f 1801/2789/5106 1807/2783/5107 1770/2786/5108 1784/2790/5109
f 1765/2098/5110 1782/2095/5111 1826/2096/5112 1786/2099/5113
f 1782/2095/5114 1811/2089/5115 1812/2092/5116 1826/2096/5117
f 1826/2096/5118 1812/2092/5119 1806/2094/5120 1783/2097/5121
f 1786/2099/5122 1826/2096/5123 1783/2097/5124 1766/2100/5125
f 1817/2768/5126 1804/2763/5127 1782/2764/5128 1765/2769/5129
f 1804/2763/5130 1813/2757/5131 1811/2760/5132 1782/2764/5133
f 1794/702/5134 1818/709/5135 1819/703/5136 1795/698/5137
f 1764/708/5138 1814/710/5139 1818/709/5140 1794/702/5141
f 1792/2779/5142 1816/2775/5143 1820/2772/5144 1793/2776/5145
f 1815/2780/5146 1781/2778/5147 1816/2775/5148 1792/2779/5149
f 1793/2776/5150 1820/2772/5151 1772/2773/5152 1775/2777/5153
f 1775/2104/5154 1772/2101/5155 1823/2102/5156 1827/2105/5157
f 1827/2105/5158 1823/2102/5159 1814/2103/5160 1764/2106/5161
f 1795/698/5162 1819/703/5163 1773/704/5164 1778/699/5165
f 1778/2124/5166 1773/2121/5167 1821/2119/5168 1779/2122/5169
f 1779/2122/5170 1821/2119/5171 1781/2120/5172 1815/2123/5173
f 1829/2803/5174 1835/2804/5175 1839/2805/5176 1838/2806/5177
f 1835/2125/5178 1840/2126/5179 1865/2127/5180 1839/2128/5181
f 1840/2126/5182 1869/2131/5183 1870/2132/5184 1865/2127/5185
f 1832/2829/5186 1834/2830/5187 1842/2831/5188 1841/2832/5189
f 1843/2143/5190 1872/2144/5191 1873/2145/5192 1848/2146/5193
f 1834/2149/5194 1843/2143/5195 1848/2146/5196 1842/2150/5197
f 1888/729/5198 1845/730/5199 1846/726/5200 1844/725/5201
f 1844/725/5202 1846/726/5203 1828/727/5204 1891/728/5205
f 1847/744/5206 1848/743/5207 1873/745/5208 1875/746/5209
f 1841/741/5210 1842/742/5211 1848/743/5212 1847/744/5213
f 1837/2154/5214 1850/2155/5215 1860/2152/5216 1849/2151/5217
f 1853/2159/5218 1837/2154/5219 1849/2151/5220 1831/2156/5221
f 1851/2842/5222 1853/2843/5223 1831/2838/5224 1852/2837/5225
f 1858/2136/5226 1854/2137/5227 1855/2134/5228 1859/2133/5229
f 1854/2137/5230 1830/2141/5231 1863/2138/5232 1855/2134/5233
f 1856/2816/5234 1858/2817/5235 1859/2812/5236 1857/2811/5237
f 1850/2825/5238 1861/2822/5239 1862/2818/5240 1860/2823/5241
f 1861/2822/5242 1856/2816/5243 1857/2811/5244 1862/2818/5245
f 1830/2848/5246 1836/2846/5247 1864/2844/5248 1863/2847/5249
f 1836/2846/5250 1851/2842/5251 1852/2837/5252 1864/2844/5253
f 1865/751/5254 1866/748/5255 1838/749/5256 1839/752/5257
f 1870/750/5258 1871/747/5259 1866/748/5260 1865/751/5261
f 1871/747/5262 1841/741/5263 1847/744/5264 1866/748/5265
f 1866/748/5266 1847/744/5267 1875/746/5268 1838/749/5269
f 1890/739/5270 1889/740/5271 1868/733/5272 1867/736/5273
f 1867/736/5274 1868/733/5275 1887/734/5276 1886/737/5277
f 1889/2820/5278 1888/2824/5279 1844/2826/5280 1868/2827/5281
f 1868/733/5282 1844/725/5283 1891/728/5284 1887/734/5285
f 1869/2840/5286 1833/2835/5287 1871/2836/5288 1870/2841/5289
f 1833/2835/5290 1832/2829/5291 1841/2832/5292 1871/2836/5293
f 1872/2814/5294 1874/2809/5295 1875/2810/5296 1873/2815/5297
f 1874/2809/5298 1829/2803/5299 1838/2806/5300 1875/2810/5301
f 1877/2813/5302 1884/2807/5303 1829/2803/5304 1874/2809/5305
f 1862/2818/5306 1857/2811/5307 1884/2807/5308 1877/2813/5309
f 1860/2823/5310 1862/2818/5311 1877/2813/5312 1876/2819/5313
f 1876/2819/5314 1877/2813/5315 1874/2809/5316 1872/2814/5317
f 1864/2844/5318 1852/2837/5319 1881/2833/5320 1879/2839/5321
f 1879/2839/5322 1881/2833/5323 1832/2829/5324 1833/2835/5325
f 1863/2847/5326 1864/2844/5327 1879/2839/5328 1878/2845/5329
f 1878/2845/5330 1879/2839/5331 1833/2835/5332 1869/2840/5333
f 1849/2151/5334 1860/2152/5335 1876/2148/5336 1880/2147/5337
f 1831/2156/5338 1849/2151/5339 1880/2147/5340 1882/2153/5341
f 1882/2153/5342 1880/2147/5343 1843/2143/5344 1834/2149/5345
f 1880/2147/5346 1876/2148/5347 1872/2144/5348 1843/2143/5349
f 1852/2837/5350 1831/2838/5351 1882/2834/5352 1881/2833/5353
f 1881/2833/5354 1882/2834/5355 1834/2830/5356 1832/2829/5357
f 1859/2133/5358 1855/2134/5359 1883/2130/5360 1885/2129/5361
f 1885/2129/5362 1883/2130/5363 1840/2126/5364 1835/2125/5365
f 1883/2130/5366 1878/2135/5367 1869/2131/5368 1840/2126/5369
f 1855/2134/5370 1863/2138/5371 1878/2135/5372 1883/2130/5373
f 1857/2811/5374 1859/2812/5375 1885/2808/5376 1884/2807/5377
f 1884/2807/5378 1885/2808/5379 1835/2804/5380 1829/2803/5381
f 1887/734/5382 1891/728/5383 1851/732/5384 1836/735/5385
f 1886/737/5386 1887/734/5387 1836/735/5388 1830/738/5389
f 1888/2824/5390 1889/2820/5391 1856/2816/5392 1861/2822/5393
f 1845/2828/5394 1888/2824/5395 1861/2822/5396 1850/2825/5397
f 1889/2820/5398 1890/2821/5399 1858/2817/5400 1856/2816/5401
f 1890/2139/5402 1867/2140/5403 1854/2137/5404 1858/2136/5405
f 1867/2140/5406 1886/2142/5407 1830/2141/5408 1854/2137/5409
f 1891/728/5410 1828/727/5411 1853/731/5412 1851/732/5413
f 1828/2160/5414 1846/2157/5415 1837/2154/5416 1853/2159/5417
f 1846/2157/5418 1845/2158/5419 1850/2155/5420 1837/2154/5421
f 1896/2849/5422 1899/2850/5423 1903/2851/5424 1902/2852/5425
f 1899/2161/5426 1904/2162/5427 1929/2163/5428 1903/2164/5429
f 1904/2162/5430 1933/2167/5431 1934/2168/5432 1929/2163/5433
f 1893/2875/5434 1898/2876/5435 1906/2877/5436 1905/2878/5437
f 1907/2179/5438 1937/2180/5439 1938/2181/5440 1912/2182/5441
f 1898/2185/5442 1907/2179/5443 1912/2182/5444 1906/2186/5445
f 1952/757/5446 1909/758/5447 1910/754/5448 1908/753/5449
f 1908/753/5450 1910/754/5451 1892/755/5452 1955/756/5453
f 1911/772/5454 1912/771/5455 1938/773/5456 1939/774/5457
f 1905/769/5458 1906/770/5459 1912/771/5460 1911/772/5461
f 1901/2190/5462 1914/2191/5463 1924/2188/5464 1913/2187/5465
f 1917/2195/5466 1901/2190/5467 1913/2187/5468 1895/2192/5469
f 1915/2888/5470 1917/2889/5471 1895/2884/5472 1916/2883/5473
f 1922/2172/5474 1918/2173/5475 1919/2170/5476 1923/2169/5477
f 1918/2173/5478 1894/2177/5479 1926/2174/5480 1919/2170/5481
f 1920/2862/5482 1922/2863/5483 1923/2858/5484 1921/2857/5485
f 1914/2871/5486 1900/2868/5487 1925/2864/5488 1924/2869/5489
f 1900/2868/5490 1920/2862/5491 1921/2857/5492 1925/2864/5493
f 1894/2894/5494 1927/2892/5495 1928/2890/5496 1926/2893/5497
f 1927/2892/5498 1915/2888/5499 1916/2883/5500 1928/2890/5501
f 1929/779/5502 1930/776/5503 1902/777/5504 1903/780/5505
f 1934/778/5506 1936/775/5507 1930/776/5508 1929/779/5509
f 1930/776/5510 1911/772/5511 1939/774/5512 1902/777/5513
f 1936/775/5514 1905/769/5515 1911/772/5516 1930/776/5517
f 1954/767/5518 1953/768/5519 1932/761/5520 1931/764/5521
f 1931/764/5522 1932/761/5523 1951/762/5524 1950/765/5525
f 1932/761/5526 1908/753/5527 1955/756/5528 1951/762/5529
f 1953/2866/5530 1952/2870/5531 1908/2872/5532 1932/2873/5533
f 1933/2886/5534 1935/2881/5535 1936/2882/5536 1934/2887/5537
f 1935/2881/5538 1893/2875/5539 1905/2878/5540 1936/2882/5541
f 1937/2860/5542 1897/2855/5543 1939/2856/5544 1938/2861/5545
f 1897/2855/5546 1896/2849/5547 1902/2852/5548 1939/2856/5549
f 1925/2864/5550 1921/2857/5551 1948/2853/5552 1941/2859/5553
f 1941/2859/5554 1948/2853/5555 1896/2849/5556 1897/2855/5557
f 1924/2869/5558 1925/2864/5559 1941/2859/5560 1940/2865/5561
f 1940/2865/5562 1941/2859/5563 1897/2855/5564 1937/2860/5565
f 1943/2885/5566 1945/2879/5567 1893/2875/5568 1935/2881/5569
f 1928/2890/5570 1916/2883/5571 1945/2879/5572 1943/2885/5573
f 1926/2893/5574 1928/2890/5575 1943/2885/5576 1942/2891/5577
f 1942/2891/5578 1943/2885/5579 1935/2881/5580 1933/2886/5581
f 1913/2187/5582 1924/2188/5583 1940/2184/5584 1944/2183/5585
f 1895/2192/5586 1913/2187/5587 1944/2183/5588 1946/2189/5589
f 1946/2189/5590 1944/2183/5591 1907/2179/5592 1898/2185/5593
f 1944/2183/5594 1940/2184/5595 1937/2180/5596 1907/2179/5597
f 1916/2883/5598 1895/2884/5599 1946/2880/5600 1945/2879/5601
f 1945/2879/5602 1946/2880/5603 1898/2876/5604 1893/2875/5605
f 1923/2169/5606 1919/2170/5607 1947/2166/5608 1949/2165/5609
f 1949/2165/5610 1947/2166/5611 1904/2162/5612 1899/2161/5613
f 1947/2166/5614 1942/2171/5615 1933/2167/5616 1904/2162/5617
f 1919/2170/5618 1926/2174/5619 1942/2171/5620 1947/2166/5621
f 1921/2857/5622 1923/2858/5623 1949/2854/5624 1948/2853/5625
f 1948/2853/5626 1949/2854/5627 1899/2850/5628 1896/2849/5629
f 1951/762/5630 1955/756/5631 1915/760/5632 1927/763/5633
f 1950/765/5634 1951/762/5635 1927/763/5636 1894/766/5637
f 1952/2870/5638 1953/2866/5639 1920/2862/5640 1900/2868/5641
f 1909/2874/5642 1952/2870/5643 1900/2868/5644 1914/2871/5645
f 1953/2866/5646 1954/2867/5647 1922/2863/5648 1920/2862/5649
f 1954/2175/5650 1931/2176/5651 1918/2173/5652 1922/2172/5653
f 1931/2176/5654 1950/2178/5655 1894/2177/5656 1918/2173/5657
f 1955/756/5658 1892/755/5659 1917/759/5660 1915/760/5661
f 1892/2196/5662 1910/2193/5663 1901/2190/5664 1917/2195/5665
f 1910/2193/5666 1909/2194/5667 1914/2191/5668 1901/2190/5669
f 2005/2895/5670 2000/2896/5671 1966/2897/5672 2003/2898/5673
f 2003/2197/5674 1966/2198/5675 1968/2199/5676 2004/2200/5677
f 2004/2200/5678 1968/2199/5679 1981/2201/5680 1998/2202/5681
f 1999/2921/5682 1961/2922/5683 1969/2923/5684 1962/2924/5685
f 2014/2215/5686 1972/2216/5687 1979/2217/5688 2002/2218/5689
f 1962/2219/5690 1969/2220/5691 1972/2216/5692 2014/2215/5693
f 1984/789/5694 1991/781/5695 1971/784/5696 2007/790/5697
f 1991/781/5698 1987/782/5699 1970/783/5700 1971/784/5701
f 1989/798/5702 1980/803/5703 1979/804/5704 1972/799/5705
f 1961/797/5706 1989/798/5707 1972/799/5708 1969/800/5709
f 2013/2227/5710 2017/2224/5711 1977/2225/5712 1973/2228/5713
f 1965/2229/5714 1959/2226/5715 2017/2224/5716 2013/2227/5717
f 2011/2936/5718 1994/2932/5719 1959/2933/5720 1965/2937/5721
f 1964/2209/5722 1957/2206/5723 1978/2207/5724 2015/2210/5725
f 2015/2210/5726 1978/2207/5727 1958/2208/5728 2006/2211/5729
f 2012/2910/5730 2009/2906/5731 1957/2907/5732 1964/2911/5733
f 1973/2916/5734 1977/2912/5735 1983/2909/5736 2008/2913/5737
f 2008/2913/5738 1983/2909/5739 2009/2906/5740 2012/2910/5741
f 2006/2940/5742 1958/2938/5743 1982/2935/5744 2010/2939/5745
f 2010/2939/5746 1982/2935/5747 1994/2932/5748 2011/2936/5749
f 1968/806/5750 1966/808/5751 2000/807/5752 1988/802/5753
f 1981/805/5754 1968/806/5755 1988/802/5756 1960/801/5757
f 1960/801/5758 1988/802/5759 1989/798/5760 1961/797/5761
f 1988/802/5762 2000/807/5763 1980/803/5764 1989/798/5765
f 1967/795/5766 2019/791/5767 1990/785/5768 1985/796/5769
f 2019/791/5770 1956/792/5771 1986/786/5772 1990/785/5773
f 1985/2914/5774 1990/2919/5775 1991/2920/5776 1984/2917/5777
f 1990/785/5778 1986/786/5779 1987/782/5780 1991/781/5781
f 1998/2929/5782 1981/2930/5783 1960/2926/5784 1963/2925/5785
f 1963/2925/5786 1960/2926/5787 1961/2922/5788 1999/2921/5789
f 2002/2903/5790 1979/2904/5791 1980/2900/5792 2001/2899/5793
f 2001/2899/5794 1980/2900/5795 2000/2896/5796 2005/2895/5797
f 1995/2905/5798 2001/2899/5799 2005/2895/5800 1996/2901/5801
f 1983/2909/5802 1995/2905/5803 1996/2901/5804 2009/2906/5805
f 1977/2912/5806 1997/2908/5807 1995/2905/5808 1983/2909/5809
f 1997/2908/5810 2002/2903/5811 2001/2899/5812 1995/2905/5813
f 1982/2935/5814 1992/2931/5815 1993/2927/5816 1994/2932/5817
f 1992/2931/5818 1963/2925/5819 1999/2921/5820 1993/2927/5821
f 1958/2938/5822 1975/2934/5823 1992/2931/5824 1982/2935/5825
f 1975/2934/5826 1998/2929/5827 1963/2925/5828 1992/2931/5829
f 2017/2224/5830 2016/2221/5831 1997/2222/5832 1977/2225/5833
f 1959/2226/5834 1976/2223/5835 2016/2221/5836 2017/2224/5837
f 1976/2223/5838 1962/2219/5839 2014/2215/5840 2016/2221/5841
f 2016/2221/5842 2014/2215/5843 2002/2218/5844 1997/2222/5845
f 1994/2932/5846 1993/2927/5847 1976/2928/5848 1959/2933/5849
f 1993/2927/5850 1999/2921/5851 1962/2924/5852 1976/2928/5853
f 1957/2206/5854 1974/2203/5855 2018/2204/5856 1978/2207/5857
f 1974/2203/5858 2003/2197/5859 2004/2200/5860 2018/2204/5861
f 2018/2204/5862 2004/2200/5863 1998/2202/5864 1975/2205/5865
f 1978/2207/5866 2018/2204/5867 1975/2205/5868 1958/2208/5869
f 2009/2906/5870 1996/2901/5871 1974/2902/5872 1957/2907/5873
f 1996/2901/5874 2005/2895/5875 2003/2898/5876 1974/2902/5877
f 1986/786/5878 2010/793/5879 2011/787/5880 1987/782/5881
f 1956/792/5882 2006/794/5883 2010/793/5884 1986/786/5885
f 1984/2917/5886 2008/2913/5887 2012/2910/5888 1985/2914/5889
f 2007/2918/5890 1973/2916/5891 2008/2913/5892 1984/2917/5893
f 1985/2914/5894 2012/2910/5895 1964/2911/5896 1967/2915/5897
f 1967/2212/5898 1964/2209/5899 2015/2210/5900 2019/2213/5901
f 2019/2213/5902 2015/2210/5903 2006/2211/5904 1956/2214/5905
f 1987/782/5906 2011/787/5907 1965/788/5908 1970/783/5909
f 1970/2232/5910 1965/2229/5911 2013/2227/5912 1971/2230/5913
f 1971/2230/5914 2013/2227/5915 1973/2228/5916 2007/2231/5917
f 2033/2233/5918 2034/2234/5919 2023/2235/5920 2021/2236/5921
f 2038/809/5922 2039/810/5923 2035/811/5924 2032/812/5925
f 2039/2941/5926 2029/2942/5927 2024/2943/5928 2035/2944/5929
f 2022/819/5930 2025/820/5931 2030/821/5932 2027/822/5933
f 2028/2241/5934 2029/2242/5935 2040/2243/5936 2037/2244/5937
f 2020/828/5938 2021/823/5939 2022/819/5940
f 2023/824/5941 2024/825/5942 2025/820/5943
f 2026/827/5944 2027/822/5945 2028/829/5946
f 2031/817/5947 2032/812/5948 2033/816/5949
f 2036/818/5950 2037/813/5951 2038/809/5952
f 2026/827/5953 2020/828/5954 2022/819/5955 2027/822/5956
f 2021/823/5957 2023/824/5958 2025/820/5959 2022/819/5960
f 2024/825/5961 2029/826/5962 2030/821/5963 2025/820/5964
f 2029/2242/5965 2028/2241/5966 2027/2245/5967 2030/2246/5968
f 2036/2248/5969 2026/2249/5970 2028/2241/5971 2037/2244/5972
f 2029/2242/5973 2039/2247/5974 2040/2243/5975
f 2039/810/5976 2038/809/5977 2037/813/5978 2040/814/5979
f 2031/817/5980 2036/818/5981 2038/809/5982 2032/812/5983
f 2034/815/5984 2033/816/5985 2032/812/5986 2035/811/5987
f 2020/2239/5988 2031/2240/5989 2033/2233/5990 2021/2236/5991
f 2035/2237/5992 2024/2238/5993 2023/2235/5994 2034/2234/5995
f 2026/2945/5996 2036/2946/5997 2031/2947/5998 2020/2948/5999
