# Blender v3.4.0 OBJ File: 'Airport7_FINALb.blend'
# www.blender.org
mtllib Airport_Cafe.mtl
o 13.Collider_Cube.071
v 2.386282 0.000000 3.790967
v 1.716639 0.000000 4.460611
v 2.298023 0.000000 4.157476
v 2.083146 0.000000 4.372353
v -1.716638 0.000000 4.460611
v -2.386281 0.000000 3.790967
v -2.083146 0.000000 4.372353
v -2.298023 0.000000 4.157475
v 1.716638 0.000000 -4.460611
v 2.386281 0.000000 -3.790967
v 2.083146 0.000000 -4.372353
v 2.298023 0.000000 -4.157475
v -2.386282 0.000000 -3.790967
v -1.716639 0.000000 -4.460611
v -2.298023 0.000000 -4.157476
v -2.083146 0.000000 -4.372353
v 3.135190 0.000000 3.599694
v 2.929943 0.000000 4.396281
v 2.369195 0.000000 4.979424
v 1.603200 0.000000 5.192869
v -3.135190 0.000000 3.599694
v -2.929942 0.000000 4.396281
v -2.369195 0.000000 4.979424
v -1.603199 0.000000 5.192869
v -1.603200 0.000000 -5.192869
v -2.369195 0.000000 -4.979424
v -2.929943 0.000000 -4.396281
v -3.135190 0.000000 -3.599694
v 3.135190 0.000000 -3.599694
v 2.929942 0.000000 -4.396281
v 2.369195 0.000000 -4.979424
v 1.603199 0.000000 -5.192869
v 3.258543 1.140267 3.674237
v 3.258543 1.399031 3.674237
v 3.045220 1.399031 4.487321
v 2.462410 1.399031 5.082540
v 1.666277 1.399031 5.300404
v -3.258543 1.399031 3.674238
v -3.045220 1.399031 4.487321
v -3.045219 1.140267 4.487321
v -2.462410 1.399031 5.082540
v -2.462410 1.140267 5.082540
v -1.666277 1.399031 5.300404
v -1.666277 1.140267 5.300404
v -1.666277 1.399031 -5.300404
v -2.462410 1.399031 -5.082540
v -2.462410 1.140267 -5.082540
v -3.045220 1.399031 -4.487321
v -3.045220 1.140267 -4.487321
v -3.258543 1.399031 -3.674237
v -3.258543 1.140267 -3.674237
v 3.258543 1.399031 -3.674238
v 3.045220 1.399031 -4.487321
v 3.045219 1.140267 -4.487321
v 2.462410 1.399031 -5.082540
v 2.462410 1.140267 -5.082540
v 1.666277 1.399031 -5.300404
v 1.666277 1.140267 -5.300404
v 3.045220 1.140267 4.487321
v 2.462410 1.140267 5.082540
v 1.666277 1.140267 5.300404
v -3.258543 1.140267 3.674238
v -1.666277 1.140267 -5.300404
v 3.258543 1.140267 -3.674238
v 2.240007 1.399031 3.643825
v 2.157158 1.399031 3.996108
v 1.955453 1.399031 4.202645
v 1.611411 1.399031 4.287477
v -2.240006 1.399031 3.643826
v -2.157158 1.399031 3.996108
v -1.955452 1.399031 4.202645
v -1.611412 1.399031 4.287477
v -1.611411 1.399031 -4.287477
v -1.955453 1.399031 -4.202645
v -2.157158 1.399031 -3.996108
v -2.240007 1.399031 -3.643825
v 2.240006 1.399031 -3.643826
v 2.157158 1.399031 -3.996108
v 1.955452 1.399031 -4.202645
v 1.611412 1.399031 -4.287477
v 2.240007 1.140267 3.643825
v 2.240006 1.140267 -3.643825
v 2.157158 1.140267 -3.996108
v 1.955452 1.140267 -4.202645
v 1.611411 1.140267 -4.287477
v -1.611412 1.140267 -4.287477
v -1.955453 1.140267 -4.202645
v -2.157158 1.140267 -3.996108
v -2.240007 1.140267 -3.643825
v -2.240006 1.140267 3.643825
v -2.157158 1.140267 3.996108
v -1.955452 1.140267 4.202645
v -1.611411 1.140267 4.287477
v 1.611412 1.140267 4.287477
v 1.955453 1.140267 4.202645
v 2.157158 1.140267 3.996108
v -3.135190 0.000000 -3.373164
v -3.135190 0.000000 -2.006271
v -2.386282 0.000000 -3.373164
v -2.386281 0.000000 -2.006271
v -3.258543 1.140267 -1.981066
v -3.258543 1.140267 -3.398369
v -2.240007 1.140267 -1.981066
v -2.240007 1.140267 -3.398370
v -3.258543 1.399031 -3.398369
v -3.258543 1.399031 -1.981066
v -2.240007 1.399031 -3.398369
v -2.240007 1.399031 -1.981066
v -3.244055 1.151420 -3.413460
v -3.244055 1.151420 -1.965976
v -2.254825 1.151420 -1.965976
v 1.129615 0.000000 2.334842
v 0.979831 0.000000 2.559011
v 1.274221 1.411046 2.111599
v 1.217530 1.411046 2.381283
v 1.056088 1.411046 2.638330
v 0.814473 1.411046 2.791093
v 0.529469 1.411046 2.844737
v 0.755662 0.000000 2.708795
v 0.491238 0.000000 2.761393
v 1.182213 0.000000 2.070418
v 1.129615 0.000000 -2.334842
v 0.979831 0.000000 -2.559011
v 1.274220 1.411046 -2.111599
v 1.217530 1.411046 -2.381283
v 1.056088 1.411046 -2.638330
v 0.814473 1.411046 -2.791093
v 0.529469 1.411046 -2.844737
v 0.755662 0.000000 -2.708795
v 0.491238 0.000000 -2.761393
v 1.182213 0.000000 -2.070418
v -1.129615 0.000000 2.334842
v -0.979831 0.000000 2.559011
v -1.274220 1.411046 2.111599
v -1.217530 1.411046 2.381283
v -1.056088 1.411046 2.638330
v -0.814473 1.411046 2.791093
v -0.529469 1.411046 2.844737
v -0.755662 0.000000 2.708795
v -0.491238 0.000000 2.761393
v -1.182213 0.000000 2.070418
v -1.129615 0.000000 -2.334842
v -0.979831 0.000000 -2.559011
v -1.274221 1.411046 -2.111599
v -1.217530 1.411046 -2.381283
v -1.056088 1.411046 -2.638330
v -0.814473 1.411046 -2.791093
v -0.529469 1.411046 -2.844737
v -0.755662 0.000000 -2.708795
v -0.491238 0.000000 -2.761393
v -1.182213 0.000000 -2.070418
v -1.070612 1.388336 0.000000
v -1.070612 3.109921 0.000000
v 1.070612 1.388336 -0.000000
v 1.070612 3.109921 -0.000000
v 1.070612 1.388336 2.319898
v 0.999111 1.388336 2.424682
v 0.999111 3.109921 2.424682
v 1.070612 3.109921 2.319898
v -0.999111 1.388336 2.424682
v -1.070612 1.388336 2.319898
v -1.070612 3.109921 2.319898
v -0.999111 3.109921 2.424682
v 1.070612 1.388336 -2.319898
v 0.999111 1.388336 -2.424682
v 0.999111 3.109921 -2.424682
v 1.070612 3.109921 -2.319898
v -0.999111 1.388336 -2.424682
v -1.070612 1.388336 -2.319898
v -1.070612 3.109921 -2.319898
v -0.999111 3.109921 -2.424682
v 2.252178 1.779939 -3.269099
v 2.252178 1.398011 -3.269099
v 3.264139 1.398011 -3.269099
v 2.875745 1.779939 -3.269099
v 3.104038 1.707192 -3.269099
v 3.211652 1.581176 -3.269099
v 2.252178 1.779939 -1.141329
v 2.252178 1.398011 -1.141329
v 3.264140 1.398011 -1.141329
v 2.875746 1.779939 -1.141329
v 3.104038 1.707192 -1.141329
v 3.211652 1.581176 -1.141329
v 3.132464 0.677822 -3.269099
v 3.132465 -0.000000 -1.141329
v 3.132464 -0.000000 -3.269099
v 3.132465 0.677822 -1.141329
v 3.648482 -0.000000 -3.269099
v 3.648483 -0.000000 -1.141330
v 3.267574 1.397884 -3.269099
v 3.267576 1.397884 -1.141329
v 3.385281 1.378875 -3.269099
v 3.648483 1.009490 -1.141330
v 3.648482 1.009490 -3.269099
v 3.575736 1.237783 -1.141330
v 3.575735 1.237783 -3.269099
v 3.385283 1.378875 -1.141329
v -0.372243 -0.000006 6.309087
v 0.372243 -0.000006 6.309087
v -0.372243 -0.000006 5.564601
v 0.372243 -0.000006 5.564601
v -0.272878 1.097418 6.209720
v 0.272873 1.097418 6.209720
v -0.272878 1.097418 5.663969
v 0.272873 1.097418 5.663969
v -0.272878 1.097418 6.168007
v 0.272873 1.097418 6.168007
v -0.334428 1.678418 6.252809
v -0.334428 1.678418 6.294521
v 0.334426 1.678418 6.294521
v 0.334426 1.678418 6.252809
v 1.182213 3.560043 2.334842
v 1.040801 3.560043 2.580086
v 0.755661 3.560043 2.761393
v 1.182213 3.072293 2.334842
v 1.040801 3.072293 2.580086
v 0.755661 3.072293 2.761393
v 1.182213 3.072293 -0.000000
v 1.182213 3.560043 -0.000000
v 0.000000 3.072293 2.761393
v 0.000000 3.560043 2.761393
v 0.000000 3.560043 0.000000
v 0.000000 3.072293 0.000000
v 1.182213 3.560043 -2.334842
v 1.040801 3.560043 -2.580086
v 0.755661 3.560043 -2.761393
v 1.182213 3.072293 -2.334842
v 1.040801 3.072293 -2.580086
v 0.755661 3.072293 -2.761393
v -0.000000 3.072293 -2.761393
v -0.000000 3.560043 -2.761393
v -1.182213 3.560043 2.334842
v -1.040801 3.560043 2.580086
v -0.755661 3.560043 2.761393
v -1.182213 3.072293 2.334842
v -1.040801 3.072293 2.580086
v -0.755661 3.072293 2.761393
v -1.182213 3.072293 0.000000
v -1.182213 3.560043 0.000000
v -1.182213 3.560043 -2.334842
v -1.040801 3.560043 -2.580086
v -0.755661 3.560043 -2.761393
v -1.182213 3.072293 -2.334842
v -1.040801 3.072293 -2.580086
v -0.755661 3.072293 -2.761393
v -2.243362 1.779939 2.061822
v -2.243362 1.398011 2.061822
v -3.255324 1.398011 2.061822
v -2.866930 1.779939 2.061822
v -3.095222 1.707192 2.061822
v -3.206889 1.573375 2.061822
v -2.243361 1.779939 -0.065947
v -2.243361 1.398011 -0.065947
v -3.255323 1.398011 -0.065947
v -2.866929 1.779939 -0.065947
v -3.095221 1.707192 -0.065947
v -3.206888 1.573375 -0.065947
vt 0.532465 0.845105
vt 0.532465 0.845105
vt 0.532465 0.845105
vt 0.532465 0.845105
vt 0.782876 0.845486
vt 0.782876 0.845486
vt 0.782876 0.845486
vt 0.782876 0.845486
vt 0.532465 0.845105
vt 0.532465 0.845105
vt 0.782876 0.845486
vt 0.782876 0.845486
vt 0.532465 0.845105
vt 0.532465 0.845105
vt 0.782876 0.845486
vt 0.782876 0.845486
vt 0.782876 0.845486
vt 0.782876 0.845486
vt 0.782876 0.845486
vt 0.782876 0.845486
vt 0.532465 0.845105
vt 0.532465 0.845105
vt 0.532465 0.845105
vt 0.532465 0.845105
vt 0.782876 0.845486
vt 0.782876 0.845486
vt 0.532465 0.845105
vt 0.532465 0.845105
vt 0.782876 0.845486
vt 0.782876 0.845486
vt 0.532465 0.845105
vt 0.532465 0.845105
vt 0.782876 0.845486
vt 0.782876 0.845486
vt 0.782876 0.845486
vt 0.782876 0.845486
vt 0.532465 0.845105
vt 0.532465 0.845105
vt 0.532465 0.845105
vt 0.532465 0.845105
vt 0.782876 0.845486
vt 0.782876 0.845486
vt 0.532465 0.845105
vt 0.532465 0.845105
vt 0.782876 0.845486
vt 0.782876 0.845486
vt 0.532465 0.845105
vt 0.532465 0.845105
vt 0.782876 0.845486
vt 0.782876 0.845486
vt 0.782876 0.845486
vt 0.782876 0.845486
vt 0.532465 0.845105
vt 0.532465 0.845105
vt 0.532465 0.845105
vt 0.532465 0.845105
vt 0.782876 0.845486
vt 0.782876 0.845486
vt 0.532465 0.845105
vt 0.532465 0.845105
vt 0.782876 0.845486
vt 0.782876 0.845486
vt 0.532465 0.845105
vt 0.532465 0.845105
vt 0.532465 0.845105
vt 0.532465 0.845105
vt 0.782876 0.845486
vt 0.782876 0.845486
vt 0.719565 0.845399
vt 0.719565 0.845399
vt 0.719565 0.845399
vt 0.719565 0.845399
vt 0.719565 0.845399
vt 0.719565 0.845399
vt 0.719564 0.845399
vt 0.719565 0.845399
vt 0.719564 0.845399
vt 0.719565 0.845399
vt 0.719565 0.845399
vt 0.719565 0.845399
vt 0.719565 0.845399
vt 0.719565 0.845399
vt 0.719565 0.845399
vt 0.719565 0.845399
vt 0.719565 0.845399
vt 0.719565 0.845399
vt 0.719565 0.845399
vt 0.719565 0.845399
vt 0.471563 0.845938
vt 0.471563 0.845938
vt 0.471563 0.845938
vt 0.471563 0.845938
vt 0.471563 0.845938
vt 0.471563 0.845938
vt 0.471563 0.845938
vt 0.471563 0.845938
vt 0.471563 0.845937
vt 0.471563 0.845937
vt 0.471563 0.845937
vt 0.471563 0.845937
vt 0.471563 0.845937
vt 0.471563 0.845937
vt 0.471563 0.845937
vt 0.471563 0.845937
vt 0.471563 0.845938
vt 0.471563 0.845938
vt 0.471563 0.845937
vt 0.471563 0.845937
vt 0.471563 0.845938
vt 0.471563 0.845938
vt 0.471563 0.845938
vt 0.471563 0.845938
vt 0.471563 0.845937
vt 0.471563 0.845937
vt 0.471563 0.845938
vt 0.471563 0.845938
vt 0.471563 0.845937
vt 0.471563 0.845937
vt 0.471563 0.845937
vt 0.471563 0.845937
vt 0.471563 0.845937
vt 0.471563 0.845937
vt 0.471563 0.845938
vt 0.471563 0.845938
vt 0.471563 0.845938
vt 0.471563 0.845938
vt 0.471563 0.845938
vt 0.471563 0.845938
vt 0.471563 0.845938
vt 0.471563 0.845938
vt 0.471563 0.845938
vt 0.471563 0.845938
vt 0.471563 0.845938
vt 0.471563 0.845938
vt 0.471563 0.845938
vt 0.471563 0.845938
vt 0.471563 0.845938
vt 0.471563 0.845938
vt 0.471563 0.845938
vt 0.471563 0.845938
vt 0.471563 0.845938
vt 0.471563 0.845937
vt 0.471563 0.845938
vt 0.471563 0.845938
vt 0.471563 0.845938
vt 0.471563 0.845938
vt 0.471563 0.845938
vt 0.471563 0.845938
vt 0.471563 0.845938
vt 0.471563 0.845938
vt 0.471563 0.845938
vt 0.471563 0.845938
vt 0.471563 0.845938
vt 0.471562 0.845938
vt 0.471563 0.845938
vt 0.471563 0.845938
vt 0.344846 0.844106
vt 0.344846 0.844106
vt 0.344841 0.844106
vt 0.344841 0.844106
vt 0.344846 0.844106
vt 0.344841 0.844106
vt 0.344846 0.844106
vt 0.344841 0.844106
vt 0.344846 0.844103
vt 0.344841 0.844103
vt 0.344846 0.844103
vt 0.344841 0.844103
vt 0.344846 0.844103
vt 0.344841 0.844103
vt 0.344846 0.844103
vt 0.344841 0.844103
vt 0.344846 0.844103
vt 0.344843 0.844103
vt 0.344846 0.844103
vt 0.344846 0.844103
vt 0.344844 0.844103
vt 0.344844 0.844103
vt 0.344846 0.844103
vt 0.344844 0.844103
vt 0.344846 0.844103
vt 0.344844 0.844103
vt 0.344846 0.844106
vt 0.344844 0.844106
vt 0.344846 0.844106
vt 0.344844 0.844106
vt 0.344846 0.844106
vt 0.344844 0.844106
vt 0.344846 0.844106
vt 0.344844 0.844106
vt 0.344846 0.844103
vt 0.344844 0.844103
vt 0.471563 0.845938
vt 0.471562 0.845938
vt 0.532465 0.845105
vt 0.532465 0.845105
vt 0.782876 0.845486
vt 0.782876 0.845486
vt 0.719565 0.845399
vt 0.719565 0.845399
vt 0.719565 0.845399
vt 0.719564 0.845399
vt 0.471563 0.845937
vt 0.471562 0.845937
vt 0.344846 0.844103
vt 0.344844 0.844102
vt 0.344847 0.844100
vt 0.344843 0.844101
vt 0.408724 0.846252
vt 0.408724 0.846252
vt 0.408724 0.846252
vt 0.408724 0.846252
vt 0.471563 0.845937
vt 0.471563 0.845937
vt 0.471563 0.845938
vt 0.719565 0.845399
vt 0.719565 0.845399
vt 0.719565 0.845399
vt 0.719565 0.845399
vt 0.719565 0.845399
vt 0.719565 0.845399
vt 0.719565 0.845399
vt 0.719565 0.845399
vt 0.719565 0.845399
vt 0.719565 0.845399
vt 0.719565 0.845399
vt 0.719565 0.845399
vt 0.471563 0.845938
vt 0.471563 0.845938
vt 0.471563 0.845938
vt 0.471563 0.845938
vt 0.471563 0.845938
vt 0.471563 0.845937
vt 0.471563 0.845937
vt 0.594216 0.845671
vt 0.471563 0.845937
vt 0.512109 0.845383
vt 0.782876 0.845486
vt 0.782876 0.845486
vt 0.782876 0.845486
vt 0.782876 0.845486
vt 0.532465 0.845105
vt 0.532465 0.845105
vt 0.532465 0.845105
vt 0.532465 0.845105
vt 0.532465 0.845105
vt 0.532465 0.845105
vt 0.532465 0.845105
vt 0.532465 0.845105
vt 0.532465 0.845105
vt 0.532465 0.845105
vt 0.532465 0.845105
vt 0.532465 0.845105
vt 0.471563 0.845938
vt 0.471563 0.845938
vt 0.471563 0.845938
vt 0.471563 0.845938
vt 0.471562 0.845938
vt 0.471563 0.845938
vt 0.594216 0.845671
vt 0.471563 0.845937
vt 0.512109 0.845383
vt 0.471563 0.845937
vt 0.512109 0.845383
vt 0.471563 0.845937
vt 0.512109 0.845383
vt 0.471563 0.845937
vt 0.532465 0.845105
vt 0.532465 0.845105
vt 0.532465 0.845105
vt 0.532465 0.845105
vt 0.532465 0.845105
vt 0.532465 0.845105
vt 0.471563 0.845938
vt 0.471563 0.845938
vt 0.471563 0.845938
vt 0.471563 0.845938
vt 0.471562 0.845938
vt 0.471563 0.845938
vt 0.594216 0.845671
vt 0.471563 0.845937
vt 0.782876 0.845486
vt 0.782876 0.845486
vt 0.782876 0.845486
vt 0.782876 0.845486
vt 0.782876 0.845486
vt 0.782876 0.845486
vt 0.782876 0.845486
vt 0.782876 0.845486
vt 0.594261 0.845672
vt 0.471563 0.845938
vt 0.471563 0.845938
vt 0.471563 0.845938
vt 0.471563 0.845938
vt 0.471563 0.845937
vt 0.471563 0.845937
vt 0.594216 0.845671
vt 0.782876 0.845486
vt 0.782876 0.845486
vt 0.782876 0.845486
vt 0.782876 0.845486
vt 0.782876 0.845486
vt 0.782876 0.845486
vt 0.782876 0.845486
vt 0.782876 0.845486
vt 0.532465 0.845105
vt 0.532465 0.845105
vt 0.532740 0.844588
vt 0.532740 0.844588
vt 0.532740 0.844588
vt 0.532740 0.844588
vt 0.532740 0.844588
vt 0.532740 0.844588
vt 0.344844 0.844097
vt 0.344849 0.844097
vt 0.344849 0.844099
vt 0.344844 0.844099
vt 0.532740 0.844588
vt 0.532740 0.844588
vt 0.532740 0.844588
vt 0.532740 0.844588
vt 0.532740 0.844588
vt 0.532740 0.844588
vt 0.344844 0.844109
vt 0.344849 0.844109
vt 0.344849 0.844112
vt 0.344844 0.844112
vt 0.344844 0.844093
vt 0.344849 0.844093
vt 0.344849 0.844096
vt 0.344844 0.844096
vt 0.532740 0.844588
vt 0.532740 0.844588
vt 0.532740 0.844588
vt 0.532740 0.844588
vt 0.344844 0.844097
vt 0.344849 0.844097
vt 0.532740 0.844588
vt 0.532740 0.844588
vt 0.532740 0.844588
vt 0.532740 0.844588
vt 0.344844 0.844112
vt 0.344849 0.844112
vt 0.344844 0.844093
vt 0.344844 0.844096
vt 0.344849 0.844096
vt 0.344849 0.844093
vt 0.908206 0.847599
vt 0.908206 0.847599
vt 0.908206 0.847599
vt 0.908206 0.847599
vt 0.908206 0.847599
vt 0.908206 0.847599
vt 0.908206 0.847599
vt 0.908206 0.847599
vt 0.908206 0.847599
vt 0.908206 0.847599
vt 0.908206 0.847599
vt 0.908206 0.847599
vt 0.909381 0.843479
vt 0.909381 0.843479
vt 0.909381 0.843479
vt 0.532465 0.845105
vt 0.532465 0.845105
vt 0.532465 0.845105
vt 0.532465 0.845105
vt 0.909381 0.843479
vt 0.909381 0.843479
vt 0.909381 0.843479
vt 0.909381 0.843479
vt 0.909381 0.843479
vt 0.283414 0.033517
vt 0.283417 0.033517
vt 0.283417 0.033519
vt 0.283414 0.033519
vt 0.283415 0.033520
vt 0.283414 0.033519
vt 0.283412 0.033522
vt 0.283412 0.033519
vt 0.283412 0.033522
vt 0.283411 0.033520
vt 0.909381 0.843479
vt 0.909381 0.843479
vt 0.909381 0.843479
vt 0.783742 0.844021
vt 0.283411 0.033518
vt 0.000000 0.500000
vt 1.000000 0.500000
vt 1.000000 1.000000
vt 0.000000 1.000000
vt 1.000000 1.000000
vt 0.000000 1.000000
vt 0.000000 0.000000
vt 1.000000 0.000000
vt 1.000000 0.000000
vt 0.000000 0.000000
vt 0.000000 0.000000
vt 0.000000 0.500000
vt 1.000000 0.000000
vt 1.000000 0.500000
vt 0.719565 0.845400
vt 0.719565 0.845399
vt 0.719565 0.845399
vt 0.719565 0.845399
vt 0.719565 0.845399
vt 0.719565 0.845399
vt 0.844798 0.844716
vt 0.844798 0.844716
vt 0.844798 0.844716
vt 0.844798 0.844716
vt 0.844798 0.844716
vt 0.844798 0.844716
vt 0.844798 0.844716
vt 0.844798 0.844716
vt 0.784798 0.844716
vt 0.784798 0.844716
vt 0.784798 0.844716
vt 0.784798 0.844716
vt 0.784798 0.844716
vt 0.784798 0.844716
vt 0.344839 0.844104
vt 0.344840 0.844106
vt 0.344839 0.844105
vt 0.344842 0.844107
vt 0.344840 0.844107
vt 0.344840 0.844106
vt 0.719565 0.845400
vt 0.719565 0.845399
vt 0.719565 0.845399
vt 0.719565 0.845399
vt 0.719565 0.845399
vt 0.719565 0.845399
vt 0.844798 0.844716
vt 0.844798 0.844716
vt 0.844798 0.844716
vt 0.844798 0.844716
vt 0.844798 0.844716
vt 0.844798 0.844716
vt 0.784798 0.844716
vt 0.784798 0.844716
vt 0.784798 0.844716
vt 0.784798 0.844716
vt 0.344839 0.844104
vt 0.344839 0.844105
vt 0.344840 0.844107
vt 0.344840 0.844106
vt 0.719565 0.845400
vt 0.719565 0.845399
vt 0.719565 0.845399
vt 0.719565 0.845399
vt 0.719565 0.845399
vt 0.719565 0.845399
vt 0.844798 0.844716
vt 0.844798 0.844716
vt 0.844798 0.844716
vt 0.844798 0.844716
vt 0.844798 0.844716
vt 0.844798 0.844716
vt 0.784798 0.844716
vt 0.784798 0.844716
vt 0.784798 0.844716
vt 0.784798 0.844716
vt 0.344839 0.844105
vt 0.344842 0.844107
vt 0.344840 0.844107
vt 0.344840 0.844106
vt 0.719565 0.845400
vt 0.719565 0.845399
vt 0.719565 0.845399
vt 0.719565 0.845399
vt 0.719565 0.845399
vt 0.719565 0.845399
vt 0.844798 0.844716
vt 0.844798 0.844716
vt 0.844798 0.844716
vt 0.844798 0.844716
vt 0.784798 0.844716
vt 0.784798 0.844716
vt 0.784798 0.844716
vt 0.344839 0.844105
vt 0.344840 0.844107
vt 0.344840 0.844106
vt 0.909301 0.846306
vt 0.909299 0.846306
vt 0.909299 0.846306
vt 0.909301 0.846306
vt 0.909302 0.846306
vt 0.909302 0.846306
vt 0.909302 0.846305
vt 0.909302 0.846305
vt 0.909299 0.846303
vt 0.909299 0.846303
vt 0.909302 0.846303
vt 0.909302 0.846303
vn 0.0000 -1.0000 0.0000
vn 0.0000 1.0000 0.0000
vn 0.2646 -0.1067 0.9584
vn 0.7121 -0.1239 0.6911
vn 0.9610 -0.1187 0.2499
vn -0.9942 -0.1076 0.0000
vn 0.0000 -0.0939 0.9956
vn 0.0000 -0.0939 -0.9956
vn 0.9942 -0.1076 -0.0000
vn 1.0000 0.0000 -0.0000
vn 0.0000 0.0000 -1.0000
vn 0.0000 0.0000 1.0000
vn -1.0000 0.0000 0.0000
vn 0.9673 0.0000 0.2538
vn 0.7145 0.0000 0.6996
vn 0.2639 0.0000 0.9645
vn 0.2639 0.0000 -0.9645
vn 0.7145 0.0000 -0.6996
vn 0.9673 0.0000 -0.2538
vn -0.9673 0.0000 -0.2538
vn -0.7145 0.0000 -0.6996
vn -0.2639 0.0000 -0.9645
vn -0.2639 0.0000 0.9645
vn -0.7145 0.0000 0.6996
vn -0.9673 0.0000 0.2538
vn -0.9734 -0.0000 -0.2289
vn -0.7154 -0.0000 -0.6987
vn -0.2394 -0.0000 -0.9709
vn 0.2394 0.0000 -0.9709
vn 0.7154 0.0000 -0.6987
vn 0.9734 0.0000 -0.2289
vn 0.9734 0.0000 0.2289
vn 0.7154 -0.0000 0.6987
vn 0.2394 -0.0000 0.9709
vn -0.2394 0.0000 0.9709
vn -0.7154 0.0000 0.6987
vn -0.9734 0.0000 0.2289
vn -0.9615 -0.1520 -0.2289
vn -0.6992 -0.1827 -0.6912
vn -0.2333 -0.1678 -0.9578
vn 0.0000 -0.1501 -0.9887
vn 0.2333 -0.1678 -0.9578
vn 0.6992 -0.1827 -0.6912
vn 0.9615 -0.1520 -0.2289
vn 0.9919 -0.1272 -0.0000
vn 0.9615 -0.1520 0.2289
vn 0.6992 -0.1827 0.6912
vn 0.2333 -0.1678 0.9578
vn 0.0000 -0.1501 0.9887
vn -0.2333 -0.1678 0.9578
vn -0.6992 -0.1827 0.6912
vn -0.9615 -0.1520 0.2289
vn -0.9919 -0.1272 0.0000
vn 0.0000 0.0221 0.9998
vn -0.0000 0.0221 -0.9998
vn -0.7213 0.0000 0.6926
vn -0.7213 0.0000 -0.6926
vn 0.7135 0.0000 0.7006
vn 0.2646 -0.1067 -0.9584
vn 0.7121 -0.1239 -0.6911
vn 0.9610 -0.1187 -0.2499
vn -0.9610 -0.1187 -0.2499
vn -0.7121 -0.1239 -0.6911
vn -0.2646 -0.1067 -0.9584
vn -0.2646 -0.1067 0.9584
vn -0.7121 -0.1239 0.6911
vn -0.9610 -0.1187 0.2499
vn 0.9774 -0.0685 0.2000
vn 0.8375 -0.0729 0.5416
vn 0.5432 -0.0739 0.8363
vn 0.1895 -0.0640 0.9798
vn 0.9774 -0.0685 -0.2000
vn 0.8375 -0.0729 -0.5416
vn 0.5432 -0.0739 -0.8363
vn 0.1895 -0.0640 -0.9798
vn 0.9979 -0.0651 -0.0000
vn 0.0000 -0.0590 -0.9983
vn 0.0000 -0.0590 0.9983
vn -0.9774 -0.0685 0.2000
vn -0.8375 -0.0729 0.5416
vn -0.5432 -0.0739 0.8363
vn -0.1895 -0.0640 0.9798
vn -0.9774 -0.0685 -0.2000
vn -0.8375 -0.0729 -0.5416
vn -0.5432 -0.0739 -0.8363
vn -0.1895 -0.0640 -0.9798
vn -0.9979 -0.0651 0.0000
vn 0.8260 0.0000 0.5636
vn -0.8260 0.0000 0.5636
vn 0.8260 0.0000 -0.5636
vn -0.8260 0.0000 -0.5636
vn 0.9613 0.2755 -0.0000
vn 0.3036 0.9528 0.0000
vn -0.9828 0.1844 0.0000
vn 0.9528 0.3036 -0.0000
vn 0.5953 0.8035 -0.0000
vn 0.1594 0.9872 -0.0000
vn 0.7604 0.6494 -0.0000
vn 0.0000 0.0902 -0.9959
vn 0.0000 0.0902 0.9959
vn 0.9959 0.0902 -0.0000
vn -0.9959 0.0902 -0.0000
vn -0.9944 -0.1053 0.0000
vn 0.9944 -0.1054 0.0000
vn 0.0000 0.1444 -0.9895
vn 0.0000 -0.1444 0.9895
vn 0.5366 0.0000 0.8439
vn 0.8663 0.0000 0.4995
vn 0.5366 0.0000 -0.8439
vn 0.8663 0.0000 -0.4995
vn -0.5366 0.0000 0.8439
vn -0.8663 0.0000 0.4995
vn -0.5366 0.0000 -0.8439
vn -0.8663 0.0000 -0.4995
vn -0.9639 0.2662 -0.0000
vn -0.7678 0.6407 -0.0000
vn -0.3036 0.9528 -0.0000
usemtl COLLIDERS
s off
f 3/1/1 1/2/1 17/3/1 18/4/1
f 65/5/2 66/6/2 35/7/2 34/8/2
f 4/9/1 3/1/1 18/4/1 19/10/1
f 66/6/2 67/11/2 36/12/2 35/7/2
f 2/13/1 4/9/1 19/10/1 20/14/1
f 67/11/2 68/15/2 37/16/2 36/12/2
f 70/17/2 69/18/2 38/19/2 39/20/2
f 6/21/1 8/22/1 22/23/1 21/24/1
f 71/25/2 70/17/2 39/20/2 41/26/2
f 8/22/1 7/27/1 23/28/1 22/23/1
f 72/29/2 71/25/2 41/26/2 43/30/2
f 7/27/1 5/31/1 24/32/1 23/28/1
f 74/33/2 73/34/2 45/35/2 46/36/2
f 14/37/1 16/38/1 26/39/1 25/40/1
f 75/41/2 74/33/2 46/36/2 48/42/2
f 16/38/1 15/43/1 27/44/1 26/39/1
f 76/45/2 75/41/2 48/42/2 50/46/2
f 15/43/1 13/47/1 28/48/1 27/44/1
f 78/49/2 77/50/2 52/51/2 53/52/2
f 10/53/1 12/54/1 30/55/1 29/56/1
f 79/57/2 78/49/2 53/52/2 55/58/2
f 12/54/1 11/59/1 31/60/1 30/55/1
f 80/61/2 79/57/2 55/58/2 57/62/2
f 11/59/1 9/63/1 32/64/1 31/60/1
f 5/31/1 2/13/1 20/14/1 24/32/1
f 100/65/1 6/21/1 21/24/1 98/66/1
f 9/63/1 14/37/1 25/40/1 32/64/1
f 1/2/1 10/53/1 29/56/1 17/3/1
f 68/15/2 72/29/2 43/30/2 37/16/2
f 77/50/2 65/5/2 34/8/2 52/51/2
f 73/34/2 80/61/2 57/62/2 45/35/2
f 107/67/2 76/45/2 50/46/2 105/68/2
f 19/69/3 60/70/3 61/71/3 20/72/3
f 18/73/4 59/74/4 60/70/4 19/69/4
f 17/75/5 33/76/5 59/74/5 18/73/5
f 97/77/6 102/78/6 51/79/6 28/80/6
f 20/72/7 61/71/7 44/81/7 24/82/7
f 25/83/8 63/84/8 58/85/8 32/86/8
f 29/87/9 64/88/9 33/76/9 17/75/9
f 64/89/10 52/90/10 34/91/10 33/92/10
f 63/93/11 45/94/11 57/95/11 58/96/11
f 61/97/12 37/98/12 43/99/12 44/100/12
f 102/101/13 105/102/13 50/103/13 51/104/13
f 33/92/14 34/91/14 35/105/14 59/106/14
f 59/106/15 35/105/15 36/107/15 60/108/15
f 60/108/16 36/107/16 37/98/16 61/97/16
f 55/109/17 56/110/17 58/96/17 57/95/17
f 53/111/18 54/112/18 56/110/18 55/109/18
f 52/90/19 64/89/19 54/112/19 53/111/19
f 48/113/20 49/114/20 51/104/20 50/103/20
f 46/115/21 47/116/21 49/114/21 48/113/21
f 45/94/22 63/93/22 47/116/22 46/115/22
f 41/117/23 42/118/23 44/100/23 43/99/23
f 39/119/24 40/120/24 42/118/24 41/117/24
f 38/121/25 62/122/25 40/120/25 39/119/25
f 66/123/26 65/124/26 81/125/26 96/126/26
f 67/127/27 66/123/27 96/126/27 95/128/27
f 68/129/28 67/127/28 95/128/28 94/130/28
f 72/131/11 68/129/11 94/130/11 93/132/11
f 71/133/29 72/131/29 93/132/29 92/134/29
f 70/135/30 71/133/30 92/134/30 91/136/30
f 69/137/31 70/135/31 91/136/31 90/138/31
f 108/139/10 69/137/10 90/138/10 103/140/10
f 75/141/32 76/142/32 89/143/32 88/144/32
f 74/145/33 75/141/33 88/144/33 87/146/33
f 73/147/34 74/145/34 87/146/34 86/148/34
f 80/149/12 73/147/12 86/148/12 85/150/12
f 79/151/35 80/149/35 85/150/35 84/152/35
f 78/153/36 79/151/36 84/152/36 83/154/36
f 77/155/37 78/153/37 83/154/37 82/156/37
f 65/124/13 77/155/13 82/156/13 81/125/13
f 96/157/38 81/158/38 1/159/38 3/160/38
f 95/161/39 96/157/39 3/160/39 4/162/39
f 94/163/40 95/161/40 4/162/40 2/164/40
f 93/165/41 94/163/41 2/164/41 5/166/41
f 92/167/42 93/165/42 5/166/42 7/168/42
f 91/169/43 92/167/43 7/168/43 8/170/43
f 90/171/44 91/169/44 8/170/44 6/172/44
f 103/173/45 90/171/45 6/172/45 100/174/45
f 88/175/46 89/176/46 13/177/46 15/178/46
f 87/179/47 88/175/47 15/178/47 16/180/47
f 86/181/48 87/179/48 16/180/48 14/182/48
f 85/183/49 86/181/49 14/182/49 9/184/49
f 84/185/50 85/183/50 9/184/50 11/186/50
f 83/187/51 84/185/51 11/186/51 12/188/51
f 82/189/52 83/187/52 12/188/52 10/190/52
f 81/158/53 82/189/53 10/190/53 1/159/53
f 89/176/45 104/191/45 99/192/45 13/177/45
f 76/142/10 107/193/10 104/194/10 89/143/10
f 13/47/1 99/195/1 97/196/1 28/48/1
f 69/18/2 108/197/2 106/198/2 38/19/2
f 21/199/6 62/200/6 101/201/6 98/202/6
f 62/122/13 38/121/13 106/203/13 101/204/13
f 104/191/54 102/205/54 97/206/54 99/192/54
f 101/207/55 103/173/55 100/174/55 98/208/55
f 102/209/1 104/210/1 103/211/1 101/212/1
f 107/193/10 108/139/10 103/140/10 104/194/10
f 108/197/2 107/67/2 105/68/2 106/198/2
f 110/213/56 106/203/56 101/204/56
f 101/204/13 106/203/13 105/102/13 102/101/13
f 102/101/57 105/102/57 109/214/57
f 108/139/58 111/215/58 103/140/58
f 56/216/59 31/217/59 32/86/59 58/85/59
f 54/218/60 30/219/60 31/217/60 56/216/60
f 64/88/61 29/87/61 30/219/61 54/218/61
f 49/220/62 27/221/62 28/80/62 51/79/62
f 47/222/63 26/223/63 27/221/63 49/220/63
f 63/84/64 25/83/64 26/223/64 47/222/64
f 42/224/65 23/225/65 24/82/65 44/81/65
f 40/226/66 22/227/66 23/225/66 42/224/66
f 62/200/67 21/199/67 22/227/67 40/226/67
f 121/228/68 114/229/68 115/230/68 112/231/68
f 112/231/69 115/230/69 116/232/69 113/233/69
f 113/233/70 116/232/70 117/234/70 119/235/70
f 119/235/71 117/234/71 118/236/71 120/237/71
f 148/238/2 138/239/2 118/240/2 128/241/2
f 139/242/1 133/243/1 113/244/1 119/245/1
f 133/243/1 132/246/1 112/247/1 113/244/1
f 132/246/1 141/248/1 121/249/1 112/247/1
f 150/250/1 130/251/1 129/252/1 149/253/1
f 131/254/72 122/255/72 125/256/72 124/257/72
f 122/255/73 123/258/73 126/259/73 125/256/73
f 123/258/74 129/260/74 127/261/74 126/259/74
f 129/260/75 130/262/75 128/263/75 127/261/75
f 124/257/76 114/229/76 121/228/76 131/254/76
f 150/264/77 148/265/77 128/263/77 130/262/77
f 140/266/78 120/237/78 118/236/78 138/267/78
f 149/253/1 129/252/1 123/268/1 143/269/1
f 143/269/1 123/268/1 122/270/1 142/271/1
f 142/271/1 122/270/1 131/272/1 151/273/1
f 121/249/1 141/248/1 151/273/1 131/272/1
f 141/274/79 132/275/79 135/276/79 134/277/79
f 132/275/80 133/278/80 136/279/80 135/276/80
f 133/278/81 139/280/81 137/281/81 136/279/81
f 139/280/82 140/266/82 138/267/82 137/281/82
f 144/282/2 134/283/2 135/284/2 136/285/2 137/286/2 138/239/2 148/238/2 147/287/2 146/288/2 145/289/2
f 151/290/83 144/291/83 145/292/83 142/293/83
f 142/293/84 145/292/84 146/294/84 143/295/84
f 143/295/85 146/294/85 147/296/85 149/297/85
f 149/297/86 147/296/86 148/265/86 150/264/86
f 128/241/2 118/240/2 117/298/2 116/299/2 115/300/2 114/301/2 124/302/2 125/303/2 126/304/2 127/305/2
f 140/306/1 139/242/1 119/245/1 120/307/1
f 151/290/87 141/274/87 134/277/87 144/291/87
f 153/308/2 162/309/2 163/310/2
f 157/311/1 154/312/1 156/313/1
f 161/314/13 162/315/13 153/316/13 152/317/13
f 155/318/2 158/319/2 159/320/2
f 160/321/1 161/322/1 152/323/1
f 154/324/10 155/325/10 159/326/10 156/327/10
f 157/328/12 158/329/12 163/330/12 160/331/12
f 160/321/1 152/323/1 154/312/1 157/311/1
f 153/308/2 163/310/2 158/319/2 155/318/2
f 156/313/88 159/320/88 158/319/88 157/311/88
f 162/309/89 161/322/89 160/321/89 163/310/89
f 153/308/2 171/332/2 170/333/2
f 165/334/1 164/335/1 154/312/1
f 169/336/13 152/317/13 153/316/13 170/337/13
f 155/318/2 167/338/2 166/339/2
f 168/340/1 152/323/1 169/341/1
f 154/324/10 164/342/10 167/343/10 155/325/10
f 165/344/11 168/345/11 171/346/11 166/347/11
f 168/340/1 165/334/1 154/312/1 152/323/1
f 153/308/2 155/318/2 166/339/2 171/332/2
f 164/335/90 165/334/90 166/339/90 167/338/90
f 170/333/91 171/332/91 168/340/91 169/341/91
f 179/348/13 178/349/13 172/350/13 173/351/13
f 180/352/1 179/348/1 173/351/1 174/353/1
f 183/354/92 180/352/92 174/353/92 177/355/92
f 181/356/93 182/357/93 176/358/93 175/359/93
f 172/350/11 175/359/11 176/358/11 177/355/11 174/353/11 173/351/11
f 178/349/2 181/356/2 175/359/2 172/350/2
f 178/349/12 179/348/12 180/352/12 183/354/12 182/357/12 181/356/12
f 184/360/11 188/361/11 186/362/11
f 186/363/1 188/364/1 189/365/1 185/366/1
f 185/367/12 189/368/12 187/369/12
f 184/360/94 187/369/94 191/370/94 190/371/94
f 186/362/13 185/367/13 187/369/13 184/360/13
f 189/372/10 188/373/10 194/374/10 193/375/10
f 193/375/95 194/374/95 196/376/95 195/377/95
f 195/377/96 196/376/96 192/378/96 197/379/96
f 197/379/97 192/378/97 190/380/97 191/381/97
f 190/371/11 192/382/11 196/383/11 194/384/11 188/385/11 184/360/11
f 187/386/12 189/372/12 193/375/12 195/377/12 197/379/12 191/381/12
f 182/357/98 183/354/98 177/355/98 176/358/98
f 206/387/2 207/388/2 205/389/2 204/390/2
f 201/391/99 200/392/99 204/390/99 205/389/99
f 198/393/100 199/394/100 203/395/100 202/396/100
f 201/391/101 205/389/101 207/388/101
f 200/392/102 198/393/102 202/396/102 206/387/102
f 200/392/102 206/387/102 204/390/102
f 199/394/101 201/391/101 207/388/101 203/395/101
f 206/387/103 202/396/103 209/397/103 208/398/103
f 198/393/1 200/392/1 201/391/1 199/394/1
f 209/397/2 210/399/2 211/400/2 208/398/2
f 203/395/104 207/388/104 211/400/104 210/399/104
f 207/388/105 206/387/105 208/398/105 211/400/105
f 202/396/106 203/395/106 210/399/106 209/397/106
f 216/401/107 213/402/107 214/403/107 217/404/107
f 215/405/108 212/406/108 213/402/108 216/401/108
f 218/407/10 219/408/10 212/409/10 215/410/10
f 217/411/12 214/412/12 221/413/12 220/414/12
f 214/415/2 222/416/2 221/417/2
f 212/418/2 219/419/2 222/416/2
f 212/418/2 222/416/2 214/415/2 213/420/2
f 220/421/1 223/422/1 217/423/1
f 218/424/1 215/425/1 223/422/1
f 215/425/1 216/426/1 217/423/1 223/422/1
f 228/427/109 229/428/109 226/429/109 225/430/109
f 227/431/110 228/427/110 225/430/110 224/432/110
f 218/407/10 227/433/10 224/434/10 219/408/10
f 229/435/11 230/436/11 231/437/11 226/438/11
f 226/439/2 231/440/2 222/416/2
f 224/441/2 222/416/2 219/419/2
f 224/441/2 225/442/2 226/439/2 222/416/2
f 230/443/1 229/444/1 223/422/1
f 218/424/1 223/422/1 227/445/1
f 227/445/1 223/422/1 229/444/1 228/446/1
f 236/447/111 237/448/111 234/449/111 233/450/111
f 235/451/112 236/447/112 233/450/112 232/452/112
f 238/453/13 235/454/13 232/455/13 239/456/13
f 237/457/12 220/414/12 221/413/12 234/458/12
f 234/459/2 221/417/2 222/416/2
f 232/460/2 222/416/2 239/461/2
f 232/460/2 233/462/2 234/459/2 222/416/2
f 220/421/1 237/463/1 223/422/1
f 238/464/1 223/422/1 235/465/1
f 235/465/1 223/422/1 237/463/1 236/466/1
f 244/467/113 241/468/113 242/469/113 245/470/113
f 243/471/114 240/472/114 241/468/114 244/467/114
f 238/453/13 239/456/13 240/473/13 243/474/13
f 245/475/11 242/476/11 231/437/11 230/436/11
f 242/477/2 222/416/2 231/440/2
f 240/478/2 239/461/2 222/416/2
f 240/478/2 222/416/2 242/477/2 241/479/2
f 230/443/1 223/422/1 245/480/1
f 238/464/1 243/481/1 223/422/1
f 243/481/1 244/482/1 245/480/1 223/422/1
f 257/483/115 254/484/115 248/485/115 251/486/115
f 257/483/116 251/486/116 250/487/116 256/488/116
f 256/488/117 250/487/117 249/489/117 255/490/117
f 254/484/1 253/491/1 247/492/1 248/485/1
f 255/490/2 249/489/2 246/493/2 252/494/2
f 246/493/12 249/489/12 250/487/12 251/486/12 248/485/12 247/492/12
f 252/494/11 253/491/11 254/484/11 257/483/11 256/488/11 255/490/11
f 252/494/10 246/493/10 247/492/10 253/491/10
o 13.Cafe_Cube.170
v 2.386282 0.000000 3.790967
v 1.716639 0.000000 4.460611
v 2.356670 0.000000 4.015890
v 2.298023 0.000000 4.157476
v 2.204729 0.000000 4.279059
v 2.083146 0.000000 4.372353
v 1.941561 0.000000 4.430999
v 1.716638 1.399031 4.460611
v 2.386282 1.399031 3.790967
v 1.941560 1.399031 4.430999
v 2.083146 1.399031 4.372353
v 2.204729 1.399031 4.279058
v 2.298023 1.399031 4.157475
v 2.356670 1.399031 4.015889
v -1.716638 0.000000 4.460611
v -2.386281 0.000000 3.790967
v -1.941560 0.000000 4.430999
v -2.083146 0.000000 4.372353
v -2.204729 0.000000 4.279058
v -2.298023 0.000000 4.157475
v -2.356670 0.000000 4.015889
v -2.386281 1.399031 3.790967
v -1.716639 1.399031 4.460611
v -2.356670 1.399031 4.015890
v -2.298023 1.399031 4.157476
v -2.204729 1.399031 4.279059
v -2.083146 1.399031 4.372353
v -1.941560 1.399031 4.430999
v 1.716638 0.000000 -4.460611
v 2.386281 0.000000 -3.790967
v 1.941560 0.000000 -4.430999
v 2.083146 0.000000 -4.372353
v 2.204729 0.000000 -4.279058
v 2.298023 0.000000 -4.157475
v 2.356670 0.000000 -4.015889
v 2.386281 1.399031 -3.790967
v 1.716639 1.399031 -4.460611
v 2.356670 1.399031 -4.015890
v 2.298023 1.399031 -4.157476
v 2.204729 1.399031 -4.279059
v 2.083146 1.399031 -4.372353
v 1.941560 1.399031 -4.430999
v -2.386282 0.000000 -3.790967
v -1.716639 0.000000 -4.460611
v -2.356670 0.000000 -4.015890
v -2.298023 0.000000 -4.157476
v -2.204729 0.000000 -4.279059
v -2.083146 0.000000 -4.372353
v -1.941561 0.000000 -4.430999
v -1.716638 1.399031 -4.460611
v -2.386282 1.399031 -3.790967
v -1.941560 1.399031 -4.430999
v -2.083146 1.399031 -4.372353
v -2.204729 1.399031 -4.279058
v -2.298023 1.399031 -4.157475
v -2.356670 1.399031 -4.015889
v 3.082989 0.000000 4.012038
v 3.135190 0.000000 3.599694
v 3.135190 1.399031 3.599694
v 3.082989 1.399031 4.012038
v 2.929943 0.000000 4.396281
v 2.929942 1.399031 4.396281
v 2.686481 0.000000 4.726239
v 2.686481 1.399031 4.726239
v 2.369195 0.000000 4.979424
v 2.369195 1.399031 4.979424
v 1.999708 0.000000 5.138583
v 1.999708 1.399031 5.138583
v 1.603200 0.000000 5.192869
v 1.603200 1.399031 5.192869
v -3.082989 1.399031 4.012038
v -3.135190 1.399031 3.599694
v -3.135190 0.000000 3.599694
v -3.082988 0.000000 4.012038
v -2.929942 1.399031 4.396281
v -2.929942 0.000000 4.396281
v -2.686480 1.399031 4.726239
v -2.686480 0.000000 4.726239
v -2.369195 1.399031 4.979424
v -2.369195 0.000000 4.979424
v -1.999708 1.399031 5.138583
v -1.999707 0.000000 5.138583
v -1.603199 1.399031 5.192869
v -1.603199 0.000000 5.192869
v -1.999708 1.399031 -5.138583
v -1.603200 1.399031 -5.192869
v -1.603200 0.000000 -5.192869
v -1.999708 0.000000 -5.138583
v -2.369195 1.399031 -4.979424
v -2.369195 0.000000 -4.979424
v -2.686481 1.399031 -4.726239
v -2.686481 0.000000 -4.726239
v -2.929942 1.399031 -4.396281
v -2.929943 0.000000 -4.396281
v -3.082989 1.399031 -4.012038
v -3.082989 0.000000 -4.012038
v -3.135190 1.399031 -3.599694
v -3.135190 0.000000 -3.599694
v 3.082989 1.399031 -4.012038
v 3.135190 1.399031 -3.599694
v 3.135190 0.000000 -3.599694
v 3.082988 0.000000 -4.012038
v 2.929942 1.399031 -4.396281
v 2.929942 0.000000 -4.396281
v 2.686480 1.399031 -4.726239
v 2.686480 0.000000 -4.726239
v 2.369195 1.399031 -4.979424
v 2.369195 0.000000 -4.979424
v 1.999708 1.399031 -5.138583
v 1.999707 0.000000 -5.138583
v 1.603199 1.399031 -5.192869
v 1.603199 0.000000 -5.192869
v 3.135190 1.140267 3.599694
v 3.082989 1.140267 4.012038
v 2.929942 1.140267 4.396281
v 2.686481 1.140267 4.726239
v 2.369195 1.140267 4.979424
v 1.999708 1.140267 5.138583
v 1.603200 1.140267 5.192869
v -3.135190 1.140267 3.599694
v -3.082989 1.140267 4.012038
v -2.929942 1.140267 4.396281
v -2.686480 1.140267 4.726239
v -2.369195 1.140267 4.979424
v -1.999707 1.140267 5.138583
v -1.603199 1.140267 5.192869
v -1.603200 1.140267 -5.192869
v -1.999708 1.140267 -5.138583
v -2.369195 1.140267 -4.979424
v -2.686481 1.140267 -4.726239
v -2.929942 1.140267 -4.396281
v -3.082989 1.140267 -4.012038
v -3.135190 1.140267 -3.599694
v 3.135190 1.140267 -3.599694
v 3.082989 1.140267 -4.012038
v 2.929942 1.140267 -4.396281
v 2.686480 1.140267 -4.726239
v 2.369195 1.140267 -4.979424
v 1.999707 1.140267 -5.138583
v 1.603199 1.140267 -5.192869
v 2.386282 1.140267 3.790967
v 2.386281 1.140267 -3.790967
v 2.356670 1.140267 -4.015890
v 2.298023 1.140267 -4.157475
v 2.204729 1.140267 -4.279059
v 2.083146 1.140267 -4.372353
v 1.941560 1.140267 -4.430999
v 1.716638 1.140267 -4.460611
v -1.716639 1.140267 -4.460611
v -1.941560 1.140267 -4.430999
v -2.083146 1.140267 -4.372353
v -2.204729 1.140267 -4.279058
v -2.298023 1.140267 -4.157475
v -2.356670 1.140267 -4.015890
v -2.386282 1.140267 -3.790967
v -2.386281 1.140267 3.790967
v -2.356670 1.140267 4.015890
v -2.298023 1.140267 4.157475
v -2.204729 1.140267 4.279059
v -2.083146 1.140267 4.372353
v -1.941560 1.140267 4.430999
v -1.716638 1.140267 4.460611
v 1.716639 1.140267 4.460611
v 1.941560 1.140267 4.430999
v 2.083146 1.140267 4.372353
v 2.204729 1.140267 4.279059
v 2.298023 1.140267 4.157475
v 2.356670 1.140267 4.015890
v 3.258543 1.140267 3.674237
v 3.258543 1.399031 3.674237
v 3.204288 1.399031 4.095120
v 3.045220 1.399031 4.487321
v 2.792179 1.399031 4.824111
v 2.462410 1.399031 5.082540
v 2.078385 1.399031 5.244994
v 1.666277 1.399031 5.300404
v -3.204288 1.399031 4.095121
v -3.258543 1.399031 3.674238
v -3.204288 1.140267 4.095121
v -3.045220 1.399031 4.487321
v -3.045219 1.140267 4.487321
v -2.792179 1.399031 4.824112
v -2.792178 1.140267 4.824111
v -2.462410 1.399031 5.082540
v -2.462410 1.140267 5.082540
v -2.078385 1.399031 5.244995
v -2.078385 1.140267 5.244995
v -1.666277 1.399031 5.300404
v -1.666277 1.140267 5.300404
v -2.078385 1.399031 -5.244994
v -1.666277 1.399031 -5.300404
v -2.078385 1.140267 -5.244995
v -2.462410 1.399031 -5.082540
v -2.462410 1.140267 -5.082540
v -2.792179 1.399031 -4.824111
v -2.792179 1.140267 -4.824111
v -3.045220 1.399031 -4.487321
v -3.045220 1.140267 -4.487321
v -3.204288 1.399031 -4.095120
v -3.204288 1.140267 -4.095121
v -3.258543 1.399031 -3.674237
v -3.258543 1.140267 -3.674237
v 3.204288 1.399031 -4.095121
v 3.258543 1.399031 -3.674238
v 3.204288 1.140267 -4.095121
v 3.045220 1.399031 -4.487321
v 3.045219 1.140267 -4.487321
v 2.792179 1.399031 -4.824112
v 2.792178 1.140267 -4.824111
v 2.462410 1.399031 -5.082540
v 2.462410 1.140267 -5.082540
v 2.078385 1.399031 -5.244995
v 2.078385 1.140267 -5.244995
v 1.666277 1.399031 -5.300404
v 1.666277 1.140267 -5.300404
v 3.204288 1.140267 4.095121
v 3.045220 1.140267 4.487321
v 2.792179 1.140267 4.824111
v 2.462410 1.140267 5.082540
v 2.078385 1.140267 5.244995
v 1.666277 1.140267 5.300404
v -3.258543 1.140267 3.674238
v -1.666277 1.140267 -5.300404
v 3.258543 1.140267 -3.674238
v 2.240007 1.399031 3.643825
v 2.212210 1.399031 3.860017
v 2.157158 1.399031 3.996108
v 2.069583 1.399031 4.112972
v 1.955453 1.399031 4.202645
v 1.822546 1.399031 4.259015
v 1.611411 1.399031 4.287477
v -2.212210 1.399031 3.860018
v -2.240006 1.399031 3.643826
v -2.157158 1.399031 3.996108
v -2.069583 1.399031 4.112973
v -1.955452 1.399031 4.202645
v -1.822546 1.399031 4.259015
v -1.611412 1.399031 4.287477
v -1.822546 1.399031 -4.259015
v -1.611411 1.399031 -4.287477
v -1.955453 1.399031 -4.202645
v -2.069583 1.399031 -4.112972
v -2.157158 1.399031 -3.996108
v -2.212210 1.399031 -3.860017
v -2.240007 1.399031 -3.643825
v 2.212210 1.399031 -3.860018
v 2.240006 1.399031 -3.643826
v 2.157158 1.399031 -3.996108
v 2.069583 1.399031 -4.112973
v 1.955452 1.399031 -4.202645
v 1.822546 1.399031 -4.259015
v 1.611412 1.399031 -4.287477
v 2.240007 1.140267 3.643825
v 2.240006 1.140267 -3.643825
v 2.212210 1.140267 -3.860017
v 2.157158 1.140267 -3.996108
v 2.069583 1.140267 -4.112973
v 1.955452 1.140267 -4.202645
v 1.822546 1.140267 -4.259015
v 1.611411 1.140267 -4.287477
v -1.611412 1.140267 -4.287477
v -1.822546 1.140267 -4.259015
v -1.955453 1.140267 -4.202645
v -2.069583 1.140267 -4.112972
v -2.157158 1.140267 -3.996108
v -2.212210 1.140267 -3.860017
v -2.240007 1.140267 -3.643825
v -2.240006 1.140267 3.643825
v -2.212210 1.140267 3.860017
v -2.157158 1.140267 3.996108
v -2.069583 1.140267 4.112973
v -1.955452 1.140267 4.202645
v -1.822546 1.140267 4.259015
v -1.611411 1.140267 4.287477
v 1.611412 1.140267 4.287477
v 1.822546 1.140267 4.259015
v 1.955453 1.140267 4.202645
v 2.069583 1.140267 4.112973
v 2.157158 1.140267 3.996108
v 2.212210 1.140267 3.860017
v 2.386281 1.023119 -3.790967
v 2.386281 0.117148 -3.790967
v 2.356670 1.023119 -4.015889
v 2.356670 0.117148 -4.015889
v 2.298023 1.023119 -4.157475
v 2.298023 0.117148 -4.157475
v 2.204729 1.023119 -4.279059
v 2.204729 0.117148 -4.279059
v 2.083146 1.023119 -4.372353
v 2.083146 0.117148 -4.372353
v 1.941560 1.023119 -4.430999
v 1.941560 0.117148 -4.430999
v 1.716638 1.023119 -4.460611
v 1.716638 0.117148 -4.460611
v -1.716639 1.023119 -4.460611
v -1.716639 0.117148 -4.460611
v -1.941561 1.023119 -4.430999
v -1.941561 0.117148 -4.430999
v -2.083146 1.023119 -4.372353
v -2.083146 0.117148 -4.372353
v -2.204729 1.023119 -4.279058
v -2.204729 0.117148 -4.279059
v -2.298023 1.023119 -4.157475
v -2.298023 0.117148 -4.157476
v -2.356670 1.023119 -4.015890
v -2.356670 0.117148 -4.015890
v -2.386282 1.023119 -3.790967
v -2.386282 0.117148 -3.790967
v -2.386281 1.023119 3.790967
v -2.386281 0.117148 3.790967
v -2.356670 1.023119 4.015889
v -2.356670 0.117148 4.015889
v -2.298023 1.023119 4.157475
v -2.298023 0.117148 4.157475
v -2.204729 1.023119 4.279059
v -2.204729 0.117148 4.279059
v -2.083146 1.023119 4.372353
v -2.083146 0.117148 4.372353
v -1.941560 1.023119 4.430999
v -1.941560 0.117148 4.430999
v -1.716638 1.023119 4.460611
v -1.716638 0.117148 4.460611
v 1.716639 1.023119 4.460611
v 1.716639 0.117148 4.460611
v 1.941561 1.023119 4.430999
v 1.941561 0.117148 4.430999
v 2.083146 1.023119 4.372353
v 2.083146 0.117148 4.372353
v 2.204729 1.023119 4.279059
v 2.204729 0.117148 4.279059
v 2.298023 1.023119 4.157475
v 2.298023 0.117148 4.157476
v 2.356670 1.023119 4.015890
v 2.356670 0.117148 4.015890
v 2.386282 0.117148 3.790967
v 2.386282 1.023119 3.790967
v 2.837690 1.023119 -4.126784
v 2.837690 0.117148 -4.126784
v 2.802478 1.023119 -4.371631
v 2.802478 0.117148 -4.371631
v 2.732736 1.023119 -4.525759
v 2.732736 0.117148 -4.525759
v 2.621794 1.023119 -4.658113
v 2.621794 0.117148 -4.658113
v 2.477211 1.023119 -4.759671
v 2.477211 0.117148 -4.759671
v 2.308842 1.023119 -4.823513
v 2.308841 0.117148 -4.823513
v 2.041372 1.023119 -4.855747
v 2.041372 0.117148 -4.855747
v -2.041373 1.023119 -4.855747
v -2.041373 0.117148 -4.855747
v -2.308842 1.023119 -4.823513
v -2.308842 0.117148 -4.823513
v -2.477211 1.023119 -4.759671
v -2.477211 0.117148 -4.759671
v -2.621794 1.023119 -4.658113
v -2.621794 0.117148 -4.658113
v -2.732737 1.023119 -4.525759
v -2.732737 0.117148 -4.525759
v -2.802478 1.023119 -4.371631
v -2.802478 0.117148 -4.371632
v -2.837691 1.023119 -4.126784
v -2.837691 0.117148 -4.126785
v -2.837690 1.023119 4.126784
v -2.837690 0.117148 4.126784
v -2.802478 1.023119 4.371631
v -2.802478 0.117148 4.371631
v -2.732736 1.023119 4.525759
v -2.732736 0.117148 4.525759
v -2.621794 1.023119 4.658113
v -2.621794 0.117148 4.658113
v -2.477211 1.023119 4.759671
v -2.477211 0.117148 4.759671
v -2.308842 1.023119 4.823513
v -2.308841 0.117148 4.823513
v -2.041372 1.023119 4.855747
v -2.041372 0.117148 4.855747
v 2.041373 1.023119 4.855747
v 2.041373 0.117148 4.855747
v 2.308842 1.023119 4.823513
v 2.308842 0.117148 4.823513
v 2.477211 1.023119 4.759671
v 2.477211 0.117148 4.759671
v 2.621794 1.023119 4.658113
v 2.621794 0.117148 4.658113
v 2.732737 1.023119 4.525759
v 2.732737 0.117148 4.525759
v 2.802478 1.023119 4.371631
v 2.802478 0.117148 4.371632
v 2.837691 0.117148 4.126785
v 2.837691 1.023119 4.126785
v 2.386282 0.596728 3.790967
v 1.716639 0.596728 4.460611
v 2.356670 0.596728 4.015890
v 2.298023 0.596728 4.157476
v 2.204729 0.596728 4.279059
v 2.083146 0.596728 4.372353
v 1.941561 0.596728 4.430999
v -1.716638 0.596728 4.460611
v -2.386281 0.596728 3.790967
v -1.941560 0.596728 4.430999
v -2.083146 0.596728 4.372353
v -2.204729 0.596728 4.279058
v -2.298023 0.596728 4.157475
v -2.356670 0.596728 4.015889
v 1.716638 0.596728 -4.460611
v 2.386281 0.596728 -3.790967
v 1.941560 0.596728 -4.430999
v 2.083146 0.596728 -4.372353
v 2.204729 0.596728 -4.279058
v 2.298023 0.596728 -4.157475
v 2.356670 0.596728 -4.015889
v -2.386282 0.596728 -3.790967
v -1.716639 0.596728 -4.460611
v -2.356670 0.596728 -4.015890
v -2.298023 0.596728 -4.157476
v -2.204729 0.596728 -4.279059
v -2.083146 0.596728 -4.372353
v -1.941561 0.596728 -4.430999
v 3.053596 0.596728 3.973787
v 3.105299 0.596728 3.565374
v 2.902008 0.596728 4.354367
v 2.660868 0.596728 4.681179
v 2.346607 0.596728 4.931950
v 1.980643 0.596728 5.089592
v 1.587915 0.596728 5.143359
v -2.837690 0.596728 3.565375
v -3.053595 0.596728 3.973787
v -2.902007 0.596728 4.354367
v -2.660867 0.596728 4.681178
v -2.346606 0.596728 4.931950
v -1.980642 0.596728 5.089592
v -1.587914 0.596728 5.143359
v -1.587915 0.596728 -5.143359
v -1.980643 0.596728 -5.089592
v -2.346607 0.596728 -4.931950
v -2.660868 0.596728 -4.681179
v -2.902008 0.596728 -4.354367
v -3.053596 0.596728 -3.973787
v -3.105299 0.596728 -3.565374
v 3.105299 0.596728 -3.565375
v 3.053595 0.596728 -3.973787
v 2.902007 0.596728 -4.354367
v 2.660867 0.596728 -4.681178
v 2.346606 0.596728 -4.931950
v 1.980642 0.596728 -5.089592
v 1.587914 0.596728 -5.143359
v 2.386281 0.673593 -3.790967
v 2.356670 0.673593 -4.015889
v 2.298023 0.673593 -4.157475
v 2.204729 0.673593 -4.279059
v 2.083146 0.673593 -4.372353
v 1.941560 0.673593 -4.430999
v 1.716638 0.673593 -4.460611
v -1.716639 0.673593 -4.460611
v -1.941561 0.673593 -4.430999
v -2.083146 0.673593 -4.372353
v -2.204729 0.673593 -4.279059
v -2.298023 0.673593 -4.157476
v -2.356670 0.673593 -4.015890
v -2.386282 0.673593 -3.790967
v -2.386281 0.673593 3.790967
v -2.356670 0.673593 4.015889
v -2.298023 0.673593 4.157475
v -2.204729 0.673593 4.279059
v -2.083146 0.673593 4.372353
v -1.941560 0.673593 4.430999
v -1.716638 0.673593 4.460611
v 1.716639 0.673593 4.460611
v 1.941561 0.673593 4.430999
v 2.083146 0.673593 4.372353
v 2.204729 0.673593 4.279059
v 2.298023 0.673593 4.157476
v 2.356670 0.673593 4.015890
v 2.386282 0.673593 3.790967
v 2.837690 0.673593 -4.126784
v 2.802478 0.673593 -4.371631
v 2.732736 0.673593 -4.525759
v 2.621794 0.673593 -4.658113
v 2.477211 0.673593 -4.759671
v 2.308841 0.673593 -4.823513
v 2.041372 0.673593 -4.855747
v -2.041373 0.673593 -4.855747
v -2.308842 0.673593 -4.823513
v -2.477211 0.673593 -4.759671
v -2.621794 0.673593 -4.658113
v -2.732737 0.673593 -4.525759
v -2.802478 0.673593 -4.371632
v -2.837691 0.673593 -4.126785
v -2.837690 0.673593 4.126784
v -2.802478 0.673593 4.371631
v -2.732736 0.673593 4.525759
v -2.621794 0.673593 4.658113
v -2.477211 0.673593 4.759671
v -2.308841 0.673593 4.823513
v -2.041372 0.673593 4.855747
v 2.041373 0.673593 4.855747
v 2.308842 0.673593 4.823513
v 2.477211 0.673593 4.759671
v 2.621794 0.673593 4.658113
v 2.732737 0.673593 4.525759
v 2.802478 0.673593 4.371632
v 2.837691 0.673593 4.126785
v -3.135190 0.000000 -3.428550
v -3.135190 1.399031 -3.428550
v -2.386282 0.000000 -3.428550
v -2.386282 1.399031 -3.428550
v -3.135190 1.140267 -3.428550
v -2.386282 1.140267 -3.428550
v -3.258543 1.399031 -3.428550
v -3.258543 1.140267 -3.428550
v -2.240007 1.399031 -3.428550
v -2.240007 1.140267 -3.428550
v -2.386282 1.023119 -3.428550
v -2.386282 0.117148 -3.428550
v -2.837691 1.023119 -3.428550
v -2.837691 0.117148 -3.428550
v -3.135190 1.399031 -1.950885
v -2.386281 1.399031 -1.950885
v -3.258543 1.399031 -1.950885
v -2.240007 1.399031 -1.950885
v -3.135190 0.000000 -1.950885
v -2.386281 0.000000 -1.950885
v -3.135190 1.140267 -1.950885
v -2.386281 1.140267 -1.950885
v -3.258543 1.140267 -1.950885
v -2.240007 1.140267 -1.950885
v -2.386281 1.023119 -1.950885
v -2.386281 0.117148 -1.950885
v -2.837690 1.023119 -1.950885
v -2.837690 0.117148 -1.950885
v -2.837690 0.596728 -1.950885
v -2.386281 0.596728 -1.950885
v -2.386281 0.673593 -1.950885
v -2.837690 0.673593 -1.950885
v -2.837691 0.596728 -3.428550
v -2.386282 0.596728 -3.428550
v -2.386282 0.673593 -3.428550
v -2.837691 0.673593 -3.428550
v -2.837691 1.023119 -3.373164
v -3.135190 1.140267 -3.373164
v -2.837691 0.117148 -3.373164
v -3.135190 0.000000 -3.373164
v -3.135190 1.140267 -2.006271
v -2.386281 1.140267 -2.006271
v -2.837690 1.023119 -2.006271
v -2.837690 0.117148 -2.006271
v -3.135190 0.000000 -2.006271
v -2.386282 0.117148 -3.373164
v -2.386282 1.140267 -3.373164
v -2.386282 1.023119 -3.373164
v -2.386282 0.000000 -3.373164
v -2.386281 0.117148 -2.006271
v -2.386281 1.023119 -2.006271
v -2.386281 0.000000 -2.006271
v -3.135190 1.140267 -1.981066
v -3.135190 1.140267 -3.398369
v -2.386281 1.140267 -1.981066
v -2.386282 1.140267 -3.398370
v -3.258543 1.140267 -1.981066
v -3.258543 1.140267 -3.398369
v -2.240007 1.140267 -1.981066
v -2.240007 1.140267 -3.398370
v -3.135190 1.399031 -3.398369
v -3.135190 1.399031 -1.981066
v -2.386282 1.399031 -3.398369
v -2.386281 1.399031 -1.981066
v -3.258543 1.399031 -3.398369
v -3.258543 1.399031 -1.981066
v -2.240007 1.399031 -3.398369
v -2.240007 1.399031 -1.981066
v -3.124251 1.151420 -3.413460
v -2.396891 1.151420 -3.413460
v -3.244055 1.151420 -3.413460
v -2.254825 1.151420 -3.413460
v -3.124251 1.387878 -3.413459
v -2.396891 1.387878 -3.413460
v -3.244055 1.387878 -3.413459
v -2.254825 1.387878 -3.413460
v -3.124251 1.387878 -1.965976
v -2.396891 1.387878 -1.965976
v -3.244055 1.387878 -1.965976
v -2.254825 1.387878 -1.965976
v -3.124251 1.151420 -1.965976
v -2.396891 1.151420 -1.965976
v -3.244055 1.151420 -1.965976
v -2.254825 1.151420 -1.965976
v 3.082989 0.570134 4.012038
v 2.929942 0.570134 4.396281
v 2.686481 0.570134 4.726239
v 2.369195 0.570134 4.979424
v 1.999708 0.570134 5.138583
v 1.603200 0.570134 5.192869
v -3.135190 0.570134 3.599694
v -1.603200 0.570134 -5.192869
v 3.135190 0.570134 -3.599694
v 3.135190 0.570134 3.599694
v -3.082989 0.570134 4.012038
v -2.929942 0.570134 4.396281
v -2.686480 0.570134 4.726239
v -2.369195 0.570134 4.979424
v -1.999707 0.570134 5.138583
v -1.603199 0.570134 5.192869
v -1.999708 0.570134 -5.138583
v -2.369195 0.570134 -4.979424
v -2.686481 0.570134 -4.726239
v -2.929942 0.570134 -4.396281
v -3.082989 0.570134 -4.012038
v -3.135190 0.570134 -3.599694
v 3.082989 0.570134 -4.012038
v 2.929942 0.570134 -4.396281
v 2.686480 0.570134 -4.726239
v 2.369195 0.570134 -4.979424
v 1.999707 0.570134 -5.138583
v 1.603199 0.570134 -5.192869
v -3.135190 0.570134 -3.428550
v -3.135190 0.570134 -1.950885
v -3.135190 0.570134 -3.373164
v -3.135190 0.570134 -2.006271
v 3.082989 0.000000 4.012038
v 3.135190 0.000000 3.599694
v 2.929943 0.000000 4.396281
v 2.686481 0.000000 4.726239
v 2.369195 0.000000 4.979424
v 1.999708 0.000000 5.138583
v 1.603200 0.000000 5.192869
v -3.135190 0.000000 3.599694
v -3.082988 0.000000 4.012038
v -2.929942 0.000000 4.396281
v -2.686480 0.000000 4.726239
v -2.369195 0.000000 4.979424
v -1.999707 0.000000 5.138583
v -1.603199 0.000000 5.192869
v -1.603200 0.000000 -5.192869
v -1.999708 0.000000 -5.138583
v -2.369195 0.000000 -4.979424
v -2.686481 0.000000 -4.726239
v -2.929943 0.000000 -4.396281
v -3.082989 0.000000 -4.012038
v -3.135190 0.000000 -3.599694
v 3.135190 0.000000 -3.599694
v 3.082988 0.000000 -4.012038
v 2.929942 0.000000 -4.396281
v 2.686480 0.000000 -4.726239
v 2.369195 0.000000 -4.979424
v 1.999707 0.000000 -5.138583
v 1.603199 0.000000 -5.192869
v -3.135190 0.000000 -3.428550
v 2.356670 0.000000 4.015890
v 2.386282 0.000000 3.790967
v 2.298023 0.000000 4.157476
v 2.204729 0.000000 4.279059
v 2.083146 0.000000 4.372353
v 1.941561 0.000000 4.430999
v 1.716639 0.000000 4.460611
v -2.386281 0.000000 3.790967
v -2.356670 0.000000 4.015889
v -2.298023 0.000000 4.157475
v -2.204729 0.000000 4.279058
v -2.083146 0.000000 4.372353
v -1.941560 0.000000 4.430999
v -1.716638 0.000000 4.460611
v -1.716639 0.000000 -4.460611
v -1.941561 0.000000 -4.430999
v -2.083146 0.000000 -4.372353
v -2.204729 0.000000 -4.279059
v -2.298023 0.000000 -4.157476
v -2.356670 0.000000 -4.015890
v -2.386282 0.000000 -3.790967
v 2.386281 0.000000 -3.790967
v 2.356670 0.000000 -4.015889
v 2.298023 0.000000 -4.157475
v 2.204729 0.000000 -4.279058
v 2.083146 0.000000 -4.372353
v 1.941560 0.000000 -4.430999
v 1.716638 0.000000 -4.460611
v -2.386282 0.000000 -3.428550
v 1.999707 1.140267 -5.138583
v 1.603199 1.140267 -5.192869
v 2.369195 1.140267 -4.979424
v 2.686480 1.140267 -4.726239
v 2.929942 1.140267 -4.396281
v 3.082989 1.140267 -4.012038
v 3.135190 1.140267 -3.599694
v -3.082989 1.140267 -4.012038
v -3.135190 1.140267 -3.599694
v -2.929942 1.140267 -4.396281
v -2.686481 1.140267 -4.726239
v -2.369195 1.140267 -4.979424
v -1.999708 1.140267 -5.138583
v -1.603200 1.140267 -5.192869
v -1.999707 1.140267 5.138583
v -1.603199 1.140267 5.192869
v -2.369195 1.140267 4.979424
v -2.686480 1.140267 4.726239
v -2.929942 1.140267 4.396281
v -3.082989 1.140267 4.012038
v -3.135190 1.140267 3.599694
v 1.999708 1.140267 5.138583
v 1.603200 1.140267 5.192869
v 2.369195 1.140267 4.979424
v 2.686481 1.140267 4.726239
v 2.929942 1.140267 4.396281
v 3.082989 1.140267 4.012038
v 3.135190 1.140267 3.599694
v -3.135190 1.140267 -3.428550
v -3.135190 1.140267 -3.428550
v -3.135190 1.140267 -3.428550
v 2.386282 1.140267 3.790967
v 2.356670 1.140267 4.015890
v 2.298023 1.140267 4.157475
v 2.204729 1.140267 4.279059
v 2.083146 1.140267 4.372353
v 1.941560 1.140267 4.430999
v 1.716639 1.140267 4.460611
v -1.716638 1.140267 4.460611
v -1.941560 1.140267 4.430999
v -2.083146 1.140267 4.372353
v -2.204729 1.140267 4.279059
v -2.298023 1.140267 4.157475
v -2.356670 1.140267 4.015890
v -2.386281 1.140267 3.790967
v -2.386282 1.140267 -3.428550
v -2.386282 1.140267 -3.428550
v -2.386282 1.140267 -3.428550
v -2.386282 1.140267 -3.790967
v -2.356670 1.140267 -4.015890
v -2.298023 1.140267 -4.157475
v -2.204729 1.140267 -4.279058
v -2.083146 1.140267 -4.372353
v -1.941560 1.140267 -4.430999
v -1.716639 1.140267 -4.460611
v 1.716638 1.140267 -4.460611
v 1.941560 1.140267 -4.430999
v 2.083146 1.140267 -4.372353
v 2.204729 1.140267 -4.279059
v 2.298023 1.140267 -4.157475
v 2.356670 1.140267 -4.015890
v 2.386281 1.140267 -3.790967
v 3.258543 1.399031 3.674237
v 3.204288 1.399031 4.095120
v 3.045220 1.399031 4.487321
v 2.792179 1.399031 4.824111
v 2.462410 1.399031 5.082540
v 2.078385 1.399031 5.244994
v 1.666277 1.399031 5.300404
v -3.204288 1.399031 4.095121
v -3.258543 1.399031 3.674238
v -3.045220 1.399031 4.487321
v -2.792179 1.399031 4.824112
v -2.462410 1.399031 5.082540
v -2.078385 1.399031 5.244995
v -1.666277 1.399031 5.300404
v -2.078385 1.399031 -5.244994
v -1.666277 1.399031 -5.300404
v -2.462410 1.399031 -5.082540
v -2.792179 1.399031 -4.824111
v -3.045220 1.399031 -4.487321
v -3.204288 1.399031 -4.095120
v -3.258543 1.399031 -3.674237
v 3.204288 1.399031 -4.095121
v 3.258543 1.399031 -3.674238
v 3.045220 1.399031 -4.487321
v 2.792179 1.399031 -4.824112
v 2.462410 1.399031 -5.082540
v 2.078385 1.399031 -5.244995
v 1.666277 1.399031 -5.300404
v -3.258543 1.399031 -1.950885
v -3.258543 1.399031 -1.950885
v -3.258543 1.399031 -1.950885
v 2.078385 1.140267 -5.244995
v 1.666277 1.140267 -5.300404
v 2.462410 1.140267 -5.082540
v 2.792178 1.140267 -4.824111
v 3.045219 1.140267 -4.487321
v 3.204288 1.140267 -4.095121
v 3.258543 1.140267 -3.674238
v -3.204288 1.140267 -4.095121
v -3.258543 1.140267 -3.674237
v -3.045220 1.140267 -4.487321
v -2.792179 1.140267 -4.824111
v -2.462410 1.140267 -5.082540
v -2.078385 1.140267 -5.244995
v -1.666277 1.140267 -5.300404
v -2.078385 1.140267 5.244995
v -1.666277 1.140267 5.300404
v -2.462410 1.140267 5.082540
v -2.792178 1.140267 4.824111
v -3.045219 1.140267 4.487321
v -3.204288 1.140267 4.095121
v -3.258543 1.140267 3.674238
v 2.078385 1.140267 5.244995
v 1.666277 1.140267 5.300404
v 2.462410 1.140267 5.082540
v 2.792179 1.140267 4.824111
v 3.045220 1.140267 4.487321
v 3.204288 1.140267 4.095121
v 3.258543 1.140267 3.674237
v -3.258543 1.140267 -3.428550
v -3.258543 1.140267 -3.428550
v -3.258543 1.140267 -3.428550
v 2.240007 1.399031 3.643825
v 2.212210 1.399031 3.860017
v 2.157158 1.399031 3.996108
v 2.069583 1.399031 4.112972
v 1.955453 1.399031 4.202645
v 1.822546 1.399031 4.259015
v 1.611411 1.399031 4.287477
v -2.212210 1.399031 3.860018
v -2.240006 1.399031 3.643826
v -2.157158 1.399031 3.996108
v -2.069583 1.399031 4.112973
v -1.955452 1.399031 4.202645
v -1.822546 1.399031 4.259015
v -1.611412 1.399031 4.287477
v -1.822546 1.399031 -4.259015
v -1.611411 1.399031 -4.287477
v -1.955453 1.399031 -4.202645
v -2.069583 1.399031 -4.112972
v -2.157158 1.399031 -3.996108
v -2.212210 1.399031 -3.860017
v -2.240007 1.399031 -3.643825
v 2.212210 1.399031 -3.860018
v 2.240006 1.399031 -3.643826
v 2.157158 1.399031 -3.996108
v 2.069583 1.399031 -4.112973
v 1.955452 1.399031 -4.202645
v 1.822546 1.399031 -4.259015
v 1.611412 1.399031 -4.287477
v -2.240007 1.399031 -1.950885
v -2.240007 1.399031 -1.950885
v -2.240007 1.399031 -1.950885
v 2.240007 1.140267 3.643825
v 2.212210 1.140267 3.860017
v 2.157158 1.140267 3.996108
v 2.069583 1.140267 4.112973
v 1.955453 1.140267 4.202645
v 1.822546 1.140267 4.259015
v 1.611412 1.140267 4.287477
v -1.611411 1.140267 4.287477
v -1.822546 1.140267 4.259015
v -1.955452 1.140267 4.202645
v -2.069583 1.140267 4.112973
v -2.157158 1.140267 3.996108
v -2.212210 1.140267 3.860017
v -2.240006 1.140267 3.643825
v -2.240007 1.140267 -3.428550
v -2.240007 1.140267 -3.428550
v -2.240007 1.140267 -3.428550
v -2.240007 1.140267 -3.643825
v -2.212210 1.140267 -3.860017
v -2.157158 1.140267 -3.996108
v -2.069583 1.140267 -4.112972
v -1.955453 1.140267 -4.202645
v -1.822546 1.140267 -4.259015
v -1.611412 1.140267 -4.287477
v 1.611411 1.140267 -4.287477
v 1.822546 1.140267 -4.259015
v 1.955452 1.140267 -4.202645
v 2.069583 1.140267 -4.112973
v 2.157158 1.140267 -3.996108
v 2.212210 1.140267 -3.860017
v 2.240006 1.140267 -3.643825
v 2.386282 1.023119 3.790967
v 2.356670 1.023119 4.015890
v 2.386282 0.117148 3.790967
v 2.356670 0.117148 4.015890
v 2.298023 1.023119 4.157475
v 2.298023 0.117148 4.157476
v 2.204729 1.023119 4.279059
v 2.204729 0.117148 4.279059
v 2.083146 1.023119 4.372353
v 2.083146 0.117148 4.372353
v 1.941561 1.023119 4.430999
v 1.941561 0.117148 4.430999
v 1.716639 1.023119 4.460611
v 1.716639 0.117148 4.460611
v -1.716638 1.023119 4.460611
v -1.716638 0.117148 4.460611
v -1.941560 1.023119 4.430999
v -1.941560 0.117148 4.430999
v -2.083146 1.023119 4.372353
v -2.083146 0.117148 4.372353
v -2.204729 1.023119 4.279059
v -2.204729 0.117148 4.279059
v -2.298023 1.023119 4.157475
v -2.298023 0.117148 4.157475
v -2.356670 1.023119 4.015889
v -2.356670 0.117148 4.015889
v -2.386281 1.023119 3.790967
v -2.386281 0.117148 3.790967
v -2.386282 1.023119 -3.428550
v -2.386282 1.023119 -3.428550
v -2.386282 1.023119 -3.790967
v -2.386282 0.117148 -3.428550
v -2.386282 0.117148 -3.428550
v -2.386282 0.117148 -3.790967
v -2.356670 1.023119 -4.015890
v -2.356670 0.117148 -4.015890
v -2.298023 1.023119 -4.157475
v -2.298023 0.117148 -4.157476
v -2.204729 1.023119 -4.279058
v -2.204729 0.117148 -4.279059
v -2.083146 1.023119 -4.372353
v -2.083146 0.117148 -4.372353
v -1.941561 1.023119 -4.430999
v -1.941561 0.117148 -4.430999
v -1.716639 1.023119 -4.460611
v -1.716639 0.117148 -4.460611
v 1.716638 1.023119 -4.460611
v 1.716638 0.117148 -4.460611
v 1.941560 1.023119 -4.430999
v 1.941560 0.117148 -4.430999
v 2.083146 1.023119 -4.372353
v 2.083146 0.117148 -4.372353
v 2.204729 1.023119 -4.279059
v 2.204729 0.117148 -4.279059
v 2.298023 1.023119 -4.157475
v 2.298023 0.117148 -4.157475
v 2.356670 1.023119 -4.015889
v 2.356670 0.117148 -4.015889
v 2.386281 1.023119 -3.790967
v 2.386281 0.117148 -3.790967
v 2.837691 1.023119 4.126785
v 2.802478 1.023119 4.371631
v 2.837691 0.117148 4.126785
v 2.802478 0.117148 4.371632
v 2.732737 1.023119 4.525759
v 2.732737 0.117148 4.525759
v 2.621794 1.023119 4.658113
v 2.621794 0.117148 4.658113
v 2.477211 1.023119 4.759671
v 2.477211 0.117148 4.759671
v 2.308842 1.023119 4.823513
v 2.308842 0.117148 4.823513
v 2.041373 1.023119 4.855747
v 2.041373 0.117148 4.855747
v -2.041372 1.023119 4.855747
v -2.041372 0.117148 4.855747
v -2.308842 1.023119 4.823513
v -2.308841 0.117148 4.823513
v -2.477211 1.023119 4.759671
v -2.477211 0.117148 4.759671
v -2.621794 1.023119 4.658113
v -2.621794 0.117148 4.658113
v -2.732736 1.023119 4.525759
v -2.732736 0.117148 4.525759
v -2.802478 1.023119 4.371631
v -2.802478 0.117148 4.371631
v -2.837690 1.023119 4.126784
v -2.837690 0.117148 4.126784
v -2.837691 1.023119 -3.428550
v -2.837691 1.023119 -3.428550
v -2.837691 1.023119 -3.428550
v -2.837691 1.023119 -4.126784
v -2.837691 0.117148 -3.428550
v -2.837691 0.117148 -3.428550
v -2.837691 0.117148 -3.428550
v -2.837691 0.117148 -4.126785
v -2.802478 1.023119 -4.371631
v -2.802478 0.117148 -4.371632
v -2.732737 1.023119 -4.525759
v -2.732737 0.117148 -4.525759
v -2.621794 1.023119 -4.658113
v -2.621794 0.117148 -4.658113
v -2.477211 1.023119 -4.759671
v -2.477211 0.117148 -4.759671
v -2.308842 1.023119 -4.823513
v -2.308842 0.117148 -4.823513
v -2.041373 1.023119 -4.855747
v -2.041373 0.117148 -4.855747
v 2.041372 1.023119 -4.855747
v 2.041372 0.117148 -4.855747
v 2.308842 1.023119 -4.823513
v 2.308841 0.117148 -4.823513
v 2.477211 1.023119 -4.759671
v 2.477211 0.117148 -4.759671
v 2.621794 1.023119 -4.658113
v 2.621794 0.117148 -4.658113
v 2.732736 1.023119 -4.525759
v 2.732736 0.117148 -4.525759
v 2.802478 1.023119 -4.371631
v 2.802478 0.117148 -4.371631
v 2.837690 1.023119 -4.126784
v 2.837690 0.117148 -4.126784
v 2.356670 0.596728 4.015890
v 2.386282 0.596728 3.790967
v 2.298023 0.596728 4.157476
v 2.204729 0.596728 4.279059
v 2.083146 0.596728 4.372353
v 1.941561 0.596728 4.430999
v 1.716639 0.596728 4.460611
v -2.386281 0.596728 3.790967
v -2.356670 0.596728 4.015889
v -2.298023 0.596728 4.157475
v -2.204729 0.596728 4.279058
v -2.083146 0.596728 4.372353
v -1.941560 0.596728 4.430999
v -1.716638 0.596728 4.460611
v -1.716639 0.596728 -4.460611
v -1.941561 0.596728 -4.430999
v -2.083146 0.596728 -4.372353
v -2.204729 0.596728 -4.279059
v -2.298023 0.596728 -4.157476
v -2.356670 0.596728 -4.015890
v -2.386282 0.596728 -3.790967
v 2.386281 0.596728 -3.790967
v 2.356670 0.596728 -4.015889
v 2.298023 0.596728 -4.157475
v 2.204729 0.596728 -4.279058
v 2.083146 0.596728 -4.372353
v 1.941560 0.596728 -4.430999
v 1.716638 0.596728 -4.460611
v -2.386282 0.596728 -3.428550
v -2.386282 0.596728 -3.428550
v 2.386282 0.673593 3.790967
v 2.356670 0.673593 4.015890
v 2.298023 0.673593 4.157476
v 2.204729 0.673593 4.279059
v 2.083146 0.673593 4.372353
v 1.941561 0.673593 4.430999
v 1.716639 0.673593 4.460611
v -1.716638 0.673593 4.460611
v -1.941560 0.673593 4.430999
v -2.083146 0.673593 4.372353
v -2.204729 0.673593 4.279059
v -2.298023 0.673593 4.157475
v -2.356670 0.673593 4.015889
v -2.386281 0.673593 3.790967
v -2.386282 0.673593 -3.428550
v -2.386282 0.673593 -3.428550
v -2.386282 0.673593 -3.790967
v -2.356670 0.673593 -4.015890
v -2.298023 0.673593 -4.157476
v -2.204729 0.673593 -4.279059
v -2.083146 0.673593 -4.372353
v -1.941561 0.673593 -4.430999
v -1.716639 0.673593 -4.460611
v 1.716638 0.673593 -4.460611
v 1.941560 0.673593 -4.430999
v 2.083146 0.673593 -4.372353
v 2.204729 0.673593 -4.279059
v 2.298023 0.673593 -4.157475
v 2.356670 0.673593 -4.015889
v 2.386281 0.673593 -3.790967
v -3.135190 0.000000 -2.006271
v -3.135190 0.000000 -2.006271
v -3.135190 0.000000 -1.950885
v -3.258543 1.399031 -3.428550
v -3.258543 1.399031 -3.428550
v -3.258543 1.399031 -3.428550
v -3.244055 1.151420 -3.413460
v -3.244055 1.151420 -3.413460
v -3.244055 1.151420 -3.413460
v -2.240007 1.399031 -3.428550
v -2.240007 1.399031 -3.428550
v -2.240007 1.399031 -3.428550
v -2.254825 1.151420 -3.413460
v -2.254825 1.151420 -3.413460
v -2.254825 1.151420 -3.413460
v -3.135190 1.140267 -1.950885
v -3.135190 1.140267 -1.950885
v -3.135190 1.140267 -1.950885
v -3.135190 1.140267 -2.006271
v -3.135190 1.140267 -2.006271
v -2.386281 1.140267 -1.950885
v -2.386281 1.140267 -1.950885
v -2.386281 1.140267 -1.950885
v -2.386282 1.399031 -3.428550
v -3.135190 1.399031 -3.428550
v -3.244055 1.387878 -1.965976
v -3.244055 1.387878 -1.965976
v -3.244055 1.387878 -1.965976
v -2.254825 1.387878 -1.965976
v -2.254825 1.387878 -1.965976
v -2.254825 1.387878 -1.965976
v -2.386281 0.000000 -1.950885
v -3.258543 1.140267 -1.950885
v -3.258543 1.140267 -1.950885
v -3.258543 1.140267 -1.950885
v -2.240007 1.140267 -1.950885
v -2.240007 1.140267 -1.950885
v -2.240007 1.140267 -1.950885
v -2.386281 1.023119 -1.950885
v -2.386281 1.023119 -1.950885
v -2.386281 0.117148 -1.950885
v -2.386281 0.117148 -1.950885
v -2.837690 1.023119 -1.950885
v -2.837690 1.023119 -1.950885
v -2.837690 1.023119 -1.950885
v -2.837690 0.117148 -1.950885
v -2.837690 0.117148 -1.950885
v -2.837690 0.117148 -1.950885
v -2.386281 1.399031 -1.950885
v -3.135190 1.399031 -1.950885
v -2.386281 0.596728 -1.950885
v -2.386281 0.596728 -1.950885
v -2.386281 0.673593 -1.950885
v -2.386281 0.673593 -1.950885
v -2.837690 0.673593 -1.950885
v -2.837690 0.596728 -1.950885
v -2.837691 0.596728 -3.428550
v -2.837691 0.673593 -3.428550
v -2.386281 1.140267 -2.006271
v -2.386281 1.140267 -2.006271
v -2.837691 1.023119 -3.373164
v -2.837691 0.117148 -3.373164
v -2.386282 1.140267 -3.373164
v -2.386282 1.140267 -3.373164
v -2.386282 1.023119 -3.373164
v -3.135190 0.570134 -3.373164
v -3.135190 0.000000 -3.373164
v -3.135190 0.000000 -3.373164
v -2.386282 0.117148 -3.373164
v -2.386282 0.000000 -3.373164
v -2.386282 0.000000 -3.373164
v -3.135190 0.570134 -2.006271
v -2.837690 1.023119 -2.006271
v -2.837690 0.117148 -2.006271
v -2.386281 1.023119 -2.006271
v -2.386281 0.117148 -2.006271
v -2.386281 0.000000 -2.006271
v -2.386281 0.000000 -2.006271
v -3.135190 1.140267 -3.373164
v -3.135190 1.140267 -3.373164
v -3.244055 1.151420 -1.965976
v -3.244055 1.151420 -1.965976
v -3.244055 1.151420 -1.965976
v -3.258543 1.140267 -1.981066
v -3.258543 1.140267 -1.981066
v -3.258543 1.140267 -1.981066
v -3.258543 1.140267 -3.398369
v -3.258543 1.140267 -3.398369
v -3.258543 1.140267 -3.398369
v -2.254825 1.151420 -1.965976
v -2.254825 1.151420 -1.965976
v -2.254825 1.151420 -1.965976
v -2.240007 1.140267 -1.981066
v -2.240007 1.140267 -1.981066
v -2.240007 1.140267 -1.981066
v -2.240007 1.140267 -3.398370
v -2.240007 1.140267 -3.398370
v -2.240007 1.140267 -3.398370
v -3.244055 1.387878 -3.413459
v -3.244055 1.387878 -3.413459
v -3.244055 1.387878 -3.413459
v -3.258543 1.399031 -3.398369
v -3.258543 1.399031 -3.398369
v -3.258543 1.399031 -3.398369
v -3.258543 1.399031 -1.981066
v -3.258543 1.399031 -1.981066
v -3.258543 1.399031 -1.981066
v -2.254825 1.387878 -3.413460
v -2.254825 1.387878 -3.413460
v -2.254825 1.387878 -3.413460
v -2.240007 1.399031 -3.398369
v -2.240007 1.399031 -3.398369
v -2.240007 1.399031 -3.398369
v -2.240007 1.399031 -1.981066
v -2.240007 1.399031 -1.981066
v -2.240007 1.399031 -1.981066
v -2.386282 1.140267 -3.398370
v -3.135190 1.140267 -3.398369
v -2.386281 1.140267 -1.981066
v -3.135190 1.140267 -1.981066
v -2.386282 1.399031 -3.398369
v -2.386281 1.399031 -1.981066
v -3.135190 1.399031 -1.981066
v -3.135190 1.399031 -3.398369
v -2.396891 1.387878 -3.413460
v -3.124251 1.151420 -3.413460
v -2.396891 1.151420 -3.413460
v -3.124251 1.387878 -3.413459
v -2.396891 1.151420 -1.965976
v -3.124251 1.387878 -1.965976
v -2.396891 1.387878 -1.965976
v -3.124251 1.151420 -1.965976
v 1.182213 0.193636 1.876781
v 0.491238 0.075543 2.761393
v 1.129615 0.000000 2.334842
v 0.979831 0.000000 2.559011
v 0.491301 0.197065 2.761415
v 0.491238 1.411046 2.761393
v 1.182213 1.411046 2.070418
v 0.755663 1.411046 2.708795
v 0.979831 1.411046 2.559011
v 1.129616 1.411046 2.334842
v 1.182213 1.063287 1.876781
v 1.129616 1.256923 2.334842
v 0.979831 1.256923 2.559011
v 0.491301 1.083891 2.761415
v 0.491238 1.205412 2.761393
v 1.274221 1.256923 2.111599
v 1.274221 1.411046 2.111599
v 1.217530 1.411046 2.381283
v 1.056088 1.411046 2.638330
v 0.814473 1.411046 2.791093
v 0.529469 1.411046 2.844737
v 1.217530 1.256923 2.381283
v 1.056088 1.256923 2.638330
v 0.814473 1.256923 2.791093
v 0.529469 1.256923 2.844737
v 1.182213 0.193636 0.883775
v 1.194453 1.411046 0.367673
v 1.182213 1.063287 0.883775
v 1.274220 1.411046 0.703866
v 1.274220 1.256923 0.703866
v 0.689535 1.411046 0.367673
v 1.208650 1.411046 0.690139
v 0.491238 1.411046 0.690139
v 0.755663 1.256923 2.708795
v 0.755662 0.000000 2.708795
v 0.491238 0.000000 2.761393
v 0.491238 1.256923 2.761393
v 0.610550 1.205412 2.737729
v 0.610550 0.075543 2.737729
v 0.610550 1.205412 2.759974
v 0.610550 0.075543 2.759974
v 0.491238 0.075543 2.783638
v 0.491238 1.205412 2.783638
v 0.491301 1.083891 2.783659
v 0.491301 0.197065 2.783659
v 1.182213 0.000000 -0.000000
v 1.208650 1.411046 -0.000000
v 1.182213 1.256923 -0.000000
v 1.274220 1.411046 -0.000000
v 1.274220 1.256923 -0.000000
v 1.194453 1.411046 -0.000000
v 0.491238 1.411046 -0.000000
v 0.689535 1.411046 -0.000000
v 1.129616 0.640478 2.334842
v 0.979831 0.640478 2.559011
v 0.755662 0.640478 2.708795
v 1.182213 0.640478 1.960694
v 1.182213 0.640478 0.799863
v 0.610550 0.640478 2.737729
v 0.491301 0.640478 2.761415
v 0.610550 0.640478 2.759974
v 0.491301 0.640478 2.783659
v 1.182213 0.640478 -0.000000
v 1.182213 0.000000 0.690139
v 1.182213 0.000000 2.070418
v 1.182213 0.640478 2.070418
v 1.182213 1.256923 2.070418
v 1.182213 1.256923 0.690139
v 1.182213 0.640478 0.690139
v 1.182213 0.109724 0.799863
v 1.182213 0.109724 1.960694
v 1.182213 0.640478 1.876781
v 1.182213 1.147199 1.960694
v 1.182213 1.147199 0.799863
v 1.182213 0.640478 0.883775
v 1.201153 0.109724 0.799863
v 1.201153 0.109724 1.960694
v 1.201153 0.640478 1.960694
v 1.201153 1.147199 1.960694
v 1.201153 1.147199 0.799863
v 1.201153 0.640478 0.799863
v 1.201153 0.193636 0.883775
v 1.201153 0.193636 1.876781
v 1.201153 0.640478 1.876781
v 1.201153 1.063287 1.876781
v 1.201153 1.063287 0.883775
v 1.201153 0.640478 0.883775
v 1.182213 0.193636 1.876781
v 1.182213 1.063287 1.876781
v 1.182213 0.193636 0.883775
v 1.182213 1.063287 0.883775
v 1.182213 0.193636 1.372204
v 1.182213 0.193636 1.388353
v 1.174163 0.193636 1.380278
v 1.182213 1.063287 1.388353
v 1.182213 1.063287 1.372204
v 1.174163 1.063287 1.380278
v 0.000000 1.411046 2.761393
v 0.000000 1.256923 2.761393
v 0.000000 1.411046 2.844737
v 0.000000 1.256923 2.844737
v 0.000000 1.411046 0.690139
v 0.000000 1.205412 2.761393
v 0.000000 1.205412 2.783638
v 0.000000 1.083891 2.783632
v 0.000000 1.083891 2.761386
v 0.000000 1.411046 0.000000
v 0.000000 0.000000 2.761393
v 0.000000 0.075543 2.761393
v 0.000000 0.075543 2.783638
v 0.000000 0.197065 2.783632
v 0.000000 0.197065 2.761386
v 0.000000 0.000000 0.000000
v 0.000000 0.000000 0.690139
v 0.000000 0.000000 2.070418
v 0.000000 0.000000 2.334842
v 0.000000 0.000000 2.559011
v 0.000000 0.000000 2.708795
v 1.182213 0.193636 -1.876781
v 0.491238 0.075543 -2.761393
v 1.129615 0.000000 -2.334842
v 0.979831 0.000000 -2.559011
v 0.491301 0.197065 -2.761415
v 0.491238 1.411046 -2.761393
v 1.182213 1.411046 -2.070418
v 0.755662 1.411046 -2.708795
v 0.979831 1.411046 -2.559011
v 1.129615 1.411046 -2.334842
v 1.182213 1.063287 -1.876781
v 1.129615 1.256923 -2.334842
v 0.979831 1.256923 -2.559011
v 0.491301 1.083891 -2.761415
v 0.491238 1.205412 -2.761393
v 1.274220 1.256923 -2.111599
v 1.274220 1.411046 -2.111599
v 1.217530 1.411046 -2.381283
v 1.056088 1.411046 -2.638330
v 0.814473 1.411046 -2.791093
v 0.529469 1.411046 -2.844737
v 1.217530 1.256923 -2.381283
v 1.056088 1.256923 -2.638330
v 0.814473 1.256923 -2.791093
v 0.529469 1.256923 -2.844737
v 1.182213 0.193636 -0.883776
v 1.194453 1.411046 -0.367673
v 1.182213 1.063287 -0.883776
v 1.274220 1.411046 -0.703867
v 1.274220 1.256923 -0.703867
v 0.689535 1.411046 -0.367673
v 1.208650 1.411046 -0.690139
v 0.491238 1.411046 -0.690139
v 0.755662 1.256923 -2.708795
v 0.755662 0.000000 -2.708795
v 0.491238 0.000000 -2.761393
v 0.491238 1.256923 -2.761393
v 0.610550 1.205412 -2.737729
v 0.610550 0.075543 -2.737729
v 0.610550 1.205412 -2.759974
v 0.610550 0.075543 -2.759974
v 0.491238 0.075543 -2.783638
v 0.491238 1.205412 -2.783638
v 0.491301 1.083891 -2.783659
v 0.491301 0.197065 -2.783659
v 1.129615 0.640478 -2.334842
v 0.979831 0.640478 -2.559011
v 0.755662 0.640478 -2.708795
v 1.182213 0.640478 -1.960694
v 1.182213 0.640478 -0.799863
v 0.610550 0.640478 -2.737729
v 0.491301 0.640478 -2.761415
v 0.610550 0.640478 -2.759974
v 0.491301 0.640478 -2.783659
v 1.182213 0.000000 -0.690139
v 1.182213 0.000000 -2.070418
v 1.182213 0.640478 -2.070418
v 1.182213 1.256923 -2.070418
v 1.182213 1.256923 -0.690139
v 1.182213 0.640478 -0.690139
v 1.182213 0.109724 -0.799863
v 1.182213 0.109724 -1.960694
v 1.182213 0.640478 -1.876781
v 1.182213 1.147199 -1.960694
v 1.182213 1.147199 -0.799863
v 1.182213 0.640478 -0.883776
v 1.201153 0.109724 -0.799863
v 1.201153 0.109724 -1.960694
v 1.201153 0.640478 -1.960694
v 1.201153 1.147199 -1.960694
v 1.201153 1.147199 -0.799863
v 1.201153 0.640478 -0.799863
v 1.201153 0.193636 -0.883776
v 1.201153 0.193636 -1.876781
v 1.201153 0.640478 -1.876781
v 1.201153 1.063287 -1.876781
v 1.201153 1.063287 -0.883776
v 1.201153 0.640478 -0.883776
v 1.182213 0.193636 -1.876781
v 1.182213 1.063287 -1.876781
v 1.182213 0.193636 -0.883776
v 1.182213 1.063287 -0.883776
v 1.182213 0.193636 -1.372204
v 1.182213 0.193636 -1.388353
v 1.174162 0.193636 -1.380278
v 1.182213 1.063287 -1.388353
v 1.182213 1.063287 -1.372204
v 1.174162 1.063287 -1.380278
v -0.000000 1.411046 -2.761393
v -0.000000 1.256923 -2.761393
v -0.000000 1.411046 -2.844737
v -0.000000 1.256923 -2.844737
v -0.000000 1.411046 -0.690139
v -0.000000 1.205412 -2.761393
v -0.000000 1.205412 -2.783638
v -0.000000 1.083891 -2.783632
v -0.000000 1.083891 -2.761386
v -0.000000 0.000000 -2.761393
v -0.000000 0.075543 -2.761393
v -0.000000 0.075543 -2.783638
v -0.000000 0.197065 -2.783632
v -0.000000 0.197065 -2.761386
v -0.000000 0.000000 -0.690139
v -0.000000 0.000000 -2.070418
v -0.000000 0.000000 -2.334842
v -0.000000 0.000000 -2.559011
v -0.000000 0.000000 -2.708795
v -1.182213 0.193636 1.876781
v -0.491238 0.075543 2.761393
v -1.129615 0.000000 2.334842
v -0.979831 0.000000 2.559011
v -0.491301 0.197065 2.761415
v -0.491238 1.411046 2.761393
v -1.182213 1.411046 2.070418
v -0.755662 1.411046 2.708795
v -0.979831 1.411046 2.559011
v -1.129615 1.411046 2.334842
v -1.182213 1.063287 1.876781
v -1.129615 1.256923 2.334842
v -0.979831 1.256923 2.559011
v -0.491301 1.083891 2.761415
v -0.491238 1.205412 2.761393
v -1.274220 1.256923 2.111599
v -1.274220 1.411046 2.111599
v -1.217530 1.411046 2.381283
v -1.056088 1.411046 2.638330
v -0.814473 1.411046 2.791093
v -0.529469 1.411046 2.844737
v -1.217530 1.256923 2.381283
v -1.056088 1.256923 2.638330
v -0.814473 1.256923 2.791093
v -0.529469 1.256923 2.844737
v -1.182213 0.193636 0.883776
v -1.194453 1.411046 0.367673
v -1.182213 1.063287 0.883776
v -1.274220 1.411046 0.703867
v -1.274220 1.256923 0.703867
v -0.689535 1.411046 0.367673
v -1.208650 1.411046 0.690139
v -0.491238 1.411046 0.690139
v -0.755662 1.256923 2.708795
v -0.755662 0.000000 2.708795
v -0.491238 0.000000 2.761393
v -0.491238 1.256923 2.761393
v -0.610550 1.205412 2.737729
v -0.610550 0.075543 2.737729
v -0.610550 1.205412 2.759974
v -0.610550 0.075543 2.759974
v -0.491238 0.075543 2.783638
v -0.491238 1.205412 2.783638
v -0.491301 1.083891 2.783659
v -0.491301 0.197065 2.783659
v -1.182213 0.000000 0.000000
v -1.208650 1.411046 0.000000
v -1.182213 1.256923 0.000000
v -1.274220 1.411046 0.000000
v -1.274220 1.256923 0.000000
v -1.194453 1.411046 0.000000
v -0.491238 1.411046 0.000000
v -0.689535 1.411046 0.000000
v -1.129615 0.640478 2.334842
v -0.979831 0.640478 2.559011
v -0.755662 0.640478 2.708795
v -1.182213 0.640478 1.960694
v -1.182213 0.640478 0.799863
v -0.610550 0.640478 2.737729
v -0.491301 0.640478 2.761415
v -0.610550 0.640478 2.759974
v -0.491301 0.640478 2.783659
v -1.182213 0.640478 0.000000
v -1.182213 0.000000 0.690139
v -1.182213 0.000000 2.070418
v -1.182213 0.640478 2.070418
v -1.182213 1.256923 2.070418
v -1.182213 1.256923 0.690139
v -1.182213 0.640478 0.690139
v -1.182213 0.109724 0.799863
v -1.182213 0.109724 1.960694
v -1.182213 0.640478 1.876781
v -1.182213 1.147199 1.960694
v -1.182213 1.147199 0.799863
v -1.182213 0.640478 0.883776
v -1.201153 0.109724 0.799863
v -1.201153 0.109724 1.960694
v -1.201153 0.640478 1.960694
v -1.201153 1.147199 1.960694
v -1.201153 1.147199 0.799863
v -1.201153 0.640478 0.799863
v -1.201153 0.193636 0.883776
v -1.201153 0.193636 1.876781
v -1.201153 0.640478 1.876781
v -1.201153 1.063287 1.876781
v -1.201153 1.063287 0.883776
v -1.201153 0.640478 0.883776
v -1.182213 0.193636 1.876781
v -1.182213 1.063287 1.876781
v -1.182213 0.193636 0.883776
v -1.182213 1.063287 0.883776
v -1.182213 0.193636 1.372204
v -1.182213 0.193636 1.388353
v -1.174162 0.193636 1.380278
v -1.182213 1.063287 1.388353
v -1.182213 1.063287 1.372204
v -1.174162 1.063287 1.380278
v -1.182213 0.193636 -1.876781
v -0.491238 0.075543 -2.761393
v -1.129615 0.000000 -2.334842
v -0.979831 0.000000 -2.559011
v -0.491301 0.197065 -2.761415
v -0.491238 1.411046 -2.761393
v -1.182213 1.411046 -2.070418
v -0.755663 1.411046 -2.708795
v -0.979831 1.411046 -2.559011
v -1.129616 1.411046 -2.334842
v -1.182213 1.063287 -1.876781
v -1.129616 1.256923 -2.334842
v -0.979831 1.256923 -2.559011
v -0.491301 1.083891 -2.761415
v -0.491238 1.205412 -2.761393
v -1.274221 1.256923 -2.111599
v -1.274221 1.411046 -2.111599
v -1.217530 1.411046 -2.381283
v -1.056088 1.411046 -2.638330
v -0.814473 1.411046 -2.791093
v -0.529469 1.411046 -2.844737
v -1.217530 1.256923 -2.381283
v -1.056088 1.256923 -2.638330
v -0.814473 1.256923 -2.791093
v -0.529469 1.256923 -2.844737
v -1.182213 0.193636 -0.883775
v -1.194453 1.411046 -0.367673
v -1.182213 1.063287 -0.883775
v -1.274220 1.411046 -0.703866
v -1.274220 1.256923 -0.703866
v -0.689535 1.411046 -0.367673
v -1.208650 1.411046 -0.690139
v -0.491238 1.411046 -0.690139
v -0.755663 1.256923 -2.708795
v -0.755662 0.000000 -2.708795
v -0.491238 0.000000 -2.761393
v -0.491238 1.256923 -2.761393
v -0.610550 1.205412 -2.737729
v -0.610550 0.075543 -2.737729
v -0.610550 1.205412 -2.759974
v -0.610550 0.075543 -2.759974
v -0.491238 0.075543 -2.783638
v -0.491238 1.205412 -2.783638
v -0.491301 1.083891 -2.783659
v -0.491301 0.197065 -2.783659
v -1.129616 0.640478 -2.334842
v -0.979831 0.640478 -2.559011
v -0.755662 0.640478 -2.708795
v -1.182213 0.640478 -1.960694
v -1.182213 0.640478 -0.799863
v -0.610550 0.640478 -2.737729
v -0.491301 0.640478 -2.761415
v -0.610550 0.640478 -2.759974
v -0.491301 0.640478 -2.783659
v -1.182213 0.000000 -0.690139
v -1.182213 0.000000 -2.070418
v -1.182213 0.640478 -2.070418
v -1.182213 1.256923 -2.070418
v -1.182213 1.256923 -0.690139
v -1.182213 0.640478 -0.690139
v -1.182213 0.109724 -0.799863
v -1.182213 0.109724 -1.960694
v -1.182213 0.640478 -1.876781
v -1.182213 1.147199 -1.960694
v -1.182213 1.147199 -0.799863
v -1.182213 0.640478 -0.883775
v -1.201153 0.109724 -0.799863
v -1.201153 0.109724 -1.960694
v -1.201153 0.640478 -1.960694
v -1.201153 1.147199 -1.960694
v -1.201153 1.147199 -0.799863
v -1.201153 0.640478 -0.799863
v -1.201153 0.193636 -0.883775
v -1.201153 0.193636 -1.876781
v -1.201153 0.640478 -1.876781
v -1.201153 1.063287 -1.876781
v -1.201153 1.063287 -0.883775
v -1.201153 0.640478 -0.883775
v -1.182213 0.193636 -1.876781
v -1.182213 1.063287 -1.876781
v -1.182213 0.193636 -0.883775
v -1.182213 1.063287 -0.883775
v -1.182213 0.193636 -1.372204
v -1.182213 0.193636 -1.388353
v -1.174163 0.193636 -1.380278
v -1.182213 1.063287 -1.388353
v -1.182213 1.063287 -1.372204
v -1.174163 1.063287 -1.380278
v 1.129615 0.000000 2.334842
v 1.182213 0.000000 2.070418
v 0.979831 0.000000 2.559011
v 0.755662 0.000000 2.708795
v 0.491238 0.000000 2.761393
v 1.182213 0.000000 0.690139
v 0.755663 1.256923 2.708795
v 0.491238 1.256923 2.761393
v 0.979831 1.256923 2.559011
v 1.129616 1.256923 2.334842
v 1.182213 1.256923 2.070418
v 1.182213 1.256923 0.690139
v 1.274221 1.411046 2.111599
v 1.217530 1.411046 2.381283
v 1.056088 1.411046 2.638330
v 0.814473 1.411046 2.791093
v 0.529469 1.411046 2.844737
v 1.274220 1.411046 0.703866
v 0.814473 1.256923 2.791093
v 0.529469 1.256923 2.844737
v 1.056088 1.256923 2.638330
v 1.217530 1.256923 2.381283
v 1.274221 1.256923 2.111599
v 1.274220 1.256923 0.703866
v 1.182213 0.000000 -0.000000
v 1.182213 1.256923 -0.000000
v 1.274220 1.411046 -0.000000
v 1.274220 1.256923 -0.000000
v 0.610550 0.640478 2.737729
v 0.610550 0.075543 2.737729
v 0.610550 0.075543 2.737729
v 0.491238 0.075543 2.761393
v 0.610550 1.205412 2.737729
v 0.610550 1.205412 2.737729
v 0.491238 1.205412 2.761393
v 0.610550 0.075543 2.759974
v 0.610550 0.075543 2.759974
v 0.491301 1.083891 2.761415
v 0.491301 1.083891 2.783659
v 0.491301 1.083891 2.783659
v 0.610550 1.205412 2.759974
v 0.610550 1.205412 2.759974
v 0.610550 0.640478 2.759974
v 0.491238 0.075543 2.783638
v 0.491238 1.205412 2.783638
v 0.491301 0.640478 2.783659
v 0.491301 0.197065 2.783659
v 0.491301 0.197065 2.783659
v 0.491301 0.197065 2.761415
v 1.182213 0.109724 0.799863
v 1.182213 0.109724 0.799863
v 1.182213 0.109724 1.960694
v 1.182213 0.109724 1.960694
v 1.182213 0.640478 1.960694
v 1.182213 1.147199 1.960694
v 1.182213 1.147199 1.960694
v 1.182213 1.147199 0.799863
v 1.182213 1.147199 0.799863
v 1.182213 0.640478 0.799863
v 1.182213 1.063287 1.876781
v 1.201153 1.063287 1.876781
v 1.201153 1.063287 1.876781
v 1.201153 1.147199 0.799863
v 1.201153 1.147199 0.799863
v 1.201153 1.147199 1.960694
v 1.201153 1.147199 1.960694
v 1.201153 0.193636 0.883775
v 1.201153 0.193636 0.883775
v 1.182213 0.193636 0.883775
v 1.182213 0.193636 1.876781
v 1.201153 0.193636 1.876781
v 1.201153 0.193636 1.876781
v 1.201153 0.109724 0.799863
v 1.201153 0.109724 0.799863
v 1.201153 0.109724 1.960694
v 1.201153 0.109724 1.960694
v 1.201153 0.640478 1.960694
v 1.201153 0.640478 0.799863
v 1.201153 0.640478 1.876781
v 1.201153 1.063287 0.883775
v 1.201153 1.063287 0.883775
v 1.201153 0.640478 0.883775
v 1.182213 1.063287 0.883775
v 1.182213 0.193636 1.388353
v 1.182213 0.193636 1.388353
v 1.174163 0.193636 1.380278
v 1.174163 0.193636 1.380278
v 1.182213 0.193636 1.372204
v 1.182213 0.193636 1.372204
v 1.174163 1.063287 1.380278
v 1.174163 1.063287 1.380278
v 1.182213 1.063287 1.388353
v 1.182213 1.063287 1.388353
v 1.182213 1.063287 1.372204
v 1.182213 1.063287 1.372204
v 0.000000 1.256923 2.761393
v 0.000000 1.411046 2.844737
v 0.000000 1.256923 2.844737
v 0.000000 1.205412 2.761393
v 0.000000 1.205412 2.783638
v 0.000000 1.083891 2.783632
v 0.000000 0.000000 2.761393
v 0.000000 0.075543 2.761393
v 0.000000 0.075543 2.783638
v 0.000000 0.197065 2.783632
v 1.129615 0.000000 -2.334842
v 1.182213 0.000000 -2.070418
v 0.979831 0.000000 -2.559011
v 0.755662 0.000000 -2.708795
v 0.491238 0.000000 -2.761393
v 1.182213 0.000000 -0.690139
v 0.755662 1.256923 -2.708795
v 0.491238 1.256923 -2.761393
v 0.979831 1.256923 -2.559011
v 1.129615 1.256923 -2.334842
v 1.182213 1.256923 -2.070418
v 1.182213 1.256923 -0.690139
v 1.274220 1.411046 -2.111599
v 1.217530 1.411046 -2.381283
v 1.056088 1.411046 -2.638330
v 0.814473 1.411046 -2.791093
v 0.529469 1.411046 -2.844737
v 1.274220 1.411046 -0.703867
v 0.814473 1.256923 -2.791093
v 0.529469 1.256923 -2.844737
v 1.056088 1.256923 -2.638330
v 1.217530 1.256923 -2.381283
v 1.274220 1.256923 -2.111599
v 1.274220 1.256923 -0.703867
v 0.610550 0.640478 -2.737729
v 0.610550 0.075543 -2.737729
v 0.610550 0.075543 -2.737729
v 0.491238 0.075543 -2.761393
v 0.610550 1.205412 -2.737729
v 0.610550 1.205412 -2.737729
v 0.491238 1.205412 -2.761393
v 0.610550 0.075543 -2.759974
v 0.610550 0.075543 -2.759974
v 0.491301 1.083891 -2.761415
v 0.491301 1.083891 -2.783659
v 0.491301 1.083891 -2.783659
v 0.610550 1.205412 -2.759974
v 0.610550 1.205412 -2.759974
v 0.610550 0.640478 -2.759974
v 0.491238 0.075543 -2.783638
v 0.491238 1.205412 -2.783638
v 0.491301 0.640478 -2.783659
v 0.491301 0.197065 -2.783659
v 0.491301 0.197065 -2.783659
v 0.491301 0.197065 -2.761415
v 1.182213 0.109724 -0.799863
v 1.182213 0.109724 -0.799863
v 1.182213 0.109724 -1.960694
v 1.182213 0.109724 -1.960694
v 1.182213 0.640478 -1.960694
v 1.182213 1.147199 -1.960694
v 1.182213 1.147199 -1.960694
v 1.182213 1.147199 -0.799863
v 1.182213 1.147199 -0.799863
v 1.182213 0.640478 -0.799863
v 1.182213 1.063287 -1.876781
v 1.201153 1.063287 -1.876781
v 1.201153 1.063287 -1.876781
v 1.201153 1.147199 -0.799863
v 1.201153 1.147199 -0.799863
v 1.201153 1.147199 -1.960694
v 1.201153 1.147199 -1.960694
v 1.201153 0.193636 -0.883776
v 1.201153 0.193636 -0.883776
v 1.182213 0.193636 -0.883776
v 1.182213 0.193636 -1.876781
v 1.201153 0.193636 -1.876781
v 1.201153 0.193636 -1.876781
v 1.201153 0.109724 -0.799863
v 1.201153 0.109724 -0.799863
v 1.201153 0.109724 -1.960694
v 1.201153 0.109724 -1.960694
v 1.201153 0.640478 -1.960694
v 1.201153 0.640478 -0.799863
v 1.201153 0.640478 -1.876781
v 1.201153 1.063287 -0.883776
v 1.201153 1.063287 -0.883776
v 1.201153 0.640478 -0.883776
v 1.182213 1.063287 -0.883776
v 1.182213 0.193636 -1.388353
v 1.182213 0.193636 -1.388353
v 1.174162 0.193636 -1.380278
v 1.174162 0.193636 -1.380278
v 1.182213 0.193636 -1.372204
v 1.182213 0.193636 -1.372204
v 1.174162 1.063287 -1.380278
v 1.174162 1.063287 -1.380278
v 1.182213 1.063287 -1.388353
v 1.182213 1.063287 -1.388353
v 1.182213 1.063287 -1.372204
v 1.182213 1.063287 -1.372204
v -0.000000 1.256923 -2.761393
v -0.000000 1.411046 -2.844737
v -0.000000 1.256923 -2.844737
v -0.000000 1.205412 -2.761393
v -0.000000 1.205412 -2.783638
v -0.000000 1.083891 -2.783632
v -0.000000 0.000000 -2.761393
v -0.000000 0.075543 -2.761393
v -0.000000 0.075543 -2.783638
v -0.000000 0.197065 -2.783632
v -1.129615 0.000000 2.334842
v -1.182213 0.000000 2.070418
v -0.979831 0.000000 2.559011
v -0.755662 0.000000 2.708795
v -0.491238 0.000000 2.761393
v -1.182213 0.000000 0.690139
v -0.755662 1.256923 2.708795
v -0.491238 1.256923 2.761393
v -0.979831 1.256923 2.559011
v -1.129615 1.256923 2.334842
v -1.182213 1.256923 2.070418
v -1.182213 1.256923 0.690139
v -1.274220 1.411046 2.111599
v -1.217530 1.411046 2.381283
v -1.056088 1.411046 2.638330
v -0.814473 1.411046 2.791093
v -0.529469 1.411046 2.844737
v -1.274220 1.411046 0.703867
v -0.814473 1.256923 2.791093
v -0.529469 1.256923 2.844737
v -1.056088 1.256923 2.638330
v -1.217530 1.256923 2.381283
v -1.274220 1.256923 2.111599
v -1.274220 1.256923 0.703867
v -1.182213 0.000000 0.000000
v -1.182213 1.256923 0.000000
v -1.274220 1.411046 0.000000
v -1.274220 1.256923 0.000000
v -0.610550 0.640478 2.737729
v -0.610550 0.075543 2.737729
v -0.610550 0.075543 2.737729
v -0.491238 0.075543 2.761393
v -0.610550 1.205412 2.737729
v -0.610550 1.205412 2.737729
v -0.491238 1.205412 2.761393
v -0.610550 0.075543 2.759974
v -0.610550 0.075543 2.759974
v -0.491301 1.083891 2.761415
v -0.491301 1.083891 2.783659
v -0.491301 1.083891 2.783659
v -0.610550 1.205412 2.759974
v -0.610550 1.205412 2.759974
v -0.610550 0.640478 2.759974
v -0.491238 0.075543 2.783638
v -0.491238 1.205412 2.783638
v -0.491301 0.640478 2.783659
v -0.491301 0.197065 2.783659
v -0.491301 0.197065 2.783659
v -0.491301 0.197065 2.761415
v -1.182213 0.109724 0.799863
v -1.182213 0.109724 0.799863
v -1.182213 0.109724 1.960694
v -1.182213 0.109724 1.960694
v -1.182213 0.640478 1.960694
v -1.182213 1.147199 1.960694
v -1.182213 1.147199 1.960694
v -1.182213 1.147199 0.799863
v -1.182213 1.147199 0.799863
v -1.182213 0.640478 0.799863
v -1.182213 1.063287 1.876781
v -1.201153 1.063287 1.876781
v -1.201153 1.063287 1.876781
v -1.201153 1.147199 0.799863
v -1.201153 1.147199 0.799863
v -1.201153 1.147199 1.960694
v -1.201153 1.147199 1.960694
v -1.201153 0.193636 0.883776
v -1.201153 0.193636 0.883776
v -1.182213 0.193636 0.883776
v -1.182213 0.193636 1.876781
v -1.201153 0.193636 1.876781
v -1.201153 0.193636 1.876781
v -1.201153 0.109724 0.799863
v -1.201153 0.109724 0.799863
v -1.201153 0.109724 1.960694
v -1.201153 0.109724 1.960694
v -1.201153 0.640478 1.960694
v -1.201153 0.640478 0.799863
v -1.201153 0.640478 1.876781
v -1.201153 1.063287 0.883776
v -1.201153 1.063287 0.883776
v -1.201153 0.640478 0.883776
v -1.182213 1.063287 0.883776
v -1.182213 0.193636 1.388353
v -1.182213 0.193636 1.388353
v -1.174162 0.193636 1.380278
v -1.174162 0.193636 1.380278
v -1.182213 0.193636 1.372204
v -1.182213 0.193636 1.372204
v -1.174162 1.063287 1.380278
v -1.174162 1.063287 1.380278
v -1.182213 1.063287 1.388353
v -1.182213 1.063287 1.388353
v -1.182213 1.063287 1.372204
v -1.182213 1.063287 1.372204
v -1.129615 0.000000 -2.334842
v -1.182213 0.000000 -2.070418
v -0.979831 0.000000 -2.559011
v -0.755662 0.000000 -2.708795
v -0.491238 0.000000 -2.761393
v -1.182213 0.000000 -0.690139
v -0.755663 1.256923 -2.708795
v -0.491238 1.256923 -2.761393
v -0.979831 1.256923 -2.559011
v -1.129616 1.256923 -2.334842
v -1.182213 1.256923 -2.070418
v -1.182213 1.256923 -0.690139
v -1.274221 1.411046 -2.111599
v -1.217530 1.411046 -2.381283
v -1.056088 1.411046 -2.638330
v -0.814473 1.411046 -2.791093
v -0.529469 1.411046 -2.844737
v -1.274220 1.411046 -0.703866
v -0.814473 1.256923 -2.791093
v -0.529469 1.256923 -2.844737
v -1.056088 1.256923 -2.638330
v -1.217530 1.256923 -2.381283
v -1.274221 1.256923 -2.111599
v -1.274220 1.256923 -0.703866
v -0.610550 0.640478 -2.737729
v -0.610550 0.075543 -2.737729
v -0.610550 0.075543 -2.737729
v -0.491238 0.075543 -2.761393
v -0.610550 1.205412 -2.737729
v -0.610550 1.205412 -2.737729
v -0.491238 1.205412 -2.761393
v -0.610550 0.075543 -2.759974
v -0.610550 0.075543 -2.759974
v -0.491301 1.083891 -2.761415
v -0.491301 1.083891 -2.783659
v -0.491301 1.083891 -2.783659
v -0.610550 1.205412 -2.759974
v -0.610550 1.205412 -2.759974
v -0.610550 0.640478 -2.759974
v -0.491238 0.075543 -2.783638
v -0.491238 1.205412 -2.783638
v -0.491301 0.640478 -2.783659
v -0.491301 0.197065 -2.783659
v -0.491301 0.197065 -2.783659
v -0.491301 0.197065 -2.761415
v -1.182213 0.109724 -0.799863
v -1.182213 0.109724 -0.799863
v -1.182213 0.109724 -1.960694
v -1.182213 0.109724 -1.960694
v -1.182213 0.640478 -1.960694
v -1.182213 1.147199 -1.960694
v -1.182213 1.147199 -1.960694
v -1.182213 1.147199 -0.799863
v -1.182213 1.147199 -0.799863
v -1.182213 0.640478 -0.799863
v -1.182213 1.063287 -1.876781
v -1.201153 1.063287 -1.876781
v -1.201153 1.063287 -1.876781
v -1.201153 1.147199 -0.799863
v -1.201153 1.147199 -0.799863
v -1.201153 1.147199 -1.960694
v -1.201153 1.147199 -1.960694
v -1.201153 0.193636 -0.883775
v -1.201153 0.193636 -0.883775
v -1.182213 0.193636 -0.883775
v -1.182213 0.193636 -1.876781
v -1.201153 0.193636 -1.876781
v -1.201153 0.193636 -1.876781
v -1.201153 0.109724 -0.799863
v -1.201153 0.109724 -0.799863
v -1.201153 0.109724 -1.960694
v -1.201153 0.109724 -1.960694
v -1.201153 0.640478 -1.960694
v -1.201153 0.640478 -0.799863
v -1.201153 0.640478 -1.876781
v -1.201153 1.063287 -0.883775
v -1.201153 1.063287 -0.883775
v -1.201153 0.640478 -0.883775
v -1.182213 1.063287 -0.883775
v -1.182213 0.193636 -1.388353
v -1.182213 0.193636 -1.388353
v -1.174163 0.193636 -1.380278
v -1.174163 0.193636 -1.380278
v -1.182213 0.193636 -1.372204
v -1.182213 0.193636 -1.372204
v -1.174163 1.063287 -1.380278
v -1.174163 1.063287 -1.380278
v -1.182213 1.063287 -1.388353
v -1.182213 1.063287 -1.388353
v -1.182213 1.063287 -1.372204
v -1.182213 1.063287 -1.372204
v -0.650612 1.388336 0.000000
v -0.650612 3.109921 0.000000
v 0.650612 1.388336 -0.000000
v 0.650612 3.109921 -0.000000
v -0.384004 1.388336 2.424682
v 0.384005 1.388336 2.424682
v 0.384005 3.109921 2.424682
v -0.384004 3.109921 2.424682
v -0.384004 3.109921 0.000000
v 0.384004 3.109921 -0.000000
v -0.384004 1.388336 0.000000
v 0.384004 1.388336 -0.000000
v -0.286755 1.388336 2.260355
v 0.286755 1.388336 2.260355
v 0.286755 3.109921 2.260355
v -0.286755 3.109921 2.260355
v 0.650612 1.388336 2.319898
v 0.579111 1.388336 2.424682
v 0.579111 3.109921 2.424682
v 0.650612 3.109921 2.319898
v -0.579111 1.388336 2.424682
v -0.650612 1.388336 2.319898
v -0.650612 3.109921 2.319898
v -0.579111 3.109921 2.424682
v -0.384005 1.388336 -2.424682
v 0.384004 1.388336 -2.424682
v 0.384004 3.109921 -2.424682
v -0.384005 3.109921 -2.424682
v -0.286755 1.388336 -2.260355
v 0.286755 1.388336 -2.260355
v 0.286755 3.109921 -2.260355
v -0.286755 3.109921 -2.260355
v 0.650612 1.388336 -2.319898
v 0.579111 1.388336 -2.424682
v 0.579111 3.109921 -2.424682
v 0.650612 3.109921 -2.319898
v -0.579111 1.388336 -2.424682
v -0.650612 1.388336 -2.319898
v -0.650612 3.109921 -2.319898
v -0.579111 3.109921 -2.424682
v 1.078460 3.072293 2.060199
v 0.481019 3.072293 2.657640
v 1.031882 3.072293 2.294360
v 0.905029 3.072293 2.484209
v 0.715180 3.072293 2.611062
v 0.481327 3.560043 2.660764
v 1.081584 3.560043 2.060507
v 0.716399 3.560043 2.614005
v 0.907281 3.560043 2.486461
v 1.034825 3.560043 2.295578
v 1.182213 3.176261 2.070418
v 1.182213 3.456076 2.070418
v 1.129616 3.456076 2.334842
v 1.129616 3.176261 2.334842
v 0.979831 3.456076 2.559011
v 0.979831 3.176261 2.559011
v 0.755663 3.456076 2.708795
v 0.755662 3.176261 2.708795
v 0.491238 3.456076 2.761393
v 0.491238 3.176261 2.761393
v 1.116908 3.217420 1.966922
v 1.116908 3.414917 1.966922
v 1.067216 3.456076 2.264545
v 1.067216 3.176261 2.264545
v 0.925705 3.456076 2.481964
v 0.925705 3.176261 2.481964
v 0.713920 3.456076 2.627239
v 0.713920 3.176261 2.627239
v 0.422943 3.414917 2.678253
v 0.422943 3.217420 2.678253
v 1.116908 3.176261 2.008082
v 1.116908 3.456076 2.008082
v 0.464102 3.456076 2.678253
v 0.464102 3.176261 2.678253
v 1.098500 3.217420 1.966922
v 1.098500 3.414917 1.966922
v 0.422943 3.414917 2.659845
v 0.422943 3.217420 2.659845
v 1.182213 3.560043 2.070418
v 1.129616 3.560043 2.334842
v 0.979831 3.560043 2.559011
v 0.755663 3.560043 2.708795
v 0.491238 3.560043 2.761393
v 1.129615 3.072293 2.334842
v 1.182213 3.072293 2.070418
v 0.979831 3.072293 2.559011
v 0.755662 3.072293 2.708795
v 0.491238 3.072293 2.761393
v 1.182213 3.072293 -0.000000
v 1.182213 3.560043 -0.000000
v 1.182213 3.176261 -0.000000
v 1.182213 3.456076 -0.000000
v 1.116907 3.176261 -0.000000
v 1.116907 3.456076 -0.000000
v 1.116907 3.217420 -0.000000
v 1.116907 3.414917 -0.000000
v 1.098500 3.217420 -0.000000
v 1.098500 3.414917 -0.000000
v 1.081584 3.560043 -0.000000
v 1.078460 3.072293 -0.000000
v 0.000000 3.072293 2.761393
v 0.000000 3.560043 2.761393
v 0.000000 3.176261 2.761393
v 0.000000 3.456076 2.761393
v 0.000000 3.176261 2.678253
v 0.000000 3.456076 2.678253
v 0.000000 3.217420 2.678253
v 0.000000 3.414917 2.678253
v 0.000000 3.217420 2.659845
v 0.000000 3.414917 2.659845
v 0.000000 3.560043 2.660764
v 0.000000 3.072293 2.657640
v 0.000000 3.560043 2.060507
v 0.000000 3.560043 0.000000
v 0.540792 3.560043 2.060507
v 0.540792 3.560043 -0.000000
v 0.518484 3.560043 2.285691
v 0.000000 3.560043 2.285691
v 0.785103 3.560043 2.060507
v 0.785102 3.560043 -0.000000
v 0.751749 3.560043 2.290158
v 0.000000 3.072293 2.060199
v 0.000000 3.072293 0.000000
v 0.661692 3.072293 -0.000000
v 0.661692 3.072293 2.060199
v 0.593721 3.072293 2.284961
v 0.000000 3.072293 2.284961
v 0.811086 3.072293 -0.000000
v 0.811086 3.072293 2.060199
v 0.750784 3.072293 2.288330
v 1.129615 3.072293 2.334842
v 1.182213 3.072293 2.070418
v 1.182213 3.560043 2.070418
v 1.129616 3.560043 2.334842
v 0.979831 3.072293 2.559011
v 0.979831 3.560043 2.559011
v 0.755662 3.072293 2.708795
v 0.755663 3.560043 2.708795
v 0.491238 3.072293 2.761393
v 0.491238 3.560043 2.761393
v 1.182213 3.072293 -0.000000
v 1.182213 3.560043 -0.000000
v 0.755662 3.176261 2.708795
v 0.491238 3.176261 2.761393
v 0.755663 3.456076 2.708795
v 0.491238 3.456076 2.761393
v 0.979831 3.176261 2.559011
v 0.979831 3.456076 2.559011
v 1.129616 3.176261 2.334842
v 1.129616 3.456076 2.334842
v 1.182213 3.176261 2.070418
v 1.182213 3.456076 2.070418
v 1.182213 3.176261 -0.000000
v 1.182213 3.456076 -0.000000
v 0.713920 3.176261 2.627239
v 0.464102 3.176261 2.678253
v 0.713920 3.456076 2.627239
v 0.464102 3.456076 2.678253
v 0.925705 3.176261 2.481964
v 0.925705 3.456076 2.481964
v 1.067216 3.176261 2.264545
v 1.067216 3.456076 2.264545
v 1.116908 3.176261 2.008082
v 1.116908 3.456076 2.008082
v 1.116907 3.176261 -0.000000
v 1.116907 3.456076 -0.000000
v 1.116908 3.217420 1.966922
v 1.116908 3.217420 1.966922
v 1.116908 3.414917 1.966922
v 1.116908 3.414917 1.966922
v 0.422943 3.414917 2.678253
v 0.422943 3.414917 2.678253
v 0.422943 3.217420 2.678253
v 0.422943 3.217420 2.678253
v 1.116907 3.217420 -0.000000
v 1.116907 3.414917 -0.000000
v 1.098500 3.217420 1.966922
v 1.098500 3.217420 1.966922
v 1.098500 3.414917 1.966922
v 1.098500 3.414917 1.966922
v 0.422943 3.414917 2.659845
v 0.422943 3.414917 2.659845
v 0.422943 3.217420 2.659845
v 0.422943 3.217420 2.659845
v 1.098500 3.217420 -0.000000
v 1.098500 3.414917 -0.000000
v 0.000000 3.072293 2.761393
v 0.000000 3.560043 2.761393
v 0.000000 3.176261 2.761393
v 0.000000 3.456076 2.761393
v 0.000000 3.176261 2.678253
v 0.000000 3.456076 2.678253
v 0.000000 3.217420 2.678253
v 0.000000 3.414917 2.678253
v 0.000000 3.217420 2.659845
v 0.000000 3.414917 2.659845
v 1.078460 3.072293 -2.060199
v 0.481019 3.072293 -2.657640
v 1.031882 3.072293 -2.294360
v 0.905029 3.072293 -2.484209
v 0.715180 3.072293 -2.611062
v 0.481326 3.560043 -2.660764
v 1.081583 3.560043 -2.060507
v 0.716399 3.560043 -2.614005
v 0.907281 3.560043 -2.486461
v 1.034825 3.560043 -2.295578
v 1.182213 3.176261 -2.070418
v 1.182213 3.456076 -2.070418
v 1.129615 3.456076 -2.334842
v 1.129615 3.176261 -2.334842
v 0.979831 3.456076 -2.559011
v 0.979831 3.176261 -2.559011
v 0.755662 3.456076 -2.708795
v 0.755662 3.176261 -2.708795
v 0.491238 3.456076 -2.761393
v 0.491238 3.176261 -2.761393
v 1.116907 3.217420 -1.966922
v 1.116907 3.414917 -1.966922
v 1.067216 3.456076 -2.264545
v 1.067216 3.176261 -2.264545
v 0.925705 3.456076 -2.481964
v 0.925705 3.176261 -2.481964
v 0.713920 3.456076 -2.627239
v 0.713920 3.176261 -2.627239
v 0.422942 3.414917 -2.678253
v 0.422942 3.217420 -2.678253
v 1.116907 3.176261 -2.008082
v 1.116907 3.456076 -2.008082
v 0.464102 3.456076 -2.678253
v 0.464102 3.176261 -2.678253
v 1.098500 3.217420 -1.966922
v 1.098500 3.414917 -1.966922
v 0.422942 3.414917 -2.659845
v 0.422942 3.217420 -2.659845
v 1.182213 3.560043 -2.070418
v 1.129615 3.560043 -2.334842
v 0.979831 3.560043 -2.559011
v 0.755662 3.560043 -2.708795
v 0.491238 3.560043 -2.761393
v 1.129615 3.072293 -2.334842
v 1.182213 3.072293 -2.070418
v 0.979831 3.072293 -2.559011
v 0.755662 3.072293 -2.708795
v 0.491238 3.072293 -2.761393
v -0.000000 3.072293 -2.761393
v -0.000000 3.560043 -2.761393
v -0.000000 3.176261 -2.761393
v -0.000000 3.456076 -2.761393
v -0.000000 3.176261 -2.678253
v -0.000000 3.456076 -2.678253
v -0.000000 3.217420 -2.678253
v -0.000000 3.414917 -2.678253
v -0.000000 3.217420 -2.659845
v -0.000000 3.414917 -2.659845
v -0.000000 3.560043 -2.660764
v -0.000000 3.072293 -2.657640
v -0.000000 3.560043 -2.060507
v 0.540792 3.560043 -2.060507
v 0.518484 3.560043 -2.285691
v -0.000000 3.560043 -2.285691
v 0.785102 3.560043 -2.060507
v 0.751748 3.560043 -2.290158
v -0.000000 3.072293 -2.060199
v 0.661692 3.072293 -2.060199
v 0.593721 3.072293 -2.284961
v -0.000000 3.072293 -2.284961
v 0.811086 3.072293 -2.060199
v 0.750784 3.072293 -2.288330
v 1.129615 3.072293 -2.334842
v 1.182213 3.072293 -2.070418
v 1.182213 3.560043 -2.070418
v 1.129615 3.560043 -2.334842
v 0.979831 3.072293 -2.559011
v 0.979831 3.560043 -2.559011
v 0.755662 3.072293 -2.708795
v 0.755662 3.560043 -2.708795
v 0.491238 3.072293 -2.761393
v 0.491238 3.560043 -2.761393
v 0.755662 3.176261 -2.708795
v 0.491238 3.176261 -2.761393
v 0.755662 3.456076 -2.708795
v 0.491238 3.456076 -2.761393
v 0.979831 3.176261 -2.559011
v 0.979831 3.456076 -2.559011
v 1.129615 3.176261 -2.334842
v 1.129615 3.456076 -2.334842
v 1.182213 3.176261 -2.070418
v 1.182213 3.456076 -2.070418
v 0.713920 3.176261 -2.627239
v 0.464102 3.176261 -2.678253
v 0.713920 3.456076 -2.627239
v 0.464102 3.456076 -2.678253
v 0.925705 3.176261 -2.481964
v 0.925705 3.456076 -2.481964
v 1.067216 3.176261 -2.264545
v 1.067216 3.456076 -2.264545
v 1.116907 3.176261 -2.008082
v 1.116907 3.456076 -2.008082
v 1.116907 3.217420 -1.966922
v 1.116907 3.217420 -1.966922
v 1.116907 3.414917 -1.966922
v 1.116907 3.414917 -1.966922
v 0.422942 3.414917 -2.678253
v 0.422942 3.414917 -2.678253
v 0.422942 3.217420 -2.678253
v 0.422942 3.217420 -2.678253
v 1.098500 3.217420 -1.966922
v 1.098500 3.217420 -1.966922
v 1.098500 3.414917 -1.966922
v 1.098500 3.414917 -1.966922
v 0.422942 3.414917 -2.659845
v 0.422942 3.414917 -2.659845
v 0.422942 3.217420 -2.659845
v 0.422942 3.217420 -2.659845
v -0.000000 3.072293 -2.761393
v -0.000000 3.560043 -2.761393
v -0.000000 3.176261 -2.761393
v -0.000000 3.456076 -2.761393
v -0.000000 3.176261 -2.678253
v -0.000000 3.456076 -2.678253
v -0.000000 3.217420 -2.678253
v -0.000000 3.414917 -2.678253
v -0.000000 3.217420 -2.659845
v -0.000000 3.414917 -2.659845
v -1.078460 3.072293 2.060199
v -0.481019 3.072293 2.657640
v -1.031882 3.072293 2.294360
v -0.905029 3.072293 2.484209
v -0.715180 3.072293 2.611062
v -0.481326 3.560043 2.660764
v -1.081583 3.560043 2.060507
v -0.716399 3.560043 2.614005
v -0.907281 3.560043 2.486461
v -1.034825 3.560043 2.295578
v -1.182213 3.176261 2.070418
v -1.182213 3.456076 2.070418
v -1.129615 3.456076 2.334842
v -1.129615 3.176261 2.334842
v -0.979831 3.456076 2.559011
v -0.979831 3.176261 2.559011
v -0.755662 3.456076 2.708795
v -0.755662 3.176261 2.708795
v -0.491238 3.456076 2.761393
v -0.491238 3.176261 2.761393
v -1.116907 3.217420 1.966922
v -1.116907 3.414917 1.966922
v -1.067216 3.456076 2.264545
v -1.067216 3.176261 2.264545
v -0.925705 3.456076 2.481964
v -0.925705 3.176261 2.481964
v -0.713920 3.456076 2.627239
v -0.713920 3.176261 2.627239
v -0.422942 3.414917 2.678253
v -0.422942 3.217420 2.678253
v -1.116907 3.176261 2.008082
v -1.116907 3.456076 2.008082
v -0.464102 3.456076 2.678253
v -0.464102 3.176261 2.678253
v -1.098500 3.217420 1.966922
v -1.098500 3.414917 1.966922
v -0.422942 3.414917 2.659845
v -0.422942 3.217420 2.659845
v -1.182213 3.560043 2.070418
v -1.129615 3.560043 2.334842
v -0.979831 3.560043 2.559011
v -0.755662 3.560043 2.708795
v -0.491238 3.560043 2.761393
v -1.129615 3.072293 2.334842
v -1.182213 3.072293 2.070418
v -0.979831 3.072293 2.559011
v -0.755662 3.072293 2.708795
v -0.491238 3.072293 2.761393
v -1.182213 3.072293 0.000000
v -1.182213 3.560043 0.000000
v -1.182213 3.176261 0.000000
v -1.182213 3.456076 0.000000
v -1.116907 3.176261 0.000000
v -1.116907 3.456076 0.000000
v -1.116907 3.217420 0.000000
v -1.116907 3.414917 0.000000
v -1.098500 3.217420 0.000000
v -1.098500 3.414917 0.000000
v -1.081584 3.560043 0.000000
v -1.078460 3.072293 0.000000
v -0.540792 3.560043 2.060507
v -0.540792 3.560043 0.000000
v -0.518484 3.560043 2.285691
v -0.785102 3.560043 2.060507
v -0.785102 3.560043 0.000000
v -0.751748 3.560043 2.290158
v -0.661692 3.072293 0.000000
v -0.661692 3.072293 2.060199
v -0.593721 3.072293 2.284961
v -0.811086 3.072293 0.000000
v -0.811086 3.072293 2.060199
v -0.750784 3.072293 2.288330
v -1.129615 3.072293 2.334842
v -1.182213 3.072293 2.070418
v -1.182213 3.560043 2.070418
v -1.129615 3.560043 2.334842
v -0.979831 3.072293 2.559011
v -0.979831 3.560043 2.559011
v -0.755662 3.072293 2.708795
v -0.755662 3.560043 2.708795
v -0.491238 3.072293 2.761393
v -0.491238 3.560043 2.761393
v -1.182213 3.072293 0.000000
v -1.182213 3.560043 0.000000
v -0.755662 3.176261 2.708795
v -0.491238 3.176261 2.761393
v -0.755662 3.456076 2.708795
v -0.491238 3.456076 2.761393
v -0.979831 3.176261 2.559011
v -0.979831 3.456076 2.559011
v -1.129615 3.176261 2.334842
v -1.129615 3.456076 2.334842
v -1.182213 3.176261 2.070418
v -1.182213 3.456076 2.070418
v -1.182213 3.176261 0.000000
v -1.182213 3.456076 0.000000
v -0.713920 3.176261 2.627239
v -0.464102 3.176261 2.678253
v -0.713920 3.456076 2.627239
v -0.464102 3.456076 2.678253
v -0.925705 3.176261 2.481964
v -0.925705 3.456076 2.481964
v -1.067216 3.176261 2.264545
v -1.067216 3.456076 2.264545
v -1.116907 3.176261 2.008082
v -1.116907 3.456076 2.008082
v -1.116907 3.176261 0.000000
v -1.116907 3.456076 0.000000
v -1.116907 3.217420 1.966922
v -1.116907 3.217420 1.966922
v -1.116907 3.414917 1.966922
v -1.116907 3.414917 1.966922
v -0.422942 3.414917 2.678253
v -0.422942 3.414917 2.678253
v -0.422942 3.217420 2.678253
v -0.422942 3.217420 2.678253
v -1.116907 3.217420 0.000000
v -1.116907 3.414917 0.000000
v -1.098500 3.217420 1.966922
v -1.098500 3.217420 1.966922
v -1.098500 3.414917 1.966922
v -1.098500 3.414917 1.966922
v -0.422942 3.414917 2.659845
v -0.422942 3.414917 2.659845
v -0.422942 3.217420 2.659845
v -0.422942 3.217420 2.659845
v -1.098500 3.217420 0.000000
v -1.098500 3.414917 0.000000
v -1.078460 3.072293 -2.060199
v -0.481019 3.072293 -2.657640
v -1.031882 3.072293 -2.294360
v -0.905029 3.072293 -2.484209
v -0.715180 3.072293 -2.611062
v -0.481327 3.560043 -2.660764
v -1.081584 3.560043 -2.060507
v -0.716399 3.560043 -2.614005
v -0.907281 3.560043 -2.486461
v -1.034825 3.560043 -2.295578
v -1.182213 3.176261 -2.070418
v -1.182213 3.456076 -2.070418
v -1.129616 3.456076 -2.334842
v -1.129616 3.176261 -2.334842
v -0.979831 3.456076 -2.559011
v -0.979831 3.176261 -2.559011
v -0.755663 3.456076 -2.708795
v -0.755662 3.176261 -2.708795
v -0.491238 3.456076 -2.761393
v -0.491238 3.176261 -2.761393
v -1.116908 3.217420 -1.966922
v -1.116908 3.414917 -1.966922
v -1.067216 3.456076 -2.264545
v -1.067216 3.176261 -2.264545
v -0.925705 3.456076 -2.481964
v -0.925705 3.176261 -2.481964
v -0.713920 3.456076 -2.627239
v -0.713920 3.176261 -2.627239
v -0.422943 3.414917 -2.678253
v -0.422943 3.217420 -2.678253
v -1.116908 3.176261 -2.008082
v -1.116908 3.456076 -2.008082
v -0.464102 3.456076 -2.678253
v -0.464102 3.176261 -2.678253
v -1.098500 3.217420 -1.966922
v -1.098500 3.414917 -1.966922
v -0.422943 3.414917 -2.659845
v -0.422943 3.217420 -2.659845
v -1.182213 3.560043 -2.070418
v -1.129616 3.560043 -2.334842
v -0.979831 3.560043 -2.559011
v -0.755663 3.560043 -2.708795
v -0.491238 3.560043 -2.761393
v -1.129615 3.072293 -2.334842
v -1.182213 3.072293 -2.070418
v -0.979831 3.072293 -2.559011
v -0.755662 3.072293 -2.708795
v -0.491238 3.072293 -2.761393
v -0.540792 3.560043 -2.060507
v -0.518484 3.560043 -2.285691
v -0.785103 3.560043 -2.060507
v -0.751749 3.560043 -2.290158
v -0.661692 3.072293 -2.060199
v -0.593721 3.072293 -2.284961
v -0.811086 3.072293 -2.060199
v -0.750784 3.072293 -2.288330
v -1.129615 3.072293 -2.334842
v -1.182213 3.072293 -2.070418
v -1.182213 3.560043 -2.070418
v -1.129616 3.560043 -2.334842
v -0.979831 3.072293 -2.559011
v -0.979831 3.560043 -2.559011
v -0.755662 3.072293 -2.708795
v -0.755663 3.560043 -2.708795
v -0.491238 3.072293 -2.761393
v -0.491238 3.560043 -2.761393
v -0.755662 3.176261 -2.708795
v -0.491238 3.176261 -2.761393
v -0.755663 3.456076 -2.708795
v -0.491238 3.456076 -2.761393
v -0.979831 3.176261 -2.559011
v -0.979831 3.456076 -2.559011
v -1.129616 3.176261 -2.334842
v -1.129616 3.456076 -2.334842
v -1.182213 3.176261 -2.070418
v -1.182213 3.456076 -2.070418
v -0.713920 3.176261 -2.627239
v -0.464102 3.176261 -2.678253
v -0.713920 3.456076 -2.627239
v -0.464102 3.456076 -2.678253
v -0.925705 3.176261 -2.481964
v -0.925705 3.456076 -2.481964
v -1.067216 3.176261 -2.264545
v -1.067216 3.456076 -2.264545
v -1.116908 3.176261 -2.008082
v -1.116908 3.456076 -2.008082
v -1.116908 3.217420 -1.966922
v -1.116908 3.217420 -1.966922
v -1.116908 3.414917 -1.966922
v -1.116908 3.414917 -1.966922
v -0.422943 3.414917 -2.678253
v -0.422943 3.414917 -2.678253
v -0.422943 3.217420 -2.678253
v -0.422943 3.217420 -2.678253
v -1.098500 3.217420 -1.966922
v -1.098500 3.217420 -1.966922
v -1.098500 3.414917 -1.966922
v -1.098500 3.414917 -1.966922
v -0.422943 3.414917 -2.659845
v -0.422943 3.414917 -2.659845
v -0.422943 3.217420 -2.659845
v -0.422943 3.217420 -2.659845
v 2.333056 1.440569 -3.269099
v 2.333056 1.737381 -3.269099
v 2.589110 1.440569 -3.269099
v 2.589110 1.737381 -3.269099
v 2.872460 1.737381 -3.269099
v 3.215697 1.440569 -3.269099
v 2.982677 1.720261 -3.269099
v 3.079022 1.672117 -3.269099
v 3.155324 1.597286 -3.269099
v 3.204556 1.502524 -3.269099
v 3.264139 1.398011 -3.176895
v 2.589110 1.779939 -3.176895
v 2.875745 1.779939 -3.176895
v 2.995766 1.761296 -3.176895
v 3.104038 1.707192 -3.176895
v 3.189963 1.622923 -3.176895
v 3.245130 1.516738 -3.176895
v 2.340895 1.440569 -3.269099
v 2.340895 1.737381 -3.269099
v 2.340895 1.779939 -3.176895
v 3.213611 1.456620 -3.269099
v 3.255634 1.463487 -3.176895
v 2.581547 1.767511 -3.176895
v 2.868182 1.767511 -3.176895
v 2.988202 1.748869 -3.176895
v 3.096474 1.694765 -3.176895
v 3.182399 1.610496 -3.176895
v 3.237566 1.504311 -3.176895
v 2.333332 1.767511 -3.176895
v 3.246579 1.462793 -3.176895
v 2.252178 1.398011 -3.225546
v 2.252178 1.743915 -3.225546
v 2.589110 1.398011 -3.225546
v 2.589110 1.745762 -3.225546
v 2.873101 1.745690 -3.226959
v 3.228392 1.398011 -3.227203
v 2.985177 1.728097 -3.227928
v 3.083797 1.678812 -3.227942
v 3.161931 1.602176 -3.227960
v 3.212010 1.505776 -3.227975
v 2.340895 1.398011 -3.225546
v 2.340895 1.743915 -3.225546
v 3.221895 1.458038 -3.225550
v 2.252178 1.779939 -2.205214
v 3.264140 1.398011 -2.205214
v 2.340895 1.779939 -2.205214
v 3.255635 1.463487 -2.205214
v 2.581547 1.767511 -2.205214
v 2.868182 1.767511 -2.205214
v 2.988202 1.748869 -2.205214
v 3.096474 1.694765 -2.205214
v 3.182399 1.610496 -2.205214
v 3.237566 1.504311 -2.205214
v 2.333332 1.767511 -2.205214
v 3.246579 1.462793 -2.205214
v 2.252178 1.743915 -2.205214
v 3.230400 1.398011 -2.205214
v 2.348745 1.743915 -2.205214
v 2.581547 1.745762 -2.205214
v 2.865611 1.745690 -2.205214
v 2.978246 1.728097 -2.205214
v 3.077455 1.678812 -2.205214
v 3.156082 1.602176 -2.205214
v 3.206511 1.505776 -2.205214
v 3.221895 1.458038 -2.205214
v 2.252178 1.779939 -3.269099
v 2.252178 1.398011 -3.269099
v 2.340895 1.398011 -3.269099
v 3.264139 1.398011 -3.269099
v 2.589110 1.398011 -3.269099
v 2.340895 1.779939 -3.269099
v 2.589110 1.779939 -3.269099
v 2.995766 1.761296 -3.269099
v 2.875745 1.779939 -3.269099
v 3.104038 1.707192 -3.269099
v 3.189963 1.622923 -3.269099
v 3.245130 1.516738 -3.269099
v 3.255634 1.463487 -3.269099
v 2.589110 1.737381 -3.258817
v 2.589110 1.440569 -3.258817
v 2.340895 1.737381 -3.258817
v 2.340895 1.440569 -3.258817
v 2.333056 1.737381 -3.258817
v 2.333056 1.440569 -3.258817
v 3.215697 1.440569 -3.258817
v 2.982677 1.720261 -3.258817
v 2.872460 1.737381 -3.258817
v 3.079022 1.672117 -3.258817
v 3.155324 1.597286 -3.258817
v 3.204556 1.502524 -3.258817
v 3.213611 1.456620 -3.258817
v 2.333056 1.440569 -1.141329
v 2.333056 1.737381 -1.141329
v 2.589111 1.440569 -1.141329
v 2.589111 1.737381 -1.141329
v 2.872460 1.737381 -1.141329
v 3.215697 1.440569 -1.141329
v 2.982678 1.720261 -1.141329
v 3.079022 1.672117 -1.141329
v 3.155324 1.597286 -1.141329
v 3.204557 1.502524 -1.141329
v 3.264140 1.398011 -1.233533
v 2.589111 1.779939 -1.233533
v 2.875746 1.779939 -1.233533
v 2.995766 1.761296 -1.233533
v 3.104038 1.707192 -1.233533
v 3.189963 1.622923 -1.233533
v 3.245130 1.516738 -1.233533
v 2.340895 1.440569 -1.141329
v 2.340895 1.737381 -1.141329
v 2.340895 1.779939 -1.233533
v 3.213612 1.456620 -1.141329
v 3.255635 1.463487 -1.233533
v 2.581547 1.767511 -1.233533
v 2.868182 1.767511 -1.233533
v 2.988202 1.748869 -1.233533
v 3.096474 1.694765 -1.233533
v 3.182399 1.610496 -1.233533
v 3.237566 1.504311 -1.233533
v 2.333332 1.767511 -1.233533
v 3.246579 1.462793 -1.233533
v 2.252178 1.398011 -1.184882
v 2.252178 1.743915 -1.184882
v 2.589111 1.398011 -1.184882
v 2.589111 1.745762 -1.184882
v 2.873101 1.745690 -1.183469
v 3.228393 1.398011 -1.183225
v 2.985177 1.728097 -1.182501
v 3.083797 1.678812 -1.182486
v 3.161931 1.602176 -1.182468
v 3.212010 1.505776 -1.182453
v 2.340895 1.398011 -1.184882
v 2.340895 1.743915 -1.184882
v 3.221895 1.458038 -1.184878
v 2.252178 1.779939 -1.141329
v 2.252178 1.398011 -1.141329
v 2.340895 1.398011 -1.141329
v 3.264140 1.398011 -1.141329
v 2.589111 1.398011 -1.141329
v 2.340895 1.779939 -1.141329
v 2.589111 1.779939 -1.141329
v 2.995766 1.761296 -1.141329
v 2.875746 1.779939 -1.141329
v 3.104038 1.707192 -1.141329
v 3.189963 1.622923 -1.141329
v 3.245130 1.516738 -1.141329
v 3.255635 1.463487 -1.141329
v 2.589111 1.737381 -1.151611
v 2.589111 1.440569 -1.151611
v 2.340895 1.737381 -1.151611
v 2.340895 1.440569 -1.151611
v 2.333056 1.737381 -1.151611
v 2.333056 1.440569 -1.151611
v 3.215697 1.440569 -1.151611
v 2.982678 1.720261 -1.151611
v 2.872460 1.737381 -1.151611
v 3.079022 1.672117 -1.151611
v 3.155324 1.597286 -1.151611
v 3.204557 1.502524 -1.151611
v 3.213612 1.456620 -1.151611
v 2.252178 1.779939 -3.269099
v 2.252178 1.779939 -3.269099
v 2.252178 1.398011 -3.269099
v 2.252178 1.398011 -3.269099
v 2.340895 1.398011 -3.269099
v 3.264139 1.398011 -3.269099
v 3.264139 1.398011 -3.269099
v 2.589110 1.398011 -3.269099
v 3.264139 1.398011 -3.176895
v 2.340895 1.779939 -3.269099
v 2.589110 1.779939 -3.269099
v 2.995766 1.761296 -3.269099
v 2.875745 1.779939 -3.269099
v 3.104038 1.707192 -3.269099
v 3.189963 1.622923 -3.269099
v 3.245130 1.516738 -3.269099
v 3.255634 1.463487 -3.269099
v 3.264140 1.398011 -2.205214
v 2.340895 1.779939 -3.176895
v 2.340895 1.779939 -3.176895
v 2.333332 1.767511 -3.176895
v 2.333332 1.767511 -3.176895
v 3.189963 1.622923 -3.176895
v 3.245130 1.516738 -3.176895
v 3.104038 1.707192 -3.176895
v 2.995766 1.761296 -3.176895
v 2.875745 1.779939 -3.176895
v 2.589110 1.779939 -3.176895
v 2.340895 1.779939 -2.205214
v 2.333056 1.440569 -3.269099
v 2.333056 1.440569 -3.269099
v 2.333056 1.440569 -3.258817
v 2.333056 1.440569 -3.258817
v 3.255634 1.463487 -3.176895
v 3.255634 1.463487 -3.176895
v 3.255635 1.463487 -2.205214
v 3.182399 1.610496 -3.176895
v 3.237566 1.504311 -3.176895
v 3.096474 1.694765 -3.176895
v 2.988202 1.748869 -3.176895
v 2.868182 1.767511 -3.176895
v 2.581547 1.767511 -3.176895
v 2.333332 1.767511 -2.205214
v 3.246579 1.462793 -3.176895
v 3.246579 1.462793 -3.176895
v 3.246579 1.462793 -2.205214
v 2.252178 1.743915 -3.225546
v 2.252178 1.743915 -3.225546
v 2.252178 1.398011 -3.225546
v 2.252178 1.398011 -3.225546
v 2.340895 1.398011 -3.225546
v 3.228392 1.398011 -3.227203
v 3.228392 1.398011 -3.227203
v 2.589110 1.398011 -3.225546
v 2.340895 1.743915 -3.225546
v 2.589110 1.745762 -3.225546
v 2.985177 1.728097 -3.227928
v 2.873101 1.745690 -3.226959
v 3.083797 1.678812 -3.227942
v 3.161931 1.602176 -3.227960
v 3.212010 1.505776 -3.227975
v 3.221895 1.458038 -3.225550
v 3.230400 1.398011 -2.205214
v 2.252178 1.743915 -2.205214
v 2.252178 1.779939 -2.205214
v 2.333056 1.737381 -3.269099
v 2.333056 1.737381 -3.269099
v 2.340895 1.440569 -3.269099
v 3.215697 1.440569 -3.269099
v 3.215697 1.440569 -3.269099
v 2.589110 1.440569 -3.269099
v 2.340895 1.737381 -3.269099
v 2.589110 1.737381 -3.269099
v 2.982677 1.720261 -3.269099
v 2.872460 1.737381 -3.269099
v 3.079022 1.672117 -3.269099
v 3.155324 1.597286 -3.269099
v 3.204556 1.502524 -3.269099
v 3.213611 1.456620 -3.269099
v 2.333056 1.737381 -3.258817
v 2.333056 1.737381 -3.258817
v 2.340895 1.440569 -3.258817
v 3.215697 1.440569 -3.258817
v 3.215697 1.440569 -3.258817
v 2.589110 1.440569 -3.258817
v 2.340895 1.737381 -3.258817
v 2.589110 1.737381 -3.258817
v 2.982677 1.720261 -3.258817
v 2.872460 1.737381 -3.258817
v 3.079022 1.672117 -3.258817
v 3.155324 1.597286 -3.258817
v 3.204556 1.502524 -3.258817
v 3.213611 1.456620 -3.258817
v 2.252178 1.779939 -1.141329
v 2.252178 1.779939 -1.141329
v 2.252178 1.398011 -1.141329
v 2.252178 1.398011 -1.141329
v 2.340895 1.398011 -1.141329
v 3.264140 1.398011 -1.141329
v 3.264140 1.398011 -1.141329
v 2.589111 1.398011 -1.141329
v 3.264140 1.398011 -1.233533
v 2.340895 1.779939 -1.141329
v 2.589111 1.779939 -1.141329
v 2.995766 1.761296 -1.141329
v 2.875746 1.779939 -1.141329
v 3.104038 1.707192 -1.141329
v 3.189963 1.622923 -1.141329
v 3.245130 1.516738 -1.141329
v 3.255635 1.463487 -1.141329
v 2.340895 1.779939 -1.233533
v 2.340895 1.779939 -1.233533
v 2.333332 1.767511 -1.233533
v 2.333332 1.767511 -1.233533
v 3.189963 1.622923 -1.233533
v 3.245130 1.516738 -1.233533
v 3.104038 1.707192 -1.233533
v 2.995766 1.761296 -1.233533
v 2.875746 1.779939 -1.233533
v 2.589111 1.779939 -1.233533
v 2.333056 1.440569 -1.141329
v 2.333056 1.440569 -1.141329
v 2.333056 1.440569 -1.151611
v 2.333056 1.440569 -1.151611
v 3.255635 1.463487 -1.233533
v 3.255635 1.463487 -1.233533
v 3.182399 1.610496 -1.233533
v 3.237566 1.504311 -1.233533
v 3.096474 1.694765 -1.233533
v 2.988202 1.748869 -1.233533
v 2.868182 1.767511 -1.233533
v 2.581547 1.767511 -1.233533
v 3.246579 1.462793 -1.233533
v 3.246579 1.462793 -1.233533
v 2.252178 1.743915 -1.184882
v 2.252178 1.743915 -1.184882
v 2.252178 1.398011 -1.184882
v 2.252178 1.398011 -1.184882
v 2.340895 1.398011 -1.184882
v 3.228393 1.398011 -1.183225
v 3.228393 1.398011 -1.183225
v 2.589111 1.398011 -1.184882
v 2.340895 1.743915 -1.184882
v 2.589111 1.745762 -1.184882
v 2.985177 1.728097 -1.182501
v 2.873101 1.745690 -1.183469
v 3.083797 1.678812 -1.182486
v 3.161931 1.602176 -1.182468
v 3.212010 1.505776 -1.182453
v 3.221895 1.458038 -1.184878
v 2.333056 1.737381 -1.141329
v 2.333056 1.737381 -1.141329
v 2.340895 1.440569 -1.141329
v 3.215697 1.440569 -1.141329
v 3.215697 1.440569 -1.141329
v 2.589111 1.440569 -1.141329
v 2.340895 1.737381 -1.141329
v 2.589111 1.737381 -1.141329
v 2.982678 1.720261 -1.141329
v 2.872460 1.737381 -1.141329
v 3.079022 1.672117 -1.141329
v 3.155324 1.597286 -1.141329
v 3.204557 1.502524 -1.141329
v 3.213612 1.456620 -1.141329
v 2.333056 1.737381 -1.151611
v 2.333056 1.737381 -1.151611
v 2.340895 1.440569 -1.151611
v 3.215697 1.440569 -1.151611
v 3.215697 1.440569 -1.151611
v 2.589111 1.440569 -1.151611
v 2.340895 1.737381 -1.151611
v 2.589111 1.737381 -1.151611
v 2.982678 1.720261 -1.151611
v 2.872460 1.737381 -1.151611
v 3.079022 1.672117 -1.151611
v 3.155324 1.597286 -1.151611
v 3.204557 1.502524 -1.151611
v 3.213612 1.456620 -1.151611
v 3.325777 1.388148 -3.172845
v 3.267574 -0.000000 -3.269099
v 3.648482 0.068393 -3.161308
v 3.267576 -0.000000 -1.141329
v 3.648483 0.068393 -1.249121
v 3.296759 0.716327 -3.269099
v 3.648482 0.350645 -3.161308
v 3.296760 0.716327 -1.141329
v 3.648483 0.350645 -1.249121
v 3.619298 1.007237 -3.269099
v 3.385281 1.378875 -3.172845
v 3.491466 1.323708 -3.172845
v 3.575735 1.237783 -3.172845
v 3.629839 1.129511 -3.172845
v 3.648483 1.009490 -1.237583
v 3.325777 1.388148 -1.237583
v 3.629840 1.129511 -1.237583
v 3.575736 1.237783 -1.237583
v 3.491467 1.323708 -1.237583
v 3.385283 1.378875 -1.237583
v 3.132464 0.677822 -3.269099
v 3.132464 1.397884 -3.269099
v 3.132465 -0.000000 -1.141329
v 3.132464 -0.000000 -3.269099
v 3.132465 0.677822 -1.141329
v 3.132465 1.397884 -1.141329
v 3.648482 0.716327 -3.172845
v 3.648482 -0.000000 -3.269099
v 3.648483 -0.000000 -1.141330
v 3.648483 0.716327 -1.237583
v 3.615092 0.350645 -3.161308
v 3.615092 0.068393 -3.161308
v 3.615093 0.068393 -1.249120
v 3.615093 0.350645 -1.249120
v 3.615092 0.350645 -3.161308
v 3.634869 0.075337 -3.161308
v 3.634870 0.075337 -1.249120
v 3.615093 0.350645 -1.249120
v 3.634869 0.312054 -3.161308
v 3.615092 0.302096 -3.161308
v 3.634869 0.265012 -3.161308
v 3.615092 0.255054 -3.161308
v 3.634869 0.217970 -3.161308
v 3.615092 0.208012 -3.161308
v 3.634869 0.170928 -3.161308
v 3.615092 0.160970 -3.161308
v 3.634869 0.123886 -3.161308
v 3.615092 0.113928 -3.161308
v 3.615093 0.113928 -1.249120
v 3.634870 0.123886 -1.249120
v 3.615093 0.160970 -1.249120
v 3.634870 0.170928 -1.249120
v 3.615093 0.208012 -1.249120
v 3.634870 0.217970 -1.249120
v 3.615093 0.255054 -1.249120
v 3.634870 0.265012 -1.249120
v 3.615093 0.302097 -1.249120
v 3.634870 0.312054 -1.249120
v 3.604025 0.064397 -3.161308
v 3.604026 0.064397 -1.249120
v 3.296759 1.363609 -3.269099
v 3.296760 1.363609 -1.141329
v 3.375993 1.350813 -3.269099
v 3.619298 0.716327 -3.269099
v 3.619299 0.716327 -1.141330
v 3.601700 1.120535 -1.141330
v 3.619299 1.007237 -1.141330
v 3.648482 1.009490 -3.172845
v 3.601699 1.120535 -3.269099
v 3.551683 1.220628 -1.141330
v 3.551682 1.220628 -3.269099
v 3.473886 1.299954 -1.141329
v 3.473886 1.299953 -3.269099
v 3.375994 1.350813 -1.141329
v 3.630982 1.001637 -1.237583
v 3.630981 1.001637 -3.172845
v 3.613113 1.121657 -3.172845
v 3.613114 1.121657 -1.237583
v 3.561257 1.229929 -3.172845
v 3.561258 1.229929 -1.237583
v 3.480490 1.315854 -3.172845
v 3.480491 1.315854 -1.237583
v 3.378717 1.371021 -3.172845
v 3.378718 1.371021 -1.237583
v 3.325777 1.380294 -3.172845
v 3.325777 1.380294 -1.237583
v 3.630981 0.716327 -3.172845
v 3.630982 0.716327 -1.237583
v 3.267574 0.677822 -3.269099
v 3.267574 1.397884 -3.269099
v 3.267576 1.397884 -1.141329
v 3.267576 0.677822 -1.141329
v 3.385281 1.378875 -3.269099
v 3.648483 0.677822 -1.141330
v 3.648482 0.677822 -3.269099
v 3.629840 1.129511 -1.141330
v 3.648483 1.009490 -1.141330
v 3.648482 1.009490 -3.269099
v 3.629839 1.129511 -3.269099
v 3.575736 1.237783 -1.141330
v 3.575735 1.237783 -3.269099
v 3.491468 1.323708 -1.141329
v 3.491466 1.323708 -3.269099
v 3.385283 1.378875 -1.141329
v 3.296759 0.716327 -3.258101
v 3.296759 1.363609 -3.258101
v 3.296760 1.363609 -1.152327
v 3.296760 0.716327 -1.152327
v 3.375993 1.350813 -3.258101
v 3.619299 0.716327 -1.152327
v 3.619298 0.716327 -3.258101
v 3.601700 1.120535 -1.152327
v 3.619299 1.007237 -1.152327
v 3.619298 1.007237 -3.258101
v 3.601699 1.120535 -3.258101
v 3.551683 1.220628 -1.152327
v 3.551682 1.220628 -3.258101
v 3.473886 1.299954 -1.152327
v 3.473886 1.299953 -3.258101
v 3.375994 1.350813 -1.152327
v 3.648482 0.677822 -3.269099
v 3.648482 -0.000000 -3.269099
v 3.648482 -0.000000 -3.269099
v 3.267574 -0.000000 -3.269099
v 3.648483 -0.000000 -1.141330
v 3.648483 -0.000000 -1.141330
v 3.267576 -0.000000 -1.141329
v 3.385281 1.378875 -3.269099
v 3.267574 1.397884 -3.269099
v 3.648483 0.677822 -1.141330
v 3.132464 1.397884 -3.269099
v 3.132464 1.397884 -3.269099
v 3.629840 1.129511 -1.141330
v 3.648483 1.009490 -1.141330
v 3.630981 0.716327 -3.172845
v 3.630981 0.716327 -3.172845
v 3.648482 0.716327 -3.172845
v 3.648482 0.716327 -3.172845
v 3.648482 1.009490 -3.269099
v 3.629839 1.129511 -3.269099
v 3.575736 1.237783 -1.141330
v 3.575735 1.237783 -3.269099
v 3.491468 1.323708 -1.141329
v 3.491466 1.323708 -3.269099
v 3.325777 1.380294 -1.237583
v 3.325777 1.380294 -1.237583
v 3.325777 1.388148 -1.237583
v 3.325777 1.388148 -1.237583
v 3.385283 1.378875 -1.141329
v 3.267576 1.397884 -1.141329
v 3.132464 0.677822 -3.269099
v 3.132465 -0.000000 -1.141329
v 3.132465 -0.000000 -1.141329
v 3.132464 -0.000000 -3.269099
v 3.132464 -0.000000 -3.269099
v 3.132465 0.677822 -1.141329
v 3.132465 1.397884 -1.141329
v 3.132465 1.397884 -1.141329
v 3.648482 0.350645 -3.161308
v 3.648482 0.350645 -3.161308
v 3.648482 0.068393 -3.161308
v 3.648482 0.068393 -3.161308
v 3.648483 0.068393 -1.249121
v 3.648483 0.068393 -1.249121
v 3.648483 0.350645 -1.249121
v 3.648483 0.350645 -1.249121
v 3.615092 0.068393 -3.161308
v 3.615093 0.068393 -1.249120
v 3.615093 0.350645 -1.249120
v 3.615092 0.350645 -3.161308
v 3.634869 0.075337 -3.161308
v 3.634870 0.075337 -1.249120
v 3.634869 0.123886 -3.161308
v 3.634870 0.123886 -1.249120
v 3.615093 0.113928 -1.249120
v 3.615092 0.113928 -3.161308
v 3.634869 0.170928 -3.161308
v 3.634870 0.170928 -1.249120
v 3.615093 0.160970 -1.249120
v 3.615092 0.160970 -3.161308
v 3.634869 0.217970 -3.161308
v 3.634870 0.217970 -1.249120
v 3.615093 0.208012 -1.249120
v 3.615092 0.208012 -3.161308
v 3.634869 0.265012 -3.161308
v 3.634870 0.265012 -1.249120
v 3.615093 0.255054 -1.249120
v 3.615092 0.255054 -3.161308
v 3.634869 0.312054 -3.161308
v 3.634870 0.312054 -1.249120
v 3.615093 0.302097 -1.249120
v 3.615092 0.302096 -3.161308
v 3.325777 1.388148 -3.172845
v 3.325777 1.388148 -3.172845
v 3.385281 1.378875 -3.172845
v 3.648483 0.716327 -1.237583
v 3.648483 0.716327 -1.237583
v 3.629840 1.129511 -1.237583
v 3.648483 1.009490 -1.237583
v 3.648482 1.009490 -3.172845
v 3.629839 1.129511 -3.172845
v 3.575736 1.237783 -1.237583
v 3.575735 1.237783 -3.172845
v 3.491467 1.323708 -1.237583
v 3.491466 1.323708 -3.172845
v 3.385283 1.378875 -1.237583
v 3.325777 1.380294 -3.172845
v 3.325777 1.380294 -3.172845
v 3.378717 1.371021 -3.172845
v 3.630982 0.716327 -1.237583
v 3.630982 0.716327 -1.237583
v 3.613114 1.121657 -1.237583
v 3.630982 1.001637 -1.237583
v 3.630981 1.001637 -3.172845
v 3.613113 1.121657 -3.172845
v 3.561258 1.229929 -1.237583
v 3.561257 1.229929 -3.172845
v 3.480491 1.315854 -1.237583
v 3.480490 1.315854 -3.172845
v 3.378718 1.371021 -1.237583
v 3.296759 0.716327 -3.269099
v 3.296759 0.716327 -3.269099
v 3.296759 1.363609 -3.269099
v 3.296759 1.363609 -3.269099
v 3.296760 1.363609 -1.141329
v 3.296760 1.363609 -1.141329
v 3.296760 0.716327 -1.141329
v 3.296760 0.716327 -1.141329
v 3.375993 1.350813 -3.269099
v 3.619299 0.716327 -1.141330
v 3.619299 0.716327 -1.141330
v 3.619298 0.716327 -3.269099
v 3.619298 0.716327 -3.269099
v 3.601700 1.120535 -1.141330
v 3.619299 1.007237 -1.141330
v 3.619298 1.007237 -3.269099
v 3.601699 1.120535 -3.269099
v 3.551683 1.220628 -1.141330
v 3.551682 1.220628 -3.269099
v 3.473886 1.299954 -1.141329
v 3.473886 1.299953 -3.269099
v 3.375994 1.350813 -1.141329
v 3.296759 0.716327 -3.258101
v 3.296759 0.716327 -3.258101
v 3.296759 1.363609 -3.258101
v 3.296759 1.363609 -3.258101
v 3.296760 1.363609 -1.152327
v 3.296760 1.363609 -1.152327
v 3.296760 0.716327 -1.152327
v 3.296760 0.716327 -1.152327
v 3.375993 1.350813 -3.258101
v 3.619299 0.716327 -1.152327
v 3.619299 0.716327 -1.152327
v 3.619298 0.716327 -3.258101
v 3.619298 0.716327 -3.258101
v 3.601700 1.120535 -1.152327
v 3.619299 1.007237 -1.152327
v 3.619298 1.007237 -3.258101
v 3.601699 1.120535 -3.258101
v 3.551683 1.220628 -1.152327
v 3.551682 1.220628 -3.258101
v 3.473886 1.299954 -1.152327
v 3.473886 1.299953 -3.258101
v 3.375994 1.350813 -1.152327
v 0.872238 2.187682 1.888519
v 0.872238 3.029849 1.888519
v 0.642245 2.145683 1.930518
v 0.642245 3.071847 1.930518
v 0.872238 2.187682 0.910159
v 0.872238 3.029849 0.910159
v 0.642245 2.145683 0.868160
v 0.642245 3.071847 0.868160
v 0.872238 2.145683 1.930518
v 0.872238 3.071847 1.930518
v 0.872238 3.071847 0.868160
v 0.872238 2.145683 0.868160
v 0.851623 2.187682 1.888519
v 0.851623 3.029849 1.888519
v 0.851623 3.029849 0.910159
v 0.851623 2.187682 0.910159
v 0.642245 2.145683 1.399339
v 0.642245 3.071847 1.399339
v 0.872238 2.145683 1.399339
v 0.872238 3.071847 1.399339
v 0.872238 2.187682 1.399339
v 0.872238 3.029849 1.399339
v 0.851623 2.187682 1.399339
v 0.851623 3.029849 1.399339
v 0.857961 2.203139 1.879540
v 0.857961 3.014391 1.879540
v 0.857961 3.014391 1.408317
v 0.857961 2.203139 1.408317
v 0.857961 3.014391 0.919138
v 0.857961 2.203139 0.919138
v 0.857961 2.203139 1.390360
v 0.857961 3.014391 1.390360
v 0.761157 1.977640 1.074604
v 0.761157 1.407238 1.074604
v 1.049966 1.440297 1.074604
v 0.761158 1.407238 2.056992
v 1.049967 1.440297 2.056991
v 1.049966 1.646893 1.074604
v 0.850098 1.929789 1.074604
v 0.930431 1.888052 1.074604
v 0.994308 1.822921 1.074604
v 1.035396 1.740696 1.074604
v 1.049967 1.646893 2.056991
v 0.761158 1.977640 2.056992
v 1.035396 1.740696 2.056991
v 0.994308 1.822921 2.056992
v 0.930432 1.888052 2.056992
v 0.850099 1.929789 2.056992
v 0.680048 1.440297 1.074604
v 0.680048 1.944581 1.074604
v 0.680048 1.440297 2.056992
v 0.680048 1.944581 2.056992
v 0.761157 1.977640 1.147295
v 0.761157 1.977640 1.984300
v 1.083026 1.407238 1.147295
v 1.083026 1.407238 1.984300
v 1.083026 1.649446 1.984300
v 1.083026 1.649446 1.147295
v 1.067272 1.750863 1.147295
v 1.067273 1.750863 1.984300
v 1.021554 1.842353 1.147295
v 1.021555 1.842353 1.984300
v 0.950347 1.914961 1.147295
v 0.950347 1.914961 1.984300
v 0.860620 1.961577 1.147295
v 0.860620 1.961577 1.984300
v 0.646988 1.977640 1.147295
v 0.646989 1.977640 1.984300
v 0.761157 1.407238 1.984300
v 0.761157 1.407238 1.147295
v 0.646989 1.407238 1.984300
v 0.646988 1.407238 1.147295
v 0.860620 1.961577 1.074604
v 0.758505 1.944581 1.074604
v 0.646988 1.977640 1.074604
v 1.083026 1.407238 2.056991
v 0.761158 1.440297 2.056992
v 1.083025 1.407238 1.074604
v 0.761157 1.440297 1.074604
v 1.067273 1.750863 2.056991
v 1.083026 1.649446 2.056991
v 1.083025 1.649446 1.074604
v 1.067272 1.750863 1.074604
v 1.021555 1.842353 2.056991
v 1.021554 1.842353 1.074604
v 0.950347 1.914961 2.056992
v 0.950347 1.914961 1.074604
v 0.860620 1.961577 2.056992
v 0.758505 1.944581 2.056992
v 0.646988 1.407238 1.074604
v 0.646989 1.977640 2.056992
v 0.646989 1.407238 2.056992
v 0.761157 1.440297 1.091103
v 0.758505 1.944581 1.091103
v 0.758505 1.944581 2.040492
v 0.761158 1.440297 2.040492
v 0.850098 1.929789 1.091103
v 0.680048 1.944581 1.091103
v 1.049967 1.440297 2.040492
v 1.049966 1.440297 1.091103
v 1.035396 1.740696 2.040492
v 1.049967 1.646893 2.040492
v 1.049966 1.646893 1.091103
v 1.035396 1.740696 1.091103
v 0.994308 1.822921 2.040492
v 0.994308 1.822921 1.091103
v 0.930432 1.888052 2.040492
v 0.930431 1.888052 1.091103
v 0.850099 1.929789 2.040492
v 0.680048 1.440297 1.091103
v 0.680048 1.944581 2.040492
v 0.680048 1.440297 2.040492
v 0.768282 1.964864 1.154166
v 0.768282 1.964864 1.977430
v 1.072101 1.423845 1.154166
v 1.072101 1.423845 1.977429
v 1.072101 1.653576 1.977429
v 1.072101 1.653576 1.154166
v 1.057231 1.749769 1.154166
v 1.057231 1.749769 1.977429
v 1.014077 1.836546 1.154166
v 1.014077 1.836546 1.977429
v 0.946862 1.905413 1.154166
v 0.946863 1.905413 1.977429
v 0.862167 1.949628 1.154166
v 0.862168 1.949628 1.977430
v 0.660516 1.964864 1.154166
v 0.660516 1.964864 1.977430
v 0.768282 1.423845 1.977430
v 0.768282 1.423845 1.154166
v 0.660516 1.423845 1.977430
v 0.660516 1.423845 1.154166
v 0.860620 1.961577 1.074604
v 0.761157 1.977640 1.074604
v 1.083026 1.407238 1.984300
v 1.083026 1.407238 1.984300
v 1.083026 1.407238 1.984300
v 1.083026 1.407238 2.056991
v 1.083026 1.407238 2.056991
v 0.646988 1.977640 1.074604
v 0.646988 1.977640 1.074604
v 0.761158 1.407238 2.056992
v 1.083025 1.407238 1.074604
v 1.083025 1.407238 1.074604
v 0.761157 1.407238 1.074604
v 1.067273 1.750863 2.056991
v 1.083026 1.649446 2.056991
v 1.083025 1.649446 1.074604
v 1.067272 1.750863 1.074604
v 1.021555 1.842353 2.056991
v 1.021554 1.842353 1.074604
v 0.950347 1.914961 2.056992
v 0.950347 1.914961 1.074604
v 0.860620 1.961577 2.056992
v 0.761158 1.977640 2.056992
v 0.646988 1.407238 1.074604
v 0.646988 1.407238 1.074604
v 0.646989 1.977640 2.056992
v 0.646989 1.977640 2.056992
v 0.646989 1.407238 2.056992
v 0.646989 1.407238 2.056992
v 0.646989 1.977640 1.984300
v 0.646989 1.977640 1.984300
v 0.646989 1.977640 1.984300
v 0.646988 1.407238 1.147295
v 0.646988 1.407238 1.147295
v 0.646988 1.407238 1.147295
v 1.083026 1.407238 1.147295
v 1.083026 1.407238 1.147295
v 1.083026 1.407238 1.147295
v 0.646988 1.977640 1.147295
v 0.646988 1.977640 1.147295
v 0.646988 1.977640 1.147295
v 0.660516 1.964864 1.154166
v 0.660516 1.964864 1.154166
v 0.660516 1.964864 1.154166
v 1.072101 1.423845 1.154166
v 1.072101 1.423845 1.154166
v 1.072101 1.423845 1.154166
v 0.660516 1.964864 1.977430
v 0.660516 1.964864 1.977430
v 0.660516 1.964864 1.977430
v 0.646989 1.407238 1.984300
v 0.646989 1.407238 1.984300
v 0.646989 1.407238 1.984300
v 0.761157 1.407238 1.147295
v 0.761157 1.407238 1.984300
v 0.860620 1.961577 1.984300
v 0.761157 1.977640 1.984300
v 0.860620 1.961577 1.147295
v 0.761157 1.977640 1.147295
v 0.950347 1.914961 1.984300
v 0.950347 1.914961 1.147295
v 1.021555 1.842353 1.984300
v 1.021554 1.842353 1.147295
v 1.067273 1.750863 1.984300
v 1.067272 1.750863 1.147295
v 1.083026 1.649446 1.984300
v 1.083026 1.649446 1.147295
v 0.850098 1.929789 1.074604
v 0.758505 1.944581 1.074604
v 0.680048 1.944581 1.074604
v 0.680048 1.944581 1.074604
v 1.049967 1.440297 2.056991
v 1.049967 1.440297 2.056991
v 0.761158 1.440297 2.056992
v 1.049966 1.440297 1.074604
v 1.049966 1.440297 1.074604
v 0.761157 1.440297 1.074604
v 1.035396 1.740696 2.056991
v 1.049967 1.646893 2.056991
v 1.049966 1.646893 1.074604
v 1.035396 1.740696 1.074604
v 0.994308 1.822921 2.056992
v 0.994308 1.822921 1.074604
v 0.930432 1.888052 2.056992
v 0.930431 1.888052 1.074604
v 0.850099 1.929789 2.056992
v 0.758505 1.944581 2.056992
v 0.680048 1.440297 1.074604
v 0.680048 1.440297 1.074604
v 0.680048 1.944581 2.056992
v 0.680048 1.944581 2.056992
v 0.680048 1.440297 2.056992
v 0.680048 1.440297 2.056992
v 0.850098 1.929789 1.091103
v 0.758505 1.944581 1.091103
v 0.680048 1.944581 1.091103
v 0.680048 1.944581 1.091103
v 1.049967 1.440297 2.040492
v 1.049967 1.440297 2.040492
v 0.761158 1.440297 2.040492
v 1.049966 1.440297 1.091103
v 1.049966 1.440297 1.091103
v 0.761157 1.440297 1.091103
v 1.035396 1.740696 2.040492
v 1.049967 1.646893 2.040492
v 1.049966 1.646893 1.091103
v 1.035396 1.740696 1.091103
v 0.994308 1.822921 2.040492
v 0.994308 1.822921 1.091103
v 0.930432 1.888052 2.040492
v 0.930431 1.888052 1.091103
v 0.850099 1.929789 2.040492
v 0.758505 1.944581 2.040492
v 0.680048 1.440297 1.091103
v 0.680048 1.440297 1.091103
v 0.680048 1.944581 2.040492
v 0.680048 1.944581 2.040492
v 0.680048 1.440297 2.040492
v 0.680048 1.440297 2.040492
v 1.072101 1.423845 1.977429
v 1.072101 1.423845 1.977429
v 1.072101 1.423845 1.977429
v 0.660516 1.423845 1.977430
v 0.660516 1.423845 1.977430
v 0.660516 1.423845 1.977430
v 0.660516 1.423845 1.154166
v 0.660516 1.423845 1.154166
v 0.660516 1.423845 1.154166
v 0.768282 1.423845 1.154166
v 0.768282 1.423845 1.977430
v 0.862168 1.949628 1.977430
v 0.768282 1.964864 1.977430
v 0.862167 1.949628 1.154166
v 0.768282 1.964864 1.154166
v 0.946863 1.905413 1.977429
v 0.946862 1.905413 1.154166
v 1.014077 1.836546 1.977429
v 1.014077 1.836546 1.154166
v 1.057231 1.749769 1.977429
v 1.057231 1.749769 1.154166
v 1.072101 1.653576 1.977429
v 1.072101 1.653576 1.154166
v 0.691911 2.114564 0.432120
v 0.691911 2.705292 0.432120
v 0.650317 2.015461 0.529010
v 0.650317 2.804396 0.529010
v 0.691911 2.114564 -0.282440
v 0.691911 2.705292 -0.387212
v 0.650317 2.015461 -0.529010
v 0.650317 2.804396 -0.529010
v 0.691911 2.015461 0.529010
v 0.691911 2.804396 0.529010
v 0.691911 2.804396 -0.529010
v 0.691911 2.015461 -0.529010
v 0.691911 2.143750 0.529010
v 0.691911 2.112582 0.529010
v 0.691911 2.255996 0.529010
v 0.691911 2.225745 0.529010
v 0.691911 2.368361 0.529010
v 0.691911 2.338790 0.529010
v 0.691911 2.481066 0.529010
v 0.691911 2.451495 0.529010
v 0.691911 2.594111 0.529010
v 0.691911 2.563860 0.529010
v 0.691911 2.707275 0.529010
v 0.691911 2.676106 0.529010
v 0.650317 2.676169 0.529010
v 0.650317 2.707212 0.529010
v 0.650317 2.563889 0.529010
v 0.650317 2.594082 0.529010
v 0.650317 2.451499 0.529010
v 0.650317 2.481062 0.529010
v 0.650317 2.338794 0.529010
v 0.650317 2.368358 0.529010
v 0.650317 2.225774 0.529010
v 0.650317 2.255967 0.529010
v 0.650317 2.112645 0.529010
v 0.650317 2.143687 0.529010
v 0.650317 2.676169 -0.529010
v 0.650317 2.707212 -0.529010
v 0.650317 2.563889 -0.529010
v 0.650317 2.594082 -0.529010
v 0.650317 2.451499 -0.529010
v 0.650317 2.481062 -0.529010
v 0.650317 2.338794 -0.529010
v 0.650317 2.368358 -0.529010
v 0.650317 2.225774 -0.529010
v 0.650317 2.255967 -0.529010
v 0.650317 2.112645 -0.529010
v 0.650317 2.143687 -0.529010
v 0.691911 2.676106 -0.529010
v 0.691911 2.707275 -0.529010
v 0.691911 2.563860 -0.529010
v 0.691911 2.594111 -0.529010
v 0.691911 2.451495 -0.529010
v 0.691911 2.481066 -0.529010
v 0.691911 2.338790 -0.529010
v 0.691911 2.368361 -0.529010
v 0.691911 2.225745 -0.529010
v 0.691911 2.255996 -0.529010
v 0.691911 2.112582 -0.529010
v 0.691911 2.143750 -0.529010
v 0.691911 2.148461 0.432120
v 0.691911 2.210129 0.432120
v 0.691911 2.241965 0.432120
v 0.691911 2.301906 0.432120
v 0.691911 2.334180 0.432120
v 0.691911 2.393699 0.432120
v 0.691911 2.426157 0.432120
v 0.691911 2.485677 0.432120
v 0.691911 2.517951 0.432120
v 0.691911 2.577892 0.432120
v 0.691911 2.609728 0.432120
v 0.691911 2.671395 0.432120
v 0.691911 2.671395 -0.387212
v 0.691911 2.609728 -0.314076
v 0.691911 2.577892 -0.314076
v 0.691911 2.517951 -0.377624
v 0.691911 2.485677 -0.377624
v 0.691911 2.426157 -0.293318
v 0.691911 2.393699 -0.293318
v 0.691911 2.334180 -0.406417
v 0.691911 2.301906 -0.406417
v 0.691911 2.241965 -0.432120
v 0.691911 2.210129 -0.432120
v 0.691911 2.148461 -0.282440
v 0.650317 2.676169 0.012655
v 0.650317 2.676169 -0.012655
v 0.650317 2.707212 0.012655
v 0.650317 2.707212 -0.012655
v 0.650317 2.563889 0.012655
v 0.650317 2.563889 -0.012655
v 0.650317 2.594082 -0.012655
v 0.650317 2.594082 0.012655
v 0.650317 2.451499 -0.012655
v 0.650317 2.451499 0.012655
v 0.650317 2.481062 -0.012655
v 0.650317 2.481062 0.012655
v 0.650317 2.338794 0.012655
v 0.650317 2.338794 -0.012655
v 0.650317 2.368358 0.012655
v 0.650317 2.368358 -0.012655
v 0.650317 2.225774 -0.012655
v 0.650317 2.225774 0.012655
v 0.650317 2.255967 0.012655
v 0.650317 2.255967 -0.012655
v 0.650317 2.112645 -0.012655
v 0.650317 2.112645 0.012655
v 0.650317 2.143687 -0.012655
v 0.650317 2.143687 0.012655
v 0.691911 2.609728 0.012655
v 0.691911 2.609728 -0.012655
v 0.691911 2.671395 0.084470
v 0.691911 2.671395 -0.012655
v 0.691911 2.517951 -0.012655
v 0.691911 2.517951 0.147045
v 0.691911 2.577892 -0.012655
v 0.691911 2.577892 0.012655
v 0.691911 2.426157 0.056578
v 0.691911 2.426157 -0.012655
v 0.691911 2.485677 0.147045
v 0.691911 2.485677 -0.012655
v 0.691911 2.334180 -0.012655
v 0.691911 2.334180 0.217438
v 0.691911 2.393699 -0.012655
v 0.691911 2.393699 0.056578
v 0.691911 2.241965 0.051540
v 0.691911 2.241965 -0.012655
v 0.691911 2.301906 0.217438
v 0.691911 2.301906 -0.012655
v 0.691911 2.148461 -0.012655
v 0.691911 2.148461 0.098386
v 0.691911 2.210129 -0.012655
v 0.691911 2.210129 0.051540
v 0.691911 2.705292 -0.012655
v 0.691911 2.705292 0.084470
v 0.691911 2.114564 0.098386
v 0.691911 2.114564 -0.012655
v 0.691911 2.804396 -0.012655
v 0.691911 2.804396 0.012655
v 0.691911 2.015461 -0.012655
v 0.691911 2.015461 0.012655
v 0.650317 2.804396 -0.012655
v 0.650317 2.804396 0.012655
v 0.650317 2.015461 0.012655
v 0.650317 2.015461 -0.012655
v 0.929248 1.404496 -0.838866
v 0.929248 2.026322 -0.838866
v 0.650317 1.404496 -0.838866
v 0.650317 2.026322 -0.838866
v 0.929248 1.404496 -1.654765
v 0.929248 2.026322 -1.654765
v 0.650317 1.404496 -1.654765
v 0.650317 2.026322 -1.654765
v 0.964051 1.449509 -0.867068
v 0.650317 1.449509 -0.838866
v 0.650317 1.449509 -1.654765
v 0.964051 1.449509 -1.626563
v 1.177669 1.449509 -1.494685
v 1.052223 1.449509 -1.626563
v 1.171381 1.449509 -1.536422
v 1.153803 1.449509 -1.572690
v 1.126424 1.449509 -1.601472
v 1.091925 1.449509 -1.619952
v 1.052594 1.404496 -1.654765
v 1.198230 1.404496 -1.501661
v 1.097598 1.404496 -1.647271
v 1.138197 1.404496 -1.625524
v 1.170416 1.404496 -1.591653
v 1.191102 1.404496 -1.548972
v 1.198230 1.404496 -0.991970
v 1.052594 1.404496 -0.838866
v 1.191102 1.404496 -0.944658
v 1.170416 1.404496 -0.901978
v 1.138197 1.404496 -0.868106
v 1.097598 1.404496 -0.846359
v 1.052223 1.449509 -0.867068
v 1.177669 1.449509 -0.998946
v 1.091925 1.449509 -0.873679
v 1.126424 1.449509 -0.892158
v 1.153803 1.449509 -0.920941
v 1.171381 1.449509 -0.957209
v 0.929248 1.838018 -0.838866
v 0.650317 1.838018 -0.838866
v 0.650317 1.838018 -1.654765
v 0.929248 1.838018 -1.654765
v 1.207885 1.838018 -0.838866
v 1.207884 1.838018 -1.654765
v 1.207885 1.854469 -0.838866
v 1.194482 1.907574 -0.838866
v 1.155586 1.955481 -0.838866
v 1.095004 1.993501 -0.838866
v 1.018666 2.017910 -0.838866
v 1.207884 1.854469 -1.654765
v 1.018666 2.017910 -1.654765
v 1.095004 1.993501 -1.654765
v 1.155586 1.955481 -1.654765
v 1.194482 1.907574 -1.654765
v 0.929248 1.449509 -1.654765
v 0.929248 1.449509 -0.838866
v 1.191102 1.449509 -1.548972
v 1.198230 1.449509 -1.501661
v 1.170416 1.449509 -1.591653
v 1.138197 1.449509 -1.625524
v 1.097598 1.449509 -1.647271
v 1.052594 1.449509 -1.654765
v 1.198230 1.449509 -0.991970
v 1.191102 1.449509 -0.944658
v 1.170416 1.449509 -0.901978
v 1.138197 1.449509 -0.868106
v 1.097598 1.449509 -0.846359
v 1.052594 1.449509 -0.838866
v 0.650317 1.404496 -0.838866
v 0.650317 1.404496 -0.838866
v 0.929248 1.404496 -0.838866
v 0.929248 2.026322 -0.838866
v 0.650317 2.026322 -0.838866
v 0.650317 2.026322 -0.838866
v 0.650317 1.449509 -0.838866
v 0.650317 1.404496 -1.654765
v 0.650317 1.404496 -1.654765
v 0.650317 2.026322 -1.654765
v 0.650317 2.026322 -1.654765
v 0.650317 1.449509 -1.654765
v 0.929248 1.404496 -1.654765
v 0.929248 2.026322 -1.654765
v 0.650317 1.838018 -0.838866
v 0.650317 1.838018 -1.654765
v 0.929248 1.838018 -1.654765
v 0.929248 1.838018 -1.654765
v 0.929248 1.449509 -1.654765
v 0.929248 1.449509 -1.654765
v 0.929248 1.449509 -0.838866
v 0.929248 1.449509 -0.838866
v 1.191102 1.449509 -1.548972
v 1.198230 1.449509 -1.501661
v 1.198230 1.404496 -1.501661
v 1.191102 1.404496 -1.548972
v 1.170416 1.449509 -1.591653
v 1.170416 1.404496 -1.591653
v 1.138197 1.449509 -1.625524
v 1.138197 1.404496 -1.625524
v 1.097598 1.449509 -1.647271
v 1.097598 1.404496 -1.647271
v 1.052594 1.449509 -1.654765
v 1.052594 1.404496 -1.654765
v 1.191102 1.404496 -0.944658
v 1.198230 1.404496 -0.991970
v 1.198230 1.449509 -0.991970
v 1.191102 1.449509 -0.944658
v 1.170416 1.404496 -0.901978
v 1.170416 1.449509 -0.901978
v 1.138197 1.404496 -0.868106
v 1.138197 1.449509 -0.868106
v 1.097598 1.404496 -0.846359
v 1.097598 1.449509 -0.846359
v 1.052594 1.404496 -0.838866
v 1.052594 1.449509 -0.838866
v 0.929248 1.838018 -0.838866
v 0.929248 1.838018 -0.838866
v 1.018666 2.017910 -0.838866
v 1.207884 1.838018 -1.654765
v 1.207884 1.838018 -1.654765
v 1.207885 1.838018 -0.838866
v 1.207885 1.838018 -0.838866
v 1.095004 1.993501 -1.654765
v 1.018666 2.017910 -1.654765
v 1.095004 1.993501 -0.838866
v 1.155586 1.955481 -1.654765
v 1.155586 1.955481 -0.838866
v 1.194482 1.907574 -1.654765
v 1.194482 1.907574 -0.838866
v 1.207884 1.854469 -1.654765
v 1.207885 1.854469 -0.838866
v 1.240937 1.320047 0.425015
v 0.649776 1.320047 0.425015
v 1.240937 1.320047 -0.425015
v 0.649776 1.320047 -0.425015
v 1.182437 1.422257 0.242081
v 1.077142 1.422257 0.360401
v 1.235529 1.422257 0.424718
v 1.174422 1.422257 0.287360
v 1.151597 1.422257 0.325746
v 1.117436 1.422257 0.351395
v 0.832986 1.422257 0.360401
v 0.727690 1.422257 0.242081
v 0.655470 1.422257 0.423605
v 0.792691 1.422257 0.351395
v 0.758531 1.422257 0.325746
v 0.735705 1.422257 0.287360
v 1.077142 1.422257 -0.360402
v 1.182437 1.422257 -0.242081
v 1.235529 1.422257 -0.424718
v 1.117436 1.422257 -0.351395
v 1.151597 1.422257 -0.325746
v 1.174422 1.422257 -0.287360
v 0.727690 1.422257 -0.242081
v 0.832986 1.422257 -0.360402
v 0.655470 1.422257 -0.423606
v 0.735705 1.422257 -0.287360
v 0.758531 1.422257 -0.325746
v 0.792691 1.422257 -0.351395
v 1.240937 1.417298 0.425015
v 0.649776 1.417298 0.425015
v 0.651794 1.422257 0.424515
v 0.649776 1.422257 0.419442
v 0.651794 1.422257 -0.424516
v 0.649776 1.417298 -0.425015
v 0.649776 1.422257 -0.419443
v 1.240937 1.417298 -0.425015
v 1.050993 1.189064 0.281796
v 1.063655 1.258961 0.360401
v 1.057556 1.209537 0.337378
v 1.093226 1.189064 0.234339
v 1.168946 1.258901 0.242081
v 1.144379 1.209519 0.239813
v 1.070884 1.189064 0.277350
v 1.103949 1.258945 0.351395
v 1.091874 1.209532 0.329708
v 1.081905 1.189064 0.269075
v 1.138108 1.258926 0.325746
v 1.119257 1.209526 0.309147
v 1.089270 1.189064 0.256690
v 1.160932 1.258910 0.287360
v 1.137553 1.209521 0.278377
v 0.797643 1.189064 0.234339
v 0.727690 1.258994 0.242081
v 0.748179 1.209546 0.239813
v 0.839876 1.189064 0.281796
v 0.832986 1.258974 0.360401
v 0.835004 1.209540 0.337378
v 0.801600 1.189064 0.256690
v 0.735705 1.258992 0.287360
v 0.755005 1.209546 0.278377
v 0.808964 1.189064 0.269075
v 0.758531 1.258989 0.325746
v 0.773302 1.209545 0.309148
v 0.819985 1.189064 0.277350
v 0.792691 1.258983 0.351395
v 0.800685 1.209543 0.329708
v 0.839876 1.189064 -0.281796
v 0.832986 1.258974 -0.360402
v 0.835004 1.209540 -0.337378
v 0.797643 1.189064 -0.234339
v 0.727690 1.258994 -0.242081
v 0.748179 1.209546 -0.239813
v 0.819985 1.189064 -0.277350
v 0.792691 1.258983 -0.351395
v 0.800685 1.209543 -0.329708
v 0.808964 1.189064 -0.269075
v 0.758531 1.258989 -0.325746
v 0.773302 1.209545 -0.309148
v 0.801600 1.189064 -0.256690
v 0.735705 1.258992 -0.287360
v 0.755005 1.209546 -0.278377
v 1.093226 1.189064 -0.234339
v 1.168946 1.258901 -0.242081
v 1.144379 1.209519 -0.239813
v 1.050993 1.189064 -0.281796
v 1.063655 1.258961 -0.360402
v 1.057556 1.209537 -0.337379
v 1.089269 1.189064 -0.256690
v 1.160932 1.258910 -0.287360
v 1.137553 1.209521 -0.278377
v 1.081905 1.189064 -0.269075
v 1.138108 1.258926 -0.325746
v 1.119257 1.209526 -0.309148
v 1.070884 1.189064 -0.277350
v 1.103949 1.258945 -0.351395
v 1.091874 1.209532 -0.329708
v 1.235529 1.422257 -0.424718
v 1.240937 1.417298 -0.425015
v 1.182437 1.422257 0.242081
v 1.174422 1.422257 0.287360
v 1.151597 1.422257 0.325746
v 1.117436 1.422257 0.351395
v 1.077142 1.422257 0.360401
v 0.832986 1.422257 0.360401
v 0.792691 1.422257 0.351395
v 0.758531 1.422257 0.325746
v 0.735705 1.422257 0.287360
v 0.727690 1.422257 0.242081
v 1.077142 1.422257 -0.360402
v 1.117436 1.422257 -0.351395
v 1.151597 1.422257 -0.325746
v 1.174422 1.422257 -0.287360
v 1.182437 1.422257 -0.242081
v 0.727690 1.422257 -0.242081
v 0.735705 1.422257 -0.287360
v 0.758531 1.422257 -0.325746
v 0.792691 1.422257 -0.351395
v 0.832986 1.422257 -0.360402
v 0.651794 1.422257 -0.424516
v 0.651794 1.422257 -0.424516
v 0.649776 1.417298 0.425015
v 0.651794 1.422257 0.424515
v 0.651794 1.422257 0.424515
v 0.649776 1.422257 0.419442
v 0.649776 1.422257 -0.419443
v 0.649776 1.417298 -0.425015
v 1.235529 1.422257 0.424718
v 1.240937 1.417298 0.425015
v 1.240937 1.320047 -0.425015
v 1.240937 1.320047 0.425015
v 0.736763 2.163693 -1.246815
v 0.750118 2.163693 -1.313954
v 0.788149 2.163693 -1.370872
v 0.845067 2.163693 -1.408904
v 0.912207 2.163693 -1.422259
v 0.979346 2.163693 -1.408904
v 1.036264 2.163693 -1.370872
v 1.074296 2.163693 -1.313954
v 1.087650 2.163693 -1.246815
v 1.074296 2.163693 -1.179676
v 1.036264 2.163693 -1.122758
v 0.979346 2.163693 -1.084726
v 0.912207 2.163693 -1.071371
v 0.845067 2.163693 -1.084726
v 0.788149 2.163693 -1.122758
v 0.750118 2.163693 -1.179676
v 0.665700 2.364367 -1.348922
v 0.645389 2.364367 -1.246815
v 0.723538 2.364367 -1.435483
v 0.810100 2.364367 -1.493322
v 0.912207 2.364367 -1.513632
v 1.014313 2.364367 -1.493322
v 1.100875 2.364367 -1.435483
v 1.158714 2.364367 -1.348922
v 1.179024 2.364367 -1.246815
v 1.158714 2.364367 -1.144708
v 1.100875 2.364367 -1.058147
v 1.014313 2.364367 -1.000308
v 0.912207 2.364367 -0.979998
v 0.810100 2.364367 -1.000308
v 0.723538 2.364367 -1.058147
v 0.665700 2.364367 -1.144708
v 0.687054 2.484501 -1.340076
v 0.668503 2.484501 -1.246815
v 0.739882 2.484501 -1.419139
v 0.818945 2.484501 -1.471967
v 0.912207 2.484501 -1.490518
v 1.005468 2.484501 -1.471967
v 1.084531 2.484501 -1.419139
v 1.137359 2.484501 -1.340076
v 1.155910 2.484501 -1.246815
v 1.137359 2.484501 -1.153554
v 1.084531 2.484501 -1.074491
v 1.005468 2.484501 -1.021662
v 0.912207 2.484501 -1.003112
v 0.818945 2.484501 -1.021662
v 0.739882 2.484501 -1.074491
v 0.687054 2.484501 -1.153554
v 0.736763 2.083673 -1.246815
v 0.750118 2.083673 -1.313954
v 0.788149 2.083673 -1.370872
v 0.845067 2.083673 -1.408904
v 0.912207 2.083673 -1.422259
v 0.979346 2.083673 -1.408904
v 1.036264 2.083673 -1.370872
v 1.074296 2.083673 -1.313954
v 1.087650 2.083673 -1.246815
v 1.074296 2.083673 -1.179676
v 1.036264 2.083673 -1.122758
v 0.979346 2.083673 -1.084726
v 0.912207 2.083673 -1.071371
v 0.845067 2.083673 -1.084726
v 0.788149 2.083673 -1.122758
v 0.750118 2.083673 -1.179676
v 0.730845 1.993161 -1.246815
v 0.744650 1.993161 -1.316219
v 0.744650 2.083673 -1.316219
v 0.783964 1.993161 -1.375057
v 0.783964 2.083673 -1.375057
v 0.842802 1.993161 -1.414372
v 0.842802 2.083673 -1.414372
v 0.912207 1.993161 -1.428177
v 0.912207 2.083673 -1.428177
v 0.981611 1.993161 -1.414372
v 0.981611 2.083673 -1.414372
v 1.040449 1.993161 -1.375057
v 1.040449 2.083673 -1.375057
v 1.079763 1.993161 -1.316219
v 1.079763 2.083673 -1.316219
v 1.093569 1.993161 -1.246815
v 1.093569 2.083673 -1.246815
v 1.079763 1.993161 -1.177411
v 1.079763 2.083673 -1.177411
v 1.040449 1.993161 -1.118573
v 1.040449 2.083673 -1.118573
v 0.981611 1.993161 -1.079258
v 0.981611 2.083673 -1.079258
v 0.912207 1.993161 -1.065453
v 0.912207 2.083673 -1.065453
v 0.842802 1.993161 -1.079258
v 0.842802 2.083673 -1.079258
v 0.783964 1.993161 -1.118573
v 0.783964 2.083673 -1.118573
v 0.744650 1.993161 -1.177411
v 0.744650 2.083673 -1.177411
v 0.730845 2.083673 -1.246815
v 0.665700 2.484501 -1.348922
v 0.645389 2.484501 -1.246815
v 0.723538 2.484501 -1.435483
v 0.810100 2.484501 -1.493322
v 0.912207 2.484501 -1.513632
v 1.014313 2.484501 -1.493322
v 1.100875 2.484501 -1.435483
v 1.158714 2.484501 -1.348922
v 1.179024 2.484501 -1.246815
v 1.158714 2.484501 -1.144708
v 1.100875 2.484501 -1.058147
v 1.014313 2.484501 -1.000308
v 0.912207 2.484501 -0.979998
v 0.810100 2.484501 -1.000308
v 0.723538 2.484501 -1.058147
v 0.665700 2.484501 -1.144708
v 0.750118 2.163693 -1.313954
v 0.736763 2.163693 -1.246815
v 0.788149 2.163693 -1.370872
v 0.845067 2.163693 -1.408904
v 0.912207 2.163693 -1.422259
v 0.979346 2.163693 -1.408904
v 1.036264 2.163693 -1.370872
v 1.074296 2.163693 -1.313954
v 1.087650 2.163693 -1.246815
v 1.074296 2.163693 -1.179676
v 1.036264 2.163693 -1.122758
v 0.979346 2.163693 -1.084726
v 0.912207 2.163693 -1.071371
v 0.845067 2.163693 -1.084726
v 0.788149 2.163693 -1.122758
v 0.750118 2.163693 -1.179676
v 0.665700 2.364367 -1.348922
v 0.645389 2.364367 -1.246815
v 0.723538 2.364367 -1.435483
v 0.810100 2.364367 -1.493322
v 0.912207 2.364367 -1.513632
v 1.014313 2.364367 -1.493322
v 1.100875 2.364367 -1.435483
v 1.158714 2.364367 -1.348922
v 1.179024 2.364367 -1.246815
v 1.158714 2.364367 -1.144708
v 1.100875 2.364367 -1.058147
v 1.014313 2.364367 -1.000308
v 0.912207 2.364367 -0.979998
v 0.810100 2.364367 -1.000308
v 0.723538 2.364367 -1.058147
v 0.665700 2.364367 -1.144708
v 0.665700 2.484501 -1.348922
v 0.645389 2.484501 -1.246815
v 0.723538 2.484501 -1.435483
v 0.810100 2.484501 -1.493322
v 0.912207 2.484501 -1.513632
v 1.014313 2.484501 -1.493322
v 1.100875 2.484501 -1.435483
v 1.158714 2.484501 -1.348922
v 1.179024 2.484501 -1.246815
v 1.158714 2.484501 -1.144708
v 1.100875 2.484501 -1.058147
v 1.014313 2.484501 -1.000308
v 0.912207 2.484501 -0.979998
v 0.810100 2.484501 -1.000308
v 0.723538 2.484501 -1.058147
v 0.665700 2.484501 -1.144708
v 0.750118 2.083673 -1.179676
v 0.736763 2.083673 -1.246815
v 0.788149 2.083673 -1.122758
v 0.845067 2.083673 -1.084726
v 0.912207 2.083673 -1.071371
v 0.979346 2.083673 -1.084726
v 1.036264 2.083673 -1.122758
v 1.074296 2.083673 -1.179676
v 1.087650 2.083673 -1.246815
v 1.074296 2.083673 -1.313954
v 1.036264 2.083673 -1.370872
v 0.979346 2.083673 -1.408904
v 0.912207 2.083673 -1.422259
v 0.845067 2.083673 -1.408904
v 0.788149 2.083673 -1.370872
v 0.750118 2.083673 -1.313954
v 0.744650 2.083673 -1.177411
v 0.730845 2.083673 -1.246815
v 0.783964 2.083673 -1.118573
v 0.842802 2.083673 -1.079258
v 0.912207 2.083673 -1.065453
v 0.981611 2.083673 -1.079258
v 1.040449 2.083673 -1.118573
v 1.079763 2.083673 -1.177411
v 1.093569 2.083673 -1.246815
v 1.079763 2.083673 -1.316219
v 1.040449 2.083673 -1.375057
v 0.981611 2.083673 -1.414372
v 0.912207 2.083673 -1.428177
v 0.842802 2.083673 -1.414372
v 0.783964 2.083673 -1.375057
v 0.744650 2.083673 -1.316219
v 0.648367 1.549571 0.823251
v 0.648367 1.877840 0.823251
v 0.648367 1.549571 0.541834
v 0.648367 1.877840 0.541834
v 0.784944 1.611378 0.777190
v 0.763644 1.549571 0.823251
v 0.784944 1.720000 0.777190
v 0.763644 1.877840 0.823251
v 0.784944 1.611378 0.587896
v 0.763644 1.549571 0.541834
v 0.784944 1.720000 0.587896
v 0.763644 1.877840 0.541834
v 0.784944 1.570872 0.801950
v 0.784944 1.856539 0.801950
v 0.784944 1.856539 0.563135
v 0.784944 1.570872 0.563135
v 0.756806 1.611378 0.777190
v 0.718741 1.720000 0.777190
v 0.718741 1.720000 0.587896
v 0.756806 1.611378 0.587896
v 0.655008 1.420374 -0.000000
v 0.670014 1.465214 -0.000000
v 0.659554 1.420374 -0.016967
v 0.672509 1.465214 -0.009310
v 0.671975 1.420374 -0.029388
v 0.679325 1.465214 -0.016126
v 0.688942 1.420374 -0.033934
v 0.688635 1.465214 -0.018621
v 0.705909 1.420374 -0.029388
v 0.697945 1.465214 -0.016126
v 0.718330 1.420374 -0.016967
v 0.704761 1.465214 -0.009310
v 0.722876 1.420374 -0.000000
v 0.707256 1.465214 -0.000000
v 0.718330 1.420374 0.016967
v 0.704761 1.465214 0.009310
v 0.705909 1.420374 0.029388
v 0.697945 1.465214 0.016126
v 0.688942 1.420374 0.033934
v 0.688635 1.465214 0.018621
v 0.671975 1.420374 0.029388
v 0.679325 1.465214 0.016126
v 0.659554 1.420374 0.016967
v 0.672509 1.465214 0.009310
v 0.669869 1.465568 -0.010835
v 0.666966 1.465568 -0.000000
v 0.677800 1.465568 -0.018766
v 0.688635 1.465568 -0.021669
v 0.699470 1.465568 -0.018766
v 0.707401 1.465568 -0.010835
v 0.710304 1.465568 -0.000000
v 0.707401 1.465568 0.010835
v 0.699470 1.465568 0.018766
v 0.688635 1.465568 0.021669
v 0.677800 1.465568 0.018766
v 0.669869 1.465568 0.010835
v 0.672509 1.682288 -0.009310
v 0.670014 1.682288 -0.000000
v 0.679325 1.682288 -0.016126
v 0.688635 1.682288 -0.018621
v 0.697945 1.682288 -0.016126
v 0.704761 1.682288 -0.009310
v 0.707256 1.682288 -0.000000
v 0.704761 1.682288 0.009310
v 0.697945 1.682288 0.016126
v 0.688635 1.682288 0.018621
v 0.679325 1.682288 0.016126
v 0.672509 1.682288 0.009310
v 0.676737 1.703546 -0.009310
v 0.674432 1.704500 -0.000000
v 0.683034 1.700937 -0.016126
v 0.691636 1.697374 -0.018621
v 0.700238 1.693812 -0.016126
v 0.706534 1.691203 -0.009310
v 0.708839 1.690248 -0.000000
v 0.706534 1.691203 0.009310
v 0.700238 1.693812 0.016126
v 0.691636 1.697374 0.018621
v 0.683034 1.700937 0.016126
v 0.676737 1.703546 0.009310
v 0.688779 1.721567 -0.009310
v 0.687015 1.723331 -0.000000
v 0.693598 1.716748 -0.016126
v 0.700182 1.710164 -0.018621
v 0.706765 1.703581 -0.016126
v 0.711585 1.698761 -0.009310
v 0.713349 1.696997 -0.000000
v 0.711585 1.698761 0.009310
v 0.706765 1.703581 0.016126
v 0.700182 1.710164 0.018621
v 0.693598 1.716748 0.016126
v 0.688779 1.721567 0.009310
v 0.706800 1.733609 -0.009310
v 0.705846 1.735914 -0.000000
v 0.709409 1.727312 -0.016126
v 0.712972 1.718710 -0.018621
v 0.716534 1.710109 -0.016126
v 0.719143 1.703812 -0.009310
v 0.720097 1.701507 -0.000000
v 0.719143 1.703812 0.009310
v 0.716534 1.710109 0.016126
v 0.712972 1.718710 0.018621
v 0.709409 1.727312 0.016126
v 0.706800 1.733609 0.009310
v 0.728058 1.737837 -0.009310
v 0.728058 1.740332 -0.000000
v 0.728058 1.731021 -0.016126
v 0.728058 1.721711 -0.018621
v 0.728058 1.712400 -0.016126
v 0.728058 1.705585 -0.009310
v 0.728058 1.703090 -0.000000
v 0.728058 1.705585 0.009310
v 0.728058 1.712400 0.016126
v 0.728058 1.721711 0.018621
v 0.728058 1.731021 0.016126
v 0.728058 1.737837 0.009310
v 0.820400 1.626222 -0.009310
v 0.764851 1.737837 -0.009310
v 0.764851 1.740332 -0.000000
v 0.764851 1.731021 -0.016126
v 0.764851 1.721711 -0.018621
v 0.764851 1.712400 -0.016126
v 0.764851 1.705585 -0.009310
v 0.764851 1.703090 -0.000000
v 0.764851 1.705585 0.009310
v 0.764851 1.712400 0.016126
v 0.764851 1.721711 0.018621
v 0.764851 1.731021 0.016126
v 0.764851 1.737837 0.009310
v 0.786108 1.733609 -0.009310
v 0.787063 1.735914 -0.000000
v 0.783500 1.727312 -0.016126
v 0.779937 1.718710 -0.018621
v 0.776374 1.710109 -0.016126
v 0.773766 1.703812 -0.009310
v 0.772811 1.701507 -0.000000
v 0.773766 1.703812 0.009310
v 0.776374 1.710109 0.016126
v 0.779937 1.718710 0.018621
v 0.783500 1.727312 0.016126
v 0.786108 1.733609 0.009310
v 0.804130 1.721567 -0.009310
v 0.805894 1.723331 -0.000000
v 0.799310 1.716748 -0.016126
v 0.792727 1.710164 -0.018621
v 0.786144 1.703581 -0.016126
v 0.781324 1.698761 -0.009310
v 0.779560 1.696997 -0.000000
v 0.781324 1.698761 0.009310
v 0.786144 1.703581 0.016126
v 0.792727 1.710164 0.018621
v 0.799310 1.716748 0.016126
v 0.804130 1.721567 0.009310
v 0.816171 1.703546 -0.009310
v 0.818476 1.704500 -0.000000
v 0.809874 1.700937 -0.016126
v 0.801273 1.697374 -0.018621
v 0.792671 1.693812 -0.016126
v 0.786374 1.691203 -0.009310
v 0.784069 1.690248 -0.000000
v 0.786374 1.691203 0.009310
v 0.792671 1.693812 0.016126
v 0.801273 1.697374 0.018621
v 0.809874 1.700937 0.016126
v 0.816171 1.703546 0.009310
v 0.820400 1.682288 -0.009310
v 0.822895 1.682288 -0.000000
v 0.813584 1.682288 -0.016126
v 0.804274 1.682288 -0.018621
v 0.794963 1.682288 -0.016126
v 0.788148 1.682288 -0.009310
v 0.785653 1.682288 -0.000000
v 0.788148 1.682288 0.009310
v 0.794963 1.682288 0.016126
v 0.804274 1.682288 0.018621
v 0.813584 1.682288 0.016126
v 0.820400 1.682288 0.009310
v 0.822894 1.626222 -0.000000
v 0.813584 1.626222 -0.016126
v 0.804274 1.626222 -0.018621
v 0.794963 1.626222 -0.016126
v 0.788148 1.626222 -0.009310
v 0.785653 1.626222 -0.000000
v 0.788148 1.626222 0.009310
v 0.794963 1.626222 0.016126
v 0.804274 1.626222 0.018621
v 0.813584 1.626222 0.016126
v 0.820400 1.626222 0.009310
v 0.816990 1.601675 -0.007342
v 0.818957 1.601675 -0.000000
v 0.811615 1.601675 -0.012716
v 0.804274 1.601675 -0.014683
v 0.796932 1.601675 -0.012716
v 0.791558 1.601675 -0.007342
v 0.789590 1.601675 -0.000000
v 0.791558 1.601675 0.007342
v 0.796932 1.601675 0.012716
v 0.804274 1.601675 0.014683
v 0.811615 1.601675 0.012716
v 0.816990 1.601675 0.007342
v 0.824604 1.626222 -0.011738
v 0.827749 1.626222 -0.000000
v 0.816012 1.626222 -0.020331
v 0.804274 1.626222 -0.023476
v 0.792536 1.626222 -0.020331
v 0.783943 1.626222 -0.011738
v 0.780798 1.626222 -0.000000
v 0.783943 1.626222 0.011738
v 0.792536 1.626222 0.020330
v 0.804274 1.626222 0.023476
v 0.816012 1.626222 0.020330
v 0.824604 1.626222 0.011738
v 0.824604 1.601675 -0.011738
v 0.827749 1.601675 -0.000000
v 0.816011 1.601675 -0.020331
v 0.804274 1.601675 -0.023476
v 0.792536 1.601675 -0.020331
v 0.783943 1.601675 -0.011738
v 0.780798 1.601675 -0.000000
v 0.783943 1.601675 0.011738
v 0.792536 1.601675 0.020330
v 0.804274 1.601675 0.023476
v 0.816011 1.601675 0.020330
v 0.824604 1.601675 0.011738
v 0.655008 1.420374 -0.000000
v 0.659554 1.420374 -0.016967
v 0.669869 1.465568 -0.010835
v 0.666966 1.465568 -0.000000
v 0.671975 1.420374 -0.029388
v 0.677800 1.465568 -0.018766
v 0.688942 1.420374 -0.033934
v 0.688635 1.465568 -0.021669
v 0.705909 1.420374 -0.029388
v 0.699470 1.465568 -0.018766
v 0.718330 1.420374 -0.016967
v 0.707401 1.465568 -0.010835
v 0.722876 1.420374 -0.000000
v 0.710304 1.465568 -0.000000
v 0.718330 1.420374 0.016967
v 0.707401 1.465568 0.010835
v 0.705909 1.420374 0.029388
v 0.699470 1.465568 0.018766
v 0.688942 1.420374 0.033934
v 0.688635 1.465568 0.021669
v 0.671975 1.420374 0.029388
v 0.677800 1.465568 0.018766
v 0.659554 1.420374 0.016967
v 0.669869 1.465568 0.010835
v 0.672509 1.465214 -0.009310
v 0.670014 1.465214 -0.000000
v 0.679325 1.465214 -0.016126
v 0.688635 1.465214 -0.018621
v 0.697945 1.465214 -0.016126
v 0.704761 1.465214 -0.009310
v 0.707256 1.465214 -0.000000
v 0.704761 1.465214 0.009310
v 0.697945 1.465214 0.016126
v 0.688635 1.465214 0.018621
v 0.679325 1.465214 0.016126
v 0.672509 1.465214 0.009310
v 0.820400 1.626222 -0.009310
v 0.822894 1.626222 -0.000000
v 0.813584 1.626222 -0.016126
v 0.804274 1.626222 -0.018621
v 0.794963 1.626222 -0.016126
v 0.788148 1.626222 -0.009310
v 0.785653 1.626222 -0.000000
v 0.788148 1.626222 0.009310
v 0.794963 1.626222 0.016126
v 0.804274 1.626222 0.018621
v 0.813584 1.626222 0.016126
v 0.820400 1.626222 0.009310
v 0.824604 1.626222 -0.011738
v 0.827749 1.626222 -0.000000
v 0.816012 1.626222 -0.020331
v 0.804274 1.626222 -0.023476
v 0.792536 1.626222 -0.020331
v 0.783943 1.626222 -0.011738
v 0.780798 1.626222 -0.000000
v 0.783943 1.626222 0.011738
v 0.792536 1.626222 0.020330
v 0.804274 1.626222 0.023476
v 0.816012 1.626222 0.020330
v 0.824604 1.626222 0.011738
v 0.824604 1.601675 -0.011738
v 0.827749 1.601675 -0.000000
v 0.816011 1.601675 -0.020331
v 0.804274 1.601675 -0.023476
v 0.792536 1.601675 -0.020331
v 0.783943 1.601675 -0.011738
v 0.780798 1.601675 -0.000000
v 0.783943 1.601675 0.011738
v 0.792536 1.601675 0.020330
v 0.804274 1.601675 0.023476
v 0.816011 1.601675 0.020330
v 0.824604 1.601675 0.011738
v 0.949451 1.760637 -1.453329
v 0.963923 1.760637 -1.507341
v 1.003463 1.760637 -1.546881
v 1.057475 1.760637 -1.561353
v 1.111488 1.760637 -1.546881
v 1.151027 1.760637 -1.507341
v 1.165500 1.760637 -1.453329
v 1.151027 1.760637 -1.399317
v 1.111488 1.760637 -1.359777
v 1.057475 1.760637 -1.345304
v 1.003463 1.760637 -1.359777
v 0.963923 1.760637 -1.399317
v 0.952963 1.839748 -1.392989
v 0.936795 1.760637 -1.453329
v 0.952963 1.760637 -1.513669
v 0.997135 1.760637 -1.557841
v 1.057475 1.760637 -1.574009
v 1.117815 1.760637 -1.557841
v 1.161987 1.760637 -1.513669
v 1.178155 1.760637 -1.453329
v 1.161987 1.760637 -1.392989
v 1.117815 1.760637 -1.348817
v 1.057475 1.760637 -1.332649
v 0.997135 1.760637 -1.348817
v 0.952963 1.760637 -1.392989
v 0.960662 1.718007 -1.453329
v 0.973632 1.718007 -1.501735
v 1.009068 1.718007 -1.537172
v 1.057475 1.718007 -1.550142
v 1.105882 1.718007 -1.537172
v 1.141318 1.718007 -1.501735
v 1.154289 1.718007 -1.453329
v 1.141318 1.718007 -1.404922
v 1.105882 1.718007 -1.369486
v 1.057475 1.718007 -1.356515
v 1.009068 1.718007 -1.369486
v 0.973632 1.718007 -1.404922
v 0.949451 1.760637 -1.040301
v 0.963923 1.760637 -0.986289
v 1.003463 1.760637 -0.946750
v 1.057475 1.760637 -0.932277
v 1.111488 1.760637 -0.946750
v 1.151027 1.760637 -0.986289
v 1.165500 1.760637 -1.040301
v 1.151027 1.760637 -1.094314
v 1.111488 1.760637 -1.133853
v 1.057475 1.760637 -1.148326
v 1.003463 1.760637 -1.133853
v 0.963923 1.760637 -1.094314
v 0.952963 1.839748 -1.100641
v 0.936795 1.760637 -1.040301
v 0.952963 1.760637 -0.979962
v 0.997135 1.760637 -0.935790
v 1.057475 1.760637 -0.919622
v 1.117815 1.760637 -0.935790
v 1.161987 1.760637 -0.979962
v 1.178155 1.760637 -1.040301
v 1.161987 1.760637 -1.100641
v 1.117815 1.760637 -1.144813
v 1.057475 1.760637 -1.160981
v 0.997135 1.760637 -1.144813
v 0.952963 1.760637 -1.100641
v 0.960662 1.718007 -1.040301
v 0.973632 1.718007 -0.991895
v 1.009069 1.718007 -0.956459
v 1.057475 1.718007 -0.943488
v 1.105882 1.718007 -0.956459
v 1.141318 1.718007 -0.991895
v 1.154289 1.718007 -1.040301
v 1.141318 1.718007 -1.088708
v 1.105882 1.718007 -1.124144
v 1.057475 1.718007 -1.137115
v 1.009069 1.718007 -1.124144
v 0.973632 1.718007 -1.088708
v 0.936795 1.760637 -1.453329
v 0.952963 1.760637 -1.513669
v 0.952963 1.839748 -1.513669
v 0.936795 1.839748 -1.453329
v 0.997135 1.760637 -1.557841
v 0.997135 1.839748 -1.557841
v 1.057475 1.760637 -1.574009
v 1.057475 1.839748 -1.574009
v 1.117815 1.760637 -1.557841
v 1.117815 1.839748 -1.557841
v 1.161987 1.760637 -1.513669
v 1.161987 1.839748 -1.513669
v 1.178155 1.760637 -1.453329
v 1.178155 1.839748 -1.453329
v 1.161987 1.760637 -1.392989
v 1.161987 1.839748 -1.392989
v 1.117815 1.760637 -1.348817
v 1.117815 1.839748 -1.348817
v 1.057475 1.760637 -1.332649
v 1.057475 1.839748 -1.332649
v 0.997135 1.760637 -1.348817
v 0.997135 1.839748 -1.348817
v 0.952963 1.760637 -1.392989
v 0.949451 1.760637 -1.453329
v 0.963923 1.760637 -1.507341
v 1.003463 1.760637 -1.546881
v 1.057475 1.760637 -1.561353
v 1.111488 1.760637 -1.546881
v 1.151027 1.760637 -1.507341
v 1.165500 1.760637 -1.453329
v 1.151027 1.760637 -1.399317
v 1.111488 1.760637 -1.359777
v 1.057475 1.760637 -1.345304
v 1.003463 1.760637 -1.359777
v 0.963923 1.760637 -1.399317
v 0.960662 1.718007 -1.453329
v 0.973632 1.718007 -1.501735
v 1.009068 1.718007 -1.537172
v 1.057475 1.718007 -1.550142
v 1.105882 1.718007 -1.537172
v 1.141318 1.718007 -1.501735
v 1.154289 1.718007 -1.453329
v 1.141318 1.718007 -1.404922
v 1.105882 1.718007 -1.369486
v 1.057475 1.718007 -1.356515
v 1.009068 1.718007 -1.369486
v 0.973632 1.718007 -1.404922
v 0.936795 1.760637 -1.040301
v 0.952963 1.760637 -0.979962
v 0.952963 1.839748 -0.979962
v 0.936795 1.839748 -1.040301
v 0.997135 1.760637 -0.935790
v 0.997135 1.839748 -0.935790
v 1.057475 1.760637 -0.919622
v 1.057475 1.839748 -0.919622
v 1.117815 1.760637 -0.935790
v 1.117815 1.839748 -0.935790
v 1.161987 1.760637 -0.979962
v 1.161987 1.839748 -0.979962
v 1.178155 1.760637 -1.040301
v 1.178155 1.839748 -1.040301
v 1.161987 1.760637 -1.100641
v 1.161987 1.839748 -1.100641
v 1.117815 1.760637 -1.144813
v 1.117815 1.839748 -1.144813
v 1.057475 1.760637 -1.160981
v 1.057475 1.839748 -1.160981
v 0.997135 1.760637 -1.144813
v 0.997135 1.839748 -1.144813
v 0.952963 1.760637 -1.100641
v 0.949451 1.760637 -1.040301
v 0.963923 1.760637 -0.986289
v 1.003463 1.760637 -0.946750
v 1.057475 1.760637 -0.932277
v 1.111488 1.760637 -0.946750
v 1.151027 1.760637 -0.986289
v 1.165500 1.760637 -1.040301
v 1.151027 1.760637 -1.094314
v 1.111488 1.760637 -1.133853
v 1.057475 1.760637 -1.148326
v 1.003463 1.760637 -1.133853
v 0.963923 1.760637 -1.094314
v 0.960662 1.718007 -1.040301
v 0.973632 1.718007 -0.991895
v 1.009069 1.718007 -0.956459
v 1.057475 1.718007 -0.943488
v 1.105882 1.718007 -0.956459
v 1.141318 1.718007 -0.991895
v 1.154289 1.718007 -1.040301
v 1.141318 1.718007 -1.088708
v 1.105882 1.718007 -1.124144
v 1.057475 1.718007 -1.137115
v 1.009069 1.718007 -1.124144
v 0.973632 1.718007 -1.088708
v 1.149539 1.756462 -1.480975
v 1.192741 1.756462 -1.493951
v 1.147090 1.754181 -1.489129
v 1.190291 1.754181 -1.502105
v 1.145297 1.747948 -1.495098
v 1.188498 1.747948 -1.508075
v 1.144641 1.739434 -1.497283
v 1.187842 1.739434 -1.510260
v 1.145297 1.730919 -1.495098
v 1.188498 1.730919 -1.508075
v 1.147090 1.724686 -1.489129
v 1.190291 1.724686 -1.502105
v 1.149539 1.722405 -1.480975
v 1.192741 1.722405 -1.493951
v 1.151989 1.724686 -1.472820
v 1.195190 1.724686 -1.485797
v 1.153782 1.730919 -1.466851
v 1.196983 1.730919 -1.479827
v 1.154438 1.739434 -1.464666
v 1.197639 1.739434 -1.477642
v 1.153782 1.747948 -1.466851
v 1.196983 1.747948 -1.479827
v 1.151989 1.754181 -1.472820
v 1.195190 1.754181 -1.485797
v 1.198916 1.759556 -1.507936
v 1.202258 1.762669 -1.496810
v 1.196470 1.751051 -1.516081
v 1.195574 1.739434 -1.519063
v 1.196470 1.727816 -1.516081
v 1.198916 1.719311 -1.507936
v 1.202258 1.716199 -1.496810
v 1.205600 1.719311 -1.485683
v 1.208047 1.727816 -1.477538
v 1.208942 1.739434 -1.474557
v 1.208047 1.751051 -1.477538
v 1.205600 1.759556 -1.485683
v 1.367352 1.755025 -1.555798
v 1.357942 1.762519 -1.557489
v 1.364088 1.760279 -1.557985
v 1.361776 1.766090 -1.544724
v 1.369942 1.757437 -1.547177
v 1.367550 1.763504 -1.546459
v 1.365457 1.748435 -1.562109
v 1.355135 1.752762 -1.566834
v 1.361554 1.751468 -1.566423
v 1.364763 1.739434 -1.564420
v 1.354108 1.739434 -1.570254
v 1.360626 1.739434 -1.569511
v 1.365457 1.730432 -1.562109
v 1.355135 1.726105 -1.566834
v 1.361554 1.727399 -1.566423
v 1.367352 1.723843 -1.555798
v 1.357942 1.716348 -1.557489
v 1.364088 1.718589 -1.557985
v 1.369942 1.721430 -1.547177
v 1.361776 1.712777 -1.544724
v 1.367550 1.715364 -1.546459
v 1.372531 1.723843 -1.538556
v 1.365610 1.716348 -1.531960
v 1.371012 1.718589 -1.534933
v 1.374427 1.730432 -1.532245
v 1.368417 1.726105 -1.522615
v 1.373547 1.727399 -1.526495
v 1.375121 1.739434 -1.529935
v 1.369445 1.739434 -1.519195
v 1.374474 1.739434 -1.523407
v 1.374427 1.748435 -1.532245
v 1.368417 1.752762 -1.522615
v 1.373547 1.751468 -1.526495
v 1.372531 1.755025 -1.538556
v 1.365610 1.762519 -1.531960
v 1.371012 1.760279 -1.534933
v 1.149539 1.756462 -1.012657
v 1.192741 1.756462 -0.999680
v 1.147090 1.754181 -1.004502
v 1.190291 1.754181 -0.991526
v 1.145297 1.747948 -0.998533
v 1.188498 1.747948 -0.985557
v 1.144641 1.739434 -0.996348
v 1.187842 1.739434 -0.983372
v 1.145297 1.730919 -0.998533
v 1.188498 1.730919 -0.985557
v 1.147090 1.724686 -1.004502
v 1.190291 1.724686 -0.991526
v 1.149539 1.722405 -1.012657
v 1.192741 1.722405 -0.999680
v 1.151989 1.724686 -1.020811
v 1.195190 1.724686 -1.007835
v 1.153782 1.730919 -1.026781
v 1.196983 1.730919 -1.013804
v 1.154438 1.739434 -1.028966
v 1.197639 1.739434 -1.015989
v 1.153782 1.747948 -1.026781
v 1.196983 1.747948 -1.013804
v 1.151989 1.754181 -1.020811
v 1.195190 1.754181 -1.007835
v 1.198916 1.759556 -0.985695
v 1.202258 1.762669 -0.996822
v 1.196470 1.751051 -0.977550
v 1.195574 1.739434 -0.974569
v 1.196470 1.727816 -0.977550
v 1.198916 1.719311 -0.985695
v 1.202258 1.716199 -0.996822
v 1.205600 1.719311 -1.007948
v 1.208047 1.727816 -1.016093
v 1.208943 1.739434 -1.019074
v 1.208047 1.751051 -1.016093
v 1.205600 1.759556 -1.007948
v 1.367353 1.755025 -0.937833
v 1.357942 1.762519 -0.936142
v 1.364088 1.760279 -0.935646
v 1.361776 1.766090 -0.948907
v 1.369942 1.757437 -0.946454
v 1.367550 1.763504 -0.947173
v 1.365457 1.748435 -0.931522
v 1.355135 1.752762 -0.926798
v 1.361554 1.751468 -0.927209
v 1.364763 1.739434 -0.929212
v 1.354108 1.739434 -0.923377
v 1.360626 1.739434 -0.924120
v 1.365457 1.730432 -0.931522
v 1.355135 1.726105 -0.926798
v 1.361554 1.727399 -0.927209
v 1.367353 1.723843 -0.937833
v 1.357942 1.716348 -0.936142
v 1.364088 1.718589 -0.935646
v 1.369942 1.721431 -0.946454
v 1.361776 1.712777 -0.948907
v 1.367550 1.715364 -0.947173
v 1.372532 1.723843 -0.955075
v 1.365610 1.716348 -0.961672
v 1.371012 1.718589 -0.958699
v 1.374427 1.730432 -0.961386
v 1.368417 1.726105 -0.971017
v 1.373547 1.727399 -0.967137
v 1.375121 1.739434 -0.963696
v 1.369445 1.739434 -0.974437
v 1.374475 1.739434 -0.970225
v 1.374427 1.748435 -0.961386
v 1.368417 1.752762 -0.971017
v 1.373547 1.751468 -0.967137
v 1.372532 1.755025 -0.955075
v 1.365610 1.762519 -0.961672
v 1.371012 1.760279 -0.958699
v 0.659112 1.420374 -0.116636
v 0.674965 1.465214 -0.125233
v 0.655020 1.420374 -0.133718
v 0.673085 1.465214 -0.133082
v 0.660017 1.420374 -0.150558
v 0.675381 1.465214 -0.140820
v 0.672765 1.420374 -0.162643
v 0.681239 1.465214 -0.146373
v 0.689847 1.420374 -0.166735
v 0.689088 1.465214 -0.148254
v 0.706687 1.420374 -0.161738
v 0.696826 1.465214 -0.145957
v 0.718772 1.420374 -0.148990
v 0.702379 1.465214 -0.140100
v 0.722864 1.420374 -0.131908
v 0.704259 1.465214 -0.132251
v 0.717867 1.420374 -0.115068
v 0.701963 1.465214 -0.124513
v 0.705119 1.420374 -0.102983
v 0.696106 1.465214 -0.118960
v 0.688037 1.420374 -0.098891
v 0.688256 1.465214 -0.117079
v 0.671197 1.420374 -0.103888
v 0.680518 1.465214 -0.119375
v 0.667010 1.465568 -0.133244
v 0.669624 1.465568 -0.122336
v 0.670201 1.465568 -0.143998
v 0.678342 1.465568 -0.151715
v 0.689250 1.465568 -0.154328
v 0.700003 1.465568 -0.151137
v 0.707721 1.465568 -0.142997
v 0.710334 1.465568 -0.132088
v 0.707143 1.465568 -0.121335
v 0.699002 1.465568 -0.113618
v 0.688094 1.465568 -0.111005
v 0.677341 1.465568 -0.114196
v 0.680753 1.499948 -0.133930
v 0.681954 1.500204 -0.129023
v 0.682131 1.499248 -0.138746
v 0.685719 1.498291 -0.142180
v 0.690554 1.497334 -0.143314
v 0.695342 1.496634 -0.141842
v 0.698800 1.496378 -0.138159
v 0.700001 1.496634 -0.133252
v 0.698623 1.497334 -0.128436
v 0.695035 1.498291 -0.125002
v 0.690199 1.499248 -0.123868
v 0.685411 1.499948 -0.125340
v 0.708214 1.519938 -0.137707
v 0.710109 1.516368 -0.134666
v 0.710993 1.511491 -0.133656
v 0.710629 1.506615 -0.134947
v 0.709114 1.503045 -0.138194
v 0.706854 1.501738 -0.142527
v 0.704455 1.503045 -0.146784
v 0.702560 1.506615 -0.149825
v 0.701677 1.511491 -0.150835
v 0.702041 1.516368 -0.149543
v 0.705815 1.521245 -0.141964
v 0.703556 1.519938 -0.146296
v 0.693607 1.517266 -0.140900
v 0.695317 1.518369 -0.136270
v 0.693593 1.514251 -0.144961
v 0.695279 1.510132 -0.147365
v 0.698213 1.506013 -0.147467
v 0.701609 1.502998 -0.145240
v 0.704557 1.501894 -0.141281
v 0.706267 1.502998 -0.136650
v 0.706281 1.506013 -0.132590
v 0.704595 1.510132 -0.130186
v 0.701661 1.514251 -0.130084
v 0.698265 1.517266 -0.132311
v 0.690350 1.510678 -0.128018
v 0.694574 1.508538 -0.126241
v 0.698639 1.505615 -0.126956
v 0.701457 1.502692 -0.129973
v 0.702271 1.500553 -0.134483
v 0.700864 1.499770 -0.139278
v 0.697613 1.500553 -0.143073
v 0.693388 1.502692 -0.144851
v 0.689323 1.505615 -0.144135
v 0.686506 1.508538 -0.141118
v 0.687098 1.511461 -0.131813
v 0.685691 1.510678 -0.136608
v 0.775574 1.512101 -0.182930
v 0.771032 1.516000 -0.182890
v 0.773859 1.514771 -0.183713
v 0.776905 1.512839 -0.180517
v 0.773392 1.517308 -0.178612
v 0.775918 1.515912 -0.179981
v 0.774565 1.510085 -0.184677
v 0.769243 1.512426 -0.185988
v 0.772299 1.511652 -0.186416
v 0.774148 1.507330 -0.185291
v 0.768505 1.507543 -0.187077
v 0.771654 1.507392 -0.187365
v 0.774435 1.504575 -0.184607
v 0.769014 1.502661 -0.185864
v 0.772098 1.503133 -0.186307
v 0.775350 1.502559 -0.182808
v 0.770635 1.499087 -0.182674
v 0.773512 1.500014 -0.183525
v 0.776646 1.501820 -0.180376
v 0.772933 1.497779 -0.178363
v 0.775517 1.498873 -0.179764
v 0.777977 1.502559 -0.177963
v 0.775293 1.499087 -0.174085
v 0.777576 1.500014 -0.176032
v 0.778986 1.504575 -0.176216
v 0.777082 1.502661 -0.170986
v 0.779136 1.503133 -0.173329
v 0.779403 1.507330 -0.175602
v 0.777821 1.507543 -0.169898
v 0.779781 1.507392 -0.172380
v 0.779116 1.510085 -0.176286
v 0.777312 1.512426 -0.171111
v 0.779337 1.511652 -0.173438
v 0.778201 1.512101 -0.178085
v 0.775691 1.516000 -0.174300
v 0.777923 1.514771 -0.176220
v 0.659112 1.420374 -0.116636
v 0.655020 1.420374 -0.133718
v 0.667010 1.465568 -0.133244
v 0.669624 1.465568 -0.122336
v 0.660017 1.420374 -0.150558
v 0.670201 1.465568 -0.143998
v 0.672765 1.420374 -0.162643
v 0.678342 1.465568 -0.151715
v 0.689847 1.420374 -0.166735
v 0.689250 1.465568 -0.154328
v 0.706687 1.420374 -0.161738
v 0.700003 1.465568 -0.151137
v 0.718772 1.420374 -0.148990
v 0.707721 1.465568 -0.142997
v 0.722864 1.420374 -0.131908
v 0.710334 1.465568 -0.132088
v 0.717867 1.420374 -0.115068
v 0.707143 1.465568 -0.121335
v 0.705119 1.420374 -0.102983
v 0.699002 1.465568 -0.113618
v 0.688037 1.420374 -0.098891
v 0.688094 1.465568 -0.111005
v 0.671197 1.420374 -0.103888
v 0.677341 1.465568 -0.114196
v 0.673085 1.465214 -0.133082
v 0.674965 1.465214 -0.125233
v 0.675381 1.465214 -0.140820
v 0.681239 1.465214 -0.146373
v 0.689088 1.465214 -0.148254
v 0.696826 1.465214 -0.145957
v 0.702379 1.465214 -0.140100
v 0.704259 1.465214 -0.132251
v 0.701963 1.465214 -0.124513
v 0.696106 1.465214 -0.118960
v 0.688256 1.465214 -0.117079
v 0.680518 1.465214 -0.119375
v 0.698800 1.496378 -0.138159
v 0.775918 1.515912 -0.179981
v 0.773859 1.514771 -0.183713
v 0.772299 1.511652 -0.186416
v 0.771654 1.507392 -0.187365
v 0.772098 1.503133 -0.186307
v 0.773512 1.500014 -0.183525
v 0.775517 1.498873 -0.179764
v 0.777576 1.500014 -0.176032
v 0.779136 1.503133 -0.173329
v 0.779781 1.507392 -0.172380
v 0.779337 1.511652 -0.173438
v 0.777923 1.514771 -0.176220
v 0.659112 1.420374 0.116635
v 0.674965 1.465214 0.125232
v 0.655020 1.420374 0.133717
v 0.673085 1.465214 0.133081
v 0.660017 1.420374 0.150557
v 0.675381 1.465214 0.140819
v 0.672765 1.420374 0.162642
v 0.681239 1.465214 0.146372
v 0.689847 1.420374 0.166734
v 0.689088 1.465214 0.148253
v 0.706687 1.420374 0.161737
v 0.696826 1.465214 0.145956
v 0.718772 1.420374 0.148989
v 0.702379 1.465214 0.140099
v 0.722864 1.420374 0.131907
v 0.704259 1.465214 0.132250
v 0.717867 1.420374 0.115067
v 0.701963 1.465214 0.124512
v 0.705119 1.420374 0.102982
v 0.696106 1.465214 0.118959
v 0.688037 1.420374 0.098890
v 0.688256 1.465214 0.117078
v 0.671197 1.420374 0.103887
v 0.680518 1.465214 0.119375
v 0.667010 1.465568 0.133243
v 0.669624 1.465568 0.122335
v 0.670201 1.465568 0.143997
v 0.678342 1.465568 0.151714
v 0.689250 1.465568 0.154327
v 0.700003 1.465568 0.151136
v 0.707721 1.465568 0.142996
v 0.710334 1.465568 0.132088
v 0.707143 1.465568 0.121334
v 0.699002 1.465568 0.113617
v 0.688094 1.465568 0.111004
v 0.677341 1.465568 0.114195
v 0.680753 1.499948 0.133929
v 0.681954 1.500204 0.129022
v 0.682131 1.499248 0.138745
v 0.685719 1.498291 0.142180
v 0.690554 1.497334 0.143313
v 0.695342 1.496634 0.141841
v 0.698800 1.496378 0.138158
v 0.700001 1.496634 0.133251
v 0.698623 1.497334 0.128435
v 0.695035 1.498291 0.125001
v 0.690199 1.499248 0.123867
v 0.685411 1.499948 0.125339
v 0.708214 1.519938 0.137706
v 0.710109 1.516368 0.134665
v 0.710993 1.511491 0.133655
v 0.710629 1.506615 0.134946
v 0.709114 1.503045 0.138193
v 0.706854 1.501738 0.142526
v 0.704455 1.503045 0.146783
v 0.702560 1.506615 0.149824
v 0.701677 1.511491 0.150834
v 0.702041 1.516368 0.149542
v 0.705815 1.521245 0.141963
v 0.703556 1.519938 0.146295
v 0.693607 1.517266 0.140900
v 0.695317 1.518369 0.136269
v 0.693593 1.514251 0.144961
v 0.695279 1.510132 0.147364
v 0.698213 1.506013 0.147466
v 0.701609 1.502998 0.145239
v 0.704557 1.501894 0.141280
v 0.706267 1.502998 0.136650
v 0.706281 1.506013 0.132589
v 0.704595 1.510132 0.130185
v 0.701661 1.514251 0.130083
v 0.698265 1.517266 0.132310
v 0.690350 1.510678 0.128017
v 0.694574 1.508538 0.126240
v 0.698639 1.505615 0.126955
v 0.701457 1.502692 0.129972
v 0.702271 1.500553 0.134482
v 0.700864 1.499770 0.139277
v 0.697613 1.500553 0.143072
v 0.693388 1.502692 0.144850
v 0.689323 1.505615 0.144134
v 0.686506 1.508538 0.141117
v 0.687098 1.511461 0.131812
v 0.685691 1.510678 0.136607
v 0.775574 1.512101 0.182929
v 0.771032 1.516000 0.182889
v 0.773859 1.514771 0.183712
v 0.776905 1.512839 0.180516
v 0.773392 1.517308 0.178611
v 0.775918 1.515912 0.179980
v 0.774565 1.510085 0.184676
v 0.769243 1.512426 0.185987
v 0.772299 1.511652 0.186415
v 0.774148 1.507330 0.185290
v 0.768505 1.507543 0.187076
v 0.771654 1.507392 0.187364
v 0.774435 1.504575 0.184606
v 0.769014 1.502661 0.185863
v 0.772098 1.503133 0.186306
v 0.775350 1.502559 0.182807
v 0.770635 1.499087 0.182673
v 0.773512 1.500014 0.183524
v 0.776646 1.501820 0.180375
v 0.772933 1.497779 0.178362
v 0.775517 1.498873 0.179763
v 0.777977 1.502559 0.177962
v 0.775293 1.499087 0.174084
v 0.777576 1.500014 0.176031
v 0.778986 1.504575 0.176215
v 0.777082 1.502661 0.170985
v 0.779136 1.503133 0.173329
v 0.779403 1.507330 0.175601
v 0.777821 1.507543 0.169897
v 0.779781 1.507392 0.172379
v 0.779116 1.510085 0.176285
v 0.777312 1.512426 0.171110
v 0.779337 1.511652 0.173437
v 0.778201 1.512101 0.178084
v 0.775691 1.516000 0.174299
v 0.777923 1.514771 0.176219
v 0.659112 1.420374 0.116635
v 0.655020 1.420374 0.133717
v 0.667010 1.465568 0.133243
v 0.669624 1.465568 0.122335
v 0.660017 1.420374 0.150557
v 0.670201 1.465568 0.143997
v 0.672765 1.420374 0.162642
v 0.678342 1.465568 0.151714
v 0.689847 1.420374 0.166734
v 0.689250 1.465568 0.154327
v 0.706687 1.420374 0.161737
v 0.700003 1.465568 0.151136
v 0.718772 1.420374 0.148989
v 0.707721 1.465568 0.142996
v 0.722864 1.420374 0.131907
v 0.710334 1.465568 0.132088
v 0.717867 1.420374 0.115067
v 0.707143 1.465568 0.121334
v 0.705119 1.420374 0.102982
v 0.699002 1.465568 0.113617
v 0.688037 1.420374 0.098890
v 0.688094 1.465568 0.111004
v 0.671197 1.420374 0.103887
v 0.677341 1.465568 0.114195
v 0.673085 1.465214 0.133081
v 0.674965 1.465214 0.125232
v 0.675381 1.465214 0.140819
v 0.681239 1.465214 0.146372
v 0.689088 1.465214 0.148253
v 0.696826 1.465214 0.145956
v 0.702379 1.465214 0.140099
v 0.704259 1.465214 0.132250
v 0.701963 1.465214 0.124512
v 0.696106 1.465214 0.118959
v 0.688256 1.465214 0.117078
v 0.680518 1.465214 0.119375
v 0.698800 1.496378 0.138158
v 0.775918 1.515912 0.179980
v 0.773859 1.514771 0.183712
v 0.772299 1.511652 0.186415
v 0.771654 1.507392 0.187364
v 0.772098 1.503133 0.186306
v 0.773512 1.500014 0.183524
v 0.775517 1.498873 0.179763
v 0.777576 1.500014 0.176031
v 0.779136 1.503133 0.173329
v 0.779781 1.507392 0.172379
v 0.779337 1.511652 0.173437
v 0.777923 1.514771 0.176219
v 2.849985 0.089487 0.032039
v 2.849985 1.064460 0.032039
v 2.403311 0.089487 0.032039
v 2.403311 1.064460 0.032039
v 2.849985 0.089487 -0.032037
v 2.849985 1.064460 -0.032037
v 2.403311 0.089487 -0.032037
v 2.403311 1.064460 -0.032037
v 2.849985 0.089487 2.424402
v 2.849985 1.064460 2.424402
v 2.403311 0.089487 2.424402
v 2.403311 1.064460 2.424402
v 2.849985 0.089487 2.360326
v 2.849985 1.064460 2.360326
v 2.403311 0.089487 2.360326
v 2.403311 1.064460 2.360326
v 2.849985 0.089487 -2.360324
v 2.849985 1.064460 -2.360324
v 2.403311 0.089487 -2.360324
v 2.403311 1.064460 -2.360324
v 2.849985 0.089487 -2.424401
v 2.849985 1.064460 -2.424401
v 2.403311 0.089487 -2.424400
v 2.403311 1.064460 -2.424400
v -2.849968 0.089487 -0.032038
v -2.849968 1.064460 -0.032038
v -2.403294 0.089487 -0.032038
v -2.403294 1.064460 -0.032038
v -2.849968 0.089487 0.032038
v -2.849968 1.064460 0.032038
v -2.403294 0.089487 0.032038
v -2.403294 1.064460 0.032038
v -2.849967 0.089487 2.360325
v -2.849967 1.064460 2.360325
v -2.403293 0.089487 2.360325
v -2.403293 1.064460 2.360325
v -2.849967 0.089487 2.424402
v -2.849967 1.064460 2.424402
v -2.403293 0.089487 2.424401
v -2.403293 1.064460 2.424401
v -0.032038 0.089487 4.937579
v -0.032038 1.064460 4.937579
v -0.032038 0.089487 4.490904
v -0.032038 1.064460 4.490904
v 0.032039 0.089487 4.937579
v 0.032039 1.064460 4.937579
v 0.032038 0.089487 4.490904
v 0.032038 1.064460 4.490904
v 0.032035 0.089487 -4.937584
v 0.032035 1.064460 -4.937584
v 0.032036 0.089487 -4.490910
v 0.032036 1.064460 -4.490910
v -0.032042 0.089487 -4.937584
v -0.032042 1.064460 -4.937584
v -0.032041 0.089487 -4.490910
v -0.032041 1.064460 -4.490910
v -0.617366 2.362967 -0.202172
v -0.617366 2.430635 -0.202172
v -1.046430 2.362967 -0.202172
v -1.046430 2.430635 -0.202172
v -0.617366 2.362967 -2.081274
v -0.617366 2.430635 -2.081274
v -1.046430 2.362967 -2.081274
v -1.046430 2.430635 -2.081274
v -0.617366 2.146817 -1.099661
v -0.617366 2.371363 -1.099661
v -0.975266 2.371363 -1.099661
v -0.617366 2.146817 -1.885724
v -0.617366 2.146817 -1.183785
v -0.617366 2.371363 -1.183785
v -0.975266 2.371363 -1.183785
v -0.617366 2.371363 -1.885724
v -0.975266 2.371363 -1.885724
v -0.617366 2.146817 -1.969847
v -0.617366 2.371363 -1.969847
v -0.975266 2.371363 -1.969847
v -0.617366 2.146817 -0.313599
v -0.617366 2.371363 -0.313599
v -0.975266 2.371363 -0.313599
v -0.617366 2.146817 -0.397723
v -0.617366 2.371363 -0.397723
v -0.975266 2.371363 -0.397723
v -0.875627 2.130151 0.991962
v -0.875627 2.972318 0.991962
v -0.645635 2.088152 0.949964
v -0.645635 3.014317 0.949964
v -0.875628 2.130151 1.970322
v -0.875628 2.972318 1.970322
v -0.645635 2.088152 2.012321
v -0.645635 3.014317 2.012321
v -0.875627 2.088152 0.949964
v -0.875627 3.014317 0.949964
v -0.875628 3.014317 2.012321
v -0.875628 2.088152 2.012321
v -0.855012 2.130151 0.991962
v -0.855012 2.972318 0.991962
v -0.855013 2.972318 1.970322
v -0.855013 2.130151 1.970322
v -0.645635 2.088152 1.481142
v -0.645635 3.014317 1.481142
v -0.875627 2.088152 1.481142
v -0.875627 3.014317 1.481142
v -0.875627 2.130151 1.481142
v -0.875627 2.972318 1.481142
v -0.855012 2.130151 1.481142
v -0.855012 2.972318 1.481142
v -0.861350 2.145608 1.000941
v -0.861350 2.956861 1.000941
v -0.861350 2.956861 1.472164
v -0.861350 2.145608 1.472164
v -0.861351 2.956861 1.961344
v -0.861351 2.145608 1.961344
v -0.861350 2.145608 1.490121
v -0.861350 2.956861 1.490121
v -0.759511 1.977640 -1.083573
v -0.759511 1.407238 -1.083573
v -1.048320 1.440297 -1.083573
v -0.759512 1.407238 -2.065961
v -1.048322 1.440297 -2.065960
v -1.048320 1.646893 -1.083573
v -0.848452 1.929789 -1.083573
v -0.928785 1.888052 -1.083573
v -0.992661 1.822921 -1.083573
v -1.033749 1.740696 -1.083573
v -1.048322 1.646893 -2.065960
v -0.759512 1.977640 -2.065961
v -1.033751 1.740696 -2.065960
v -0.992663 1.822921 -2.065960
v -0.928787 1.888052 -2.065960
v -0.848454 1.929789 -2.065961
v -0.678402 1.440297 -1.083573
v -0.678402 1.944581 -1.083573
v -0.678403 1.440297 -2.065961
v -0.678403 1.944581 -2.065961
v -0.759511 1.977640 -1.156264
v -0.759512 1.977640 -1.993269
v -1.081380 1.407238 -1.156264
v -1.081381 1.407238 -1.993269
v -1.081381 1.649446 -1.993269
v -1.081380 1.649446 -1.156264
v -1.065626 1.750863 -1.156264
v -1.065627 1.750863 -1.993269
v -1.019908 1.842353 -1.156264
v -1.019909 1.842353 -1.993269
v -0.948701 1.914961 -1.156264
v -0.948702 1.914961 -1.993269
v -0.858974 1.961577 -1.156264
v -0.858975 1.961577 -1.993269
v -0.645342 1.977640 -1.156265
v -0.645343 1.977640 -1.993270
v -0.759512 1.407238 -1.993269
v -0.759511 1.407238 -1.156264
v -0.645343 1.407238 -1.993270
v -0.645342 1.407238 -1.156265
v -0.858974 1.961577 -1.083573
v -0.756859 1.944581 -1.083573
v -0.645342 1.977640 -1.083573
v -1.081381 1.407238 -2.065960
v -0.759512 1.440297 -2.065961
v -1.081380 1.407238 -1.083573
v -0.759511 1.440297 -1.083573
v -1.065628 1.750863 -2.065960
v -1.081381 1.649446 -2.065960
v -1.081380 1.649446 -1.083573
v -1.065626 1.750863 -1.083573
v -1.019910 1.842353 -2.065960
v -1.019908 1.842353 -1.083573
v -0.948702 1.914961 -2.065960
v -0.948700 1.914961 -1.083573
v -0.858975 1.961577 -2.065961
v -0.756860 1.944581 -2.065961
v -0.645342 1.407238 -1.083573
v -0.645344 1.977640 -2.065961
v -0.645344 1.407238 -2.065961
v -0.759511 1.440297 -1.100072
v -0.756859 1.944581 -1.100072
v -0.756860 1.944581 -2.049461
v -0.759512 1.440297 -2.049461
v -0.848452 1.929789 -1.100072
v -0.678402 1.944581 -1.100073
v -1.048322 1.440297 -2.049461
v -1.048320 1.440297 -1.100072
v -1.033751 1.740696 -2.049461
v -1.048322 1.646893 -2.049461
v -1.048320 1.646893 -1.100072
v -1.033750 1.740696 -1.100072
v -0.992663 1.822921 -2.049461
v -0.992662 1.822921 -1.100072
v -0.928787 1.888052 -2.049461
v -0.928785 1.888052 -1.100072
v -0.848454 1.929789 -2.049461
v -0.678402 1.440297 -1.100073
v -0.678403 1.944581 -2.049462
v -0.678403 1.440297 -2.049462
v -0.766636 1.964864 -1.163135
v -0.766637 1.964864 -1.986399
v -1.070455 1.423845 -1.163135
v -1.070456 1.423845 -1.986398
v -1.070456 1.653576 -1.986398
v -1.070455 1.653576 -1.163134
v -1.055585 1.749769 -1.163135
v -1.055586 1.749769 -1.986398
v -1.012431 1.836546 -1.163135
v -1.012432 1.836546 -1.986398
v -0.945216 1.905413 -1.163135
v -0.945217 1.905413 -1.986398
v -0.860521 1.949628 -1.163135
v -0.860522 1.949628 -1.986399
v -0.658870 1.964864 -1.163135
v -0.658871 1.964864 -1.986399
v -0.766637 1.423845 -1.986399
v -0.766636 1.423845 -1.163135
v -0.658871 1.423845 -1.986399
v -0.658870 1.423845 -1.163135
v -0.858974 1.961577 -1.083573
v -0.759511 1.977640 -1.083573
v -1.081381 1.407238 -1.993269
v -1.081381 1.407238 -1.993269
v -1.081381 1.407238 -1.993269
v -1.081381 1.407238 -2.065960
v -1.081381 1.407238 -2.065960
v -0.645342 1.977640 -1.083573
v -0.645342 1.977640 -1.083573
v -0.759512 1.407238 -2.065961
v -1.081380 1.407238 -1.083573
v -1.081380 1.407238 -1.083573
v -0.759511 1.407238 -1.083573
v -1.065628 1.750863 -2.065960
v -1.081381 1.649446 -2.065960
v -1.081380 1.649446 -1.083573
v -1.065626 1.750863 -1.083573
v -1.019910 1.842353 -2.065960
v -1.019908 1.842353 -1.083573
v -0.948702 1.914961 -2.065960
v -0.948700 1.914961 -1.083573
v -0.858975 1.961577 -2.065961
v -0.759512 1.977640 -2.065961
v -0.645342 1.407238 -1.083573
v -0.645342 1.407238 -1.083573
v -0.645344 1.977640 -2.065961
v -0.645344 1.977640 -2.065961
v -0.645344 1.407238 -2.065961
v -0.645344 1.407238 -2.065961
v -0.645343 1.977640 -1.993270
v -0.645343 1.977640 -1.993270
v -0.645343 1.977640 -1.993270
v -0.645342 1.407238 -1.156265
v -0.645342 1.407238 -1.156265
v -0.645342 1.407238 -1.156265
v -1.081380 1.407238 -1.156264
v -1.081380 1.407238 -1.156264
v -1.081380 1.407238 -1.156264
v -0.645342 1.977640 -1.156265
v -0.645342 1.977640 -1.156265
v -0.645342 1.977640 -1.156265
v -0.658870 1.964864 -1.163135
v -0.658870 1.964864 -1.163135
v -0.658870 1.964864 -1.163135
v -1.070455 1.423845 -1.163135
v -1.070455 1.423845 -1.163135
v -1.070455 1.423845 -1.163135
v -0.658871 1.964864 -1.986399
v -0.658871 1.964864 -1.986399
v -0.658871 1.964864 -1.986399
v -0.645343 1.407238 -1.993270
v -0.645343 1.407238 -1.993270
v -0.645343 1.407238 -1.993270
v -0.759511 1.407238 -1.156264
v -0.759512 1.407238 -1.993269
v -0.858975 1.961577 -1.993269
v -0.759512 1.977640 -1.993269
v -0.858974 1.961577 -1.156264
v -0.759511 1.977640 -1.156264
v -0.948702 1.914961 -1.993269
v -0.948701 1.914961 -1.156264
v -1.019909 1.842353 -1.993269
v -1.019908 1.842353 -1.156264
v -1.065627 1.750863 -1.993269
v -1.065626 1.750863 -1.156264
v -1.081381 1.649446 -1.993269
v -1.081380 1.649446 -1.156264
v -0.848452 1.929789 -1.083573
v -0.756859 1.944581 -1.083573
v -0.678402 1.944581 -1.083573
v -0.678402 1.944581 -1.083573
v -1.048322 1.440297 -2.065960
v -1.048322 1.440297 -2.065960
v -0.759512 1.440297 -2.065961
v -1.048320 1.440297 -1.083573
v -1.048320 1.440297 -1.083573
v -0.759511 1.440297 -1.083573
v -1.033751 1.740696 -2.065960
v -1.048322 1.646893 -2.065960
v -1.048320 1.646893 -1.083573
v -1.033749 1.740696 -1.083573
v -0.992663 1.822921 -2.065960
v -0.992661 1.822921 -1.083573
v -0.928787 1.888052 -2.065960
v -0.928785 1.888052 -1.083573
v -0.848454 1.929789 -2.065961
v -0.756860 1.944581 -2.065961
v -0.678402 1.440297 -1.083573
v -0.678402 1.440297 -1.083573
v -0.678403 1.944581 -2.065961
v -0.678403 1.944581 -2.065961
v -0.678403 1.440297 -2.065961
v -0.678403 1.440297 -2.065961
v -0.848452 1.929789 -1.100072
v -0.756859 1.944581 -1.100072
v -0.678402 1.944581 -1.100073
v -0.678402 1.944581 -1.100073
v -1.048322 1.440297 -2.049461
v -1.048322 1.440297 -2.049461
v -0.759512 1.440297 -2.049461
v -1.048320 1.440297 -1.100072
v -1.048320 1.440297 -1.100072
v -0.759511 1.440297 -1.100072
v -1.033751 1.740696 -2.049461
v -1.048322 1.646893 -2.049461
v -1.048320 1.646893 -1.100072
v -1.033750 1.740696 -1.100072
v -0.992663 1.822921 -2.049461
v -0.992662 1.822921 -1.100072
v -0.928787 1.888052 -2.049461
v -0.928785 1.888052 -1.100072
v -0.848454 1.929789 -2.049461
v -0.756860 1.944581 -2.049461
v -0.678402 1.440297 -1.100073
v -0.678402 1.440297 -1.100073
v -0.678403 1.944581 -2.049462
v -0.678403 1.944581 -2.049462
v -0.678403 1.440297 -2.049462
v -0.678403 1.440297 -2.049462
v -1.070456 1.423845 -1.986398
v -1.070456 1.423845 -1.986398
v -1.070456 1.423845 -1.986398
v -0.658871 1.423845 -1.986399
v -0.658871 1.423845 -1.986399
v -0.658871 1.423845 -1.986399
v -0.658870 1.423845 -1.163135
v -0.658870 1.423845 -1.163135
v -0.658870 1.423845 -1.163135
v -0.766636 1.423845 -1.163135
v -0.766637 1.423845 -1.986399
v -0.860522 1.949628 -1.986399
v -0.766637 1.964864 -1.986399
v -0.860521 1.949628 -1.163135
v -0.766636 1.964864 -1.163135
v -0.945217 1.905413 -1.986398
v -0.945216 1.905413 -1.163135
v -1.012432 1.836546 -1.986398
v -1.012431 1.836546 -1.163135
v -1.055586 1.749769 -1.986398
v -1.055585 1.749769 -1.163135
v -1.070456 1.653576 -1.986398
v -1.070455 1.653576 -1.163134
v -0.759511 1.977640 -0.089400
v -0.759511 1.407238 -0.089400
v -1.048320 1.440297 -0.089400
v -0.759512 1.407238 -1.071788
v -1.048322 1.440297 -1.071787
v -1.048320 1.646893 -0.089400
v -0.848452 1.929789 -0.089400
v -0.928785 1.888052 -0.089400
v -0.992661 1.822921 -0.089400
v -1.033749 1.740696 -0.089400
v -1.048322 1.646893 -1.071787
v -0.759512 1.977640 -1.071788
v -1.033751 1.740696 -1.071787
v -0.992663 1.822921 -1.071787
v -0.928787 1.888052 -1.071788
v -0.848454 1.929789 -1.071788
v -0.678401 1.440297 -0.089400
v -0.678401 1.944581 -0.089400
v -0.678403 1.440297 -1.071788
v -0.678403 1.944581 -1.071788
v -0.759511 1.977640 -0.162091
v -0.759512 1.977640 -0.999096
v -1.081380 1.407238 -0.162091
v -1.081381 1.407238 -0.999096
v -1.081381 1.649446 -0.999096
v -1.081380 1.649446 -0.162091
v -1.065626 1.750863 -0.162091
v -1.065627 1.750863 -0.999096
v -1.019908 1.842353 -0.162091
v -1.019909 1.842353 -0.999096
v -0.948701 1.914961 -0.162091
v -0.948702 1.914961 -0.999096
v -0.858974 1.961577 -0.162091
v -0.858975 1.961577 -0.999096
v -0.645342 1.977640 -0.162092
v -0.645343 1.977640 -0.999097
v -0.759512 1.407238 -0.999096
v -0.759511 1.407238 -0.162091
v -0.645343 1.407238 -0.999097
v -0.645342 1.407238 -0.162092
v -0.858974 1.961577 -0.089400
v -0.756858 1.944581 -0.089400
v -0.645342 1.977640 -0.089400
v -1.081381 1.407238 -1.071787
v -0.759512 1.440297 -1.071788
v -1.081380 1.407238 -0.089400
v -0.759511 1.440297 -0.089400
v -1.065628 1.750863 -1.071787
v -1.081381 1.649446 -1.071787
v -1.081380 1.649446 -0.089400
v -1.065626 1.750863 -0.089400
v -1.019910 1.842353 -1.071787
v -1.019908 1.842353 -0.089400
v -0.948702 1.914961 -1.071788
v -0.948700 1.914961 -0.089400
v -0.858975 1.961577 -1.071788
v -0.756860 1.944581 -1.071788
v -0.645342 1.407238 -0.089400
v -0.645344 1.977640 -1.071788
v -0.645344 1.407238 -1.071788
v -0.759511 1.440297 -0.105900
v -0.756858 1.944581 -0.105900
v -0.756860 1.944581 -1.055289
v -0.759512 1.440297 -1.055289
v -0.848452 1.929789 -0.105899
v -0.678401 1.944581 -0.105900
v -1.048322 1.440297 -1.055288
v -1.048320 1.440297 -0.105899
v -1.033751 1.740696 -1.055288
v -1.048322 1.646893 -1.055288
v -1.048320 1.646893 -0.105899
v -1.033750 1.740696 -0.105899
v -0.992663 1.822921 -1.055288
v -0.992662 1.822921 -0.105899
v -0.928787 1.888052 -1.055288
v -0.928785 1.888052 -0.105899
v -0.848454 1.929789 -1.055288
v -0.678401 1.440297 -0.105900
v -0.678403 1.944581 -1.055289
v -0.678403 1.440297 -1.055289
v -0.766636 1.964864 -0.168962
v -0.766637 1.964864 -0.992226
v -1.070455 1.423845 -0.168962
v -1.070456 1.423845 -0.992225
v -1.070456 1.653576 -0.992225
v -1.070455 1.653576 -0.168962
v -1.055585 1.749769 -0.168962
v -1.055586 1.749769 -0.992225
v -1.012431 1.836546 -0.168962
v -1.012432 1.836546 -0.992225
v -0.945216 1.905413 -0.168962
v -0.945217 1.905413 -0.992226
v -0.860521 1.949628 -0.168962
v -0.860522 1.949628 -0.992226
v -0.658870 1.964864 -0.168962
v -0.658871 1.964864 -0.992226
v -0.766637 1.423845 -0.992226
v -0.766636 1.423845 -0.168962
v -0.658871 1.423845 -0.992226
v -0.658870 1.423845 -0.168962
v -0.858974 1.961577 -0.089400
v -0.759511 1.977640 -0.089400
v -1.081381 1.407238 -0.999096
v -1.081381 1.407238 -0.999096
v -1.081381 1.407238 -0.999096
v -1.081381 1.407238 -1.071787
v -1.081381 1.407238 -1.071787
v -0.645342 1.977640 -0.089400
v -0.645342 1.977640 -0.089400
v -0.759512 1.407238 -1.071788
v -1.081380 1.407238 -0.089400
v -1.081380 1.407238 -0.089400
v -0.759511 1.407238 -0.089400
v -1.065628 1.750863 -1.071787
v -1.081381 1.649446 -1.071787
v -1.081380 1.649446 -0.089400
v -1.065626 1.750863 -0.089400
v -1.019910 1.842353 -1.071787
v -1.019908 1.842353 -0.089400
v -0.948702 1.914961 -1.071788
v -0.948700 1.914961 -0.089400
v -0.858975 1.961577 -1.071788
v -0.759512 1.977640 -1.071788
v -0.645342 1.407238 -0.089400
v -0.645342 1.407238 -0.089400
v -0.645344 1.977640 -1.071788
v -0.645344 1.977640 -1.071788
v -0.645344 1.407238 -1.071788
v -0.645344 1.407238 -1.071788
v -0.645343 1.977640 -0.999097
v -0.645343 1.977640 -0.999097
v -0.645343 1.977640 -0.999097
v -0.645342 1.407238 -0.162092
v -0.645342 1.407238 -0.162092
v -0.645342 1.407238 -0.162092
v -1.081380 1.407238 -0.162091
v -1.081380 1.407238 -0.162091
v -1.081380 1.407238 -0.162091
v -0.645342 1.977640 -0.162092
v -0.645342 1.977640 -0.162092
v -0.645342 1.977640 -0.162092
v -0.658870 1.964864 -0.168962
v -0.658870 1.964864 -0.168962
v -0.658870 1.964864 -0.168962
v -1.070455 1.423845 -0.168962
v -1.070455 1.423845 -0.168962
v -1.070455 1.423845 -0.168962
v -0.658871 1.964864 -0.992226
v -0.658871 1.964864 -0.992226
v -0.658871 1.964864 -0.992226
v -0.645343 1.407238 -0.999097
v -0.645343 1.407238 -0.999097
v -0.645343 1.407238 -0.999097
v -0.759511 1.407238 -0.162091
v -0.759512 1.407238 -0.999096
v -0.858975 1.961577 -0.999096
v -0.759512 1.977640 -0.999096
v -0.858974 1.961577 -0.162091
v -0.759511 1.977640 -0.162091
v -0.948702 1.914961 -0.999096
v -0.948701 1.914961 -0.162091
v -1.019909 1.842353 -0.999096
v -1.019908 1.842353 -0.162091
v -1.065627 1.750863 -0.999096
v -1.065626 1.750863 -0.162091
v -1.081381 1.649446 -0.999096
v -1.081380 1.649446 -0.162091
v -0.848452 1.929789 -0.089400
v -0.756858 1.944581 -0.089400
v -0.678401 1.944581 -0.089400
v -0.678401 1.944581 -0.089400
v -1.048322 1.440297 -1.071787
v -1.048322 1.440297 -1.071787
v -0.759512 1.440297 -1.071788
v -1.048320 1.440297 -0.089400
v -1.048320 1.440297 -0.089400
v -0.759511 1.440297 -0.089400
v -1.033751 1.740696 -1.071787
v -1.048322 1.646893 -1.071787
v -1.048320 1.646893 -0.089400
v -1.033749 1.740696 -0.089400
v -0.992663 1.822921 -1.071787
v -0.992661 1.822921 -0.089400
v -0.928787 1.888052 -1.071788
v -0.928785 1.888052 -0.089400
v -0.848454 1.929789 -1.071788
v -0.756860 1.944581 -1.071788
v -0.678401 1.440297 -0.089400
v -0.678401 1.440297 -0.089400
v -0.678403 1.944581 -1.071788
v -0.678403 1.944581 -1.071788
v -0.678403 1.440297 -1.071788
v -0.678403 1.440297 -1.071788
v -0.848452 1.929789 -0.105899
v -0.756858 1.944581 -0.105900
v -0.678401 1.944581 -0.105900
v -0.678401 1.944581 -0.105900
v -1.048322 1.440297 -1.055288
v -1.048322 1.440297 -1.055288
v -0.759512 1.440297 -1.055289
v -1.048320 1.440297 -0.105899
v -1.048320 1.440297 -0.105899
v -0.759511 1.440297 -0.105900
v -1.033751 1.740696 -1.055288
v -1.048322 1.646893 -1.055288
v -1.048320 1.646893 -0.105899
v -1.033750 1.740696 -0.105899
v -0.992663 1.822921 -1.055288
v -0.992662 1.822921 -0.105899
v -0.928787 1.888052 -1.055288
v -0.928785 1.888052 -0.105899
v -0.848454 1.929789 -1.055288
v -0.756860 1.944581 -1.055289
v -0.678401 1.440297 -0.105900
v -0.678401 1.440297 -0.105900
v -0.678403 1.944581 -1.055289
v -0.678403 1.944581 -1.055289
v -0.678403 1.440297 -1.055289
v -0.678403 1.440297 -1.055289
v -1.070456 1.423845 -0.992225
v -1.070456 1.423845 -0.992225
v -1.070456 1.423845 -0.992225
v -0.658871 1.423845 -0.992226
v -0.658871 1.423845 -0.992226
v -0.658871 1.423845 -0.992226
v -0.658870 1.423845 -0.168962
v -0.658870 1.423845 -0.168962
v -0.658870 1.423845 -0.168962
v -0.766636 1.423845 -0.168962
v -0.766637 1.423845 -0.992226
v -0.860522 1.949628 -0.992226
v -0.766637 1.964864 -0.992226
v -0.860521 1.949628 -0.168962
v -0.766636 1.964864 -0.168962
v -0.945217 1.905413 -0.992226
v -0.945216 1.905413 -0.168962
v -1.012432 1.836546 -0.992225
v -1.012431 1.836546 -0.168962
v -1.055586 1.749769 -0.992225
v -1.055585 1.749769 -0.168962
v -1.070456 1.653576 -0.992225
v -1.070455 1.653576 -0.168962
v -0.683159 2.192761 -0.059531
v -0.683159 2.783490 -0.059531
v -0.641566 2.093658 -0.156421
v -0.641566 2.882593 -0.156421
v -0.683159 2.192761 0.655029
v -0.683159 2.783490 0.759801
v -0.641565 2.093658 0.901599
v -0.641565 2.882593 0.901599
v -0.683159 2.093658 -0.156421
v -0.683159 2.882593 -0.156421
v -0.683159 2.882593 0.901599
v -0.683159 2.093658 0.901599
v -0.683159 2.221947 -0.156421
v -0.683159 2.190779 -0.156421
v -0.683159 2.334193 -0.156421
v -0.683159 2.303943 -0.156421
v -0.683159 2.446558 -0.156421
v -0.683159 2.416988 -0.156421
v -0.683159 2.559264 -0.156421
v -0.683159 2.529692 -0.156421
v -0.683159 2.672309 -0.156421
v -0.683159 2.642058 -0.156421
v -0.683159 2.785472 -0.156421
v -0.683159 2.754304 -0.156421
v -0.641566 2.754367 -0.156421
v -0.641566 2.785409 -0.156421
v -0.641566 2.642086 -0.156421
v -0.641566 2.672280 -0.156421
v -0.641566 2.529696 -0.156421
v -0.641566 2.559260 -0.156421
v -0.641566 2.416991 -0.156421
v -0.641566 2.446555 -0.156421
v -0.641566 2.303972 -0.156421
v -0.641566 2.334165 -0.156421
v -0.641566 2.190842 -0.156421
v -0.641566 2.221884 -0.156421
v -0.641565 2.754367 0.901599
v -0.641565 2.785409 0.901599
v -0.641565 2.642086 0.901599
v -0.641565 2.672280 0.901599
v -0.641565 2.529696 0.901599
v -0.641565 2.559260 0.901599
v -0.641565 2.416991 0.901599
v -0.641565 2.446555 0.901599
v -0.641565 2.303972 0.901599
v -0.641565 2.334165 0.901599
v -0.641565 2.190842 0.901599
v -0.641565 2.221884 0.901599
v -0.683159 2.754304 0.901599
v -0.683159 2.785472 0.901599
v -0.683159 2.642058 0.901599
v -0.683159 2.672309 0.901599
v -0.683159 2.529692 0.901599
v -0.683159 2.559264 0.901599
v -0.683159 2.416988 0.901599
v -0.683159 2.446558 0.901599
v -0.683159 2.303943 0.901599
v -0.683159 2.334193 0.901599
v -0.683159 2.190779 0.901599
v -0.683159 2.221947 0.901599
v -0.683159 2.226659 -0.059531
v -0.683159 2.288326 -0.059531
v -0.683159 2.320162 -0.059531
v -0.683159 2.380104 -0.059531
v -0.683159 2.412377 -0.059531
v -0.683159 2.471897 -0.059531
v -0.683159 2.504354 -0.059531
v -0.683159 2.563874 -0.059531
v -0.683159 2.596148 -0.059531
v -0.683159 2.656089 -0.059531
v -0.683159 2.687925 -0.059531
v -0.683159 2.749593 -0.059531
v -0.683159 2.749593 0.759801
v -0.683159 2.687925 0.686665
v -0.683159 2.656089 0.686665
v -0.683159 2.596148 0.750213
v -0.683159 2.563874 0.750213
v -0.683159 2.504354 0.665908
v -0.683159 2.471897 0.665908
v -0.683159 2.412377 0.779006
v -0.683159 2.380104 0.779006
v -0.683159 2.320162 0.804709
v -0.683159 2.288326 0.804709
v -0.683159 2.226659 0.655029
v -0.641565 2.754367 0.359934
v -0.641565 2.754367 0.385244
v -0.641565 2.785409 0.359934
v -0.641565 2.785409 0.385244
v -0.641565 2.642086 0.359934
v -0.641565 2.642086 0.385244
v -0.641565 2.672280 0.385244
v -0.641565 2.672280 0.359934
v -0.641565 2.529696 0.385244
v -0.641565 2.529696 0.359934
v -0.641565 2.559260 0.385244
v -0.641565 2.559260 0.359934
v -0.641565 2.416991 0.359934
v -0.641565 2.416991 0.385244
v -0.641565 2.446555 0.359934
v -0.641565 2.446555 0.385244
v -0.641565 2.303972 0.385244
v -0.641565 2.303972 0.359934
v -0.641565 2.334165 0.359934
v -0.641565 2.334165 0.385244
v -0.641565 2.190842 0.385244
v -0.641565 2.190842 0.359934
v -0.641565 2.221884 0.385244
v -0.641565 2.221884 0.359934
v -0.683159 2.687925 0.359934
v -0.683159 2.687925 0.385244
v -0.683159 2.749593 0.288118
v -0.683159 2.749593 0.385244
v -0.683159 2.596148 0.385244
v -0.683159 2.596148 0.225544
v -0.683159 2.656089 0.385244
v -0.683159 2.656089 0.359934
v -0.683159 2.504354 0.316011
v -0.683159 2.504354 0.385244
v -0.683159 2.563874 0.225544
v -0.683159 2.563874 0.385244
v -0.683159 2.412377 0.385244
v -0.683159 2.412377 0.155151
v -0.683159 2.471897 0.385244
v -0.683159 2.471897 0.316011
v -0.683159 2.320162 0.321049
v -0.683159 2.320162 0.385244
v -0.683159 2.380104 0.155151
v -0.683159 2.380104 0.385244
v -0.683159 2.226659 0.385244
v -0.683159 2.226659 0.274203
v -0.683159 2.288326 0.385244
v -0.683159 2.288326 0.321049
v -0.683159 2.783490 0.385244
v -0.683159 2.783490 0.288118
v -0.683159 2.192761 0.274203
v -0.683159 2.192761 0.385244
v -0.683159 2.882593 0.385244
v -0.683159 2.882593 0.359934
v -0.683159 2.093658 0.385244
v -0.683159 2.093658 0.359934
v -0.641565 2.882593 0.385244
v -0.641565 2.882593 0.359934
v -0.641565 2.093658 0.359934
v -0.641565 2.093658 0.385244
v -2.324240 1.440569 2.061822
v -2.324240 1.737381 2.061822
v -2.580295 1.440569 2.061822
v -2.580295 1.737381 2.061822
v -2.863644 1.737381 2.061822
v -3.206881 1.440569 2.061822
v -2.973862 1.720261 2.061822
v -3.070206 1.672117 2.061822
v -3.146508 1.597286 2.061822
v -3.195741 1.502524 2.061822
v -3.255324 1.398011 1.969618
v -2.580295 1.779939 1.969619
v -2.866930 1.779939 1.969618
v -2.986950 1.761296 1.969618
v -3.095222 1.707192 1.969618
v -3.181147 1.622923 1.969618
v -3.236314 1.516738 1.969618
v -2.332079 1.440569 2.061822
v -2.332079 1.737381 2.061822
v -2.332079 1.779939 1.969619
v -3.204796 1.456620 2.061822
v -3.246818 1.463487 1.969618
v -2.572731 1.767511 1.969619
v -2.859366 1.767511 1.969618
v -2.979386 1.748869 1.969618
v -3.087658 1.694765 1.969618
v -3.173583 1.610496 1.969618
v -3.228751 1.504311 1.969618
v -2.324516 1.767511 1.969619
v -3.237763 1.462793 1.969618
v -2.243362 1.398011 2.018270
v -2.243362 1.743915 2.018270
v -2.580295 1.398011 2.018270
v -2.580295 1.745762 2.018269
v -2.864285 1.745690 2.019683
v -3.219577 1.398011 2.019927
v -2.976361 1.728097 2.020651
v -3.074981 1.678812 2.020665
v -3.153115 1.602176 2.020684
v -3.203194 1.505776 2.020699
v -2.332079 1.398011 2.018270
v -2.332079 1.743915 2.018270
v -3.213079 1.458038 2.018273
v -2.243361 1.779939 0.997938
v -3.255323 1.398011 0.997937
v -2.332079 1.779939 0.997938
v -3.246818 1.463487 0.997937
v -2.572731 1.767511 0.997938
v -2.859366 1.767511 0.997938
v -2.979386 1.748869 0.997938
v -3.087658 1.694765 0.997937
v -3.173583 1.610496 0.997937
v -3.228750 1.504311 0.997937
v -2.324515 1.767511 0.997938
v -3.237762 1.462793 0.997937
v -2.243361 1.743915 0.997938
v -3.221584 1.398011 0.997937
v -2.339928 1.743915 0.997938
v -2.572731 1.745762 0.997938
v -2.856794 1.745690 0.997938
v -2.969429 1.728097 0.997938
v -3.068639 1.678812 0.997938
v -3.147265 1.602176 0.997937
v -3.197695 1.505776 0.997937
v -3.213078 1.458038 0.997937
v -2.243362 1.779939 2.061822
v -2.243362 1.398011 2.061822
v -2.332079 1.398011 2.061822
v -3.255324 1.398011 2.061822
v -2.580295 1.398011 2.061822
v -2.332079 1.779939 2.061822
v -2.580295 1.779939 2.061822
v -2.986950 1.761296 2.061822
v -2.866930 1.779939 2.061822
v -3.095222 1.707192 2.061822
v -3.181147 1.622923 2.061822
v -3.236314 1.516738 2.061822
v -3.246819 1.463487 2.061822
v -2.580295 1.737381 2.051541
v -2.580295 1.440569 2.051541
v -2.332079 1.737381 2.051541
v -2.332079 1.440569 2.051541
v -2.324240 1.737381 2.051541
v -2.324240 1.440569 2.051541
v -3.206881 1.440569 2.051540
v -2.973862 1.720261 2.051540
v -2.863644 1.737381 2.051541
v -3.070206 1.672117 2.051540
v -3.146508 1.597286 2.051540
v -3.195741 1.502524 2.051540
v -3.204796 1.456620 2.051540
v -2.324239 1.440569 -0.065947
v -2.324239 1.737381 -0.065947
v -2.580294 1.440569 -0.065947
v -2.580294 1.737381 -0.065947
v -2.863643 1.737381 -0.065947
v -3.206880 1.440569 -0.065947
v -2.973861 1.720261 -0.065947
v -3.070205 1.672117 -0.065947
v -3.146507 1.597286 -0.065947
v -3.195740 1.502524 -0.065947
v -3.255323 1.398011 0.026256
v -2.580294 1.779939 0.026257
v -2.866929 1.779939 0.026257
v -2.986949 1.761296 0.026257
v -3.095221 1.707192 0.026256
v -3.181146 1.622923 0.026256
v -3.236313 1.516738 0.026256
v -2.332078 1.440569 -0.065947
v -2.332078 1.737381 -0.065947
v -2.332078 1.779939 0.026257
v -3.204794 1.456620 -0.065947
v -3.246818 1.463487 0.026256
v -2.572730 1.767511 0.026257
v -2.859365 1.767511 0.026257
v -2.979385 1.748869 0.026257
v -3.087657 1.694765 0.026256
v -3.173583 1.610496 0.026256
v -3.228750 1.504311 0.026256
v -2.324515 1.767511 0.026257
v -3.237762 1.462793 0.026256
v -2.243361 1.398011 -0.022394
v -2.243361 1.743915 -0.022394
v -2.580294 1.398011 -0.022394
v -2.580294 1.745762 -0.022394
v -2.864285 1.745690 -0.023808
v -3.219576 1.398011 -0.024052
v -2.976360 1.728097 -0.024776
v -3.074980 1.678812 -0.024790
v -3.153114 1.602176 -0.024809
v -3.203193 1.505776 -0.024824
v -2.332078 1.398011 -0.022394
v -2.332078 1.743915 -0.022394
v -3.213078 1.458038 -0.022398
v -2.243361 1.779939 -0.065947
v -2.243361 1.398011 -0.065947
v -2.332078 1.398011 -0.065947
v -3.255323 1.398011 -0.065947
v -2.580294 1.398011 -0.065947
v -2.332078 1.779939 -0.065947
v -2.580294 1.779939 -0.065947
v -2.986949 1.761296 -0.065947
v -2.866929 1.779939 -0.065947
v -3.095221 1.707192 -0.065947
v -3.181146 1.622923 -0.065947
v -3.236313 1.516738 -0.065947
v -3.246818 1.463487 -0.065947
v -2.580294 1.737381 -0.055665
v -2.580294 1.440569 -0.055665
v -2.332078 1.737381 -0.055665
v -2.332078 1.440569 -0.055665
v -2.324239 1.737381 -0.055665
v -2.324239 1.440569 -0.055665
v -3.206880 1.440569 -0.055666
v -2.973861 1.720261 -0.055665
v -2.863643 1.737381 -0.055665
v -3.070205 1.672117 -0.055665
v -3.146507 1.597286 -0.055666
v -3.195740 1.502524 -0.055666
v -3.204794 1.456620 -0.055666
v -2.243362 1.779939 2.061822
v -2.243362 1.779939 2.061822
v -2.243362 1.398011 2.061822
v -2.243362 1.398011 2.061822
v -2.332079 1.398011 2.061822
v -3.255324 1.398011 2.061822
v -3.255324 1.398011 2.061822
v -2.580295 1.398011 2.061822
v -3.255324 1.398011 1.969618
v -2.332079 1.779939 2.061822
v -2.580295 1.779939 2.061822
v -2.986950 1.761296 2.061822
v -2.866930 1.779939 2.061822
v -3.095222 1.707192 2.061822
v -3.181147 1.622923 2.061822
v -3.236314 1.516738 2.061822
v -3.246819 1.463487 2.061822
v -3.255323 1.398011 0.997937
v -2.332079 1.779939 1.969619
v -2.332079 1.779939 1.969619
v -2.324516 1.767511 1.969619
v -2.324516 1.767511 1.969619
v -3.181147 1.622923 1.969618
v -3.236314 1.516738 1.969618
v -3.095222 1.707192 1.969618
v -2.986950 1.761296 1.969618
v -2.866930 1.779939 1.969618
v -2.580295 1.779939 1.969619
v -2.332079 1.779939 0.997938
v -2.324240 1.440569 2.061822
v -2.324240 1.440569 2.061822
v -2.324240 1.440569 2.051541
v -2.324240 1.440569 2.051541
v -3.246818 1.463487 1.969618
v -3.246818 1.463487 1.969618
v -3.246818 1.463487 0.997937
v -3.173583 1.610496 1.969618
v -3.228751 1.504311 1.969618
v -3.087658 1.694765 1.969618
v -2.979386 1.748869 1.969618
v -2.859366 1.767511 1.969618
v -2.572731 1.767511 1.969619
v -2.324515 1.767511 0.997938
v -3.237763 1.462793 1.969618
v -3.237763 1.462793 1.969618
v -3.237762 1.462793 0.997937
v -2.243362 1.743915 2.018270
v -2.243362 1.743915 2.018270
v -2.243362 1.398011 2.018270
v -2.243362 1.398011 2.018270
v -2.332079 1.398011 2.018270
v -3.219577 1.398011 2.019927
v -3.219577 1.398011 2.019927
v -2.580295 1.398011 2.018270
v -2.332079 1.743915 2.018270
v -2.580295 1.745762 2.018269
v -2.976361 1.728097 2.020651
v -2.864285 1.745690 2.019683
v -3.074981 1.678812 2.020665
v -3.153115 1.602176 2.020684
v -3.203194 1.505776 2.020699
v -3.213079 1.458038 2.018273
v -3.221584 1.398011 0.997937
v -2.243361 1.743915 0.997938
v -2.243361 1.779939 0.997938
v -2.324240 1.737381 2.061822
v -2.324240 1.737381 2.061822
v -2.332079 1.440569 2.061822
v -3.206881 1.440569 2.061822
v -3.206881 1.440569 2.061822
v -2.580295 1.440569 2.061822
v -2.332079 1.737381 2.061822
v -2.580295 1.737381 2.061822
v -2.973862 1.720261 2.061822
v -2.863644 1.737381 2.061822
v -3.070206 1.672117 2.061822
v -3.146508 1.597286 2.061822
v -3.195741 1.502524 2.061822
v -3.204796 1.456620 2.061822
v -2.324240 1.737381 2.051541
v -2.324240 1.737381 2.051541
v -2.332079 1.440569 2.051541
v -3.206881 1.440569 2.051540
v -3.206881 1.440569 2.051540
v -2.580295 1.440569 2.051541
v -2.332079 1.737381 2.051541
v -2.580295 1.737381 2.051541
v -2.973862 1.720261 2.051540
v -2.863644 1.737381 2.051541
v -3.070206 1.672117 2.051540
v -3.146508 1.597286 2.051540
v -3.195741 1.502524 2.051540
v -3.204796 1.456620 2.051540
v -2.243361 1.779939 -0.065947
v -2.243361 1.779939 -0.065947
v -2.243361 1.398011 -0.065947
v -2.243361 1.398011 -0.065947
v -2.332078 1.398011 -0.065947
v -3.255323 1.398011 -0.065947
v -3.255323 1.398011 -0.065947
v -2.580294 1.398011 -0.065947
v -3.255323 1.398011 0.026256
v -2.332078 1.779939 -0.065947
v -2.580294 1.779939 -0.065947
v -2.986949 1.761296 -0.065947
v -2.866929 1.779939 -0.065947
v -3.095221 1.707192 -0.065947
v -3.181146 1.622923 -0.065947
v -3.236313 1.516738 -0.065947
v -3.246818 1.463487 -0.065947
v -2.332078 1.779939 0.026257
v -2.332078 1.779939 0.026257
v -2.324515 1.767511 0.026257
v -2.324515 1.767511 0.026257
v -3.181146 1.622923 0.026256
v -3.236313 1.516738 0.026256
v -3.095221 1.707192 0.026256
v -2.986949 1.761296 0.026257
v -2.866929 1.779939 0.026257
v -2.580294 1.779939 0.026257
v -2.324239 1.440569 -0.065947
v -2.324239 1.440569 -0.065947
v -2.324239 1.440569 -0.055665
v -2.324239 1.440569 -0.055665
v -3.246818 1.463487 0.026256
v -3.246818 1.463487 0.026256
v -3.173583 1.610496 0.026256
v -3.228750 1.504311 0.026256
v -3.087657 1.694765 0.026256
v -2.979385 1.748869 0.026257
v -2.859365 1.767511 0.026257
v -2.572730 1.767511 0.026257
v -3.237762 1.462793 0.026256
v -3.237762 1.462793 0.026256
v -2.243361 1.743915 -0.022394
v -2.243361 1.743915 -0.022394
v -2.243361 1.398011 -0.022394
v -2.243361 1.398011 -0.022394
v -2.332078 1.398011 -0.022394
v -3.219576 1.398011 -0.024052
v -3.219576 1.398011 -0.024052
v -2.580294 1.398011 -0.022394
v -2.332078 1.743915 -0.022394
v -2.580294 1.745762 -0.022394
v -2.976360 1.728097 -0.024776
v -2.864285 1.745690 -0.023808
v -3.074980 1.678812 -0.024790
v -3.153114 1.602176 -0.024809
v -3.203193 1.505776 -0.024824
v -3.213078 1.458038 -0.022398
v -2.324239 1.737381 -0.065947
v -2.324239 1.737381 -0.065947
v -2.332078 1.440569 -0.065947
v -3.206880 1.440569 -0.065947
v -3.206880 1.440569 -0.065947
v -2.580294 1.440569 -0.065947
v -2.332078 1.737381 -0.065947
v -2.580294 1.737381 -0.065947
v -2.973861 1.720261 -0.065947
v -2.863643 1.737381 -0.065947
v -3.070205 1.672117 -0.065947
v -3.146507 1.597286 -0.065947
v -3.195740 1.502524 -0.065947
v -3.204794 1.456620 -0.065947
v -2.324239 1.737381 -0.055665
v -2.324239 1.737381 -0.055665
v -2.332078 1.440569 -0.055665
v -3.206880 1.440569 -0.055666
v -3.206880 1.440569 -0.055666
v -2.580294 1.440569 -0.055665
v -2.332078 1.737381 -0.055665
v -2.580294 1.737381 -0.055665
v -2.973861 1.720261 -0.055665
v -2.863643 1.737381 -0.055665
v -3.070205 1.672117 -0.055665
v -3.146507 1.597286 -0.055666
v -3.195740 1.502524 -0.055666
v -3.204794 1.456620 -0.055666
v 0.275531 1.027035 6.211662
v 0.275504 1.075445 6.211635
v -0.275531 1.027035 6.211662
v -0.275503 1.075445 6.211635
v 0.275531 1.027035 5.660600
v 0.278346 1.075445 5.657785
v -0.275531 1.027035 5.660600
v -0.278345 1.075445 5.657785
v -0.271347 1.027035 5.696344
v -0.271347 1.027035 6.175919
v -0.271179 1.075445 6.175529
v -0.275503 1.075445 5.703338
v 0.271348 1.027035 6.175919
v 0.271348 1.027035 5.696344
v 0.275504 1.075445 5.703338
v 0.271179 1.075445 6.175529
v -0.239787 1.027035 6.207479
v 0.239788 1.027035 6.207479
v 0.239398 1.075445 6.207311
v -0.239398 1.075445 6.207311
v 0.239788 1.027035 5.664784
v -0.239787 1.027035 5.664784
v -0.232793 1.075445 5.660628
v 0.232794 1.075445 5.660628
v -0.239398 1.075445 6.175529
v 0.239398 1.075445 6.175529
v -0.238848 1.027035 6.174980
v 0.238849 1.027035 6.174980
v -0.238848 1.027035 5.697282
v 0.238849 1.027035 5.697282
v -0.257935 1.680465 6.297190
v -0.292516 1.680465 6.297190
v 0.292517 1.682857 6.261731
v 0.292517 1.680465 6.297190
v -0.292516 1.682857 6.261731
v 0.257935 1.682857 6.261731
v 0.257935 1.680465 6.297190
v -0.257935 1.682857 6.261731
v 0.316024 0.272317 6.291842
v 0.354997 0.272317 6.291842
v -0.354997 0.272317 6.252867
v -0.354997 0.272317 6.291842
v -0.316023 0.272317 5.581847
v -0.354997 0.272317 5.581847
v 0.354997 0.272317 5.620821
v 0.354997 0.272317 5.581847
v -0.354997 0.272317 5.620821
v 0.354997 0.272317 6.252867
v 0.323478 0.272317 6.260322
v 0.323478 0.272317 5.613366
v -0.316023 0.272317 6.291842
v 0.316024 0.272317 5.581847
v -0.323477 0.272317 6.260322
v -0.323477 0.272317 5.613366
v 0.316478 0.242360 6.291842
v 0.354997 0.242360 6.291842
v -0.354997 0.242360 6.253322
v -0.354997 0.242360 6.291842
v -0.316477 0.242360 5.581847
v -0.354997 0.242360 5.581847
v 0.354997 0.242360 5.620367
v 0.354997 0.242360 5.581847
v -0.354997 0.242360 5.620367
v 0.354997 0.242360 6.253322
v 0.323002 0.242360 6.259846
v 0.323002 0.242360 5.613842
v -0.316477 0.242360 6.291842
v 0.316478 0.242360 5.581847
v -0.323002 0.242360 6.259846
v -0.323002 0.242360 5.613842
v 0.323002 -0.000006 6.297274
v 0.360430 -0.000006 6.297274
v -0.360430 -0.000006 6.259846
v -0.360430 -0.000006 6.297274
v -0.323002 -0.000006 5.576414
v -0.360430 -0.000006 5.576414
v 0.360430 -0.000006 5.613842
v 0.360430 -0.000006 5.576414
v -0.360430 -0.000006 5.613842
v 0.360430 -0.000006 6.259846
v 0.323002 -0.000006 6.259846
v 0.323002 -0.000006 5.613842
v -0.323002 -0.000006 6.297274
v 0.323002 -0.000006 5.576414
v -0.323002 -0.000006 6.259846
v -0.323002 -0.000006 5.613842
v -0.241145 1.368601 6.202108
v -0.241145 1.366250 6.236962
v -0.275354 1.366093 6.239292
v -0.273328 1.368601 6.202108
v 0.275355 1.366093 6.239292
v 0.241146 1.366250 6.236962
v 0.273328 1.368601 6.202108
v 0.241146 1.368601 6.202108
v 0.329362 1.667529 6.258822
v 0.329362 1.665131 6.294366
v -0.329362 1.665131 6.294366
v -0.329362 1.667529 6.258822
v 0.329362 1.377603 6.241411
v 0.329362 1.380107 6.204291
v -0.329362 1.380107 6.204291
v -0.329362 1.377603 6.241411
v -0.263671 1.090230 5.756668
v -0.260999 1.089526 5.684823
v 0.180289 1.090230 5.674260
v 0.261000 1.089526 5.684823
v -0.260625 1.089526 6.149020
v 0.263671 1.090230 5.756668
v 0.260626 1.089526 6.149020
v 0.180760 1.092342 5.757023
v 0.182696 1.090230 6.168695
v -0.180289 1.090230 5.674260
v -0.180759 1.092342 5.757023
v -0.182695 1.090230 6.168695
v 0.195676 1.647097 6.230673
v 0.290401 1.645181 6.230309
v -0.290401 1.645181 6.230309
v -0.195675 1.647097 6.230673
v -0.186980 1.411405 6.185956
v 0.278708 1.412843 6.186229
v -0.278708 1.412843 6.186229
v 0.186981 1.411405 6.185956
v 0.320023 1.428825 6.199764
v 0.323221 1.624912 6.236966
v -0.320023 1.428825 6.199764
v -0.323221 1.624912 6.236966
v 0.498821 0.640478 2.761393
v 0.498821 1.083891 2.761393
v 0.498821 0.197065 2.761393
v -0.498821 0.640478 2.761393
v -0.498820 1.083891 2.761393
v -0.498821 0.197065 2.761393
v 0.010437 0.640478 2.761393
v -0.010437 0.640478 2.761393
v 0.000000 0.640478 2.739349
v -0.010437 1.083891 2.761393
v 0.010437 1.083891 2.761393
v 0.000000 1.083891 2.739349
v 0.010437 0.197065 2.761393
v -0.010437 0.197065 2.761393
v 0.000000 0.197065 2.739349
v 0.000000 0.197065 2.739349
v 0.000000 0.197065 2.739349
v 0.010437 0.197065 2.761393
v 0.010437 0.197065 2.761393
v 0.010437 0.640478 2.761393
v 0.000000 0.640478 2.739349
v -0.010437 0.197065 2.761393
v -0.010437 0.197065 2.761393
v -0.010437 0.640478 2.761393
v 0.010437 1.083891 2.761393
v 0.010437 1.083891 2.761393
v 0.000000 1.083891 2.739349
v 0.000000 1.083891 2.739349
v -0.010437 1.083891 2.761393
v -0.010437 1.083891 2.761393
v 0.498821 0.640478 -2.761393
v 0.498820 1.083891 -2.761393
v 0.498821 0.197065 -2.761393
v -0.498821 0.640478 -2.761393
v -0.498821 1.083891 -2.761393
v -0.498821 0.197065 -2.761393
v 0.010437 0.640478 -2.761393
v -0.010437 0.640478 -2.761393
v -0.000000 0.640478 -2.739349
v -0.010437 1.083891 -2.761393
v 0.010437 1.083891 -2.761393
v -0.000000 1.083891 -2.739349
v 0.010437 0.197065 -2.761393
v -0.010437 0.197065 -2.761393
v -0.000000 0.197065 -2.739349
v -0.000000 0.197065 -2.739349
v -0.000000 0.197065 -2.739349
v 0.010437 0.197065 -2.761393
v 0.010437 0.197065 -2.761393
v 0.010437 0.640478 -2.761393
v -0.000000 0.640478 -2.739349
v -0.010437 0.197065 -2.761393
v -0.010437 0.197065 -2.761393
v -0.010437 0.640478 -2.761393
v 0.010437 1.083891 -2.761393
v 0.010437 1.083891 -2.761393
v -0.000000 1.083891 -2.739349
v -0.000000 1.083891 -2.739349
v -0.010437 1.083891 -2.761393
v -0.010437 1.083891 -2.761393
vt 0.532740 0.844588
vt 0.532740 0.844588
vt 0.532740 0.844588
vt 0.532740 0.844588
vt 0.532740 0.844588
vt 0.532740 0.844588
vt 0.532740 0.844588
vt 0.532740 0.844588
vt 0.532740 0.844588
vt 0.532740 0.844588
vt 0.532740 0.844588
vt 0.532740 0.844588
vt 0.344844 0.844097
vt 0.344849 0.844097
vt 0.344849 0.844099
vt 0.344844 0.844099
vt 0.532740 0.844588
vt 0.532740 0.844588
vt 0.532740 0.844588
vt 0.532740 0.844588
vt 0.532740 0.844588
vt 0.532740 0.844588
vt 0.532740 0.844588
vt 0.532740 0.844588
vt 0.532740 0.844588
vt 0.532740 0.844588
vt 0.532740 0.844588
vt 0.532740 0.844588
vt 0.344844 0.844109
vt 0.344849 0.844109
vt 0.344849 0.844112
vt 0.344844 0.844112
vt 0.344844 0.844094
vt 0.344849 0.844094
vt 0.344849 0.844095
vt 0.344844 0.844095
vt 0.532740 0.844588
vt 0.532740 0.844588
vt 0.532740 0.844588
vt 0.532740 0.844588
vt 0.532740 0.844588
vt 0.532740 0.844588
vt 0.532740 0.844588
vt 0.532740 0.844588
vt 0.344844 0.844097
vt 0.344849 0.844097
vt 0.532740 0.844588
vt 0.532740 0.844588
vt 0.532740 0.844588
vt 0.532740 0.844588
vt 0.532740 0.844588
vt 0.532740 0.844588
vt 0.532740 0.844588
vt 0.532740 0.844588
vt 0.344844 0.844112
vt 0.344849 0.844112
vt 0.344844 0.844094
vt 0.344844 0.844095
vt 0.344849 0.844095
vt 0.344849 0.844094
vt 0.471562 0.845937
vt 0.471563 0.845937
vt 0.471563 0.845937
vt 0.471562 0.845937
vt 0.471562 0.845937
vt 0.471563 0.845937
vt 0.471563 0.845937
vt 0.471562 0.845937
vt 0.471563 0.845938
vt 0.471562 0.845938
vt 0.471562 0.845938
vt 0.471562 0.845938
vt 0.471562 0.845938
vt 0.471562 0.845938
vt 0.471562 0.845938
vt 0.471563 0.845938
vt 0.471562 0.845938
vt 0.471563 0.845938
vt 0.471563 0.845938
vt 0.471563 0.845938
vt 0.532465 0.845105
vt 0.532465 0.845105
vt 0.532465 0.845105
vt 0.532465 0.845105
vt 0.471562 0.845938
vt 0.471563 0.845938
vt 0.471563 0.845938
vt 0.471563 0.845938
vt 0.532465 0.845105
vt 0.532465 0.845105
vt 0.532465 0.845105
vt 0.532465 0.845105
vt 0.284695 0.031347
vt 0.284695 0.031347
vt 0.284695 0.031347
vt 0.284695 0.031347
vt 0.532465 0.845105
vt 0.532465 0.845105
vt 0.532465 0.845105
vt 0.284695 0.031347
vt 0.284695 0.031347
vt 0.284695 0.031347
vt 0.284695 0.031347
vt 0.532465 0.845105
vt 0.532465 0.845105
vt 0.532465 0.845105
vt 0.595464 0.844393
vt 0.595464 0.844393
vt 0.595464 0.844394
vt 0.595464 0.844394
vt 0.595464 0.844394
vt 0.595464 0.844394
vt 0.595464 0.844394
vt 0.595464 0.844394
vt 0.595464 0.844394
vt 0.595464 0.844394
vt 0.595464 0.844394
vt 0.595464 0.844393
vt 0.595464 0.844393
vt 0.595464 0.844394
vt 0.595464 0.844394
vt 0.595464 0.844394
vt 0.595464 0.844394
vt 0.595464 0.844394
vt 0.595464 0.844394
vt 0.595464 0.844394
vt 0.595464 0.844394
vt 0.595464 0.844394
vt 0.595464 0.844394
vt 0.595464 0.844393
vt 0.595464 0.844393
vt 0.595464 0.844394
vt 0.595464 0.844394
vt 0.595464 0.844394
vt 0.595464 0.844394
vt 0.595464 0.844394
vt 0.595464 0.844394
vt 0.595464 0.844394
vt 0.595464 0.844394
vt 0.595464 0.844394
vt 0.595464 0.844394
vt 0.595464 0.844394
vt 0.595464 0.844394
vt 0.595464 0.844394
vt 0.595464 0.844394
vt 0.595464 0.844394
vt 0.595464 0.844394
vt 0.595464 0.844394
vt 0.595464 0.844394
vt 0.595464 0.844394
vt 0.595464 0.844394
vt 0.595464 0.844394
vt 0.595464 0.844394
vt 0.595464 0.844394
vt 0.595464 0.844394
vt 0.595464 0.844394
vt 0.595464 0.844394
vt 0.595464 0.844394
vt 0.595464 0.844394
vt 0.595464 0.844394
vt 0.595464 0.844393
vt 0.595464 0.844393
vt 0.595464 0.844393
vt 0.595464 0.844393
vt 0.595464 0.844393
vt 0.595464 0.844393
vt 0.595464 0.844393
vt 0.595464 0.844393
vt 0.595464 0.844393
vt 0.595464 0.844393
vt 0.595464 0.844393
vt 0.595464 0.844393
vt 0.595464 0.844393
vt 0.595464 0.844393
vt 0.595464 0.844393
vt 0.595464 0.844393
vt 0.595464 0.844393
vt 0.595464 0.844393
vt 0.595464 0.844394
vt 0.595464 0.844394
vt 0.656740 0.843827
vt 0.656740 0.843827
vt 0.656740 0.843827
vt 0.656740 0.843827
vt 0.595464 0.844394
vt 0.595464 0.844394
vt 0.595464 0.844394
vt 0.595464 0.844394
vt 0.656740 0.843827
vt 0.656740 0.843827
vt 0.656740 0.843827
vt 0.656740 0.843827
vt 0.595464 0.844394
vt 0.595464 0.844394
vt 0.595464 0.844394
vt 0.595464 0.844394
vt 0.656740 0.843827
vt 0.656740 0.843827
vt 0.656740 0.843827
vt 0.656740 0.843827
vt 0.656740 0.843827
vt 0.656740 0.843827
vt 0.656740 0.843827
vt 0.656740 0.843827
vt 0.595464 0.844394
vt 0.595464 0.844394
vt 0.595464 0.844394
vt 0.595464 0.844394
vt 0.595464 0.844394
vt 0.595464 0.844394
vt 0.595464 0.844394
vt 0.595464 0.844394
vt 0.595464 0.844394
vt 0.595464 0.844394
vt 0.595464 0.844394
vt 0.595464 0.844394
vt 0.595464 0.844394
vt 0.595464 0.844394
vt 0.595464 0.844394
vt 0.595464 0.844394
vt 0.595464 0.844394
vt 0.595464 0.844394
vt 0.595464 0.844394
vt 0.595464 0.844394
vt 0.595464 0.844394
vt 0.595464 0.844394
vt 0.595464 0.844394
vt 0.595464 0.844394
vt 0.595464 0.844394
vt 0.595464 0.844394
vt 0.595464 0.844394
vt 0.595464 0.844394
vt 0.595464 0.844394
vt 0.595464 0.844394
vt 0.595464 0.844394
vt 0.656740 0.843827
vt 0.656740 0.843827
vt 0.656740 0.843827
vt 0.656740 0.843827
vt 0.595464 0.844394
vt 0.595464 0.844394
vt 0.656740 0.843827
vt 0.656740 0.843827
vt 0.656740 0.843827
vt 0.656740 0.843827
vt 0.595464 0.844394
vt 0.595464 0.844394
vt 0.656740 0.843827
vt 0.656740 0.843827
vt 0.656740 0.843827
vt 0.656740 0.843827
vt 0.595464 0.844393
vt 0.595464 0.844394
vt 0.595464 0.844394
vt 0.595464 0.844394
vt 0.595464 0.844394
vt 0.595464 0.844394
vt 0.595464 0.844394
vt 0.595464 0.844394
vt 0.595464 0.844394
vt 0.595464 0.844394
vt 0.595464 0.844394
vt 0.595464 0.844394
vt 0.595464 0.844394
vt 0.595464 0.844394
vt 0.595464 0.844394
vt 0.595464 0.844394
vt 0.595464 0.844394
vt 0.595464 0.844394
vt 0.595464 0.844394
vt 0.595464 0.844394
vt 0.595464 0.844394
vt 0.595464 0.844394
vt 0.595464 0.844394
vt 0.595464 0.844394
vt 0.595464 0.844394
vt 0.656740 0.843827
vt 0.656740 0.843827
vt 0.656740 0.843827
vt 0.656740 0.843827
vt 0.656740 0.843827
vt 0.656740 0.843827
vt 0.656740 0.843827
vt 0.656740 0.843827
vt 0.656740 0.843827
vt 0.656740 0.843827
vt 0.656740 0.843827
vt 0.656740 0.843827
vt 0.656740 0.843827
vt 0.656740 0.843827
vt 0.656740 0.843827
vt 0.656740 0.843827
vt 0.656740 0.843827
vt 0.656740 0.843827
vt 0.656740 0.843827
vt 0.656740 0.843827
vt 0.656740 0.843827
vt 0.656740 0.843827
vt 0.656740 0.843827
vt 0.656740 0.843827
vt 0.595464 0.844394
vt 0.595464 0.844394
vt 0.656740 0.843827
vt 0.656740 0.843827
vt 0.656740 0.843827
vt 0.656740 0.843827
vt 0.532631 0.845770
vt 0.532631 0.845770
vt 0.532631 0.845770
vt 0.532631 0.845770
vt 0.532631 0.845770
vt 0.532632 0.845770
vt 0.532632 0.845770
vt 0.532631 0.845770
vt 0.532632 0.845770
vt 0.532632 0.845770
vt 0.532631 0.845769
vt 0.532631 0.845770
vt 0.532631 0.845770
vt 0.532632 0.845770
vt 0.532632 0.845770
vt 0.532631 0.845770
vt 0.532632 0.845770
vt 0.532632 0.845770
vt 0.344845 0.844108
vt 0.344849 0.844108
vt 0.344849 0.844111
vt 0.344845 0.844111
vt 0.532632 0.845770
vt 0.532632 0.845770
vt 0.532735 0.845275
vt 0.532735 0.845275
vt 0.532735 0.845275
vt 0.532735 0.845275
vt 0.532735 0.845275
vt 0.532735 0.845275
vt 0.532735 0.845275
vt 0.532735 0.845275
vt 0.532735 0.845275
vt 0.532735 0.845275
vt 0.532735 0.845275
vt 0.532735 0.845275
vt 0.532735 0.845275
vt 0.532735 0.845275
vt 0.532735 0.845275
vt 0.532735 0.845275
vt 0.532735 0.845275
vt 0.532735 0.845275
vt 0.532735 0.845275
vt 0.532735 0.845275
vt 0.532735 0.845275
vt 0.532735 0.845275
vt 0.532735 0.845275
vt 0.532735 0.845275
vt 0.532735 0.845275
vt 0.532735 0.845275
vt 0.532735 0.845275
vt 0.532735 0.845275
vt 0.532735 0.845275
vt 0.532735 0.845275
vt 0.532735 0.845275
vt 0.532735 0.845275
vt 0.532735 0.845275
vt 0.532735 0.845275
vt 0.532735 0.845275
vt 0.532735 0.845275
vt 0.532735 0.845275
vt 0.532735 0.845275
vt 0.532735 0.845275
vt 0.532735 0.845275
vt 0.532735 0.845275
vt 0.532735 0.845275
vt 0.532735 0.845275
vt 0.532735 0.845275
vt 0.532735 0.845275
vt 0.532735 0.845275
vt 0.532735 0.845275
vt 0.532735 0.845275
vt 0.532735 0.845275
vt 0.532735 0.845275
vt 0.532735 0.845275
vt 0.532735 0.845275
vt 0.532735 0.845275
vt 0.532735 0.845275
vt 0.532735 0.845275
vt 0.532735 0.845275
vt 0.533621 0.844857
vt 0.533623 0.844857
vt 0.533623 0.844860
vt 0.533621 0.844860
vt 0.533623 0.844862
vt 0.533621 0.844862
vt 0.533623 0.844865
vt 0.533621 0.844865
vt 0.533621 0.844857
vt 0.533623 0.844857
vt 0.533621 0.844860
vt 0.533621 0.844857
vt 0.533623 0.844857
vt 0.533621 0.844860
vt 0.533623 0.844862
vt 0.533623 0.844865
vt 0.533621 0.844865
vt 0.533623 0.844862
vt 0.533623 0.844865
vt 0.533621 0.844865
vt 0.533621 0.844857
vt 0.533623 0.844857
vt 0.533621 0.844860
vt 0.533623 0.844862
vt 0.533623 0.844865
vt 0.533621 0.844865
vt 0.471562 0.845937
vt 0.471563 0.845937
vt 0.471563 0.845937
vt 0.471562 0.845937
vt 0.471562 0.845937
vt 0.471563 0.845937
vt 0.471563 0.845937
vt 0.471562 0.845937
vt 0.471563 0.845938
vt 0.471562 0.845938
vt 0.471562 0.845938
vt 0.471562 0.845938
vt 0.471562 0.845938
vt 0.471562 0.845938
vt 0.471562 0.845938
vt 0.471563 0.845938
vt 0.471562 0.845938
vt 0.471563 0.845938
vt 0.471563 0.845938
vt 0.471563 0.845938
vt 0.532465 0.845105
vt 0.532465 0.845105
vt 0.532465 0.845105
vt 0.532465 0.845105
vt 0.471562 0.845938
vt 0.471563 0.845938
vt 0.471563 0.845938
vt 0.471563 0.845938
vt 0.532465 0.845105
vt 0.532465 0.845105
vt 0.532465 0.845105
vt 0.532465 0.845105
vt 0.284285 0.034246
vt 0.284286 0.034246
vt 0.284286 0.034246
vt 0.284285 0.034246
vt 0.532465 0.845105
vt 0.532465 0.845105
vt 0.532465 0.845105
vt 0.284285 0.034246
vt 0.284286 0.034246
vt 0.284286 0.034246
vt 0.284285 0.034246
vt 0.532465 0.845105
vt 0.532465 0.845105
vt 0.532465 0.845105
vt 0.595392 0.847088
vt 0.595392 0.847088
vt 0.595392 0.847088
vt 0.595392 0.847088
vt 0.595392 0.847088
vt 0.595392 0.847088
vt 0.595392 0.847088
vt 0.595392 0.847088
vt 0.595392 0.847088
vt 0.595392 0.847088
vt 0.595392 0.847088
vt 0.595392 0.847088
vt 0.595392 0.847088
vt 0.595392 0.847088
vt 0.595392 0.847088
vt 0.595391 0.847088
vt 0.595391 0.847088
vt 0.595391 0.847088
vt 0.595391 0.847088
vt 0.595392 0.847088
vt 0.595392 0.847088
vt 0.595392 0.847088
vt 0.595392 0.847088
vt 0.595392 0.847088
vt 0.595392 0.847088
vt 0.595392 0.847088
vt 0.595392 0.847089
vt 0.595392 0.847089
vt 0.595392 0.847088
vt 0.595392 0.847088
vt 0.595392 0.847088
vt 0.595392 0.847088
vt 0.595392 0.847088
vt 0.595392 0.847088
vt 0.595392 0.847088
vt 0.595392 0.847088
vt 0.595392 0.847088
vt 0.595392 0.847088
vt 0.595392 0.847088
vt 0.595392 0.847088
vt 0.595392 0.847088
vt 0.595392 0.847088
vt 0.595392 0.847088
vt 0.595392 0.847088
vt 0.595392 0.847088
vt 0.595392 0.847088
vt 0.595392 0.847088
vt 0.595392 0.847088
vt 0.595392 0.847088
vt 0.595392 0.847088
vt 0.595392 0.847088
vt 0.595392 0.847088
vt 0.595392 0.847088
vt 0.595392 0.847088
vt 0.595392 0.847088
vt 0.595392 0.847088
vt 0.595392 0.847088
vt 0.595392 0.847088
vt 0.595392 0.847088
vt 0.595392 0.847088
vt 0.595392 0.847088
vt 0.595392 0.847088
vt 0.595392 0.847088
vt 0.595392 0.847088
vt 0.595392 0.847088
vt 0.595392 0.847088
vt 0.595392 0.847088
vt 0.595392 0.847088
vt 0.595392 0.847088
vt 0.595392 0.847088
vt 0.595392 0.847088
vt 0.595392 0.847088
vt 0.595392 0.847089
vt 0.595392 0.847089
vt 0.657286 0.846248
vt 0.657288 0.846248
vt 0.657288 0.846258
vt 0.657286 0.846258
vt 0.595392 0.847088
vt 0.595392 0.847089
vt 0.595392 0.847089
vt 0.595392 0.847088
vt 0.657292 0.846248
vt 0.657294 0.846248
vt 0.657294 0.846258
vt 0.657292 0.846258
vt 0.595392 0.847088
vt 0.595392 0.847089
vt 0.595392 0.847089
vt 0.595392 0.847088
vt 0.657298 0.846248
vt 0.657300 0.846248
vt 0.657300 0.846258
vt 0.657298 0.846258
vt 0.657295 0.846248
vt 0.657297 0.846248
vt 0.657297 0.846258
vt 0.657295 0.846258
vt 0.595392 0.847088
vt 0.595392 0.847088
vt 0.595392 0.847088
vt 0.595392 0.847088
vt 0.595392 0.847088
vt 0.595392 0.847088
vt 0.595392 0.847088
vt 0.595392 0.847088
vt 0.595392 0.847088
vt 0.595392 0.847088
vt 0.595392 0.847088
vt 0.595392 0.847088
vt 0.595392 0.847088
vt 0.595392 0.847088
vt 0.595392 0.847088
vt 0.595392 0.847088
vt 0.595392 0.847088
vt 0.595392 0.847088
vt 0.595392 0.847088
vt 0.595392 0.847088
vt 0.595392 0.847088
vt 0.595392 0.847088
vt 0.595392 0.847089
vt 0.595392 0.847089
vt 0.595392 0.847089
vt 0.595392 0.847089
vt 0.595392 0.847089
vt 0.595392 0.847089
vt 0.595392 0.847089
vt 0.595392 0.847088
vt 0.595392 0.847088
vt 0.657286 0.846258
vt 0.657288 0.846258
vt 0.657288 0.846268
vt 0.657286 0.846268
vt 0.595392 0.847088
vt 0.595392 0.847088
vt 0.657292 0.846258
vt 0.657294 0.846258
vt 0.657294 0.846268
vt 0.657292 0.846268
vt 0.595392 0.847088
vt 0.595392 0.847088
vt 0.657298 0.846258
vt 0.657300 0.846258
vt 0.657300 0.846268
vt 0.657298 0.846268
vt 0.595392 0.847088
vt 0.595392 0.847088
vt 0.595392 0.847088
vt 0.595392 0.847088
vt 0.595392 0.847088
vt 0.595392 0.847088
vt 0.595392 0.847088
vt 0.595392 0.847088
vt 0.595392 0.847088
vt 0.595392 0.847088
vt 0.595392 0.847088
vt 0.595392 0.847088
vt 0.595392 0.847088
vt 0.595392 0.847088
vt 0.595392 0.847088
vt 0.595392 0.847088
vt 0.595392 0.847088
vt 0.595392 0.847088
vt 0.595392 0.847088
vt 0.595392 0.847088
vt 0.595392 0.847088
vt 0.595392 0.847088
vt 0.595392 0.847088
vt 0.595392 0.847088
vt 0.595392 0.847088
vt 0.657301 0.846258
vt 0.657303 0.846258
vt 0.657303 0.846268
vt 0.657301 0.846268
vt 0.657301 0.846248
vt 0.657303 0.846248
vt 0.657303 0.846258
vt 0.657301 0.846258
vt 0.657295 0.846258
vt 0.657297 0.846258
vt 0.657297 0.846268
vt 0.657295 0.846268
vt 0.657289 0.846248
vt 0.657291 0.846248
vt 0.657291 0.846258
vt 0.657289 0.846258
vt 0.657289 0.846258
vt 0.657291 0.846258
vt 0.657291 0.846268
vt 0.657289 0.846268
vt 0.657283 0.846248
vt 0.657285 0.846248
vt 0.657285 0.846258
vt 0.657283 0.846258
vt 0.595392 0.847088
vt 0.595392 0.847088
vt 0.657283 0.846258
vt 0.657285 0.846258
vt 0.657285 0.846268
vt 0.657283 0.846268
vt 0.781338 0.844651
vt 0.781338 0.844651
vt 0.781338 0.844651
vt 0.781338 0.844651
vt 0.781338 0.844651
vt 0.781338 0.844651
vt 0.781338 0.844651
vt 0.781338 0.844651
vt 0.781338 0.844651
vt 0.781338 0.844651
vt 0.781338 0.844651
vt 0.781338 0.844651
vt 0.781338 0.844652
vt 0.781338 0.844652
vt 0.781338 0.844652
vt 0.781338 0.844652
vt 0.781338 0.844651
vt 0.781338 0.844651
vt 0.781338 0.844651
vt 0.781338 0.844651
vt 0.781338 0.844651
vt 0.781338 0.844651
vt 0.781338 0.844651
vt 0.781338 0.844651
vt 0.471563 0.845938
vt 0.471563 0.845938
vt 0.471563 0.845938
vt 0.471563 0.845938
vt 0.471563 0.845938
vt 0.471563 0.845938
vt 0.471563 0.845938
vt 0.471563 0.845938
vt 0.781338 0.844651
vt 0.781338 0.844651
vt 0.781338 0.844651
vt 0.781338 0.844651
vt 0.781338 0.844651
vt 0.781338 0.844651
vt 0.781338 0.844652
vt 0.781338 0.844651
vt 0.781338 0.844651
vt 0.781338 0.844652
vt 0.781338 0.844652
vt 0.781338 0.844651
vt 0.471563 0.845937
vt 0.471563 0.845937
vt 0.471563 0.845937
vt 0.471563 0.845937
vt 0.471563 0.845937
vt 0.471563 0.845937
vt 0.471563 0.845937
vt 0.471563 0.845937
vt 0.471563 0.845938
vt 0.471563 0.845938
vt 0.471563 0.845938
vt 0.471563 0.845938
vt 0.471563 0.845938
vt 0.471563 0.845938
vt 0.781338 0.844651
vt 0.781338 0.844651
vt 0.781338 0.844651
vt 0.781338 0.844651
vt 0.781338 0.844651
vt 0.781338 0.844651
vt 0.781338 0.844651
vt 0.781338 0.844651
vt 0.781338 0.844651
vt 0.781338 0.844651
vt 0.781338 0.844651
vt 0.781338 0.844651
vt 0.781338 0.844651
vt 0.781338 0.844651
vt 0.781338 0.844651
vt 0.781338 0.844651
vt 0.781338 0.844651
vt 0.781338 0.844651
vt 0.471563 0.845938
vt 0.471563 0.845938
vt 0.471563 0.845938
vt 0.471563 0.845938
vt 0.471563 0.845938
vt 0.471563 0.845938
vt 0.471563 0.845938
vt 0.471563 0.845938
vt 0.781338 0.844651
vt 0.781338 0.844651
vt 0.781338 0.844651
vt 0.781338 0.844651
vt 0.781338 0.844651
vt 0.781338 0.844651
vt 0.781338 0.844651
vt 0.781338 0.844651
vt 0.781338 0.844651
vt 0.781338 0.844651
vt 0.781338 0.844651
vt 0.781338 0.844651
vt 0.781338 0.844651
vt 0.781338 0.844651
vt 0.781338 0.844651
vt 0.781338 0.844651
vt 0.781338 0.844651
vt 0.781338 0.844651
vt 0.781338 0.844652
vt 0.781338 0.844652
vt 0.781338 0.844652
vt 0.781338 0.844651
vt 0.781338 0.844651
vt 0.781338 0.844651
vt 0.781338 0.844651
vt 0.781338 0.844651
vt 0.781338 0.844651
vt 0.781338 0.844651
vt 0.781338 0.844651
vt 0.781338 0.844651
vt 0.781338 0.844651
vt 0.781338 0.844651
vt 0.781338 0.844651
vt 0.781338 0.844651
vt 0.781338 0.844651
vt 0.781338 0.844651
vt 0.781338 0.844651
vt 0.781338 0.844651
vt 0.781338 0.844651
vt 0.781338 0.844651
vt 0.781338 0.844651
vt 0.781338 0.844652
vt 0.781338 0.844652
vt 0.781338 0.844652
vt 0.781338 0.844652
vt 0.781338 0.844652
vt 0.781338 0.844651
vt 0.781338 0.844651
vt 0.471563 0.845938
vt 0.471563 0.845938
vt 0.471563 0.845938
vt 0.471563 0.845938
vt 0.471563 0.845938
vt 0.471563 0.845937
vt 0.471563 0.845938
vt 0.471563 0.845938
vt 0.471563 0.845937
vt 0.471563 0.845937
vt 0.471563 0.845938
vt 0.471563 0.845937
vt 0.471563 0.845938
vt 0.471563 0.845937
vt 0.471563 0.845937
vt 0.471563 0.845938
vt 0.471563 0.845937
vt 0.471563 0.845937
vt 0.471563 0.845937
vt 0.471563 0.845937
vt 0.471563 0.845938
vt 0.471563 0.845938
vt 0.471563 0.845938
vt 0.471563 0.845938
vt 0.344845 0.844106
vt 0.344845 0.844106
vt 0.344844 0.844106
vt 0.344843 0.844106
vt 0.471563 0.845938
vt 0.471563 0.845938
vt 0.471563 0.845938
vt 0.471563 0.845938
vt 0.471563 0.845938
vt 0.471563 0.845938
vt 0.471563 0.845938
vt 0.471563 0.845938
vt 0.471563 0.845938
vt 0.471563 0.845938
vt 0.471563 0.845938
vt 0.471563 0.845938
vt 0.471563 0.845938
vt 0.471563 0.845938
vt 0.471563 0.845938
vt 0.471563 0.845938
vt 0.471563 0.845937
vt 0.471563 0.845937
vt 0.471563 0.845937
vt 0.471563 0.845937
vt 0.471563 0.845938
vt 0.471563 0.845938
vt 0.471563 0.845938
vt 0.471563 0.845938
vt 0.845094 0.846009
vt 0.845094 0.846009
vt 0.845094 0.846009
vt 0.845094 0.846009
vt 0.845094 0.846009
vt 0.845094 0.846009
vt 0.845094 0.846009
vt 0.845094 0.846009
vt 0.845094 0.846009
vt 0.845094 0.846009
vt 0.845094 0.846009
vt 0.845094 0.846009
vt 0.845094 0.846009
vt 0.845094 0.846009
vt 0.845094 0.846009
vt 0.845094 0.846009
vt 0.845094 0.846009
vt 0.845094 0.846009
vt 0.845094 0.846009
vt 0.845094 0.846009
vt 0.845094 0.846009
vt 0.845094 0.846009
vt 0.845094 0.846009
vt 0.845094 0.846009
vt 0.845094 0.846009
vt 0.845094 0.846009
vt 0.845094 0.846009
vt 0.845094 0.846009
vt 0.845094 0.846009
vt 0.845094 0.846009
vt 0.845094 0.846009
vt 0.845094 0.846009
vt 0.845094 0.846009
vt 0.845094 0.846009
vt 0.845094 0.846009
vt 0.845094 0.846009
vt 0.845094 0.846009
vt 0.845094 0.846009
vt 0.845094 0.846009
vt 0.845094 0.846009
vt 0.845094 0.846009
vt 0.845094 0.846009
vt 0.344842 0.844106
vt 0.344840 0.844106
vt 0.532465 0.845105
vt 0.532465 0.845105
vt 0.532465 0.845105
vt 0.532465 0.845105
vt 0.782876 0.845486
vt 0.782876 0.845486
vt 0.782876 0.845486
vt 0.782876 0.845486
vt 0.532465 0.845105
vt 0.532465 0.845105
vt 0.782876 0.845486
vt 0.782876 0.845486
vt 0.532465 0.845105
vt 0.532465 0.845105
vt 0.782876 0.845486
vt 0.782876 0.845486
vt 0.532465 0.845105
vt 0.532465 0.845105
vt 0.782876 0.845486
vt 0.782876 0.845486
vt 0.532465 0.845105
vt 0.532465 0.845105
vt 0.782876 0.845486
vt 0.782876 0.845486
vt 0.532465 0.845105
vt 0.532465 0.845105
vt 0.782876 0.845486
vt 0.782876 0.845486
vt 0.782876 0.845486
vt 0.782876 0.845486
vt 0.782876 0.845486
vt 0.782876 0.845486
vt 0.532465 0.845105
vt 0.532465 0.845105
vt 0.532465 0.845105
vt 0.532465 0.845105
vt 0.782876 0.845486
vt 0.782876 0.845486
vt 0.532465 0.845105
vt 0.532465 0.845105
vt 0.782876 0.845486
vt 0.782876 0.845486
vt 0.532465 0.845105
vt 0.532465 0.845105
vt 0.782876 0.845486
vt 0.782876 0.845486
vt 0.532465 0.845105
vt 0.532465 0.845105
vt 0.782876 0.845486
vt 0.782876 0.845486
vt 0.532465 0.845105
vt 0.532465 0.845105
vt 0.782876 0.845486
vt 0.782876 0.845486
vt 0.532465 0.845105
vt 0.532465 0.845105
vt 0.782876 0.845486
vt 0.782876 0.845486
vt 0.782876 0.845486
vt 0.782876 0.845486
vt 0.532465 0.845105
vt 0.532465 0.845105
vt 0.532465 0.845105
vt 0.532465 0.845105
vt 0.782876 0.845486
vt 0.782876 0.845486
vt 0.532465 0.845105
vt 0.532465 0.845105
vt 0.782876 0.845486
vt 0.782876 0.845486
vt 0.532465 0.845105
vt 0.532465 0.845105
vt 0.782876 0.845486
vt 0.782876 0.845486
vt 0.532465 0.845105
vt 0.532465 0.845105
vt 0.782876 0.845486
vt 0.782876 0.845486
vt 0.532465 0.845105
vt 0.532465 0.845105
vt 0.782876 0.845486
vt 0.782876 0.845486
vt 0.532465 0.845105
vt 0.532465 0.845105
vt 0.782876 0.845486
vt 0.782876 0.845486
vt 0.782876 0.845486
vt 0.782876 0.845486
vt 0.532465 0.845105
vt 0.532465 0.845105
vt 0.532465 0.845105
vt 0.532465 0.845105
vt 0.782876 0.845486
vt 0.782876 0.845486
vt 0.532465 0.845105
vt 0.532465 0.845105
vt 0.782876 0.845486
vt 0.782876 0.845486
vt 0.532465 0.845105
vt 0.532465 0.845105
vt 0.782876 0.845486
vt 0.782876 0.845486
vt 0.532465 0.845105
vt 0.532465 0.845105
vt 0.782876 0.845486
vt 0.782876 0.845486
vt 0.532465 0.845105
vt 0.532465 0.845105
vt 0.782876 0.845486
vt 0.782876 0.845486
vt 0.532465 0.845105
vt 0.532465 0.845105
vt 0.532465 0.845105
vt 0.532465 0.845105
vt 0.782876 0.845486
vt 0.782876 0.845486
vt 0.344845 0.844106
vt 0.344844 0.844106
vt 0.344845 0.844106
vt 0.344844 0.844106
vt 0.344845 0.844106
vt 0.344844 0.844106
vt 0.344845 0.844106
vt 0.344844 0.844106
vt 0.344845 0.844106
vt 0.344844 0.844106
vt 0.344845 0.844103
vt 0.344844 0.844103
vt 0.344845 0.844103
vt 0.344844 0.844103
vt 0.344845 0.844103
vt 0.344844 0.844103
vt 0.344845 0.844103
vt 0.344844 0.844103
vt 0.344845 0.844103
vt 0.344844 0.844103
vt 0.344845 0.844103
vt 0.344844 0.844103
vt 0.344845 0.844103
vt 0.344843 0.844103
vt 0.344844 0.844103
vt 0.344842 0.844103
vt 0.344840 0.844103
vt 0.344843 0.844103
vt 0.344842 0.844103
vt 0.344840 0.844103
vt 0.344842 0.844103
vt 0.344840 0.844103
vt 0.344842 0.844103
vt 0.344840 0.844103
vt 0.344842 0.844103
vt 0.344840 0.844103
vt 0.344842 0.844103
vt 0.344840 0.844103
vt 0.344842 0.844103
vt 0.344840 0.844103
vt 0.344842 0.844106
vt 0.344840 0.844106
vt 0.344842 0.844106
vt 0.344840 0.844106
vt 0.344842 0.844106
vt 0.344840 0.844106
vt 0.344842 0.844106
vt 0.344840 0.844106
vt 0.344842 0.844106
vt 0.344840 0.844106
vt 0.344842 0.844106
vt 0.344840 0.844106
vt 0.471563 0.845938
vt 0.471563 0.845938
vt 0.471563 0.845937
vt 0.471563 0.845937
vt 0.471563 0.845938
vt 0.471563 0.845938
vt 0.471563 0.845937
vt 0.471563 0.845937
vt 0.471563 0.845937
vt 0.471563 0.845937
vt 0.471563 0.845938
vt 0.471563 0.845938
vt 0.471563 0.845937
vt 0.471563 0.845937
vt 0.471563 0.845938
vt 0.471563 0.845938
vt 0.471563 0.845938
vt 0.471563 0.845938
vt 0.471563 0.845937
vt 0.471563 0.845937
vt 0.471563 0.845937
vt 0.471563 0.845937
vt 0.471563 0.845937
vt 0.471563 0.845937
vt 0.471563 0.845938
vt 0.471563 0.845938
vt 0.471563 0.845937
vt 0.471563 0.845937
vt 0.471563 0.845937
vt 0.471563 0.845937
vt 0.471563 0.845938
vt 0.471563 0.845938
vt 0.471563 0.845937
vt 0.471563 0.845937
vt 0.471563 0.845937
vt 0.471563 0.845937
vt 0.719565 0.845399
vt 0.719565 0.845399
vt 0.719565 0.845399
vt 0.719565 0.845399
vt 0.719565 0.845399
vt 0.719565 0.845399
vt 0.719565 0.845399
vt 0.719565 0.845399
vt 0.719565 0.845399
vt 0.719565 0.845399
vt 0.719565 0.845399
vt 0.719565 0.845399
vt 0.719565 0.845399
vt 0.719565 0.845399
vt 0.719565 0.845399
vt 0.719565 0.845399
vt 0.719565 0.845399
vt 0.719565 0.845399
vt 0.719565 0.845399
vt 0.719565 0.845399
vt 0.719565 0.845399
vt 0.719565 0.845399
vt 0.719565 0.845399
vt 0.719565 0.845399
vt 0.719565 0.845399
vt 0.719565 0.845399
vt 0.471563 0.845938
vt 0.471563 0.845938
vt 0.471563 0.845938
vt 0.471563 0.845938
vt 0.471563 0.845938
vt 0.471563 0.845938
vt 0.471563 0.845938
vt 0.471563 0.845938
vt 0.471563 0.845938
vt 0.471563 0.845938
vt 0.471563 0.845938
vt 0.471563 0.845938
vt 0.471563 0.845938
vt 0.471563 0.845938
vt 0.471563 0.845938
vt 0.471563 0.845938
vt 0.471563 0.845938
vt 0.471563 0.845938
vt 0.471563 0.845938
vt 0.471563 0.845938
vt 0.471563 0.845938
vt 0.471563 0.845938
vt 0.471563 0.845938
vt 0.471563 0.845938
vt 0.471563 0.845938
vt 0.471563 0.845938
vt 0.471563 0.845938
vt 0.471563 0.845938
vt 0.471563 0.845938
vt 0.471563 0.845938
vt 0.471563 0.845938
vt 0.471563 0.845938
vt 0.471563 0.845938
vt 0.471563 0.845938
vt 0.471563 0.845938
vt 0.471563 0.845938
vt 0.471563 0.845938
vt 0.471563 0.845938
vt 0.471563 0.845938
vt 0.471563 0.845938
vt 0.471563 0.845938
vt 0.471563 0.845938
vt 0.471563 0.845938
vt 0.471563 0.845938
vt 0.471563 0.845938
vt 0.471563 0.845938
vt 0.471563 0.845938
vt 0.471563 0.845938
vt 0.471563 0.845938
vt 0.471563 0.845938
vt 0.471563 0.845938
vt 0.471563 0.845938
vt 0.471563 0.845938
vt 0.471563 0.845938
vt 0.471563 0.845938
vt 0.471563 0.845938
vt 0.471563 0.845938
vt 0.471563 0.845938
vt 0.471563 0.845938
vt 0.471563 0.845938
vt 0.471563 0.845938
vt 0.471563 0.845938
vt 0.471563 0.845938
vt 0.471563 0.845938
vt 0.471563 0.845938
vt 0.471563 0.845938
vt 0.471563 0.845938
vt 0.471563 0.845938
vt 0.471563 0.845938
vt 0.471563 0.845938
vt 0.471563 0.845938
vt 0.471563 0.845938
vt 0.471563 0.845938
vt 0.471563 0.845938
vt 0.471563 0.845938
vt 0.471563 0.845938
vt 0.471563 0.845937
vt 0.471563 0.845937
vt 0.471563 0.845937
vt 0.471563 0.845937
vt 0.471563 0.845937
vt 0.471563 0.845937
vt 0.471563 0.845937
vt 0.471563 0.845937
vt 0.471563 0.845938
vt 0.471563 0.845938
vt 0.471563 0.845938
vt 0.471563 0.845938
vt 0.471563 0.845938
vt 0.471563 0.845938
vt 0.471563 0.845937
vt 0.471563 0.845937
vt 0.471563 0.845937
vt 0.471563 0.845937
vt 0.471563 0.845938
vt 0.471563 0.845938
vt 0.471563 0.845938
vt 0.471563 0.845938
vt 0.471563 0.845938
vt 0.471563 0.845938
vt 0.471563 0.845938
vt 0.471563 0.845938
vt 0.471563 0.845938
vt 0.471563 0.845938
vt 0.471563 0.845937
vt 0.471563 0.845937
vt 0.471563 0.845937
vt 0.471563 0.845937
vt 0.471563 0.845937
vt 0.471563 0.845937
vt 0.471563 0.845938
vt 0.471563 0.845938
vt 0.471563 0.845938
vt 0.471563 0.845938
vt 0.471563 0.845937
vt 0.471563 0.845937
vt 0.471563 0.845937
vt 0.471563 0.845937
vt 0.471563 0.845937
vt 0.471563 0.845937
vt 0.471563 0.845937
vt 0.471563 0.845937
vt 0.471563 0.845937
vt 0.471563 0.845937
vt 0.471563 0.845937
vt 0.471563 0.845937
vt 0.471563 0.845938
vt 0.471563 0.845938
vt 0.471563 0.845938
vt 0.471563 0.845938
vt 0.471563 0.845938
vt 0.471563 0.845938
vt 0.471563 0.845938
vt 0.471563 0.845938
vt 0.471563 0.845938
vt 0.471563 0.845938
vt 0.471563 0.845938
vt 0.471563 0.845938
vt 0.471563 0.845938
vt 0.471563 0.845938
vt 0.471563 0.845938
vt 0.471563 0.845938
vt 0.471563 0.845938
vt 0.471563 0.845938
vt 0.471563 0.845938
vt 0.471563 0.845938
vt 0.471563 0.845938
vt 0.471563 0.845938
vt 0.471563 0.845937
vt 0.471563 0.845937
vt 0.471563 0.845937
vt 0.471563 0.845937
vt 0.471563 0.845937
vt 0.471563 0.845937
vt 0.471563 0.845938
vt 0.471563 0.845938
vt 0.471563 0.845938
vt 0.471563 0.845938
vt 0.471563 0.845937
vt 0.471563 0.845937
vt 0.471563 0.845937
vt 0.471563 0.845937
vt 0.471563 0.845937
vt 0.471563 0.845937
vt 0.471563 0.845937
vt 0.471563 0.845937
vt 0.471563 0.845937
vt 0.471563 0.845937
vt 0.471563 0.845937
vt 0.471563 0.845937
vt 0.471563 0.845938
vt 0.471563 0.845938
vt 0.471563 0.845938
vt 0.471563 0.845938
vt 0.471563 0.845938
vt 0.471563 0.845938
vt 0.471563 0.845938
vt 0.471563 0.845938
vt 0.471563 0.845938
vt 0.471563 0.845938
vt 0.471563 0.845938
vt 0.471563 0.845938
vt 0.471563 0.845938
vt 0.471563 0.845938
vt 0.471563 0.845938
vt 0.471563 0.845938
vt 0.471563 0.845938
vt 0.471563 0.845938
vt 0.471563 0.845938
vt 0.471563 0.845938
vt 0.471563 0.845938
vt 0.471563 0.845938
vt 0.471563 0.845938
vt 0.471563 0.845938
vt 0.471563 0.845938
vt 0.471563 0.845938
vt 0.471563 0.845938
vt 0.471563 0.845938
vt 0.471563 0.845938
vt 0.471563 0.845938
vt 0.471563 0.845938
vt 0.471563 0.845938
vt 0.471563 0.845938
vt 0.471563 0.845938
vt 0.471563 0.845938
vt 0.471563 0.845938
vt 0.471563 0.845938
vt 0.471563 0.845938
vt 0.471563 0.845938
vt 0.471563 0.845938
vt 0.471563 0.845938
vt 0.471563 0.845938
vt 0.471563 0.845938
vt 0.471563 0.845938
vt 0.471563 0.845938
vt 0.471563 0.845938
vt 0.471563 0.845938
vt 0.471563 0.845938
vt 0.471563 0.845938
vt 0.471563 0.845938
vt 0.471563 0.845938
vt 0.471563 0.845938
vt 0.471563 0.845938
vt 0.471563 0.845938
vt 0.471563 0.845938
vt 0.471563 0.845938
vt 0.471563 0.845938
vt 0.471563 0.845938
vt 0.471563 0.845938
vt 0.471563 0.845938
vt 0.471563 0.845938
vt 0.471563 0.845938
vt 0.471563 0.845938
vt 0.471563 0.845938
vt 0.471563 0.845938
vt 0.471563 0.845938
vt 0.471563 0.845938
vt 0.471563 0.845938
vt 0.471563 0.845938
vt 0.471563 0.845938
vt 0.471563 0.845938
vt 0.471563 0.845938
vt 0.471563 0.845938
vt 0.471563 0.845938
vt 0.471563 0.845938
vt 0.471563 0.845938
vt 0.471563 0.845938
vt 0.471563 0.845938
vt 0.471563 0.845938
vt 0.471563 0.845938
vt 0.471563 0.845938
vt 0.471563 0.845938
vt 0.471563 0.845938
vt 0.471563 0.845938
vt 0.471563 0.845938
vt 0.471563 0.845938
vt 0.471563 0.845938
vt 0.471563 0.845938
vt 0.471563 0.845938
vt 0.471563 0.845938
vt 0.471563 0.845938
vt 0.471563 0.845938
vt 0.471563 0.845938
vt 0.471563 0.845938
vt 0.471563 0.845938
vt 0.471563 0.845938
vt 0.471563 0.845938
vt 0.471563 0.845938
vt 0.471563 0.845938
vt 0.471563 0.845938
vt 0.471563 0.845938
vt 0.471563 0.845938
vt 0.471563 0.845938
vt 0.471563 0.845938
vt 0.471563 0.845938
vt 0.471563 0.845938
vt 0.471563 0.845938
vt 0.471563 0.845938
vt 0.471563 0.845938
vt 0.471563 0.845938
vt 0.344847 0.844106
vt 0.344847 0.844106
vt 0.344845 0.844106
vt 0.344844 0.844106
vt 0.344845 0.844106
vt 0.344842 0.844106
vt 0.344842 0.844106
vt 0.344845 0.844106
vt 0.344847 0.844106
vt 0.344844 0.844106
vt 0.344844 0.844106
vt 0.344845 0.844106
vt 0.344845 0.844106
vt 0.344844 0.844106
vt 0.344847 0.844106
vt 0.344844 0.844106
vt 0.344845 0.844103
vt 0.344845 0.844103
vt 0.344845 0.844103
vt 0.344845 0.844103
vt 0.344847 0.844106
vt 0.344844 0.844106
vt 0.344846 0.844106
vt 0.344846 0.844106
vt 0.344847 0.844106
vt 0.344844 0.844106
vt 0.344842 0.844103
vt 0.344842 0.844103
vt 0.344842 0.844103
vt 0.344842 0.844103
vt 0.344847 0.844106
vt 0.344844 0.844106
vt 0.344845 0.844106
vt 0.344845 0.844106
vt 0.344845 0.844106
vt 0.344845 0.844106
vt 0.344847 0.844103
vt 0.344844 0.844103
vt 0.344844 0.844103
vt 0.344844 0.844103
vt 0.344847 0.844103
vt 0.344844 0.844103
vt 0.344846 0.844106
vt 0.344846 0.844106
vt 0.344846 0.844106
vt 0.344846 0.844106
vt 0.344847 0.844103
vt 0.344844 0.844103
vt 0.344842 0.844103
vt 0.344842 0.844103
vt 0.344847 0.844103
vt 0.344844 0.844103
vt 0.344845 0.844106
vt 0.344845 0.844106
vt 0.344847 0.844103
vt 0.344844 0.844103
vt 0.344844 0.844103
vt 0.344844 0.844103
vt 0.344847 0.844103
vt 0.344844 0.844103
vt 0.344846 0.844106
vt 0.344846 0.844106
vt 0.344847 0.844103
vt 0.344845 0.844103
vt 0.344842 0.844103
vt 0.344842 0.844103
vt 0.344847 0.844103
vt 0.344845 0.844103
vt 0.344845 0.844106
vt 0.344845 0.844106
vt 0.344847 0.844103
vt 0.344847 0.844103
vt 0.344846 0.844103
vt 0.344846 0.844103
vt 0.344844 0.844103
vt 0.344844 0.844103
vt 0.344847 0.844103
vt 0.344846 0.844103
vt 0.344846 0.844106
vt 0.344846 0.844106
vt 0.344847 0.844103
vt 0.344846 0.844103
vt 0.344842 0.844103
vt 0.344842 0.844103
vt 0.344847 0.844103
vt 0.344846 0.844103
vt 0.344845 0.844106
vt 0.344845 0.844106
vt 0.344847 0.844103
vt 0.344846 0.844103
vt 0.344844 0.844103
vt 0.344844 0.844103
vt 0.344847 0.844103
vt 0.344846 0.844103
vt 0.344846 0.844106
vt 0.344846 0.844106
vt 0.344847 0.844106
vt 0.344846 0.844106
vt 0.344842 0.844103
vt 0.344842 0.844103
vt 0.344847 0.844106
vt 0.344846 0.844106
vt 0.344845 0.844106
vt 0.344845 0.844106
vt 0.344847 0.844106
vt 0.344846 0.844106
vt 0.344844 0.844103
vt 0.344844 0.844103
vt 0.344847 0.844106
vt 0.344846 0.844106
vt 0.344846 0.844106
vt 0.344846 0.844106
vt 0.344847 0.844106
vt 0.344846 0.844106
vt 0.344842 0.844103
vt 0.344842 0.844103
vt 0.344847 0.844106
vt 0.344846 0.844106
vt 0.344845 0.844103
vt 0.344845 0.844103
vt 0.344847 0.844106
vt 0.344846 0.844106
vt 0.344844 0.844103
vt 0.344844 0.844103
vt 0.344846 0.844103
vt 0.344846 0.844103
vt 0.344844 0.844106
vt 0.344845 0.844106
vt 0.344842 0.844106
vt 0.344842 0.844106
vt 0.344844 0.844106
vt 0.344842 0.844106
vt 0.344844 0.844106
vt 0.344842 0.844106
vt 0.344844 0.844106
vt 0.344842 0.844106
vt 0.344844 0.844106
vt 0.344842 0.844106
vt 0.344844 0.844106
vt 0.344842 0.844106
vt 0.344844 0.844103
vt 0.344842 0.844103
vt 0.344844 0.844103
vt 0.344842 0.844103
vt 0.344844 0.844103
vt 0.344842 0.844103
vt 0.344844 0.844103
vt 0.344842 0.844103
vt 0.344844 0.844103
vt 0.344842 0.844103
vt 0.344844 0.844103
vt 0.344842 0.844103
vt 0.344845 0.844103
vt 0.344842 0.844103
vt 0.344845 0.844103
vt 0.344844 0.844103
vt 0.344846 0.844103
vt 0.344846 0.844103
vt 0.344845 0.844103
vt 0.344845 0.844103
vt 0.344846 0.844103
vt 0.344845 0.844103
vt 0.344846 0.844103
vt 0.344845 0.844103
vt 0.344846 0.844103
vt 0.344845 0.844103
vt 0.344846 0.844103
vt 0.344845 0.844103
vt 0.344846 0.844103
vt 0.344845 0.844103
vt 0.344846 0.844106
vt 0.344845 0.844106
vt 0.344846 0.844106
vt 0.344845 0.844106
vt 0.344846 0.844106
vt 0.344845 0.844106
vt 0.344846 0.844106
vt 0.344845 0.844106
vt 0.344846 0.844106
vt 0.344845 0.844106
vt 0.344846 0.844106
vt 0.344845 0.844106
vt 0.344846 0.844106
vt 0.344845 0.844106
vt 0.344845 0.844103
vt 0.344845 0.844103
vt 0.344845 0.844103
vt 0.344844 0.844103
vt 0.344842 0.844106
vt 0.344842 0.844106
vt 0.344846 0.844103
vt 0.344846 0.844103
vt 0.344846 0.844103
vt 0.344846 0.844103
vt 0.344844 0.844106
vt 0.344844 0.844106
vt 0.344845 0.844103
vt 0.344845 0.844103
vt 0.344842 0.844106
vt 0.344842 0.844106
vt 0.344846 0.844103
vt 0.344846 0.844103
vt 0.344844 0.844106
vt 0.344844 0.844106
vt 0.344845 0.844103
vt 0.344845 0.844103
vt 0.344842 0.844106
vt 0.344842 0.844106
vt 0.344846 0.844103
vt 0.344846 0.844103
vt 0.344844 0.844106
vt 0.344844 0.844106
vt 0.344845 0.844103
vt 0.344845 0.844103
vt 0.344842 0.844106
vt 0.344842 0.844106
vt 0.344846 0.844103
vt 0.344846 0.844103
vt 0.344844 0.844106
vt 0.344844 0.844106
vt 0.344845 0.844103
vt 0.344845 0.844103
vt 0.344842 0.844106
vt 0.344842 0.844106
vt 0.344846 0.844103
vt 0.344846 0.844103
vt 0.344844 0.844106
vt 0.344844 0.844106
vt 0.344845 0.844103
vt 0.344845 0.844103
vt 0.344842 0.844106
vt 0.344842 0.844106
vt 0.344845 0.844106
vt 0.344845 0.844106
vt 0.344844 0.844106
vt 0.344843 0.844106
vt 0.344842 0.844106
vt 0.344840 0.844106
vt 0.344840 0.844106
vt 0.344840 0.844106
vt 0.344840 0.844107
vt 0.344840 0.844107
vt 0.344840 0.844106
vt 0.344840 0.844107
vt 0.344840 0.844106
vt 0.344839 0.844107
vt 0.344840 0.844106
vt 0.344839 0.844106
vt 0.344840 0.844106
vt 0.344839 0.844106
vt 0.344840 0.844106
vt 0.344839 0.844106
vt 0.344840 0.844103
vt 0.344840 0.844103
vt 0.344840 0.844102
vt 0.344840 0.844102
vt 0.344840 0.844103
vt 0.344840 0.844102
vt 0.344840 0.844103
vt 0.344840 0.844102
vt 0.344840 0.844103
vt 0.344839 0.844103
vt 0.344840 0.844103
vt 0.344839 0.844103
vt 0.344840 0.844103
vt 0.344839 0.844103
vt 0.344844 0.844103
vt 0.344844 0.844103
vt 0.344844 0.844103
vt 0.344844 0.844103
vt 0.344844 0.844103
vt 0.344844 0.844103
vt 0.344844 0.844103
vt 0.344844 0.844102
vt 0.344844 0.844103
vt 0.344844 0.844102
vt 0.344844 0.844103
vt 0.344844 0.844102
vt 0.344843 0.844103
vt 0.344844 0.844102
vt 0.344843 0.844106
vt 0.344844 0.844106
vt 0.344844 0.844107
vt 0.344844 0.844107
vt 0.344844 0.844106
vt 0.344844 0.844107
vt 0.344844 0.844106
vt 0.344844 0.844107
vt 0.344844 0.844106
vt 0.344844 0.844106
vt 0.344844 0.844106
vt 0.344844 0.844106
vt 0.344844 0.844106
vt 0.344844 0.844106
vt 0.344843 0.844103
vt 0.344843 0.844102
vt 0.344845 0.844106
vt 0.344844 0.844106
vt 0.344845 0.844106
vt 0.344844 0.844106
vt 0.344845 0.844106
vt 0.344844 0.844106
vt 0.344845 0.844106
vt 0.344844 0.844106
vt 0.344845 0.844106
vt 0.344844 0.844106
vt 0.344845 0.844103
vt 0.344844 0.844103
vt 0.344845 0.844103
vt 0.344844 0.844103
vt 0.344845 0.844103
vt 0.344844 0.844103
vt 0.344845 0.844103
vt 0.344844 0.844103
vt 0.344845 0.844103
vt 0.344844 0.844103
vt 0.344845 0.844103
vt 0.344844 0.844103
vt 0.344845 0.844103
vt 0.344843 0.844103
vt 0.344844 0.844103
vt 0.344842 0.844103
vt 0.344840 0.844103
vt 0.344843 0.844103
vt 0.344842 0.844103
vt 0.344840 0.844103
vt 0.344842 0.844103
vt 0.344840 0.844103
vt 0.344842 0.844103
vt 0.344840 0.844103
vt 0.344842 0.844103
vt 0.344840 0.844103
vt 0.344842 0.844103
vt 0.344840 0.844103
vt 0.344842 0.844103
vt 0.344840 0.844103
vt 0.344842 0.844106
vt 0.344840 0.844106
vt 0.344842 0.844106
vt 0.344840 0.844106
vt 0.344842 0.844106
vt 0.344840 0.844106
vt 0.344842 0.844106
vt 0.344840 0.844106
vt 0.344842 0.844106
vt 0.344840 0.844106
vt 0.344842 0.844106
vt 0.344840 0.844106
vt 0.344845 0.844106
vt 0.344842 0.844106
vt 0.344842 0.844106
vt 0.344845 0.844106
vt 0.344842 0.844103
vt 0.344842 0.844103
vt 0.344842 0.844103
vt 0.344842 0.844103
vt 0.344845 0.844106
vt 0.344845 0.844106
vt 0.344845 0.844106
vt 0.344845 0.844106
vt 0.344842 0.844103
vt 0.344842 0.844103
vt 0.344845 0.844106
vt 0.344845 0.844106
vt 0.344842 0.844103
vt 0.344842 0.844103
vt 0.344845 0.844106
vt 0.344845 0.844106
vt 0.344842 0.844103
vt 0.344842 0.844103
vt 0.344845 0.844106
vt 0.344845 0.844106
vt 0.344842 0.844103
vt 0.344842 0.844103
vt 0.344845 0.844106
vt 0.344845 0.844106
vt 0.344842 0.844103
vt 0.344842 0.844103
vt 0.344845 0.844103
vt 0.344845 0.844103
vt 0.344844 0.844103
vt 0.344845 0.844103
vt 0.344845 0.844103
vt 0.344844 0.844103
vt 0.344842 0.844106
vt 0.344842 0.844106
vt 0.344845 0.844103
vt 0.344845 0.844103
vt 0.344842 0.844106
vt 0.344842 0.844106
vt 0.344845 0.844103
vt 0.344845 0.844103
vt 0.344842 0.844106
vt 0.344842 0.844106
vt 0.344845 0.844103
vt 0.344845 0.844103
vt 0.344842 0.844106
vt 0.344842 0.844106
vt 0.344845 0.844103
vt 0.344845 0.844103
vt 0.344842 0.844106
vt 0.344842 0.844106
vt 0.344845 0.844103
vt 0.344845 0.844103
vt 0.344842 0.844106
vt 0.344842 0.844106
vt 0.344846 0.844103
vt 0.344844 0.844103
vt 0.344847 0.844103
vt 0.344846 0.844103
vt 0.344846 0.844103
vt 0.344846 0.844103
vt 0.471563 0.845938
vt 0.471563 0.845938
vt 0.471563 0.845937
vt 0.471563 0.845937
vt 0.471563 0.845937
vt 0.471563 0.845937
vt 0.471563 0.845938
vt 0.471563 0.845938
vt 0.471563 0.845938
vt 0.471563 0.845938
vt 0.471563 0.845938
vt 0.471563 0.845938
vt 0.471563 0.845937
vt 0.471563 0.845937
vt 0.471563 0.845937
vt 0.471563 0.845937
vt 0.344845 0.844103
vt 0.344843 0.844103
vt 0.782876 0.845486
vt 0.782876 0.845486
vt 0.782876 0.845486
vt 0.782876 0.845486
vt 0.532465 0.845105
vt 0.532465 0.845105
vt 0.471563 0.845937
vt 0.471563 0.845937
vt 0.782876 0.845486
vt 0.782876 0.845486
vt 0.471563 0.845937
vt 0.471563 0.845937
vt 0.719565 0.845399
vt 0.719565 0.845399
vt 0.719565 0.845399
vt 0.719565 0.845399
vt 0.471563 0.845938
vt 0.471563 0.845938
vt 0.471563 0.845937
vt 0.471563 0.845937
vt 0.344844 0.844103
vt 0.344844 0.844103
vt 0.344847 0.844103
vt 0.344846 0.844103
vt 0.344843 0.844103
vt 0.344844 0.844103
vt 0.344844 0.844103
vt 0.344846 0.844103
vt 0.344846 0.844103
vt 0.344844 0.844103
vt 0.471563 0.845938
vt 0.471563 0.845938
vt 0.471563 0.845938
vt 0.471563 0.845938
vt 0.471563 0.845938
vt 0.471563 0.845938
vt 0.471563 0.845938
vt 0.471563 0.845938
vt 0.845094 0.846009
vt 0.845094 0.846009
vt 0.845094 0.846009
vt 0.845094 0.846009
vt 0.719565 0.845399
vt 0.719565 0.845399
vt 0.471563 0.845937
vt 0.471563 0.845937
vt 0.471563 0.845937
vt 0.471563 0.845937
vt 0.344846 0.844103
vt 0.344846 0.844103
vt 0.344845 0.844103
vt 0.344844 0.844103
vt 0.408724 0.846252
vt 0.408724 0.846252
vt 0.408724 0.846252
vt 0.408724 0.846252
vt 0.344844 0.844103
vt 0.344844 0.844103
vt 0.344844 0.844103
vt 0.344843 0.844102
vt 0.344843 0.844103
vt 0.344844 0.844103
vt 0.344843 0.844103
vt 0.344843 0.844102
vt 0.344844 0.844103
vt 0.344843 0.844103
vt 0.344844 0.844103
vt 0.344843 0.844103
vt 0.344843 0.844102
vt 0.344844 0.844103
vt 0.344847 0.844101
vt 0.344846 0.844101
vt 0.344844 0.844101
vt 0.344844 0.844103
vt 0.344846 0.844103
vt 0.344843 0.844103
vt 0.344845 0.844103
vt 0.344847 0.844101
vt 0.344847 0.844103
vt 0.344845 0.844103
vt 0.344845 0.844103
vt 0.344844 0.844103
vt 0.344844 0.844101
vt 0.344846 0.844101
vt 0.344844 0.844103
vt 0.344843 0.844103
vt 0.344846 0.844103
vt 0.344847 0.844103
vt 0.344845 0.844103
vt 0.344843 0.844103
vt 0.532465 0.845105
vt 0.532465 0.845105
vt 0.344845 0.844103
vt 0.408724 0.846252
vt 0.408724 0.846252
vt 0.408724 0.846252
vt 0.408724 0.846252
vt 0.344845 0.844103
vt 0.344844 0.844103
vt 0.344844 0.844103
vt 0.344845 0.844103
vt 0.532465 0.845105
vt 0.532465 0.845105
vt 0.408724 0.846252
vt 0.408724 0.846252
vt 0.408724 0.846252
vt 0.408724 0.846252
vt 0.344847 0.844103
vt 0.344845 0.844103
vt 0.344845 0.844103
vt 0.344844 0.844103
vt 0.344844 0.844103
vt 0.408724 0.846252
vt 0.408724 0.846252
vt 0.408724 0.846252
vt 0.408724 0.846252
vt 0.408724 0.846252
vt 0.408724 0.846252
vt 0.408724 0.846252
vt 0.408724 0.846252
vt 0.471563 0.845937
vt 0.471563 0.845937
vt 0.471563 0.845937
vt 0.471563 0.845937
vt 0.471563 0.845937
vt 0.471563 0.845937
vt 0.471563 0.845937
vt 0.471563 0.845937
vt 0.471563 0.845938
vt 0.471563 0.845938
vt 0.471563 0.845938
vt 0.471563 0.845938
vt 0.471563 0.845938
vt 0.471563 0.845938
vt 0.471563 0.845938
vt 0.471563 0.845938
vt 0.471563 0.845938
vt 0.471563 0.845938
vt 0.471563 0.845938
vt 0.471563 0.845938
vt 0.471563 0.845938
vt 0.471563 0.845938
vt 0.471563 0.845938
vt 0.471563 0.845938
vt 0.782876 0.845486
vt 0.782876 0.845486
vt 0.782876 0.845486
vt 0.782876 0.845486
vt 0.782876 0.845486
vt 0.782876 0.845486
vt 0.782876 0.845486
vt 0.782876 0.845486
vt 0.471563 0.845937
vt 0.471563 0.845937
vt 0.471563 0.845937
vt 0.471563 0.845937
vt 0.471563 0.845937
vt 0.471563 0.845937
vt 0.471563 0.845937
vt 0.471563 0.845937
vt 0.471563 0.845938
vt 0.471563 0.845938
vt 0.471563 0.845938
vt 0.471563 0.845938
vt 0.471563 0.845938
vt 0.471563 0.845938
vt 0.471563 0.845938
vt 0.471563 0.845938
vt 0.471563 0.845937
vt 0.471563 0.845937
vt 0.471563 0.845937
vt 0.471563 0.845937
vt 0.471563 0.845937
vt 0.471563 0.845937
vt 0.471563 0.845937
vt 0.471563 0.845937
vt 0.471563 0.845938
vt 0.471563 0.845938
vt 0.471563 0.845938
vt 0.471563 0.845938
vt 0.471563 0.845938
vt 0.471563 0.845938
vt 0.471563 0.845938
vt 0.471563 0.845938
vt 0.471563 0.845937
vt 0.471563 0.845937
vt 0.471563 0.845937
vt 0.471563 0.845937
vt 0.408724 0.846252
vt 0.408724 0.846252
vt 0.408724 0.846252
vt 0.408724 0.846252
vt 0.782876 0.845486
vt 0.782876 0.845486
vt 0.782876 0.845486
vt 0.782876 0.845486
vt 0.471563 0.845937
vt 0.471563 0.845937
vt 0.471563 0.845937
vt 0.471563 0.845937
vt 0.471563 0.845938
vt 0.471563 0.845938
vt 0.471563 0.845938
vt 0.471563 0.845938
vt 0.471563 0.845937
vt 0.471563 0.845937
vt 0.471563 0.845937
vt 0.471563 0.845937
vt 0.471563 0.845937
vt 0.471563 0.845937
vt 0.471563 0.845937
vt 0.471563 0.845937
vt 0.471563 0.845938
vt 0.471563 0.845938
vt 0.471563 0.845938
vt 0.471563 0.845938
vt 0.471563 0.845937
vt 0.471563 0.845937
vt 0.471563 0.845937
vt 0.471563 0.845937
vt 0.782876 0.845486
vt 0.782876 0.845486
vt 0.782876 0.845486
vt 0.782876 0.845486
vt 0.408724 0.846252
vt 0.408724 0.846252
vt 0.408724 0.846252
vt 0.408724 0.846252
vt 0.471563 0.845937
vt 0.471563 0.845937
vt 0.471563 0.845937
vt 0.471563 0.845937
vt 0.471563 0.845938
vt 0.471563 0.845938
vt 0.471563 0.845938
vt 0.471563 0.845938
vt 0.471563 0.845938
vt 0.471563 0.845938
vt 0.471563 0.845938
vt 0.471563 0.845938
vt 0.845094 0.846009
vt 0.845094 0.846009
vt 0.845094 0.846009
vt 0.845094 0.846009
vt 0.719565 0.845399
vt 0.719565 0.845399
vt 0.845094 0.846009
vt 0.845094 0.846009
vt 0.845094 0.846009
vt 0.845094 0.846009
vt 0.845094 0.846009
vt 0.845094 0.846009
vt 0.845094 0.846009
vt 0.845094 0.846009
vt 0.845094 0.846009
vt 0.845094 0.846009
vt 0.845094 0.846009
vt 0.845094 0.846009
vt 0.845094 0.846009
vt 0.845094 0.846009
vt 0.719565 0.845399
vt 0.719565 0.845399
vt 0.719565 0.845399
vt 0.719565 0.845399
vt 0.719565 0.845399
vt 0.719565 0.845399
vt 0.719565 0.845399
vt 0.719565 0.845399
vt 0.719565 0.845399
vt 0.719565 0.845399
vt 0.719565 0.845399
vt 0.719565 0.845399
vt 0.719565 0.845399
vt 0.719565 0.845399
vt 0.719565 0.845399
vt 0.719565 0.845399
vt 0.719565 0.845399
vt 0.719565 0.845399
vt 0.719565 0.845399
vt 0.719565 0.845399
vt 0.719565 0.845399
vt 0.719565 0.845399
vt 0.719565 0.845399
vt 0.719565 0.845399
vt 0.719565 0.845399
vt 0.719565 0.845399
vt 0.719565 0.845399
vt 0.719565 0.845399
vt 0.719565 0.845399
vt 0.719565 0.845399
vt 0.471563 0.845938
vt 0.471563 0.845938
vt 0.471563 0.845938
vt 0.471563 0.845938
vt 0.471563 0.845937
vt 0.471563 0.845937
vt 0.471563 0.845937
vt 0.471563 0.845937
vt 0.471563 0.845938
vt 0.471563 0.845938
vt 0.471563 0.845938
vt 0.471563 0.845938
vt 0.471563 0.845938
vt 0.471563 0.845938
vt 0.719565 0.845399
vt 0.719565 0.845399
vt 0.719565 0.845399
vt 0.719565 0.845399
vt 0.719565 0.845399
vt 0.719565 0.845399
vt 0.719565 0.845399
vt 0.719565 0.845399
vt 0.471563 0.845938
vt 0.471563 0.845938
vt 0.471563 0.845938
vt 0.471563 0.845938
vt 0.471563 0.845938
vt 0.471563 0.845938
vt 0.471563 0.845938
vt 0.471563 0.845938
vt 0.471563 0.845937
vt 0.471563 0.845937
vt 0.471563 0.845937
vt 0.471563 0.845937
vt 0.471563 0.845938
vt 0.471563 0.845938
vt 0.471563 0.845938
vt 0.471563 0.845938
vt 0.471563 0.845938
vt 0.471563 0.845938
vt 0.471563 0.845937
vt 0.471563 0.845937
vt 0.471563 0.845938
vt 0.471563 0.845938
vt 0.471563 0.845938
vt 0.471563 0.845938
vt 0.471563 0.845938
vt 0.471563 0.845938
vt 0.471563 0.845938
vt 0.471563 0.845938
vt 0.719565 0.845399
vt 0.719565 0.845399
vt 0.719565 0.845399
vt 0.719565 0.845399
vt 0.782876 0.845486
vt 0.782876 0.845486
vt 0.782876 0.845486
vt 0.782876 0.845486
vt 0.782876 0.845486
vt 0.782876 0.845486
vt 0.782876 0.845486
vt 0.782876 0.845486
vt 0.782876 0.845486
vt 0.782876 0.845486
vt 0.782876 0.845486
vt 0.845094 0.846009
vt 0.845094 0.846009
vt 0.845094 0.846009
vt 0.845094 0.846009
vt 0.845094 0.846009
vt 0.845094 0.846009
vt 0.719565 0.845399
vt 0.719565 0.845399
vt 0.719565 0.845399
vt 0.719565 0.845399
vt 0.719565 0.845399
vt 0.471563 0.845937
vt 0.471562 0.845937
vt 0.471562 0.845937
vt 0.471563 0.845937
vt 0.471562 0.845937
vt 0.471562 0.845937
vt 0.471562 0.845937
vt 0.471562 0.845937
vt 0.471563 0.845937
vt 0.471563 0.845937
vt 0.471563 0.845937
vt 0.471563 0.845937
vt 0.471563 0.845937
vt 0.471563 0.845937
vt 0.471563 0.845937
vt 0.471563 0.845937
vt 0.471563 0.845937
vt 0.471563 0.845937
vt 0.471563 0.845937
vt 0.471563 0.845937
vt 0.471563 0.845937
vt 0.471562 0.845937
vt 0.471562 0.845937
vt 0.471563 0.845937
vt 0.471562 0.845937
vt 0.471563 0.845937
vt 0.471563 0.845937
vt 0.471563 0.845937
vt 0.471563 0.845937
vt 0.471563 0.845937
vt 0.471562 0.845937
vt 0.471562 0.845937
vt 0.471563 0.845938
vt 0.471563 0.845938
vt 0.782876 0.845486
vt 0.782876 0.845486
vt 0.471562 0.845937
vt 0.471562 0.845937
vt 0.471563 0.845937
vt 0.471563 0.845937
vt 0.719565 0.845399
vt 0.845094 0.846009
vt 0.845094 0.846009
vt 0.845094 0.846009
vt 0.845094 0.846009
vt 0.845094 0.846009
vt 0.845094 0.846009
vt 0.845094 0.846009
vt 0.845094 0.846009
vt 0.845094 0.846009
vt 0.845094 0.846009
vt 0.845094 0.846009
vt 0.845094 0.846009
vt 0.719565 0.845399
vt 0.719565 0.845399
vt 0.719565 0.845399
vt 0.845094 0.846009
vt 0.845094 0.846009
vt 0.719565 0.845399
vt 0.471563 0.845938
vt 0.471563 0.845938
vt 0.471563 0.845938
vt 0.471563 0.845938
vt 0.471562 0.845938
vt 0.471563 0.845938
vt 0.471563 0.845938
vt 0.471562 0.845938
vt 0.471563 0.845938
vt 0.471563 0.845938
vt 0.471563 0.845938
vt 0.471563 0.845938
vt 0.471562 0.845938
vt 0.471562 0.845938
vt 0.471563 0.845938
vt 0.471563 0.845938
vt 0.471563 0.845938
vt 0.471563 0.845938
vt 0.471562 0.845938
vt 0.471562 0.845938
vt 0.471562 0.845938
vt 0.471562 0.845938
vt 0.471562 0.845938
vt 0.471562 0.845938
vt 0.471562 0.845938
vt 0.471562 0.845938
vt 0.471563 0.845938
vt 0.471563 0.845938
vt 0.471563 0.845938
vt 0.471563 0.845938
vt 0.471563 0.845938
vt 0.471563 0.845938
vt 0.471563 0.845938
vt 0.471563 0.845938
vt 0.471562 0.845938
vt 0.471562 0.845938
vt 0.471562 0.845938
vt 0.471562 0.845938
vt 0.471563 0.845938
vt 0.471563 0.845938
vt 0.471563 0.845938
vt 0.471563 0.845938
vt 0.471563 0.845938
vt 0.471562 0.845938
vt 0.471562 0.845938
vt 0.471563 0.845938
vt 0.471563 0.845938
vt 0.471563 0.845938
vt 0.471562 0.845938
vt 0.471562 0.845938
vt 0.471563 0.845938
vt 0.471563 0.845938
vt 0.532465 0.845105
vt 0.532465 0.845105
vt 0.532465 0.845105
vt 0.532465 0.845105
vt 0.532465 0.845105
vt 0.532465 0.845105
vt 0.532465 0.845105
vt 0.532465 0.845105
vt 0.344845 0.844110
vt 0.344848 0.844110
vt 0.344848 0.844111
vt 0.344845 0.844111
vt 0.344845 0.844111
vt 0.344848 0.844111
vt 0.344848 0.844111
vt 0.344845 0.844111
vt 0.471563 0.845937
vt 0.471563 0.845937
vt 0.782876 0.845486
vt 0.782876 0.845486
vt 0.782876 0.845486
vt 0.471563 0.845938
vt 0.471563 0.845938
vt 0.471563 0.845937
vt 0.471563 0.845937
vt 0.532465 0.845105
vt 0.532465 0.845105
vt 0.532465 0.845105
vt 0.532465 0.845105
vt 0.532465 0.845105
vt 0.532465 0.845105
vt 0.532465 0.845105
vt 0.532465 0.845105
vt 0.532465 0.845105
vt 0.532465 0.845105
vt 0.532465 0.845105
vt 0.532465 0.845105
vt 0.532465 0.845105
vt 0.532465 0.845105
vt 0.471562 0.845937
vt 0.471562 0.845937
vt 0.471562 0.845937
vt 0.471562 0.845937
vt 0.471562 0.845937
vt 0.471562 0.845937
vt 0.845094 0.846009
vt 0.845094 0.846009
vt 0.471562 0.845938
vt 0.471562 0.845938
vt 0.471562 0.845938
vt 0.471563 0.845938
vt 0.471563 0.845938
vt 0.471563 0.845938
vt 0.471563 0.845938
vt 0.471563 0.845938
vt 0.471563 0.845938
vt 0.471563 0.845938
vt 0.471563 0.845937
vt 0.471563 0.845937
vt 0.471563 0.845937
vt 0.471563 0.845937
vt 0.471563 0.845938
vt 0.471563 0.845938
vt 0.471563 0.845938
vt 0.471563 0.845938
vt 0.471563 0.845938
vt 0.471563 0.845938
vt 0.719565 0.845399
vt 0.719565 0.845399
vt 0.719565 0.845399
vt 0.719565 0.845399
vt 0.719565 0.845399
vt 0.719565 0.845399
vt 0.719565 0.845399
vt 0.719565 0.845399
vt 0.471563 0.845938
vt 0.471563 0.845938
vt 0.471563 0.845938
vt 0.471563 0.845938
vt 0.471563 0.845938
vt 0.471563 0.845938
vt 0.471563 0.845938
vt 0.471563 0.845938
vt 0.471563 0.845937
vt 0.471563 0.845937
vt 0.471563 0.845937
vt 0.471563 0.845937
vt 0.471563 0.845938
vt 0.471563 0.845938
vt 0.471563 0.845938
vt 0.471563 0.845938
vt 0.471563 0.845938
vt 0.471563 0.845938
vt 0.471563 0.845937
vt 0.471563 0.845937
vt 0.471563 0.845938
vt 0.471563 0.845938
vt 0.471563 0.845938
vt 0.471563 0.845938
vt 0.719565 0.845399
vt 0.719565 0.845399
vt 0.782876 0.845486
vt 0.782876 0.845486
vt 0.782876 0.845486
vt 0.782876 0.845486
vt 0.782876 0.845486
vt 0.782876 0.845486
vt 0.782876 0.845486
vt 0.782876 0.845486
vt 0.782876 0.845486
vt 0.845094 0.846009
vt 0.845094 0.846009
vt 0.845094 0.846009
vt 0.845094 0.846009
vt 0.845094 0.846009
vt 0.845094 0.846009
vt 0.719565 0.845399
vt 0.719565 0.845399
vt 0.719565 0.845399
vt 0.719565 0.845399
vt 0.719565 0.845399
vt 0.471563 0.845937
vt 0.471563 0.845937
vt 0.471562 0.845937
vt 0.471562 0.845937
vt 0.471562 0.845937
vt 0.471562 0.845937
vt 0.471562 0.845937
vt 0.471562 0.845937
vt 0.471563 0.845937
vt 0.471563 0.845937
vt 0.471563 0.845937
vt 0.471563 0.845937
vt 0.471563 0.845937
vt 0.471563 0.845937
vt 0.471563 0.845937
vt 0.471563 0.845937
vt 0.471563 0.845937
vt 0.471563 0.845937
vt 0.471563 0.845937
vt 0.471563 0.845937
vt 0.471563 0.845937
vt 0.471563 0.845937
vt 0.471562 0.845937
vt 0.471562 0.845937
vt 0.471562 0.845937
vt 0.471563 0.845937
vt 0.471563 0.845937
vt 0.471563 0.845937
vt 0.471563 0.845937
vt 0.471563 0.845937
vt 0.471562 0.845937
vt 0.471562 0.845937
vt 0.344852 0.844106
vt 0.344852 0.844105
vt 0.344852 0.844105
vt 0.344852 0.844106
vt 0.471562 0.845937
vt 0.471562 0.845937
vt 0.471563 0.845937
vt 0.471563 0.845937
vt 0.719565 0.845399
vt 0.845094 0.846009
vt 0.845094 0.846009
vt 0.845094 0.846009
vt 0.845094 0.846009
vt 0.845094 0.846009
vt 0.845094 0.846009
vt 0.845094 0.846009
vt 0.845094 0.846009
vt 0.845094 0.846009
vt 0.845094 0.846009
vt 0.719565 0.845399
vt 0.719565 0.845399
vt 0.719565 0.845399
vt 0.845094 0.846009
vt 0.845094 0.846009
vt 0.719565 0.845399
vt 0.471563 0.845938
vt 0.471563 0.845938
vt 0.471563 0.845938
vt 0.471563 0.845938
vt 0.471562 0.845938
vt 0.471562 0.845938
vt 0.471563 0.845938
vt 0.471563 0.845938
vt 0.471563 0.845938
vt 0.471563 0.845938
vt 0.471563 0.845938
vt 0.471563 0.845938
vt 0.471562 0.845938
vt 0.471562 0.845938
vt 0.471563 0.845938
vt 0.471563 0.845938
vt 0.471563 0.845938
vt 0.471563 0.845938
vt 0.471562 0.845938
vt 0.471562 0.845938
vt 0.471562 0.845938
vt 0.471562 0.845938
vt 0.471562 0.845938
vt 0.471562 0.845938
vt 0.471562 0.845938
vt 0.471562 0.845938
vt 0.471563 0.845938
vt 0.471563 0.845938
vt 0.471563 0.845938
vt 0.471563 0.845938
vt 0.471563 0.845938
vt 0.471563 0.845938
vt 0.471563 0.845938
vt 0.471563 0.845938
vt 0.471562 0.845938
vt 0.471562 0.845938
vt 0.471562 0.845938
vt 0.471562 0.845938
vt 0.471563 0.845938
vt 0.471563 0.845938
vt 0.471563 0.845938
vt 0.471563 0.845938
vt 0.471563 0.845938
vt 0.471563 0.845938
vt 0.471562 0.845938
vt 0.471562 0.845938
vt 0.471563 0.845938
vt 0.471563 0.845938
vt 0.471562 0.845938
vt 0.471562 0.845938
vt 0.471563 0.845938
vt 0.471563 0.845938
vt 0.532465 0.845105
vt 0.532465 0.845105
vt 0.532465 0.845105
vt 0.532465 0.845105
vt 0.532465 0.845105
vt 0.532465 0.845105
vt 0.532465 0.845105
vt 0.532465 0.845105
vt 0.344845 0.844110
vt 0.344845 0.844111
vt 0.344848 0.844111
vt 0.344848 0.844110
vt 0.344845 0.844111
vt 0.344845 0.844111
vt 0.344848 0.844111
vt 0.344848 0.844111
vt 0.471563 0.845937
vt 0.471563 0.845937
vt 0.344852 0.844104
vt 0.344852 0.844104
vt 0.782876 0.845486
vt 0.782876 0.845486
vt 0.471563 0.845938
vt 0.471563 0.845938
vt 0.471563 0.845937
vt 0.471563 0.845937
vt 0.532465 0.845105
vt 0.532465 0.845105
vt 0.532465 0.845105
vt 0.532465 0.845105
vt 0.532465 0.845105
vt 0.532465 0.845105
vt 0.532465 0.845105
vt 0.532465 0.845105
vt 0.532465 0.845105
vt 0.532465 0.845105
vt 0.532465 0.845105
vt 0.532465 0.845105
vt 0.471562 0.845937
vt 0.471562 0.845937
vt 0.471562 0.845937
vt 0.471562 0.845937
vt 0.471562 0.845937
vt 0.471562 0.845937
vt 0.845094 0.846009
vt 0.845094 0.846009
vt 0.471562 0.845938
vt 0.471562 0.845938
vt 0.471562 0.845938
vt 0.471563 0.845938
vt 0.471563 0.845938
vt 0.471563 0.845938
vt 0.471563 0.845938
vt 0.471563 0.845938
vt 0.471563 0.845938
vt 0.471563 0.845938
vt 0.471563 0.845937
vt 0.471563 0.845937
vt 0.471563 0.845937
vt 0.471563 0.845937
vt 0.471563 0.845938
vt 0.471563 0.845938
vt 0.471563 0.845938
vt 0.471563 0.845938
vt 0.471563 0.845938
vt 0.471563 0.845938
vt 0.719565 0.845399
vt 0.719565 0.845399
vt 0.719565 0.845399
vt 0.719565 0.845399
vt 0.719565 0.845399
vt 0.719565 0.845399
vt 0.719565 0.845399
vt 0.719565 0.845399
vt 0.471563 0.845938
vt 0.471563 0.845938
vt 0.471563 0.845938
vt 0.471563 0.845938
vt 0.471563 0.845938
vt 0.471563 0.845938
vt 0.471563 0.845938
vt 0.471563 0.845938
vt 0.471563 0.845937
vt 0.471563 0.845937
vt 0.471563 0.845937
vt 0.471563 0.845937
vt 0.471563 0.845938
vt 0.471563 0.845938
vt 0.471563 0.845938
vt 0.471563 0.845938
vt 0.471563 0.845938
vt 0.471563 0.845938
vt 0.471563 0.845938
vt 0.471563 0.845938
vt 0.471563 0.845938
vt 0.471563 0.845938
vt 0.471563 0.845938
vt 0.471563 0.845938
vt 0.471563 0.845938
vt 0.471563 0.845938
vt 0.719565 0.845399
vt 0.719565 0.845399
vt 0.719565 0.845399
vt 0.719565 0.845399
vt 0.782876 0.845486
vt 0.782876 0.845486
vt 0.782876 0.845486
vt 0.782876 0.845486
vt 0.782876 0.845486
vt 0.782876 0.845486
vt 0.782876 0.845486
vt 0.782876 0.845486
vt 0.782876 0.845486
vt 0.782876 0.845486
vt 0.782876 0.845486
vt 0.845094 0.846009
vt 0.845094 0.846009
vt 0.845094 0.846009
vt 0.845094 0.846009
vt 0.845094 0.846009
vt 0.845094 0.846009
vt 0.719565 0.845399
vt 0.719565 0.845399
vt 0.719565 0.845399
vt 0.471563 0.845937
vt 0.471563 0.845937
vt 0.471562 0.845937
vt 0.471562 0.845937
vt 0.471562 0.845937
vt 0.471562 0.845937
vt 0.471562 0.845937
vt 0.471562 0.845937
vt 0.471563 0.845937
vt 0.471563 0.845937
vt 0.471563 0.845937
vt 0.471563 0.845937
vt 0.471563 0.845937
vt 0.471563 0.845937
vt 0.471563 0.845937
vt 0.471563 0.845937
vt 0.471563 0.845937
vt 0.471563 0.845937
vt 0.471563 0.845937
vt 0.471563 0.845937
vt 0.471562 0.845937
vt 0.471562 0.845937
vt 0.471562 0.845937
vt 0.471563 0.845937
vt 0.471563 0.845937
vt 0.471563 0.845937
vt 0.471563 0.845938
vt 0.471563 0.845938
vt 0.782876 0.845486
vt 0.782876 0.845486
vt 0.471562 0.845937
vt 0.471562 0.845937
vt 0.471563 0.845937
vt 0.471563 0.845937
vt 0.719565 0.845399
vt 0.845094 0.846009
vt 0.845094 0.846009
vt 0.845094 0.846009
vt 0.845094 0.846009
vt 0.845094 0.846009
vt 0.845094 0.846009
vt 0.845094 0.846009
vt 0.845094 0.846009
vt 0.845094 0.846009
vt 0.845094 0.846009
vt 0.845094 0.846009
vt 0.845094 0.846009
vt 0.719565 0.845399
vt 0.719565 0.845399
vt 0.719565 0.845399
vt 0.845094 0.846009
vt 0.845094 0.846009
vt 0.719565 0.845399
vt 0.471563 0.845938
vt 0.471563 0.845938
vt 0.471563 0.845938
vt 0.471563 0.845938
vt 0.471562 0.845938
vt 0.471562 0.845938
vt 0.471563 0.845938
vt 0.471563 0.845938
vt 0.471563 0.845938
vt 0.471563 0.845938
vt 0.471563 0.845938
vt 0.471563 0.845938
vt 0.471562 0.845938
vt 0.471562 0.845938
vt 0.471563 0.845938
vt 0.471563 0.845938
vt 0.471563 0.845938
vt 0.471563 0.845938
vt 0.471562 0.845938
vt 0.471562 0.845938
vt 0.471562 0.845938
vt 0.471562 0.845938
vt 0.471562 0.845938
vt 0.471562 0.845938
vt 0.471562 0.845938
vt 0.471562 0.845938
vt 0.471563 0.845938
vt 0.471563 0.845938
vt 0.471563 0.845938
vt 0.471563 0.845938
vt 0.471563 0.845938
vt 0.471563 0.845938
vt 0.471563 0.845938
vt 0.471563 0.845938
vt 0.471562 0.845938
vt 0.471562 0.845938
vt 0.471562 0.845938
vt 0.471562 0.845938
vt 0.471563 0.845938
vt 0.471563 0.845938
vt 0.471563 0.845938
vt 0.471563 0.845938
vt 0.471563 0.845938
vt 0.471563 0.845938
vt 0.471562 0.845938
vt 0.471562 0.845938
vt 0.471563 0.845938
vt 0.471563 0.845938
vt 0.471562 0.845938
vt 0.471562 0.845938
vt 0.471563 0.845938
vt 0.471563 0.845938
vt 0.532465 0.845105
vt 0.532465 0.845105
vt 0.532465 0.845105
vt 0.532465 0.845105
vt 0.532465 0.845105
vt 0.532465 0.845105
vt 0.532465 0.845105
vt 0.532465 0.845105
vt 0.344845 0.844110
vt 0.344845 0.844111
vt 0.344848 0.844111
vt 0.344848 0.844110
vt 0.344845 0.844111
vt 0.344845 0.844111
vt 0.344848 0.844111
vt 0.344848 0.844111
vt 0.532465 0.845105
vt 0.532465 0.845105
vt 0.532465 0.845105
vt 0.532465 0.845105
vt 0.532465 0.845105
vt 0.532465 0.845105
vt 0.532465 0.845105
vt 0.471562 0.845937
vt 0.471562 0.845937
vt 0.471562 0.845938
vt 0.471562 0.845938
vt 0.471562 0.845938
vt 0.471563 0.845938
vt 0.471563 0.845938
vt 0.471563 0.845938
vt 0.471563 0.845938
vt 0.471563 0.845938
vt 0.471563 0.845938
vt 0.471563 0.845938
vt 0.471563 0.845937
vt 0.471563 0.845937
vt 0.471563 0.845937
vt 0.471563 0.845937
vt 0.471563 0.845938
vt 0.471563 0.845938
vt 0.471563 0.845938
vt 0.471563 0.845938
vt 0.471563 0.845938
vt 0.471563 0.845938
vt 0.719565 0.845399
vt 0.719565 0.845399
vt 0.719565 0.845399
vt 0.719565 0.845399
vt 0.719565 0.845399
vt 0.719565 0.845399
vt 0.719565 0.845399
vt 0.719565 0.845399
vt 0.471563 0.845938
vt 0.471563 0.845938
vt 0.471563 0.845938
vt 0.471563 0.845938
vt 0.471563 0.845938
vt 0.471563 0.845938
vt 0.471563 0.845938
vt 0.471563 0.845938
vt 0.471563 0.845937
vt 0.471563 0.845937
vt 0.471563 0.845937
vt 0.471563 0.845937
vt 0.471563 0.845938
vt 0.471563 0.845938
vt 0.471563 0.845938
vt 0.471563 0.845938
vt 0.471563 0.845938
vt 0.471563 0.845938
vt 0.471563 0.845938
vt 0.471563 0.845938
vt 0.471563 0.845938
vt 0.471563 0.845938
vt 0.719565 0.845399
vt 0.719565 0.845399
vt 0.782876 0.845486
vt 0.782876 0.845486
vt 0.782876 0.845486
vt 0.782876 0.845486
vt 0.782876 0.845486
vt 0.782876 0.845486
vt 0.782876 0.845486
vt 0.782876 0.845486
vt 0.782876 0.845486
vt 0.845094 0.846009
vt 0.845094 0.846009
vt 0.845094 0.846009
vt 0.845094 0.846009
vt 0.845094 0.846009
vt 0.845094 0.846009
vt 0.719565 0.845399
vt 0.719565 0.845399
vt 0.719565 0.845399
vt 0.471563 0.845937
vt 0.471562 0.845937
vt 0.471562 0.845937
vt 0.471563 0.845937
vt 0.471562 0.845937
vt 0.471562 0.845937
vt 0.471562 0.845937
vt 0.471562 0.845937
vt 0.471563 0.845937
vt 0.471563 0.845937
vt 0.471563 0.845937
vt 0.471563 0.845937
vt 0.471563 0.845937
vt 0.471563 0.845937
vt 0.471563 0.845937
vt 0.471563 0.845937
vt 0.471563 0.845937
vt 0.471563 0.845937
vt 0.471563 0.845937
vt 0.471562 0.845937
vt 0.471562 0.845937
vt 0.471563 0.845937
vt 0.471562 0.845937
vt 0.471563 0.845937
vt 0.471563 0.845937
vt 0.471563 0.845937
vt 0.471562 0.845937
vt 0.471562 0.845937
vt 0.471563 0.845937
vt 0.471563 0.845937
vt 0.719565 0.845399
vt 0.845094 0.846009
vt 0.845094 0.846009
vt 0.845094 0.846009
vt 0.845094 0.846009
vt 0.845094 0.846009
vt 0.845094 0.846009
vt 0.845094 0.846009
vt 0.845094 0.846009
vt 0.845094 0.846009
vt 0.845094 0.846009
vt 0.719565 0.845399
vt 0.719565 0.845399
vt 0.719565 0.845399
vt 0.845094 0.846009
vt 0.845094 0.846009
vt 0.719565 0.845399
vt 0.471563 0.845938
vt 0.471563 0.845938
vt 0.471563 0.845938
vt 0.471563 0.845938
vt 0.471562 0.845938
vt 0.471563 0.845938
vt 0.471563 0.845938
vt 0.471562 0.845938
vt 0.471563 0.845938
vt 0.471563 0.845938
vt 0.471563 0.845938
vt 0.471563 0.845938
vt 0.471562 0.845938
vt 0.471562 0.845938
vt 0.471563 0.845938
vt 0.471563 0.845938
vt 0.471563 0.845938
vt 0.471563 0.845938
vt 0.471562 0.845938
vt 0.471562 0.845938
vt 0.471562 0.845938
vt 0.471562 0.845938
vt 0.471562 0.845938
vt 0.471562 0.845938
vt 0.471562 0.845938
vt 0.471562 0.845938
vt 0.471563 0.845938
vt 0.471563 0.845938
vt 0.471563 0.845938
vt 0.471563 0.845938
vt 0.471563 0.845938
vt 0.471563 0.845938
vt 0.471563 0.845938
vt 0.471563 0.845938
vt 0.471562 0.845938
vt 0.471562 0.845938
vt 0.471562 0.845938
vt 0.471562 0.845938
vt 0.471563 0.845938
vt 0.471563 0.845938
vt 0.471563 0.845938
vt 0.471563 0.845938
vt 0.471563 0.845938
vt 0.471562 0.845938
vt 0.471562 0.845938
vt 0.471563 0.845938
vt 0.471563 0.845938
vt 0.471563 0.845938
vt 0.471562 0.845938
vt 0.471562 0.845938
vt 0.471563 0.845938
vt 0.471563 0.845938
vt 0.532465 0.845105
vt 0.532465 0.845105
vt 0.532465 0.845105
vt 0.532465 0.845105
vt 0.532465 0.845105
vt 0.532465 0.845105
vt 0.532465 0.845105
vt 0.532465 0.845105
vt 0.344845 0.844110
vt 0.344848 0.844110
vt 0.344848 0.844111
vt 0.344845 0.844111
vt 0.344845 0.844111
vt 0.344848 0.844111
vt 0.344848 0.844111
vt 0.344845 0.844111
vt 0.344852 0.844105
vt 0.344852 0.844105
vt 0.532465 0.845105
vt 0.532465 0.845105
vt 0.532465 0.845105
vt 0.532465 0.845105
vt 0.532465 0.845105
vt 0.532465 0.845105
vt 0.471562 0.845937
vt 0.471562 0.845937
vt 0.471562 0.845938
vt 0.471562 0.845938
vt 0.471562 0.845938
vt 0.471563 0.845938
vt 0.471563 0.845938
vt 0.471563 0.845938
vt 0.471563 0.845938
vt 0.471563 0.845938
vt 0.471563 0.845938
vt 0.471563 0.845938
vt 0.471563 0.845938
vt 0.471563 0.845938
vt 0.471563 0.845938
vt 0.471563 0.845938
vt 0.471563 0.845937
vt 0.471563 0.845937
vt 0.471563 0.845937
vt 0.471563 0.845937
vt 0.471563 0.845938
vt 0.471563 0.845938
vt 0.471563 0.845938
vt 0.471563 0.845938
vt 0.471562 0.845938
vt 0.471562 0.845938
vt 0.471562 0.845938
vt 0.471562 0.845938
vt 0.471563 0.845937
vt 0.471563 0.845937
vt 0.471562 0.845937
vt 0.471562 0.845937
vt 0.471562 0.845937
vt 0.471562 0.845937
vt 0.471562 0.845937
vt 0.471562 0.845937
vt 0.471563 0.845938
vt 0.471563 0.845938
vt 0.471563 0.845938
vt 0.471563 0.845938
vt 0.471562 0.845937
vt 0.471562 0.845937
vt 0.471562 0.845938
vt 0.471562 0.845938
vt 0.471563 0.845937
vt 0.471563 0.845937
vt 0.471562 0.845938
vt 0.471562 0.845938
vt 0.471562 0.845937
vt 0.471562 0.845937
vt 0.471562 0.845938
vt 0.471562 0.845938
vt 0.719565 0.845399
vt 0.719565 0.845399
vt 0.719565 0.845399
vt 0.719565 0.845399
vt 0.719565 0.845399
vt 0.719565 0.845399
vt 0.719565 0.845399
vt 0.719565 0.845399
vt 0.719565 0.845399
vt 0.719565 0.845399
vt 0.719565 0.845399
vt 0.719565 0.845399
vt 0.719565 0.845399
vt 0.719565 0.845399
vt 0.471562 0.845938
vt 0.471562 0.845938
vt 0.471562 0.845937
vt 0.471562 0.845937
vt 0.719565 0.845399
vt 0.719565 0.845399
vt 0.719565 0.845399
vt 0.719565 0.845399
vt 0.719565 0.845399
vt 0.719565 0.845399
vt 0.719565 0.845399
vt 0.719565 0.845399
vt 0.844798 0.844716
vt 0.844798 0.844716
vt 0.844798 0.844716
vt 0.844798 0.844716
vt 0.719565 0.845399
vt 0.719565 0.845399
vt 0.719565 0.845399
vt 0.719565 0.845399
vt 0.719565 0.845399
vt 0.719565 0.845399
vt 0.719565 0.845399
vt 0.719565 0.845399
vt 0.719565 0.845399
vt 0.719565 0.845399
vt 0.719565 0.845399
vt 0.719565 0.845399
vt 0.471563 0.845938
vt 0.471563 0.845938
vt 0.471563 0.845938
vt 0.471563 0.845938
vt 0.471563 0.845938
vt 0.471563 0.845938
vt 0.471563 0.845938
vt 0.471563 0.845938
vt 0.471563 0.845938
vt 0.471563 0.845938
vt 0.471563 0.845938
vt 0.471563 0.845938
vt 0.471562 0.845938
vt 0.471562 0.845938
vt 0.471562 0.845938
vt 0.471562 0.845938
vt 0.471562 0.845938
vt 0.471562 0.845938
vt 0.471562 0.845938
vt 0.471562 0.845938
vt 0.471562 0.845938
vt 0.471562 0.845938
vt 0.471562 0.845938
vt 0.471562 0.845938
vt 0.471562 0.845938
vt 0.471562 0.845938
vt 0.719565 0.845399
vt 0.719565 0.845399
vt 0.719565 0.845399
vt 0.719565 0.845399
vt 0.719565 0.845399
vt 0.719565 0.845399
vt 0.471562 0.845938
vt 0.471562 0.845938
vt 0.471563 0.845938
vt 0.471563 0.845938
vt 0.844798 0.844716
vt 0.844798 0.844716
vt 0.844798 0.844716
vt 0.844798 0.844716
vt 0.719565 0.845399
vt 0.719565 0.845399
vt 0.471563 0.845937
vt 0.471563 0.845937
vt 0.719565 0.845399
vt 0.719565 0.845399
vt 0.719565 0.845399
vt 0.719565 0.845399
vt 0.471562 0.845937
vt 0.471562 0.845937
vt 0.471563 0.845937
vt 0.471563 0.845937
vt 0.784798 0.844716
vt 0.784798 0.844716
vt 0.784798 0.844716
vt 0.784798 0.844716
vt 0.784798 0.844716
vt 0.784798 0.844716
vt 0.784798 0.844716
vt 0.784798 0.844716
vt 0.784798 0.844716
vt 0.784798 0.844716
vt 0.784798 0.844716
vt 0.784798 0.844716
vt 0.784798 0.844716
vt 0.784798 0.844716
vt 0.784798 0.844716
vt 0.784798 0.844716
vt 0.344842 0.844107
vt 0.344840 0.844107
vt 0.344840 0.844107
vt 0.344842 0.844107
vt 0.344842 0.844107
vt 0.344840 0.844107
vt 0.344840 0.844106
vt 0.344840 0.844106
vt 0.344839 0.844104
vt 0.344839 0.844105
vt 0.344840 0.844106
vt 0.344840 0.844107
vt 0.344840 0.844107
vt 0.344842 0.844107
vt 0.344839 0.844106
vt 0.344840 0.844106
vt 0.471563 0.845938
vt 0.471563 0.845938
vt 0.471563 0.845938
vt 0.471563 0.845938
vt 0.471563 0.845938
vt 0.471563 0.845938
vt 0.471563 0.845937
vt 0.471563 0.845937
vt 0.471563 0.845937
vt 0.471563 0.845937
vt 0.471563 0.845938
vt 0.471563 0.845938
vt 0.471563 0.845938
vt 0.471563 0.845938
vt 0.471562 0.845938
vt 0.471562 0.845938
vt 0.471562 0.845938
vt 0.471562 0.845938
vt 0.471563 0.845937
vt 0.471563 0.845937
vt 0.471562 0.845937
vt 0.471562 0.845937
vt 0.471562 0.845937
vt 0.471562 0.845937
vt 0.471562 0.845937
vt 0.471562 0.845937
vt 0.471563 0.845938
vt 0.471563 0.845938
vt 0.471562 0.845937
vt 0.471562 0.845937
vt 0.471562 0.845938
vt 0.471562 0.845938
vt 0.471563 0.845937
vt 0.471563 0.845937
vt 0.471562 0.845938
vt 0.471562 0.845938
vt 0.471562 0.845937
vt 0.471562 0.845937
vt 0.719565 0.845399
vt 0.719565 0.845399
vt 0.719565 0.845399
vt 0.719565 0.845399
vt 0.719565 0.845399
vt 0.719565 0.845399
vt 0.719565 0.845399
vt 0.719565 0.845399
vt 0.719565 0.845399
vt 0.719565 0.845399
vt 0.719565 0.845399
vt 0.719565 0.845399
vt 0.719565 0.845399
vt 0.719565 0.845399
vt 0.471562 0.845938
vt 0.471562 0.845938
vt 0.471562 0.845937
vt 0.471562 0.845937
vt 0.719565 0.845399
vt 0.719565 0.845399
vt 0.719565 0.845399
vt 0.719565 0.845399
vt 0.719565 0.845399
vt 0.719565 0.845399
vt 0.844798 0.844716
vt 0.844798 0.844716
vt 0.719565 0.845399
vt 0.719565 0.845399
vt 0.719565 0.845399
vt 0.719565 0.845399
vt 0.719565 0.845399
vt 0.719565 0.845399
vt 0.719565 0.845399
vt 0.719565 0.845399
vt 0.719565 0.845399
vt 0.719565 0.845399
vt 0.471563 0.845938
vt 0.471563 0.845938
vt 0.471563 0.845938
vt 0.471563 0.845938
vt 0.471563 0.845938
vt 0.471563 0.845938
vt 0.471563 0.845938
vt 0.471563 0.845938
vt 0.471563 0.845938
vt 0.471563 0.845938
vt 0.471562 0.845938
vt 0.471562 0.845938
vt 0.471562 0.845938
vt 0.471562 0.845938
vt 0.471562 0.845938
vt 0.471562 0.845938
vt 0.471562 0.845938
vt 0.471562 0.845938
vt 0.471562 0.845938
vt 0.471562 0.845938
vt 0.471562 0.845938
vt 0.471562 0.845938
vt 0.719565 0.845399
vt 0.719565 0.845399
vt 0.471563 0.845938
vt 0.471563 0.845938
vt 0.844798 0.844716
vt 0.844798 0.844716
vt 0.844798 0.844716
vt 0.844798 0.844716
vt 0.719565 0.845399
vt 0.719565 0.845399
vt 0.471563 0.845937
vt 0.471563 0.845937
vt 0.719565 0.845399
vt 0.719565 0.845399
vt 0.719565 0.845399
vt 0.719565 0.845399
vt 0.471562 0.845937
vt 0.471562 0.845937
vt 0.471563 0.845937
vt 0.471563 0.845937
vt 0.784798 0.844716
vt 0.784798 0.844716
vt 0.784798 0.844716
vt 0.784798 0.844716
vt 0.784798 0.844716
vt 0.784798 0.844716
vt 0.784798 0.844716
vt 0.784798 0.844716
vt 0.784798 0.844716
vt 0.784798 0.844716
vt 0.784798 0.844716
vt 0.784798 0.844716
vt 0.344840 0.844107
vt 0.344840 0.844107
vt 0.344840 0.844107
vt 0.344840 0.844106
vt 0.344840 0.844106
vt 0.344839 0.844104
vt 0.344839 0.844105
vt 0.344840 0.844106
vt 0.344840 0.844107
vt 0.344840 0.844107
vt 0.344839 0.844106
vt 0.344840 0.844106
vt 0.471563 0.845938
vt 0.471563 0.845938
vt 0.471563 0.845938
vt 0.471563 0.845938
vt 0.471563 0.845938
vt 0.471563 0.845938
vt 0.471563 0.845938
vt 0.471563 0.845938
vt 0.471563 0.845937
vt 0.471563 0.845937
vt 0.471563 0.845937
vt 0.471563 0.845937
vt 0.471563 0.845938
vt 0.471563 0.845938
vt 0.471563 0.845938
vt 0.471563 0.845938
vt 0.471562 0.845938
vt 0.471562 0.845938
vt 0.471562 0.845938
vt 0.471562 0.845938
vt 0.471563 0.845937
vt 0.471563 0.845937
vt 0.471562 0.845937
vt 0.471562 0.845937
vt 0.471562 0.845937
vt 0.471562 0.845937
vt 0.471562 0.845937
vt 0.471562 0.845937
vt 0.471563 0.845938
vt 0.471563 0.845938
vt 0.471563 0.845938
vt 0.471563 0.845938
vt 0.471562 0.845937
vt 0.471562 0.845937
vt 0.471562 0.845938
vt 0.471562 0.845938
vt 0.471563 0.845937
vt 0.471563 0.845937
vt 0.471562 0.845938
vt 0.471562 0.845938
vt 0.471562 0.845937
vt 0.471562 0.845937
vt 0.471562 0.845938
vt 0.471562 0.845938
vt 0.719565 0.845399
vt 0.719565 0.845399
vt 0.719565 0.845399
vt 0.719565 0.845399
vt 0.719565 0.845399
vt 0.719565 0.845399
vt 0.719565 0.845399
vt 0.719565 0.845399
vt 0.719565 0.845399
vt 0.719565 0.845399
vt 0.719565 0.845399
vt 0.719565 0.845399
vt 0.471562 0.845938
vt 0.471562 0.845938
vt 0.719565 0.845399
vt 0.719565 0.845399
vt 0.719565 0.845399
vt 0.719565 0.845399
vt 0.719565 0.845399
vt 0.719565 0.845399
vt 0.844798 0.844716
vt 0.844798 0.844716
vt 0.844798 0.844716
vt 0.844798 0.844716
vt 0.719565 0.845399
vt 0.719565 0.845399
vt 0.719565 0.845399
vt 0.719565 0.845399
vt 0.719565 0.845399
vt 0.719565 0.845399
vt 0.719565 0.845399
vt 0.719565 0.845399
vt 0.719565 0.845399
vt 0.719565 0.845399
vt 0.719565 0.845399
vt 0.719565 0.845399
vt 0.471563 0.845938
vt 0.471563 0.845938
vt 0.471563 0.845938
vt 0.471563 0.845938
vt 0.471563 0.845938
vt 0.471563 0.845938
vt 0.471563 0.845938
vt 0.471563 0.845938
vt 0.471563 0.845938
vt 0.471563 0.845938
vt 0.471563 0.845938
vt 0.471563 0.845938
vt 0.471562 0.845938
vt 0.471562 0.845938
vt 0.471562 0.845938
vt 0.471562 0.845938
vt 0.471562 0.845938
vt 0.471562 0.845938
vt 0.471562 0.845938
vt 0.471562 0.845938
vt 0.471562 0.845938
vt 0.471562 0.845938
vt 0.471562 0.845938
vt 0.471562 0.845938
vt 0.719565 0.845399
vt 0.719565 0.845399
vt 0.719565 0.845399
vt 0.719565 0.845399
vt 0.719565 0.845399
vt 0.719565 0.845399
vt 0.471562 0.845938
vt 0.471562 0.845938
vt 0.844798 0.844716
vt 0.844798 0.844716
vt 0.719565 0.845399
vt 0.719565 0.845399
vt 0.784798 0.844716
vt 0.784798 0.844716
vt 0.784798 0.844716
vt 0.784798 0.844716
vt 0.784798 0.844716
vt 0.784798 0.844716
vt 0.784798 0.844716
vt 0.784798 0.844716
vt 0.784798 0.844716
vt 0.784798 0.844716
vt 0.784798 0.844716
vt 0.784798 0.844716
vt 0.344842 0.844107
vt 0.344840 0.844107
vt 0.344842 0.844107
vt 0.344840 0.844107
vt 0.344840 0.844106
vt 0.344839 0.844105
vt 0.344840 0.844106
vt 0.344840 0.844107
vt 0.344840 0.844107
vt 0.344842 0.844107
vt 0.344839 0.844106
vt 0.344840 0.844106
vt 0.471563 0.845938
vt 0.471563 0.845938
vt 0.471563 0.845938
vt 0.471563 0.845938
vt 0.471563 0.845938
vt 0.471563 0.845938
vt 0.471563 0.845937
vt 0.471563 0.845937
vt 0.471563 0.845937
vt 0.471563 0.845937
vt 0.471563 0.845938
vt 0.471563 0.845938
vt 0.471563 0.845938
vt 0.471563 0.845938
vt 0.471562 0.845938
vt 0.471562 0.845938
vt 0.471562 0.845938
vt 0.471562 0.845938
vt 0.471563 0.845937
vt 0.471563 0.845937
vt 0.471562 0.845937
vt 0.471562 0.845937
vt 0.471562 0.845937
vt 0.471562 0.845937
vt 0.471562 0.845937
vt 0.471562 0.845937
vt 0.471563 0.845938
vt 0.471563 0.845938
vt 0.471562 0.845937
vt 0.471562 0.845937
vt 0.471562 0.845938
vt 0.471562 0.845938
vt 0.471563 0.845937
vt 0.471563 0.845937
vt 0.471562 0.845938
vt 0.471562 0.845938
vt 0.471562 0.845937
vt 0.471562 0.845937
vt 0.719565 0.845399
vt 0.719565 0.845399
vt 0.719565 0.845399
vt 0.719565 0.845399
vt 0.719565 0.845399
vt 0.719565 0.845399
vt 0.719565 0.845399
vt 0.719565 0.845399
vt 0.719565 0.845399
vt 0.719565 0.845399
vt 0.719565 0.845399
vt 0.719565 0.845399
vt 0.471562 0.845938
vt 0.471562 0.845938
vt 0.719565 0.845399
vt 0.719565 0.845399
vt 0.719565 0.845399
vt 0.719565 0.845399
vt 0.844798 0.844716
vt 0.844798 0.844716
vt 0.719565 0.845399
vt 0.719565 0.845399
vt 0.719565 0.845399
vt 0.719565 0.845399
vt 0.719565 0.845399
vt 0.719565 0.845399
vt 0.719565 0.845399
vt 0.719565 0.845399
vt 0.719565 0.845399
vt 0.719565 0.845399
vt 0.471563 0.845938
vt 0.471563 0.845938
vt 0.471563 0.845938
vt 0.471563 0.845938
vt 0.471563 0.845938
vt 0.471563 0.845938
vt 0.471563 0.845938
vt 0.471563 0.845938
vt 0.471563 0.845938
vt 0.471563 0.845938
vt 0.471562 0.845938
vt 0.471562 0.845938
vt 0.471562 0.845938
vt 0.471562 0.845938
vt 0.471562 0.845938
vt 0.471562 0.845938
vt 0.471562 0.845938
vt 0.471562 0.845938
vt 0.471562 0.845938
vt 0.471562 0.845938
vt 0.719565 0.845399
vt 0.719565 0.845399
vt 0.844798 0.844716
vt 0.844798 0.844716
vt 0.719565 0.845399
vt 0.719565 0.845399
vt 0.784798 0.844716
vt 0.784798 0.844716
vt 0.784798 0.844716
vt 0.784798 0.844716
vt 0.784798 0.844716
vt 0.784798 0.844716
vt 0.784798 0.844716
vt 0.784798 0.844716
vt 0.784798 0.844716
vt 0.344840 0.844107
vt 0.344840 0.844107
vt 0.344840 0.844106
vt 0.344839 0.844105
vt 0.344840 0.844106
vt 0.344840 0.844107
vt 0.344840 0.844107
vt 0.344839 0.844106
vt 0.344840 0.844106
vt 0.908206 0.847599
vt 0.908206 0.847599
vt 0.908206 0.847599
vt 0.908206 0.847599
vt 0.908206 0.847599
vt 0.908206 0.847599
vt 0.908206 0.847599
vt 0.908206 0.847599
vt 0.908206 0.847599
vt 0.908206 0.847599
vt 0.908206 0.847599
vt 0.908206 0.847599
vt 0.908206 0.847599
vt 0.908206 0.847599
vt 0.908206 0.847599
vt 0.908206 0.847599
vt 0.908206 0.847599
vt 0.908206 0.847599
vt 0.908206 0.847599
vt 0.908206 0.847599
vt 0.908206 0.847599
vt 0.908206 0.847599
vt 0.908206 0.847599
vt 0.908206 0.847599
vt 0.908206 0.847599
vt 0.908206 0.847599
vt 0.908206 0.847599
vt 0.908206 0.847599
vt 0.908206 0.847599
vt 0.908206 0.847599
vt 0.908206 0.847599
vt 0.908206 0.847599
vt 0.908206 0.847599
vt 0.908206 0.847599
vt 0.908206 0.847599
vt 0.908206 0.847599
vt 0.908206 0.847599
vt 0.908206 0.847599
vt 0.908206 0.847599
vt 0.908206 0.847599
vt 0.908206 0.847599
vt 0.908206 0.847599
vt 0.908206 0.847599
vt 0.908206 0.847599
vt 0.908206 0.847599
vt 0.908206 0.847599
vt 0.908206 0.847599
vt 0.908206 0.847600
vt 0.908206 0.847599
vt 0.908206 0.847599
vt 0.908206 0.847600
vt 0.908206 0.847599
vt 0.908206 0.847599
vt 0.908206 0.847599
vt 0.908206 0.847599
vt 0.908206 0.847599
vt 0.908206 0.847599
vt 0.908206 0.847599
vt 0.908206 0.847599
vt 0.908206 0.847599
vt 0.908206 0.847599
vt 0.908206 0.847599
vt 0.908206 0.847599
vt 0.908206 0.847599
vt 0.908206 0.847599
vt 0.908206 0.847599
vt 0.908206 0.847599
vt 0.908206 0.847599
vt 0.908206 0.847599
vt 0.908206 0.847599
vt 0.908206 0.847599
vt 0.908206 0.847599
vt 0.908206 0.847599
vt 0.908206 0.847599
vt 0.908206 0.847599
vt 0.908206 0.847599
vt 0.908206 0.847599
vt 0.908206 0.847599
vt 0.908206 0.847599
vt 0.908206 0.847600
vt 0.908206 0.847600
vt 0.287250 0.033025
vt 0.287250 0.033025
vt 0.287250 0.033026
vt 0.287250 0.033026
vt 0.287252 0.033023
vt 0.287252 0.033024
vt 0.287253 0.033024
vt 0.287253 0.033023
vt 0.287252 0.033023
vt 0.287253 0.033023
vt 0.287252 0.033024
vt 0.287253 0.033024
vt 0.287252 0.033025
vt 0.287253 0.033025
vt 0.287251 0.033025
vt 0.287251 0.033026
vt 0.908206 0.847599
vt 0.908206 0.847599
vt 0.908206 0.847599
vt 0.908206 0.847599
vt 0.908206 0.847599
vt 0.908206 0.847599
vt 0.908206 0.847600
vt 0.908206 0.847600
vt 0.287250 0.033025
vt 0.287250 0.033026
vt 0.287249 0.033026
vt 0.287249 0.033025
vt 0.287252 0.033023
vt 0.287253 0.033023
vt 0.287253 0.033024
vt 0.287252 0.033024
vt 0.287252 0.033022
vt 0.287253 0.033022
vt 0.287253 0.033024
vt 0.287252 0.033024
vt 0.287253 0.033025
vt 0.287252 0.033025
vt 0.287251 0.033026
vt 0.287251 0.033025
vt 0.908206 0.847599
vt 0.908206 0.847599
vt 0.908206 0.847599
vt 0.908206 0.847599
vt 0.908206 0.847599
vt 0.908206 0.847599
vt 0.908206 0.847600
vt 0.908206 0.847600
vt 0.908206 0.847599
vt 0.908206 0.847599
vt 0.908206 0.847599
vt 0.908206 0.847599
vt 0.908206 0.847599
vt 0.908206 0.847599
vt 0.908206 0.847599
vt 0.908206 0.847599
vt 0.908206 0.847599
vt 0.908206 0.847599
vt 0.908206 0.847599
vt 0.908206 0.847599
vt 0.908206 0.847599
vt 0.908206 0.847599
vt 0.908206 0.847599
vt 0.908206 0.847599
vt 0.908206 0.847599
vt 0.908206 0.847599
vt 0.908206 0.847599
vt 0.908206 0.847599
vt 0.908206 0.847599
vt 0.908206 0.847599
vt 0.908206 0.847599
vt 0.908206 0.847599
vt 0.908206 0.847599
vt 0.908206 0.847599
vt 0.287249 0.033023
vt 0.287251 0.033023
vt 0.287251 0.033024
vt 0.287251 0.033024
vt 0.287251 0.033024
vt 0.287250 0.033024
vt 0.287250 0.033025
vt 0.287249 0.033025
vt 0.287249 0.033025
vt 0.287249 0.033022
vt 0.287251 0.033022
vt 0.908206 0.847599
vt 0.908206 0.847599
vt 0.908206 0.847599
vt 0.908206 0.847599
vt 0.908206 0.847599
vt 0.908206 0.847599
vt 0.908206 0.847599
vt 0.908206 0.847599
vt 0.908206 0.847599
vt 0.908206 0.847599
vt 0.908206 0.847599
vt 0.908206 0.847599
vt 0.908206 0.847599
vt 0.908206 0.847599
vt 0.908206 0.847599
vt 0.908206 0.847599
vt 0.908206 0.847599
vt 0.908206 0.847599
vt 0.908206 0.847599
vt 0.908206 0.847599
vt 0.908206 0.847599
vt 0.908206 0.847599
vt 0.908206 0.847599
vt 0.908206 0.847599
vt 0.908206 0.847599
vt 0.908206 0.847599
vt 0.908206 0.847599
vt 0.908206 0.847599
vt 0.908206 0.847599
vt 0.908206 0.847599
vt 0.908206 0.847599
vt 0.908206 0.847599
vt 0.908206 0.847599
vt 0.908206 0.847599
vt 0.908206 0.847599
vt 0.908206 0.847599
vt 0.908206 0.847599
vt 0.908206 0.847599
vt 0.908206 0.847599
vt 0.908206 0.847599
vt 0.908206 0.847599
vt 0.908206 0.847599
vt 0.908206 0.847599
vt 0.908206 0.847599
vt 0.908206 0.847599
vt 0.908206 0.847599
vt 0.908206 0.847599
vt 0.908206 0.847599
vt 0.908206 0.847599
vt 0.908206 0.847599
vt 0.908206 0.847599
vt 0.908206 0.847599
vt 0.908206 0.847599
vt 0.908206 0.847599
vt 0.908206 0.847599
vt 0.908206 0.847599
vt 0.908206 0.847599
vt 0.908206 0.847599
vt 0.908206 0.847599
vt 0.908206 0.847599
vt 0.908206 0.847599
vt 0.908206 0.847599
vt 0.908206 0.847599
vt 0.908206 0.847599
vt 0.908206 0.847599
vt 0.908206 0.847599
vt 0.908206 0.847599
vt 0.908206 0.847599
vt 0.908206 0.847599
vt 0.908206 0.847599
vt 0.908206 0.847599
vt 0.908206 0.847599
vt 0.908206 0.847599
vt 0.908206 0.847599
vt 0.908206 0.847599
vt 0.908206 0.847599
vt 0.908206 0.847599
vt 0.908206 0.847599
vt 0.908206 0.847599
vt 0.908206 0.847599
vt 0.908206 0.847599
vt 0.908206 0.847599
vt 0.908206 0.847599
vt 0.908206 0.847599
vt 0.908206 0.847599
vt 0.908206 0.847599
vt 0.908206 0.847599
vt 0.908206 0.847599
vt 0.908206 0.847599
vt 0.908206 0.847599
vt 0.908206 0.847599
vt 0.908206 0.847599
vt 0.908206 0.847599
vt 0.908206 0.847599
vt 0.908206 0.847599
vt 0.908206 0.847599
vt 0.908206 0.847599
vt 0.908206 0.847599
vt 0.908206 0.847599
vt 0.287250 0.033025
vt 0.287250 0.033025
vt 0.287252 0.033023
vt 0.287252 0.033024
vt 0.287252 0.033023
vt 0.287252 0.033024
vt 0.287252 0.033025
vt 0.287251 0.033025
vt 0.908206 0.847599
vt 0.908206 0.847599
vt 0.908206 0.847599
vt 0.908206 0.847599
vt 0.287250 0.033025
vt 0.287249 0.033025
vt 0.287252 0.033023
vt 0.287252 0.033024
vt 0.287252 0.033022
vt 0.287252 0.033024
vt 0.287252 0.033025
vt 0.287251 0.033025
vt 0.908206 0.847599
vt 0.908206 0.847599
vt 0.908206 0.847599
vt 0.908206 0.847599
vt 0.908206 0.847599
vt 0.908206 0.847599
vt 0.908206 0.847599
vt 0.908206 0.847599
vt 0.908206 0.847599
vt 0.908206 0.847599
vt 0.908206 0.847599
vt 0.908206 0.847599
vt 0.908206 0.847599
vt 0.908206 0.847599
vt 0.908206 0.847599
vt 0.908206 0.847599
vt 0.908206 0.847599
vt 0.908206 0.847599
vt 0.908206 0.847599
vt 0.908206 0.847599
vt 0.908206 0.847599
vt 0.908206 0.847599
vt 0.908206 0.847599
vt 0.908206 0.847599
vt 0.908206 0.847599
vt 0.908206 0.847599
vt 0.908206 0.847599
vt 0.908206 0.847599
vt 0.287249 0.033023
vt 0.287249 0.033025
vt 0.287249 0.033025
vt 0.287250 0.033025
vt 0.287250 0.033024
vt 0.287251 0.033024
vt 0.287251 0.033024
vt 0.287251 0.033024
vt 0.287251 0.033023
vt 0.287249 0.033022
vt 0.287251 0.033022
vt 0.908206 0.847599
vt 0.908206 0.847599
vt 0.908206 0.847599
vt 0.908206 0.847599
vt 0.908206 0.847599
vt 0.908206 0.847599
vt 0.908206 0.847599
vt 0.908206 0.847599
vt 0.908206 0.847599
vt 0.908206 0.847599
vt 0.908206 0.847599
vt 0.908206 0.847599
vt 0.908206 0.847599
vt 0.908206 0.847599
vt 0.908206 0.847599
vt 0.908206 0.847599
vt 0.908206 0.847599
vt 0.908206 0.847599
vt 0.908206 0.847599
vt 0.908206 0.847599
vt 0.908206 0.847599
vt 0.908206 0.847599
vt 0.908206 0.847599
vt 0.908206 0.847599
vt 0.909381 0.843479
vt 0.909381 0.843479
vt 0.909381 0.843479
vt 0.909381 0.843479
vt 0.532465 0.845105
vt 0.532465 0.845105
vt 0.532465 0.845105
vt 0.532465 0.845105
vt 0.909381 0.843479
vt 0.909381 0.843479
vt 0.909381 0.843479
vt 0.909381 0.843479
vt 0.909381 0.843479
vt 0.909381 0.843479
vt 0.909381 0.843479
vt 0.909381 0.843479
vt 0.909381 0.843479
vt 0.909381 0.843479
vt 0.909381 0.843479
vt 0.909381 0.843479
vt 0.909381 0.843479
vt 0.909381 0.843479
vt 0.909381 0.843479
vt 0.909381 0.843479
vt 0.909381 0.843479
vt 0.909381 0.843479
vt 0.909381 0.843479
vt 0.909381 0.843479
vt 0.909381 0.843479
vt 0.909381 0.843479
vt 0.909381 0.843479
vt 0.909381 0.843479
vt 0.909381 0.843479
vt 0.909381 0.843479
vt 0.909381 0.843479
vt 0.909381 0.843479
vt 0.909381 0.843479
vt 0.909381 0.843479
vt 0.909381 0.843479
vt 0.909381 0.843479
vt 0.909381 0.843479
vt 0.909381 0.843479
vt 0.909381 0.843479
vt 0.909381 0.843479
vt 0.909381 0.843479
vt 0.909381 0.843479
vt 0.909381 0.843479
vt 0.909381 0.843479
vt 0.909381 0.843479
vt 0.909381 0.843479
vt 0.909381 0.843479
vt 0.909381 0.843479
vt 0.909381 0.843479
vt 0.909381 0.843479
vt 0.909381 0.843479
vt 0.909381 0.843479
vt 0.909381 0.843479
vt 0.909381 0.843479
vt 0.909381 0.843479
vt 0.909381 0.843479
vt 0.532465 0.845105
vt 0.532465 0.845105
vt 0.909381 0.843479
vt 0.909381 0.843479
vt 0.909381 0.843479
vt 0.909381 0.843479
vt 0.909381 0.843479
vt 0.909381 0.843479
vt 0.909381 0.843479
vt 0.909381 0.843479
vt 0.909381 0.843479
vt 0.909381 0.843479
vt 0.909381 0.843479
vt 0.909381 0.843479
vt 0.909381 0.843479
vt 0.909381 0.843479
vt 0.909381 0.843479
vt 0.909381 0.843479
vt 0.909381 0.843479
vt 0.909381 0.843479
vt 0.909381 0.843479
vt 0.909381 0.843479
vt 0.408724 0.846252
vt 0.408724 0.846252
vt 0.408724 0.846252
vt 0.408724 0.846252
vt 0.408724 0.846252
vt 0.408724 0.846252
vt 0.408724 0.846252
vt 0.408724 0.846252
vt 0.408724 0.846252
vt 0.408724 0.846252
vt 0.408724 0.846252
vt 0.408724 0.846252
vt 0.408724 0.846252
vt 0.408724 0.846252
vt 0.408724 0.846252
vt 0.408724 0.846252
vt 0.408724 0.846252
vt 0.408724 0.846252
vt 0.408724 0.846252
vt 0.408724 0.846252
vt 0.408724 0.846252
vt 0.408724 0.846252
vt 0.408724 0.846252
vt 0.408724 0.846252
vt 0.408724 0.846252
vt 0.408724 0.846252
vt 0.408724 0.846252
vt 0.408724 0.846252
vt 0.408724 0.846252
vt 0.408724 0.846252
vt 0.408724 0.846252
vt 0.408724 0.846252
vt 0.408724 0.846252
vt 0.408724 0.846252
vt 0.408724 0.846252
vt 0.408724 0.846252
vt 0.408724 0.846252
vt 0.408724 0.846252
vt 0.408724 0.846252
vt 0.408724 0.846252
vt 0.408724 0.846252
vt 0.408724 0.846252
vt 0.408724 0.846252
vt 0.408724 0.846252
vt 0.408724 0.846252
vt 0.408724 0.846252
vt 0.408724 0.846252
vt 0.408724 0.846252
vt 0.909381 0.843479
vt 0.909381 0.843479
vt 0.909381 0.843479
vt 0.909381 0.843479
vt 0.909381 0.843479
vt 0.909381 0.843479
vt 0.909381 0.843479
vt 0.909381 0.843479
vt 0.909381 0.843479
vt 0.909381 0.843479
vt 0.909381 0.843479
vt 0.909381 0.843479
vt 0.909381 0.843479
vt 0.909381 0.843479
vt 0.909381 0.843479
vt 0.909381 0.843479
vt 0.909381 0.843479
vt 0.909381 0.843479
vt 0.909381 0.843479
vt 0.909381 0.843479
vt 0.909381 0.843479
vt 0.909381 0.843479
vt 0.909381 0.843479
vt 0.909381 0.843479
vt 0.283414 0.033518
vt 0.283416 0.033518
vt 0.283416 0.033519
vt 0.283414 0.033519
vt 0.283416 0.033519
vt 0.283414 0.033519
vt 0.283416 0.033519
vt 0.283414 0.033520
vt 0.283413 0.033522
vt 0.283413 0.033520
vt 0.283412 0.033522
vt 0.283412 0.033520
vt 0.283412 0.033522
vt 0.283412 0.033520
vt 0.909381 0.843479
vt 0.909381 0.843479
vt 0.909381 0.843479
vt 0.909381 0.843479
vt 0.909381 0.843479
vt 0.909381 0.843479
vt 0.909381 0.843479
vt 0.909381 0.843479
vt 0.909381 0.843479
vt 0.909381 0.843479
vt 0.909381 0.843479
vt 0.909381 0.843479
vt 0.909381 0.843479
vt 0.909381 0.843479
vt 0.909381 0.843479
vt 0.909381 0.843479
vt 0.909381 0.843479
vt 0.909381 0.843479
vt 0.909381 0.843479
vt 0.909381 0.843479
vt 0.909381 0.843479
vt 0.909381 0.843479
vt 0.909381 0.843479
vt 0.909381 0.843479
vt 0.909381 0.843479
vt 0.909381 0.843479
vt 0.909381 0.843479
vt 0.909381 0.843479
vt 0.909381 0.843479
vt 0.909381 0.843479
vt 0.909381 0.843479
vt 0.909381 0.843479
vt 0.909381 0.843479
vt 0.909381 0.843479
vt 0.909381 0.843479
vt 0.909381 0.843479
vt 0.909381 0.843479
vt 0.909381 0.843479
vt 0.909381 0.843479
vt 0.909381 0.843479
vt 0.909381 0.843479
vt 0.909381 0.843479
vt 0.283412 0.033518
vt 0.283414 0.033518
vt 0.283414 0.033519
vt 0.283414 0.033519
vt 0.283413 0.033519
vt 0.283413 0.033519
vt 0.283412 0.033519
vt 0.283412 0.033519
vt 0.283412 0.033512
vt 0.283412 0.033512
vt 0.283413 0.033512
vt 0.283413 0.033512
vt 0.283414 0.033512
vt 0.283414 0.033513
vt 0.283414 0.033513
vt 0.283412 0.033513
vt 0.909381 0.843479
vt 0.909381 0.843479
vt 0.909381 0.843479
vt 0.909381 0.843479
vt 0.909381 0.843479
vt 0.909381 0.843479
vt 0.909381 0.843479
vt 0.909381 0.843479
vt 0.909381 0.843479
vt 0.909381 0.843479
vt 0.909381 0.843479
vt 0.909381 0.843479
vt 0.909381 0.843479
vt 0.909381 0.843479
vt 0.909381 0.843479
vt 0.909381 0.843479
vt 0.909381 0.843479
vt 0.909381 0.843479
vt 0.909381 0.843479
vt 0.909381 0.843479
vt 0.909381 0.843479
vt 0.909381 0.843479
vt 0.909381 0.843479
vt 0.909381 0.843479
vt 0.909381 0.843479
vt 0.909381 0.843479
vt 0.909381 0.843479
vt 0.909381 0.843479
vt 0.909381 0.843479
vt 0.909381 0.843479
vt 0.909381 0.843479
vt 0.909381 0.843479
vt 0.909381 0.843479
vt 0.909381 0.843479
vt 0.909381 0.843479
vt 0.909381 0.843479
vt 0.909381 0.843479
vt 0.909381 0.843479
vt 0.909505 0.846634
vt 0.909506 0.846634
vt 0.909506 0.846634
vt 0.909505 0.846634
vt 0.909505 0.846634
vt 0.909505 0.846634
vt 0.909505 0.846634
vt 0.909505 0.846634
vt 0.909505 0.846634
vt 0.909505 0.846634
vt 0.909505 0.846634
vt 0.909505 0.846634
vt 0.909505 0.846635
vt 0.909505 0.846635
vt 0.909505 0.846635
vt 0.909505 0.846635
vt 0.909506 0.846634
vt 0.909505 0.846634
vt 0.909506 0.846634
vt 0.909505 0.846634
vt 0.909505 0.846635
vt 0.909505 0.846635
vt 0.909505 0.846635
vt 0.909505 0.846635
vt 0.909505 0.846634
vt 0.909505 0.846634
vt 0.909505 0.846634
vt 0.909505 0.846634
vt 0.909505 0.846634
vt 0.909505 0.846634
vt 0.909505 0.846634
vt 0.909505 0.846634
vt 0.909505 0.846634
vt 0.909505 0.846634
vt 0.909505 0.846634
vt 0.909505 0.846634
vt 0.909505 0.846634
vt 0.909505 0.846634
vt 0.909505 0.846634
vt 0.909505 0.846634
vt 0.909505 0.846634
vt 0.909505 0.846634
vt 0.909505 0.846634
vt 0.909505 0.846634
vt 0.909505 0.846634
vt 0.909505 0.846634
vt 0.909505 0.846634
vt 0.909505 0.846634
vt 0.909505 0.846634
vt 0.909505 0.846634
vt 0.909505 0.846634
vt 0.909505 0.846634
vt 0.909505 0.846634
vt 0.909505 0.846634
vt 0.909505 0.846635
vt 0.909505 0.846635
vt 0.909505 0.846635
vt 0.909505 0.846635
vt 0.909505 0.846634
vt 0.909505 0.846635
vt 0.909505 0.846635
vt 0.909505 0.846634
vt 0.909505 0.846634
vt 0.909505 0.846634
vt 0.909505 0.846634
vt 0.909505 0.846634
vt 0.909505 0.846634
vt 0.909505 0.846635
vt 0.909505 0.846634
vt 0.909505 0.846634
vt 0.909505 0.846634
vt 0.909505 0.846634
vt 0.909505 0.846634
vt 0.909505 0.846635
vt 0.909505 0.846635
vt 0.909505 0.846635
vt 0.909505 0.846635
vt 0.909505 0.846635
vt 0.909505 0.846634
vt 0.909505 0.846634
vt 0.909505 0.846635
vt 0.909505 0.846635
vt 0.909505 0.846635
vt 0.909505 0.846635
vt 0.909505 0.846634
vt 0.909505 0.846634
vt 0.909505 0.846634
vt 0.909505 0.846634
vt 0.909505 0.846635
vt 0.909505 0.846634
vt 0.909505 0.846635
vt 0.909505 0.846635
vt 0.909505 0.846634
vt 0.909505 0.846634
vt 0.909505 0.846635
vt 0.909505 0.846635
vt 0.909505 0.846635
vt 0.909505 0.846635
vt 0.909505 0.846634
vt 0.909505 0.846634
vt 0.909505 0.846635
vt 0.909505 0.846635
vt 0.909505 0.846634
vt 0.909505 0.846634
vt 0.909505 0.846634
vt 0.909505 0.846634
vt 0.909505 0.846634
vt 0.909505 0.846634
vt 0.909505 0.846634
vt 0.909505 0.846634
vt 0.909505 0.846634
vt 0.909505 0.846634
vt 0.909505 0.846634
vt 0.909505 0.846634
vt 0.909505 0.846634
vt 0.909505 0.846634
vt 0.909505 0.846634
vt 0.909505 0.846634
vt 0.909505 0.846634
vt 0.909505 0.846634
vt 0.909505 0.846634
vt 0.909505 0.846634
vt 0.909505 0.846634
vt 0.909505 0.846634
vt 0.909505 0.846634
vt 0.909505 0.846634
vt 0.909505 0.846634
vt 0.909505 0.846634
vt 0.909505 0.846634
vt 0.909505 0.846634
vt 0.909505 0.846634
vt 0.909505 0.846634
vt 0.909505 0.846634
vt 0.909505 0.846634
vt 0.909505 0.846634
vt 0.909505 0.846634
vt 0.909505 0.846634
vt 0.909505 0.846634
vt 0.909505 0.846634
vt 0.909505 0.846634
vt 0.909505 0.846634
vt 0.909505 0.846634
vt 0.284530 0.030964
vt 0.284530 0.030964
vt 0.284530 0.030964
vt 0.284530 0.030964
vt 0.284530 0.030964
vt 0.284530 0.030964
vt 0.284530 0.030964
vt 0.284530 0.030964
vt 0.284530 0.030963
vt 0.284530 0.030963
vt 0.284530 0.030963
vt 0.284530 0.030963
vt 0.284530 0.030963
vt 0.284530 0.030964
vt 0.284530 0.030964
vt 0.284530 0.030964
vt 0.284530 0.030964
vt 0.284530 0.030963
vt 0.284530 0.030964
vt 0.284530 0.030964
vt 0.909505 0.846634
vt 0.909505 0.846634
vt 0.909505 0.846634
vt 0.909505 0.846634
vt 0.909505 0.846634
vt 0.909505 0.846634
vt 0.909505 0.846634
vt 0.909505 0.846634
vt 0.909505 0.846634
vt 0.909505 0.846634
vt 0.909505 0.846634
vt 0.909505 0.846634
vt 0.909505 0.846634
vt 0.909505 0.846634
vt 0.909505 0.846634
vt 0.909505 0.846634
vt 0.909505 0.846634
vt 0.909505 0.846634
vt 0.909505 0.846634
vt 0.909505 0.846634
vt 0.909505 0.846634
vt 0.909505 0.846634
vt 0.909505 0.846634
vt 0.909505 0.846634
vt 0.909505 0.846634
vt 0.909505 0.846634
vt 0.909505 0.846634
vt 0.909505 0.846634
vt 0.909505 0.846634
vt 0.909505 0.846634
vt 0.909505 0.846634
vt 0.909505 0.846634
vt 0.909505 0.846634
vt 0.909505 0.846634
vt 0.909505 0.846634
vt 0.909505 0.846634
vt 0.909505 0.846634
vt 0.909505 0.846634
vt 0.909505 0.846634
vt 0.909505 0.846634
vt 0.909505 0.846634
vt 0.909505 0.846634
vt 0.909505 0.846634
vt 0.909505 0.846634
vt 0.284530 0.030964
vt 0.284530 0.030964
vt 0.284530 0.030964
vt 0.284530 0.030964
vt 0.284530 0.030964
vt 0.284530 0.030964
vt 0.284530 0.030964
vt 0.284530 0.030964
vt 0.284530 0.030964
vt 0.284530 0.030964
vt 0.284530 0.030964
vt 0.284530 0.030964
vt 0.284530 0.030964
vt 0.284530 0.030964
vt 0.909505 0.846634
vt 0.909505 0.846634
vt 0.284530 0.030964
vt 0.284530 0.030964
vt 0.909505 0.846634
vt 0.909505 0.846634
vt 0.909505 0.846634
vt 0.909505 0.846634
vt 0.909505 0.846634
vt 0.909505 0.846634
vt 0.909505 0.846634
vt 0.909505 0.846634
vt 0.909505 0.846634
vt 0.909505 0.846634
vt 0.909505 0.846634
vt 0.909505 0.846634
vt 0.909505 0.846634
vt 0.909505 0.846634
vt 0.909505 0.846634
vt 0.909505 0.846634
vt 0.909505 0.846634
vt 0.909505 0.846634
vt 0.594742 0.844891
vt 0.594742 0.844891
vt 0.594742 0.844891
vt 0.594742 0.844891
vt 0.594742 0.844891
vt 0.594742 0.844891
vt 0.594742 0.844891
vt 0.594742 0.844891
vt 0.594742 0.844891
vt 0.594742 0.844891
vt 0.594742 0.844891
vt 0.594742 0.844891
vt 0.594742 0.844891
vt 0.594742 0.844891
vt 0.594742 0.844891
vt 0.594742 0.844891
vt 0.594742 0.844891
vt 0.594742 0.844891
vt 0.594742 0.844891
vt 0.594742 0.844891
vt 0.594742 0.844891
vt 0.594742 0.844891
vt 0.594742 0.844891
vt 0.594742 0.844891
vt 0.594742 0.844891
vt 0.594742 0.844891
vt 0.594742 0.844891
vt 0.594742 0.844891
vt 0.594742 0.844891
vt 0.594742 0.844891
vt 0.594742 0.844891
vt 0.594742 0.844891
vt 0.594742 0.844891
vt 0.594742 0.844891
vt 0.594742 0.844891
vt 0.594742 0.844891
vt 0.594742 0.844891
vt 0.594742 0.844891
vt 0.594742 0.844891
vt 0.594742 0.844891
vt 0.594742 0.844891
vt 0.594742 0.844891
vt 0.594742 0.844891
vt 0.594742 0.844891
vt 0.594742 0.844891
vt 0.594742 0.844891
vt 0.594742 0.844891
vt 0.594742 0.844891
vt 0.594742 0.844891
vt 0.594742 0.844891
vt 0.408724 0.846252
vt 0.408724 0.846252
vt 0.408724 0.846252
vt 0.408724 0.846252
vt 0.408724 0.846252
vt 0.408724 0.846252
vt 0.408724 0.846252
vt 0.408724 0.846252
vt 0.408724 0.846252
vt 0.408724 0.846252
vt 0.408724 0.846252
vt 0.408724 0.846252
vt 0.408724 0.846252
vt 0.408724 0.846252
vt 0.594742 0.844891
vt 0.594742 0.844891
vt 0.594742 0.844891
vt 0.594742 0.844891
vt 0.594742 0.844891
vt 0.594742 0.844891
vt 0.594742 0.844891
vt 0.594742 0.844891
vt 0.594742 0.844891
vt 0.594742 0.844891
vt 0.594742 0.844891
vt 0.594742 0.844891
vt 0.594742 0.844891
vt 0.594742 0.844891
vt 0.594742 0.844891
vt 0.594742 0.844891
vt 0.594742 0.844891
vt 0.594742 0.844891
vt 0.594742 0.844891
vt 0.594742 0.844891
vt 0.594742 0.844891
vt 0.594742 0.844891
vt 0.594742 0.844891
vt 0.594742 0.844891
vt 0.408724 0.846252
vt 0.408724 0.846252
vt 0.408724 0.846252
vt 0.408724 0.846252
vt 0.408724 0.846252
vt 0.408724 0.846252
vt 0.408724 0.846252
vt 0.408724 0.846252
vt 0.408724 0.846252
vt 0.408724 0.846252
vt 0.408724 0.846252
vt 0.408724 0.846252
vt 0.408724 0.846252
vt 0.408724 0.846252
vt 0.408724 0.846252
vt 0.408724 0.846252
vt 0.408724 0.846252
vt 0.408724 0.846252
vt 0.408724 0.846252
vt 0.408724 0.846252
vt 0.594742 0.844891
vt 0.594742 0.844891
vt 0.594742 0.844891
vt 0.594742 0.844891
vt 0.594742 0.844891
vt 0.594742 0.844891
vt 0.594742 0.844891
vt 0.594742 0.844891
vt 0.594742 0.844891
vt 0.594742 0.844891
vt 0.594742 0.844891
vt 0.594742 0.844891
vt 0.594742 0.844891
vt 0.594742 0.844891
vt 0.594742 0.844891
vt 0.594742 0.844891
vt 0.594742 0.844891
vt 0.594742 0.844891
vt 0.594742 0.844891
vt 0.594742 0.844891
vt 0.594742 0.844891
vt 0.594742 0.844891
vt 0.594742 0.844891
vt 0.594742 0.844891
vt 0.594742 0.844891
vt 0.594742 0.844891
vt 0.594742 0.844891
vt 0.594742 0.844891
vt 0.594742 0.844891
vt 0.594742 0.844891
vt 0.594742 0.844891
vt 0.594742 0.844891
vt 0.594742 0.844891
vt 0.594742 0.844891
vt 0.594742 0.844891
vt 0.594742 0.844891
vt 0.594742 0.844891
vt 0.594742 0.844891
vt 0.594742 0.844891
vt 0.594742 0.844891
vt 0.594742 0.844891
vt 0.594742 0.844891
vt 0.594742 0.844891
vt 0.594742 0.844891
vt 0.594742 0.844891
vt 0.594742 0.844891
vt 0.408717 0.845508
vt 0.408717 0.845508
vt 0.408717 0.845508
vt 0.408717 0.845508
vt 0.408717 0.845508
vt 0.408717 0.845508
vt 0.408717 0.845508
vt 0.408717 0.845508
vt 0.408717 0.845508
vt 0.408717 0.845508
vt 0.408717 0.845508
vt 0.408717 0.845508
vt 0.408717 0.845508
vt 0.408717 0.845508
vt 0.408717 0.845508
vt 0.408717 0.845508
vt 0.408717 0.845508
vt 0.408717 0.845508
vt 0.408717 0.845508
vt 0.408717 0.845508
vt 0.408717 0.845508
vt 0.408717 0.845508
vt 0.408717 0.845508
vt 0.408717 0.845508
vt 0.408717 0.845508
vt 0.408717 0.845508
vt 0.408717 0.845508
vt 0.408717 0.845508
vt 0.408717 0.845508
vt 0.408717 0.845508
vt 0.408717 0.845508
vt 0.408717 0.845508
vt 0.408717 0.845508
vt 0.408717 0.845508
vt 0.408717 0.845508
vt 0.408717 0.845508
vt 0.408717 0.845508
vt 0.408717 0.845508
vt 0.408717 0.845508
vt 0.408717 0.845508
vt 0.408717 0.845508
vt 0.408717 0.845508
vt 0.408717 0.845508
vt 0.408717 0.845508
vt 0.408717 0.845508
vt 0.408717 0.845508
vt 0.408717 0.845508
vt 0.408717 0.845508
vt 0.408717 0.845508
vt 0.408717 0.845508
vt 0.408717 0.845508
vt 0.408717 0.845508
vt 0.408717 0.845508
vt 0.408717 0.845508
vt 0.408717 0.845508
vt 0.408717 0.845508
vt 0.408717 0.845508
vt 0.408717 0.845508
vt 0.408717 0.845508
vt 0.408717 0.845508
vt 0.408717 0.845508
vt 0.408717 0.845508
vt 0.408717 0.845508
vt 0.408717 0.845508
vt 0.408717 0.845508
vt 0.408717 0.845508
vt 0.408717 0.845508
vt 0.408717 0.845508
vt 0.408717 0.845508
vt 0.408717 0.845508
vt 0.408717 0.845508
vt 0.408717 0.845508
vt 0.408717 0.845508
vt 0.408717 0.845508
vt 0.408717 0.845508
vt 0.408717 0.845508
vt 0.408717 0.845508
vt 0.408717 0.845508
vt 0.408717 0.845508
vt 0.408717 0.845508
vt 0.408717 0.845508
vt 0.408717 0.845508
vt 0.408717 0.845508
vt 0.408717 0.845508
vt 0.408717 0.845508
vt 0.408717 0.845508
vt 0.408717 0.845508
vt 0.408717 0.845508
vt 0.408717 0.845508
vt 0.408717 0.845508
vt 0.408717 0.845508
vt 0.408717 0.845508
vt 0.408717 0.845508
vt 0.408717 0.845508
vt 0.408717 0.845508
vt 0.408717 0.845508
vt 0.408717 0.845508
vt 0.408717 0.845508
vt 0.408717 0.845508
vt 0.408717 0.845508
vt 0.408717 0.845508
vt 0.408717 0.845508
vt 0.408717 0.845508
vt 0.408717 0.845508
vt 0.408717 0.845508
vt 0.408717 0.845508
vt 0.408717 0.845508
vt 0.408717 0.845508
vt 0.408717 0.845508
vt 0.408717 0.845508
vt 0.408717 0.845508
vt 0.408717 0.845508
vt 0.408717 0.845508
vt 0.408717 0.845508
vt 0.408717 0.845508
vt 0.408717 0.845508
vt 0.408717 0.845508
vt 0.408717 0.845508
vt 0.408717 0.845508
vt 0.408717 0.845508
vt 0.408717 0.845508
vt 0.408717 0.845508
vt 0.408717 0.845508
vt 0.408717 0.845508
vt 0.408717 0.845508
vt 0.408717 0.845508
vt 0.408717 0.845508
vt 0.408717 0.845508
vt 0.408717 0.845508
vt 0.408717 0.845508
vt 0.971181 0.846348
vt 0.971181 0.846348
vt 0.971181 0.846348
vt 0.971181 0.846348
vt 0.971181 0.846348
vt 0.971181 0.846348
vt 0.971181 0.846348
vt 0.971181 0.846348
vt 0.971181 0.846348
vt 0.971181 0.846348
vt 0.971181 0.846348
vt 0.971181 0.846348
vt 0.971181 0.846348
vt 0.971181 0.846348
vt 0.971181 0.846348
vt 0.971181 0.846348
vt 0.971181 0.846348
vt 0.971181 0.846348
vt 0.971181 0.846348
vt 0.971181 0.846348
vt 0.971181 0.846348
vt 0.971181 0.846348
vt 0.971181 0.846348
vt 0.971181 0.846348
vt 0.971181 0.846348
vt 0.971181 0.846348
vt 0.971181 0.846348
vt 0.971181 0.846348
vt 0.971181 0.846348
vt 0.971181 0.846348
vt 0.971181 0.846348
vt 0.971181 0.846348
vt 0.971181 0.846348
vt 0.971181 0.846348
vt 0.971181 0.846348
vt 0.971181 0.846348
vt 0.408724 0.846252
vt 0.408724 0.846252
vt 0.408724 0.846252
vt 0.408724 0.846252
vt 0.971181 0.846348
vt 0.971181 0.846348
vt 0.971181 0.846348
vt 0.971181 0.846348
vt 0.971181 0.846348
vt 0.971181 0.846348
vt 0.971181 0.846348
vt 0.971181 0.846348
vt 0.971181 0.846348
vt 0.971181 0.846348
vt 0.971181 0.846348
vt 0.971181 0.846348
vt 0.971181 0.846348
vt 0.971181 0.846348
vt 0.971181 0.846348
vt 0.971181 0.846348
vt 0.971181 0.846348
vt 0.971181 0.846348
vt 0.971181 0.846348
vt 0.971181 0.846348
vt 0.971181 0.846348
vt 0.971181 0.846348
vt 0.971181 0.846348
vt 0.971181 0.846348
vt 0.971181 0.846348
vt 0.971181 0.846348
vt 0.971181 0.846348
vt 0.971181 0.846348
vt 0.971181 0.846348
vt 0.971181 0.846348
vt 0.971181 0.846348
vt 0.971181 0.846348
vt 0.971181 0.846348
vt 0.971181 0.846348
vt 0.971181 0.846348
vt 0.971181 0.846348
vt 0.971181 0.846348
vt 0.971181 0.846348
vt 0.971181 0.846348
vt 0.971181 0.846348
vt 0.971181 0.846348
vt 0.971181 0.846348
vt 0.971181 0.846348
vt 0.971181 0.846348
vt 0.408724 0.846252
vt 0.408724 0.846252
vt 0.408724 0.846252
vt 0.408724 0.846252
vt 0.408724 0.846252
vt 0.408724 0.846252
vt 0.408724 0.846252
vt 0.408724 0.846252
vt 0.408724 0.846252
vt 0.408724 0.846252
vt 0.408724 0.846252
vt 0.408724 0.846252
vt 0.408724 0.846252
vt 0.408724 0.846252
vt 0.408724 0.846252
vt 0.408724 0.846252
vt 0.408724 0.846252
vt 0.408724 0.846252
vt 0.408724 0.846252
vt 0.408724 0.846252
vt 0.408724 0.846252
vt 0.408724 0.846252
vt 0.408724 0.846252
vt 0.408724 0.846252
vt 0.408724 0.846252
vt 0.408724 0.846252
vt 0.408724 0.846252
vt 0.408724 0.846252
vt 0.596152 0.845437
vt 0.596152 0.845437
vt 0.596152 0.845437
vt 0.596152 0.845437
vt 0.596152 0.845437
vt 0.596151 0.845437
vt 0.596151 0.845437
vt 0.596152 0.845437
vt 0.596152 0.845437
vt 0.596152 0.845437
vt 0.596152 0.845437
vt 0.596152 0.845437
vt 0.596152 0.845437
vt 0.596152 0.845437
vt 0.596152 0.845437
vt 0.596152 0.845437
vt 0.596152 0.845437
vt 0.596152 0.845437
vt 0.596152 0.845437
vt 0.596152 0.845437
vt 0.596152 0.845437
vt 0.596152 0.845437
vt 0.596151 0.845437
vt 0.596151 0.845437
vt 0.596152 0.845437
vt 0.596152 0.845437
vt 0.596152 0.845437
vt 0.596152 0.845437
vt 0.596152 0.845437
vt 0.596152 0.845437
vt 0.596152 0.845437
vt 0.596152 0.845437
vt 0.596152 0.845437
vt 0.596152 0.845437
vt 0.596152 0.845437
vt 0.596152 0.845437
vt 0.596152 0.845437
vt 0.596152 0.845437
vt 0.596152 0.845437
vt 0.596152 0.845437
vt 0.596152 0.845437
vt 0.596152 0.845437
vt 0.596152 0.845437
vt 0.596152 0.845437
vt 0.596152 0.845437
vt 0.596152 0.845437
vt 0.596152 0.845437
vt 0.596152 0.845437
vt 0.596152 0.845437
vt 0.596152 0.845437
vt 0.596152 0.845437
vt 0.596152 0.845437
vt 0.596152 0.845437
vt 0.596152 0.845437
vt 0.596152 0.845437
vt 0.596152 0.845437
vt 0.596152 0.845437
vt 0.596152 0.845437
vt 0.596152 0.845437
vt 0.596152 0.845437
vt 0.596152 0.845437
vt 0.596152 0.845437
vt 0.596152 0.845437
vt 0.596152 0.845437
vt 0.408724 0.846252
vt 0.408724 0.846252
vt 0.408724 0.846252
vt 0.408724 0.846252
vt 0.408724 0.846252
vt 0.408724 0.846252
vt 0.408724 0.846252
vt 0.408724 0.846252
vt 0.408724 0.846252
vt 0.408724 0.846252
vt 0.408724 0.846252
vt 0.408724 0.846252
vt 0.408724 0.846252
vt 0.408724 0.846252
vt 0.408724 0.846252
vt 0.408724 0.846252
vt 0.408724 0.846252
vt 0.408724 0.846252
vt 0.408724 0.846252
vt 0.408724 0.846252
vt 0.408724 0.846252
vt 0.408724 0.846252
vt 0.408724 0.846252
vt 0.408724 0.846252
vt 0.408724 0.846252
vt 0.408724 0.846252
vt 0.408724 0.846252
vt 0.408724 0.846252
vt 0.408724 0.846252
vt 0.408724 0.846252
vt 0.408724 0.846252
vt 0.408724 0.846252
vt 0.407161 0.844670
vt 0.407161 0.844675
vt 0.407160 0.844675
vt 0.407160 0.844670
vt 0.407159 0.844675
vt 0.407159 0.844670
vt 0.407158 0.844675
vt 0.407158 0.844670
vt 0.407157 0.844675
vt 0.407157 0.844670
vt 0.407156 0.844675
vt 0.407156 0.844670
vt 0.407156 0.844675
vt 0.407156 0.844670
vt 0.407155 0.844675
vt 0.407155 0.844670
vt 0.407154 0.844675
vt 0.407154 0.844670
vt 0.407153 0.844675
vt 0.407153 0.844670
vt 0.407152 0.844675
vt 0.407152 0.844670
vt 0.407155 0.844668
vt 0.407155 0.844669
vt 0.407155 0.844669
vt 0.407155 0.844668
vt 0.407151 0.844675
vt 0.407151 0.844670
vt 0.407158 0.844670
vt 0.407159 0.844670
vt 0.407160 0.844669
vt 0.407160 0.844668
vt 0.407160 0.844667
vt 0.407159 0.844666
vt 0.407158 0.844666
vt 0.407157 0.844666
vt 0.407156 0.844667
vt 0.407156 0.844668
vt 0.407156 0.844669
vt 0.407157 0.844670
vt 0.407153 0.844670
vt 0.407154 0.844670
vt 0.407154 0.844670
vt 0.407153 0.844670
vt 0.407155 0.844669
vt 0.407155 0.844669
vt 0.407155 0.844668
vt 0.407155 0.844668
vt 0.407155 0.844667
vt 0.407155 0.844667
vt 0.407154 0.844666
vt 0.407154 0.844666
vt 0.407153 0.844666
vt 0.407153 0.844666
vt 0.407152 0.844666
vt 0.407152 0.844666
vt 0.407151 0.844667
vt 0.407151 0.844667
vt 0.407151 0.844668
vt 0.407151 0.844668
vt 0.407151 0.844669
vt 0.407151 0.844669
vt 0.407152 0.844670
vt 0.407152 0.844670
vt 0.407155 0.844669
vt 0.407155 0.844668
vt 0.407151 0.844669
vt 0.407151 0.844668
vt 0.407151 0.844668
vt 0.407151 0.844669
vt 0.407152 0.844666
vt 0.407153 0.844666
vt 0.407153 0.844666
vt 0.407152 0.844666
vt 0.407155 0.844667
vt 0.407155 0.844667
vt 0.407152 0.844670
vt 0.407152 0.844670
vt 0.407154 0.844670
vt 0.407153 0.844670
vt 0.407153 0.844670
vt 0.407154 0.844670
vt 0.407151 0.844667
vt 0.407151 0.844667
vt 0.407154 0.844666
vt 0.407154 0.844666
vt 0.407153 0.844670
vt 0.407152 0.844670
vt 0.407152 0.844670
vt 0.407153 0.844670
vt 0.407151 0.844668
vt 0.407151 0.844669
vt 0.407153 0.844666
vt 0.407152 0.844666
vt 0.407155 0.844667
vt 0.407154 0.844670
vt 0.407151 0.844667
vt 0.407154 0.844666
vt 0.407154 0.844666
vt 0.407155 0.844667
vt 0.407155 0.844667
vt 0.407154 0.844666
vt 0.407154 0.844670
vt 0.407155 0.844669
vt 0.407151 0.844667
vt 0.407151 0.844668
vt 0.407153 0.844666
vt 0.407155 0.844668
vt 0.407151 0.844669
vt 0.407152 0.844666
vt 0.407155 0.844667
vt 0.407154 0.844666
vt 0.407152 0.844670
vt 0.407153 0.844670
vt 0.407154 0.844670
vt 0.407155 0.844669
vt 0.407151 0.844667
vt 0.407151 0.844668
vt 0.407153 0.844666
vt 0.407155 0.844668
vt 0.407151 0.844669
vt 0.407152 0.844666
vt 0.407152 0.844670
vt 0.407153 0.844670
vt 0.407154 0.844670
vt 0.407155 0.844669
vt 0.407151 0.844667
vt 0.407151 0.844668
vt 0.407153 0.844666
vt 0.407155 0.844668
vt 0.407151 0.844669
vt 0.407152 0.844666
vt 0.407153 0.844670
vt 0.407154 0.844670
vt 0.407152 0.844670
vt 0.407151 0.844669
vt 0.407151 0.844668
vt 0.407151 0.844667
vt 0.407152 0.844666
vt 0.407153 0.844666
vt 0.407154 0.844666
vt 0.407155 0.844667
vt 0.407155 0.844668
vt 0.407155 0.844669
vt 0.407152 0.844666
vt 0.407151 0.844667
vt 0.407154 0.844670
vt 0.407153 0.844670
vt 0.407153 0.844670
vt 0.407154 0.844670
vt 0.407155 0.844667
vt 0.407154 0.844666
vt 0.407152 0.844670
vt 0.407155 0.844669
vt 0.407151 0.844668
vt 0.407153 0.844666
vt 0.407155 0.844668
vt 0.407151 0.844669
vt 0.407152 0.844670
vt 0.407151 0.844669
vt 0.407151 0.844669
vt 0.407152 0.844670
vt 0.407152 0.844666
vt 0.407151 0.844667
vt 0.407155 0.844667
vt 0.407154 0.844666
vt 0.407155 0.844669
vt 0.407151 0.844668
vt 0.407153 0.844666
vt 0.407155 0.844668
vt 0.407155 0.844667
vt 0.407155 0.844668
vt 0.407155 0.844668
vt 0.407155 0.844667
vt 0.407153 0.844670
vt 0.407154 0.844670
vt 0.407152 0.844666
vt 0.407151 0.844667
vt 0.407154 0.844666
vt 0.407155 0.844669
vt 0.407151 0.844668
vt 0.407153 0.844666
vt 0.407155 0.844668
vt 0.407155 0.844667
vt 0.407151 0.844669
vt 0.407152 0.844670
vt 0.407153 0.844670
vt 0.407154 0.844670
vt 0.407152 0.844666
vt 0.407151 0.844667
vt 0.407154 0.844666
vt 0.407155 0.844669
vt 0.407151 0.844668
vt 0.407153 0.844666
vt 0.407151 0.844667
vt 0.407152 0.844666
vt 0.407152 0.844666
vt 0.407151 0.844667
vt 0.407151 0.844669
vt 0.407152 0.844670
vt 0.407153 0.844670
vt 0.407154 0.844670
vt 0.407152 0.844666
vt 0.407151 0.844667
vt 0.407154 0.844666
vt 0.407155 0.844669
vt 0.407151 0.844668
vt 0.407153 0.844666
vt 0.407154 0.844670
vt 0.407153 0.844670
vt 0.407152 0.844670
vt 0.407151 0.844669
vt 0.407151 0.844668
vt 0.407151 0.844667
vt 0.407152 0.844666
vt 0.407153 0.844666
vt 0.407154 0.844666
vt 0.407155 0.844667
vt 0.407155 0.844668
vt 0.407155 0.844669
vt 0.407153 0.844666
vt 0.407154 0.844666
vt 0.407153 0.844666
vt 0.407153 0.844666
vt 0.407155 0.844667
vt 0.407153 0.844670
vt 0.407152 0.844670
vt 0.407154 0.844666
vt 0.407154 0.844666
vt 0.407155 0.844668
vt 0.407151 0.844669
vt 0.407155 0.844667
vt 0.407155 0.844667
vt 0.407155 0.844669
vt 0.407153 0.844670
vt 0.407152 0.844670
vt 0.407152 0.844670
vt 0.407153 0.844670
vt 0.407151 0.844668
vt 0.407151 0.844667
vt 0.407152 0.844666
vt 0.407152 0.844666
vt 0.407151 0.844667
vt 0.407154 0.844666
vt 0.407155 0.844667
vt 0.407155 0.844667
vt 0.407154 0.844666
vt 0.407153 0.844670
vt 0.407152 0.844670
vt 0.407152 0.844670
vt 0.407153 0.844670
vt 0.407155 0.844669
vt 0.407154 0.844670
vt 0.407154 0.844670
vt 0.407155 0.844669
vt 0.407151 0.844668
vt 0.407151 0.844668
vt 0.407153 0.844666
vt 0.407153 0.844666
vt 0.407155 0.844668
vt 0.407155 0.844668
vt 0.407151 0.844669
vt 0.407151 0.844669
vt 0.407152 0.844666
vt 0.407154 0.844670
vt 0.407154 0.844670
vt 0.407151 0.844668
vt 0.407151 0.844668
vt 0.407155 0.844669
vt 0.407155 0.844669
vt 0.407151 0.844667
vt 0.407151 0.844669
vt 0.407151 0.844669
vt 0.407154 0.844670
vt 0.407155 0.844668
vt 0.407155 0.844668
vt 0.408724 0.846252
vt 0.408724 0.846252
vt 0.408724 0.846252
vt 0.408724 0.846252
vt 0.408724 0.846252
vt 0.408724 0.846252
vt 0.408724 0.846252
vt 0.408724 0.846252
vt 0.408724 0.846252
vt 0.408724 0.846252
vt 0.408724 0.846252
vt 0.408724 0.846252
vt 0.408724 0.846252
vt 0.408724 0.846252
vt 0.408724 0.846252
vt 0.408724 0.846252
vt 0.408724 0.846252
vt 0.408724 0.846252
vt 0.408724 0.846252
vt 0.408724 0.846252
vt 0.408724 0.846252
vt 0.408724 0.846252
vt 0.408724 0.846252
vt 0.408724 0.846252
vt 0.594822 0.844681
vt 0.594822 0.844681
vt 0.594822 0.844681
vt 0.594822 0.844681
vt 0.408724 0.846252
vt 0.408724 0.846252
vt 0.408724 0.846252
vt 0.408724 0.846252
vt 0.408724 0.846252
vt 0.408724 0.846252
vt 0.408724 0.846252
vt 0.408724 0.846252
vt 0.408724 0.846252
vt 0.408724 0.846252
vt 0.408724 0.846252
vt 0.408724 0.846252
vt 0.408724 0.846252
vt 0.408724 0.846252
vt 0.408724 0.846252
vt 0.408724 0.846252
vt 0.408724 0.846252
vt 0.408724 0.846252
vt 0.408724 0.846252
vt 0.408724 0.846252
vt 0.408724 0.846252
vt 0.408724 0.846252
vt 0.408724 0.846252
vt 0.408724 0.846252
vt 0.594822 0.844681
vt 0.594822 0.844681
vt 0.594822 0.844681
vt 0.594822 0.844681
vt 0.594822 0.844681
vt 0.594822 0.844681
vt 0.594822 0.844681
vt 0.594822 0.844681
vt 0.594822 0.844681
vt 0.594822 0.844681
vt 0.594822 0.844681
vt 0.594822 0.844681
vt 0.594822 0.844681
vt 0.594822 0.844681
vt 0.594822 0.844681
vt 0.594822 0.844681
vt 0.594822 0.844681
vt 0.594822 0.844681
vt 0.594822 0.844681
vt 0.594822 0.844681
vt 0.594822 0.844681
vt 0.594822 0.844681
vt 0.594822 0.844681
vt 0.594822 0.844681
vt 0.594822 0.844681
vt 0.594822 0.844681
vt 0.594822 0.844681
vt 0.594822 0.844681
vt 0.594822 0.844681
vt 0.594822 0.844681
vt 0.594822 0.844681
vt 0.594822 0.844681
vt 0.408724 0.846252
vt 0.408724 0.846252
vt 0.408724 0.846252
vt 0.408724 0.846252
vt 0.408724 0.846252
vt 0.408724 0.846252
vt 0.408724 0.846252
vt 0.408724 0.846252
vt 0.408724 0.846252
vt 0.408724 0.846252
vt 0.408724 0.846252
vt 0.408724 0.846252
vt 0.408724 0.846252
vt 0.408724 0.846252
vt 0.408724 0.846252
vt 0.408724 0.846252
vt 0.408724 0.846252
vt 0.408724 0.846252
vt 0.408724 0.846252
vt 0.408724 0.846252
vt 0.408724 0.846252
vt 0.408724 0.846252
vt 0.408724 0.846252
vt 0.408724 0.846252
vt 0.594822 0.844681
vt 0.594822 0.844681
vt 0.594822 0.844681
vt 0.594822 0.844681
vt 0.408724 0.846252
vt 0.408724 0.846252
vt 0.408724 0.846252
vt 0.408724 0.846252
vt 0.408724 0.846252
vt 0.408724 0.846252
vt 0.408724 0.846252
vt 0.408724 0.846252
vt 0.408724 0.846252
vt 0.408724 0.846252
vt 0.408724 0.846252
vt 0.408724 0.846252
vt 0.408724 0.846252
vt 0.408724 0.846252
vt 0.408724 0.846252
vt 0.408724 0.846252
vt 0.408724 0.846252
vt 0.408724 0.846252
vt 0.408724 0.846252
vt 0.408724 0.846252
vt 0.408724 0.846252
vt 0.408724 0.846252
vt 0.408724 0.846252
vt 0.408724 0.846252
vt 0.594822 0.844681
vt 0.594822 0.844681
vt 0.594822 0.844681
vt 0.594822 0.844681
vt 0.594822 0.844681
vt 0.594822 0.844681
vt 0.594822 0.844681
vt 0.594822 0.844681
vt 0.594822 0.844681
vt 0.594822 0.844681
vt 0.594822 0.844681
vt 0.594822 0.844681
vt 0.594822 0.844681
vt 0.594822 0.844681
vt 0.594822 0.844681
vt 0.594822 0.844681
vt 0.594822 0.844681
vt 0.594822 0.844681
vt 0.594822 0.844681
vt 0.594822 0.844681
vt 0.594822 0.844681
vt 0.594822 0.844681
vt 0.594822 0.844681
vt 0.594822 0.844681
vt 0.594822 0.844681
vt 0.594822 0.844681
vt 0.594822 0.844681
vt 0.594822 0.844681
vt 0.594822 0.844681
vt 0.594822 0.844681
vt 0.594822 0.844681
vt 0.594822 0.844681
vt 0.594532 0.844375
vt 0.594532 0.844375
vt 0.594532 0.844375
vt 0.594532 0.844375
vt 0.594532 0.844375
vt 0.594532 0.844375
vt 0.594532 0.844375
vt 0.594532 0.844375
vt 0.594531 0.844375
vt 0.594531 0.844375
vt 0.594531 0.844375
vt 0.594531 0.844375
vt 0.594531 0.844375
vt 0.594531 0.844375
vt 0.594531 0.844375
vt 0.594531 0.844375
vt 0.594531 0.844375
vt 0.594531 0.844375
vt 0.594531 0.844375
vt 0.594531 0.844375
vt 0.594531 0.844375
vt 0.594531 0.844375
vt 0.408724 0.846252
vt 0.408724 0.846252
vt 0.408724 0.846252
vt 0.408724 0.846252
vt 0.594531 0.844375
vt 0.594531 0.844375
vt 0.408724 0.846252
vt 0.408724 0.846252
vt 0.408724 0.846252
vt 0.408724 0.846252
vt 0.408724 0.846252
vt 0.408724 0.846252
vt 0.408724 0.846252
vt 0.408724 0.846252
vt 0.408724 0.846252
vt 0.408724 0.846252
vt 0.408724 0.846252
vt 0.408724 0.846252
vt 0.408724 0.846252
vt 0.408724 0.846252
vt 0.408724 0.846252
vt 0.408724 0.846252
vt 0.408724 0.846252
vt 0.408724 0.846252
vt 0.408724 0.846252
vt 0.408724 0.846252
vt 0.408724 0.846252
vt 0.408724 0.846252
vt 0.408724 0.846252
vt 0.408724 0.846252
vt 0.408724 0.846252
vt 0.408724 0.846252
vt 0.408724 0.846252
vt 0.408724 0.846252
vt 0.408724 0.846252
vt 0.408724 0.846252
vt 0.408724 0.846252
vt 0.408724 0.846252
vt 0.408724 0.846252
vt 0.408724 0.846252
vt 0.408724 0.846252
vt 0.408724 0.846252
vt 0.408724 0.846252
vt 0.408724 0.846252
vt 0.408724 0.846252
vt 0.408724 0.846252
vt 0.408724 0.846252
vt 0.408724 0.846252
vt 0.408724 0.846252
vt 0.408724 0.846252
vt 0.408724 0.846252
vt 0.408724 0.846252
vt 0.408724 0.846252
vt 0.408724 0.846252
vt 0.408724 0.846252
vt 0.408724 0.846252
vt 0.408724 0.846252
vt 0.408724 0.846252
vt 0.408724 0.846252
vt 0.408724 0.846252
vt 0.408724 0.846252
vt 0.408724 0.846252
vt 0.594532 0.844375
vt 0.594532 0.844375
vt 0.594532 0.844375
vt 0.594532 0.844375
vt 0.594532 0.844375
vt 0.594532 0.844375
vt 0.594532 0.844375
vt 0.594532 0.844375
vt 0.594531 0.844375
vt 0.594531 0.844375
vt 0.594531 0.844375
vt 0.594531 0.844375
vt 0.594531 0.844375
vt 0.594531 0.844375
vt 0.594531 0.844375
vt 0.594531 0.844375
vt 0.594531 0.844375
vt 0.594531 0.844375
vt 0.594531 0.844375
vt 0.594531 0.844375
vt 0.594531 0.844375
vt 0.594531 0.844375
vt 0.408724 0.846252
vt 0.408724 0.846252
vt 0.408724 0.846252
vt 0.408724 0.846252
vt 0.594531 0.844375
vt 0.594531 0.844375
vt 0.408724 0.846252
vt 0.408724 0.846252
vt 0.408724 0.846252
vt 0.408724 0.846252
vt 0.408724 0.846252
vt 0.408724 0.846252
vt 0.408724 0.846252
vt 0.408724 0.846252
vt 0.408724 0.846252
vt 0.408724 0.846252
vt 0.408724 0.846252
vt 0.408724 0.846252
vt 0.408724 0.846252
vt 0.408724 0.846252
vt 0.408724 0.846252
vt 0.408724 0.846252
vt 0.408724 0.846252
vt 0.408724 0.846252
vt 0.408724 0.846252
vt 0.408724 0.846252
vt 0.408724 0.846252
vt 0.408724 0.846252
vt 0.408724 0.846252
vt 0.408724 0.846252
vt 0.408724 0.846252
vt 0.408724 0.846252
vt 0.408724 0.846252
vt 0.408724 0.846252
vt 0.408724 0.846252
vt 0.408724 0.846252
vt 0.408724 0.846252
vt 0.408724 0.846252
vt 0.408724 0.846252
vt 0.408724 0.846252
vt 0.408724 0.846252
vt 0.408724 0.846252
vt 0.408724 0.846252
vt 0.408724 0.846252
vt 0.408724 0.846252
vt 0.408724 0.846252
vt 0.408724 0.846252
vt 0.408724 0.846252
vt 0.408724 0.846252
vt 0.408724 0.846252
vt 0.408724 0.846252
vt 0.408724 0.846252
vt 0.408724 0.846252
vt 0.408724 0.846252
vt 0.408724 0.846252
vt 0.408724 0.846252
vt 0.408724 0.846252
vt 0.408724 0.846252
vt 0.408724 0.846252
vt 0.408724 0.846252
vt 0.408724 0.846252
vt 0.408724 0.846252
vt 0.407981 0.845129
vt 0.407981 0.845129
vt 0.407981 0.845129
vt 0.407981 0.845129
vt 0.407981 0.845129
vt 0.407981 0.845129
vt 0.407981 0.845129
vt 0.407981 0.845129
vt 0.407981 0.845129
vt 0.407981 0.845129
vt 0.407981 0.845129
vt 0.407981 0.845129
vt 0.407981 0.845129
vt 0.407981 0.845129
vt 0.407981 0.845129
vt 0.407981 0.845129
vt 0.407981 0.845129
vt 0.407981 0.845129
vt 0.407981 0.845129
vt 0.407981 0.845129
vt 0.407981 0.845129
vt 0.407981 0.845129
vt 0.407981 0.845129
vt 0.407981 0.845129
vt 0.407981 0.845129
vt 0.407981 0.845129
vt 0.407981 0.845129
vt 0.407981 0.845129
vt 0.407981 0.845129
vt 0.407981 0.845129
vt 0.407981 0.845129
vt 0.407981 0.845129
vt 0.407981 0.845129
vt 0.407981 0.845129
vt 0.407981 0.845129
vt 0.407981 0.845129
vt 0.407981 0.845129
vt 0.407981 0.845129
vt 0.407981 0.845129
vt 0.407981 0.845129
vt 0.407981 0.845129
vt 0.407981 0.845129
vt 0.407981 0.845129
vt 0.407981 0.845129
vt 0.407981 0.845129
vt 0.407981 0.845129
vt 0.407981 0.845129
vt 0.407981 0.845129
vt 0.407981 0.845129
vt 0.407981 0.845129
vt 0.407981 0.845129
vt 0.407981 0.845129
vt 0.407981 0.845129
vt 0.407981 0.845129
vt 0.407981 0.845129
vt 0.407981 0.845129
vt 0.407981 0.845129
vt 0.407981 0.845129
vt 0.407981 0.845129
vt 0.407981 0.845129
vt 0.407981 0.845129
vt 0.407981 0.845129
vt 0.407981 0.845129
vt 0.407981 0.845129
vt 0.407981 0.845129
vt 0.407981 0.845129
vt 0.407981 0.845129
vt 0.407981 0.845129
vt 0.407981 0.845129
vt 0.407981 0.845129
vt 0.407981 0.845129
vt 0.407981 0.845129
vt 0.407981 0.845129
vt 0.407981 0.845129
vt 0.407981 0.845129
vt 0.407981 0.845129
vt 0.407981 0.845129
vt 0.407981 0.845129
vt 0.407981 0.845129
vt 0.407981 0.845129
vt 0.407981 0.845129
vt 0.407981 0.845129
vt 0.407981 0.845129
vt 0.407981 0.845129
vt 0.407981 0.845129
vt 0.407981 0.845129
vt 0.407981 0.845129
vt 0.407981 0.845129
vt 0.407981 0.845129
vt 0.407981 0.845129
vt 0.407981 0.845129
vt 0.407981 0.845129
vt 0.407981 0.845129
vt 0.407981 0.845129
vt 0.407981 0.845129
vt 0.407981 0.845129
vt 0.407981 0.845129
vt 0.407981 0.845129
vt 0.407981 0.845129
vt 0.407981 0.845129
vt 0.407981 0.845129
vt 0.407981 0.845129
vt 0.407981 0.845129
vt 0.407981 0.845129
vt 0.407981 0.845129
vt 0.407981 0.845129
vt 0.407981 0.845129
vt 0.407981 0.845129
vt 0.407981 0.845129
vt 0.407981 0.845129
vt 0.407981 0.845129
vt 0.407981 0.845129
vt 0.407981 0.845129
vt 0.407981 0.845129
vt 0.407981 0.845129
vt 0.407981 0.845129
vt 0.407981 0.845129
vt 0.407981 0.845129
vt 0.407981 0.845129
vt 0.407981 0.845129
vt 0.407981 0.845129
vt 0.407981 0.845129
vt 0.407981 0.845129
vt 0.407981 0.845129
vt 0.407981 0.845129
vt 0.407981 0.845129
vt 0.407981 0.845129
vt 0.407981 0.845129
vt 0.407981 0.845129
vt 0.407981 0.845129
vt 0.407981 0.845129
vt 0.407981 0.845129
vt 0.407981 0.845129
vt 0.407981 0.845129
vt 0.407981 0.845129
vt 0.407981 0.845129
vt 0.407981 0.845129
vt 0.407981 0.845129
vt 0.407981 0.845129
vt 0.407981 0.845129
vt 0.407981 0.845129
vt 0.407981 0.845129
vt 0.407981 0.845129
vt 0.407981 0.845129
vt 0.407981 0.845129
vt 0.407981 0.845129
vt 0.407981 0.845129
vt 0.407981 0.845129
vt 0.407981 0.845129
vt 0.407981 0.845129
vt 0.407981 0.845129
vt 0.407981 0.845129
vt 0.407981 0.845129
vt 0.407981 0.845129
vt 0.407981 0.845129
vt 0.407981 0.845129
vt 0.407981 0.845129
vt 0.407981 0.845129
vt 0.407981 0.845129
vt 0.407981 0.845129
vt 0.407981 0.845129
vt 0.407981 0.845129
vt 0.407981 0.845129
vt 0.407981 0.845129
vt 0.407981 0.845129
vt 0.407981 0.845129
vt 0.407981 0.845129
vt 0.407981 0.845129
vt 0.407981 0.845129
vt 0.407981 0.845129
vt 0.407981 0.845129
vt 0.407981 0.845129
vt 0.407981 0.845129
vt 0.407981 0.845129
vt 0.407981 0.845129
vt 0.407981 0.845129
vt 0.407981 0.845129
vt 0.407981 0.845129
vt 0.407981 0.845129
vt 0.407981 0.845129
vt 0.407981 0.845129
vt 0.407981 0.845129
vt 0.407981 0.845129
vt 0.407981 0.845129
vt 0.407981 0.845129
vt 0.407981 0.845129
vt 0.407981 0.845129
vt 0.407981 0.845129
vt 0.407981 0.845129
vt 0.407981 0.845129
vt 0.407981 0.845129
vt 0.407981 0.845129
vt 0.407981 0.845129
vt 0.407981 0.845129
vt 0.407981 0.845129
vt 0.407981 0.845129
vt 0.407981 0.845129
vt 0.407981 0.845129
vt 0.407981 0.845129
vt 0.407981 0.845129
vt 0.407981 0.845129
vt 0.407981 0.845129
vt 0.407981 0.845129
vt 0.407981 0.845129
vt 0.407981 0.845129
vt 0.407981 0.845129
vt 0.407981 0.845129
vt 0.407981 0.845129
vt 0.407981 0.845129
vt 0.407981 0.845129
vt 0.407981 0.845129
vt 0.407981 0.845129
vt 0.407981 0.845129
vt 0.407981 0.845129
vt 0.407981 0.845129
vt 0.407981 0.845129
vt 0.407981 0.845129
vt 0.407981 0.845129
vt 0.407981 0.845129
vt 0.407981 0.845129
vt 0.407981 0.845129
vt 0.407981 0.845129
vt 0.407981 0.845129
vt 0.407981 0.845129
vt 0.407981 0.845129
vt 0.407981 0.845129
vt 0.407981 0.845129
vt 0.407981 0.845129
vt 0.407981 0.845129
vt 0.407981 0.845129
vt 0.407981 0.845129
vt 0.407981 0.845129
vt 0.407981 0.845129
vt 0.407981 0.845129
vt 0.407981 0.845129
vt 0.407981 0.845129
vt 0.407981 0.845129
vt 0.407981 0.845129
vt 0.407981 0.845129
vt 0.407981 0.845129
vt 0.407981 0.845129
vt 0.407981 0.845129
vt 0.407981 0.845129
vt 0.407981 0.845129
vt 0.407981 0.845129
vt 0.407981 0.845129
vt 0.407981 0.845129
vt 0.407981 0.845129
vt 0.407981 0.845129
vt 0.407981 0.845129
vt 0.407981 0.845129
vt 0.407981 0.845129
vt 0.407981 0.845129
vt 0.407981 0.845129
vt 0.407981 0.845129
vt 0.407981 0.845129
vt 0.407981 0.845129
vt 0.407981 0.845129
vt 0.407981 0.845129
vt 0.407981 0.845129
vt 0.407981 0.845129
vt 0.407981 0.845129
vt 0.407981 0.845129
vt 0.407981 0.845129
vt 0.407981 0.845129
vt 0.407981 0.845129
vt 0.407981 0.845129
vt 0.407981 0.845129
vt 0.407981 0.845129
vt 0.407981 0.845129
vt 0.407981 0.845129
vt 0.407981 0.845129
vt 0.407981 0.845129
vt 0.407981 0.845129
vt 0.407981 0.845129
vt 0.407981 0.845129
vt 0.407981 0.845129
vt 0.407981 0.845129
vt 0.407981 0.845129
vt 0.407981 0.845129
vt 0.407981 0.845129
vt 0.407981 0.845129
vt 0.407981 0.845129
vt 0.407981 0.845129
vt 0.407981 0.845129
vt 0.407981 0.845129
vt 0.407981 0.845129
vt 0.407981 0.845129
vt 0.407981 0.845129
vt 0.407981 0.845129
vt 0.407981 0.845129
vt 0.407981 0.845129
vt 0.407981 0.845129
vt 0.407981 0.845129
vt 0.407981 0.845129
vt 0.407981 0.845129
vt 0.407981 0.845129
vt 0.407981 0.845129
vt 0.407981 0.845129
vt 0.407981 0.845129
vt 0.407981 0.845129
vt 0.407981 0.845129
vt 0.407981 0.845129
vt 0.407981 0.845129
vt 0.407981 0.845129
vt 0.407981 0.845129
vt 0.407981 0.845129
vt 0.407981 0.845129
vt 0.407981 0.845129
vt 0.407981 0.845129
vt 0.407981 0.845129
vt 0.407981 0.845129
vt 0.407981 0.845129
vt 0.407981 0.845129
vt 0.407981 0.845129
vt 0.407981 0.845129
vt 0.407981 0.845129
vt 0.407981 0.845129
vt 0.407981 0.845129
vt 0.407981 0.845129
vt 0.407981 0.845129
vt 0.407981 0.845129
vt 0.407981 0.845129
vt 0.407981 0.845129
vt 0.407981 0.845129
vt 0.407981 0.845129
vt 0.407981 0.845129
vt 0.407981 0.845129
vt 0.407981 0.845129
vt 0.407981 0.845129
vt 0.407981 0.845129
vt 0.407981 0.845129
vt 0.407981 0.845129
vt 0.407981 0.845129
vt 0.407981 0.845129
vt 0.407981 0.845129
vt 0.407981 0.845129
vt 0.407981 0.845129
vt 0.908098 0.845938
vt 0.908098 0.845938
vt 0.908098 0.845938
vt 0.908098 0.845938
vt 0.908098 0.845937
vt 0.908098 0.845938
vt 0.908098 0.845938
vt 0.908098 0.845937
vt 0.908098 0.845937
vt 0.908098 0.845937
vt 0.908098 0.845937
vt 0.908098 0.845937
vt 0.908098 0.845938
vt 0.908098 0.845938
vt 0.908098 0.845938
vt 0.908098 0.845938
vt 0.908098 0.845938
vt 0.908098 0.845938
vt 0.908098 0.845938
vt 0.908098 0.845938
vt 0.908098 0.845938
vt 0.908098 0.845938
vt 0.908098 0.845938
vt 0.908098 0.845938
vt 0.908098 0.845938
vt 0.908098 0.845938
vt 0.908098 0.845938
vt 0.908098 0.845938
vt 0.908098 0.845938
vt 0.908098 0.845938
vt 0.908098 0.845938
vt 0.908098 0.845938
vt 0.908098 0.845937
vt 0.908098 0.845938
vt 0.908098 0.845937
vt 0.908098 0.845937
vt 0.908098 0.845937
vt 0.908098 0.845937
vt 0.908098 0.845938
vt 0.908098 0.845938
vt 0.908098 0.845938
vt 0.908098 0.845938
vt 0.908098 0.845937
vt 0.908098 0.845937
vt 0.908098 0.845937
vt 0.908098 0.845937
vt 0.908097 0.845938
vt 0.908097 0.845938
vt 0.908097 0.845938
vt 0.908097 0.845938
vt 0.908097 0.845938
vt 0.908097 0.845938
vt 0.908097 0.845938
vt 0.908097 0.845938
vt 0.908098 0.845938
vt 0.908098 0.845938
vt 0.908098 0.845938
vt 0.908098 0.845938
vt 0.908098 0.845938
vt 0.908098 0.845938
vt 0.908098 0.845938
vt 0.908098 0.845938
vt 0.908098 0.845937
vt 0.908098 0.845937
vt 0.908098 0.845937
vt 0.908098 0.845937
vt 0.908098 0.845938
vt 0.908098 0.845938
vt 0.908098 0.845937
vt 0.908098 0.845937
vt 0.908098 0.845937
vt 0.908098 0.845937
vt 0.908098 0.845938
vt 0.908098 0.845938
vt 0.908098 0.845938
vt 0.908098 0.845938
vt 0.908098 0.845938
vt 0.908098 0.845938
vt 0.908098 0.845938
vt 0.908098 0.845938
vt 0.908098 0.845938
vt 0.908098 0.845938
vt 0.908098 0.845938
vt 0.908098 0.845938
vt 0.908098 0.845938
vt 0.908098 0.845938
vt 0.908098 0.845937
vt 0.908098 0.845937
vt 0.908098 0.845938
vt 0.908098 0.845938
vt 0.908098 0.845938
vt 0.908098 0.845938
vt 0.908098 0.845937
vt 0.908098 0.845937
vt 0.908098 0.845938
vt 0.908098 0.845938
vt 0.908098 0.845938
vt 0.908098 0.845938
vt 0.908098 0.845938
vt 0.908098 0.845938
vt 0.908098 0.845938
vt 0.908098 0.845938
vt 0.908098 0.845937
vt 0.908098 0.845937
vt 0.908098 0.845937
vt 0.908098 0.845937
vt 0.908098 0.845937
vt 0.908098 0.845937
vt 0.908098 0.845938
vt 0.908098 0.845938
vt 0.908098 0.845938
vt 0.908098 0.845938
vt 0.908098 0.845937
vt 0.908098 0.845937
vt 0.908098 0.845937
vt 0.908098 0.845937
vt 0.908098 0.845938
vt 0.908098 0.845938
vt 0.908098 0.845938
vt 0.908098 0.845938
vt 0.908098 0.845937
vt 0.908098 0.845937
vt 0.908098 0.845937
vt 0.908098 0.845937
vt 0.908098 0.845938
vt 0.908098 0.845938
vt 0.908098 0.845937
vt 0.908098 0.845937
vt 0.908098 0.845938
vt 0.908098 0.845938
vt 0.908098 0.845937
vt 0.908098 0.845937
vt 0.908098 0.845938
vt 0.908098 0.845938
vt 0.908098 0.845938
vt 0.908098 0.845938
vt 0.908098 0.845937
vt 0.908098 0.845937
vt 0.908098 0.845938
vt 0.908098 0.845938
vt 0.908098 0.845938
vt 0.908098 0.845938
vt 0.288670 0.034351
vt 0.288672 0.034351
vt 0.288672 0.034352
vt 0.288672 0.034352
vt 0.288672 0.034352
vt 0.288671 0.034352
vt 0.288671 0.034352
vt 0.288670 0.034352
vt 0.288670 0.034345
vt 0.288671 0.034345
vt 0.288671 0.034345
vt 0.288672 0.034345
vt 0.288672 0.034346
vt 0.288672 0.034346
vt 0.288672 0.034346
vt 0.288670 0.034346
vt 0.288670 0.034346
vt 0.288670 0.034345
vt 0.288670 0.034352
vt 0.288670 0.034351
vt 0.908098 0.845938
vt 0.908098 0.845938
vt 0.908098 0.845938
vt 0.908098 0.845938
vt 0.908098 0.845938
vt 0.908098 0.845938
vt 0.908098 0.845938
vt 0.908098 0.845938
vt 0.908098 0.845938
vt 0.908098 0.845938
vt 0.908098 0.845937
vt 0.908098 0.845937
vt 0.908098 0.845937
vt 0.908098 0.845937
vt 0.908098 0.845938
vt 0.908098 0.845938
vt 0.908098 0.845937
vt 0.908098 0.845937
vt 0.908098 0.845938
vt 0.908098 0.845938
vt 0.908098 0.845938
vt 0.908098 0.845938
vt 0.908098 0.845937
vt 0.908098 0.845937
vt 0.908098 0.845937
vt 0.908098 0.845937
vt 0.908098 0.845937
vt 0.908098 0.845937
vt 0.908098 0.845937
vt 0.908098 0.845937
vt 0.908098 0.845938
vt 0.908098 0.845938
vt 0.908098 0.845937
vt 0.908098 0.845937
vt 0.908098 0.845937
vt 0.908098 0.845937
vt 0.908098 0.845937
vt 0.908098 0.845937
vt 0.908098 0.845937
vt 0.908098 0.845937
vt 0.908097 0.845938
vt 0.908098 0.845938
vt 0.908098 0.845938
vt 0.908097 0.845938
vt 0.288671 0.034353
vt 0.288671 0.034354
vt 0.288670 0.034354
vt 0.288670 0.034353
vt 0.288671 0.034353
vt 0.288671 0.034354
vt 0.288672 0.034353
vt 0.288672 0.034354
vt 0.288673 0.034352
vt 0.288674 0.034352
vt 0.288673 0.034352
vt 0.288674 0.034352
vt 0.288670 0.034354
vt 0.288670 0.034353
vt 0.908098 0.845937
vt 0.908098 0.845937
vt 0.288673 0.034351
vt 0.288674 0.034351
vt 0.908098 0.845937
vt 0.908098 0.845937
vt 0.908098 0.845938
vt 0.908098 0.845938
vt 0.908098 0.845938
vt 0.908098 0.845938
vt 0.908098 0.845938
vt 0.908098 0.845938
vt 0.908098 0.845938
vt 0.908098 0.845938
vt 0.908098 0.845938
vt 0.908098 0.845938
vt 0.908098 0.845938
vt 0.908098 0.845938
vt 0.908098 0.845938
vt 0.908098 0.845938
vt 0.908098 0.845938
vt 0.908098 0.845938
vt 0.908098 0.845938
vt 0.908098 0.845938
vt 0.908098 0.845938
vt 0.908098 0.845938
vt 0.908098 0.845937
vt 0.908098 0.845938
vt 0.908098 0.845938
vt 0.908098 0.845937
vt 0.908098 0.845937
vt 0.908098 0.845937
vt 0.908098 0.845937
vt 0.908098 0.845937
vt 0.908098 0.845938
vt 0.908098 0.845938
vt 0.908098 0.845938
vt 0.908098 0.845938
vt 0.908098 0.845938
vt 0.908098 0.845938
vt 0.908098 0.845938
vt 0.908098 0.845938
vt 0.908098 0.845938
vt 0.908098 0.845938
vt 0.908098 0.845938
vt 0.908098 0.845938
vt 0.908098 0.845938
vt 0.908098 0.845938
vt 0.908098 0.845938
vt 0.908098 0.845938
vt 0.908098 0.845938
vt 0.908098 0.845938
vt 0.908098 0.845938
vt 0.908098 0.845938
vt 0.908098 0.845937
vt 0.908098 0.845938
vt 0.908098 0.845937
vt 0.908098 0.845937
vt 0.908098 0.845937
vt 0.908098 0.845937
vt 0.908098 0.845938
vt 0.908098 0.845938
vt 0.908098 0.845938
vt 0.908098 0.845938
vt 0.908098 0.845937
vt 0.908098 0.845937
vt 0.908098 0.845937
vt 0.908098 0.845937
vt 0.908097 0.845938
vt 0.908097 0.845938
vt 0.908097 0.845938
vt 0.908097 0.845938
vt 0.908097 0.845938
vt 0.908097 0.845938
vt 0.908097 0.845938
vt 0.908097 0.845938
vt 0.908098 0.845938
vt 0.908098 0.845938
vt 0.908098 0.845938
vt 0.908098 0.845938
vt 0.908098 0.845938
vt 0.908098 0.845938
vt 0.908098 0.845938
vt 0.908098 0.845938
vt 0.908098 0.845937
vt 0.908098 0.845937
vt 0.908098 0.845937
vt 0.908098 0.845937
vt 0.908098 0.845938
vt 0.908098 0.845938
vt 0.908098 0.845937
vt 0.908098 0.845937
vt 0.908098 0.845937
vt 0.908098 0.845937
vt 0.908098 0.845938
vt 0.908098 0.845938
vt 0.908098 0.845938
vt 0.908098 0.845938
vt 0.908098 0.845938
vt 0.908098 0.845938
vt 0.908098 0.845938
vt 0.908098 0.845938
vt 0.908098 0.845938
vt 0.908098 0.845938
vt 0.908098 0.845938
vt 0.908098 0.845938
vt 0.908098 0.845938
vt 0.908098 0.845938
vt 0.908098 0.845937
vt 0.908098 0.845937
vt 0.908098 0.845938
vt 0.908098 0.845938
vt 0.908098 0.845938
vt 0.908098 0.845938
vt 0.908098 0.845937
vt 0.908098 0.845937
vt 0.908098 0.845938
vt 0.908098 0.845938
vt 0.908098 0.845938
vt 0.908098 0.845938
vt 0.908098 0.845938
vt 0.908098 0.845938
vt 0.908098 0.845938
vt 0.908098 0.845938
vt 0.908098 0.845937
vt 0.908098 0.845937
vt 0.908098 0.845937
vt 0.908098 0.845937
vt 0.908098 0.845937
vt 0.908098 0.845937
vt 0.908098 0.845938
vt 0.908098 0.845938
vt 0.908098 0.845938
vt 0.908098 0.845938
vt 0.908098 0.845937
vt 0.908098 0.845937
vt 0.908098 0.845937
vt 0.908098 0.845937
vt 0.908098 0.845938
vt 0.908098 0.845938
vt 0.908098 0.845938
vt 0.908098 0.845938
vt 0.908098 0.845937
vt 0.908098 0.845937
vt 0.908098 0.845937
vt 0.908098 0.845937
vt 0.908098 0.845938
vt 0.908098 0.845938
vt 0.908098 0.845937
vt 0.908098 0.845937
vt 0.908098 0.845938
vt 0.908098 0.845938
vt 0.908098 0.845937
vt 0.908098 0.845937
vt 0.908098 0.845938
vt 0.908098 0.845938
vt 0.908098 0.845938
vt 0.908098 0.845938
vt 0.908098 0.845937
vt 0.908098 0.845937
vt 0.908098 0.845938
vt 0.908098 0.845938
vt 0.908098 0.845938
vt 0.908098 0.845938
vt 0.283314 0.033189
vt 0.283315 0.033189
vt 0.283315 0.033189
vt 0.283315 0.033189
vt 0.283315 0.033189
vt 0.283315 0.033189
vt 0.283315 0.033189
vt 0.283314 0.033189
vt 0.283314 0.033188
vt 0.283315 0.033188
vt 0.283315 0.033188
vt 0.283315 0.033188
vt 0.283315 0.033188
vt 0.283315 0.033189
vt 0.283315 0.033189
vt 0.283314 0.033189
vt 0.283314 0.033189
vt 0.283314 0.033188
vt 0.283314 0.033189
vt 0.283314 0.033189
vt 0.908098 0.845938
vt 0.908098 0.845938
vt 0.908098 0.845938
vt 0.908098 0.845938
vt 0.908098 0.845938
vt 0.908098 0.845938
vt 0.908098 0.845938
vt 0.908098 0.845938
vt 0.908098 0.845938
vt 0.908098 0.845938
vt 0.908098 0.845937
vt 0.908098 0.845937
vt 0.908098 0.845937
vt 0.908098 0.845937
vt 0.908098 0.845938
vt 0.908098 0.845938
vt 0.908098 0.845937
vt 0.908098 0.845937
vt 0.908098 0.845938
vt 0.908098 0.845938
vt 0.908098 0.845938
vt 0.908098 0.845938
vt 0.908098 0.845937
vt 0.908098 0.845937
vt 0.908098 0.845937
vt 0.908098 0.845937
vt 0.908098 0.845937
vt 0.908098 0.845937
vt 0.908098 0.845937
vt 0.908098 0.845937
vt 0.908098 0.845938
vt 0.908098 0.845938
vt 0.908098 0.845937
vt 0.908098 0.845937
vt 0.908098 0.845937
vt 0.908098 0.845937
vt 0.908098 0.845937
vt 0.908098 0.845937
vt 0.908098 0.845937
vt 0.908098 0.845937
vt 0.908097 0.845938
vt 0.908098 0.845938
vt 0.908098 0.845938
vt 0.908097 0.845938
vt 0.283315 0.033189
vt 0.283315 0.033189
vt 0.283314 0.033189
vt 0.283314 0.033189
vt 0.283315 0.033189
vt 0.283315 0.033189
vt 0.283315 0.033189
vt 0.283315 0.033189
vt 0.283315 0.033189
vt 0.283315 0.033189
vt 0.283315 0.033189
vt 0.283315 0.033189
vt 0.283314 0.033189
vt 0.283314 0.033189
vt 0.908098 0.845937
vt 0.908098 0.845937
vt 0.283315 0.033189
vt 0.283315 0.033189
vt 0.908098 0.845937
vt 0.908098 0.845937
vt 0.908098 0.845938
vt 0.908098 0.845938
vt 0.908098 0.845938
vt 0.908098 0.845938
vt 0.908098 0.845938
vt 0.908098 0.845938
vt 0.908098 0.845938
vt 0.908098 0.845938
vt 0.908098 0.845938
vt 0.908098 0.845938
vt 0.908098 0.845938
vt 0.908098 0.845938
vt 0.908098 0.845938
vt 0.908098 0.845938
vt 0.908098 0.845938
vt 0.908098 0.845938
vt 0.909300 0.846305
vt 0.909300 0.846304
vt 0.909300 0.846304
vt 0.909300 0.846305
vt 0.909302 0.846304
vt 0.909302 0.846305
vt 0.909302 0.846305
vt 0.909302 0.846304
vt 0.909300 0.846305
vt 0.909300 0.846306
vt 0.909299 0.846306
vt 0.909299 0.846305
vt 0.909301 0.846305
vt 0.909301 0.846306
vt 0.909300 0.846306
vt 0.909300 0.846305
vt 0.909302 0.846305
vt 0.909302 0.846306
vt 0.909303 0.846305
vt 0.909303 0.846305
vt 0.909303 0.846305
vt 0.909303 0.846305
vt 0.909302 0.846305
vt 0.909303 0.846305
vt 0.909302 0.846305
vt 0.909303 0.846305
vt 0.909302 0.846303
vt 0.909303 0.846303
vt 0.909303 0.846304
vt 0.909302 0.846304
vt 0.909303 0.846304
vt 0.909303 0.846303
vt 0.909303 0.846303
vt 0.909303 0.846304
vt 0.909303 0.846303
vt 0.909300 0.846303
vt 0.909300 0.846303
vt 0.909300 0.846303
vt 0.909300 0.846303
vt 0.909301 0.846306
vt 0.909301 0.846306
vt 0.909303 0.846305
vt 0.909303 0.846305
vt 0.909300 0.846306
vt 0.909300 0.846306
vt 0.909300 0.846306
vt 0.909300 0.846306
vt 0.909300 0.846307
vt 0.909300 0.846306
vt 0.909300 0.846306
vt 0.909300 0.846307
vt 0.909299 0.846304
vt 0.909299 0.846305
vt 0.909300 0.846305
vt 0.909300 0.846305
vt 0.909301 0.846305
vt 0.909302 0.846305
vt 0.909302 0.846305
vt 0.909302 0.846305
vt 0.909302 0.846304
vt 0.909299 0.846303
vt 0.909302 0.846303
vt 0.909299 0.846303
vt 0.909302 0.846303
vt 0.909302 0.846303
vt 0.909299 0.846303
vt 0.909299 0.846303
vt 0.909302 0.846303
vt 0.909299 0.846303
vt 0.909299 0.846303
vt 0.909299 0.846303
vt 0.909299 0.846303
vt 0.909299 0.846304
vt 0.909299 0.846305
vt 0.909299 0.846305
vt 0.909299 0.846304
vt 0.909299 0.846306
vt 0.909303 0.846303
vt 0.909303 0.846303
vt 0.909299 0.846307
vt 0.909299 0.846307
vt 0.286902 0.032368
vt 0.286902 0.032368
vt 0.286902 0.032368
vt 0.286902 0.032368
vt 0.286902 0.032368
vt 0.286902 0.032368
vt 0.286902 0.032368
vt 0.286902 0.032368
vt 0.286902 0.032368
vt 0.286902 0.032368
vt 0.286902 0.032368
vt 0.286902 0.032368
vt 0.286902 0.032368
vt 0.286902 0.032368
vt 0.286902 0.032368
vt 0.286902 0.032368
vt 0.909303 0.846303
vt 0.909303 0.846303
vt 0.909303 0.846303
vt 0.909303 0.846303
vt 0.909300 0.846306
vt 0.909299 0.846306
vt 0.909299 0.846307
vt 0.909300 0.846307
vt 0.286902 0.032368
vt 0.286902 0.032368
vt 0.286902 0.032368
vt 0.286902 0.032368
vt 0.286902 0.032368
vt 0.286902 0.032368
vt 0.286902 0.032368
vt 0.286902 0.032368
vt 0.286902 0.032368
vt 0.286902 0.032368
vt 0.286902 0.032368
vt 0.286902 0.032368
vt 0.286902 0.032368
vt 0.286902 0.032368
vt 0.286902 0.032368
vt 0.286902 0.032368
vt 0.909303 0.846303
vt 0.909303 0.846303
vt 0.909303 0.846303
vt 0.909303 0.846303
vt 0.909303 0.846303
vt 0.909303 0.846303
vt 0.909300 0.846307
vt 0.909299 0.846307
vt 0.909302 0.846303
vt 0.909300 0.846303
vt 0.909299 0.846303
vt 0.909302 0.846303
vt 0.909300 0.846303
vt 0.909299 0.846303
vt 0.909300 0.846304
vt 0.909300 0.846305
vt 0.909299 0.846305
vt 0.909299 0.846304
vt 0.909302 0.846304
vt 0.909302 0.846303
vt 0.909302 0.846303
vt 0.909302 0.846304
vt 0.909302 0.846305
vt 0.909302 0.846305
vt 0.909302 0.846305
vt 0.909302 0.846305
vt 0.909301 0.846305
vt 0.909302 0.846305
vt 0.909301 0.846305
vt 0.909301 0.846305
vt 0.909300 0.846305
vt 0.909300 0.846305
vt 0.909300 0.846305
vt 0.909300 0.846305
vt 0.286902 0.032368
vt 0.286902 0.032368
vt 0.286902 0.032368
vt 0.286902 0.032368
vt 0.286902 0.032368
vt 0.286902 0.032368
vt 0.286902 0.032368
vt 0.286902 0.032368
vt 0.286902 0.032368
vt 0.286902 0.032368
vt 0.286902 0.032368
vt 0.909300 0.846303
vt 0.909302 0.846303
vt 0.909302 0.846303
vt 0.909300 0.846303
vt 0.909302 0.846303
vt 0.909302 0.846303
vt 0.909302 0.846303
vt 0.909302 0.846303
vt 0.909302 0.846305
vt 0.909302 0.846305
vt 0.909300 0.846305
vt 0.909300 0.846305
vt 0.909300 0.846305
vt 0.909300 0.846305
vt 0.909301 0.846305
vt 0.909301 0.846305
vt 0.909301 0.846305
vt 0.909301 0.846305
vt 0.909300 0.846305
vt 0.909300 0.846305
vt 0.909300 0.846303
vt 0.909302 0.846303
vt 0.909302 0.846303
vt 0.909300 0.846303
vt 0.909300 0.846305
vt 0.909300 0.846305
vt 0.909300 0.846304
vt 0.909300 0.846304
vt 0.909302 0.846304
vt 0.909302 0.846304
vt 0.909302 0.846305
vt 0.909302 0.846305
vt 0.909300 0.846305
vt 0.909299 0.846305
vt 0.909299 0.846306
vt 0.909300 0.846306
vt 0.909301 0.846305
vt 0.909300 0.846305
vt 0.909300 0.846306
vt 0.909301 0.846306
vt 0.909302 0.846305
vt 0.909302 0.846306
vt 0.909303 0.846305
vt 0.909303 0.846305
vt 0.909303 0.846305
vt 0.909303 0.846305
vt 0.909302 0.846305
vt 0.909303 0.846305
vt 0.909302 0.846305
vt 0.909303 0.846305
vt 0.909302 0.846303
vt 0.909302 0.846304
vt 0.909303 0.846304
vt 0.909303 0.846303
vt 0.909303 0.846304
vt 0.909303 0.846304
vt 0.909303 0.846303
vt 0.909303 0.846303
vt 0.909303 0.846303
vt 0.909300 0.846303
vt 0.909300 0.846303
vt 0.909300 0.846303
vt 0.909300 0.846303
vt 0.909301 0.846306
vt 0.909301 0.846306
vt 0.909303 0.846305
vt 0.909303 0.846305
vt 0.909300 0.846306
vt 0.909300 0.846306
vt 0.909300 0.846306
vt 0.909300 0.846306
vt 0.909300 0.846306
vt 0.909300 0.846306
vt 0.909299 0.846304
vt 0.909302 0.846304
vt 0.909302 0.846305
vt 0.909302 0.846305
vt 0.909302 0.846305
vt 0.909301 0.846305
vt 0.909300 0.846305
vt 0.909300 0.846305
vt 0.909299 0.846305
vt 0.909299 0.846303
vt 0.909302 0.846303
vt 0.909299 0.846303
vt 0.909302 0.846303
vt 0.909302 0.846303
vt 0.909302 0.846303
vt 0.909299 0.846303
vt 0.909299 0.846303
vt 0.909299 0.846303
vt 0.909299 0.846303
vt 0.909299 0.846303
vt 0.909299 0.846303
vt 0.909299 0.846304
vt 0.909299 0.846304
vt 0.909299 0.846305
vt 0.909299 0.846305
vt 0.909299 0.846306
vt 0.286902 0.032368
vt 0.286902 0.032368
vt 0.286902 0.032368
vt 0.286902 0.032368
vt 0.286902 0.032368
vt 0.286902 0.032368
vt 0.286902 0.032368
vt 0.286902 0.032368
vt 0.909303 0.846303
vt 0.909303 0.846303
vt 0.909300 0.846306
vt 0.909299 0.846306
vt 0.286902 0.032368
vt 0.286902 0.032368
vt 0.286902 0.032368
vt 0.286902 0.032368
vt 0.286902 0.032368
vt 0.286902 0.032368
vt 0.286902 0.032368
vt 0.286902 0.032368
vt 0.909303 0.846303
vt 0.909303 0.846303
vt 0.909302 0.846303
vt 0.909302 0.846303
vt 0.909299 0.846303
vt 0.909300 0.846303
vt 0.909299 0.846303
vt 0.909300 0.846303
vt 0.909300 0.846304
vt 0.909299 0.846304
vt 0.909299 0.846305
vt 0.909300 0.846305
vt 0.909302 0.846304
vt 0.909302 0.846304
vt 0.909302 0.846303
vt 0.909302 0.846303
vt 0.909302 0.846305
vt 0.909302 0.846305
vt 0.909302 0.846305
vt 0.909302 0.846305
vt 0.909301 0.846305
vt 0.909302 0.846305
vt 0.909301 0.846305
vt 0.909301 0.846305
vt 0.909300 0.846305
vt 0.909300 0.846305
vt 0.909300 0.846305
vt 0.909300 0.846305
vt 0.286902 0.032368
vt 0.286902 0.032368
vt 0.286902 0.032368
vt 0.286902 0.032368
vt 0.286902 0.032368
vt 0.286902 0.032368
vt 0.286902 0.032368
vt 0.286902 0.032368
vt 0.286902 0.032368
vt 0.286902 0.032368
vt 0.286902 0.032368
vt 0.909300 0.846303
vt 0.909300 0.846303
vt 0.909302 0.846303
vt 0.909302 0.846303
vt 0.909302 0.846303
vt 0.909302 0.846303
vt 0.909302 0.846303
vt 0.909302 0.846303
vt 0.909302 0.846305
vt 0.909302 0.846305
vt 0.909300 0.846305
vt 0.909300 0.846305
vt 0.909300 0.846305
vt 0.909300 0.846305
vt 0.909301 0.846305
vt 0.909301 0.846305
vt 0.909301 0.846305
vt 0.909301 0.846305
vt 0.909300 0.846305
vt 0.909300 0.846305
vt 0.909300 0.846303
vt 0.909300 0.846303
vt 0.909302 0.846303
vt 0.909302 0.846303
vt 0.471562 0.845937
vt 0.471562 0.845937
vt 0.471562 0.845937
vt 0.344848 0.844094
vt 0.344848 0.844094
vt 0.344847 0.844094
vt 0.344847 0.844094
vt 0.344848 0.844094
vt 0.344847 0.844094
vt 0.344847 0.844094
vt 0.344848 0.844094
vt 0.344845 0.844094
vt 0.344845 0.844094
vt 0.532465 0.845105
vt 0.532465 0.845105
vt 0.532465 0.845105
vt 0.532465 0.845105
vt 0.532465 0.845105
vt 0.532465 0.845105
vt 0.532465 0.845105
vt 0.532465 0.845105
vt 0.532465 0.845105
vt 0.532465 0.845105
vt 0.532465 0.845105
vt 0.532465 0.845105
vt 0.344845 0.844094
vt 0.344845 0.844094
vt 0.471563 0.845937
vt 0.471563 0.845937
vt 0.471563 0.845937
vt 0.471562 0.845937
vt 0.471562 0.845937
vt 0.471562 0.845937
vt 0.344848 0.844094
vt 0.344847 0.844094
vt 0.344847 0.844094
vt 0.344848 0.844094
vt 0.344848 0.844094
vt 0.344848 0.844094
vt 0.344847 0.844094
vt 0.344847 0.844094
vt 0.344845 0.844094
vt 0.344845 0.844094
vt 0.532465 0.845105
vt 0.532465 0.845105
vt 0.532465 0.845105
vt 0.532465 0.845105
vt 0.532465 0.845105
vt 0.532465 0.845105
vt 0.532465 0.845105
vt 0.532465 0.845105
vt 0.532465 0.845105
vt 0.532465 0.845105
vt 0.532465 0.845105
vt 0.532465 0.845105
vt 0.344845 0.844094
vt 0.344845 0.844094
vt 0.471563 0.845937
vt 0.471563 0.845937
vt 0.471563 0.845937
vn 0.0000 1.0000 0.0000
vn 0.0000 -1.0000 0.0000
vn -1.0000 0.0000 0.0000
vn 0.0000 0.0000 1.0000
vn 1.0000 0.0000 -0.0000
vn 0.8606 0.0000 0.5093
vn -0.8606 -0.0000 0.5093
vn 0.8260 0.0000 0.5636
vn -0.8260 0.0000 0.5636
vn 0.0000 0.0000 -1.0000
vn 0.8606 0.0000 -0.5093
vn -0.8606 -0.0000 -0.5093
vn 0.8260 0.0000 -0.5636
vn -0.8260 0.0000 -0.5636
vn 0.8170 0.0000 0.5767
vn 0.9252 -0.3794 0.0000
vn 0.9252 0.3794 0.0000
vn 0.8170 0.0000 -0.5767
vn 0.7071 0.0000 0.7071
vn 0.7071 0.0000 -0.7071
vn 0.7071 -0.7071 -0.0000
vn 0.7071 0.7071 -0.0000
vn 0.9437 0.3307 -0.0000
vn -0.5315 -0.8471 0.0000
vn -0.8170 0.0000 -0.5767
vn -0.9252 -0.3794 -0.0000
vn -0.9252 0.3794 -0.0000
vn -0.8170 0.0000 0.5767
vn -0.8169 0.0000 0.5767
vn 0.1176 0.0015 0.9931
vn -0.9935 -0.0752 0.0859
vn -0.0859 -0.0752 -0.9935
vn 0.9931 0.0015 -0.1176
vn 0.9881 -0.1164 0.1006
vn -0.0337 -0.1828 0.9826
vn 0.2112 -0.2010 -0.9566
vn 0.0000 -0.3530 -0.9356
vn 0.9881 -0.1166 -0.1006
vn 0.9935 -0.0752 0.0859
vn 0.9991 -0.0415 0.0045
vn -0.9931 0.0015 -0.1176
vn -0.9991 -0.0415 0.0045
vn 0.9933 0.1015 -0.0556
vn -0.6987 0.7154 -0.0033
vn -0.8679 0.0870 -0.4891
vn -0.0374 0.8441 -0.5349
vn 0.3017 0.5054 -0.8084
vn -0.0000 -0.9977 -0.0673
vn -0.1006 -0.1156 0.9882
vn 0.0859 -0.0752 -0.9935
vn 0.0000 -0.0855 -0.9963
vn -0.1176 0.0015 0.9931
vn 0.0000 0.0035 1.0000
vn 0.0000 0.9977 0.0673
vn 0.0337 -0.1828 0.9826
vn -0.3875 0.9198 0.0620
vn 0.7934 0.6086 0.0073
vn 0.0000 0.6557 -0.7550
vn 0.0074 0.6442 -0.7648
vn 0.8679 0.0870 -0.4891
vn -0.9999 0.0159 0.0000
vn -0.0556 0.1007 -0.9934
vn -0.9881 -0.1166 -0.1006
vn 0.9933 0.1017 0.0556
vn 0.1005 -0.1174 -0.9880
vn -0.9881 -0.1164 0.1006
vn -0.9933 0.1015 -0.0556
vn -0.9933 0.1017 0.0556
vn 0.1006 -0.1156 0.9882
vn 0.0556 0.1025 0.9932
vn 0.0556 0.1007 -0.9934
vn -0.1005 -0.1174 -0.9880
vn -0.0556 0.1025 0.9932
vn 0.9997 0.0224 0.0000
vn 0.9955 -0.0144 -0.0936
vn -0.9997 0.0224 0.0000
vn 0.0936 -0.0144 0.9955
vn 0.0000 0.0159 -0.9999
vn -0.9955 -0.0144 -0.0936
vn -0.0936 -0.0144 -0.9955
vn 0.9955 -0.0144 0.0936
vn -0.0936 -0.0144 0.9955
vn 0.0000 0.0224 0.9997
vn -0.9955 -0.0144 0.0936
vn 0.0000 0.0224 -0.9997
vn 0.0936 -0.0144 -0.9955
vn 0.9999 0.0159 -0.0000
vn 0.0000 0.0159 0.9999
vn -0.9963 0.0046 -0.0862
vn 0.0000 0.0903 -0.9959
vn 0.0940 -0.0974 0.9908
vn 1.0000 0.0060 0.0002
vn -1.0000 0.0060 0.0002
vn 0.9963 0.0046 -0.0862
vn -0.0940 -0.0974 0.9908
vn 0.0000 -0.1883 0.9821
vn 0.6987 0.7154 -0.0033
vn -0.2069 -0.9758 -0.0715
vn 0.0000 -0.1811 0.9835
vn 0.3875 0.9198 0.0620
vn 0.2069 -0.9758 -0.0715
vn 0.0184 0.9997 -0.0186
vn 0.0179 0.9998 0.0035
vn -0.0179 0.9998 0.0035
vn 0.0000 1.0000 0.0051
vn -0.0184 0.9997 -0.0186
vn 0.0000 0.9997 -0.0255
vn 0.0000 0.1864 -0.9825
vn -0.2681 0.1706 -0.9482
vn 0.2681 0.1706 -0.9482
vn 0.0000 0.6779 -0.7352
vn -0.0074 0.6442 -0.7648
vn 0.1001 0.8433 0.5281
vn 0.0060 -0.3423 -0.9396
vn -0.7934 0.6086 0.0073
vn -0.0060 -0.3423 -0.9396
vn 0.0374 0.8441 -0.5349
vn -0.1001 0.8433 0.5281
vn -0.2112 -0.2010 -0.9566
vn 0.0000 0.4196 0.9077
vn -0.3017 0.5054 -0.8084
vn -0.9979 0.0000 0.0654
vn -0.9659 0.0000 0.2588
vn -0.9980 0.0000 0.0629
vn -0.9683 -0.0000 0.2498
vn -0.8740 -0.0000 0.4859
vn -0.7204 -0.0000 0.6936
vn -0.5142 -0.0000 0.8576
vn -0.2681 -0.0000 0.9634
vn -0.0680 0.0000 0.9977
vn -0.0680 0.0000 -0.9977
vn -0.2681 0.0000 -0.9634
vn -0.5142 0.0000 -0.8576
vn -0.7204 0.0000 -0.6936
vn -0.8740 0.0000 -0.4859
vn -0.9683 0.0000 -0.2498
vn -0.9980 0.0000 -0.0629
vn 0.9980 -0.0000 -0.0629
vn 0.9683 -0.0000 -0.2498
vn 0.8740 -0.0000 -0.4859
vn 0.7204 -0.0000 -0.6936
vn 0.5142 -0.0000 -0.8576
vn 0.2681 -0.0000 -0.9634
vn 0.0680 0.0000 -0.9977
vn -0.9979 0.0000 -0.0654
vn -0.8660 0.0000 0.5000
vn -0.7071 0.0000 0.7071
vn -0.5000 0.0000 0.8660
vn -0.2588 0.0000 0.9659
vn -0.0654 0.0000 0.9979
vn 0.0654 -0.0000 0.9979
vn 0.2588 -0.0000 0.9659
vn 0.5000 -0.0000 0.8660
vn 0.8660 0.0000 0.5000
vn 0.9659 0.0000 0.2588
vn 0.9979 0.0000 0.0654
vn 0.9979 0.0000 -0.0654
vn 0.9659 0.0000 -0.2588
vn 0.8660 0.0000 -0.5000
vn 0.5000 0.0000 -0.8660
vn 0.2588 0.0000 -0.9659
vn 0.0654 0.0000 -0.9979
vn -0.0654 -0.0000 -0.9979
vn -0.2588 -0.0000 -0.9659
vn -0.5000 -0.0000 -0.8660
vn -0.7071 -0.0000 -0.7071
vn -0.8660 0.0000 -0.5000
vn -0.9659 0.0000 -0.2588
vn 0.2681 0.0000 0.9634
vn 0.0680 0.0000 0.9977
vn 0.5142 0.0000 0.8576
vn 0.7204 0.0000 0.6936
vn 0.8740 0.0000 0.4859
vn 0.9683 0.0000 0.2498
vn 0.9980 0.0000 0.0629
vn 0.9979 0.0000 -0.0641
vn 0.9979 0.0000 0.0641
vn -0.0668 0.0000 -0.9978
vn 0.0668 -0.0000 -0.9978
vn 0.0668 0.0000 0.9978
vn -0.0668 -0.0000 0.9978
vn -0.9979 0.0000 -0.0641
vn 0.9672 0.0000 0.2539
vn 0.8704 0.0000 0.4924
vn 0.7143 0.0000 0.6999
vn 0.5076 0.0000 0.8616
vn 0.2638 0.0000 0.9646
vn 0.2638 -0.0000 -0.9646
vn 0.5076 -0.0000 -0.8616
vn 0.7143 -0.0000 -0.6999
vn 0.8704 -0.0000 -0.4924
vn 0.9672 0.0000 -0.2539
vn -0.9672 0.0000 -0.2539
vn -0.8704 0.0000 -0.4924
vn -0.7143 0.0000 -0.6999
vn -0.5076 0.0000 -0.8616
vn -0.2638 0.0000 -0.9646
vn -0.2638 -0.0000 0.9646
vn -0.5076 -0.0000 0.8616
vn -0.7143 -0.0000 0.6999
vn -0.8704 -0.0000 0.4924
vn -0.9672 0.0000 0.2539
vn -0.9979 0.0000 0.0641
vn -0.9674 -0.0000 -0.2533
vn -0.9980 -0.0000 -0.0639
vn -0.8709 -0.0000 -0.4914
vn -0.7151 -0.0000 -0.6990
vn -0.5086 -0.0000 -0.8610
vn -0.2644 -0.0000 -0.9644
vn -0.0670 -0.0000 -0.9978
vn 0.0670 0.0000 -0.9978
vn 0.2644 0.0000 -0.9644
vn 0.5086 0.0000 -0.8610
vn 0.7151 0.0000 -0.6990
vn 0.8709 0.0000 -0.4914
vn 0.9674 0.0000 -0.2533
vn 0.9980 0.0000 -0.0639
vn 0.9674 -0.0000 0.2533
vn 0.9980 -0.0000 0.0639
vn 0.8709 -0.0000 0.4914
vn 0.7151 -0.0000 0.6990
vn 0.5086 -0.0000 0.8610
vn 0.2644 -0.0000 0.9644
vn 0.0670 -0.0000 0.9978
vn -0.0670 0.0000 0.9978
vn -0.2644 0.0000 0.9644
vn -0.5086 0.0000 0.8610
vn -0.7151 0.0000 0.6990
vn -0.8709 0.0000 0.4914
vn -0.9674 0.0000 0.2533
vn -0.9980 0.0000 0.0639
vn -0.9600 -0.0000 -0.2801
vn -0.9975 -0.0000 -0.0714
vn -0.8466 -0.0000 -0.5323
vn -0.6763 0.0000 -0.7366
vn -0.4683 0.0000 -0.8836
vn -0.2389 0.0000 -0.9711
vn -0.0599 0.0000 -0.9982
vn 0.0599 0.0000 -0.9982
vn 0.2389 0.0000 -0.9711
vn 0.4683 0.0000 -0.8836
vn 0.6763 0.0000 -0.7366
vn 0.8466 0.0000 -0.5323
vn 0.9600 0.0000 -0.2801
vn 0.9975 0.0000 -0.0714
vn 0.9600 -0.0000 0.2801
vn 0.9975 -0.0000 0.0714
vn 0.8466 -0.0000 0.5323
vn 0.6763 -0.0000 0.7366
vn 0.4683 -0.0000 0.8836
vn 0.2389 0.0000 0.9711
vn 0.0599 0.0000 0.9982
vn -0.0599 0.0000 0.9982
vn -0.2389 0.0000 0.9711
vn -0.4683 0.0000 0.8836
vn -0.6763 0.0000 0.7366
vn -0.8466 0.0000 0.5323
vn -0.9600 0.0000 0.2801
vn -0.9975 0.0000 0.0714
vn -0.7213 0.0000 0.6926
vn -0.0000 -0.8042 0.5944
vn 0.0000 0.8042 0.5944
vn 0.7135 0.0000 -0.7006
vn -0.0000 0.8042 -0.5944
vn 0.0000 -0.8042 -0.5944
vn -0.7214 0.0000 0.6926
vn 0.7135 0.0000 0.7007
vn -0.7214 0.0000 -0.6926
vn 0.7135 0.0000 0.7006
vn 0.3828 0.0001 0.9238
vn 0.3829 -0.0000 0.9238
vn 0.9239 -0.0000 0.3827
vn 0.9952 -0.0000 0.0980
vn 0.9946 0.0000 0.1034
vn 0.9272 0.0000 0.3746
vn 0.7082 0.0000 0.7060
vn 0.3662 0.0000 0.9305
vn 0.0929 0.0000 0.9957
vn 0.1955 -0.0000 0.9807
vn 0.1952 -0.0003 0.9808
vn 0.3828 -0.0001 0.9238
vn 0.0979 -0.0003 0.9952
vn 0.0979 0.0005 0.9952
vn 0.1952 0.0005 0.9808
vn 0.1948 -0.0000 0.9808
vn 0.1304 -0.0001 0.9915
vn 0.1947 -0.0001 0.9809
vn 0.0977 -0.0002 0.9952
vn 0.1304 0.0001 0.9915
vn 0.1947 0.0001 0.9809
vn 0.0977 0.0002 0.9952
vn 0.0000 0.0001 1.0000
vn 0.7082 0.0000 -0.7060
vn 0.0000 -0.0001 1.0000
vn 0.3829 -0.0000 -0.9238
vn 0.3828 0.0001 -0.9238
vn 0.9239 -0.0000 -0.3827
vn 0.9952 -0.0000 -0.0980
vn 0.9946 0.0000 -0.1034
vn 0.9272 0.0000 -0.3746
vn 0.3662 0.0000 -0.9305
vn 0.0929 0.0000 -0.9957
vn 0.1955 -0.0000 -0.9807
vn 0.3828 -0.0001 -0.9238
vn 0.1952 -0.0004 -0.9808
vn 0.0979 -0.0003 -0.9952
vn 0.0979 0.0005 -0.9952
vn 0.1952 0.0005 -0.9808
vn 0.1948 -0.0000 -0.9808
vn 0.1947 -0.0001 -0.9809
vn 0.1304 -0.0001 -0.9915
vn 0.0977 -0.0002 -0.9952
vn 0.1304 0.0001 -0.9915
vn 0.0977 0.0002 -0.9952
vn 0.1947 0.0001 -0.9809
vn -0.0000 0.0001 -1.0000
vn 0.0000 -0.0001 -1.0000
vn -0.3829 -0.0000 0.9238
vn -0.3828 0.0001 0.9238
vn -0.9239 -0.0000 0.3827
vn -0.9952 -0.0000 0.0980
vn -0.9946 0.0000 0.1034
vn -0.9272 0.0000 0.3746
vn -0.7082 0.0000 0.7060
vn -0.3662 0.0000 0.9305
vn -0.0929 0.0000 0.9957
vn -0.1955 -0.0000 0.9807
vn -0.3828 -0.0001 0.9238
vn -0.1952 -0.0004 0.9808
vn -0.0979 -0.0003 0.9952
vn -0.0979 0.0005 0.9952
vn -0.1952 0.0005 0.9808
vn -0.1948 -0.0000 0.9808
vn -0.1947 -0.0001 0.9809
vn -0.1304 -0.0001 0.9915
vn -0.0977 -0.0002 0.9952
vn -0.1304 0.0001 0.9915
vn -0.0977 0.0002 0.9952
vn -0.1947 0.0001 0.9809
vn -0.7082 0.0000 -0.7060
vn -0.3828 0.0001 -0.9238
vn -0.3829 -0.0000 -0.9238
vn -0.9239 -0.0000 -0.3827
vn -0.9952 -0.0000 -0.0980
vn -0.9946 0.0000 -0.1034
vn -0.9272 0.0000 -0.3746
vn -0.3662 0.0000 -0.9305
vn -0.0929 0.0000 -0.9957
vn -0.1955 -0.0000 -0.9807
vn -0.1952 -0.0003 -0.9808
vn -0.3828 -0.0001 -0.9238
vn -0.0979 -0.0003 -0.9952
vn -0.0979 0.0005 -0.9952
vn -0.1952 0.0005 -0.9808
vn -0.1948 -0.0000 -0.9808
vn -0.1304 -0.0001 -0.9915
vn -0.1947 -0.0001 -0.9809
vn -0.0977 -0.0002 -0.9952
vn -0.1304 0.0001 -0.9915
vn -0.1947 0.0001 -0.9809
vn -0.0977 0.0002 -0.9952
vn 0.3827 0.0000 0.9239
vn 0.0980 0.0000 0.9952
vn 0.3906 0.0000 0.9205
vn 0.1005 0.0000 0.9949
vn 0.7156 0.0000 0.6985
vn 0.9271 0.0000 0.3748
vn 0.9954 0.0000 0.0955
vn 0.3827 0.0000 -0.9239
vn 0.0980 0.0000 -0.9952
vn 0.3906 0.0000 -0.9205
vn 0.1005 0.0000 -0.9949
vn 0.7156 0.0000 -0.6985
vn 0.9271 0.0000 -0.3748
vn 0.9954 0.0000 -0.0955
vn -0.3827 0.0000 0.9239
vn -0.0980 0.0000 0.9952
vn -0.3906 0.0000 0.9205
vn -0.1005 0.0000 0.9949
vn -0.7156 0.0000 0.6985
vn -0.9271 0.0000 0.3748
vn -0.9954 0.0000 0.0955
vn -0.3827 0.0000 -0.9239
vn -0.0980 0.0000 -0.9952
vn -0.3906 0.0000 -0.9205
vn -0.1005 0.0000 -0.9949
vn -0.7156 0.0000 -0.6985
vn -0.9271 0.0000 -0.3748
vn -0.9954 0.0000 -0.0955
vn -0.0770 -0.9970 0.0000
vn 0.9869 0.1613 0.0000
vn 0.9886 0.1505 -0.0000
vn 0.9917 0.1288 -0.0000
vn 0.8038 0.5949 0.0000
vn 0.9438 0.3306 0.0000
vn 0.5807 0.8141 0.0000
vn 0.3039 0.9527 0.0000
vn 0.0770 0.9970 0.0000
vn -0.0764 0.9971 0.0000
vn 0.0017 0.0011 1.0000
vn 0.0035 0.0023 1.0000
vn -0.9318 -0.3628 -0.0038
vn -0.9816 -0.1909 -0.0008
vn -0.9817 -0.1904 0.0000
vn -0.9324 -0.3614 0.0000
vn 0.0037 -1.0000 -0.0000
vn -0.0784 -0.9969 -0.0006
vn -0.0774 -0.9970 0.0000
vn 0.0038 -1.0000 -0.0000
vn 0.0039 -1.0000 0.0000
vn -0.3049 -0.9524 -0.0020
vn -0.3033 -0.9529 0.0000
vn -0.5800 -0.8146 -0.0036
vn -0.5792 -0.8152 0.0000
vn -0.8031 -0.5958 -0.0046
vn -0.8027 -0.5963 0.0000
vn -0.9923 -0.1240 0.0010
vn -0.9923 -0.1240 0.0000
vn 0.9406 0.3396 -0.0000
vn 0.9772 0.2121 -0.0000
vn 0.8542 -0.5199 -0.0000
vn -0.3039 -0.9527 0.0000
vn -0.9869 -0.1613 0.0000
vn -0.9917 -0.1288 0.0000
vn -0.5807 -0.8141 0.0000
vn -0.8038 -0.5949 0.0000
vn -0.9438 -0.3306 0.0000
vn 0.0017 0.0011 -1.0000
vn 0.0035 0.0023 -1.0000
vn -0.9318 -0.3629 0.0038
vn -0.9816 -0.1909 0.0008
vn -0.0784 -0.9969 0.0006
vn -0.3049 -0.9524 0.0020
vn -0.5800 -0.8146 0.0036
vn -0.8031 -0.5958 0.0046
vn -0.9923 -0.1240 -0.0010
vn -0.9970 -0.0770 0.0000
vn 0.0804 0.9968 -0.0007
vn 0.0804 0.9968 0.0007
vn -0.9527 -0.3039 0.0000
vn 0.8824 0.4706 -0.0000
vn 0.8899 0.4561 -0.0000
vn 0.4497 -0.8932 -0.0000
vn 0.3343 -0.9425 -0.0000
vn 0.1617 0.9868 -0.0010
vn 0.1617 0.9868 0.0010
vn 0.3133 0.9496 0.0012
vn 0.9970 0.0770 -0.0000
vn 0.9527 0.3039 -0.0000
vn 0.8141 0.5807 -0.0000
vn 0.5949 0.8038 -0.0000
vn 0.3133 0.9496 -0.0012
vn 0.9973 0.0738 -0.0000
vn 0.9562 0.2929 -0.0000
vn 0.8250 0.5651 -0.0000
vn 0.6104 0.7921 -0.0000
vn 0.3288 0.9444 -0.0000
vn 0.1725 0.9850 -0.0000
vn -0.8141 -0.5807 0.0000
vn -0.5949 -0.8038 0.0000
vn -0.1594 -0.9872 0.0000
vn -0.3142 -0.9493 0.0000
vn 0.0800 0.9968 -0.0000
vn 0.3142 0.9493 -0.0000
vn -0.0800 -0.9968 0.0000
vn -0.4528 -0.0000 0.8916
vn 0.4778 0.3430 0.8087
vn 0.3316 0.4685 0.8189
vn 0.3564 0.4553 0.8159
vn 0.4801 0.3397 0.8088
vn 0.3142 0.9494 -0.0000
vn 0.0000 -0.3823 0.9240
vn -0.0000 -0.3823 -0.9240
vn 0.3316 0.4685 -0.8189
vn 0.4778 0.3430 -0.8087
vn 0.4801 0.3397 -0.8088
vn 0.3564 0.4553 -0.8159
vn 0.0266 0.4845 0.8744
vn 0.0000 0.4736 0.8807
vn 0.0541 0.4954 0.8670
vn 0.1484 0.5068 0.8492
vn 0.1930 0.5061 0.8406
vn -0.0000 0.4736 -0.8807
vn 0.0266 0.4845 -0.8744
vn 0.0541 0.4954 -0.8670
vn 0.1484 0.5068 -0.8492
vn 0.1930 0.5061 -0.8406
vn -0.3142 -0.9494 0.0000
vn 0.3155 0.9489 -0.0000
vn 0.0804 0.9968 -0.0000
vn 0.5967 0.8025 -0.0000
vn 0.8154 0.5789 -0.0000
vn 0.9531 0.3026 -0.0000
vn 0.9971 0.0766 -0.0000
vn 0.5455 0.1654 -0.8216
vn 0.5428 0.1841 -0.8194
vn -0.4528 0.0000 -0.8916
vn 0.5413 0.0323 -0.8402
vn 0.5324 0.0000 -0.8465
vn 0.5467 0.0529 -0.8357
vn 0.5455 0.1654 0.8216
vn 0.5428 0.1841 0.8194
vn 0.5324 0.0000 0.8465
vn 0.5413 0.0323 0.8402
vn 0.5467 0.0529 0.8357
vn 0.0469 0.9989 0.0000
vn 0.0824 0.0000 -0.9966
vn 0.0824 0.0000 0.9966
vn 0.9972 0.0000 -0.0747
vn 0.9552 0.0000 -0.2959
vn 0.8220 0.0000 -0.5695
vn 0.6060 0.0000 -0.7954
vn 0.3225 0.0000 -0.9466
vn 0.9972 0.0000 0.0747
vn 0.9552 0.0000 0.2959
vn 0.8220 0.0000 0.5695
vn 0.6060 0.0000 0.7954
vn 0.3225 0.0000 0.9466
vn 0.9924 0.1233 -0.0000
vn 0.2003 0.9797 -0.0000
vn 0.4214 0.9069 -0.0000
vn 0.6629 0.7487 -0.0000
vn 0.8940 0.4481 -0.0000
vn 0.3672 0.9301 -0.0000
vn -0.0001 0.0257 0.9997
vn -0.0001 0.0344 0.9994
vn -0.4032 0.2400 -0.8831
vn -0.4274 0.0353 -0.9034
vn -0.7471 0.0617 -0.6618
vn -0.7169 0.2564 -0.6483
vn 0.9185 0.1970 0.3430
vn 0.9374 0.0000 0.3484
vn 0.9962 0.0000 0.0875
vn 0.9772 0.1941 0.0860
vn -0.9033 0.2642 -0.3379
vn -0.9357 0.0773 -0.3443
vn -0.9928 0.0820 -0.0868
vn -0.9601 0.2666 -0.0846
vn 0.1097 0.0000 -0.9940
vn 0.1069 0.2138 -0.9710
vn 0.4076 0.2105 -0.8886
vn 0.4187 0.0000 -0.9081
vn -0.0001 0.0344 -0.9994
vn -0.0001 0.0257 -0.9997
vn -0.7471 0.0617 0.6618
vn -0.7169 0.2564 0.6483
vn -0.9033 0.2642 0.3379
vn -0.9357 0.0773 0.3443
vn -0.4274 0.0353 0.9034
vn -0.4032 0.2400 0.8831
vn -0.1154 0.0095 0.9933
vn -0.1060 0.2216 0.9694
vn -0.1154 0.0095 -0.9933
vn -0.1060 0.2216 -0.9694
vn 0.9374 0.0000 -0.3484
vn 0.9185 0.1970 -0.3430
vn 0.9772 0.1941 -0.0860
vn 0.9962 0.0000 -0.0875
vn -0.9928 0.0820 0.0868
vn -0.9601 0.2666 0.0846
vn 0.7441 0.0000 -0.6681
vn 0.7269 0.2035 -0.6559
vn 0.1069 0.2138 0.9710
vn 0.1097 -0.0000 0.9940
vn 0.4187 0.0000 0.9081
vn 0.4076 0.2105 0.8886
vn 0.7269 0.2035 0.6559
vn 0.7441 0.0000 0.6681
vn 0.0208 0.9824 0.1857
vn 0.0853 0.9801 0.1791
vn 0.1542 0.9789 0.1342
vn 0.1975 0.9777 0.0712
vn 0.2036 0.9789 0.0176
vn 0.2036 0.9789 -0.0176
vn 0.1975 0.9777 -0.0712
vn 0.1542 0.9789 -0.1342
vn 0.0853 0.9801 -0.1791
vn 0.0208 0.9824 -0.1857
vn -0.0203 0.9825 -0.1851
vn -0.0834 0.9806 -0.1773
vn -0.1504 0.9798 -0.1317
vn -0.1919 0.9790 -0.0695
vn -0.1975 0.9802 -0.0171
vn -0.1975 0.9802 0.0171
vn -0.1919 0.9790 0.0695
vn -0.1504 0.9798 0.1317
vn -0.0834 0.9806 0.1773
vn -0.0203 0.9825 0.1851
vn -0.8582 0.3835 0.3413
vn -0.8582 0.3835 -0.3413
vn -0.0002 0.0799 0.9968
vn -0.0002 0.0799 -0.9968
vn 0.9177 0.3973 0.0000
vn -0.2860 0.7228 0.6291
vn -0.0730 0.7265 0.6833
vn -0.5121 0.7238 0.4624
vn -0.6487 0.7216 0.2420
vn -0.6843 0.7267 0.0602
vn -0.0730 0.7265 -0.6833
vn -0.2860 0.7228 -0.6291
vn -0.5121 0.7238 -0.4624
vn -0.6487 0.7216 -0.2420
vn -0.6843 0.7267 -0.0602
vn 0.2954 0.7112 -0.6379
vn 0.0759 0.7236 -0.6860
vn 0.5302 0.7028 -0.4743
vn 0.6745 0.6946 -0.2499
vn 0.7132 0.6981 -0.0626
vn 0.0759 0.7236 0.6860
vn 0.2954 0.7112 0.6379
vn 0.5302 0.7028 0.4743
vn 0.6745 0.6946 0.2499
vn 0.7132 0.6981 0.0626
vn 0.0000 -0.4144 -0.9101
vn -0.3483 -0.4144 -0.8408
vn 0.8408 -0.4144 0.3483
vn 0.9101 -0.4144 0.0000
vn -0.6435 -0.4144 0.6435
vn -0.3483 -0.4144 0.8408
vn -0.6435 -0.4144 -0.6435
vn -0.8408 -0.4144 -0.3483
vn 0.8408 -0.4144 -0.3483
vn 0.6435 -0.4144 -0.6435
vn 0.0000 -0.4144 0.9101
vn 0.3483 -0.4144 0.8408
vn 0.3483 -0.4144 -0.8408
vn 0.6435 -0.4144 0.6435
vn -0.8408 -0.4144 0.3483
vn -0.9101 -0.4144 0.0000
vn -0.9667 0.2558 -0.0000
vn -0.8373 0.2566 -0.4828
vn -0.8368 0.2566 -0.4837
vn -0.4838 0.2588 -0.8360
vn -0.4822 0.2589 -0.8369
vn -0.0011 0.2619 -0.9651
vn 0.0010 0.2619 -0.9651
vn 0.4813 0.2650 -0.8356
vn 0.4829 0.2650 -0.8346
vn 0.8343 0.2672 -0.4823
vn 0.8348 0.2672 -0.4814
vn 0.9634 0.2680 0.0000
vn 0.8343 0.2672 0.4823
vn 0.8348 0.2672 0.4814
vn 0.4813 0.2650 0.8356
vn 0.4829 0.2650 0.8346
vn -0.0011 0.2619 0.9651
vn 0.0010 0.2619 0.9651
vn -0.4838 0.2588 0.8360
vn -0.4822 0.2589 0.8369
vn -0.5110 0.0514 -0.8581
vn -0.0162 0.0032 -0.9999
vn -0.8373 0.2566 0.4828
vn -0.8368 0.2566 0.4837
vn 0.1152 0.9933 0.0000
vn 0.0998 0.9933 0.0576
vn 0.0576 0.9933 0.0998
vn -0.0000 0.9933 0.1152
vn -0.0576 0.9933 0.0998
vn -0.0998 0.9933 0.0576
vn -0.1152 0.9933 -0.0000
vn -0.0998 0.9933 -0.0576
vn -0.0576 0.9933 -0.0998
vn 0.0000 0.9933 -0.1152
vn 0.0576 0.9933 -0.0998
vn 0.0998 0.9933 -0.0576
vn -0.4836 0.2003 -0.8521
vn -0.0299 0.0124 -0.9995
vn -0.0162 0.0032 0.9999
vn -0.5110 0.0514 0.8581
vn 0.9950 -0.0996 0.0000
vn 0.8586 -0.0856 0.5054
vn 0.4869 -0.0475 -0.8722
vn -0.8667 0.0847 0.4917
vn -0.9953 0.0965 -0.0000
vn -0.8667 0.0847 -0.4917
vn 0.4869 -0.0475 0.8722
vn 0.8586 -0.0856 -0.5054
vn -0.9239 0.3827 0.0000
vn -0.8071 0.3343 0.4866
vn -0.6178 0.6178 0.4866
vn -0.7071 0.7071 0.0000
vn -0.0299 0.0124 0.9995
vn -0.4836 0.2003 0.8521
vn 0.9239 -0.3827 0.0000
vn 0.7922 -0.3282 0.5145
vn 0.4388 -0.1818 -0.8800
vn -0.8071 0.3343 -0.4866
vn 0.4388 -0.1818 0.8800
vn 0.7922 -0.3282 -0.5145
vn 0.6064 -0.6064 -0.5145
vn 0.3359 -0.3359 -0.8800
vn 0.1818 -0.4388 -0.8800
vn 0.3281 -0.7922 -0.5145
vn -0.6178 0.6178 -0.4866
vn -0.3701 0.3701 -0.8521
vn 0.3359 -0.3359 0.8800
vn -0.0229 0.0229 0.9995
vn -0.0229 0.0229 -0.9995
vn -0.3701 0.3701 0.8521
vn 0.6063 -0.6064 0.5145
vn 0.0475 -0.4869 -0.8721
vn 0.0856 -0.8586 -0.5054
vn -0.3343 0.8072 0.4866
vn -0.3827 0.9239 -0.0000
vn -0.3343 0.8072 -0.4866
vn -0.2003 0.4836 -0.8521
vn 0.1818 -0.4388 0.8800
vn -0.0124 0.0299 0.9995
vn 0.3827 -0.9239 -0.0000
vn -0.0124 0.0299 -0.9995
vn -0.2003 0.4836 0.8521
vn 0.3281 -0.7922 0.5145
vn -0.0847 0.8667 0.4917
vn -0.0965 0.9953 0.0000
vn -0.0847 0.8667 -0.4917
vn -0.0514 0.5110 -0.8581
vn 0.0475 -0.4869 0.8721
vn -0.0032 0.0162 0.9999
vn 0.0996 -0.9950 0.0000
vn -0.0032 0.0162 -0.9999
vn -0.0514 0.5110 0.8581
vn 0.0856 -0.8586 0.5054
vn 0.0965 0.9953 0.0000
vn 0.0847 0.8667 -0.4917
vn 0.0847 0.8667 0.4917
vn 0.0514 0.5110 0.8581
vn 0.0032 0.0162 0.9999
vn -0.0475 -0.4869 0.8721
vn -0.0856 -0.8586 0.5054
vn -0.0996 -0.9950 0.0000
vn -0.0856 -0.8586 -0.5054
vn -0.0475 -0.4869 -0.8721
vn 0.0032 0.0162 -0.9999
vn 0.0514 0.5110 -0.8581
vn -0.3281 -0.7922 0.5145
vn -0.1818 -0.4388 0.8800
vn 0.3343 0.8072 -0.4865
vn 0.3827 0.9239 0.0000
vn 0.6178 0.6178 -0.4865
vn -0.1818 -0.4388 -0.8800
vn -0.3282 -0.7922 -0.5145
vn 0.3343 0.8071 0.4866
vn 0.2003 0.4836 -0.8521
vn 0.0124 0.0299 0.9995
vn -0.3827 -0.9239 -0.0000
vn 0.0124 0.0299 -0.9995
vn 0.2003 0.4836 0.8521
vn 0.6178 0.6178 0.4865
vn 0.3701 0.3701 0.8521
vn 0.4836 0.2003 0.8521
vn 0.8072 0.3343 0.4865
vn -0.6063 -0.6064 0.5145
vn -0.3359 -0.3359 0.8800
vn -0.3359 -0.3359 -0.8800
vn -0.6064 -0.6063 -0.5145
vn 0.3701 0.3701 -0.8521
vn 0.0229 0.0229 0.9995
vn -0.7071 -0.7071 -0.0000
vn 0.0229 0.0229 -0.9995
vn -0.4388 -0.1818 -0.8800
vn 0.0299 0.0124 -0.9995
vn 0.0162 0.0032 -0.9999
vn -0.4869 -0.0475 -0.8722
vn 0.9239 0.3827 0.0000
vn 0.8072 0.3343 -0.4865
vn -0.7922 -0.3281 0.5145
vn -0.4388 -0.1818 0.8800
vn -0.7922 -0.3281 -0.5145
vn 0.4836 0.2003 -0.8521
vn 0.0299 0.0124 0.9995
vn -0.9239 -0.3827 -0.0000
vn 0.5110 0.0514 0.8581
vn 0.8667 0.0847 0.4917
vn 0.9953 0.0965 -0.0000
vn 0.8667 0.0847 -0.4917
vn -0.8586 -0.0856 0.5054
vn -0.4869 -0.0475 0.8722
vn -0.8586 -0.0856 -0.5054
vn 0.5110 0.0514 -0.8581
vn 0.0162 0.0032 0.9999
vn -0.9950 -0.0996 -0.0000
vn -0.8375 -0.2543 -0.4836
vn -0.4836 -0.2543 -0.8375
vn 0.4836 -0.2543 0.8375
vn 0.0000 -0.2543 0.9671
vn 0.8375 -0.2543 -0.4836
vn 0.9671 -0.2543 -0.0000
vn 0.0000 -0.2543 -0.9671
vn -0.4836 -0.2543 0.8375
vn 0.8375 -0.2543 0.4836
vn 0.4836 -0.2543 -0.8375
vn -0.8375 -0.2543 0.4836
vn -0.9671 -0.2543 -0.0000
vn -0.2762 0.9575 0.0830
vn -0.4139 0.8292 -0.3756
vn -0.1438 0.8660 -0.4789
vn -0.5147 0.4788 -0.7112
vn -0.2491 0.5000 -0.8294
vn -0.5516 -0.0000 -0.8341
vn -0.2877 -0.0000 -0.9577
vn -0.5147 -0.4788 -0.7112
vn -0.2491 -0.5000 -0.8294
vn -0.4139 -0.8292 -0.3756
vn -0.1438 -0.8660 -0.4789
vn -0.2762 -0.9575 0.0829
vn -0.1384 -0.8292 0.5415
vn 0.1438 -0.8660 0.4789
vn -0.0376 -0.4788 0.8771
vn 0.2491 -0.5000 0.8294
vn -0.0007 -0.0000 1.0000
vn 0.2877 -0.0000 0.9577
vn -0.0376 0.4788 0.8771
vn 0.2491 0.5000 0.8294
vn 0.0142 0.0000 0.9999
vn -0.0229 0.4809 0.8765
vn -0.1384 0.8292 0.5415
vn 0.1438 0.8660 0.4789
vn -0.0229 -0.4809 0.8765
vn -0.1242 -0.8329 0.5394
vn -0.2625 -0.9617 0.0788
vn -0.4008 -0.8329 -0.3817
vn -0.5021 -0.4809 -0.7188
vn -0.5391 -0.0000 -0.8422
vn -0.1242 0.8329 0.5394
vn -0.2625 0.9617 0.0788
vn -0.4008 0.8329 -0.3817
vn -0.5021 0.4809 -0.7188
vn 0.0358 0.8511 -0.5238
vn -0.0677 0.4914 -0.8683
vn 0.9009 0.1946 -0.3879
vn 0.9332 0.2247 -0.2803
vn 0.9656 0.1946 -0.1727
vn 0.9892 0.1124 -0.0939
vn 0.9979 0.0000 -0.0651
vn 0.9892 -0.1124 -0.0939
vn 0.9656 -0.1946 -0.1727
vn 0.9332 -0.2247 -0.2803
vn 0.9009 -0.1946 -0.3879
vn 0.8773 -0.1124 -0.4667
vn 0.8686 -0.0000 -0.4955
vn 0.8773 0.1124 -0.4667
vn 0.4220 -0.4914 0.7619
vn 0.4599 0.0000 0.8880
vn 0.0358 -0.8511 -0.5238
vn 0.1772 -0.9827 -0.0532
vn -0.1056 0.0000 -0.9944
vn 0.3185 0.8511 0.4174
vn 0.1772 0.9827 -0.0532
vn 0.4220 0.4914 0.7619
vn 0.3185 -0.8511 0.4174
vn -0.0677 -0.4914 -0.8683
vn 0.6535 0.7310 -0.1963
vn 0.5484 0.6331 -0.5464
vn 0.4714 0.3655 -0.8026
vn 0.4432 -0.0000 -0.8964
vn 0.4714 -0.3655 -0.8026
vn 0.5484 -0.6331 -0.5464
vn 0.6535 -0.7310 -0.1963
vn 0.7587 -0.6331 0.1538
vn 0.8356 -0.3655 0.4100
vn 0.8638 0.0000 0.5038
vn 0.8356 0.3655 0.4100
vn 0.7587 0.6331 0.1538
vn -0.1438 0.8660 0.4789
vn -0.4139 0.8292 0.3756
vn -0.2762 0.9575 -0.0830
vn -0.2491 0.5000 0.8294
vn -0.5147 0.4788 0.7112
vn -0.2877 -0.0000 0.9577
vn -0.5516 -0.0000 0.8341
vn -0.2491 -0.5000 0.8294
vn -0.5147 -0.4788 0.7112
vn -0.1438 -0.8660 0.4789
vn -0.4139 -0.8292 0.3756
vn -0.2762 -0.9575 -0.0829
vn 0.1438 -0.8660 -0.4789
vn -0.1384 -0.8292 -0.5415
vn 0.2491 -0.5000 -0.8294
vn -0.0376 -0.4788 -0.8771
vn 0.2877 -0.0000 -0.9577
vn -0.0007 -0.0000 -1.0000
vn 0.2491 0.5000 -0.8294
vn -0.0376 0.4788 -0.8771
vn -0.0229 0.4809 -0.8765
vn 0.0142 0.0000 -0.9999
vn 0.1438 0.8660 -0.4789
vn -0.1384 0.8292 -0.5415
vn -0.0229 -0.4809 -0.8765
vn -0.1242 -0.8329 -0.5394
vn -0.2625 -0.9617 -0.0788
vn -0.4008 -0.8329 0.3817
vn -0.5021 -0.4809 0.7188
vn -0.5391 0.0000 0.8422
vn -0.2625 0.9617 -0.0788
vn -0.1242 0.8329 -0.5394
vn -0.4008 0.8329 0.3817
vn -0.5021 0.4809 0.7188
vn -0.0677 0.4914 0.8683
vn 0.0358 0.8511 0.5238
vn 0.9009 0.1946 0.3879
vn 0.8773 0.1124 0.4667
vn 0.8686 0.0000 0.4955
vn 0.8773 -0.1123 0.4667
vn 0.9009 -0.1946 0.3879
vn 0.9332 -0.2247 0.2803
vn 0.9656 -0.1946 0.1727
vn 0.9892 -0.1124 0.0939
vn 0.9979 0.0000 0.0651
vn 0.9892 0.1124 0.0939
vn 0.9656 0.1946 0.1727
vn 0.9332 0.2247 0.2803
vn 0.4599 0.0000 -0.8880
vn 0.4220 -0.4914 -0.7619
vn 0.1772 -0.9827 0.0532
vn 0.0358 -0.8511 0.5238
vn -0.1056 0.0000 0.9944
vn 0.1772 0.9827 0.0532
vn 0.3185 0.8511 -0.4174
vn 0.4220 0.4914 -0.7619
vn 0.3185 -0.8511 -0.4174
vn -0.0677 -0.4914 0.8683
vn 0.5484 0.6331 0.5464
vn 0.6535 0.7310 0.1963
vn 0.4714 0.3655 0.8026
vn 0.4432 -0.0000 0.8964
vn 0.4714 -0.3655 0.8026
vn 0.5484 -0.6331 0.5464
vn 0.6535 -0.7310 0.1963
vn 0.7587 -0.6331 -0.1538
vn 0.8356 -0.3655 -0.4100
vn 0.8638 0.0000 -0.5038
vn 0.8356 0.3655 -0.4100
vn 0.7587 0.6331 -0.1538
vn -0.8498 0.2558 0.4609
vn -0.9662 0.2566 -0.0252
vn -0.9662 0.2566 -0.0263
vn -0.8238 0.2588 -0.5043
vn -0.8229 0.2589 -0.5058
vn -0.4611 0.2619 -0.8478
vn -0.4592 0.2619 -0.8488
vn 0.0248 0.2650 -0.9639
vn 0.0266 0.2650 -0.9639
vn 0.5034 0.2672 -0.8217
vn 0.5043 0.2672 -0.8211
vn 0.8469 0.2680 -0.4593
vn 0.9633 0.2672 0.0263
vn 0.9633 0.2672 0.0252
vn 0.8214 0.2650 0.5051
vn 0.8224 0.2650 0.5035
vn 0.4591 0.2619 0.8489
vn 0.4609 0.2619 0.8479
vn -0.0267 0.2588 0.9655
vn -0.0249 0.2589 0.9656
vn -0.4668 0.1733 -0.8672
vn -0.8350 0.1974 -0.5137
vn -0.8322 0.2267 -0.5060
vn -0.4988 0.0998 -0.8610
vn -0.5059 0.2566 0.8236
vn -0.5050 0.2566 0.8241
vn 0.0511 0.9983 -0.0277
vn 0.0581 0.9983 0.0015
vn 0.0495 0.9983 0.0304
vn 0.0277 0.9983 0.0511
vn -0.0015 0.9983 0.0581
vn -0.0304 0.9983 0.0495
vn -0.0511 0.9983 0.0277
vn -0.0581 0.9983 -0.0016
vn -0.0495 0.9983 -0.0304
vn -0.0277 0.9983 -0.0511
vn 0.0015 0.9983 -0.0581
vn 0.0304 0.9983 -0.0495
vn -0.0249 0.1974 0.9800
vn 0.4723 0.1733 0.8643
vn 0.4496 0.0998 0.8877
vn -0.0298 0.2267 0.9735
vn 0.9907 0.1341 0.0233
vn 0.8718 0.1284 -0.4728
vn 0.9817 -0.1762 0.0725
vn 0.0306 0.1502 -0.9882
vn -0.0247 -0.0462 -0.9986
vn -0.5105 0.2154 0.8324
vn -0.4925 0.3121 0.8125
vn -0.9762 0.2154 -0.0262
vn -0.8571 0.2221 0.4648
vn -0.8260 0.3421 0.4480
vn -0.9496 0.3121 -0.0304
vn 0.8449 0.1502 0.5133
vn 0.8235 -0.0462 0.5654
vn 0.5209 0.1341 -0.8430
vn 0.4747 -0.1762 -0.8623
vn 0.4250 -0.4973 0.7563
vn 0.2227 -0.8709 0.4380
vn 0.3682 -0.8575 0.3594
vn 0.5554 -0.4972 0.6666
vn -0.2457 -0.8709 -0.4256
vn -0.4021 -0.4973 -0.7688
vn -0.2557 -0.4972 -0.8291
vn -0.1004 -0.8575 -0.5047
vn 0.8102 0.1621 -0.5633
vn 0.8629 0.1911 -0.4679
vn 0.9141 0.1621 -0.3718
vn 0.9503 0.0826 -0.3002
vn 0.9618 -0.0265 -0.2723
vn 0.9454 -0.1364 -0.2961
vn 0.9051 -0.2174 -0.3654
vn 0.8518 -0.2471 -0.4619
vn 0.8000 -0.2174 -0.5592
vn 0.7638 -0.1364 -0.6309
vn 0.7529 -0.0265 -0.6576
vn 0.7700 0.0826 -0.6327
vn 0.4728 0.0188 0.8810
vn 0.6388 -0.0058 0.7693
vn -0.0316 -0.9994 0.0171
vn 0.1281 -0.9893 -0.0695
vn -0.4805 0.0188 -0.8768
vn -0.4465 0.5179 -0.7296
vn -0.2117 0.4837 -0.8492
vn -0.2963 -0.0058 -0.9551
vn -0.3010 0.8699 -0.3908
vn -0.0797 0.9959 0.0432
vn 0.2130 0.9702 -0.1155
vn -0.0252 0.8402 -0.5417
vn 0.3680 0.5179 0.7722
vn 0.5963 0.4837 0.6406
vn 0.1634 0.8699 0.4655
vn 0.4403 0.8402 0.3166
vn 0.1894 -0.9765 -0.1027
vn -0.0496 -0.8334 -0.5505
vn 0.4663 0.0311 0.8841
vn 0.5544 -0.4547 0.6970
vn -0.5917 0.4828 -0.6456
vn -0.5532 0.7947 -0.2498
vn -0.3732 0.9054 0.2024
vn -0.0924 0.7947 0.5999
vn -0.2818 -0.4547 -0.8449
vn 0.4343 -0.8334 0.3418
vn 0.2183 0.4828 0.8481
vn -0.4867 0.0311 -0.8730
vn -0.1279 -0.3329 -0.9342
vn -0.5011 0.0264 -0.8650
vn -0.3519 0.5702 0.7423
vn 0.0576 0.3489 0.9354
vn -0.8141 0.5702 -0.1100
vn -0.6688 0.6490 0.3627
vn 0.7133 -0.3329 0.6168
vn 0.7546 -0.6320 0.1763
vn 0.2639 -0.6320 -0.7286
vn -0.7526 0.3488 -0.5585
vn 0.4516 0.0264 0.8918
vn 0.5804 -0.7511 -0.3147
vn 0.7288 -0.5591 -0.3952
vn 0.3842 0.8994 -0.2084
vn 0.1611 0.7776 -0.6078
vn 0.7365 0.2945 -0.6089
vn 0.8256 0.3433 -0.4478
vn -0.0131 0.4437 -0.8961
vn 0.6682 0.1604 -0.7265
vn -0.0920 -0.0144 -0.9957
vn 0.6388 -0.0244 -0.7690
vn -0.0537 -0.4748 -0.8785
vn 0.6568 -0.2109 -0.7240
vn 0.0921 -0.8131 -0.5748
vn 0.7179 -0.3487 -0.6025
vn 0.3067 -0.9372 -0.1663
vn 0.8059 -0.3994 -0.4370
vn 0.5320 -0.8131 0.2363
vn 0.8966 -0.3487 -0.2731
vn 0.7070 -0.4748 0.5242
vn 0.9650 -0.2109 -0.1556
vn 0.7843 -0.0144 0.6202
vn 0.9930 -0.0243 -0.1160
vn 0.7439 0.4437 0.4998
vn 0.9734 0.1604 -0.1638
vn 0.5973 0.7776 0.1965
vn 0.9121 0.2945 -0.2852
vn -0.8498 0.2558 -0.4609
vn -0.9662 0.2566 0.0263
vn -0.9662 0.2566 0.0252
vn -0.8229 0.2589 0.5058
vn -0.8238 0.2588 0.5043
vn -0.4592 0.2619 0.8488
vn -0.4611 0.2619 0.8478
vn 0.0266 0.2650 0.9639
vn 0.0248 0.2650 0.9639
vn 0.5043 0.2672 0.8211
vn 0.5034 0.2672 0.8217
vn 0.8469 0.2680 0.4593
vn 0.9633 0.2672 -0.0252
vn 0.9633 0.2672 -0.0263
vn 0.8224 0.2650 -0.5035
vn 0.8214 0.2650 -0.5051
vn 0.4609 0.2619 -0.8479
vn 0.4591 0.2619 -0.8489
vn -0.0249 0.2589 -0.9656
vn -0.0267 0.2588 -0.9655
vn -0.4668 0.1733 0.8672
vn -0.4988 0.0998 0.8610
vn -0.8322 0.2267 0.5060
vn -0.8350 0.1974 0.5137
vn -0.5050 0.2566 -0.8241
vn -0.5059 0.2566 -0.8236
vn 0.0511 0.9983 0.0277
vn 0.0581 0.9983 -0.0015
vn 0.0495 0.9983 -0.0304
vn 0.0277 0.9983 -0.0511
vn -0.0015 0.9983 -0.0581
vn -0.0304 0.9983 -0.0495
vn -0.0511 0.9983 -0.0277
vn -0.0581 0.9983 0.0016
vn -0.0495 0.9983 0.0304
vn -0.0277 0.9983 0.0511
vn 0.0015 0.9983 0.0581
vn 0.0304 0.9983 0.0495
vn -0.0249 0.1974 -0.9800
vn -0.0298 0.2267 -0.9735
vn 0.4496 0.0998 -0.8877
vn 0.4723 0.1733 -0.8643
vn 0.9907 0.1341 -0.0233
vn 0.9817 -0.1762 -0.0725
vn 0.8718 0.1284 0.4728
vn 0.0306 0.1502 0.9882
vn -0.0247 -0.0462 0.9986
vn -0.5105 0.2154 -0.8324
vn -0.4925 0.3121 -0.8125
vn -0.9762 0.2154 0.0262
vn -0.9496 0.3121 0.0304
vn -0.8260 0.3421 -0.4480
vn -0.8571 0.2221 -0.4648
vn 0.8449 0.1502 -0.5133
vn 0.8235 -0.0462 -0.5654
vn 0.5209 0.1341 0.8430
vn 0.4747 -0.1762 0.8623
vn 0.4250 -0.4973 -0.7563
vn 0.5554 -0.4972 -0.6666
vn 0.3682 -0.8575 -0.3594
vn 0.2227 -0.8709 -0.4380
vn -0.2457 -0.8709 0.4256
vn -0.1004 -0.8575 0.5046
vn -0.2557 -0.4972 0.8291
vn -0.4021 -0.4973 0.7688
vn 0.8102 0.1621 0.5633
vn 0.7700 0.0826 0.6327
vn 0.7529 -0.0265 0.6576
vn 0.7638 -0.1364 0.6309
vn 0.8000 -0.2174 0.5592
vn 0.8518 -0.2471 0.4619
vn 0.9051 -0.2174 0.3654
vn 0.9454 -0.1364 0.2961
vn 0.9618 -0.0265 0.2723
vn 0.9503 0.0826 0.3002
vn 0.9141 0.1621 0.3718
vn 0.8629 0.1911 0.4679
vn 0.4728 0.0188 -0.8810
vn 0.6388 -0.0058 -0.7693
vn -0.0316 -0.9994 -0.0171
vn 0.1281 -0.9893 0.0695
vn -0.4805 0.0188 0.8768
vn -0.2963 -0.0058 0.9551
vn -0.2117 0.4837 0.8492
vn -0.4465 0.5179 0.7296
vn -0.3010 0.8699 0.3908
vn -0.0252 0.8402 0.5417
vn 0.2130 0.9702 0.1155
vn -0.0797 0.9959 -0.0433
vn 0.3680 0.5179 -0.7722
vn 0.5963 0.4837 -0.6406
vn 0.4403 0.8402 -0.3166
vn 0.1634 0.8699 -0.4655
vn 0.1894 -0.9765 0.1027
vn -0.0496 -0.8334 0.5505
vn 0.4663 0.0311 -0.8841
vn 0.5544 -0.4547 -0.6970
vn -0.5917 0.4828 0.6456
vn -0.5532 0.7947 0.2498
vn -0.3732 0.9054 -0.2024
vn -0.0924 0.7947 -0.5999
vn -0.2818 -0.4547 0.8449
vn 0.4343 -0.8334 -0.3418
vn 0.2183 0.4828 -0.8481
vn -0.4867 0.0311 0.8730
vn -0.1279 -0.3329 0.9342
vn -0.5011 0.0264 0.8650
vn -0.3519 0.5702 -0.7423
vn 0.0576 0.3489 -0.9354
vn -0.8141 0.5702 0.1100
vn -0.6688 0.6490 -0.3627
vn 0.7133 -0.3329 -0.6168
vn 0.7546 -0.6320 -0.1763
vn 0.2639 -0.6320 0.7286
vn -0.7526 0.3489 0.5585
vn 0.4516 0.0264 -0.8918
vn 0.5804 -0.7511 0.3147
vn 0.7288 -0.5591 0.3952
vn 0.1611 0.7776 0.6078
vn 0.3842 0.8994 0.2084
vn 0.7365 0.2945 0.6089
vn 0.8256 0.3433 0.4478
vn -0.0131 0.4437 0.8961
vn 0.6682 0.1604 0.7265
vn -0.0920 -0.0144 0.9957
vn 0.6388 -0.0243 0.7690
vn -0.0537 -0.4748 0.8785
vn 0.6568 -0.2109 0.7240
vn 0.0921 -0.8131 0.5748
vn 0.7179 -0.3487 0.6025
vn 0.3067 -0.9372 0.1663
vn 0.8059 -0.3994 0.4370
vn 0.5320 -0.8131 -0.2363
vn 0.8966 -0.3487 0.2731
vn 0.7070 -0.4748 -0.5242
vn 0.9650 -0.2109 0.1556
vn 0.7843 -0.0144 -0.6202
vn 0.9930 -0.0243 0.1160
vn 0.7439 0.4437 -0.4998
vn 0.9734 0.1604 0.1638
vn 0.5973 0.7776 -0.1965
vn 0.9121 0.2945 0.2852
vn -0.9970 0.0770 0.0000
vn 0.5949 -0.8038 -0.0000
vn 0.8141 -0.5807 -0.0000
vn -0.0800 0.9968 0.0000
vn -0.9527 0.3039 0.0000
vn -0.8141 0.5807 0.0000
vn -0.5949 0.8038 0.0000
vn -0.3142 0.9494 0.0000
vn -0.3142 0.9493 0.0000
vn 0.0800 -0.9968 0.0000
vn 0.4528 -0.0000 -0.8916
vn -0.4778 0.3430 -0.8087
vn -0.3316 0.4685 -0.8189
vn -0.3564 0.4553 -0.8159
vn -0.4801 0.3397 -0.8088
vn -0.3316 0.4685 0.8189
vn -0.4778 0.3430 0.8087
vn -0.4801 0.3397 0.8088
vn -0.3564 0.4553 0.8159
vn -0.0266 0.4845 -0.8744
vn -0.0541 0.4954 -0.8670
vn -0.1484 0.5068 -0.8492
vn -0.1930 0.5061 -0.8406
vn -0.0266 0.4846 0.8744
vn -0.0541 0.4954 0.8670
vn -0.1484 0.5068 0.8492
vn -0.1930 0.5061 0.8406
vn 0.3142 -0.9494 0.0000
vn 0.9970 -0.0770 0.0000
vn 0.9527 -0.3039 0.0000
vn -0.3155 0.9489 0.0000
vn -0.0804 0.9968 0.0000
vn -0.5967 0.8025 0.0000
vn -0.8154 0.5789 0.0000
vn -0.9531 0.3026 0.0000
vn -0.9971 0.0766 0.0000
vn -0.5455 0.1654 0.8216
vn -0.5428 0.1841 0.8194
vn 0.4528 0.0000 0.8916
vn -0.5413 0.0323 0.8402
vn -0.5324 0.0000 0.8465
vn -0.5467 0.0529 0.8357
vn -0.5455 0.1654 -0.8216
vn -0.5428 0.1841 -0.8194
vn -0.5324 0.0000 -0.8465
vn -0.5413 0.0323 -0.8402
vn -0.5467 0.0529 -0.8357
vn -0.0266 0.4845 0.8744
vn 0.0770 -0.9970 0.0000
vn -0.9869 0.1613 -0.0000
vn -0.9886 0.1505 -0.0000
vn -0.9917 0.1288 -0.0000
vn -0.8038 0.5949 -0.0000
vn -0.9438 0.3306 -0.0000
vn -0.5807 0.8141 -0.0000
vn -0.3039 0.9527 -0.0000
vn -0.0770 0.9970 0.0000
vn 0.0764 0.9971 0.0000
vn -0.0017 0.0011 -1.0000
vn -0.0035 0.0023 -1.0000
vn 0.9318 -0.3628 0.0038
vn 0.9816 -0.1909 0.0008
vn 0.9817 -0.1904 0.0000
vn 0.9324 -0.3614 0.0000
vn -0.0037 -1.0000 0.0000
vn 0.0784 -0.9969 0.0006
vn 0.0774 -0.9970 0.0000
vn -0.0038 -1.0000 0.0000
vn -0.0039 -1.0000 0.0000
vn 0.3049 -0.9524 0.0020
vn 0.3033 -0.9529 0.0000
vn 0.5800 -0.8146 0.0036
vn 0.5792 -0.8152 0.0000
vn 0.8031 -0.5958 0.0046
vn 0.8027 -0.5963 0.0000
vn 0.9923 -0.1240 -0.0010
vn 0.9923 -0.1240 0.0000
vn -0.9406 0.3396 -0.0000
vn -0.9772 0.2121 -0.0000
vn -0.8542 -0.5199 -0.0000
vn 0.3039 -0.9527 0.0000
vn 0.9869 -0.1613 0.0000
vn 0.9917 -0.1288 0.0000
vn 0.5807 -0.8141 0.0000
vn 0.8038 -0.5949 0.0000
vn 0.9438 -0.3306 0.0000
vn -0.0017 0.0011 1.0000
vn -0.0035 0.0023 1.0000
vn 0.9318 -0.3629 -0.0038
vn 0.9816 -0.1909 -0.0008
vn 0.0784 -0.9969 -0.0006
vn 0.3049 -0.9524 -0.0020
vn 0.5800 -0.8146 -0.0036
vn 0.8031 -0.5958 -0.0046
vn 0.9923 -0.1240 0.0010
vn -0.9038 -0.0000 0.4279
vn 0.9038 0.0000 0.4279
vn -0.9038 -0.0000 -0.4279
vn 0.9038 0.0000 -0.4279
usemtl AIRPORT
s off
f 2239/495/118 2260/496/118 2261/497/118 2245/498/118 2253/499/118 2246/500/118
f 2243/501/119 2251/502/119 2249/503/119 2240/504/119 2254/505/119 2255/506/119
f 2259/507/120 2260/508/120 2239/509/120 2238/510/120
f 2247/511/118 2252/512/118 2244/513/118 2256/514/118 2257/515/118 2241/516/118
f 2258/517/119 2259/518/119 2238/519/119 2248/520/119 2250/521/119 2242/522/119
f 2242/522/121 2245/498/121 2261/497/121 2258/517/121
f 2240/523/122 2241/524/122 2257/525/122 2254/526/122
f 2245/498/123 2242/522/123 2250/521/123 2253/499/123
f 2251/527/121 2252/528/121 2253/529/121 2250/530/121
f 2243/501/124 2244/513/124 2252/512/124 2251/502/124
f 2250/521/119 2248/520/119 2249/503/119 2251/502/119
f 2246/500/118 2253/499/118 2252/512/118 2247/511/118
f 2254/505/125 2257/515/125 2256/514/125 2255/506/125
f 2260/496/126 2259/518/126 2258/517/126 2261/497/126
f 2255/506/121 2256/514/121 2244/513/121 2243/501/121
f 2239/495/118 2246/500/118 2269/531/118 2265/532/118 2277/533/118 2276/534/118
f 2263/535/119 2271/536/119 2270/537/119 2240/504/119 2249/503/119 2267/538/119
f 2275/539/120 2238/510/120 2239/509/120 2276/540/120
f 2247/511/118 2241/516/118 2273/541/118 2272/542/118 2264/543/118 2268/544/118
f 2274/545/119 2262/546/119 2266/547/119 2248/520/119 2238/519/119 2275/548/119
f 2262/546/127 2274/545/127 2277/533/127 2265/532/127
f 2240/523/122 2270/549/122 2273/550/122 2241/524/122
f 2265/532/128 2269/531/128 2266/547/128 2262/546/128
f 2267/551/127 2266/552/127 2269/553/127 2268/554/127
f 2263/535/129 2267/538/129 2268/544/129 2264/543/129
f 2266/547/119 2267/538/119 2249/503/119 2248/520/119
f 2246/500/118 2247/511/118 2268/544/118 2269/531/118
f 2270/537/130 2271/536/130 2272/542/130 2273/541/130
f 2276/534/131 2277/533/131 2274/545/131 2275/548/131
f 2271/536/127 2263/535/127 2264/543/127 2272/542/127
f 3402/555/121 3403/556/121 3397/557/121 3396/558/121
f 3410/559/120 3411/560/120 3401/561/120 3400/562/120
f 3400/562/127 3401/561/127 3404/563/127 3405/564/127
f 3414/565/118 3398/566/118 3409/567/118 3416/568/118
f 3410/559/119 3400/562/119 3405/564/119 3412/569/119
f 3411/560/118 3397/557/118 3403/556/118 3413/570/118
f 3394/571/122 3395/572/122 3403/556/122 3402/555/122
f 3399/573/122 3398/566/122 3405/564/122 3404/563/122
f 3414/565/122 3394/571/122 3402/555/122 3412/569/122
f 3415/574/122 3399/573/122 3404/563/122 3413/570/122
f 3407/575/132 3406/576/132 3418/577/132 3419/578/132
f 3395/572/127 3394/571/127 3406/579/127 3407/580/127
f 3415/574/119 3395/572/119 3407/580/119 3417/581/119
f 3398/566/121 3399/573/121 3408/582/121 3409/567/121
f 3399/573/119 3415/574/119 3417/581/119 3408/582/119
f 3416/583/133 3409/584/133 3423/585/133 3424/586/133
f 3395/572/122 3415/574/122 3413/570/122 3403/556/122
f 3398/566/122 3414/565/122 3412/569/122 3405/564/122
f 3401/561/118 3411/560/118 3413/570/118 3404/563/118
f 3396/558/119 3410/559/119 3412/569/119 3402/555/119
f 3394/571/118 3414/565/118 3416/568/118 3406/579/118
f 3396/558/120 3397/557/120 3411/560/120 3410/559/120
f 3421/587/122 3420/588/122 3419/589/122 3418/590/122
f 3417/591/134 3407/575/134 3419/578/134 3420/592/134
f 3406/576/133 3416/583/133 3421/593/133 3418/577/133
f 3416/583/135 3417/591/135 3420/592/135 3421/593/135
f 3423/594/122 3422/595/122 3425/596/122 3424/597/122
f 3409/584/135 3408/598/135 3422/599/135 3423/585/135
f 3417/591/132 3416/583/132 3424/586/132 3425/600/132
f 3408/598/134 3417/591/134 3425/600/134 3422/599/134
f 3697/601/120 3694/602/120 3756/603/120 3763/604/120
f 3755/605/120 3705/606/120 3704/607/120 3753/608/120
f 3707/609/127 3704/607/127 3716/610/127 3719/611/127
f 3693/612/120 3671/613/120 3809/614/120 3754/615/120
f 3670/616/119 3810/617/119 3807/618/119 3676/619/119
f 3675/620/118 3808/621/118 3804/622/118 3678/623/118
f 3690/624/121 3677/625/121 3671/613/121 3693/612/121
f 3799/626/122 3729/627/122 3728/628/122 3797/629/122
f 3809/614/118 3671/613/118 3677/625/118 3805/630/118
f 3672/631/122 3803/632/122 3806/633/122 3679/634/122
f 3741/635/122 3742/636/122 3719/611/122 3716/610/122
f 3743/637/122 3744/638/122 3721/639/122 3718/640/122
f 3745/641/122 3746/642/122 3723/643/122 3720/644/122
f 3747/645/122 3748/646/122 3725/647/122 3722/648/122
f 3749/649/122 3750/650/122 3727/651/122 3724/652/122
f 3751/653/122 3672/631/122 3679/634/122 3726/654/122
f 3680/655/121 3683/656/121 3700/657/121 3703/658/121
f 3682/659/121 3685/660/121 3698/661/121 3701/662/121
f 3684/663/121 3687/664/121 3696/665/121 3699/666/121
f 3686/667/121 3689/668/121 3694/602/121 3697/601/121
f 3688/669/121 3691/670/121 3692/671/121 3695/672/121
f 3739/673/122 3669/674/122 3677/625/122 3690/624/122
f 3750/675/122 3749/676/122 3793/677/122 3798/678/122
f 3791/679/122 3733/680/122 3732/681/122 3789/682/122
f 3746/683/122 3745/684/122 3785/685/122 3790/686/122
f 3783/687/122 3737/688/122 3736/689/122 3781/690/122
f 3742/691/122 3741/692/122 3777/693/122 3782/694/122
f 3744/695/122 3743/696/122 3780/697/122 3787/698/122
f 3673/699/122 3740/700/122 3717/701/122 3678/623/122
f 3674/702/127 3714/703/127 3726/654/127 3679/634/127
f 3715/704/127 3712/705/127 3724/652/127 3727/651/127
f 3713/706/127 3710/707/127 3722/648/127 3725/647/127
f 3711/708/127 3708/709/127 3720/644/127 3723/643/127
f 3709/710/127 3706/711/127 3718/640/127 3721/639/127
f 3705/606/127 3675/620/127 3678/623/127 3717/701/127
f 3740/700/122 3779/712/122 3777/713/122 3741/635/122
f 3703/658/120 3700/657/120 3769/714/120 3775/715/120
f 3767/716/120 3711/708/120 3710/707/120 3765/717/120
f 3699/666/120 3696/665/120 3761/718/120 3766/719/120
f 3695/672/120 3759/720/120 3756/603/120 3694/602/120
f 3668/721/122 3728/628/122 3681/722/122 3676/619/122
f 3729/627/122 3730/723/122 3683/656/122 3680/655/122
f 3731/724/122 3732/681/122 3685/660/122 3682/659/122
f 3733/680/122 3734/725/122 3687/664/122 3684/663/122
f 3735/726/122 3736/689/122 3689/668/122 3686/667/122
f 3737/688/122 3738/727/122 3691/670/122 3688/669/122
f 3741/635/122 3716/610/122 3717/701/122 3740/700/122
f 3743/637/122 3718/640/122 3719/611/122 3742/636/122
f 3745/641/122 3720/644/122 3721/639/122 3744/638/122
f 3747/645/122 3722/648/122 3723/643/122 3746/642/122
f 3749/649/122 3724/652/122 3725/647/122 3748/646/122
f 3751/653/122 3726/654/122 3727/651/122 3750/650/122
f 3729/627/122 3680/655/122 3681/722/122 3728/628/122
f 3731/724/122 3682/659/122 3683/656/122 3730/723/122
f 3733/680/122 3684/663/122 3685/660/122 3732/681/122
f 3735/726/122 3686/667/122 3687/664/122 3734/725/122
f 3737/688/122 3688/669/122 3689/668/122 3736/689/122
f 3739/673/122 3690/624/122 3691/670/122 3738/727/122
f 3750/650/122 3798/728/122 3796/729/122 3751/653/122
f 3799/730/122 3792/731/122 3730/732/122 3729/733/122
f 3746/642/122 3790/734/122 3788/735/122 3747/645/122
f 3791/736/122 3784/737/122 3734/738/122 3733/739/122
f 3742/636/122 3782/740/122 3780/741/122 3743/637/122
f 3783/742/122 3776/743/122 3738/744/122 3737/745/122
f 3715/704/127 3727/651/127 3726/654/127 3714/703/127
f 3713/706/127 3725/647/127 3724/652/127 3712/705/127
f 3711/708/127 3723/643/127 3722/648/127 3710/707/127
f 3709/710/127 3721/639/127 3720/644/127 3708/709/127
f 3707/609/127 3719/611/127 3718/640/127 3706/711/127
f 3705/606/127 3717/701/127 3716/610/127 3704/607/127
f 3670/616/120 3702/746/120 3773/747/120 3810/617/120
f 3774/748/120 3768/749/120 3712/705/120 3715/704/120
f 3699/666/120 3766/719/120 3764/750/120 3698/661/120
f 3767/716/120 3760/751/120 3708/709/120 3711/708/120
f 3762/752/120 3757/753/120 3706/711/120 3709/710/120
f 3693/612/120 3754/615/120 3752/754/120 3692/671/120
f 3680/655/121 3703/658/121 3702/746/121 3681/722/121
f 3682/659/121 3701/662/121 3700/657/121 3683/656/121
f 3684/663/121 3699/666/121 3698/661/121 3685/660/121
f 3686/667/121 3697/601/121 3696/665/121 3687/664/121
f 3688/669/121 3695/672/121 3694/602/121 3689/668/121
f 3690/624/121 3693/612/121 3692/671/121 3691/670/121
f 3676/619/121 3681/722/121 3702/746/121 3670/616/121
f 3697/601/120 3763/604/120 3761/718/120 3696/665/120
f 3762/752/120 3709/710/120 3708/709/120 3760/751/120
f 3701/662/120 3770/755/120 3769/714/120 3700/657/120
f 3771/756/120 3713/706/120 3712/705/120 3768/749/120
f 3811/757/120 3772/758/120 3714/703/120 3674/702/120
f 3778/759/122 3739/673/122 3738/727/122 3776/760/122
f 3744/638/122 3787/761/122 3785/762/122 3745/641/122
f 3786/763/122 3735/726/122 3734/725/122 3784/764/122
f 3748/646/122 3795/765/122 3793/766/122 3749/649/122
f 3794/767/122 3731/724/122 3730/723/122 3792/768/122
f 3669/674/122 3801/769/122 3805/630/122 3677/625/122
f 3758/770/120 3707/609/120 3706/711/120 3757/753/120
f 3701/662/120 3698/661/120 3764/750/120 3770/755/120
f 3771/756/120 3765/717/120 3710/707/120 3713/706/120
f 3774/748/120 3715/704/120 3714/703/120 3772/758/120
f 3703/658/120 3775/715/120 3773/747/120 3702/746/120
f 3778/771/122 3801/772/122 3669/773/122 3739/774/122
f 3740/775/122 3673/776/122 3800/777/122 3779/778/122
f 3786/779/122 3781/780/122 3736/781/122 3735/782/122
f 3748/783/122 3747/784/122 3788/785/122 3795/786/122
f 3794/787/122 3789/788/122 3732/789/122 3731/790/122
f 3672/791/122 3751/792/122 3796/793/122 3803/794/122
f 3800/795/122 3673/699/122 3678/623/122 3804/622/122
f 3802/796/122 3668/721/122 3676/619/122 3807/618/122
f 3802/797/122 3797/798/122 3728/799/122 3668/800/122
f 3811/757/119 3674/702/119 3679/634/119 3806/633/119
f 3758/770/120 3753/608/120 3704/607/120 3707/609/120
f 3755/605/120 3808/621/120 3675/620/120 3705/606/120
f 3801/769/122 3778/759/122 3779/712/122 3800/795/122
f 3771/756/120 3768/749/120 3769/714/120 3770/755/120
f 3753/608/120 3758/770/120 3759/720/120 3752/754/120
f 3811/757/119 3806/633/119 3807/618/119 3810/617/119
f 3797/629/122 3802/796/122 3803/632/122 3796/729/122
f 3800/795/122 3804/622/122 3805/630/122 3801/769/122
f 3789/682/122 3794/767/122 3795/765/122 3788/735/122
f 3781/690/122 3786/763/122 3787/761/122 3780/741/122
f 3768/749/120 3774/748/120 3775/715/120 3769/714/120
f 3765/717/120 3771/756/120 3770/755/120 3764/750/120
f 3757/753/120 3762/752/120 3763/604/120 3756/603/120
f 3794/767/122 3792/768/122 3793/766/122 3795/765/122
f 3786/763/122 3784/764/122 3785/762/122 3787/761/122
f 3778/759/122 3776/760/122 3777/713/122 3779/712/122
f 3762/752/120 3760/751/120 3761/718/120 3763/604/120
f 3758/770/120 3757/753/120 3756/603/120 3759/720/120
f 3755/605/120 3753/608/120 3752/754/120 3754/615/120
f 3767/716/120 3765/717/120 3764/750/120 3766/719/120
f 3774/748/120 3772/758/120 3773/747/120 3775/715/120
f 3783/687/122 3781/690/122 3780/741/122 3782/740/122
f 3791/679/122 3789/682/122 3788/735/122 3790/734/122
f 3799/626/122 3797/629/122 3796/729/122 3798/728/122
f 3760/751/120 3767/716/120 3766/719/120 3761/718/120
f 3772/758/120 3811/757/120 3810/617/120 3773/747/120
f 3776/760/122 3783/687/122 3782/740/122 3777/713/122
f 3784/764/122 3791/679/122 3790/734/122 3785/762/122
f 3792/768/122 3799/626/122 3798/728/122 3793/766/122
f 3802/796/122 3807/618/122 3806/633/122 3803/632/122
f 3809/614/118 3805/630/118 3804/622/118 3808/621/118
f 3808/621/120 3755/605/120 3754/615/120 3809/614/120
f 3695/672/120 3692/671/120 3752/754/120 3759/720/120
f 4266/801/118 4270/802/118 4281/803/118 4278/804/118
f 4262/805/120 4263/806/120 4265/807/120 4264/808/120
f 4265/807/118 4263/806/118 4269/809/118 4273/810/118
f 4267/811/121 4269/809/121 4263/806/121 4262/805/121
f 4264/808/127 4265/807/127 4273/810/127 4271/812/127
f 4274/813/136 4275/814/136 4269/809/136 4267/811/136
f 4276/815/137 4277/816/137 4271/812/137 4273/810/137
f 4267/811/138 4271/812/138 4277/816/138 4274/813/138
f 4273/810/139 4269/809/139 4275/814/139 4276/815/139
f 4262/805/119 4264/808/119 4271/812/119 4267/811/119
f 4266/801/122 4268/817/122 4275/814/122 4274/813/122
f 4272/818/122 4270/802/122 4277/816/122 4276/815/122
f 4270/802/122 4266/801/122 4274/813/122 4277/816/122
f 4268/817/122 4272/818/122 4276/815/122 4275/814/122
f 4281/819/140 4280/820/140 4279/821/140 4278/822/140
f 4268/817/127 4266/801/127 4278/804/127 4279/823/127
f 4272/818/119 4268/817/119 4279/823/119 4280/824/119
f 4270/802/121 4272/818/121 4280/824/121 4281/803/121
f 5208/825/121 5209/826/121 5211/827/121 5210/828/121
f 5210/828/120 5211/827/120 5215/829/120 5214/830/120
f 5214/830/127 5215/829/127 5213/831/127 5212/832/127
f 5216/833/121 5217/834/121 5219/835/121 5218/836/121
f 5218/836/120 5219/835/120 5223/837/120 5222/838/120
f 5222/838/127 5223/837/127 5221/839/127 5220/840/127
f 5224/841/121 5225/842/121 5227/843/121 5226/844/121
f 5226/844/120 5227/843/120 5231/845/120 5230/846/120
f 5230/846/127 5231/845/127 5229/847/127 5228/848/127
f 5232/849/127 5233/850/127 5235/851/127 5234/852/127
f 5234/852/122 5235/851/122 5239/853/122 5238/854/122
f 5238/854/121 5239/853/121 5237/855/121 5236/856/121
f 5240/857/127 5241/858/127 5243/859/127 5242/860/127
f 5242/860/122 5243/859/122 5247/861/122 5246/862/122
f 5246/862/121 5247/861/121 5245/863/121 5244/864/121
f 5248/865/120 5249/866/120 5251/867/120 5250/868/120
f 5250/868/127 5251/867/127 5255/869/127 5254/870/127
f 5254/870/122 5255/869/122 5253/871/122 5252/872/122
f 5256/873/122 5257/874/122 5259/875/122 5258/876/122
f 5258/876/121 5259/875/121 5263/877/121 5262/878/121
f 5262/878/120 5263/877/120 5261/879/120 5260/880/120
f 5264/881/121 5265/882/121 5267/883/121 5266/884/121
f 5266/884/120 5267/883/120 5271/885/120 5270/886/120
f 5270/886/127 5271/885/127 5269/887/127 5268/888/127
f 5268/888/122 5269/887/122 5265/882/122 5264/881/122
f 5266/884/119 5270/886/119 5268/888/119 5264/881/119
f 5271/885/118 5267/883/118 5265/882/118 5269/887/118
f 5272/889/121 5273/890/121 5274/891/121
f 5275/892/121 5279/893/121 5280/894/121
f 5278/895/127 5277/896/127 5276/897/127
f 5276/897/122 5277/896/122 5273/890/122 5272/889/122
f 5274/891/141 5278/895/141 5276/897/141 5272/889/141
f 5278/895/118 5274/891/118 5273/890/118 5277/896/118
f 5283/898/127 5282/899/127 5281/900/127
f 5281/900/122 5282/899/122 5279/893/122 5275/892/122
f 5280/894/141 5283/898/141 5281/900/141 5275/892/141
f 5283/898/118 5280/894/118 5279/893/118 5282/899/118
f 5284/901/121 5285/902/121 5286/903/121
f 5289/904/127 5288/905/127 5287/906/127
f 5287/906/122 5288/905/122 5285/902/122 5284/901/122
f 5286/903/141 5289/904/141 5287/906/141 5284/901/141
f 5289/904/118 5286/903/118 5285/902/118 5288/905/118
f 5298/907/127 5299/908/127 5293/909/127 5292/910/127
f 5306/911/122 5307/912/122 5297/913/122 5296/914/122
f 5296/914/121 5297/913/121 5300/915/121 5301/916/121
f 5310/917/118 5294/918/118 5305/919/118 5312/920/118
f 5306/911/119 5296/914/119 5301/916/119 5308/921/119
f 5307/912/118 5293/909/118 5299/908/118 5309/922/118
f 5290/923/120 5291/924/120 5299/908/120 5298/907/120
f 5295/925/120 5294/918/120 5301/916/120 5300/915/120
f 5310/917/120 5290/923/120 5298/907/120 5308/921/120
f 5311/926/120 5295/925/120 5300/915/120 5309/922/120
f 5303/927/142 5302/928/142 5314/929/142 5315/930/142
f 5291/924/121 5290/923/121 5302/931/121 5303/932/121
f 5311/926/119 5291/924/119 5303/932/119 5313/933/119
f 5294/918/127 5295/925/127 5304/934/127 5305/919/127
f 5295/925/119 5311/926/119 5313/933/119 5304/934/119
f 5312/935/143 5305/936/143 5319/937/143 5320/938/143
f 5291/924/120 5311/926/120 5309/922/120 5299/908/120
f 5294/918/120 5310/917/120 5308/921/120 5301/916/120
f 5297/913/118 5307/912/118 5309/922/118 5300/915/118
f 5292/910/119 5306/911/119 5308/921/119 5298/907/119
f 5290/923/118 5310/917/118 5312/920/118 5302/931/118
f 5292/910/122 5293/909/122 5307/912/122 5306/911/122
f 5317/939/120 5316/940/120 5315/941/120 5314/942/120
f 5313/943/144 5303/927/144 5315/930/144 5316/944/144
f 5302/928/143 5312/935/143 5317/945/143 5314/929/143
f 5312/935/145 5313/943/145 5316/944/145 5317/945/145
f 5319/946/120 5318/947/120 5321/948/120 5320/949/120
f 5305/936/146 5304/950/146 5318/951/146 5319/937/146
f 5313/943/142 5312/935/142 5320/938/142 5321/952/142
f 5304/950/144 5313/943/144 5321/952/144 5318/951/144
f 5835/953/122 5832/954/122 5894/955/122 5901/956/122
f 5893/957/122 5843/958/122 5842/959/122 5891/960/122
f 5845/961/121 5842/959/121 5854/962/121 5857/963/121
f 5831/964/122 5809/965/122 5947/966/122 5892/967/122
f 5808/968/119 5948/969/119 5945/970/119 5814/971/119
f 5813/972/118 5946/973/118 5942/974/118 5816/975/118
f 5828/976/127 5815/977/127 5809/965/127 5831/964/127
f 5937/978/120 5867/979/120 5866/980/120 5935/981/120
f 5947/966/118 5809/965/118 5815/977/118 5943/982/118
f 5810/983/120 5941/984/120 5944/985/120 5817/986/120
f 5879/987/120 5880/988/120 5857/963/120 5854/962/120
f 5881/989/120 5882/990/120 5859/991/120 5856/992/120
f 5883/993/120 5884/994/120 5861/995/120 5858/996/120
f 5885/997/120 5886/998/120 5863/999/120 5860/1000/120
f 5887/1001/120 5888/1002/120 5865/1003/120 5862/1004/120
f 5889/1005/120 5810/983/120 5817/986/120 5864/1006/120
f 5818/1007/127 5821/1008/127 5838/1009/127 5841/1010/127
f 5820/1011/127 5823/1012/127 5836/1013/127 5839/1014/127
f 5822/1015/127 5825/1016/127 5834/1017/127 5837/1018/127
f 5824/1019/127 5827/1020/127 5832/954/127 5835/953/127
f 5826/1021/127 5829/1022/127 5830/1023/127 5833/1024/127
f 5877/1025/120 5807/1026/120 5815/977/120 5828/976/120
f 5888/1027/120 5887/1028/120 5931/1029/120 5936/1030/120
f 5929/1031/120 5871/1032/120 5870/1033/120 5927/1034/120
f 5884/1035/120 5883/1036/120 5923/1037/120 5928/1038/120
f 5921/1039/120 5875/1040/120 5874/1041/120 5919/1042/120
f 5880/1043/120 5879/1044/120 5915/1045/120 5920/1046/120
f 5882/1047/120 5881/1048/120 5918/1049/120 5925/1050/120
f 5811/1051/120 5878/1052/120 5855/1053/120 5816/975/120
f 5812/1054/121 5852/1055/121 5864/1006/121 5817/986/121
f 5853/1056/121 5850/1057/121 5862/1004/121 5865/1003/121
f 5851/1058/121 5848/1059/121 5860/1000/121 5863/999/121
f 5849/1060/121 5846/1061/121 5858/996/121 5861/995/121
f 5847/1062/121 5844/1063/121 5856/992/121 5859/991/121
f 5843/958/121 5813/972/121 5816/975/121 5855/1053/121
f 5878/1052/120 5917/1064/120 5915/1065/120 5879/987/120
f 5841/1010/122 5838/1009/122 5907/1066/122 5913/1067/122
f 5905/1068/122 5849/1060/122 5848/1059/122 5903/1069/122
f 5837/1018/122 5834/1017/122 5899/1070/122 5904/1071/122
f 5833/1024/122 5897/1072/122 5894/955/122 5832/954/122
f 5806/1073/120 5866/980/120 5819/1074/120 5814/971/120
f 5867/979/120 5868/1075/120 5821/1008/120 5818/1007/120
f 5869/1076/120 5870/1033/120 5823/1012/120 5820/1011/120
f 5871/1032/120 5872/1077/120 5825/1016/120 5822/1015/120
f 5873/1078/120 5874/1041/120 5827/1020/120 5824/1019/120
f 5875/1040/120 5876/1079/120 5829/1022/120 5826/1021/120
f 5879/987/120 5854/962/120 5855/1053/120 5878/1052/120
f 5881/989/120 5856/992/120 5857/963/120 5880/988/120
f 5883/993/120 5858/996/120 5859/991/120 5882/990/120
f 5885/997/120 5860/1000/120 5861/995/120 5884/994/120
f 5887/1001/120 5862/1004/120 5863/999/120 5886/998/120
f 5889/1005/120 5864/1006/120 5865/1003/120 5888/1002/120
f 5867/979/120 5818/1007/120 5819/1074/120 5866/980/120
f 5869/1076/120 5820/1011/120 5821/1008/120 5868/1075/120
f 5871/1032/120 5822/1015/120 5823/1012/120 5870/1033/120
f 5873/1078/120 5824/1019/120 5825/1016/120 5872/1077/120
f 5875/1040/120 5826/1021/120 5827/1020/120 5874/1041/120
f 5877/1025/120 5828/976/120 5829/1022/120 5876/1079/120
f 5888/1002/120 5936/1080/120 5934/1081/120 5889/1005/120
f 5937/1082/120 5930/1083/120 5868/1084/120 5867/1085/120
f 5884/994/120 5928/1086/120 5926/1087/120 5885/997/120
f 5929/1088/120 5922/1089/120 5872/1090/120 5871/1091/120
f 5880/988/120 5920/1092/120 5918/1093/120 5881/989/120
f 5921/1094/120 5914/1095/120 5876/1096/120 5875/1097/120
f 5853/1056/121 5865/1003/121 5864/1006/121 5852/1055/121
f 5851/1058/121 5863/999/121 5862/1004/121 5850/1057/121
f 5849/1060/121 5861/995/121 5860/1000/121 5848/1059/121
f 5847/1062/121 5859/991/121 5858/996/121 5846/1061/121
f 5845/961/121 5857/963/121 5856/992/121 5844/1063/121
f 5843/958/121 5855/1053/121 5854/962/121 5842/959/121
f 5808/968/122 5840/1098/122 5911/1099/122 5948/969/122
f 5912/1100/122 5906/1101/122 5850/1057/122 5853/1056/122
f 5837/1018/122 5904/1071/122 5902/1102/122 5836/1013/122
f 5905/1068/122 5898/1103/122 5846/1061/122 5849/1060/122
f 5900/1104/122 5895/1105/122 5844/1063/122 5847/1062/122
f 5831/964/122 5892/967/122 5890/1106/122 5830/1023/122
f 5818/1007/127 5841/1010/127 5840/1098/127 5819/1074/127
f 5820/1011/127 5839/1014/127 5838/1009/127 5821/1008/127
f 5822/1015/127 5837/1018/127 5836/1013/127 5823/1012/127
f 5824/1019/127 5835/953/127 5834/1017/127 5825/1016/127
f 5826/1021/127 5833/1024/127 5832/954/127 5827/1020/127
f 5828/976/127 5831/964/127 5830/1023/127 5829/1022/127
f 5814/971/127 5819/1074/127 5840/1098/127 5808/968/127
f 5835/953/122 5901/956/122 5899/1070/122 5834/1017/122
f 5900/1104/122 5847/1062/122 5846/1061/122 5898/1103/122
f 5839/1014/122 5908/1107/122 5907/1066/122 5838/1009/122
f 5909/1108/122 5851/1058/122 5850/1057/122 5906/1101/122
f 5949/1109/122 5910/1110/122 5852/1055/122 5812/1054/122
f 5916/1111/120 5877/1025/120 5876/1079/120 5914/1112/120
f 5882/990/120 5925/1113/120 5923/1114/120 5883/993/120
f 5924/1115/120 5873/1078/120 5872/1077/120 5922/1116/120
f 5886/998/120 5933/1117/120 5931/1118/120 5887/1001/120
f 5932/1119/120 5869/1076/120 5868/1075/120 5930/1120/120
f 5807/1026/120 5939/1121/120 5943/982/120 5815/977/120
f 5896/1122/122 5845/961/122 5844/1063/122 5895/1105/122
f 5839/1014/122 5836/1013/122 5902/1102/122 5908/1107/122
f 5909/1108/122 5903/1069/122 5848/1059/122 5851/1058/122
f 5912/1100/122 5853/1056/122 5852/1055/122 5910/1110/122
f 5841/1010/122 5913/1067/122 5911/1099/122 5840/1098/122
f 5916/1123/120 5939/1124/120 5807/1125/120 5877/1126/120
f 5878/1127/120 5811/1128/120 5938/1129/120 5917/1130/120
f 5924/1131/120 5919/1132/120 5874/1133/120 5873/1134/120
f 5886/1135/120 5885/1136/120 5926/1137/120 5933/1138/120
f 5932/1139/120 5927/1140/120 5870/1141/120 5869/1142/120
f 5810/1143/120 5889/1144/120 5934/1145/120 5941/1146/120
f 5938/1147/120 5811/1051/120 5816/975/120 5942/974/120
f 5940/1148/120 5806/1073/120 5814/971/120 5945/970/120
f 5940/1149/120 5935/1150/120 5866/1151/120 5806/1152/120
f 5949/1109/119 5812/1054/119 5817/986/119 5944/985/119
f 5896/1122/122 5891/960/122 5842/959/122 5845/961/122
f 5893/957/122 5946/973/122 5813/972/122 5843/958/122
f 5939/1121/120 5916/1111/120 5917/1064/120 5938/1147/120
f 5909/1108/122 5906/1101/122 5907/1066/122 5908/1107/122
f 5891/960/122 5896/1122/122 5897/1072/122 5890/1106/122
f 5949/1109/119 5944/985/119 5945/970/119 5948/969/119
f 5935/981/120 5940/1148/120 5941/984/120 5934/1081/120
f 5938/1147/120 5942/974/120 5943/982/120 5939/1121/120
f 5927/1034/120 5932/1119/120 5933/1117/120 5926/1087/120
f 5919/1042/120 5924/1115/120 5925/1113/120 5918/1093/120
f 5906/1101/122 5912/1100/122 5913/1067/122 5907/1066/122
f 5903/1069/122 5909/1108/122 5908/1107/122 5902/1102/122
f 5895/1105/122 5900/1104/122 5901/956/122 5894/955/122
f 5932/1119/120 5930/1120/120 5931/1118/120 5933/1117/120
f 5924/1115/120 5922/1116/120 5923/1114/120 5925/1113/120
f 5916/1111/120 5914/1112/120 5915/1065/120 5917/1064/120
f 5900/1104/122 5898/1103/122 5899/1070/122 5901/956/122
f 5896/1122/122 5895/1105/122 5894/955/122 5897/1072/122
f 5893/957/122 5891/960/122 5890/1106/122 5892/967/122
f 5905/1068/122 5903/1069/122 5902/1102/122 5904/1071/122
f 5912/1100/122 5910/1110/122 5911/1099/122 5913/1067/122
f 5921/1039/120 5919/1042/120 5918/1093/120 5920/1092/120
f 5929/1031/120 5927/1034/120 5926/1087/120 5928/1086/120
f 5937/978/120 5935/981/120 5934/1081/120 5936/1080/120
f 5898/1103/122 5905/1068/122 5904/1071/122 5899/1070/122
f 5910/1110/122 5949/1109/122 5948/969/122 5911/1099/122
f 5914/1112/120 5921/1039/120 5920/1092/120 5915/1065/120
f 5922/1116/120 5929/1031/120 5928/1086/120 5923/1114/120
f 5930/1120/120 5937/978/120 5936/1080/120 5931/1118/120
f 5940/1148/120 5945/970/120 5944/985/120 5941/984/120
f 5947/966/118 5943/982/118 5942/974/118 5946/973/118
f 5946/973/122 5893/957/122 5892/967/122 5947/966/122
f 5833/1024/122 5830/1023/122 5890/1106/122 5897/1072/122
f 6304/1153/147 6307/1154/147 6291/1155/147 6290/1156/147
f 6296/1157/148 6299/1158/148 6295/1159/148 6294/1160/148
f 6308/1161/149 6311/1162/149 6293/1163/149 6292/1164/149
f 6300/1165/150 6303/1166/150 6289/1167/150 6288/1168/150
f 6309/1169/151 6316/1170/151 6341/1171/151 6330/1172/151
f 6379/1173/152 6378/1174/152 6321/1175/152 6324/1176/152
f 6387/1177/153 6380/1178/153 6407/1179/153 6410/1180/153
f 6381/1181/154 6374/1182/154 6406/1183/154 6409/1184/154
f 6314/1185/155 6304/1153/155 6338/1186/155 6340/1187/155
f 6315/1188/119 6317/1189/119 6301/1190/119 6300/1165/119
f 6292/1164/156 6293/1163/156 6302/1191/156 6301/1190/156
f 6301/1190/157 6302/1191/157 6303/1166/157 6300/1165/157
f 6290/1156/158 6291/1155/158 6298/1192/158 6297/1193/158
f 6297/1193/159 6298/1192/159 6299/1158/159 6296/1157/159
f 6297/1193/119 6296/1157/119 6316/1170/119 6314/1185/119
f 6314/1185/119 6316/1170/119 6317/1189/119 6315/1188/119
f 6300/1165/160 6288/1168/160 6327/1194/160 6335/1195/160
f 6304/1153/119 6314/1185/119 6315/1188/119 6305/1196/119
f 6295/1197/161 6299/1198/161 6390/1199/161 6391/1200/161
f 6388/1201/162 6385/1202/162 6413/1203/162 6412/1204/162
f 6310/1205/163 6295/1197/163 6391/1200/163 6399/1206/163
f 6320/1207/164 6382/1208/164 6411/1209/164 6403/1210/164
f 6381/1211/165 6379/1173/165 6375/1212/165 6374/1213/165
f 6312/1214/118 6307/1154/118 6306/1215/118 6313/1216/118
f 6301/1190/166 6317/1189/166 6337/1217/166 6332/1218/166
f 6316/1170/119 6309/1169/119 6308/1161/119 6317/1189/119
f 6294/1160/167 6295/1159/167 6310/1219/167 6309/1169/167
f 6309/1169/168 6310/1219/168 6311/1162/168 6308/1161/168
f 6288/1168/169 6289/1167/169 6306/1215/169 6305/1196/169
f 6305/1196/170 6306/1215/170 6307/1154/170 6304/1153/170
f 6323/1220/171 6324/1176/171 6321/1175/171 6320/1221/171
f 6322/1222/171 6319/1223/171 6318/1224/171 6325/1225/171
f 6376/1226/172 6375/1212/172 6318/1224/172 6319/1223/172
f 6319/1223/173 6322/1222/173 6385/1227/173 6384/1228/173
f 6303/1229/174 6302/1230/174 6395/1231/174 6396/1232/174
f 6325/1233/175 6323/1234/175 6402/1235/175 6405/1236/175
f 6323/1234/176 6320/1207/176 6403/1210/176 6402/1235/176
f 6382/1208/177 6387/1177/177 6410/1180/177 6411/1209/177
f 6353/1237/119 6348/1238/119 6351/1239/119 6352/1240/119
f 6355/1241/119 6353/1237/119 6357/1242/119 6346/1243/119
f 6337/1217/178 6353/1237/178 6352/1240/178 6336/1244/178
f 6352/1240/119 6342/1245/119 6354/1246/119 6356/1247/119
f 6308/1161/179 6292/1164/179 6333/1248/179 6339/1249/179
f 6305/1196/180 6315/1188/180 6336/1244/180 6326/1250/180
f 6292/1164/181 6301/1190/181 6332/1218/181 6333/1248/181
f 6297/1193/182 6314/1185/182 6340/1187/182 6328/1251/182
f 6317/1189/183 6308/1161/183 6339/1249/183 6337/1217/183
f 6290/1156/184 6297/1193/184 6328/1251/184 6329/1252/184
f 6296/1157/185 6294/1160/185 6331/1253/185 6334/1254/185
f 6316/1170/186 6296/1157/186 6334/1254/186 6341/1171/186
f 6304/1153/187 6290/1156/187 6329/1252/187 6338/1186/187
f 6294/1160/188 6309/1169/188 6330/1172/188 6331/1253/188
f 6315/1188/189 6300/1165/189 6335/1195/189 6336/1244/189
f 6288/1168/190 6305/1196/190 6326/1250/190 6327/1194/190
f 6351/1239/191 6343/1255/191 6359/1256/191 6367/1257/191
f 6356/1247/192 6354/1246/192 6370/1258/192 6372/1259/192
f 6350/1260/193 6347/1261/193 6363/1262/193 6366/1263/193
f 6357/1242/194 6350/1260/194 6366/1263/194 6373/1264/194
f 6327/1194/121 6326/1250/121 6342/1245/121 6343/1255/121
f 6339/1249/127 6355/1241/127 6346/1243/127 6330/1172/127
f 6338/1186/121 6329/1252/121 6345/1265/121 6354/1246/121
f 6329/1252/120 6328/1251/120 6344/1266/120 6345/1265/120
f 6339/1249/127 6333/1248/127 6349/1267/127 6355/1241/127
f 6331/1253/127 6330/1172/127 6346/1243/127 6347/1261/127
f 6350/1260/119 6357/1242/119 6356/1247/119 6344/1266/119
f 6333/1248/122 6332/1218/122 6348/1238/122 6349/1267/122
f 6334/1254/120 6350/1260/120 6344/1266/120 6328/1251/120
f 6334/1254/120 6331/1253/120 6347/1261/120 6350/1260/120
f 6336/1244/195 6352/1240/195 6356/1247/195 6340/1187/195
f 6335/1195/122 6327/1194/122 6343/1255/122 6351/1239/122
f 6369/1268/119 6371/1269/119 6365/1270/119 6364/1271/119
f 6358/1272/119 6368/1273/119 6367/1257/119 6359/1256/119
f 6361/1274/119 6360/1275/119 6372/1259/119 6370/1258/119
f 6366/1263/119 6363/1262/119 6362/1276/119 6373/1264/119
f 6342/1245/196 6352/1240/196 6368/1273/196 6358/1272/196
f 6352/1240/197 6351/1239/197 6367/1257/197 6368/1273/197
f 6346/1243/198 6357/1242/198 6373/1264/198 6362/1276/198
f 6348/1238/199 6353/1237/199 6369/1268/199 6364/1271/199
f 6343/1255/200 6342/1245/200 6358/1272/200 6359/1256/200
f 6353/1237/201 6355/1241/201 6371/1269/201 6369/1268/201
f 6354/1246/200 6345/1265/200 6361/1274/200 6370/1258/200
f 6345/1265/193 6344/1266/193 6360/1275/193 6361/1274/193
f 6355/1241/202 6349/1267/202 6365/1270/202 6371/1269/202
f 6347/1261/202 6346/1243/202 6362/1276/202 6363/1262/202
f 6344/1266/203 6356/1247/203 6372/1259/203 6360/1275/203
f 6349/1267/191 6348/1238/191 6364/1271/191 6365/1270/191
f 6348/1238/122 6332/1218/122 6335/1195/122 6351/1239/122
f 6332/1218/118 6337/1217/118 6336/1244/118 6335/1195/118
f 6342/1245/121 6326/1250/121 6338/1186/121 6354/1246/121
f 6326/1250/118 6336/1244/118 6340/1187/118 6338/1186/118
f 6357/1242/204 6341/1171/204 6340/1187/204 6356/1247/204
f 6341/1171/118 6334/1254/118 6328/1251/118 6340/1187/118
f 6353/1237/205 6337/1217/205 6341/1171/205 6357/1242/205
f 6337/1217/118 6339/1249/118 6330/1172/118 6341/1171/118
f 6298/1192/206 6291/1155/206 6376/1226/206 6377/1277/206
f 6312/1214/207 6298/1192/207 6377/1277/207 6374/1213/207
f 6291/1155/208 6307/1154/208 6375/1212/208 6376/1226/208
f 6307/1154/209 6312/1214/209 6374/1213/209 6375/1212/209
f 6303/1166/207 6313/1216/207 6381/1211/207 6380/1278/207
f 6313/1216/210 6306/1215/210 6379/1173/210 6381/1211/210
f 6289/1167/211 6303/1166/211 6380/1278/211 6378/1174/211
f 6306/1215/212 6289/1167/212 6378/1174/212 6379/1173/212
f 6379/1173/213 6324/1176/213 6318/1224/213 6375/1212/213
f 6324/1176/171 6323/1220/171 6325/1225/171 6318/1224/171
f 6386/1279/122 6387/1280/122 6382/1281/122 6383/1282/122
f 6388/1283/120 6389/1284/120 6384/1228/120 6385/1227/120
f 6302/1230/214 6293/1285/214 6393/1286/214 6395/1231/214
f 6377/1277/215 6376/1226/215 6389/1284/215 6388/1283/215
f 6376/1226/216 6319/1223/216 6384/1228/216 6389/1284/216
f 6320/1221/217 6321/1175/217 6383/1282/217 6382/1281/217
f 6378/1174/218 6380/1278/218 6387/1280/218 6386/1279/218
f 6321/1175/216 6378/1174/216 6386/1279/216 6383/1282/216
f 6392/1287/219 6397/1288/219 6395/1231/219 6393/1286/219
f 6397/1288/220 6398/1289/220 6396/1232/220 6395/1231/220
f 6390/1199/221 6394/1290/221 6401/1291/221 6400/1292/221
f 6400/1292/222 6401/1291/222 6398/1289/222 6397/1288/222
f 6391/1200/223 6390/1199/223 6400/1292/223 6399/1206/223
f 6399/1206/224 6400/1292/224 6397/1288/224 6392/1287/224
f 6402/1235/225 6409/1184/225 6406/1183/225 6405/1236/225
f 6406/1183/225 6408/1293/225 6404/1294/225 6405/1236/225
f 6404/1294/226 6408/1293/226 6412/1204/226 6413/1203/226
f 6407/1179/225 6409/1184/225 6402/1235/225 6403/1210/225
f 6407/1179/227 6403/1210/227 6411/1209/227 6410/1180/227
f 6311/1295/228 6310/1205/228 6399/1206/228 6392/1287/228
f 6322/1296/229 6325/1233/229 6405/1236/229 6404/1294/229
f 6313/1297/230 6303/1229/230 6396/1232/230 6398/1289/230
f 6380/1178/231 6381/1181/231 6409/1184/231 6407/1179/231
f 6299/1198/232 6298/1298/232 6394/1290/232 6390/1199/232
f 6374/1182/233 6377/1299/233 6408/1293/233 6406/1183/233
f 6293/1285/234 6311/1295/234 6392/1287/234 6393/1286/234
f 6298/1298/235 6312/1300/235 6401/1291/235 6394/1290/235
f 6377/1299/236 6388/1201/236 6412/1204/236 6408/1293/236
f 6312/1300/237 6313/1297/237 6398/1289/237 6401/1291/237
f 6385/1202/238 6322/1296/238 6404/1294/238 6413/1203/238
s 1
f 1321/1301/119 956/1302/119 1049/1303/119 1336/1304/119
f 962/1305/119 370/1306/119 426/1307/119 473/1308/119
f 1181/1309/239 1179/1310/240 929/1311/240 928/1312/239
f 961/1313/119 962/1305/119 473/1308/119 1054/1314/119
f 342/1315/118 343/1316/118 1013/1317/118 1012/1318/118
f 362/1319/118 360/1320/118 1021/1321/118 1022/1322/118
f 321/1323/118 323/1324/118 1002/1325/118 1001/1326/118
f 960/1327/119 961/1313/119 1054/1314/119 1053/1328/119
f 959/1329/119 960/1327/119 1053/1328/119 1052/1330/119
f 957/1331/119 959/1329/119 1052/1330/119 1050/1332/119
f 340/1333/118 338/1334/118 1010/1335/118 1011/1336/118
f 852/1337/241 885/1338/241 886/1339/242 856/1340/242
f 856/1340/242 886/1339/242 887/1341/243 857/1342/243
f 857/1342/243 887/1341/243 888/1343/244 858/1344/244
f 858/1344/244 888/1343/244 889/1345/245 859/1346/245
f 859/1346/245 889/1345/245 890/1347/246 860/1348/246
f 860/1348/246 890/1347/246 891/1349/247 861/1350/247
f 853/1351/248 892/1352/248 893/1353/249 862/1354/249
f 862/1354/249 893/1353/249 894/1355/250 863/1356/250
f 863/1356/250 894/1355/250 895/1357/251 864/1358/251
f 864/1358/251 895/1357/251 896/1359/252 865/1360/252
f 865/1360/252 896/1359/252 897/1361/253 866/1362/253
f 866/1362/253 897/1361/253 898/1363/254 867/1364/254
f 854/1365/255 899/1366/255 900/1367/256 868/1368/256
f 868/1368/256 900/1367/256 901/1369/257 869/1370/257
f 869/1370/257 901/1369/257 902/1371/258 870/1372/258
f 870/1372/258 902/1371/258 903/1373/259 871/1374/259
f 871/1374/259 903/1373/259 904/1375/260 872/1376/260
f 872/1376/260 904/1375/260 905/1377/261 873/1378/261
f 1124/1379/262 1181/1309/239 928/1312/239 258/1380/262
f 907/1381/119 908/1382/119 879/1383/119 878/1384/119
f 266/1385/118 271/1386/118 317/1387/118 316/1388/118
f 909/1389/119 907/1381/119 878/1384/119 880/1390/119
f 271/1386/118 270/1391/118 319/1392/118 317/1387/118
f 910/1393/119 909/1389/119 880/1390/119 881/1394/119
f 270/1391/118 269/1395/118 321/1396/118 319/1392/118
f 911/1397/119 910/1393/119 881/1394/119 882/1398/119
f 269/1395/118 268/1399/118 323/1400/118 321/1396/118
f 912/1401/119 911/1397/119 882/1398/119 883/1402/119
f 268/1399/118 267/1403/118 325/1404/118 323/1400/118
f 913/1405/119 912/1401/119 883/1402/119 884/1406/119
f 267/1403/118 265/1407/118 327/1408/118 325/1404/118
f 281/1409/118 279/1410/118 329/1411/118 328/1412/118
f 914/1413/119 915/1414/119 331/1415/119 330/1416/119
f 282/1417/118 281/1409/118 328/1412/118 332/1418/118
f 915/1414/119 916/1419/119 333/1420/119 331/1415/119
f 283/1421/118 282/1417/118 332/1418/118 334/1422/118
f 916/1419/119 917/1423/119 335/1424/119 333/1420/119
f 284/1425/118 283/1421/118 334/1422/118 336/1426/118
f 917/1423/119 918/1427/119 337/1428/119 335/1424/119
f 285/1429/118 284/1425/118 336/1426/118 338/1430/118
f 918/1427/119 919/1431/119 339/1432/119 337/1428/119
f 280/1433/118 285/1429/118 338/1430/118 340/1434/118
f 919/1431/119 920/1435/119 341/1436/119 339/1432/119
f 309/1437/118 307/1438/118 343/1439/118 342/1440/118
f 921/1441/119 922/1442/119 345/1443/119 344/1444/119
f 310/1445/118 309/1437/118 342/1440/118 346/1446/118
f 922/1442/119 923/1447/119 347/1448/119 345/1443/119
f 311/1449/118 310/1445/118 346/1446/118 348/1450/118
f 923/1447/119 924/1451/119 349/1452/119 347/1448/119
f 312/1453/118 311/1449/118 348/1450/118 350/1454/118
f 924/1451/119 925/1455/119 351/1456/119 349/1452/119
f 313/1457/118 312/1453/118 350/1454/118 352/1458/118
f 925/1455/119 926/1459/119 353/1460/119 351/1456/119
f 308/1461/118 313/1457/118 352/1458/118 354/1462/118
f 926/1459/119 927/1463/119 355/1464/119 353/1460/119
f 295/1465/118 293/1466/118 357/1467/118 356/1468/118
f 287/1469/119 292/1470/119 359/1471/119 358/1472/119
f 296/1473/118 295/1465/118 356/1468/118 360/1474/118
f 292/1470/119 930/1475/119 361/1476/119 359/1471/119
f 297/1477/118 296/1473/118 360/1474/118 362/1478/118
f 930/1475/119 931/1479/119 363/1480/119 361/1476/119
f 298/1481/118 297/1477/118 362/1478/118 364/1482/118
f 931/1479/119 932/1483/119 365/1484/119 363/1480/119
f 299/1485/118 298/1481/118 364/1482/118 366/1486/118
f 932/1483/119 933/1487/119 367/1488/119 365/1484/119
f 294/1489/118 299/1485/118 366/1486/118 368/1490/118
f 933/1487/119 934/1491/119 369/1492/119 367/1488/119
f 920/1435/119 913/1405/119 884/1406/119 341/1436/119
f 1335/1493/119 914/1413/119 330/1416/119 1306/1494/119
f 934/1491/119 921/1441/119 344/1444/119 369/1492/119
f 908/1382/119 287/1469/119 358/1472/119 879/1383/119
f 265/1407/118 280/1433/118 340/1434/118 327/1408/118
f 293/1466/118 266/1385/118 316/1388/118 357/1467/118
f 307/1438/118 294/1489/118 368/1490/118 343/1439/118
f 1327/1495/118 308/1461/118 354/1462/118 1328/1496/118
f 1179/1310/240 1177/1497/263 291/1498/263 929/1311/240
f 1177/1497/263 1175/1499/264 290/1500/264 291/1498/263
f 1175/1499/264 1173/1501/265 289/1502/265 290/1500/264
f 1173/1501/265 1171/1503/266 288/1504/266 289/1502/265
f 1171/1503/266 1169/1505/267 286/1506/267 288/1504/266
f 1169/1505/267 1167/1507/268 301/1508/268 286/1506/267
f 1167/1507/268 1165/1509/269 306/1510/269 301/1508/268
f 1165/1509/269 1163/1511/270 305/1512/270 306/1510/269
f 1163/1511/270 1161/1513/136 304/1514/136 305/1512/270
f 1161/1513/136 1159/1515/271 303/1516/271 304/1514/136
f 1159/1515/271 1157/1517/272 302/1518/272 303/1516/271
f 1157/1517/272 1155/1519/273 300/1520/273 302/1518/272
f 1344/1521/122 1149/1522/274 273/1523/274 781/1524/122
f 1149/1522/274 1147/1525/275 278/1526/275 273/1523/274
f 1147/1525/275 1145/1527/276 277/1528/276 278/1526/275
f 1145/1527/276 1143/1529/137 276/1530/137 277/1528/276
f 1143/1529/137 1141/1531/277 275/1532/277 276/1530/137
f 1141/1531/277 1139/1533/278 274/1534/278 275/1532/277
f 1139/1533/278 1137/1535/279 272/1536/279 274/1534/278
f 1137/1535/279 1135/1537/280 259/1538/280 272/1536/279
f 1135/1537/280 1133/1539/281 264/1540/281 259/1538/280
f 1133/1539/281 1131/1541/282 263/1542/282 264/1540/281
f 1131/1541/282 1129/1543/283 262/1544/283 263/1542/282
f 1129/1543/283 1127/1545/284 261/1546/284 262/1544/283
f 1127/1545/284 1125/1547/285 260/1548/285 261/1546/284
f 1125/1547/285 1124/1379/262 258/1380/262 260/1548/285
f 360/1320/118 356/1549/118 1019/1550/118 1021/1321/118
f 958/1551/119 957/1331/119 1050/1332/119 1051/1552/119
f 319/1553/118 321/1323/118 1001/1326/118 1000/1554/118
f 956/1302/119 955/1555/119 1048/1556/119 1049/1303/119
f 955/1555/119 954/1557/119 1047/1558/119 1048/1556/119
f 338/1334/118 336/1559/118 1009/1560/118 1010/1335/118
f 954/1557/119 953/1561/119 1046/1562/119 1047/1558/119
f 317/1563/118 319/1553/118 1000/1554/118 999/1564/118
f 356/1549/118 357/1565/118 1020/1566/118 1019/1550/118
f 1328/1567/118 354/1568/118 1018/1569/118 1307/1570/118
f 953/1561/119 952/1571/119 1045/1572/119 1046/1562/119
f 343/1316/118 368/1573/118 1025/1574/118 1013/1317/118
f 952/1571/119 950/1575/119 1043/1576/119 1045/1572/119
f 336/1559/118 334/1577/118 1008/1578/118 1009/1560/118
f 357/1565/118 316/1579/118 998/1580/118 1020/1566/118
f 316/1579/118 317/1563/118 999/1564/118 998/1580/118
f 950/1575/119 951/1581/119 1044/1582/119 1043/1576/119
f 354/1568/118 352/1583/118 1017/1584/118 1018/1569/118
f 850/1585/286 375/1586/286 376/1587/287 851/1588/287
f 849/1589/288 374/1590/288 375/1586/286 850/1585/286
f 848/1591/289 373/1592/289 374/1590/288 849/1589/288
f 847/1593/290 372/1594/290 373/1592/289 848/1591/289
f 846/1595/291 371/1596/291 372/1594/290 847/1593/290
f 855/1597/292 963/1598/292 371/1596/291 846/1595/291
f 874/1599/120 964/1600/120 944/1601/254 867/1602/254
f 851/1588/287 376/1587/287 383/1603/247 861/1604/247
f 853/1605/248 384/1606/248 937/1607/261 873/1608/261
f 854/1609/255 391/1610/255 963/1598/292 855/1597/292
f 267/1611/118 268/1612/118 1064/1613/118 1065/1614/118
f 990/1615/119 991/1616/119 517/1617/119 518/1618/119
f 313/1619/118 308/1620/118 1080/1621/118 1079/1622/118
f 989/1623/119 990/1615/119 518/1618/119 1113/1624/119
f 268/1612/118 269/1625/118 1063/1626/118 1064/1613/118
f 988/1627/119 989/1623/119 1113/1624/119 1112/1628/119
f 312/1629/118 313/1619/118 1079/1622/118 1078/1630/118
f 987/1631/119 988/1627/119 1112/1628/119 1111/1632/119
f 269/1625/118 270/1633/118 1062/1634/118 1063/1626/118
f 986/1635/119 987/1631/119 1111/1632/119 1110/1636/119
f 311/1637/118 312/1629/118 1078/1630/118 1077/1638/118
f 985/1639/119 986/1635/119 1110/1636/119 1109/1640/119
f 270/1633/118 271/1641/118 1061/1642/118 1062/1634/118
f 1352/1643/118 279/1644/118 1068/1645/118 1088/1646/118
f 984/1647/119 985/1639/119 1109/1640/119 1108/1648/119
f 310/1649/118 311/1637/118 1077/1638/118 1076/1650/118
f 294/1651/118 307/1652/118 1075/1653/118 1087/1654/118
f 981/1655/119 984/1647/119 1108/1648/119 1105/1656/119
f 271/1641/118 266/1657/118 1060/1658/118 1061/1642/118
f 266/1657/118 293/1659/118 1082/1660/118 1060/1658/118
f 979/1661/119 980/1662/119 1104/1663/119 1103/1664/119
f 309/1665/118 310/1649/118 1076/1650/118 1074/1666/118
f 280/1667/118 265/1668/118 1066/1669/118 1073/1670/118
f 978/1671/119 979/1661/119 1103/1664/119 1102/1672/119
f 977/1673/119 978/1671/119 1102/1672/119 1101/1674/119
f 307/1652/118 309/1665/118 1074/1666/118 1075/1653/118
f 976/1675/119 977/1673/119 1101/1674/119 1100/1676/119
f 975/1677/119 976/1675/119 1100/1676/119 1099/1678/119
f 1035/1679/293 461/1680/293 427/1681/294 1056/1682/294
f 1042/1683/295 448/1684/295 471/1685/296 1030/1686/296
f 478/1687/297 1004/1688/297 445/1689/298 446/1690/298
f 1057/1691/120 1308/1692/120 458/1693/299 1037/1694/299
f 1056/1682/294 427/1681/294 428/1695/300 1055/1696/300
f 1055/1696/300 428/1695/300 429/1697/301 474/1698/301
f 474/1698/301 429/1697/301 430/1699/302 475/1700/302
f 475/1700/302 430/1699/302 431/1701/303 476/1702/303
f 476/1702/303 431/1701/303 1003/1703/304 477/1704/304
f 477/1704/304 1003/1703/304 1004/1688/297 478/1687/297
f 1024/1705/305 1029/1706/305 1030/1686/296 471/1685/296
f 1023/1707/306 1031/1708/306 1029/1706/305 1024/1705/305
f 465/1709/307 1032/1710/307 1031/1708/306 1023/1707/306
f 463/1711/308 1033/1712/308 1032/1710/307 465/1709/307
f 460/1713/309 1034/1714/309 1033/1712/308 463/1711/308
f 461/1680/293 1035/1679/293 1034/1714/309 460/1713/309
f 456/1715/310 1036/1716/310 1037/1694/299 458/1693/299
f 1016/1717/311 1038/1718/311 1036/1716/310 456/1715/310
f 1015/1719/312 1039/1720/312 1038/1718/311 1016/1717/311
f 1014/1721/313 1040/1722/313 1039/1720/312 1015/1719/312
f 447/1723/314 1041/1724/314 1040/1722/313 1014/1721/313
f 448/1684/295 1042/1683/295 1041/1724/314 447/1723/314
f 443/1725/315 444/1726/315 446/1690/298 445/1689/298
f 441/1727/316 442/1728/316 444/1726/315 443/1725/315
f 439/1729/317 440/1730/317 442/1728/316 441/1727/316
f 1007/1731/318 438/1732/318 440/1730/317 439/1729/317
f 1005/1733/319 436/1734/319 438/1732/318 1007/1731/318
f 435/1735/320 479/1736/320 436/1734/319 1005/1733/319
f 323/1324/118 325/1737/118 432/1738/118 1002/1325/118
f 364/1739/118 362/1319/118 1022/1322/118 467/1740/118
f 951/1581/119 958/1551/119 1051/1552/119 1044/1582/119
f 346/1741/118 342/1315/118 1012/1318/118 450/1742/118
f 397/1743/119 949/1744/119 480/1745/119 472/1746/119
f 396/1747/119 397/1743/119 472/1746/119 470/1748/119
f 370/1306/119 942/1749/119 481/1750/119 426/1307/119
f 325/1737/118 327/1751/118 433/1752/118 432/1738/118
f 395/1753/119 396/1747/119 470/1748/119 468/1754/119
f 366/1755/118 364/1739/118 467/1740/118 469/1756/118
f 394/1757/119 395/1753/119 468/1754/119 466/1758/119
f 348/1759/118 346/1741/118 450/1742/118 452/1760/118
f 328/1761/118 329/1762/118 1006/1763/118 434/1764/118
f 393/1765/119 394/1757/119 466/1758/119 464/1766/119
f 392/1767/119 393/1765/119 464/1766/119 462/1768/119
f 368/1573/118 366/1755/118 469/1756/118 1025/1574/118
f 942/1749/119 392/1767/119 462/1768/119 481/1750/119
f 350/1769/118 348/1759/118 452/1760/118 454/1770/118
f 389/1771/119 390/1772/119 459/1773/119 457/1774/119
f 332/1775/118 328/1761/118 434/1764/118 437/1776/118
f 388/1777/119 389/1771/119 457/1774/119 455/1778/119
f 387/1779/119 388/1777/119 455/1778/119 453/1780/119
f 352/1583/118 350/1769/118 454/1770/118 1017/1584/118
f 386/1781/119 387/1779/119 453/1780/119 451/1782/119
f 334/1577/118 332/1775/118 437/1776/118 1008/1578/118
f 385/1783/119 386/1781/119 451/1782/119 449/1784/119
f 949/1744/119 385/1783/119 449/1784/119 480/1745/119
f 327/1751/118 340/1333/118 1011/1336/118 433/1752/118
f 483/1785/321 482/1786/322 1091/1787/322 1092/1788/321
f 484/1789/323 483/1785/321 1092/1788/321 1093/1790/323
f 485/1791/324 484/1789/323 1093/1790/323 1094/1792/324
f 486/1793/325 485/1791/324 1094/1792/324 1095/1794/325
f 487/1795/326 486/1793/325 1095/1794/325 1096/1796/326
f 488/1797/327 487/1795/326 1096/1796/326 1097/1798/327
f 495/1799/328 488/1797/327 1097/1798/327 1098/1800/328
f 1072/1801/329 495/1799/328 1098/1800/328 530/1802/329
f 1071/1803/330 1072/1801/329 530/1802/329 529/1804/330
f 1070/1805/331 1071/1803/330 529/1804/330 528/1806/331
f 1069/1807/332 1070/1805/331 528/1806/331 527/1808/332
f 1067/1809/333 1069/1807/332 527/1808/332 526/1810/333
f 490/1811/334 1067/1809/333 526/1810/333 525/1812/334
f 1090/1813/122 490/1811/334 525/1812/334 1339/1814/122
f 501/1815/335 502/1816/336 524/1817/336 523/1818/335
f 500/1819/337 501/1815/335 523/1818/335 522/1820/337
f 499/1821/338 500/1819/337 522/1820/337 521/1822/338
f 498/1823/339 499/1821/338 521/1822/338 520/1824/339
f 496/1825/340 498/1823/339 520/1824/339 519/1826/340
f 497/1827/341 496/1825/340 519/1826/340 1114/1828/341
f 509/1829/342 497/1827/341 1114/1828/341 1115/1830/342
f 1086/1831/343 509/1829/342 1115/1830/342 1116/1832/343
f 1085/1833/344 1086/1831/343 1116/1832/343 1117/1834/344
f 1084/1835/345 1085/1833/344 1117/1834/344 1118/1836/345
f 1083/1837/346 1084/1835/345 1118/1836/345 1119/1838/346
f 1081/1839/347 1083/1837/346 1119/1838/346 1120/1840/347
f 482/1786/322 504/1841/348 1121/1842/348 1091/1787/322
f 504/1841/348 1081/1839/347 1120/1840/347 1121/1842/348
f 991/1616/119 992/1843/119 516/1844/119 517/1617/119
f 293/1659/118 295/1845/118 503/1846/118 1082/1660/118
f 992/1843/119 993/1847/119 515/1848/119 516/1844/119
f 265/1668/118 267/1611/118 1065/1614/118 1066/1669/118
f 993/1847/119 994/1849/119 514/1850/119 515/1848/119
f 295/1845/118 296/1851/118 505/1852/118 503/1846/118
f 279/1644/118 281/1853/118 489/1854/118 1068/1645/118
f 994/1849/119 995/1855/119 513/1856/119 514/1850/119
f 995/1855/119 996/1857/119 512/1858/119 513/1856/119
f 296/1851/118 297/1859/118 506/1860/118 505/1852/118
f 281/1853/118 282/1861/118 491/1862/118 489/1854/118
f 997/1863/119 398/1864/119 510/1865/119 511/1866/119
f 398/1864/119 968/1867/119 537/1868/119 510/1865/119
f 996/1857/119 997/1863/119 511/1866/119 512/1858/119
f 968/1867/119 969/1869/119 536/1870/119 537/1868/119
f 297/1859/118 298/1871/118 507/1872/118 506/1860/118
f 282/1861/118 283/1873/118 492/1874/118 491/1862/118
f 969/1869/119 970/1875/119 535/1876/119 536/1870/119
f 970/1875/119 971/1877/119 534/1878/119 535/1876/119
f 298/1871/118 299/1879/118 508/1880/118 507/1872/118
f 283/1873/118 284/1881/118 493/1882/118 492/1874/118
f 971/1877/119 972/1883/119 533/1884/119 534/1878/119
f 972/1883/119 973/1885/119 532/1886/119 533/1884/119
f 299/1879/118 294/1651/118 1087/1654/118 508/1880/118
f 284/1881/118 285/1887/118 494/1888/118 493/1882/118
f 973/1885/119 974/1889/119 531/1890/119 532/1886/119
f 974/1889/119 975/1677/119 1099/1678/119 531/1890/119
f 285/1887/118 280/1667/118 1073/1670/118 494/1888/118
f 425/1891/285 967/1892/262 1122/1893/262 1123/1894/285
f 539/1895/118 592/1896/118 648/1897/118 595/1898/118
f 424/1899/284 425/1891/285 1123/1894/285 1126/1900/284
f 590/1901/119 593/1902/119 649/1903/119 646/1904/119
f 423/1905/283 424/1899/284 1126/1900/284 1128/1906/283
f 1342/1907/119 1148/1908/119 1208/1909/119 1346/1910/119
f 422/1911/282 423/1905/283 1128/1906/283 1130/1912/282
f 593/1902/119 538/1913/119 594/1914/119 649/1903/119
f 421/1915/281 422/1911/282 1130/1912/282 1132/1916/281
f 569/1917/118 567/1918/118 1209/1919/118 1207/1920/118
f 420/1921/280 421/1915/281 1132/1916/281 1134/1922/280
f 543/1923/118 541/1924/118 1241/1925/118 1239/1926/118
f 419/1927/279 420/1921/280 1134/1922/280 1136/1928/279
f 1148/1908/119 1146/1929/119 1206/1930/119 1208/1909/119
f 418/1931/278 419/1927/279 1136/1928/279 1138/1932/278
f 540/1933/119 542/1934/119 1238/1935/119 1240/1936/119
f 417/1937/277 418/1931/278 1138/1932/278 1140/1938/277
f 571/1939/118 569/1917/118 1207/1920/118 1205/1940/118
f 416/1941/137 417/1937/277 1140/1938/277 572/1942/137
f 545/1943/118 543/1923/118 1239/1926/118 1237/1944/118
f 415/1945/276 416/1941/137 572/1942/137 570/1946/276
f 1146/1929/119 1144/1947/119 1204/1948/119 1206/1930/119
f 414/1949/275 415/1945/276 570/1946/276 568/1950/275
f 542/1934/119 544/1951/119 1236/1952/119 1238/1935/119
f 413/1953/274 414/1949/275 568/1950/275 566/1954/274
f 573/1955/118 571/1939/118 1205/1940/118 1203/1956/118
f 1325/1957/122 413/1953/274 566/1954/274 1343/1958/122
f 547/1959/118 545/1943/118 1237/1944/118 1235/1960/118
f 411/1961/272 412/1962/273 1152/1963/273 1156/1964/272
f 1144/1947/119 1142/1965/119 1202/1966/119 1204/1948/119
f 410/1967/271 411/1961/272 1156/1964/272 1158/1968/271
f 544/1951/119 546/1969/119 1234/1970/119 1236/1952/119
f 409/1971/136 410/1967/271 1158/1968/271 1160/1972/136
f 575/1973/118 573/1955/118 1203/1956/118 1201/1974/118
f 408/1975/270 409/1971/136 1160/1972/136 1162/1976/270
f 549/1977/118 547/1959/118 1235/1960/118 1233/1978/118
f 407/1979/269 408/1975/270 1162/1976/270 1164/1980/269
f 1142/1965/119 574/1981/119 1200/1982/119 1202/1966/119
f 406/1983/268 407/1979/269 1164/1980/269 1166/1984/268
f 546/1969/119 548/1985/119 1232/1986/119 1234/1970/119
f 405/1987/267 406/1983/268 1166/1984/268 1168/1988/267
f 577/1989/118 575/1973/118 1201/1974/118 1199/1990/118
f 404/1991/266 405/1987/267 1168/1988/267 1170/1992/266
f 551/1993/118 549/1977/118 1233/1978/118 1231/1994/118
f 403/1995/265 404/1991/266 1170/1992/266 1172/1996/265
f 574/1981/119 576/1997/119 1198/1998/119 1200/1982/119
f 402/1999/264 403/1995/265 1172/1996/265 1174/2000/264
f 548/1985/119 550/2001/119 1230/2002/119 1232/1986/119
f 401/2003/263 402/1999/264 1174/2000/264 1176/2004/263
f 579/2005/118 577/1989/118 1199/1990/118 1197/2006/118
f 400/2007/240 401/2003/263 1176/2004/263 1178/2008/240
f 553/2009/118 551/1993/118 1231/1994/118 1229/2010/118
f 967/1892/262 399/2011/239 1180/2012/239 1122/1893/262
f 576/1997/119 578/2013/119 1196/2014/119 1198/1998/119
f 399/2011/239 400/2007/240 1178/2008/240 1180/2012/239
f 550/2001/119 552/2015/119 1228/2016/119 1230/2002/119
f 1183/2017/349 1182/2018/350 1184/2019/350 1185/2020/349
f 1186/2021/351 1183/2017/349 1185/2020/349 1187/2022/351
f 1188/2023/352 1186/2021/351 1187/2022/351 1189/2024/352
f 1190/2025/353 1188/2023/352 1189/2024/352 1191/2026/353
f 1192/2027/354 1190/2025/353 1191/2026/353 1193/2028/354
f 1194/2029/355 1192/2027/354 1193/2028/354 1195/2030/355
f 634/2031/356 1194/2029/355 1195/2030/355 635/2032/356
f 632/2033/357 634/2031/356 635/2032/356 633/2034/357
f 630/2035/358 632/2033/357 633/2034/357 631/2036/358
f 628/2037/359 630/2035/358 631/2036/358 629/2038/359
f 626/2039/360 628/2037/359 629/2038/359 627/2040/360
f 624/2041/361 626/2039/360 627/2040/360 625/2042/361
f 622/2043/362 624/2041/361 625/2042/361 623/2044/362
f 1348/2045/122 622/2043/362 623/2044/362 1349/2046/122
f 1218/2047/363 1213/2048/364 1217/2049/364 1219/2050/363
f 1220/2051/365 1218/2047/363 1219/2050/363 1221/2052/365
f 1222/2053/366 1220/2051/365 1221/2052/365 1223/2054/366
f 1224/2055/367 1222/2053/366 1223/2054/366 1225/2056/367
f 1226/2057/368 1224/2055/367 1225/2056/367 1227/2058/368
f 608/2059/369 1226/2057/368 1227/2058/368 609/2060/369
f 606/2061/370 608/2059/369 609/2060/369 607/2062/370
f 604/2063/371 606/2061/370 607/2062/370 605/2064/371
f 602/2065/372 604/2063/371 605/2064/371 603/2066/372
f 600/2067/373 602/2065/372 603/2066/372 601/2068/373
f 598/2069/374 600/2067/373 601/2068/373 599/2070/374
f 596/2071/375 598/2069/374 599/2070/374 597/2072/375
f 1182/2018/350 1242/2073/376 1243/2074/376 1184/2019/350
f 1242/2073/376 596/2071/375 597/2072/375 1243/2074/376
f 1153/2075/118 565/2076/118 621/2077/118 1214/2078/118
f 592/1896/118 591/2079/118 647/2080/118 648/1897/118
f 538/1913/119 540/1933/119 1240/1936/119 594/1914/119
f 562/2081/119 564/2082/119 620/2083/119 618/2084/119
f 588/2085/119 590/1901/119 646/1904/119 644/2086/119
f 541/1924/118 539/1895/118 595/1898/118 1241/1925/118
f 565/2076/118 563/2087/118 619/2088/118 621/2077/118
f 591/2079/118 589/2089/118 645/2090/118 647/2080/118
f 560/2091/119 562/2081/119 618/2084/119 616/2092/119
f 586/2093/119 588/2085/119 644/2086/119 642/2094/119
f 563/2087/118 561/2095/118 617/2096/118 619/2088/118
f 589/2089/118 587/2097/118 643/2098/118 645/2090/118
f 558/2099/119 560/2091/119 616/2092/119 614/2100/119
f 584/2101/119 586/2093/119 642/2094/119 640/2102/119
f 561/2095/118 559/2103/118 615/2104/118 617/2096/118
f 587/2097/118 585/2105/118 641/2106/118 643/2098/118
f 556/2107/119 558/2099/119 614/2100/119 612/2108/119
f 582/2109/119 584/2101/119 640/2102/119 638/2110/119
f 559/2103/118 557/2111/118 613/2112/118 615/2104/118
f 585/2105/118 583/2113/118 639/2114/118 641/2106/118
f 554/2115/119 556/2107/119 612/2108/119 610/2116/119
f 580/2117/119 582/2109/119 638/2110/119 636/2118/119
f 557/2111/118 555/2119/118 611/2120/118 613/2112/118
f 583/2113/118 581/2121/118 637/2122/118 639/2114/118
f 552/2015/119 554/2115/119 610/2116/119 1228/2016/119
f 578/2013/119 580/2117/119 636/2118/119 1196/2014/119
f 555/2119/118 553/2009/118 1229/2010/118 611/2120/118
f 581/2121/118 579/2005/118 1197/2006/118 637/2122/118
f 1303/2123/239 1302/2124/240 1266/2125/240 1265/2126/239
f 1274/2127/262 1303/2123/239 1265/2126/239 650/2128/262
f 1244/2129/119 1245/2130/119 679/2131/119 678/2132/119
f 1246/2133/119 1244/2129/119 678/2132/119 680/2134/119
f 1247/2135/119 1246/2133/119 680/2134/119 681/2136/119
f 1248/2137/119 1247/2135/119 681/2136/119 682/2138/119
f 1249/2139/119 1248/2137/119 682/2138/119 683/2140/119
f 1250/2141/119 1249/2139/119 683/2140/119 684/2142/119
f 1251/2143/119 1252/2144/119 686/2145/119 685/2146/119
f 1252/2144/119 1253/2147/119 687/2148/119 686/2145/119
f 1253/2147/119 1254/2149/119 688/2150/119 687/2148/119
f 1254/2149/119 1255/2151/119 689/2152/119 688/2150/119
f 1255/2151/119 1256/2153/119 690/2154/119 689/2152/119
f 1256/2153/119 1257/2155/119 691/2156/119 690/2154/119
f 1258/2157/119 1259/2158/119 693/2159/119 692/2160/119
f 1259/2158/119 1260/2161/119 694/2162/119 693/2159/119
f 1260/2161/119 1261/2163/119 695/2164/119 694/2162/119
f 1261/2163/119 1262/2165/119 696/2166/119 695/2164/119
f 1262/2165/119 1263/2167/119 697/2168/119 696/2166/119
f 1263/2167/119 1264/2169/119 698/2170/119 697/2168/119
f 665/2171/119 670/2172/119 700/2173/119 699/2174/119
f 670/2172/119 1267/2175/119 701/2176/119 700/2173/119
f 1267/2175/119 1268/2177/119 702/2178/119 701/2176/119
f 1268/2177/119 1269/2179/119 703/2180/119 702/2178/119
f 1269/2179/119 1270/2181/119 704/2182/119 703/2180/119
f 1270/2181/119 1271/2183/119 705/2184/119 704/2182/119
f 1257/2155/119 1250/2141/119 684/2142/119 691/2156/119
f 1354/2185/119 1251/2143/119 685/2146/119 1359/2186/119
f 1271/2183/119 1258/2157/119 692/2160/119 705/2184/119
f 1245/2130/119 665/2171/119 699/2174/119 679/2131/119
f 1302/2124/240 1301/2187/263 669/2188/263 1266/2125/240
f 1301/2187/263 1300/2189/264 668/2190/264 669/2188/263
f 1300/2189/264 1299/2191/265 667/2192/265 668/2190/264
f 1299/2191/265 1298/2193/266 666/2194/266 667/2192/265
f 1298/2193/266 1297/2195/267 664/2196/267 666/2194/266
f 1297/2195/267 1296/2197/268 672/2198/268 664/2196/267
f 1296/2197/268 1295/2199/269 677/2200/269 672/2198/268
f 1295/2199/269 1294/2201/270 676/2202/270 677/2200/269
f 1294/2201/270 1293/2203/136 675/2204/136 676/2202/270
f 1293/2203/136 1292/2205/271 674/2206/271 675/2204/136
f 1292/2205/271 1291/2207/272 673/2208/272 674/2206/271
f 1291/2207/272 1290/2209/273 671/2210/273 673/2208/272
f 1356/2211/122 1287/2212/274 658/2213/274 1355/2214/122
f 1287/2212/274 1286/2215/275 663/2216/275 658/2213/274
f 1286/2215/275 1285/2217/276 662/2218/276 663/2216/275
f 1285/2217/276 1284/2219/137 661/2220/137 662/2218/276
f 1284/2219/137 1283/2221/277 660/2222/277 661/2220/137
f 1283/2221/277 1282/2223/278 659/2224/278 660/2222/277
f 1282/2223/278 1281/2225/279 657/2226/279 659/2224/278
f 1281/2225/279 1280/2227/280 651/2228/280 657/2226/279
f 1280/2227/280 1279/2229/281 656/2230/281 651/2228/280
f 1279/2229/281 1278/2231/282 655/2232/282 656/2230/281
f 1278/2231/282 1277/2233/283 654/2234/283 655/2232/282
f 1277/2233/283 1276/2235/284 653/2236/284 654/2234/283
f 1276/2235/284 1275/2237/285 652/2238/285 653/2236/284
f 1275/2237/285 1274/2127/262 650/2128/262 652/2238/285
f 706/2239/118 733/2240/118 761/2241/118 734/2242/118
f 721/2243/118 720/2244/118 748/2245/118 749/2246/118
f 708/2247/118 707/2248/118 735/2249/118 736/2250/118
f 722/2251/118 721/2243/118 749/2246/118 750/2252/118
f 709/2253/118 708/2247/118 736/2250/118 737/2254/118
f 723/2255/118 722/2251/118 750/2252/118 751/2256/118
f 710/2257/118 709/2253/118 737/2254/118 738/2258/118
f 724/2259/118 723/2255/118 751/2256/118 752/2260/118
f 711/2261/118 710/2257/118 738/2258/118 739/2262/118
f 725/2263/118 724/2259/118 752/2260/118 753/2264/118
f 712/2265/118 711/2261/118 739/2262/118 740/2266/118
f 726/2267/118 725/2263/118 753/2264/118 754/2268/118
f 713/2269/118 712/2265/118 740/2266/118 741/2270/118
f 1288/2271/118 719/2272/118 747/2273/118 1361/2274/118
f 733/2240/118 732/2275/118 760/2276/118 761/2241/118
f 707/2248/118 706/2239/118 734/2242/118 735/2249/118
f 719/2272/118 718/2277/118 746/2278/118 747/2273/118
f 732/2275/118 731/2279/118 759/2280/118 760/2276/118
f 718/2277/118 717/2281/118 745/2282/118 746/2278/118
f 731/2279/118 730/2283/118 758/2284/118 759/2280/118
f 717/2281/118 716/2285/118 744/2286/118 745/2282/118
f 730/2283/118 729/2287/118 757/2288/118 758/2284/118
f 716/2285/118 715/2289/118 743/2290/118 744/2286/118
f 729/2287/118 728/2291/118 756/2292/118 757/2288/118
f 715/2289/118 714/2293/118 742/2294/118 743/2290/118
f 728/2291/118 727/2295/118 755/2296/118 756/2292/118
f 714/2293/118 713/2269/118 741/2270/118 742/2294/118
f 727/2295/118 726/2267/118 754/2268/118 755/2296/118
f 1213/2048/364 1210/2297/122 775/2298/122 1217/2049/364
f 412/1962/273 983/2299/122 1150/2300/122 1152/1963/273
f 564/2082/119 1151/2301/119 1212/2302/119 620/2083/119
f 502/1816/336 1313/2303/122 1107/2304/122 524/1817/336
f 1310/2305/377 1403/2306/377 1309/2307/377 1058/2308/377
f 1430/2309/378 982/2310/378 1106/2311/378 1316/2312/378
f 308/1620/118 1327/2313/118 1314/2314/118 1080/1621/118
f 834/2315/379 763/2316/379 768/2317/379 1404/2318/379
f 1155/1519/273 1154/2319/122 935/2320/122 300/1520/273
f 835/2321/379 765/2322/379 763/2323/379 834/2324/379
f 927/1463/119 764/2325/119 906/2326/119 355/1464/119
f 390/1772/119 966/2327/119 1059/2328/119 459/1773/119
f 279/1410/118 1352/2329/118 1353/2330/118 329/1411/118
f 329/1762/118 1353/2331/118 1026/2332/118 1006/1763/118
f 852/2333/241 377/2334/241 1319/2335/120 875/2336/120
f 980/1662/119 1326/2337/119 1340/2338/119 1104/1663/119
f 479/1736/320 435/1735/320 1028/2339/120 1337/2340/120
f 567/1918/118 1345/2341/118 1350/2342/118 1209/1919/118
f 1150/2300/122 983/2299/122 1366/2343/122 1368/2344/122
f 1344/1521/122 781/1524/122 1380/2345/122 811/2346/122
f 1215/2347/122 1211/2348/122 798/2349/122 1365/2350/122
f 1332/2351/380 1089/2352/380 1341/2353/380 1394/2354/380
f 1434/2355/381 777/2356/381 779/2357/381 1334/2358/381
f 874/2359/120 762/2360/120 1371/2361/120 1369/2362/120
f 875/2336/120 1319/2335/120 1322/2363/120 877/2364/120
f 842/2365/382 1320/2366/382 1338/2367/382 1385/2368/382
f 774/2369/127 772/2370/127 773/2371/127 1216/2372/127
f 842/2373/382 843/2374/382 1324/2375/382 1320/2376/382
f 720/2244/118 1357/2377/118 1358/2378/118 748/2245/118
f 797/2379/121 794/2380/121 1273/2381/121 1289/2382/121
f 1264/2169/119 1272/2383/119 1360/2384/119 698/2170/119
f 1290/2209/273 796/2385/122 795/2386/122 671/2210/273
f 792/2387/127 791/2388/127 790/2389/127 793/2390/127
f 1382/2391/121 876/2392/121 1370/2393/121 800/2394/121 1364/2395/121
f 1370/2393/121 1373/2396/121 807/2397/121 800/2394/121
f 1323/2398/127 1362/2399/127 1378/2400/127 1376/2401/127
f 1323/2398/127 1376/2401/127 1377/2402/127 1305/2403/127 1375/2404/127
f 1305/2403/127 1377/2402/127 1379/2405/127 1381/2406/127
f 1364/2395/121 809/2407/121 1367/2408/121 1382/2391/121
f 935/2320/122 1154/2319/122 1372/2409/122 1374/2410/122
f 1335/1493/119 1306/1494/119 1304/2411/119 813/2412/119
f 809/2407/121 1364/2395/121 800/2394/121 807/2397/121
f 812/2413/122 1343/1958/122 1344/1521/122 811/2346/122
f 782/2414/118 783/2415/118 1363/2416/118 802/2417/118
f 1347/2418/122 1351/2419/122 805/2420/122 804/2421/122
f 906/2326/119 764/2325/119 810/2422/119 801/2423/119
f 767/2424/118 766/2425/118 1383/2426/118 808/2427/118
f 1325/1957/122 1343/1958/122 812/2413/122 803/2428/122
f 1376/2401/127 1378/2400/127 1379/2405/127 1377/2402/127
f 786/2429/121 788/2430/121 789/2431/121 787/2432/121
f 1150/2300/122 1368/2344/122 1372/2409/122 1154/2319/122
f 830/2433/382 831/2434/382 817/2435/382 815/2436/382
f 1421/2437/119 1420/2438/119 816/2439/119 814/2440/119
f 830/2441/382 815/2442/382 1391/2443/382 1311/2444/382
f 1421/2445/119 814/2446/119 1388/2447/119 1390/2448/119
f 1428/2449/381 1424/2450/381 1414/2451/381 1411/2452/381
f 824/2453/118 1425/2454/118 1417/2455/118 1415/2456/118
f 1413/2457/380 1416/2458/380 1400/2459/380 1317/2460/380
f 828/2461/122 1418/2462/122 1397/2463/122 1399/2464/122
f 839/2465/379 825/2466/379 823/2467/379 838/2468/379
f 1425/2469/118 824/2470/118 822/2471/118 1426/2472/118
f 838/2473/379 823/2474/379 1409/2475/379 1330/2476/379
f 1426/2477/118 822/2478/118 1406/2479/118 1408/2480/118
f 1432/2481/378 1422/2482/378 1396/2483/378 1393/2484/378
f 816/2485/119 1420/2486/119 1401/2487/119 820/2488/119
f 1384/2489/383 1331/2490/383 1410/2491/383 1387/2492/383
f 818/2493/120 827/2494/120 1407/2495/120 1392/2496/120
f 1315/2497/384 1412/2498/384 1318/2499/384 771/2500/384
f 765/2501/379 835/2502/379 837/2503/379 770/2504/379
f 965/2505/378 1429/2506/378 1312/2507/378 769/2508/378
f 965/2509/378 982/2510/378 1430/2511/378 1429/2512/378
f 1424/2513/381 1428/2514/381 1431/2515/381 1427/2516/381
f 1427/2517/381 1431/2518/381 1402/2519/381 1405/2520/381
f 817/2521/382 831/2522/382 833/2523/382 821/2524/382
f 819/2525/385 826/2526/385 836/2527/385 832/2528/385
f 784/2529/385 1027/2530/385 1329/2531/385 1386/2532/385
f 1324/2533/382 843/2534/382 845/2535/382 785/2536/382
f 776/2537/381 1433/2538/381 840/2539/381 778/2540/381
f 777/2541/381 1434/2542/381 1433/2543/381 776/2544/381
f 1423/2545/378 1422/2546/378 1432/2547/378 1435/2548/378
f 1423/2549/378 1435/2550/378 844/2551/378 1389/2552/378
f 825/2553/379 839/2554/379 1333/2555/379 1419/2556/379
f 829/2557/386 841/2558/386 1395/2559/386 1398/2560/386
f 780/2561/120 875/2562/120 877/2563/120 806/2564/120
f 964/1600/120 874/1599/120 1369/2565/120 799/2566/120
f 885/1338/241 852/1337/241 875/2562/120 780/2561/120
f 899/1366/255 854/1365/255 855/2567/292 315/2568/292
f 892/1352/248 853/1351/248 873/1378/261 905/1377/261
f 326/2569/287 851/2570/287 861/1350/247 891/1349/247
f 762/2360/120 874/2359/120 867/1364/254 898/1363/254
f 315/2568/292 855/2567/292 846/2571/291 314/2572/291
f 314/2572/291 846/2571/291 847/2573/290 318/2574/290
f 318/2574/290 847/2573/290 848/2575/289 320/2576/289
f 320/2576/289 848/2575/289 849/2577/288 322/2578/288
f 322/2578/288 849/2577/288 850/2579/286 324/2580/286
f 324/2580/286 850/2579/286 851/2570/287 326/2569/287
f 936/2581/260 872/2582/260 873/1608/261 937/1607/261
f 938/2583/259 871/2584/259 872/2582/260 936/2581/260
f 939/2585/258 870/2586/258 871/2584/259 938/2583/259
f 940/2587/257 869/2588/257 870/2586/258 939/2585/258
f 941/2589/256 868/2590/256 869/2588/257 940/2587/257
f 391/1610/255 854/1609/255 868/2590/256 941/2589/256
f 943/2591/253 866/2592/253 867/1602/254 944/1601/254
f 945/2593/252 865/2594/252 866/2592/253 943/2591/253
f 946/2595/251 864/2596/251 865/2594/252 945/2593/252
f 947/2597/250 863/2598/250 864/2596/251 946/2595/251
f 948/2599/249 862/2600/249 863/2598/250 947/2597/250
f 384/1606/248 853/1605/248 862/2600/249 948/2599/249
f 382/2601/246 860/2602/246 861/1604/247 383/1603/247
f 381/2603/245 859/2604/245 860/2602/246 382/2601/246
f 380/2605/244 858/2606/244 859/2604/245 381/2603/245
f 379/2607/243 857/2608/243 858/2606/244 380/2605/244
f 378/2609/242 856/2610/242 857/2608/243 379/2607/243
f 377/2334/241 852/2333/241 856/2610/242 378/2609/242
f 1854/2611/119 1855/2612/119 1457/2613/119 1458/2614/119
f 1852/2615/119 1854/2611/119 1458/2614/119 1864/2616/119
f 1853/2617/119 1852/2615/119 1864/2616/119 1865/2618/119
f 1443/2619/118 1441/2620/118 1862/2621/118 1861/2622/118
f 1444/2623/118 1443/2619/118 1861/2622/118 1860/2624/118
f 1490/2625/136 1448/2626/136 1469/2627/387 1491/2628/388
f 1489/2629/389 1447/2630/389 1448/2626/136 1490/2625/136
f 1501/2631/390 1856/2632/390 1447/2630/389 1489/2629/389
f 1869/2633/122 1863/2634/122 1858/2635/391 1868/2636/391
f 1868/2636/391 1858/2635/391 1859/2637/392 1867/2638/392
f 1867/2638/392 1859/2637/392 1454/2639/393 1866/2640/393
f 1866/2640/393 1454/2639/393 1455/2641/394 1459/2642/394
f 1459/2642/394 1455/2641/394 1456/2643/395 1460/2644/395
f 1855/2612/119 1502/2645/119 1451/2646/119 1457/2613/119
f 1442/2647/118 1445/2648/118 1453/2649/118 1452/2650/118
f 1941/2651/119 1853/2617/119 1865/2618/119 1943/2652/119
f 1467/2653/118 1442/2647/118 1452/2650/118 1464/2654/118
f 1445/2648/118 1444/2623/118 1860/2624/118 1453/2649/118
f 1502/2645/119 1857/2655/119 1465/2656/119 1451/2646/119
f 1482/2657/118 1467/2653/118 1464/2654/118 1872/2658/118
f 1873/2659/122 1484/2660/122 1863/2634/122 1869/2633/122
f 1498/2661/122 1871/2662/122 1503/2663/122 1504/2664/122
f 1467/2665/118 1468/2666/118 1441/2667/118 1443/2668/118 1444/2669/118 1445/2670/118 1442/2671/118
f 1486/2672/118 1462/2673/118 1467/2665/118 1482/2674/118
f 1462/2673/118 1466/2675/118 1468/2666/118 1467/2665/118
f 1874/2676/396 1875/2677/397 1849/2678/398 1491/2679/388
f 1875/2677/397 1877/2680/399 1850/2681/399 1849/2678/398
f 1880/2682/400 1878/2683/401 1469/2627/387 1472/2684/400
f 1944/2685/121 1880/2682/400 1472/2684/400 1534/2686/121
f 1495/2687/120 1894/2688/120 1892/2689/120 1891/2690/120
f 1437/2691/119 1876/2692/119 1881/2693/119 1889/2694/119
f 1541/2695/119 1883/2696/119 1884/2697/119 1946/2698/119
f 1494/2699/122 1879/2700/122 1886/2701/122 1496/2702/122
f 1473/2703/118 1450/2704/118 1890/2705/118 1887/2706/118
f 1497/2707/402 1893/2708/403 1882/2709/404 1888/2710/402
f 1893/2708/403 1477/2711/405 1882/2709/404
f 1885/2712/406 1475/2713/407 1478/2714/408
f 1540/2715/409 1885/2712/406 1478/2714/408 1945/2716/409
f 1948/2717/119 1437/2691/119 1889/2694/119 1949/2718/119
f 1857/2655/119 1483/2719/119 1485/2720/119 1465/2656/119
f 1466/2675/118 1488/2721/118 1487/2722/118 1468/2666/118
f 1885/2712/406 1497/2707/402 1888/2710/402 1475/2713/407
f 1474/2723/122 1494/2699/122 1496/2702/122 1476/2724/122
f 1449/2725/120 1495/2687/120 1891/2690/120 1479/2726/120
f 1878/2683/401 1874/2727/396 1491/2628/388 1469/2627/387
f 1870/2728/122 1498/2729/122 1504/2730/122 1851/2731/122
f 1847/2732/390 1501/2733/390 1489/2734/389 1846/2735/389
f 1846/2735/389 1489/2734/389 1490/2736/136 1848/2737/136
f 1848/2737/136 1490/2736/136 1491/2679/388 1849/2678/398
f 1895/2738/122 1897/2739/122 1847/2732/390 1851/2731/122
f 1899/2740/122 1900/2741/122 1856/2632/390 1501/2631/390
f 1900/2741/122 1902/2742/122 1503/2663/122 1856/2632/390
f 1904/2743/122 1895/2738/122 1851/2731/122 1504/2730/122
f 1897/2739/122 1899/2744/122 1501/2733/390 1847/2732/390
f 1902/2742/122 1904/2745/122 1504/2664/122 1503/2663/122
f 1463/2746/121 1510/2747/121 1522/2748/121 1926/2749/121
f 1896/2750/127 1493/2751/127 1923/2752/127 1919/2753/127
f 1507/2754/127 1905/2755/127 1906/2756/127 1924/2757/127
f 1436/2758/127 1507/2754/127 1924/2757/127 1916/2759/127
f 1903/2760/118 1901/2761/118 1910/2762/118 1908/2763/118
f 1914/2764/118 1915/2765/118 1917/2766/118 1912/2767/118
f 1913/2768/122 1518/2769/122 1920/2770/122 1918/2771/122
f 1519/2772/122 1907/2773/122 1911/2774/122 1922/2775/122
f 1907/2773/122 1925/2776/122 1909/2777/122 1911/2774/122
f 1927/2778/122 1913/2768/122 1918/2771/122 1516/2779/122
f 1518/2769/122 1519/2772/122 1922/2775/122 1920/2770/122
f 1925/2776/122 1927/2778/122 1516/2779/122 1909/2777/122
f 1898/2780/119 1505/2781/119 1511/2782/119 1921/2783/119
f 1446/2784/119 1928/2785/119 1521/2786/119 1520/2787/119
f 1492/2788/121 1506/2789/121 1512/2790/121 1513/2791/121
f 1508/2792/121 1492/2788/121 1513/2791/121 1514/2793/121
f 1510/2747/121 1461/2794/121 1517/2795/121 1522/2748/121
f 1493/2751/127 1509/2796/127 1515/2797/127 1923/2752/127
f 1937/2798/410 1929/2799/410 1931/2800/410 1935/2801/410
f 1936/2802/393 1932/2803/393 1933/2804/393 1939/2805/393
f 1525/2806/122 1526/2807/122 1940/2808/122 1934/2809/122
f 1930/2810/122 1938/2811/122 1524/2812/122 1523/2813/122
f 1450/2704/118 1538/2814/118 1539/2815/118 1890/2705/118
f 1487/2722/118 1542/2816/118 1537/2817/118 1468/2666/118
f 1468/2666/118 1537/2817/118 1533/2818/118 1441/2667/118
f 1441/2620/118 1533/2819/118 1942/2820/118 1862/2621/118
f 1460/2644/395 1456/2643/395 1535/2821/121 1536/2822/121
f 1471/2823/119 1947/2824/119 1553/2825/119 1470/2826/119
f 1470/2826/119 1553/2825/119 1552/2827/119 1439/2828/119
f 1439/2828/119 1552/2827/119 1551/2829/119 1438/2830/119
f 1438/2830/119 1551/2829/119 1550/2831/119 1500/2832/119
f 1499/2833/119 1500/2832/119 1550/2831/119 1549/2834/119
f 1481/2835/119 1499/2833/119 1549/2834/119 1548/2836/119
f 1440/2837/118 1547/2838/118 1950/2839/118 1480/2840/118
f 1893/2708/403 1546/2841/411 1545/2842/411 1477/2711/405
f 1877/2680/399 1544/2843/121 1543/2844/121 1850/2681/399
f 1529/2845/118 1528/2846/118 1527/2847/118
f 1532/2848/119 1531/2849/119 1530/2850/119
f 1959/2851/119 1576/2852/119 1575/2853/119 1960/2854/119
f 1957/2855/119 1969/2856/119 1576/2852/119 1959/2851/119
f 1958/2857/119 1970/2858/119 1969/2856/119 1957/2855/119
f 1561/2859/118 1966/2860/118 1967/2861/118 1559/2862/118
f 1562/2863/118 1965/2864/118 1966/2860/118 1561/2859/118
f 1600/2865/137 1601/2866/412 1587/2867/413 1566/2868/137
f 1599/2869/414 1600/2865/137 1566/2868/137 1565/2870/414
f 1610/2871/415 1599/2869/414 1565/2870/414 1961/2872/415
f 1974/2873/122 1973/2874/416 1963/2875/416 1968/2876/122
f 1973/2874/416 1972/2877/417 1964/2878/417 1963/2875/416
f 1972/2877/417 1971/2879/410 1572/2880/410 1964/2878/417
f 1971/2879/410 1577/2881/418 1573/2882/418 1572/2880/410
f 1577/2881/418 1578/2883/419 1574/2884/419 1573/2882/418
f 1960/2854/119 1575/2853/119 1569/2885/119 1611/2886/119
f 1560/2887/118 1570/2888/118 1571/2889/118 1563/2890/118
f 2042/2891/119 2044/2892/119 1970/2858/119 1958/2857/119
f 1585/2893/118 1582/2894/118 1570/2888/118 1560/2887/118
f 1563/2890/118 1571/2889/118 1965/2864/118 1562/2863/118
f 1611/2886/119 1569/2885/119 1583/2895/119 1962/2896/119
f 1482/2657/118 1872/2658/118 1582/2894/118 1585/2893/118
f 1873/2659/122 1974/2873/122 1968/2876/122 1484/2660/122
f 1498/2661/122 1613/2897/122 1612/2898/122 1871/2662/122
f 1585/2899/118 1560/2900/118 1563/2901/118 1562/2902/118 1561/2903/118 1559/2904/118 1586/2905/118
f 1486/2672/118 1482/2674/118 1585/2899/118 1580/2906/118
f 1580/2906/118 1585/2899/118 1586/2905/118 1584/2907/118
f 1975/2908/420 1601/2909/412 1954/2910/421 1976/2911/422
f 1976/2911/422 1954/2910/421 1955/2912/423 1978/2913/423
f 1981/2914/424 1590/2915/424 1587/2867/413 1979/2916/425
f 2045/2917/127 1643/2918/127 1590/2915/424 1981/2914/424
f 1605/2919/120 1992/2920/120 1993/2921/120 1995/2922/120
f 1555/2923/119 1990/2924/119 1982/2925/119 1977/2926/119
f 1650/2927/119 2047/2928/119 1985/2929/119 1984/2930/119
f 1604/2931/122 1606/2932/122 1987/2933/122 1980/2934/122
f 1591/2935/118 1988/2936/118 1991/2937/118 1568/2938/118
f 1607/2939/426 1989/2940/426 1983/2941/427 1994/2942/428
f 1994/2942/428 1983/2941/427 1595/2943/429
f 1986/2944/430 1596/2945/431 1593/2946/432
f 1649/2947/433 2046/2948/433 1596/2945/431 1986/2944/430
f 2049/2949/119 2050/2950/119 1990/2924/119 1555/2923/119
f 1962/2896/119 1583/2895/119 1485/2720/119 1483/2719/119
f 1584/2951/118 1586/2952/118 1487/2953/118 1488/2954/118
f 1986/2944/430 1593/2946/432 1989/2940/426 1607/2939/426
f 1592/2955/122 1594/2956/122 1606/2932/122 1604/2931/122
f 1567/2957/120 1597/2958/120 1992/2920/120 1605/2919/120
f 1979/2916/425 1587/2867/413 1601/2866/412 1975/2959/420
f 1870/2728/122 1956/2960/122 1613/2961/122 1498/2729/122
f 1952/2962/415 1951/2963/414 1599/2964/414 1610/2965/415
f 1951/2963/414 1953/2966/137 1600/2967/137 1599/2964/414
f 1953/2966/137 1954/2910/421 1601/2909/412 1600/2967/137
f 1996/2968/122 1956/2960/122 1952/2962/415 1998/2969/122
f 2000/2970/122 1610/2871/415 1961/2872/415 2001/2971/122
f 2001/2971/122 1961/2872/415 1612/2898/122 2003/2972/122
f 2005/2973/122 1613/2961/122 1956/2960/122 1996/2968/122
f 1998/2969/122 1952/2962/415 1610/2965/415 2000/2974/122
f 2003/2972/122 1612/2898/122 1613/2897/122 2005/2975/122
f 1581/2976/127 2027/2977/127 1631/2978/127 1619/2979/127
f 1997/2980/121 2020/2981/121 2024/2982/121 1603/2983/121
f 1616/2984/121 2025/2985/121 2007/2986/121 2006/2987/121
f 1554/2988/121 2017/2989/121 2025/2985/121 1616/2984/121
f 2004/2990/118 2009/2991/118 2011/2992/118 2002/2993/118
f 2015/2994/118 2013/2995/118 2018/2996/118 2016/2997/118
f 2014/2998/122 2019/2999/122 2021/3000/122 1627/3001/122
f 1628/3002/122 2023/3003/122 2012/3004/122 2008/3005/122
f 2008/3005/122 2012/3004/122 2010/3006/122 2026/3007/122
f 2028/3008/122 1625/3009/122 2019/2999/122 2014/2998/122
f 1627/3001/122 2021/3000/122 2023/3003/122 1628/3002/122
f 2026/3007/122 2010/3006/122 1625/3009/122 2028/3008/122
f 1999/3010/119 2022/3011/119 1620/3012/119 1614/3013/119
f 1564/3014/119 1629/3015/119 1630/3016/119 2029/3017/119
f 1602/3018/127 1622/3019/127 1621/3020/127 1615/3021/127
f 1617/3022/127 1623/3023/127 1622/3019/127 1602/3018/127
f 1619/2979/127 1631/2978/127 1626/3024/127 1579/3025/127
f 1603/2983/121 2024/2982/121 1624/3026/121 1618/3027/121
f 2038/3028/393 2036/3029/393 2032/3030/393 2030/3031/393
f 2037/3032/410 2040/3033/410 2034/3034/410 2033/3035/410
f 1634/3036/122 2035/3037/122 2041/3038/122 1635/3039/122
f 2031/3040/122 1632/3041/122 1633/3042/122 2039/3043/122
f 1568/2938/118 1991/2937/118 1648/3044/118 1647/3045/118
f 1487/2953/118 1586/2952/118 1646/3046/118 1542/3047/118
f 1586/2905/118 1559/2904/118 1642/3048/118 1646/3049/118
f 1559/2862/118 1967/2861/118 2043/3050/118 1642/3051/118
f 1578/2883/419 1645/3052/127 1644/3053/127 1574/2884/419
f 1589/3054/119 1588/3055/119 1660/3056/119 2048/3057/119
f 1588/3055/119 1557/3058/119 1659/3059/119 1660/3056/119
f 1557/3058/119 1556/3060/119 1658/3061/119 1659/3059/119
f 1556/3060/119 1609/3062/119 1657/3063/119 1658/3061/119
f 1608/3064/119 1656/3065/119 1657/3063/119 1609/3062/119
f 1481/2835/119 1548/2836/119 1656/3065/119 1608/3064/119
f 1558/3066/118 1598/3067/118 2051/3068/118 1655/3069/118
f 1994/2942/428 1595/2943/429 1653/3070/434 1654/3071/434
f 1978/2913/423 1955/2912/423 1651/3072/127 1652/3073/127
f 1638/3074/118 1636/3075/118 1637/3076/118
f 1641/3077/119 1639/3078/119 1640/3079/119
f 2060/3080/119 1683/3081/119 1682/3082/119 2061/3083/119
f 2058/3084/119 2070/3085/119 1683/3081/119 2060/3080/119
f 2059/3086/119 2071/3087/119 2070/3085/119 2058/3084/119
f 1668/3088/118 2067/3089/118 2068/3090/118 1666/3091/118
f 1669/3092/118 2066/3093/118 2067/3089/118 1668/3088/118
f 1715/3094/264 1716/3095/435 1694/3096/436 1673/3097/264
f 1714/3098/437 1715/3094/264 1673/3097/264 1672/3099/437
f 1726/3100/438 1714/3098/437 1672/3099/437 2062/3101/438
f 2075/3102/120 2074/3103/439 2064/3104/439 2069/3105/120
f 2074/3103/439 2073/3106/440 2065/3107/440 2064/3104/439
f 2073/3106/440 2072/3108/441 1679/3109/441 2065/3107/440
f 2072/3108/441 1684/3110/442 1680/3111/442 1679/3109/441
f 1684/3110/442 1685/3112/443 1681/3113/443 1680/3111/442
f 2061/3083/119 1682/3082/119 1676/3114/119 1727/3115/119
f 1667/3116/118 1677/3117/118 1678/3118/118 1670/3119/118
f 1941/2651/119 1943/2652/119 2071/3087/119 2059/3086/119
f 1692/3120/118 1689/3121/118 1677/3117/118 1667/3116/118
f 1670/3119/118 1678/3118/118 2066/3093/118 1669/3092/118
f 1727/3115/119 1676/3114/119 1690/3122/119 2063/3123/119
f 1707/3124/118 2078/3125/118 1689/3121/118 1692/3120/118
f 2079/3126/120 2075/3102/120 2069/3105/120 1709/3127/120
f 1723/3128/120 1729/3129/120 1728/3130/120 2077/3131/120
f 1692/3132/118 1667/3133/118 1670/3134/118 1669/3135/118 1668/3136/118 1666/3137/118 1693/3138/118
f 1711/3139/118 1707/3140/118 1692/3132/118 1687/3141/118
f 1687/3141/118 1692/3132/118 1693/3138/118 1691/3142/118
f 2080/3143/444 1716/3144/435 2055/3145/445 2081/3146/446
f 2081/3146/446 2055/3145/445 2056/3147/447 2083/3148/447
f 2086/3149/448 1697/3150/448 1694/3096/436 2084/3151/449
f 1944/2685/121 1534/2686/121 1697/3150/448 2086/3149/448
f 1720/3152/122 2097/3153/122 2098/3154/122 2100/3155/122
f 1662/3156/119 2095/3157/119 2087/3158/119 2082/3159/119
f 1541/2695/119 1946/2698/119 2090/3160/119 2089/3161/119
f 1719/3162/120 1721/3163/120 2092/3164/120 2085/3165/120
f 1698/3166/118 2093/3167/118 2096/3168/118 1675/3169/118
f 1722/3170/450 2094/3171/450 2088/3172/451 2099/3173/452
f 2099/3173/452 2088/3172/451 1702/3174/453
f 2091/3175/454 1703/3176/455 1700/3177/456
f 1540/2715/409 1945/2716/409 1703/3176/455 2091/3175/454
f 1948/2717/119 1949/2718/119 2095/3157/119 1662/3156/119
f 2063/3123/119 1690/3122/119 1710/3178/119 1708/3179/119
f 1691/3142/118 1693/3138/118 1712/3180/118 1713/3181/118
f 2091/3175/454 1700/3177/456 2094/3171/450 1722/3170/450
f 1699/3182/120 1701/3183/120 1721/3163/120 1719/3162/120
f 1674/3184/122 1704/3185/122 2097/3153/122 1720/3152/122
f 2084/3151/449 1694/3096/436 1716/3095/435 2080/3186/444
f 2076/3187/120 2057/3188/120 1729/3189/120 1723/3190/120
f 2053/3191/438 2052/3192/437 1714/3193/437 1726/3194/438
f 2052/3192/437 2054/3195/264 1715/3196/264 1714/3193/437
f 2054/3195/264 2055/3145/445 1716/3144/435 1715/3196/264
f 2101/3197/120 2057/3188/120 2053/3191/438 2103/3198/120
f 2105/3199/120 1726/3100/438 2062/3101/438 2106/3200/120
f 2106/3200/120 2062/3101/438 1728/3130/120 2108/3201/120
f 2110/3202/120 1729/3189/120 2057/3188/120 2101/3197/120
f 2103/3198/120 2053/3191/438 1726/3194/438 2105/3203/120
f 2108/3201/120 1728/3130/120 1729/3129/120 2110/3204/120
f 1688/3205/121 2132/3206/121 1747/3207/121 1735/3208/121
f 2102/3209/127 2125/3210/127 2129/3211/127 1718/3212/127
f 1732/3213/127 2130/3214/127 2112/3215/127 2111/3216/127
f 1661/3217/127 2122/3218/127 2130/3214/127 1732/3213/127
f 2109/3219/118 2114/3220/118 2116/3221/118 2107/3222/118
f 2120/3223/118 2118/3224/118 2123/3225/118 2121/3226/118
f 2119/3227/120 2124/3228/120 2126/3229/120 1743/3230/120
f 1744/3231/120 2128/3232/120 2117/3233/120 2113/3234/120
f 2113/3234/120 2117/3233/120 2115/3235/120 2131/3236/120
f 2133/3237/120 1741/3238/120 2124/3228/120 2119/3227/120
f 1743/3230/120 2126/3229/120 2128/3232/120 1744/3231/120
f 2131/3236/120 2115/3235/120 1741/3238/120 2133/3237/120
f 2104/3239/119 2127/3240/119 1736/3241/119 1730/3242/119
f 1671/3243/119 1745/3244/119 1746/3245/119 2134/3246/119
f 1717/3247/121 1738/3248/121 1737/3249/121 1731/3250/121
f 1733/3251/121 1739/3252/121 1738/3248/121 1717/3247/121
f 1735/3208/121 1747/3207/121 1742/3253/121 1686/3254/121
f 1718/3212/127 2129/3211/127 1740/3255/127 1734/3256/127
f 2143/3257/457 2141/3258/457 2137/3259/457 2135/3260/457
f 2142/3261/441 2145/3262/441 2139/3263/441 2138/3264/441
f 1750/3265/120 2140/3266/120 2146/3267/120 1751/3268/120
f 2136/3269/120 1748/3270/120 1749/3271/120 2144/3272/120
f 1675/3169/118 2096/3168/118 1539/2815/118 1538/2814/118
f 1712/3180/118 1693/3138/118 1537/2817/118 1542/2816/118
f 1693/3138/118 1666/3137/118 1533/2818/118 1537/2817/118
f 1666/3091/118 2068/3090/118 1942/2820/118 1533/2819/118
f 1685/3112/443 1536/2822/121 1535/2821/121 1681/3113/443
f 1696/3273/119 1695/3274/119 1553/2825/119 1947/2824/119
f 1695/3274/119 1664/3275/119 1552/2827/119 1553/2825/119
f 1664/3275/119 1663/3276/119 1551/2829/119 1552/2827/119
f 1663/3276/119 1725/3277/119 1550/2831/119 1551/2829/119
f 1724/3278/119 1549/2834/119 1550/2831/119 1725/3277/119
f 1706/3279/119 1548/2836/119 1549/2834/119 1724/3278/119
f 1665/3280/118 1705/3281/118 1950/2839/118 1547/2838/118
f 2099/3173/452 1702/3174/453 1545/2842/411 1546/2841/411
f 2083/3148/447 2056/3147/447 1543/2844/121 1544/2843/121
f 1754/3282/118 1752/3283/118 1753/3284/118
f 1757/3285/119 1755/3286/119 1756/3287/119
f 2155/3288/119 2156/3289/119 1779/3290/119 1780/3291/119
f 2153/3292/119 2155/3288/119 1780/3291/119 2165/3293/119
f 2154/3294/119 2153/3292/119 2165/3293/119 2166/3295/119
f 1765/3296/118 1763/3297/118 2163/3298/118 2162/3299/118
f 1766/3300/118 1765/3296/118 2162/3299/118 2161/3301/118
f 1804/3302/283 1770/3303/283 1791/3304/458 1805/3305/459
f 1803/3306/460 1769/3307/460 1770/3303/283 1804/3302/283
f 1814/3308/461 2157/3309/461 1769/3307/460 1803/3306/460
f 2170/3310/120 2164/3311/120 2159/3312/462 2169/3313/462
f 2169/3313/462 2159/3312/462 2160/3314/463 2168/3315/463
f 2168/3315/463 2160/3314/463 1776/3316/457 2167/3317/457
f 2167/3317/457 1776/3316/457 1777/3318/464 1781/3319/464
f 1781/3319/464 1777/3318/464 1778/3320/465 1782/3321/465
f 2156/3289/119 1815/3322/119 1773/3323/119 1779/3290/119
f 1764/3324/118 1767/3325/118 1775/3326/118 1774/3327/118
f 2042/2891/119 2154/3294/119 2166/3295/119 2044/2892/119
f 1789/3328/118 1764/3324/118 1774/3327/118 1786/3329/118
f 1767/3325/118 1766/3300/118 2161/3301/118 1775/3326/118
f 1815/3322/119 2158/3330/119 1787/3331/119 1773/3323/119
f 1707/3124/118 1789/3328/118 1786/3329/118 2078/3125/118
f 2079/3126/120 1709/3127/120 2164/3311/120 2170/3310/120
f 1723/3128/120 2077/3131/120 1816/3332/120 1817/3333/120
f 1789/3334/118 1790/3335/118 1763/3336/118 1765/3337/118 1766/3338/118 1767/3339/118 1764/3340/118
f 1711/3139/118 1784/3341/118 1789/3334/118 1707/3140/118
f 1784/3341/118 1788/3342/118 1790/3335/118 1789/3334/118
f 2171/3343/466 2172/3344/467 2150/3345/468 1805/3346/459
f 2172/3344/467 2174/3347/469 2151/3348/469 2150/3345/468
f 2177/3349/470 2175/3350/471 1791/3304/458 1794/3351/470
f 2045/2917/127 2177/3349/470 1794/3351/470 1643/2918/127
f 1809/3352/122 2191/3353/122 2189/3354/122 2188/3355/122
f 1759/3356/119 2173/3357/119 2178/3358/119 2186/3359/119
f 1650/2927/119 2180/3360/119 2181/3361/119 2047/2928/119
f 1808/3362/120 2176/3363/120 2183/3364/120 1810/3365/120
f 1795/3366/118 1772/3367/118 2187/3368/118 2184/3369/118
f 1811/3370/472 2190/3371/473 2179/3372/474 2185/3373/472
f 2190/3371/473 1799/3374/475 2179/3372/474
f 2182/3375/476 1797/3376/477 1800/3377/478
f 1649/2947/433 2182/3375/476 1800/3377/478 2046/2948/433
f 2049/2949/119 1759/3356/119 2186/3359/119 2050/2950/119
f 2158/3330/119 1708/3179/119 1710/3178/119 1787/3331/119
f 1788/3342/118 1713/3181/118 1712/3180/118 1790/3335/118
f 2182/3375/476 1811/3370/472 2185/3373/472 1797/3376/477
f 1796/3378/120 1808/3362/120 1810/3365/120 1798/3379/120
f 1771/3380/122 1809/3352/122 2188/3355/122 1801/3381/122
f 2175/3350/471 2171/3382/466 1805/3305/459 1791/3304/458
f 2076/3187/120 1723/3190/120 1817/3383/120 2152/3384/120
f 2148/3385/461 1814/3386/461 1803/3387/460 2147/3388/460
f 2147/3388/460 1803/3387/460 1804/3389/283 2149/3390/283
f 2149/3390/283 1804/3389/283 1805/3346/459 2150/3345/468
f 2192/3391/120 2194/3392/120 2148/3385/461 2152/3384/120
f 2196/3393/120 2197/3394/120 2157/3309/461 1814/3308/461
f 2197/3394/120 2199/3395/120 1816/3332/120 2157/3309/461
f 2201/3396/120 2192/3391/120 2152/3384/120 1817/3383/120
f 2194/3392/120 2196/3397/120 1814/3386/461 2148/3385/461
f 2199/3395/120 2201/3398/120 1817/3333/120 1816/3332/120
f 1785/3399/127 1823/3400/127 1835/3401/127 2223/3402/127
f 2193/3403/121 1807/3404/121 2220/3405/121 2216/3406/121
f 1820/3407/121 2202/3408/121 2203/3409/121 2221/3410/121
f 1758/3411/121 1820/3407/121 2221/3410/121 2213/3412/121
f 2200/3413/118 2198/3414/118 2207/3415/118 2205/3416/118
f 2211/3417/118 2212/3418/118 2214/3419/118 2209/3420/118
f 2210/3421/120 1831/3422/120 2217/3423/120 2215/3424/120
f 1832/3425/120 2204/3426/120 2208/3427/120 2219/3428/120
f 2204/3426/120 2222/3429/120 2206/3430/120 2208/3427/120
f 2224/3431/120 2210/3421/120 2215/3424/120 1829/3432/120
f 1831/3422/120 1832/3425/120 2219/3428/120 2217/3423/120
f 2222/3429/120 2224/3431/120 1829/3432/120 2206/3430/120
f 2195/3433/119 1818/3434/119 1824/3435/119 2218/3436/119
f 1768/3437/119 2225/3438/119 1834/3439/119 1833/3440/119
f 1806/3441/127 1819/3442/127 1825/3443/127 1826/3444/127
f 1821/3445/127 1806/3441/127 1826/3444/127 1827/3446/127
f 1823/3400/127 1783/3447/127 1830/3448/127 1835/3401/127
f 1807/3404/121 1822/3449/121 1828/3450/121 2220/3405/121
f 2234/3451/441 2226/3452/441 2228/3453/441 2232/3454/441
f 2233/3455/457 2229/3456/457 2230/3457/457 2236/3458/457
f 1838/3459/120 1839/3460/120 2237/3461/120 2231/3462/120
f 2227/3463/120 2235/3464/120 1837/3465/120 1836/3466/120
f 1772/3367/118 1647/3045/118 1648/3044/118 2187/3368/118
f 1712/3467/118 1542/3047/118 1646/3046/118 1790/3468/118
f 1790/3335/118 1646/3049/118 1642/3048/118 1763/3336/118
f 1763/3297/118 1642/3051/118 2043/3050/118 2163/3298/118
f 1782/3321/465 1778/3320/465 1644/3053/127 1645/3052/127
f 1793/3469/119 2048/3057/119 1660/3056/119 1792/3470/119
f 1792/3470/119 1660/3056/119 1659/3059/119 1761/3471/119
f 1761/3471/119 1659/3059/119 1658/3061/119 1760/3472/119
f 1760/3472/119 1658/3061/119 1657/3063/119 1813/3473/119
f 1812/3474/119 1813/3473/119 1657/3063/119 1656/3065/119
f 1706/3279/119 1812/3474/119 1656/3065/119 1548/2836/119
f 1762/3475/118 1655/3069/118 2051/3068/118 1802/3476/118
f 2190/3371/473 1654/3071/434 1653/3070/434 1799/3374/475
f 2174/3347/469 1652/3073/127 1651/3072/127 2151/3348/469
f 1842/3477/118 1841/3478/118 1840/3479/118
f 1845/3480/119 1844/3481/119 1843/3482/119
f 1687/3141/118 1691/3142/118 1788/3342/118 1784/3341/118
f 2391/3483/122 2379/3484/122 2370/3485/390 2389/3486/390
f 2389/3486/390 2370/3485/390 2371/3487/389 2387/3488/389
f 2387/3488/389 2371/3487/389 2373/3489/136 2292/3490/136
f 2292/3490/136 2373/3489/136 2375/3491/479 2382/3492/479
f 2382/3492/479 2375/3491/479 2377/3493/480 2383/3494/480
f 2290/3495/119 2385/3496/119 2397/3497/119 2300/3498/119
f 2293/3499/118 2291/3500/118 2301/3501/118 2396/3502/118
f 2385/3496/119 2294/3503/119 2394/3504/119 2397/3497/119
f 2295/3505/118 2293/3499/118 2396/3502/118 2392/3506/118
f 2374/3507/479 2380/3508/479 2381/3509/480 2376/3510/480
f 2329/3511/119 2289/3512/119 2401/3513/119 2403/3514/119
f 2372/3515/136 2384/3516/136 2380/3508/479 2374/3507/479
f 2368/3517/389 2386/3518/389 2384/3516/136 2372/3515/136
f 2294/3503/119 2296/3519/119 2395/3520/119 2394/3504/119
f 2369/3521/390 2388/3522/390 2386/3518/389 2368/3517/389
f 2297/3523/118 2295/3505/118 2392/3506/118 2393/3524/118
f 2378/3525/122 2390/3526/122 2388/3522/390 2369/3521/390
f 2305/3527/481 2304/3528/481 2310/3529/482 2311/3530/482
f 2303/3531/483 2302/3532/483 2304/3528/481 2305/3527/481
f 2398/3533/484 2399/3534/484 2302/3532/483 2303/3531/483
f 2308/3535/485 2309/3536/485 2399/3534/484 2398/3533/484
f 2430/3537/118 2411/3538/118 2421/3539/118 2432/3540/118
f 2291/3500/118 2288/3541/118 2400/3542/118 2301/3501/118
f 2289/3512/119 2290/3495/119 2300/3498/119 2401/3513/119
f 2426/3543/118 2297/3523/118 2393/3524/118 2428/3544/118
f 2404/3545/122 2406/3546/122 2309/3536/485 2308/3535/485
f 2408/3547/121 2410/3548/121 2311/3530/482 2310/3529/482
f 2431/3549/121 2408/3547/121 2310/3529/482 2429/3550/121
f 2412/3551/122 2404/3545/122 2308/3535/485 2402/3552/122
f 2422/3553/122 2423/3554/122 2416/3555/122 2414/3556/122
f 2299/3557/127 2405/3558/127 2415/3559/127 2417/3560/127
f 2413/3561/119 2407/3562/119 2313/3563/119 2335/3564/119
f 2307/3565/120 2409/3566/120 2418/3567/120 2420/3568/120
f 2284/3569/118 2287/3570/118 2317/3571/118 2316/3572/118
f 2287/3570/118 2286/3573/118 2318/3574/118 2317/3571/118
f 2286/3573/118 2285/3575/118 2319/3576/118 2318/3574/118
f 2285/3575/118 2283/3577/118 2320/3578/118 2319/3576/118
f 2336/3579/118 2284/3569/118 2316/3572/118 2327/3580/118
f 2280/3581/119 2278/3582/119 2322/3583/119 2321/3584/119
f 2281/3585/119 2280/3581/119 2321/3584/119 2323/3586/119
f 2282/3587/119 2281/3585/119 2323/3586/119 2324/3588/119
f 2279/3589/119 2282/3587/119 2324/3588/119 2325/3590/119
f 2349/3591/119 2279/3589/119 2325/3590/119 2424/3592/119
f 2278/3582/119 2337/3593/119 2326/3594/119 2322/3583/119
f 2298/3595/118 2332/3596/118 2334/3597/118 2312/3598/118
f 2406/3546/122 2333/3599/122 2331/3600/122 2309/3536/485
f 2288/3541/118 2328/3601/118 2330/3602/118 2400/3542/118
f 2283/3577/118 2348/3603/118 2425/3604/118 2320/3578/118
f 2315/3605/121 2419/3606/121 2433/3607/121 2346/3608/121
f 2410/3548/121 2344/3609/121 2342/3610/121 2311/3530/482
f 2296/3519/119 2427/3611/119 2343/3612/119 2395/3520/119
f 2306/3613/119 2345/3614/119 2347/3615/119 2314/3616/119
f 2376/3510/480 2381/3509/480 2340/3617/121 2338/3618/121
f 2383/3494/480 2377/3493/480 2339/3619/121 2341/3620/121
f 2352/3621/118 2353/3622/118 2351/3623/118 2350/3624/118
f 2356/3625/118 2357/3626/118 2353/3622/118 2352/3621/118
f 2354/3627/118 2352/3621/118 2350/3624/118 2355/3628/118
f 2283/3629/118 2354/3627/118 2355/3628/118 2348/3630/118
f 2356/3625/118 2352/3621/118 2354/3627/118 2358/3631/118
f 2284/3632/118 2356/3625/118 2358/3631/118 2287/3633/118
f 2284/3632/118 2336/3634/118 2357/3626/118 2356/3625/118
f 2283/3629/118 2285/3635/118 2358/3631/118 2354/3627/118
f 2287/3633/118 2358/3631/118 2285/3635/118 2286/3636/118
f 2361/3637/119 2362/3638/119 2359/3639/119 2360/3640/119
f 2365/3641/119 2366/3642/119 2362/3638/119 2361/3637/119
f 2364/3643/119 2359/3639/119 2362/3638/119 2363/3644/119
f 2349/3645/119 2364/3643/119 2363/3644/119 2279/3646/119
f 2366/3642/119 2367/3647/119 2363/3644/119 2362/3638/119
f 2278/3648/119 2280/3649/119 2367/3647/119 2366/3642/119
f 2337/3650/119 2278/3648/119 2366/3642/119 2365/3641/119
f 2279/3646/119 2363/3644/119 2367/3647/119 2282/3651/119
f 2280/3649/119 2281/3652/119 2282/3651/119 2367/3647/119
f 2391/3483/122 2525/3653/415 2508/3654/415 2379/3484/122
f 2525/3653/415 2523/3655/414 2509/3656/414 2508/3654/415
f 2523/3655/414 2448/3657/137 2511/3658/137 2509/3656/414
f 2448/3657/137 2518/3659/486 2513/3660/486 2511/3658/137
f 2518/3659/486 2519/3661/487 2515/3662/487 2513/3660/486
f 2446/3663/119 2456/3664/119 2531/3665/119 2521/3666/119
f 2449/3667/118 2530/3668/118 2457/3669/118 2447/3670/118
f 2521/3666/119 2531/3665/119 2528/3671/119 2450/3672/119
f 2451/3673/118 2526/3674/118 2530/3668/118 2449/3667/118
f 2512/3675/486 2514/3676/487 2517/3677/487 2516/3678/486
f 2329/3511/119 2403/3514/119 2535/3679/119 2445/3680/119
f 2510/3681/137 2512/3675/486 2516/3678/486 2520/3682/137
f 2506/3683/414 2510/3681/137 2520/3682/137 2522/3684/414
f 2450/3672/119 2528/3671/119 2529/3685/119 2452/3686/119
f 2507/3687/415 2506/3683/414 2522/3684/414 2524/3688/415
f 2453/3689/118 2527/3690/118 2526/3674/118 2451/3673/118
f 2378/3525/122 2507/3687/415 2524/3688/415 2390/3526/122
f 2461/3691/488 2467/3692/489 2466/3693/489 2460/3694/488
f 2459/3695/490 2461/3691/488 2460/3694/488 2458/3696/490
f 2532/3697/491 2459/3695/490 2458/3696/490 2533/3698/491
f 2464/3699/492 2532/3697/491 2533/3698/491 2465/3700/492
f 2558/3701/118 2560/3702/118 2551/3703/118 2543/3704/118
f 2447/3670/118 2457/3669/118 2534/3705/118 2444/3706/118
f 2445/3680/119 2535/3679/119 2456/3664/119 2446/3663/119
f 2554/3707/118 2556/3708/118 2527/3690/118 2453/3689/118
f 2536/3709/122 2464/3699/492 2465/3700/492 2538/3710/122
f 2540/3711/127 2466/3693/489 2467/3692/489 2542/3712/127
f 2559/3713/127 2557/3714/127 2466/3693/489 2540/3711/127
f 2412/3551/122 2402/3552/122 2464/3699/492 2536/3709/122
f 2422/3553/122 2544/3715/122 2546/3716/122 2423/3554/122
f 2455/3717/121 2547/3718/121 2545/3719/121 2537/3720/121
f 2413/3561/119 2335/3564/119 2469/3721/119 2539/3722/119
f 2463/3723/120 2550/3724/120 2548/3725/120 2541/3726/120
f 2440/3727/118 2472/3728/118 2473/3729/118 2443/3730/118
f 2443/3730/118 2473/3729/118 2474/3731/118 2442/3732/118
f 2442/3732/118 2474/3731/118 2475/3733/118 2441/3734/118
f 2441/3734/118 2475/3733/118 2476/3735/118 2439/3736/118
f 2336/3579/118 2327/3580/118 2472/3728/118 2440/3727/118
f 2436/3737/119 2477/3738/119 2478/3739/119 2434/3740/119
f 2437/3741/119 2479/3742/119 2477/3738/119 2436/3737/119
f 2438/3743/119 2480/3744/119 2479/3742/119 2437/3741/119
f 2435/3745/119 2481/3746/119 2480/3744/119 2438/3743/119
f 2493/3747/119 2552/3748/119 2481/3746/119 2435/3745/119
f 2434/3740/119 2478/3739/119 2326/3594/119 2337/3593/119
f 2454/3749/118 2468/3750/118 2334/3597/118 2332/3596/118
f 2538/3710/122 2465/3700/492 2331/3600/122 2333/3599/122
f 2444/3706/118 2534/3705/118 2330/3602/118 2328/3601/118
f 2439/3736/118 2476/3735/118 2553/3751/118 2492/3752/118
f 2471/3753/127 2490/3754/127 2561/3755/127 2549/3756/127
f 2542/3712/127 2467/3692/489 2486/3757/127 2488/3758/127
f 2452/3686/119 2529/3685/119 2487/3759/119 2555/3760/119
f 2462/3761/119 2470/3762/119 2491/3763/119 2489/3764/119
f 2514/3676/487 2482/3765/127 2484/3766/127 2517/3677/487
f 2519/3661/487 2485/3767/127 2483/3768/127 2515/3662/487
f 2495/3769/118 2494/3770/118 2351/3623/118 2353/3622/118
f 2498/3771/118 2495/3769/118 2353/3622/118 2357/3626/118
f 2496/3772/118 2497/3773/118 2494/3770/118 2495/3769/118
f 2439/3774/118 2492/3775/118 2497/3773/118 2496/3772/118
f 2498/3771/118 2499/3776/118 2496/3772/118 2495/3769/118
f 2440/3777/118 2443/3778/118 2499/3776/118 2498/3771/118
f 2440/3777/118 2498/3771/118 2357/3626/118 2336/3634/118
f 2439/3774/118 2496/3772/118 2499/3776/118 2441/3779/118
f 2443/3778/118 2442/3780/118 2441/3779/118 2499/3776/118
f 2361/3637/119 2360/3640/119 2500/3781/119 2501/3782/119
f 2365/3641/119 2361/3637/119 2501/3782/119 2504/3783/119
f 2503/3784/119 2502/3785/119 2501/3782/119 2500/3781/119
f 2493/3786/119 2435/3787/119 2502/3785/119 2503/3784/119
f 2504/3783/119 2501/3782/119 2502/3785/119 2505/3788/119
f 2434/3789/119 2504/3783/119 2505/3788/119 2436/3790/119
f 2337/3650/119 2365/3641/119 2504/3783/119 2434/3789/119
f 2435/3787/119 2438/3791/119 2505/3788/119 2502/3785/119
f 2436/3790/119 2505/3788/119 2438/3791/119 2437/3792/119
f 2657/3793/120 2655/3794/438 2636/3795/438 2645/3796/120
f 2655/3794/438 2653/3797/437 2637/3798/437 2636/3795/438
f 2653/3797/437 2576/3799/264 2639/3800/264 2637/3798/437
f 2576/3799/264 2648/3801/493 2641/3802/493 2639/3800/264
f 2648/3801/493 2649/3803/494 2643/3804/494 2641/3802/493
f 2574/3805/119 2584/3806/119 2663/3807/119 2651/3808/119
f 2577/3809/118 2662/3810/118 2585/3811/118 2575/3812/118
f 2651/3808/119 2663/3807/119 2660/3813/119 2578/3814/119
f 2579/3815/118 2658/3816/118 2662/3810/118 2577/3809/118
f 2640/3817/493 2642/3818/494 2647/3819/494 2646/3820/493
f 2613/3821/119 2669/3822/119 2667/3823/119 2573/3824/119
f 2638/3825/264 2640/3817/493 2646/3820/493 2650/3826/264
f 2634/3827/437 2638/3825/264 2650/3826/264 2652/3828/437
f 2578/3814/119 2660/3813/119 2661/3829/119 2580/3830/119
f 2635/3831/438 2634/3827/437 2652/3828/437 2654/3832/438
f 2581/3833/118 2659/3834/118 2658/3816/118 2579/3815/118
f 2644/3835/120 2635/3831/438 2654/3832/438 2656/3836/120
f 2589/3837/495 2595/3838/496 2594/3839/496 2588/3840/495
f 2587/3841/497 2589/3837/495 2588/3840/495 2586/3842/497
f 2664/3843/498 2587/3841/497 2586/3842/497 2665/3844/498
f 2592/3845/499 2664/3843/498 2665/3844/498 2593/3846/499
f 2430/3537/118 2432/3540/118 2687/3847/118 2677/3848/118
f 2575/3812/118 2585/3811/118 2666/3849/118 2572/3850/118
f 2573/3824/119 2667/3823/119 2584/3806/119 2574/3805/119
f 2426/3543/118 2428/3544/118 2659/3834/118 2581/3833/118
f 2670/3851/120 2592/3845/499 2593/3846/499 2672/3852/120
f 2674/3853/121 2594/3839/496 2595/3838/496 2676/3854/121
f 2431/3549/121 2429/3550/121 2594/3839/496 2674/3853/121
f 2678/3855/120 2668/3856/120 2592/3845/499 2670/3851/120
f 2688/3857/120 2680/3858/120 2682/3859/120 2689/3860/120
f 2583/3861/127 2683/3862/127 2681/3863/127 2671/3864/127
f 2679/3865/119 2619/3866/119 2597/3867/119 2673/3868/119
f 2591/3869/122 2686/3870/122 2684/3871/122 2675/3872/122
f 2568/3873/118 2600/3874/118 2601/3875/118 2571/3876/118
f 2571/3876/118 2601/3875/118 2602/3877/118 2570/3878/118
f 2570/3878/118 2602/3877/118 2603/3879/118 2569/3880/118
f 2569/3880/118 2603/3879/118 2604/3881/118 2567/3882/118
f 2620/3883/118 2611/3884/118 2600/3874/118 2568/3873/118
f 2564/3885/119 2605/3886/119 2606/3887/119 2562/3888/119
f 2565/3889/119 2607/3890/119 2605/3886/119 2564/3885/119
f 2566/3891/119 2608/3892/119 2607/3890/119 2565/3889/119
f 2563/3893/119 2609/3894/119 2608/3892/119 2566/3891/119
f 2349/3591/119 2424/3592/119 2609/3894/119 2563/3893/119
f 2562/3888/119 2606/3887/119 2610/3895/119 2621/3896/119
f 2582/3897/118 2596/3898/118 2618/3899/118 2616/3900/118
f 2672/3852/120 2593/3846/499 2615/3901/120 2617/3902/120
f 2572/3850/118 2666/3849/118 2614/3903/118 2612/3904/118
f 2567/3882/118 2604/3881/118 2425/3604/118 2348/3603/118
f 2599/3905/121 2346/3608/121 2433/3607/121 2685/3906/121
f 2676/3854/121 2595/3838/496 2342/3610/121 2344/3609/121
f 2580/3830/119 2661/3829/119 2343/3612/119 2427/3611/119
f 2590/3907/119 2598/3908/119 2347/3615/119 2345/3614/119
f 2642/3818/494 2338/3618/121 2340/3617/121 2647/3819/494
f 2649/3803/494 2341/3620/121 2339/3619/121 2643/3804/494
f 2622/3909/118 2350/3624/118 2351/3623/118 2623/3910/118
f 2625/3911/118 2622/3909/118 2623/3910/118 2626/3912/118
f 2624/3913/118 2355/3628/118 2350/3624/118 2622/3909/118
f 2567/3914/118 2348/3630/118 2355/3628/118 2624/3913/118
f 2625/3911/118 2627/3915/118 2624/3913/118 2622/3909/118
f 2568/3916/118 2571/3917/118 2627/3915/118 2625/3911/118
f 2568/3916/118 2625/3911/118 2626/3912/118 2620/3918/118
f 2567/3914/118 2624/3913/118 2627/3915/118 2569/3919/118
f 2571/3917/118 2570/3920/118 2569/3919/118 2627/3915/118
f 2628/3921/119 2360/3640/119 2359/3639/119 2629/3922/119
f 2631/3923/119 2628/3921/119 2629/3922/119 2632/3924/119
f 2364/3643/119 2630/3925/119 2629/3922/119 2359/3639/119
f 2349/3645/119 2563/3926/119 2630/3925/119 2364/3643/119
f 2632/3924/119 2629/3922/119 2630/3925/119 2633/3927/119
f 2562/3928/119 2632/3924/119 2633/3927/119 2564/3929/119
f 2621/3930/119 2631/3923/119 2632/3924/119 2562/3928/119
f 2563/3926/119 2566/3931/119 2633/3927/119 2630/3925/119
f 2564/3929/119 2633/3927/119 2566/3931/119 2565/3932/119
f 2657/3793/120 2645/3796/120 2748/3933/461 2765/3934/461
f 2765/3934/461 2748/3933/461 2749/3935/460 2763/3936/460
f 2763/3936/460 2749/3935/460 2751/3937/283 2704/3938/283
f 2704/3938/283 2751/3937/283 2753/3939/500 2758/3940/500
f 2758/3940/500 2753/3939/500 2755/3941/501 2759/3942/501
f 2702/3943/119 2761/3944/119 2771/3945/119 2712/3946/119
f 2705/3947/118 2703/3948/118 2713/3949/118 2770/3950/118
f 2761/3944/119 2706/3951/119 2768/3952/119 2771/3945/119
f 2707/3953/118 2705/3947/118 2770/3950/118 2766/3954/118
f 2752/3955/500 2756/3956/500 2757/3957/501 2754/3958/501
f 2613/3821/119 2701/3959/119 2775/3960/119 2669/3822/119
f 2750/3961/283 2760/3962/283 2756/3956/500 2752/3955/500
f 2746/3963/460 2762/3964/460 2760/3962/283 2750/3961/283
f 2706/3951/119 2708/3965/119 2769/3966/119 2768/3952/119
f 2747/3967/461 2764/3968/461 2762/3964/460 2746/3963/460
f 2709/3969/118 2707/3953/118 2766/3954/118 2767/3970/118
f 2644/3835/120 2656/3836/120 2764/3968/461 2747/3967/461
f 2717/3971/502 2716/3972/502 2722/3973/503 2723/3974/503
f 2715/3975/504 2714/3976/504 2716/3972/502 2717/3971/502
f 2772/3977/505 2773/3978/505 2714/3976/504 2715/3975/504
f 2720/3979/506 2721/3980/506 2773/3978/505 2772/3977/505
f 2558/3701/118 2783/3981/118 2791/3982/118 2560/3702/118
f 2703/3948/118 2700/3983/118 2774/3984/118 2713/3949/118
f 2701/3959/119 2702/3943/119 2712/3946/119 2775/3960/119
f 2554/3707/118 2709/3969/118 2767/3970/118 2556/3708/118
f 2776/3985/120 2778/3986/120 2721/3980/506 2720/3979/506
f 2780/3987/127 2782/3988/127 2723/3974/503 2722/3973/503
f 2559/3713/127 2780/3987/127 2722/3973/503 2557/3714/127
f 2678/3855/120 2776/3985/120 2720/3979/506 2668/3856/120
f 2688/3857/120 2689/3860/120 2786/3989/120 2784/3990/120
f 2711/3991/121 2777/3992/121 2785/3993/121 2787/3994/121
f 2679/3865/119 2779/3995/119 2725/3996/119 2619/3866/119
f 2719/3997/122 2781/3998/122 2788/3999/122 2790/4000/122
f 2696/4001/118 2699/4002/118 2729/4003/118 2728/4004/118
f 2699/4002/118 2698/4005/118 2730/4006/118 2729/4003/118
f 2698/4005/118 2697/4007/118 2731/4008/118 2730/4006/118
f 2697/4007/118 2695/4009/118 2732/4010/118 2731/4008/118
f 2620/3883/118 2696/4001/118 2728/4004/118 2611/3884/118
f 2692/4011/119 2690/4012/119 2734/4013/119 2733/4014/119
f 2693/4015/119 2692/4011/119 2733/4014/119 2735/4016/119
f 2694/4017/119 2693/4015/119 2735/4016/119 2736/4018/119
f 2691/4019/119 2694/4017/119 2736/4018/119 2737/4020/119
f 2493/3747/119 2691/4019/119 2737/4020/119 2552/3748/119
f 2690/4012/119 2621/3896/119 2610/3895/119 2734/4013/119
f 2710/4021/118 2616/3900/118 2618/3899/118 2724/4022/118
f 2778/3986/120 2617/3902/120 2615/3901/120 2721/3980/506
f 2700/3983/118 2612/3904/118 2614/3903/118 2774/3984/118
f 2695/4009/118 2492/3752/118 2553/3751/118 2732/4010/118
f 2727/4023/127 2789/4024/127 2561/3755/127 2490/3754/127
f 2782/3988/127 2488/3758/127 2486/3757/127 2723/3974/503
f 2708/3965/119 2555/3760/119 2487/3759/119 2769/3966/119
f 2718/4025/119 2489/3764/119 2491/3763/119 2726/4026/119
f 2754/3958/501 2757/3957/501 2484/3766/127 2482/3765/127
f 2759/3942/501 2755/3941/501 2483/3768/127 2485/3767/127
f 2738/4027/118 2623/3910/118 2351/3623/118 2494/3770/118
f 2740/4028/118 2626/3912/118 2623/3910/118 2738/4027/118
f 2739/4029/118 2738/4027/118 2494/3770/118 2497/3773/118
f 2695/4030/118 2739/4029/118 2497/3773/118 2492/3775/118
f 2740/4028/118 2738/4027/118 2739/4029/118 2741/4031/118
f 2696/4032/118 2740/4028/118 2741/4031/118 2699/4033/118
f 2696/4032/118 2620/3918/118 2626/3912/118 2740/4028/118
f 2695/4030/118 2697/4034/118 2741/4031/118 2739/4029/118
f 2699/4033/118 2741/4031/118 2697/4034/118 2698/4035/118
f 2628/3921/119 2742/4036/119 2500/3781/119 2360/3640/119
f 2631/3923/119 2744/4037/119 2742/4036/119 2628/3921/119
f 2503/3784/119 2500/3781/119 2742/4036/119 2743/4038/119
f 2493/3786/119 2503/3784/119 2743/4038/119 2691/4039/119
f 2744/4037/119 2745/4040/119 2743/4038/119 2742/4036/119
f 2690/4041/119 2692/4042/119 2745/4040/119 2744/4037/119
f 2621/3930/119 2690/4041/119 2744/4037/119 2631/3923/119
f 2691/4039/119 2743/4038/119 2745/4040/119 2694/4043/119
f 2692/4042/119 2693/4044/119 2694/4043/119 2745/4040/119
f 3020/4045/118 3022/4046/118 2871/4047/118 3034/4048/118
f 2795/4049/119 2796/4050/507 2878/4051/507 2870/4052/119
f 2968/4053/508 2985/4054/509 2960/4055/510 2958/4056/510
f 2966/4057/511 2974/4058/511 2975/4059/512 2967/4060/512
f 2965/4061/513 2976/4062/513 2974/4058/511 2966/4057/511
f 2806/4063/121 2805/4064/121 2816/4065/121 2990/4066/121
f 2963/4067/514 2977/4068/514 2976/4062/513 2965/4061/513
f 2964/4069/515 2978/4070/515 2977/4068/514 2963/4067/514
f 2961/4071/118 2971/4072/118 2979/4073/118 2962/4074/118
f 2962/4074/118 2979/4073/118 2978/4070/515 2964/4069/515
f 2803/4075/121 2970/4076/121 2972/4077/121 2993/4078/121
f 2953/4079/118 2971/4072/118 2961/4071/118
f 3019/4080/118 2981/4081/118 2983/4082/118 3033/4083/118
f 2807/4084/121 2806/4063/121 2990/4066/121 2988/4085/121
f 2967/4060/512 2975/4059/512 2985/4054/509 2968/4053/508
f 2805/4064/121 2804/4086/121 2992/4087/121 2816/4065/121
f 2813/4088/121 2808/4089/121 2819/4090/121 2995/4091/121
f 2804/4086/121 2803/4075/121 2993/4078/121 2992/4087/121
f 2808/4089/121 2807/4084/121 2988/4085/121 2819/4090/121
f 2987/4092/516 2986/4093/516 2996/4094/516 2997/4095/516
f 3005/4096/517 3003/4097/518 3013/4098/518 3012/4099/518 3011/4100/518 3010/4101/518 3008/4102/518 3009/4103/518 3007/4104/517
f 3002/4105/121 3005/4096/517 3007/4104/517 3006/4106/121
f 3000/4107/121 3002/4105/121 3006/4106/121 2998/4108/121
f 2952/4109/120 2954/4110/120 3001/4111/120 2999/4112/120
f 2955/4113/119 2956/4114/119 2832/4115/119 2822/4116/119
f 2959/4117/119 2957/4118/119 3004/4119/119 2824/4120/119
f 2957/4118/119 2802/4121/119 3004/4119/119
f 3016/4122/120 2952/4109/120 2999/4112/120 3015/4123/120
f 2956/4114/119 2959/4117/119 2824/4120/119 2832/4115/119
f 2802/4121/119 2969/4124/119 3014/4125/119 3004/4119/119
f 2831/4126/519 2834/4127/520 2856/4128/521 2855/4129/522
f 2825/4130/523 2826/4131/524 2851/4132/525 2850/4133/523
f 2833/4134/526 2825/4130/523 2850/4133/523 2849/4135/527
f 2826/4131/524 2828/4136/528 2852/4137/529 2851/4132/525
f 2828/4136/528 2829/4138/530 2853/4139/531 2852/4137/529
f 2829/4138/530 2830/4140/532 2854/4141/533 2853/4139/531
f 2830/4140/532 2831/4126/519 2855/4129/522 2854/4141/533
f 2823/4142/119 2833/4143/526 2849/4144/527 2847/4145/119
f 2834/4146/520 2827/4147/534 2848/4148/535 2856/4149/521
f 2989/4150/536 2844/4151/536 2846/4152/537 2821/4153/537
f 2814/4154/118 2839/4155/118 2840/4156/515 2815/4157/515
f 2973/4158/118 2994/4159/118 2839/4155/118 2814/4154/118
f 2815/4157/515 2840/4156/515 2841/4160/514 2991/4161/514
f 2991/4161/514 2841/4160/514 2842/4162/513 2817/4163/513
f 2817/4163/513 2842/4162/513 2843/4164/511 2818/4165/511
f 2818/4165/511 2843/4164/511 2844/4151/536 2989/4150/536
f 2953/4079/118 2835/4166/118 2980/4167/118 2971/4072/118
f 2811/4168/538 2837/4169/538 2845/4170/538 2820/4171/538
f 2985/4054/509 2838/4172/510 2836/4173/510 2960/4055/510
f 3017/4174/127 2982/4175/127 2858/4176/127 2857/4177/127
f 2982/4175/127 2809/4178/127 2859/4179/127 2858/4176/127
f 2794/4180/127 3021/4181/127 2860/4182/127 2861/4183/127
f 3024/4184/127 3023/4185/127 2862/4186/127 2863/4187/127
f 3025/4188/127 3026/4189/127 2865/4190/127 2864/4191/127
f 3027/4192/127 3025/4188/127 2864/4191/127 2866/4193/127
f 3028/4194/127 3027/4192/127 2866/4193/127 2867/4195/127
f 3029/4196/127 3028/4194/127 2867/4195/127 2868/4197/127
f 3030/4198/127 3029/4196/127 2868/4197/127 2869/4199/127
f 3026/4189/127 3024/4184/127 2863/4187/127 2865/4190/127
f 2809/4178/127 2794/4180/127 2861/4183/127 2859/4179/127
f 3023/4185/127 3017/4174/127 2857/4177/127 2862/4186/127
f 3021/4181/127 3030/4198/127 2869/4199/127 2860/4182/127
f 3036/4200/127 3038/4201/127 3040/4202/127 3039/4203/127 3041/4204/127 3042/4205/127 3043/4206/127 3044/4207/127 3035/4208/127
f 2873/4209/127 3037/4210/127 3038/4201/127 3036/4200/127
f 2984/4211/127 3031/4212/127 3037/4213/127 2873/4214/127
f 3022/4046/118 3019/4080/118 3033/4083/118 2871/4047/118
f 2810/4215/119 2795/4049/119 2870/4052/119 2872/4216/119
f 3018/4217/119 2810/4215/119 2872/4216/119 3032/4218/119
f 2796/4050/507 2798/4219/539 2877/4220/539 2878/4051/507
f 2812/4221/540 2797/4222/541 2876/4223/541 2882/4224/540
f 2798/4219/539 2799/4225/542 2879/4226/542 2877/4220/539
f 2799/4225/542 2800/4227/543 2880/4228/543 2879/4226/542
f 2800/4227/543 2801/4229/544 2881/4230/544 2880/4228/543
f 2792/4231/122 2793/4232/122 2874/4233/122 2875/4234/122
f 2801/4229/544 2812/4221/540 2882/4224/540 2881/4230/544
f 3105/4235/118 3119/4236/118 2940/4237/118 3107/4238/118
f 2886/4239/119 2939/4240/119 2947/4241/507 2887/4242/507
f 3061/4243/508 3051/4244/510 3053/4245/510 3076/4246/509
f 3059/4247/511 3060/4248/512 3067/4249/512 3066/4250/511
f 3058/4251/513 3059/4247/511 3066/4250/511 3068/4252/513
f 2897/4253/127 3080/4254/127 2907/4255/127 2896/4256/127
f 3056/4257/514 3058/4251/513 3068/4252/513 3069/4258/514
f 3057/4259/515 3056/4257/514 3069/4258/514 3070/4260/515
f 3054/4261/118 3055/4262/118 3071/4263/118 3063/4264/118
f 3055/4262/118 3057/4259/515 3070/4260/515 3071/4263/118
f 2894/4265/127 3083/4266/127 3064/4267/127 3062/4268/127
f 3046/4269/118 3054/4261/118 3063/4264/118
f 3104/4270/118 3118/4271/118 3074/4272/118 3072/4273/118
f 2898/4274/127 3078/4275/127 3080/4254/127 2897/4253/127
f 3060/4248/512 3061/4243/508 3076/4246/509 3067/4249/512
f 2896/4256/127 2907/4255/127 3082/4276/127 2895/4277/127
f 2904/4278/127 3084/4279/127 2910/4280/127 2899/4281/127
f 2895/4277/127 3082/4276/127 3083/4266/127 2894/4265/127
f 2899/4281/127 2910/4280/127 3078/4275/127 2898/4274/127
f 2987/4092/516 2997/4095/516 3085/4282/516 3077/4283/516
f 3093/4284/545 3095/4285/545 3097/4286/546 3096/4287/546 3098/4288/546 3099/4289/546 3100/4290/546 3101/4291/546 3091/4292/546
f 3090/4293/127 3094/4294/127 3095/4285/545 3093/4284/545
f 3088/4295/127 3086/4296/127 3094/4294/127 3090/4293/127
f 3045/4297/120 3087/4298/120 3089/4299/120 3047/4300/120
f 3048/4301/119 2913/4302/119 2923/4303/119 3049/4304/119
f 3052/4305/119 2915/4306/119 3092/4307/119 3050/4308/119
f 3050/4308/119 3092/4307/119 2893/4309/119
f 3016/4122/120 3015/4123/120 3087/4298/120 3045/4297/120
f 3049/4304/119 2923/4303/119 2915/4306/119 3052/4305/119
f 2893/4309/119 3092/4307/119 3014/4125/119 2969/4124/119
f 2922/4310/547 2855/4129/522 2856/4128/521 2925/4311/548
f 2916/4312/523 2850/4133/523 2851/4132/525 2917/4313/549
f 2924/4314/526 2849/4135/527 2850/4133/523 2916/4312/523
f 2917/4313/549 2851/4132/525 2852/4137/529 2919/4315/550
f 2919/4315/550 2852/4137/529 2853/4139/531 2920/4316/551
f 2920/4316/551 2853/4139/531 2854/4141/533 2921/4317/552
f 2921/4317/552 2854/4141/533 2855/4129/522 2922/4310/547
f 2914/4318/119 2847/4145/119 2849/4144/527 2924/4319/526
f 2925/4320/548 2856/4149/521 2848/4148/535 2918/4321/553
f 3079/4322/536 2912/4323/537 2846/4152/537 2844/4151/536
f 2905/4324/118 2906/4325/515 2840/4156/515 2839/4155/118
f 3065/4326/118 2905/4324/118 2839/4155/118 2994/4159/118
f 2906/4325/515 3081/4327/514 2841/4160/514 2840/4156/515
f 3081/4327/514 2908/4328/513 2842/4162/513 2841/4160/514
f 2908/4328/513 2909/4329/511 2843/4164/511 2842/4162/513
f 2909/4329/511 3079/4322/536 2844/4151/536 2843/4164/511
f 3046/4269/118 3063/4264/118 2980/4167/118 2835/4166/118
f 2902/4330/538 2911/4331/538 2845/4170/538 2837/4169/538
f 3076/4246/509 3053/4245/510 2836/4173/510 2838/4172/510
f 3102/4332/121 2926/4333/121 2927/4334/121 3073/4335/121
f 3073/4335/121 2927/4334/121 2928/4336/121 2900/4337/121
f 2885/4338/121 2930/4339/121 2929/4340/121 3106/4341/121
f 3109/4342/121 2932/4343/121 2931/4344/121 3108/4345/121
f 3110/4346/121 2933/4347/121 2934/4348/121 3111/4349/121
f 3112/4350/121 2935/4351/121 2933/4347/121 3110/4346/121
f 3113/4352/121 2936/4353/121 2935/4351/121 3112/4350/121
f 3114/4354/121 2937/4355/121 2936/4353/121 3113/4352/121
f 3115/4356/121 2938/4357/121 2937/4355/121 3114/4354/121
f 3111/4349/121 2934/4348/121 2932/4343/121 3109/4342/121
f 2900/4337/121 2928/4336/121 2930/4339/121 2885/4338/121
f 3108/4345/121 2931/4344/121 2926/4333/121 3102/4332/121
f 3106/4341/121 2929/4340/121 2938/4357/121 3115/4356/121
f 3121/4358/121 3120/4359/121 3129/4360/121 3128/4361/121 3127/4362/121 3126/4363/121 3124/4364/121 3125/4365/121 3123/4366/121
f 2942/4367/121 3121/4358/121 3123/4366/121 3122/4368/121
f 3075/4369/121 2942/4370/121 3122/4371/121 3116/4372/121
f 3107/4238/118 2940/4237/118 3118/4271/118 3104/4270/118
f 2901/4373/119 2941/4374/119 2939/4240/119 2886/4239/119
f 3103/4375/119 3117/4376/119 2941/4374/119 2901/4373/119
f 2887/4242/507 2947/4241/507 2946/4377/539 2889/4378/539
f 2903/4379/540 2951/4380/540 2945/4381/541 2888/4382/541
f 2889/4378/539 2946/4377/539 2948/4383/542 2890/4384/542
f 2890/4384/542 2948/4383/542 2949/4385/543 2891/4386/543
f 2891/4386/543 2949/4385/543 2950/4387/544 2892/4388/544
f 2883/4389/122 2944/4390/122 2943/4391/122 2884/4392/122
f 2892/4388/544 2950/4387/544 2951/4380/540 2903/4379/540
f 3218/4393/127 3250/4394/127 3251/4395/127 3253/4396/127
f 3131/4397/119 3252/4398/119 3254/4399/119 3256/4400/119
f 3330/4401/121 3332/4402/121 3208/4403/121 3344/4404/121
f 3133/4405/121 3221/4406/121 3285/4407/121 3282/4408/121
f 3365/4409/554 3362/4410/120 3384/4411/120 3387/4412/554
f 3292/4413/118 3291/4414/118 3161/4415/118 3297/4416/118
f 3220/4417/555 3219/4418/556 3260/4419/118 3287/4420/118
f 3133/4405/121 3255/4421/121 3259/4422/121 3221/4406/121
f 3144/4423/127 3326/4424/127 3340/4425/127 3204/4426/127
f 3331/4427/127 3146/4428/127 3207/4429/127 3209/4430/127
f 3266/4431/121 3329/4432/121 3343/4433/121 3264/4434/121
f 3329/4432/121 3330/4401/121 3344/4404/121 3343/4433/121
f 3276/4435/127 3335/4436/127 3349/4437/127 3274/4438/127
f 3366/4439/557 3365/4409/554 3387/4412/554 3388/4440/557
f 3280/4441/120 3154/4442/120 3286/4443/120 3261/4444/120
f 3283/4445/120 3281/4446/120 3154/4442/120 3280/4441/120
f 3258/4447/127 3218/4393/127 3150/4448/127 3151/4449/127
f 3218/4393/127 3253/4396/127 3284/4450/127 3150/4448/127
f 3221/4406/121 3279/4451/121 3155/4452/121 3285/4407/121
f 3131/4397/119 3256/4400/119 3152/4453/119 3153/4454/119
f 3288/4455/122 3290/4456/122 3157/4457/122 3224/4458/122
f 3290/4456/122 3293/4459/122 3158/4460/122 3157/4457/122
f 3293/4459/122 3294/4461/122 3223/4462/122 3158/4460/122
f 3294/4461/122 3288/4455/122 3224/4458/122 3223/4462/122
f 3295/4463/127 3134/4464/127 3162/4465/127 3298/4466/127
f 3132/4467/121 3289/4468/121 3299/4469/121 3296/4470/121
f 3136/4471/119 3138/4472/119 3163/4473/119 3160/4474/119
f 3315/4475/558 3170/4476/558 3169/4477/558 3186/4478/558
f 3301/4479/559 3300/4480/559 3177/4481/559 3178/4482/559
f 3303/4483/558 3176/4484/558 3175/4485/558 3180/4486/558
f 3307/4487/558 3174/4488/558 3173/4489/558 3182/4490/558
f 3311/4491/558 3172/4492/558 3171/4493/558 3184/4494/558
f 3302/4495/560 3179/4496/560 3304/4497/560 3305/4498/560
f 3306/4499/560 3181/4500/560 3308/4501/560 3309/4502/560
f 3310/4503/560 3183/4504/560 3312/4505/560 3313/4506/560
f 3314/4507/560 3185/4508/560 3316/4509/560 3317/4510/560
f 3318/4511/560 3319/4512/560 3320/4513/560 3321/4514/560
f 3187/4515/559 3168/4516/559 3164/4517/559 3167/4518/559
f 3165/4519/561 3166/4520/561 3189/4521/561 3188/4522/561
f 3277/4523/562 3322/4524/563 3219/4418/556 3220/4417/555
f 3322/4524/563 3324/4525/564 3257/4526/564 3219/4418/556
f 3267/4527/122 3325/4528/122 3223/4462/122 3224/4458/122
f 3328/4529/565 3327/4530/566 3262/4531/566 3263/4532/565
f 3143/4533/566 3197/4534/565 3268/4535/565 3269/4536/566
f 3327/4530/566 3147/4537/567 3270/4538/567 3262/4531/566
f 3142/4539/567 3143/4533/566 3269/4536/566 3271/4540/567
f 3147/4537/567 3333/4541/568 3272/4542/568 3270/4538/567
f 3334/4543/568 3142/4539/567 3271/4540/567 3273/4544/568
f 3333/4541/568 3149/4545/569 3278/4546/569 3272/4542/568
f 3324/4525/564 3334/4543/568 3273/4544/568 3257/4526/564
f 3149/4545/569 3277/4523/562 3220/4417/555 3278/4546/569
f 3197/4534/565 3267/4527/122 3224/4458/122 3268/4535/565
f 3325/4528/122 3328/4529/565 3263/4532/565 3223/4462/122
f 3339/4547/122 3265/4548/122 3205/4549/570 3342/4550/570
f 3342/4550/570 3205/4549/570 3206/4551/571 3341/4552/571
f 3341/4552/571 3206/4551/571 3346/4553/572 3345/4554/572
f 3345/4554/572 3346/4553/572 3348/4555/573 3347/4556/573
f 3347/4556/573 3348/4555/573 3338/4557/574 3213/4558/574
f 3213/4558/574 3338/4557/574 3336/4559/575 3275/4560/575
f 3148/4561/127 3331/4427/127 3209/4430/127 3211/4562/127
f 3323/4563/122 3145/4564/122 3215/4565/122 3337/4566/122
f 3332/4402/121 3141/4567/121 3210/4568/121 3208/4403/121
f 3140/4569/121 3130/4570/121 3214/4571/121 3212/4572/121
f 3335/4436/127 3148/4561/127 3211/4562/127 3349/4437/127
f 3159/4573/118 3156/4574/118 3216/4575/118 3217/4576/118
f 3141/4567/121 3140/4569/121 3212/4572/121 3210/4568/121
f 3146/4428/127 3144/4423/127 3204/4426/127 3207/4429/127
f 3352/4577/127 3350/4578/127 3218/4393/127 3258/4447/127
f 3356/4579/121 3354/4580/121 3279/4451/121 3221/4406/121
f 3358/4581/127 3352/4577/127 3258/4447/127 3222/4582/127
f 3359/4583/121 3356/4579/121 3221/4406/121 3259/4422/121
f 3350/4578/127 3361/4584/127 3250/4394/127 3218/4393/127
f 3363/4585/121 3364/4586/121 3226/4587/121 3225/4588/121
f 3139/4589/127 3198/4590/127 3228/4591/127 3227/4592/127
f 3367/4593/121 3363/4585/121 3225/4588/121 3229/4594/121
f 3198/4590/127 3368/4595/127 3230/4596/127 3228/4591/127
f 3369/4597/121 3367/4593/121 3229/4594/121 3231/4598/121
f 3368/4595/127 3370/4599/127 3232/4600/127 3230/4596/127
f 3371/4601/121 3369/4597/121 3231/4598/121 3233/4602/121
f 3370/4599/127 3358/4581/127 3222/4582/127 3232/4600/127
f 3354/4580/121 3371/4601/121 3233/4602/121 3279/4451/121
f 3361/4584/127 3139/4589/127 3227/4592/127 3250/4394/127
f 3364/4586/121 3359/4583/121 3259/4422/121 3226/4587/121
f 3378/4603/121 3381/4604/121 3386/4605/121 3385/4606/121 3389/4607/121 3391/4608/121 3393/4609/121 3376/4610/121
f 3374/4611/127 3380/4612/127 3392/4613/127 3390/4614/127 3244/4615/127 3243/4616/127 3383/4617/127 3372/4618/127
f 3195/4619/557 3199/4620/576 3245/4621/576 3241/4622/557
f 3351/4623/122 3353/4624/122 3375/4625/122 3373/4626/122
f 3360/4627/120 3196/4628/554 3242/4629/554 3382/4630/120
f 3200/4631/576 3366/4439/557 3388/4440/557 3246/4632/576
f 3355/4633/122 3357/4634/122 3379/4635/122 3377/4636/122
f 3199/4620/576 3201/4637/577 3247/4638/577 3245/4621/576
f 3190/4639/578 3192/4640/579 3238/4641/579 3235/4642/578
f 3202/4643/577 3200/4631/576 3246/4632/576 3248/4644/577
f 3137/4645/118 3194/4646/118 3239/4647/118 3237/4648/118
f 3201/4637/577 3203/4649/579 3249/4650/579 3247/4638/577
f 3193/4651/118 3135/4652/118 3234/4653/118 3240/4654/118
f 3192/4640/579 3202/4643/577 3248/4644/577 3238/4641/579
f 3196/4628/554 3195/4619/557 3241/4622/557 3242/4629/554
f 3203/4649/579 3191/4655/578 3236/4656/578 3249/4650/579
f 3561/4657/122 3537/4658/122 3541/4659/565 3592/4660/565
f 3580/4661/119 3535/4662/119 3554/4663/119 3576/4664/119
f 3610/4665/577 3434/4666/576 3499/4667/576 3636/4668/577
f 3584/4669/580 3527/4670/580 3533/4671/118 3565/4672/118
f 3592/4660/565 3541/4659/565 3542/4673/566 3590/4674/566
f 3590/4674/566 3542/4673/566 3544/4675/567 3588/4676/567
f 3588/4676/567 3544/4675/567 3546/4677/568 3456/4678/568
f 3456/4678/568 3546/4677/568 3526/4679/581 3458/4680/581
f 3458/4680/581 3526/4679/581 3527/4670/580 3584/4669/580
f 3615/4681/122 3617/4682/122 3643/4683/122 3641/4684/122
f 3577/4685/120 3553/4686/120 3551/4687/120 3555/4688/120
f 3528/4689/119 3531/4690/119 3535/4662/119 3580/4661/119
f 3595/4691/119 3467/4692/582 3487/4693/582 3621/4694/119
f 3607/4695/576 3609/4696/577 3635/4697/577 3633/4698/576
f 3536/4699/119 3563/4700/119 3579/4701/119 3538/4702/119
f 3564/4703/583 3559/4704/583 3652/4705/583 3567/4706/583
f 3549/4707/120 3558/4708/120 3566/4709/120 3534/4710/120
f 3454/4711/584 3586/4712/585 3661/4713/586 3514/4714/587
f 3547/4715/588 3581/4716/588 3582/4717/580 3548/4718/580
f 3560/4719/589 3463/4720/589 3654/4721/589 3653/4722/589
f 3545/4723/568 3585/4724/568 3581/4716/588 3547/4715/588
f 3530/4725/590 3462/4726/590 3522/4727/590 3646/4728/590
f 3543/4729/567 3587/4730/567 3585/4724/568 3545/4723/568
f 3457/4731/591 3455/4732/592 3515/4733/593 3660/4734/594
f 3539/4735/566 3589/4736/566 3587/4730/567 3543/4729/567
f 3446/4737/595 3460/4738/596 3569/4739/596 3659/4740/597
f 3540/4741/565 3591/4742/565 3589/4736/566 3539/4735/566
f 3463/4720/589 3562/4743/589 3570/4744/589 3654/4721/589
f 3548/4718/580 3582/4717/580 3557/4745/118 3552/4746/118
f 3586/4712/585 3583/4747/598 3658/4748/599 3661/4713/586
f 3538/4702/119 3579/4701/119 3465/4749/119 3550/4750/119
f 3556/4751/600 3447/4752/601 3657/4753/602 3573/4754/600
f 3532/4755/122 3529/4756/122 3591/4742/565 3540/4741/565
f 3459/4757/603 3457/4731/591 3660/4734/594 3656/4758/604
f 3593/4759/127 3594/4760/127 3426/4761/127 3466/4762/127
f 3594/4760/127 3596/4763/127 3468/4764/127 3426/4761/127
f 3597/4765/121 3599/4766/121 3429/4767/121 3469/4768/121
f 3602/4769/127 3600/4770/127 3471/4771/127 3427/4772/127
f 3603/4773/121 3604/4774/121 3474/4775/121 3473/4776/121
f 3605/4777/127 3606/4778/127 3476/4779/127 3475/4780/127
f 3439/4781/121 3603/4773/121 3473/4776/121 3477/4782/121
f 3606/4778/127 3608/4783/127 3478/4784/127 3476/4779/127
f 3440/4785/121 3439/4781/121 3477/4782/121 3479/4786/121
f 3608/4783/127 3433/4787/127 3480/4788/127 3478/4784/127
f 3611/4789/121 3440/4785/121 3479/4786/121 3481/4790/121
f 3433/4787/127 3593/4759/127 3466/4762/127 3480/4788/127
f 3612/4791/121 3611/4789/121 3481/4790/121 3437/4792/121
f 3600/4770/127 3605/4777/127 3475/4780/127 3471/4771/127
f 3604/4774/121 3597/4765/121 3469/4768/121 3474/4775/121
f 3596/4763/127 3613/4793/127 3483/4794/127 3468/4764/127
f 3618/4795/121 3616/4796/121 3484/4797/121 3485/4798/121
f 3616/4796/121 3612/4791/121 3437/4792/121 3484/4797/121
f 3599/4766/121 3618/4795/121 3485/4798/121 3429/4767/121
f 3613/4793/127 3602/4769/127 3427/4772/127 3483/4794/127
f 3625/4799/121 3623/4800/121 3630/4801/121 3629/4802/121 3498/4803/121 3500/4804/121 3637/4805/121 3638/4806/121
f 3620/4807/127 3619/4808/127 3501/4809/127 3634/4810/127 3632/4811/127 3631/4812/127 3626/4813/127 3628/4814/127
f 3620/4807/127 3628/4814/127 3639/4815/127 3622/4816/127
f 3625/4799/121 3638/4806/121 3642/4817/121 3644/4818/121
f 3470/4819/118 3598/4820/118 3624/4821/118 3489/4822/118
f 3482/4823/582 3445/4824/119 3504/4825/119 3488/4826/582
f 3609/4696/577 3441/4827/605 3502/4828/605 3635/4697/577
f 3601/4829/118 3472/4830/118 3486/4831/118 3627/4832/118
f 3444/4833/118 3470/4819/118 3489/4822/118 3505/4834/118
f 3432/4835/579 3610/4665/577 3636/4668/577 3490/4836/579
f 3436/4837/554 3438/4838/557 3494/4839/557 3495/4840/554
f 3472/4830/118 3614/4841/118 3640/4842/118 3486/4831/118
f 3441/4827/605 3482/4823/582 3488/4826/582 3502/4828/605
f 3435/4843/557 3431/4844/554 3496/4845/554 3497/4846/557
f 3431/4844/554 3428/4847/120 3493/4848/120 3496/4845/554
f 3438/4838/557 3607/4695/576 3633/4698/576 3494/4839/557
f 3430/4849/120 3436/4837/554 3495/4840/554 3492/4850/120
f 3434/4666/576 3435/4843/557 3497/4846/557 3499/4667/576
f 3467/4692/582 3432/4835/579 3490/4836/579 3487/4693/582
f 3442/4851/122 3443/4852/122 3491/4853/122 3503/4854/122
f 3571/4855/119 3645/4856/119 3655/4857/119 3523/4858/119
f 3651/4859/120 3648/4860/120 3574/4861/120 3568/4862/120
f 3519/4863/606 3518/4864/606 3506/4865/607 3507/4866/607
f 3517/4867/608 3516/4868/608 3518/4864/606 3519/4863/606
f 3662/4869/609 3663/4870/609 3516/4868/608 3517/4867/608
f 3664/4871/610 3665/4872/610 3663/4870/609 3662/4869/609
f 3666/4873/611 3667/4874/611 3665/4872/610 3664/4871/610
f 3507/4866/607 3506/4865/607 3520/4875/118 3521/4876/118
f 3523/4858/119 3655/4857/119 3649/4877/119 3525/4878/119
f 3647/4879/122 3572/4880/122 3667/4874/611 3666/4873/611
f 3462/4726/590 3578/4881/590 3650/4882/590 3522/4727/590
f 3455/4732/592 3453/4883/612 3513/4884/613 3515/4733/593
f 3464/4885/614 3461/4886/614 3575/4887/614 3524/4888/614
f 3450/4889/615 3449/4890/616 3509/4891/616 3510/4892/617
f 3452/4893/618 3454/4711/584 3514/4714/587 3512/4894/619
f 3447/4752/601 3459/4757/603 3656/4758/604 3657/4753/602
f 3448/4895/620 3451/4896/621 3511/4897/622 3508/4898/620
f 3453/4883/612 3450/4889/615 3510/4892/617 3513/4884/613
f 3583/4747/598 3446/4737/595 3659/4740/597 3658/4748/599
f 3451/4896/621 3452/4893/618 3512/4894/619 3511/4897/622
f 3924/4899/121 3881/4900/121 3882/4901/121 3849/4902/121
f 3892/4903/120 3883/4904/120 3887/4905/120 3850/4906/120
f 3893/4907/127 3888/4908/127 3891/4909/127 3895/4910/127
f 3895/4910/127 3891/4909/127 3860/4911/127 3931/4912/127 3934/4913/127 3936/4914/127 3938/4915/127 3928/4916/127
f 3878/4917/119 3885/4918/119 3890/4919/119 3880/4920/119
f 3819/4921/118 3815/4922/118 3813/4923/623 3817/4924/623
f 3880/4920/119 3890/4919/119 3911/4925/119 3909/4926/119 3907/4927/119 3905/4928/119 3903/4929/119 3831/4930/119 3913/4931/119 3912/4932/119 3916/4933/119 3918/4934/119 3920/4935/119 3922/4936/119
f 3886/4937/127 3889/4938/127 3896/4939/127 3816/4940/127
f 3879/4941/120 3884/4942/120 3822/4943/120 3818/4944/120
f 3812/4945/121 3898/4946/121 3821/4947/121 3814/4948/121
f 3823/4949/118 3820/4950/118 3842/4951/118 3844/4952/118 3845/4953/118 3846/4954/118 3847/4955/118 3843/4956/118 3824/4957/118 3826/4958/118 3827/4959/118 3828/4960/118 3829/4961/118 3825/4962/118
f 3816/4940/127 3896/4939/127 3910/4963/624 3830/4964/624
f 3898/4946/121 3812/4945/121 3837/4965/625 3923/4966/625
f 3901/4967/626 3902/4968/626 3835/4969/627 3900/4970/627
f 3900/4970/627 3835/4969/627 3834/4971/628 3904/4972/628
f 3904/4972/628 3834/4971/628 3833/4973/629 3906/4974/629
f 3906/4974/629 3833/4973/629 3832/4975/630 3908/4976/630
f 3908/4976/630 3832/4975/630 3830/4964/624 3910/4963/624
f 3836/4977/631 3914/4978/631 3915/4979/632 3838/4980/632
f 3838/4980/632 3915/4979/632 3917/4981/633 3839/4982/633
f 3839/4982/633 3917/4981/633 3919/4983/634 3840/4984/634
f 3840/4984/634 3919/4983/634 3921/4985/635 3841/4986/635
f 3841/4986/635 3921/4985/635 3923/4966/625 3837/4965/625
f 3902/4968/626 3901/4967/626 3914/4978/631 3836/4977/631
f 3897/4987/122 3894/4988/122 3925/4989/122 3899/4990/122
f 3889/4991/127 3893/4992/127 3895/4993/127 3896/4994/127
f 3884/4995/120 3892/4996/120 3850/4997/120 3822/4998/120
f 3898/4999/121 3924/5000/121 3849/5001/121 3821/5002/121
f 3848/5003/119 3851/5004/119 3927/5005/119 3929/5006/119
f 3853/5007/122 3859/5008/636 3939/5009/636 3930/5010/122
f 3817/4924/623 3813/4923/623 3926/5011/637 3932/5012/637
f 3932/5012/637 3926/5011/637 3933/5013/638 3861/5014/638
f 3861/5014/638 3933/5013/638 3935/5015/639 3862/5016/639
f 3862/5016/639 3935/5015/639 3937/5017/640 3863/5018/640
f 3863/5018/640 3937/5017/640 3939/5009/636 3859/5008/636
f 3881/4900/121 3924/4899/121 3852/5019/121 3854/5020/121 3855/5021/121 3856/5022/121 3857/5023/121 3858/5024/121
f 3820/5025/118 3823/5026/118 3864/5027/118 3865/5028/118
f 3826/5029/118 3824/5030/118 3867/5031/118 3866/5032/118
f 3827/5033/118 3826/5029/118 3866/5032/118 3868/5034/118
f 3828/5035/118 3827/5033/118 3868/5034/118 3869/5036/118
f 3829/5037/118 3828/5035/118 3869/5036/118 3870/5038/118
f 3825/5039/118 3829/5037/118 3870/5038/118 3871/5040/118
f 3843/5041/118 3847/5042/118 3873/5043/118 3872/5044/118
f 3847/5042/118 3846/5045/118 3874/5046/118 3873/5043/118
f 3846/5045/118 3845/5047/118 3875/5048/118 3874/5046/118
f 3845/5047/118 3844/5049/118 3876/5050/118 3875/5048/118
f 3844/5049/118 3842/5051/118 3877/5052/118 3876/5050/118
f 3824/5030/118 3843/5041/118 3872/5044/118 3867/5031/118
f 3823/5026/118 3825/5039/118 3871/5040/118 3864/5027/118
f 3842/5051/118 3820/5025/118 3865/5028/118 3877/5052/118
f 3958/5053/641 4052/5054/118 4038/5055/118 4066/5056/641
f 3964/5057/118 4057/5058/118 4048/5059/118 3958/5053/641 4058/5060/118
f 4069/5061/121 4067/5062/642 3969/5063/643 3941/5064/121
f 4066/5056/641 4042/5065/118 4043/5066/118 3952/5067/118 4062/5068/118
f 3983/5069/644 4041/5070/645 3948/5071/646 3986/5072/647
f 4019/5073/648 4054/5074/649 3962/5075/650 4010/5076/651
f 3989/5077/652 4039/5078/653 3944/5079/654 3980/5080/655
f 3950/5081/656 3995/5082/657 4004/5083/658 4044/5084/659
f 3943/5085/127 3973/5086/660 4037/5087/661 4068/5088/127
f 3952/5067/118 4047/5089/118 4053/5090/118 3964/5057/118 4058/5060/118 4064/5091/118 3971/5092/118 4062/5068/118
f 4038/5055/118 3947/5093/118 4066/5056/641
f 3947/5093/118 4040/5094/118 4066/5056/641
f 4040/5094/118 3949/5095/118 4066/5056/641
f 3949/5095/118 4042/5065/118 4066/5056/641
f 4043/5066/118 3953/5096/118 3952/5067/118
f 3953/5096/118 4045/5097/118 3952/5067/118
f 4045/5097/118 4046/5098/118 3952/5067/118
f 4046/5098/118 4047/5089/118 3952/5067/118
f 4048/5059/118 4049/5099/118 3958/5053/641
f 4049/5099/118 4050/5100/118 3958/5053/641
f 4050/5100/118 4051/5101/118 3958/5053/641
f 4051/5101/118 4052/5054/118 3958/5053/641
f 4053/5090/118 3965/5102/118 3964/5057/118
f 3965/5102/118 4055/5103/118 3964/5057/118
f 4055/5103/118 4056/5104/118 3964/5057/118
f 4056/5104/118 4057/5058/118 3964/5057/118
f 3960/5105/662 4031/5106/663 4028/5107/664 3961/5108/665
f 3959/5109/666 4034/5110/667 4031/5106/663 3960/5105/662
f 3956/5111/668 4025/5112/669 4034/5110/667 3959/5109/666
f 3950/5081/656 3945/5113/670 3977/5114/671 3995/5082/657
f 3986/5072/647 3948/5071/646 4039/5078/653 3989/5077/652
f 3955/5115/672 3998/5116/673 3992/5117/674 3951/5118/675
f 3944/5079/654 3957/5119/676 4022/5120/677 3980/5080/655
f 3954/5121/678 4001/5122/679 3998/5116/673 3955/5115/672
f 4007/5123/680 3963/5124/681 3967/5125/682 4013/5126/683
f 4044/5084/659 4004/5083/658 4001/5122/679 3954/5121/678
f 3962/5075/650 3951/5118/675 3992/5117/674 4010/5076/651
f 3956/5111/668 3963/5124/681 4007/5123/680 4025/5112/669
f 4016/5127/684 3966/5128/685 4054/5074/649 4019/5073/648
f 3961/5108/665 4028/5107/664 4022/5120/677 3957/5119/676
f 4013/5126/683 3967/5125/682 3966/5128/685 4016/5127/684
f 4006/5129/686 4012/5130/687 4015/5131/688 4018/5132/689 4009/5133/690 3991/5134/691 3997/5135/692 4000/5136/693 4003/5137/694 3994/5138/695 3976/5139/696 3982/5140/697 3985/5141/698 3988/5142/699 3979/5143/700 4021/5144/701 4027/5145/702 4030/5146/703 4033/5147/704 4024/5148/705
f 4060/5149/706 4061/5150/706 4063/5151/706
f 4059/5152/707 4065/5153/707 3974/5154/707
f 3946/5155/708 3970/5156/708 3969/5063/643 4067/5062/642
f 3972/5157/709 4036/5158/709 4037/5087/661 3973/5086/660
f 3958/5053/641 4066/5056/641 3968/5159/710 3975/5160/710
f 3942/5161/122 3975/5160/710 3968/5159/710 3940/5162/122
f 4024/5148/705 4033/5147/704 4035/5163/711 4026/5164/712
f 4026/5164/712 4035/5163/711 4034/5110/667 4025/5112/669
f 4033/5147/704 4030/5146/703 4032/5165/713 4035/5163/711
f 4035/5163/711 4032/5165/713 4031/5106/663 4034/5110/667
f 4030/5146/703 4027/5145/702 4029/5166/714 4032/5165/713
f 4032/5165/713 4029/5166/714 4028/5107/664 4031/5106/663
f 4027/5145/702 4021/5144/701 4023/5167/715 4029/5166/714
f 4029/5166/714 4023/5167/715 4022/5120/677 4028/5107/664
f 3982/5140/697 3976/5139/696 3978/5168/716 3984/5169/717
f 3984/5169/717 3978/5168/716 3977/5114/671 3983/5069/644
f 3985/5141/698 3982/5140/697 3984/5169/717 3987/5170/718
f 3987/5170/718 3984/5169/717 3983/5069/644 3986/5072/647
f 3988/5142/699 3985/5141/698 3987/5170/718 3990/5171/719
f 3990/5171/719 3987/5170/718 3986/5072/647 3989/5077/652
f 3979/5143/700 3988/5142/699 3990/5171/719 3981/5172/720
f 3981/5172/720 3990/5171/719 3989/5077/652 3980/5080/655
f 3994/5138/695 4003/5137/694 4005/5173/721 3996/5174/722
f 3996/5174/722 4005/5173/721 4004/5083/658 3995/5082/657
f 4003/5137/694 4000/5136/693 4002/5175/723 4005/5173/721
f 4005/5173/721 4002/5175/723 4001/5122/679 4004/5083/658
f 4000/5136/693 3997/5135/692 3999/5176/724 4002/5175/723
f 4002/5175/723 3999/5176/724 3998/5116/673 4001/5122/679
f 3997/5135/692 3991/5134/691 3993/5177/725 3999/5176/724
f 3999/5176/724 3993/5177/725 3992/5117/674 3998/5116/673
f 4012/5130/687 4006/5129/686 4008/5178/726 4014/5179/727
f 4014/5179/727 4008/5178/726 4007/5123/680 4013/5126/683
f 4015/5131/688 4012/5130/687 4014/5179/727 4017/5180/728
f 4017/5180/728 4014/5179/727 4013/5126/683 4016/5127/684
f 4018/5132/689 4015/5131/688 4017/5180/728 4020/5181/729
f 4020/5181/729 4017/5180/728 4016/5127/684 4019/5073/648
f 4009/5133/690 4018/5132/689 4020/5181/729 4011/5182/730
f 4011/5182/730 4020/5181/729 4019/5073/648 4010/5076/651
f 3976/5139/696 3994/5138/695 3996/5174/722 3978/5168/716
f 3978/5168/716 3996/5174/722 3995/5082/657 3977/5114/671
f 4021/5144/701 3979/5143/700 3981/5172/720 4023/5167/715
f 4023/5167/715 3981/5172/720 3980/5080/655 4022/5120/677
f 3991/5134/691 4009/5133/690 4011/5182/730 3993/5177/725
f 3993/5177/725 4011/5182/730 4010/5076/651 3992/5117/674
f 4006/5129/686 4024/5148/705 4026/5164/712 4008/5178/726
f 4008/5178/726 4026/5164/712 4025/5112/669 4007/5123/680
f 3977/5114/671 3945/5113/670 4041/5070/645 3983/5069/644
f 4231/5183/120 4183/5184/120 4182/5185/460 4245/5186/460
f 4245/5186/460 4182/5185/460 4184/5187/283 4244/5188/283
f 4244/5188/283 4184/5187/283 4185/5189/500 4121/5190/500
f 4121/5190/500 4185/5189/500 4186/5191/127 4122/5192/127
f 4122/5192/127 4186/5191/127 4187/5193/486 4123/5194/486
f 4123/5194/486 4187/5193/486 4188/5195/137 4124/5196/137
f 4124/5196/137 4188/5195/137 4189/5197/414 4125/5198/414
f 4125/5198/414 4189/5197/414 4190/5199/122 4126/5200/122
f 4126/5200/122 4190/5199/122 4191/5201/389 4237/5202/389
f 4237/5202/389 4191/5201/389 4192/5203/136 4236/5204/136
f 4236/5204/136 4192/5203/136 4193/5205/479 4235/5206/479
f 4235/5206/479 4193/5205/479 4194/5207/121 4234/5208/121
f 4234/5208/121 4194/5207/121 4195/5209/493 4233/5210/493
f 4233/5210/493 4195/5209/493 4196/5211/264 4232/5212/264
f 4074/5213/731 4073/5214/732 4201/5215/732 4202/5216/731
f 4232/5212/264 4196/5211/264 4197/5217/437 4230/5218/437
f 4230/5218/437 4197/5217/437 4183/5184/120 4231/5183/120
f 4213/5219/437 4100/5220/264 4228/5221/264 4229/5222/437
f 4079/5223/733 4078/5224/734 4206/5225/734 4207/5226/733
f 4084/5227/735 4083/5228/736 4211/5229/736 4212/5230/735
f 4072/5231/737 4071/5232/738 4198/5233/738 4200/5234/737
f 4077/5235/739 4076/5236/740 4204/5237/740 4205/5238/739
f 4082/5239/741 4081/5240/742 4209/5241/742 4210/5242/741
f 4075/5243/743 4074/5213/731 4202/5216/731 4203/5244/743
f 4080/5245/744 4079/5223/733 4207/5226/733 4208/5246/744
f 4085/5247/745 4084/5227/735 4212/5230/735 4101/5248/745
f 4073/5214/732 4072/5231/737 4200/5234/737 4201/5215/732
f 4078/5224/734 4077/5235/739 4205/5238/739 4206/5225/734
f 4071/5232/738 4070/5249/746 4199/5250/746 4198/5233/738
f 4083/5228/736 4082/5239/741 4210/5242/741 4211/5229/736
f 4076/5236/740 4075/5243/743 4203/5244/743 4204/5237/740
f 4081/5240/742 4080/5245/744 4208/5246/744 4209/5241/742
f 4070/5249/746 4085/5247/745 4101/5248/745 4199/5250/746
f 4102/5251/118 4103/5252/118 4117/5253/118 4116/5254/118 4115/5255/118 4114/5256/118 4113/5257/118 4112/5258/118 4111/5259/118 4110/5260/118 4109/5261/118 4108/5262/118 4107/5263/118 4106/5264/118 4105/5265/118 4104/5266/118
f 4094/5267/122 4093/5268/414 4221/5269/414 4222/5270/122
f 4086/5271/460 4087/5272/120 4215/5273/120 4214/5274/460
f 4087/5272/120 4213/5219/437 4229/5222/437 4215/5273/120
f 4095/5275/389 4094/5267/122 4222/5270/122 4223/5276/389
f 4088/5277/283 4086/5271/460 4214/5274/460 4216/5278/283
f 4096/5279/136 4095/5275/389 4223/5276/389 4224/5280/136
f 4089/5281/500 4088/5277/283 4216/5278/283 4217/5282/500
f 4097/5283/479 4096/5279/136 4224/5280/136 4225/5284/479
f 4090/5285/127 4089/5281/500 4217/5282/500 4218/5286/127
f 4098/5287/121 4097/5283/479 4225/5284/479 4226/5288/121
f 4091/5289/486 4090/5285/127 4218/5286/127 4219/5290/486
f 4099/5291/493 4098/5287/121 4226/5288/121 4227/5292/493
f 4092/5293/137 4091/5289/486 4219/5290/486 4220/5294/137
f 4100/5220/264 4099/5291/493 4227/5292/493 4228/5221/264
f 4093/5268/414 4092/5293/137 4220/5294/137 4221/5269/414
f 4119/5295/118 4120/5296/118 4138/5297/118 4136/5298/118
f 4133/5299/118 4118/5300/118 4165/5301/118 4164/5302/118
f 4120/5296/118 4243/5303/118 4259/5304/118 4138/5297/118
f 4243/5303/118 4242/5305/118 4258/5306/118 4259/5304/118
f 4242/5305/118 4241/5307/118 4257/5308/118 4258/5306/118
f 4241/5307/118 4240/5309/118 4256/5310/118 4257/5308/118
f 4240/5309/118 4239/5311/118 4255/5312/118 4256/5310/118
f 4239/5311/118 4238/5313/118 4254/5314/118 4255/5312/118
f 4163/5315/437 4246/5316/437 4247/5317/120 4134/5318/120
f 4161/5319/264 4248/5320/264 4246/5316/437 4163/5315/437
f 4159/5321/493 4249/5322/493 4248/5320/264 4161/5319/264
f 4157/5323/121 4250/5324/121 4249/5322/493 4159/5321/493
f 4155/5325/479 4251/5326/479 4250/5324/121 4157/5323/121
f 4153/5327/136 4252/5328/136 4251/5326/479 4155/5325/479
f 4151/5329/389 4253/5330/389 4252/5328/136 4153/5327/136
f 4149/5331/122 4150/5332/122 4253/5330/389 4151/5329/389
f 4147/5333/414 4148/5334/414 4150/5332/122 4149/5331/122
f 4145/5335/137 4146/5336/137 4148/5334/414 4147/5333/414
f 4143/5337/486 4144/5338/486 4146/5336/137 4145/5335/137
f 4141/5339/127 4142/5340/127 4144/5338/486 4143/5337/486
f 4139/5341/500 4140/5342/500 4142/5340/127 4141/5339/127
f 4137/5343/283 4260/5344/283 4140/5342/500 4139/5341/500
f 4135/5345/460 4261/5346/460 4260/5344/283 4137/5343/283
f 4134/5318/120 4247/5317/120 4261/5346/460 4135/5345/460
f 4132/5347/118 4133/5299/118 4164/5302/118 4162/5348/118
f 4118/5300/118 4119/5295/118 4136/5298/118 4165/5301/118
f 4131/5349/118 4132/5347/118 4162/5348/118 4160/5350/118
f 4130/5351/118 4131/5349/118 4160/5350/118 4158/5352/118
f 4129/5353/118 4130/5351/118 4158/5352/118 4156/5354/118
f 4128/5355/118 4129/5353/118 4156/5354/118 4154/5356/118
f 4127/5357/118 4128/5355/118 4154/5356/118 4152/5358/118
f 4238/5313/118 4127/5357/118 4152/5358/118 4254/5314/118
f 4103/5359/118 4102/5360/118 4166/5361/118 4167/5362/118
f 4102/5360/118 4104/5363/118 4168/5364/118 4166/5361/118
f 4104/5363/118 4105/5365/118 4169/5366/118 4168/5364/118
f 4105/5365/118 4106/5367/118 4170/5368/118 4169/5366/118
f 4106/5367/118 4107/5369/118 4171/5370/118 4170/5368/118
f 4107/5369/118 4108/5371/118 4172/5372/118 4171/5370/118
f 4108/5371/118 4109/5373/118 4173/5374/118 4172/5372/118
f 4109/5373/118 4110/5375/118 4174/5376/118 4173/5374/118
f 4110/5375/118 4111/5377/118 4175/5378/118 4174/5376/118
f 4111/5377/118 4112/5379/118 4176/5380/118 4175/5378/118
f 4112/5379/118 4113/5381/118 4177/5382/118 4176/5380/118
f 4113/5381/118 4114/5383/118 4178/5384/118 4177/5382/118
f 4114/5383/118 4115/5385/118 4179/5386/118 4178/5384/118
f 4115/5385/118 4116/5387/118 4180/5388/118 4179/5386/118
f 4116/5387/118 4117/5389/118 4181/5390/118 4180/5388/118
f 4117/5389/118 4103/5359/118 4167/5362/118 4181/5390/118
f 4486/5391/747 4489/5392/747 4488/5393/748 4487/5394/749
f 4487/5394/749 4488/5393/748 4491/5395/750 4490/5396/751
f 4490/5396/751 4491/5395/750 4493/5397/752 4492/5398/753
f 4492/5398/753 4493/5397/752 4495/5399/754 4494/5400/755
f 4494/5400/755 4495/5399/754 4497/5401/756 4496/5402/757
f 4496/5402/757 4497/5401/756 4499/5403/758 4498/5404/758
f 4498/5404/758 4499/5403/758 4501/5405/759 4500/5406/760
f 4500/5406/760 4501/5405/759 4503/5407/761 4502/5408/762
f 4502/5408/762 4503/5407/761 4505/5409/763 4504/5410/764
f 4504/5410/764 4505/5409/763 4507/5411/765 4506/5412/766
f 4513/5413/127 4287/5414/282 4320/5415/767 4321/5416/768
f 4506/5412/766 4507/5411/765 4509/5417/769 4508/5418/770
f 4508/5418/770 4509/5417/769 4489/5392/747 4486/5391/747
f 4282/5419/119 4284/5420/119 4286/5421/119 4288/5422/119 4290/5423/119 4292/5424/119 4294/5425/119 4296/5426/119 4298/5427/119 4300/5428/119 4302/5429/119 4304/5430/119
f 4511/5431/771 4510/5432/772 4306/5433/772 4307/5434/771
f 4510/5432/772 4512/5435/773 4308/5436/773 4306/5433/772
f 4512/5435/773 4289/5437/774 4309/5438/774 4308/5436/773
f 4289/5437/774 4514/5439/775 4310/5440/775 4309/5438/774
f 4514/5439/775 4515/5441/776 4311/5442/776 4310/5440/775
f 4515/5441/776 4516/5443/777 4312/5444/777 4311/5442/776
f 4516/5443/777 4517/5445/778 4313/5446/778 4312/5444/777
f 4517/5445/778 4518/5447/779 4314/5448/779 4313/5446/778
f 4518/5447/779 4519/5449/780 4315/5450/780 4314/5448/779
f 4519/5449/780 4520/5451/781 4316/5452/781 4315/5450/780
f 4520/5451/781 4521/5453/782 4317/5454/782 4316/5452/781
f 4521/5453/782 4511/5431/771 4307/5434/771 4317/5454/782
f 4321/5416/768 4320/5415/767 4332/5455/783 4333/5456/784
f 4303/5457/265 4301/5458/121 4327/5459/785 4328/5460/786
f 4297/5461/271 4295/5462/122 4324/5463/787 4325/5464/788
f 4291/5465/277 4513/5413/127 4321/5416/768 4322/5466/789
f 4305/5467/263 4303/5457/265 4328/5460/786 4329/5468/790
f 4285/5469/284 4283/5470/120 4319/5471/791 4318/5472/792
f 4299/5473/270 4297/5461/271 4325/5464/788 4326/5474/793
f 4293/5475/276 4291/5465/277 4322/5466/789 4323/5476/794
f 4283/5470/120 4305/5467/263 4329/5468/790 4319/5471/791
f 4287/5414/282 4285/5469/284 4318/5472/792 4320/5415/767
f 4301/5458/121 4299/5473/270 4326/5474/793 4327/5459/785
f 4295/5462/122 4293/5475/276 4323/5476/794 4324/5463/787
f 4331/5477/795 4341/5478/796 4353/5479/797 4343/5480/798
f 4328/5460/786 4327/5459/785 4339/5481/799 4340/5482/800
f 4325/5464/788 4324/5463/787 4336/5483/801 4337/5484/802
f 4322/5466/789 4321/5416/768 4333/5456/784 4334/5485/803
f 4329/5468/790 4328/5460/786 4340/5482/800 4341/5478/796
f 4318/5472/792 4319/5471/791 4331/5477/795 4330/5486/804
f 4326/5474/793 4325/5464/788 4337/5484/802 4338/5487/805
f 4323/5476/794 4322/5466/789 4334/5485/803 4335/5488/806
f 4319/5471/791 4329/5468/790 4341/5478/796 4331/5477/795
f 4320/5415/767 4318/5472/792 4330/5486/804 4332/5455/783
f 4327/5459/785 4326/5474/793 4338/5487/805 4339/5481/799
f 4324/5463/787 4323/5476/794 4335/5488/806 4336/5483/801
f 4347/5489/807 4346/5490/808 4358/5491/809 4359/5492/810
f 4332/5455/783 4330/5486/804 4342/5493/811 4344/5494/812
f 4339/5481/799 4338/5487/805 4350/5495/813 4351/5496/814
f 4336/5483/801 4335/5488/806 4347/5489/807 4348/5497/138
f 4333/5456/784 4332/5455/783 4344/5494/812 4345/5498/815
f 4340/5482/800 4339/5481/799 4351/5496/814 4352/5499/816
f 4337/5484/802 4336/5483/801 4348/5497/138 4349/5500/817
f 4334/5485/803 4333/5456/784 4345/5498/815 4346/5490/808
f 4341/5478/796 4340/5482/800 4352/5499/816 4353/5479/797
f 4330/5486/804 4331/5477/795 4343/5480/798 4342/5493/811
f 4338/5487/805 4337/5484/802 4349/5500/817 4350/5495/813
f 4335/5488/806 4334/5485/803 4346/5490/808 4347/5489/807
f 4359/5492/810 4358/5491/809 4370/5501/818 4371/5502/819
f 4343/5480/798 4353/5479/797 4365/5503/820 4355/5504/821
f 4344/5494/812 4342/5493/811 4354/5505/822 4356/5506/823
f 4351/5496/814 4350/5495/813 4362/5507/824 4363/5508/825
f 4348/5497/138 4347/5489/807 4359/5492/810 4360/5509/826
f 4345/5498/815 4344/5494/812 4356/5506/823 4357/5510/827
f 4352/5499/816 4351/5496/814 4363/5508/825 4364/5511/828
f 4349/5500/817 4348/5497/138 4360/5509/826 4361/5512/829
f 4346/5490/808 4345/5498/815 4357/5510/827 4358/5491/809
f 4353/5479/797 4352/5499/816 4364/5511/828 4365/5503/820
f 4342/5493/811 4343/5480/798 4355/5504/821 4354/5505/822
f 4350/5495/813 4349/5500/817 4361/5512/829 4362/5507/824
f 4355/5504/821 4365/5503/820 4377/5513/830 4367/5514/831
f 4356/5506/823 4354/5505/822 4366/5515/832 4368/5516/833
f 4363/5508/825 4362/5507/824 4374/5517/834 4375/5518/835
f 4360/5509/826 4359/5492/810 4371/5502/819 4372/5519/836
f 4357/5510/827 4356/5506/823 4368/5516/833 4369/5520/837
f 4364/5511/828 4363/5508/825 4375/5518/835 4376/5521/838
f 4361/5512/829 4360/5509/826 4372/5519/836 4373/5522/839
f 4358/5491/809 4357/5510/827 4369/5520/837 4370/5501/818
f 4365/5503/820 4364/5511/828 4376/5521/838 4377/5513/830
f 4354/5505/822 4355/5504/821 4367/5514/831 4366/5515/832
f 4362/5507/824 4361/5512/829 4373/5522/839 4374/5517/834
f 4380/5523/840 4379/5524/841 4366/5515/832 4367/5514/831
f 4390/5525/842 4380/5523/840 4367/5514/831 4377/5513/830
f 4389/5526/843 4390/5525/842 4377/5513/830 4376/5521/838
f 4388/5527/844 4389/5526/843 4376/5521/838 4375/5518/835
f 4387/5528/845 4388/5527/844 4375/5518/835 4374/5517/834
f 4386/5529/846 4387/5528/845 4374/5517/834 4373/5522/839
f 4385/5530/847 4386/5529/846 4373/5522/839 4372/5519/836
f 4384/5531/848 4385/5530/847 4372/5519/836 4371/5502/819
f 4383/5532/849 4384/5531/848 4371/5502/819 4370/5501/818
f 4382/5533/850 4383/5532/849 4370/5501/818 4369/5520/837
f 4381/5534/851 4382/5533/850 4369/5520/837 4368/5516/833
f 4379/5524/841 4381/5534/851 4368/5516/833 4366/5515/832
f 4387/5528/845 4386/5529/846 4398/5535/852 4399/5536/853
f 4391/5537/854 4392/5538/855 4404/5539/139 4403/5540/856
f 4384/5531/848 4383/5532/849 4395/5541/857 4396/5542/858
f 4380/5523/840 4390/5525/842 4402/5543/859 4392/5538/855
f 4381/5534/851 4379/5524/841 4391/5537/854 4393/5544/860
f 4388/5527/844 4387/5528/845 4399/5536/853 4400/5545/861
f 4385/5530/847 4384/5531/848 4396/5542/858 4397/5546/862
f 4382/5533/850 4381/5534/851 4393/5544/860 4394/5547/863
f 4389/5526/843 4388/5527/844 4400/5545/861 4401/5548/864
f 4386/5529/846 4385/5530/847 4397/5546/862 4398/5535/852
f 4383/5532/849 4382/5533/850 4394/5547/863 4395/5541/857
f 4390/5525/842 4389/5526/843 4401/5548/864 4402/5543/859
f 4379/5524/841 4380/5523/840 4392/5538/855 4391/5537/854
f 4414/5549/865 4413/5550/866 4425/5551/867 4426/5552/868
f 4399/5536/853 4398/5535/852 4410/5553/869 4411/5554/870
f 4396/5542/858 4395/5541/857 4407/5555/871 4408/5556/872
f 4392/5538/855 4402/5543/859 4414/5549/865 4404/5539/139
f 4393/5544/860 4391/5537/854 4403/5540/856 4405/5557/873
f 4400/5545/861 4399/5536/853 4411/5554/870 4412/5558/874
f 4397/5546/862 4396/5542/858 4408/5556/872 4409/5559/875
f 4394/5547/863 4393/5544/860 4405/5557/873 4406/5560/876
f 4401/5548/864 4400/5545/861 4412/5558/874 4413/5550/866
f 4398/5535/852 4397/5546/862 4409/5559/875 4410/5553/869
f 4395/5541/857 4394/5547/863 4406/5560/876 4407/5555/871
f 4402/5543/859 4401/5548/864 4413/5550/866 4414/5549/865
f 4419/5561/877 4418/5562/878 4430/5563/879 4431/5564/880
f 4403/5540/856 4404/5539/139 4416/5565/881 4415/5566/882
f 4411/5554/870 4410/5553/869 4422/5567/883 4423/5568/884
f 4408/5556/872 4407/5555/871 4419/5561/877 4420/5569/885
f 4404/5539/139 4414/5549/865 4426/5552/868 4416/5565/881
f 4405/5557/873 4403/5540/856 4415/5566/882 4417/5570/886
f 4412/5558/874 4411/5554/870 4423/5568/884 4424/5571/887
f 4409/5559/875 4408/5556/872 4420/5569/885 4421/5572/888
f 4406/5560/876 4405/5557/873 4417/5570/886 4418/5562/878
f 4413/5550/866 4412/5558/874 4424/5571/887 4425/5551/867
f 4410/5553/869 4409/5559/875 4421/5572/888 4422/5567/883
f 4407/5555/871 4406/5560/876 4418/5562/878 4419/5561/877
f 4431/5564/880 4430/5563/879 4525/5573/127 4526/5574/282
f 4426/5552/868 4425/5551/867 4437/5575/889 4438/5576/890
f 4415/5566/882 4416/5565/881 4428/5577/891 4427/5578/892
f 4423/5568/884 4422/5567/883 4434/5579/893 4435/5580/894
f 4420/5569/885 4419/5561/877 4431/5564/880 4432/5581/895
f 4416/5565/881 4426/5552/868 4438/5576/890 4428/5577/891
f 4417/5570/886 4415/5566/882 4427/5578/892 4429/5582/896
f 4424/5571/887 4423/5568/884 4435/5580/894 4436/5583/897
f 4421/5572/888 4420/5569/885 4432/5581/895 4433/5584/898
f 4418/5562/878 4417/5570/886 4429/5582/896 4430/5563/879
f 4425/5551/867 4424/5571/887 4436/5583/897 4437/5575/889
f 4422/5567/883 4421/5572/888 4433/5584/898 4434/5579/893
f 4530/5585/118 4445/5586/118 4541/5587/118 4542/5588/118
f 4438/5576/890 4437/5575/889 4532/5589/270 4533/5590/271
f 4427/5578/892 4428/5577/891 4523/5591/122 4522/5592/276
f 4435/5580/894 4434/5579/893 4529/5593/263 4446/5594/265
f 4432/5581/895 4431/5564/880 4526/5574/282 4527/5595/284
f 4428/5577/891 4438/5576/890 4533/5590/271 4523/5591/122
f 4429/5582/896 4427/5578/892 4522/5592/276 4524/5596/277
f 4436/5583/897 4435/5580/894 4446/5594/265 4531/5597/121
f 4433/5584/898 4432/5581/895 4527/5595/284 4528/5598/120
f 4430/5563/879 4429/5582/896 4524/5596/277 4525/5573/127
f 4437/5575/889 4436/5583/897 4531/5597/121 4532/5589/270
f 4434/5579/893 4433/5584/898 4528/5598/120 4529/5593/263
f 4450/5599/119 4451/5600/119 4461/5601/119 4460/5602/119 4459/5603/119 4458/5604/119 4457/5605/119 4456/5606/119 4455/5607/119 4454/5608/119 4453/5609/119 4452/5610/119
f 4455/5607/119 4456/5606/119 4552/5611/119 4551/5612/119
f 4445/5586/118 4444/5613/118 4540/5614/118 4541/5587/118
f 4454/5608/119 4455/5607/119 4551/5612/119 4550/5615/119
f 4461/5601/119 4451/5600/119 4547/5616/119 4557/5617/119
f 4444/5613/118 4443/5618/118 4539/5619/118 4540/5614/118
f 4453/5609/119 4454/5608/119 4550/5615/119 4549/5620/119
f 4460/5602/119 4461/5601/119 4557/5617/119 4556/5621/119
f 4443/5618/118 4442/5622/118 4538/5623/118 4539/5619/118
f 4452/5610/119 4453/5609/119 4549/5620/119 4548/5624/119
f 4439/5625/118 4449/5626/118 4545/5627/118 4535/5628/118
f 4459/5603/119 4460/5602/119 4556/5621/119 4555/5629/119
f 4470/5630/265 4469/5631/263 4553/5632/263 4554/5633/265
f 4467/5634/284 4466/5635/282 4478/5636/282 4479/5637/284
f 4463/5638/122 4473/5639/271 4485/5640/271 4475/5641/122
f 4536/5642/277 4534/5643/276 4546/5644/276 4476/5645/277
f 4543/5646/121 4470/5630/265 4554/5633/265 4483/5647/121
f 4468/5648/120 4467/5634/284 4479/5637/284 4480/5649/120
f 4534/5643/276 4463/5638/122 4475/5641/122 4546/5644/276
f 4537/5650/127 4536/5642/277 4476/5645/277 4477/5651/127
f 4544/5652/270 4543/5646/121 4483/5647/121 4484/5653/270
f 4469/5631/263 4468/5648/120 4480/5649/120 4553/5632/263
f 4466/5635/282 4537/5650/127 4477/5651/127 4478/5636/282
f 4473/5639/271 4544/5652/270 4484/5653/270 4485/5640/271
f 4456/5606/119 4457/5605/119 4481/5654/119 4552/5611/119
f 4378/5655/118 4439/5625/118 4535/5628/118 4462/5656/118
f 4447/5657/118 4530/5585/118 4542/5588/118 4471/5658/118
f 4440/5659/118 4378/5655/118 4462/5656/118 4464/5660/118
f 4457/5605/119 4458/5604/119 4482/5661/119 4481/5654/119
f 4448/5662/118 4447/5657/118 4471/5658/118 4472/5663/118
f 4451/5600/119 4450/5599/119 4474/5664/119 4547/5616/119
f 4441/5665/118 4440/5659/118 4464/5660/118 4465/5666/118
f 4458/5604/119 4459/5603/119 4555/5629/119 4482/5661/119
f 4449/5626/118 4448/5662/118 4472/5663/118 4545/5627/118
f 4450/5599/119 4452/5610/119 4548/5624/119 4474/5664/119
f 4442/5622/118 4441/5665/118 4465/5666/118 4538/5623/118
f 4632/5667/120 4635/5668/120 4634/5669/284 4633/5670/284
f 4633/5670/284 4634/5669/284 4637/5671/282 4636/5672/282
f 4636/5672/282 4637/5671/282 4639/5673/127 4638/5674/127
f 4638/5674/127 4639/5673/127 4641/5675/277 4640/5676/277
f 4640/5676/277 4641/5675/277 4643/5677/276 4642/5678/276
f 4642/5678/276 4643/5677/276 4645/5679/122 4644/5680/122
f 4644/5680/122 4645/5679/122 4647/5681/271 4646/5682/271
f 4646/5682/271 4647/5681/271 4649/5683/270 4648/5684/270
f 4648/5684/270 4649/5683/270 4651/5685/121 4650/5686/121
f 4650/5686/121 4651/5685/121 4653/5687/265 4652/5688/265
f 4652/5688/265 4653/5687/265 4570/5689/263 4654/5690/263
f 4654/5690/263 4570/5689/263 4635/5668/120 4632/5667/120
f 4559/5691/899 4657/5692/900 4669/5693/900 4584/5694/899
f 4656/5695/119 4655/5696/119 4571/5697/119 4572/5698/119
f 4560/5699/119 4656/5695/119 4572/5698/119 4573/5700/119
f 4658/5701/119 4560/5699/119 4573/5700/119 4574/5702/119
f 4659/5703/119 4658/5701/119 4574/5702/119 4575/5704/119
f 4660/5705/119 4659/5703/119 4575/5704/119 4576/5706/119
f 4661/5707/119 4660/5705/119 4576/5706/119 4577/5708/119
f 4662/5709/119 4661/5707/119 4577/5708/119 4578/5710/119
f 4663/5711/119 4662/5709/119 4578/5710/119 4579/5712/119
f 4664/5713/119 4663/5711/119 4579/5712/119 4580/5714/119
f 4665/5715/119 4664/5713/119 4580/5714/119 4581/5716/119
f 4666/5717/119 4665/5715/119 4581/5716/119 4582/5718/119
f 4655/5696/119 4666/5717/119 4582/5718/119 4571/5697/119
f 4667/5719/119 4668/5720/119 4585/5721/119 4670/5722/119 4671/5723/119 4672/5724/119 4673/5725/119 4674/5726/119 4675/5727/119 4676/5728/119 4677/5729/119 4678/5730/119
f 4566/5731/901 4567/5732/902 4592/5733/902 4591/5734/901
f 4563/5735/903 4564/5736/904 4589/5737/904 4588/5738/903
f 4657/5692/900 4561/5739/905 4586/5740/905 4669/5693/900
f 4567/5732/902 4568/5741/906 4593/5742/906 4592/5733/902
f 4564/5736/904 4565/5743/907 4590/5744/907 4589/5737/904
f 4561/5739/905 4562/5745/908 4587/5746/908 4586/5740/905
f 4568/5741/906 4569/5747/909 4594/5748/909 4593/5742/906
f 4558/5749/910 4559/5691/899 4584/5694/899 4583/5750/910
f 4565/5743/907 4566/5731/901 4591/5734/901 4590/5744/907
f 4562/5745/908 4563/5735/903 4588/5738/903 4587/5746/908
f 4569/5747/909 4558/5749/910 4583/5750/910 4594/5748/909
f 4679/5751/120 4680/5752/263 4681/5753/263 4682/5754/120
f 4680/5752/263 4683/5755/265 4684/5756/265 4681/5753/263
f 4683/5755/265 4685/5757/121 4686/5758/121 4684/5756/265
f 4685/5757/121 4687/5759/270 4688/5760/270 4686/5758/121
f 4687/5759/270 4689/5761/271 4690/5762/271 4688/5760/270
f 4689/5761/271 4691/5763/122 4692/5764/122 4690/5762/271
f 4691/5763/122 4693/5765/276 4694/5766/276 4692/5764/122
f 4693/5765/276 4695/5767/277 4696/5768/277 4694/5766/276
f 4695/5767/277 4697/5769/127 4698/5770/127 4696/5768/277
f 4697/5769/127 4699/5771/282 4700/5772/282 4698/5770/127
f 4699/5771/282 4701/5773/284 4607/5774/284 4700/5772/282
f 4701/5773/284 4679/5751/120 4682/5754/120 4607/5774/284
f 4596/5775/909 4621/5776/909 4716/5777/906 4704/5778/906
f 4703/5779/119 4609/5780/119 4608/5781/119 4702/5782/119
f 4597/5783/119 4610/5784/119 4609/5780/119 4703/5779/119
f 4705/5785/119 4611/5786/119 4610/5784/119 4597/5783/119
f 4706/5787/119 4612/5788/119 4611/5786/119 4705/5785/119
f 4707/5789/119 4613/5790/119 4612/5788/119 4706/5787/119
f 4708/5791/119 4614/5792/119 4613/5790/119 4707/5789/119
f 4709/5793/119 4615/5794/119 4614/5792/119 4708/5791/119
f 4710/5795/119 4616/5796/119 4615/5794/119 4709/5793/119
f 4711/5797/119 4617/5798/119 4616/5796/119 4710/5795/119
f 4712/5799/119 4618/5800/119 4617/5798/119 4711/5797/119
f 4713/5801/119 4619/5802/119 4618/5800/119 4712/5799/119
f 4702/5782/119 4608/5781/119 4619/5802/119 4713/5801/119
f 4714/5803/119 4725/5804/119 4724/5805/119 4723/5806/119 4722/5807/119 4721/5808/119 4720/5809/119 4719/5810/119 4718/5811/119 4717/5812/119 4622/5813/119 4715/5814/119
f 4603/5815/908 4628/5816/908 4629/5817/905 4604/5818/905
f 4600/5819/907 4625/5820/907 4626/5821/904 4601/5822/904
f 4704/5778/906 4716/5777/906 4623/5823/902 4598/5824/902
f 4604/5818/905 4629/5817/905 4630/5825/900 4605/5826/900
f 4601/5822/904 4626/5821/904 4627/5827/903 4602/5828/903
f 4598/5824/902 4623/5823/902 4624/5829/901 4599/5830/901
f 4605/5826/900 4630/5825/900 4631/5831/899 4606/5832/899
f 4595/5833/910 4620/5834/910 4621/5776/909 4596/5775/909
f 4602/5828/903 4627/5827/903 4628/5816/908 4603/5815/908
f 4599/5830/901 4624/5829/901 4625/5820/907 4600/5819/907
f 4606/5832/899 4631/5831/899 4620/5834/910 4595/5833/910
f 4726/5835/118 4727/5836/911 4729/5837/912 4728/5838/913
f 4728/5838/913 4729/5837/912 4731/5839/914 4730/5840/915
f 4730/5840/915 4731/5839/914 4733/5841/916 4732/5842/917
f 4732/5842/917 4733/5841/916 4735/5843/918 4734/5844/919
f 4734/5844/919 4735/5843/918 4737/5845/920 4736/5846/921
f 4736/5846/921 4737/5845/920 4739/5847/922 4738/5848/119
f 4738/5848/119 4739/5847/922 4741/5849/923 4740/5850/924
f 4740/5850/924 4741/5849/923 4743/5851/925 4742/5852/926
f 4742/5852/926 4743/5851/925 4745/5853/927 4744/5854/928
f 4744/5854/928 4745/5853/927 4747/5855/929 4746/5856/930
f 4747/5857/929 4745/5858/927 4759/5859/931 4760/5860/932
f 4746/5856/930 4747/5855/929 4749/5861/933 4748/5862/934
f 4748/5862/934 4749/5861/933 4727/5836/911 4726/5835/118
f 4745/5858/927 4743/5863/925 4758/5864/935 4759/5859/931
f 4743/5863/925 4741/5865/923 4757/5866/936 4758/5864/935
f 4741/5865/923 4739/5867/922 4756/5868/937 4757/5866/936
f 4739/5867/922 4737/5869/920 4755/5870/938 4756/5868/937
f 4737/5869/920 4735/5871/918 4754/5872/939 4755/5870/938
f 4735/5871/918 4733/5873/916 4753/5874/940 4754/5872/939
f 4727/5875/911 4749/5876/933 4761/5877/941 4751/5878/942
f 4729/5879/912 4727/5875/911 4751/5878/942 4750/5880/943
f 4733/5873/916 4731/5881/914 4752/5882/944 4753/5874/940
f 4749/5876/933 4747/5857/929 4760/5860/932 4761/5877/941
f 4731/5881/914 4729/5879/912 4750/5880/943 4752/5882/944
f 4752/5882/944 4750/5880/943 4763/5883/945 4769/5884/946
f 4762/5885/947 4766/5886/948 4795/5887/949 4792/5888/950 4789/5889/951 4786/5890/952 4783/5891/953 4780/5892/954 4777/5893/955 4774/5894/956 4771/5895/957 4768/5896/958
f 4759/5859/931 4758/5864/935 4787/5897/959 4790/5898/960
f 4756/5868/937 4755/5870/938 4778/5899/961 4781/5900/962
f 4753/5874/940 4752/5882/944 4769/5884/946 4772/5901/963
f 4751/5878/942 4761/5877/941 4796/5902/964 4765/5903/965
f 4760/5860/932 4759/5859/931 4790/5898/960 4793/5904/966
f 4757/5866/936 4756/5868/937 4781/5900/962 4784/5905/967
f 4754/5872/939 4753/5874/940 4772/5901/963 4775/5906/968
f 4761/5877/941 4760/5860/932 4793/5904/966 4796/5902/964
f 4758/5864/935 4757/5866/936 4784/5905/967 4787/5897/959
f 4755/5870/938 4754/5872/939 4775/5906/968 4778/5899/961
f 4763/5883/945 4765/5903/965 4767/5907/969 4764/5908/970
f 4764/5908/970 4767/5907/969 4766/5886/948 4762/5885/947
f 4769/5884/946 4763/5883/945 4764/5908/970 4770/5909/971
f 4770/5909/971 4764/5908/970 4762/5885/947 4768/5896/958
f 4772/5901/963 4769/5884/946 4770/5909/971 4773/5910/972
f 4773/5910/972 4770/5909/971 4768/5896/958 4771/5895/957
f 4775/5906/968 4772/5901/963 4773/5910/972 4776/5911/973
f 4776/5911/973 4773/5910/972 4771/5895/957 4774/5894/956
f 4778/5899/961 4775/5906/968 4776/5911/973 4779/5912/974
f 4779/5912/974 4776/5911/973 4774/5894/956 4777/5893/955
f 4781/5900/962 4778/5899/961 4779/5912/974 4782/5913/975
f 4782/5913/975 4779/5912/974 4777/5893/955 4780/5892/954
f 4784/5905/967 4781/5900/962 4782/5913/975 4785/5914/976
f 4785/5914/976 4782/5913/975 4780/5892/954 4783/5891/953
f 4787/5897/959 4784/5905/967 4785/5914/976 4788/5915/977
f 4788/5915/977 4785/5914/976 4783/5891/953 4786/5890/952
f 4790/5898/960 4787/5897/959 4788/5915/977 4791/5916/978
f 4791/5916/978 4788/5915/977 4786/5890/952 4789/5889/951
f 4793/5904/966 4790/5898/960 4791/5916/978 4794/5917/979
f 4794/5917/979 4791/5916/978 4789/5889/951 4792/5888/950
f 4796/5902/964 4793/5904/966 4794/5917/979 4797/5918/980
f 4797/5918/980 4794/5917/979 4792/5888/950 4795/5887/949
f 4765/5903/965 4796/5902/964 4797/5918/980 4767/5907/969
f 4767/5907/969 4797/5918/980 4795/5887/949 4766/5886/948
f 4750/5880/943 4751/5878/942 4765/5903/965 4763/5883/945
f 4798/5919/118 4800/5920/981 4801/5921/982 4799/5922/983
f 4800/5920/981 4802/5923/984 4803/5924/985 4801/5921/982
f 4802/5923/984 4804/5925/986 4805/5926/987 4803/5924/985
f 4804/5925/986 4806/5927/988 4807/5928/989 4805/5926/987
f 4806/5927/988 4808/5929/990 4809/5930/991 4807/5928/989
f 4808/5929/990 4810/5931/119 4811/5932/992 4809/5930/991
f 4810/5931/119 4812/5933/993 4813/5934/994 4811/5932/992
f 4812/5933/993 4814/5935/995 4815/5936/996 4813/5934/994
f 4814/5935/995 4816/5937/997 4817/5938/998 4815/5936/996
f 4816/5937/997 4818/5939/999 4819/5940/1000 4817/5938/998
f 4819/5941/1000 4832/5942/1001 4831/5943/1002 4817/5944/998
f 4818/5939/999 4820/5945/1003 4821/5946/1004 4819/5940/1000
f 4820/5945/1003 4798/5919/118 4799/5922/983 4821/5946/1004
f 4817/5944/998 4831/5943/1002 4830/5947/1005 4815/5948/996
f 4815/5948/996 4830/5947/1005 4829/5949/1006 4813/5950/994
f 4813/5950/994 4829/5949/1006 4828/5951/1007 4811/5952/992
f 4811/5952/992 4828/5951/1007 4827/5953/1008 4809/5954/991
f 4809/5954/991 4827/5953/1008 4826/5955/1009 4807/5956/989
f 4807/5956/989 4826/5955/1009 4825/5957/1010 4805/5958/987
f 4799/5959/983 4823/5960/1011 4833/5961/1012 4821/5962/1004
f 4801/5963/982 4822/5964/1013 4823/5960/1011 4799/5959/983
f 4805/5958/987 4825/5957/1010 4824/5965/1014 4803/5966/985
f 4821/5962/1004 4833/5961/1012 4832/5942/1001 4819/5941/1000
f 4803/5966/985 4824/5965/1014 4822/5964/1013 4801/5963/982
f 4824/5965/1014 4841/5967/1015 4835/5968/1016 4822/5964/1013
f 4834/5969/1017 4840/5970/1018 4843/5971/1019 4846/5972/1020 4849/5973/1021 4852/5974/1022 4855/5975/1023 4858/5976/1024 4861/5977/1025 4864/5978/1026 4867/5979/1027 4838/5980/1028
f 4831/5943/1002 4862/5981/1029 4859/5982/1030 4830/5947/1005
f 4828/5951/1007 4853/5983/1031 4850/5984/1032 4827/5953/1008
f 4825/5957/1010 4844/5985/1033 4841/5967/1015 4824/5965/1014
f 4823/5960/1011 4837/5986/1034 4868/5987/1035 4833/5961/1012
f 4832/5942/1001 4865/5988/1036 4862/5981/1029 4831/5943/1002
f 4829/5949/1006 4856/5989/1037 4853/5983/1031 4828/5951/1007
f 4826/5955/1009 4847/5990/1038 4844/5985/1033 4825/5957/1010
f 4833/5961/1012 4868/5987/1035 4865/5988/1036 4832/5942/1001
f 4830/5947/1005 4859/5982/1030 4856/5989/1037 4829/5949/1006
f 4827/5953/1008 4850/5984/1032 4847/5990/1038 4826/5955/1009
f 4835/5968/1016 4836/5991/1039 4839/5992/1040 4837/5986/1034
f 4836/5991/1039 4834/5969/1017 4838/5980/1028 4839/5992/1040
f 4841/5967/1015 4842/5993/1041 4836/5991/1039 4835/5968/1016
f 4842/5993/1041 4840/5970/1018 4834/5969/1017 4836/5991/1039
f 4844/5985/1033 4845/5994/1042 4842/5993/1041 4841/5967/1015
f 4845/5994/1042 4843/5971/1019 4840/5970/1018 4842/5993/1041
f 4847/5990/1038 4848/5995/1043 4845/5994/1042 4844/5985/1033
f 4848/5995/1043 4846/5972/1020 4843/5971/1019 4845/5994/1042
f 4850/5984/1032 4851/5996/1044 4848/5995/1043 4847/5990/1038
f 4851/5996/1044 4849/5973/1021 4846/5972/1020 4848/5995/1043
f 4853/5983/1031 4854/5997/1045 4851/5996/1044 4850/5984/1032
f 4854/5997/1045 4852/5974/1022 4849/5973/1021 4851/5996/1044
f 4856/5989/1037 4857/5998/1046 4854/5997/1045 4853/5983/1031
f 4857/5998/1046 4855/5975/1023 4852/5974/1022 4854/5997/1045
f 4859/5982/1030 4860/5999/1047 4857/5998/1046 4856/5989/1037
f 4860/5999/1047 4858/5976/1024 4855/5975/1023 4857/5998/1046
f 4862/5981/1029 4863/6000/1048 4860/5999/1047 4859/5982/1030
f 4863/6000/1048 4861/5977/1025 4858/5976/1024 4860/5999/1047
f 4865/5988/1036 4866/6001/1049 4863/6000/1048 4862/5981/1029
f 4866/6001/1049 4864/5978/1026 4861/5977/1025 4863/6000/1048
f 4868/5987/1035 4869/6002/1050 4866/6001/1049 4865/5988/1036
f 4869/6002/1050 4867/5979/1027 4864/5978/1026 4866/6001/1049
f 4837/5986/1034 4839/5992/1040 4869/6002/1050 4868/5987/1035
f 4839/5992/1040 4838/5980/1028 4867/5979/1027 4869/6002/1050
f 4822/5964/1013 4835/5968/1016 4837/5986/1034 4823/5960/1011
f 4990/6003/1051 4993/6004/1051 4992/6005/1052 4991/6006/1053
f 4991/6006/1053 4992/6005/1052 4995/6007/1054 4994/6008/1055
f 4994/6008/1055 4995/6007/1054 4997/6009/1056 4996/6010/1057
f 4996/6010/1057 4997/6009/1056 4999/6011/1058 4998/6012/1059
f 4998/6012/1059 4999/6011/1058 5001/6013/1060 5000/6014/1061
f 5000/6014/1061 5001/6013/1060 5003/6015/1062 5002/6016/1062
f 5002/6016/1062 5003/6015/1062 5005/6017/1063 5004/6018/1064
f 5004/6018/1064 5005/6017/1063 5007/6019/1065 5006/6020/1066
f 5006/6020/1066 5007/6019/1065 5009/6021/1067 5008/6022/1068
f 5008/6022/1068 5009/6021/1067 5011/6023/1069 5010/6024/1070
f 5017/6025/1071 4875/6026/1072 4908/6027/1073 4909/6028/1074
f 5010/6024/1070 5011/6023/1069 5013/6029/1075 5012/6030/1076
f 5012/6030/1076 5013/6029/1075 4993/6004/1051 4990/6003/1051
f 4870/6031/119 4872/6032/119 4874/6033/119 4876/6034/119 4878/6035/119 4880/6036/119 4882/6037/119 4884/6038/119 4886/6039/119 4888/6040/119 4890/6041/119 4892/6042/119
f 5015/6043/1077 5014/6044/1078 4894/6045/1078 4895/6046/1077
f 5014/6044/1078 5016/6047/1079 4896/6048/1079 4894/6045/1078
f 5016/6047/1079 4877/6049/1080 4897/6050/1080 4896/6048/1079
f 4877/6049/1080 5018/6051/1081 4898/6052/1081 4897/6050/1080
f 5018/6051/1081 5019/6053/1082 4899/6054/1082 4898/6052/1081
f 5019/6053/1082 5020/6055/1083 4900/6056/1083 4899/6054/1082
f 5020/6055/1083 5021/6057/1084 4901/6058/1084 4900/6056/1083
f 5021/6057/1084 5022/6059/1085 4902/6060/1085 4901/6058/1084
f 5022/6059/1085 5023/6061/1086 4903/6062/1086 4902/6060/1085
f 5023/6061/1086 5024/6063/1087 4904/6064/1087 4903/6062/1086
f 5024/6063/1087 5025/6065/1088 4905/6066/1088 4904/6064/1087
f 5025/6065/1088 5015/6043/1077 4895/6046/1077 4905/6066/1088
f 4891/6067/1089 4889/6068/1090 4915/6069/1091 4916/6070/1092
f 4885/6071/1093 4883/6072/1094 5026/6073/1094 4913/6074/1095
f 4879/6075/1096 5017/6025/1071 4909/6028/1074 4910/6076/1097
f 4893/6077/1098 4891/6067/1089 4916/6070/1092 4917/6078/1099
f 4873/6079/1100 4871/6080/1101 4907/6081/1102 4906/6082/1103
f 4887/6083/1104 4885/6071/1093 4913/6074/1095 4914/6084/1105
f 4881/6085/1106 4879/6075/1096 4910/6076/1097 4911/6086/1107
f 4871/6080/1101 4893/6077/1098 4917/6078/1099 4907/6081/1102
f 4875/6026/1072 4873/6079/1100 4906/6082/1103 4908/6027/1073
f 4889/6068/1090 4887/6083/1104 4914/6084/1105 4915/6069/1091
f 4883/6072/1094 4881/6085/1106 4911/6086/1107 5026/6073/1094
f 4921/6087/1108 4922/6088/1109 4976/6089/1110 4979/6090/1111
f 4924/6091/1112 4925/6092/1113 4967/6093/1114 4970/6094/1115
f 4954/6095/1116 4957/6096/1117 4987/6097/1118 4984/6098/1119 4981/6099/1120 4978/6100/1121 4975/6101/1122 4972/6102/1123 4969/6103/1124 4966/6104/1125 4963/6105/1126 4960/6106/1127
f 4920/6107/1128 4921/6087/1108 4979/6090/1111 4982/6108/1129
f 4923/6109/1130 4924/6091/1112 4970/6094/1115 4973/6110/1131
f 4926/6111/1132 4927/6112/1133 4961/6113/1134 4964/6114/1135
f 4929/6115/1136 4928/6116/1137 4958/6117/1138 4955/6118/1139
f 4919/6119/1140 4920/6107/1128 4982/6108/1129 4985/6120/1141
f 4922/6088/1109 4923/6109/1130 4973/6110/1131 4976/6089/1110
f 4925/6092/1113 4926/6111/1132 4964/6114/1135 4967/6093/1114
f 4928/6116/1137 4918/6121/1142 4988/6122/1143 4958/6117/1138
f 4936/6123/1144 4935/6124/1145 4924/6091/1112 4923/6109/1130
f 4939/6125/1146 4938/6126/1147 4921/6087/1108 4920/6107/1128
f 4932/6127/1148 4930/6128/1149 4929/6115/1136 4927/6112/1133
f 4931/6129/1150 4941/6130/1151 4918/6121/1142 4928/6116/1137
f 4935/6124/1145 4934/6131/1152 4925/6092/1113 4924/6091/1112
f 4938/6126/1147 4937/6132/1153 4922/6088/1109 4921/6087/1108
f 4930/6128/1149 4931/6129/1150 4928/6116/1137 4929/6115/1136
f 4941/6130/1151 4940/6133/1154 4919/6119/1140 4918/6121/1142
f 4934/6131/1152 4933/6134/1155 4926/6111/1132 4925/6092/1113
f 4937/6132/1153 4936/6123/1144 4923/6109/1130 4922/6088/1109
f 4940/6133/1154 4939/6125/1146 4920/6107/1128 4919/6119/1140
f 4918/6121/1142 4919/6119/1140 4985/6120/1141 4988/6122/1143
f 4949/6135/1156 4950/6136/1157 4933/6134/1155 4934/6131/1152
f 4942/6137/1158 4943/6138/1159 4940/6133/1154 4941/6130/1151
f 4953/6139/1160 4952/6140/1161 4931/6129/1150 4930/6128/1149
f 4945/6141/1162 4946/6142/1163 4937/6132/1153 4938/6126/1147
f 4948/6143/1164 4949/6135/1156 4934/6131/1152 4935/6124/1145
f 4952/6140/1161 4942/6137/1158 4941/6130/1151 4931/6129/1150
f 4951/6144/1165 4953/6139/1160 4930/6128/1149 4932/6127/1148
f 4944/6145/1166 4945/6141/1162 4938/6126/1147 4939/6125/1146
f 4947/6146/1167 4948/6143/1164 4935/6124/1145 4936/6123/1144
f 4950/6136/1157 4951/6144/1165 4932/6127/1148 4933/6134/1155
f 4943/6138/1159 4944/6145/1166 4939/6125/1146 4940/6133/1154
f 4933/6134/1155 4932/6127/1148 4927/6112/1133 4926/6111/1132
f 4916/6070/1092 4915/6069/1091 4944/6145/1166 4943/6138/1159
f 4909/6028/1074 4908/6027/1073 4951/6144/1165 4950/6136/1157
f 4912/6147/1168 4911/6086/1107 4948/6143/1164 4947/6146/1167
f 4915/6069/1091 4914/6084/1105 4945/6141/1162 4944/6145/1166
f 4908/6027/1073 4906/6082/1103 4953/6139/1160 4951/6144/1165
f 4907/6081/1102 4917/6078/1099 4942/6137/1158 4952/6140/1161
f 4911/6086/1107 4910/6076/1097 4949/6135/1156 4948/6143/1164
f 4914/6084/1105 4913/6074/1095 4946/6142/1163 4945/6141/1162
f 4906/6082/1103 4907/6081/1102 4952/6140/1161 4953/6139/1160
f 4917/6078/1099 4916/6070/1092 4943/6138/1159 4942/6137/1158
f 4910/6076/1097 4909/6028/1074 4950/6136/1157 4949/6135/1156
f 4946/6142/1163 4947/6146/1167 4936/6123/1144 4937/6132/1153
f 4913/6074/1095 4912/6147/1168 4947/6146/1167 4946/6142/1163
f 4955/6118/1139 4958/6117/1138 5027/6148/1169 5028/6149/1170
f 4956/6150/1171 4959/6151/1172 4957/6096/1117 4954/6095/1116
f 4961/6113/1134 4955/6118/1139 5028/6149/1170 5029/6152/1173
f 4962/6153/1174 4956/6150/1171 4954/6095/1116 4960/6106/1127
f 4964/6114/1135 4961/6113/1134 5029/6152/1173 5030/6154/1175
f 4965/6155/1176 4962/6153/1174 4960/6106/1127 4963/6105/1126
f 4967/6093/1114 4964/6114/1135 5030/6154/1175 5031/6156/1177
f 4968/6157/1178 4965/6155/1176 4963/6105/1126 4966/6104/1125
f 4970/6094/1115 4967/6093/1114 5031/6156/1177 5032/6158/1179
f 4971/6159/1180 4968/6157/1178 4966/6104/1125 4969/6103/1124
f 4973/6110/1131 4970/6094/1115 5032/6158/1179 5033/6160/1181
f 4974/6161/1182 4971/6159/1180 4969/6103/1124 4972/6102/1123
f 4976/6089/1110 4973/6110/1131 5033/6160/1181 5034/6162/1183
f 4977/6163/1184 4974/6161/1182 4972/6102/1123 4975/6101/1122
f 4979/6090/1111 4976/6089/1110 5034/6162/1183 5035/6164/1185
f 4980/6165/1186 4977/6163/1184 4975/6101/1122 4978/6100/1121
f 4982/6108/1129 4979/6090/1111 5035/6164/1185 5036/6166/1187
f 4983/6167/1188 4980/6165/1186 4978/6100/1121 4981/6099/1120
f 4985/6120/1141 4982/6108/1129 5036/6166/1187 5037/6168/1189
f 4986/6169/1190 4983/6167/1188 4981/6099/1120 4984/6098/1119
f 4988/6122/1143 4985/6120/1141 5037/6168/1189 5038/6170/1191
f 4989/6171/1192 4986/6169/1190 4984/6098/1119 4987/6097/1118
f 4958/6117/1138 4988/6122/1143 5038/6170/1191 5027/6148/1169
f 4959/6151/1172 4989/6171/1192 4987/6097/1118 4957/6096/1117
f 4927/6112/1133 4929/6115/1136 4955/6118/1139 4961/6113/1134
f 5159/6172/1193 5160/6173/1194 5161/6174/1195 5162/6175/1193
f 5160/6173/1194 5163/6176/1196 5164/6177/1197 5161/6174/1195
f 5163/6176/1196 5165/6178/1198 5166/6179/1199 5164/6177/1197
f 5165/6178/1198 5167/6180/1200 5168/6181/1201 5166/6179/1199
f 5167/6180/1200 5169/6182/1202 5170/6183/1203 5168/6181/1201
f 5169/6182/1202 5171/6184/1204 5172/6185/1204 5170/6183/1203
f 5171/6184/1204 5173/6186/1205 5174/6187/1206 5172/6185/1204
f 5173/6186/1205 5175/6188/1207 5176/6189/1208 5174/6187/1206
f 5175/6188/1207 5177/6190/1209 5178/6191/1210 5176/6189/1208
f 5177/6190/1209 5179/6192/1211 5180/6193/1212 5178/6191/1210
f 5186/6194/1213 5078/6195/1214 5077/6196/1215 5044/6197/1216
f 5179/6192/1211 5181/6198/1217 5182/6199/1218 5180/6193/1212
f 5181/6198/1217 5159/6172/1193 5162/6175/1193 5182/6199/1218
f 5039/6200/119 5061/6201/119 5059/6202/119 5057/6203/119 5055/6204/119 5053/6205/119 5051/6206/119 5049/6207/119 5047/6208/119 5045/6209/119 5043/6210/119 5041/6211/119
f 5184/6212/1219 5064/6213/1219 5063/6214/1220 5183/6215/1220
f 5183/6215/1220 5063/6214/1220 5065/6216/1221 5185/6217/1221
f 5185/6217/1221 5065/6216/1221 5066/6218/1222 5046/6219/1222
f 5046/6219/1222 5066/6218/1222 5067/6220/1223 5187/6221/1223
f 5187/6221/1223 5067/6220/1223 5068/6222/1224 5188/6223/1224
f 5188/6223/1224 5068/6222/1224 5069/6224/1225 5189/6225/1225
f 5189/6225/1225 5069/6224/1225 5070/6226/1226 5190/6227/1226
f 5190/6227/1226 5070/6226/1226 5071/6228/1227 5191/6229/1227
f 5191/6229/1227 5071/6228/1227 5072/6230/1228 5192/6231/1228
f 5192/6231/1228 5072/6230/1228 5073/6232/1229 5193/6233/1229
f 5193/6233/1229 5073/6232/1229 5074/6234/1230 5194/6235/1230
f 5194/6235/1230 5074/6234/1230 5064/6213/1219 5184/6212/1219
f 5060/6236/1231 5085/6237/1232 5084/6238/1233 5058/6239/1234
f 5054/6240/1235 5082/6241/1236 5195/6242/1237 5052/6243/1237
f 5048/6244/1238 5079/6245/1239 5078/6195/1214 5186/6194/1213
f 5062/6246/1240 5086/6247/1241 5085/6237/1232 5060/6236/1231
f 5042/6248/1242 5075/6249/1243 5076/6250/1244 5040/6251/1245
f 5056/6252/1246 5083/6253/1247 5082/6241/1236 5054/6240/1235
f 5050/6254/1248 5080/6255/1249 5079/6245/1239 5048/6244/1238
f 5040/6251/1245 5076/6250/1244 5086/6247/1241 5062/6246/1240
f 5044/6197/1216 5077/6196/1215 5075/6249/1243 5042/6248/1242
f 5058/6239/1234 5084/6238/1233 5083/6253/1247 5056/6252/1246
f 5052/6243/1237 5195/6242/1237 5080/6255/1249 5050/6254/1248
f 5090/6256/1250 5148/6257/1251 5145/6258/1252 5091/6259/1253
f 5093/6260/1254 5139/6261/1255 5136/6262/1256 5094/6263/1257
f 5123/6264/1258 5129/6265/1259 5132/6266/1260 5135/6267/1261 5138/6268/1262 5141/6269/1263 5144/6270/1264 5147/6271/1265 5150/6272/1266 5153/6273/1267 5156/6274/1268 5126/6275/1269
f 5089/6276/1270 5151/6277/1271 5148/6257/1251 5090/6256/1250
f 5092/6278/1272 5142/6279/1273 5139/6261/1255 5093/6260/1254
f 5095/6280/1274 5133/6281/1275 5130/6282/1276 5096/6283/1277
f 5098/6284/1278 5124/6285/1279 5127/6286/1280 5097/6287/1281
f 5088/6288/1282 5154/6289/1283 5151/6277/1271 5089/6276/1270
f 5091/6259/1253 5145/6258/1252 5142/6279/1273 5092/6278/1272
f 5094/6263/1257 5136/6262/1256 5133/6281/1275 5095/6280/1274
f 5097/6287/1281 5127/6286/1280 5157/6290/1284 5087/6291/1285
f 5105/6292/1286 5092/6278/1272 5093/6260/1254 5104/6293/1287
f 5108/6294/1288 5089/6276/1270 5090/6256/1250 5107/6295/1289
f 5101/6296/1290 5096/6283/1277 5098/6284/1278 5099/6297/1291
f 5100/6298/1292 5097/6287/1281 5087/6291/1285 5110/6299/1293
f 5104/6293/1287 5093/6260/1254 5094/6263/1257 5103/6300/1294
f 5107/6295/1289 5090/6256/1250 5091/6259/1253 5106/6301/1295
f 5099/6297/1291 5098/6284/1278 5097/6287/1281 5100/6298/1292
f 5110/6299/1293 5087/6291/1285 5088/6288/1282 5109/6302/1296
f 5103/6300/1294 5094/6263/1257 5095/6280/1274 5102/6303/1297
f 5106/6301/1295 5091/6259/1253 5092/6278/1272 5105/6292/1286
f 5109/6302/1296 5088/6288/1282 5089/6276/1270 5108/6294/1288
f 5087/6291/1285 5157/6290/1284 5154/6289/1283 5088/6288/1282
f 5118/6304/1298 5103/6300/1294 5102/6303/1297 5119/6305/1299
f 5111/6306/1300 5110/6299/1293 5109/6302/1296 5112/6307/1301
f 5122/6308/1302 5099/6297/1291 5100/6298/1292 5121/6309/1303
f 5114/6310/1304 5107/6295/1289 5106/6301/1295 5115/6311/1305
f 5117/6312/1306 5104/6293/1287 5103/6300/1294 5118/6304/1298
f 5121/6309/1303 5100/6298/1292 5110/6299/1293 5111/6306/1300
f 5120/6313/1307 5101/6296/1290 5099/6297/1291 5122/6308/1302
f 5113/6314/1308 5108/6294/1288 5107/6295/1289 5114/6310/1304
f 5116/6315/1309 5105/6292/1286 5104/6293/1287 5117/6312/1306
f 5119/6305/1299 5102/6303/1297 5101/6296/1290 5120/6313/1307
f 5112/6307/1301 5109/6302/1296 5108/6294/1288 5113/6314/1308
f 5102/6303/1297 5095/6280/1274 5096/6283/1277 5101/6296/1290
f 5085/6237/1232 5112/6307/1301 5113/6314/1308 5084/6238/1233
f 5078/6195/1214 5119/6305/1299 5120/6313/1307 5077/6196/1215
f 5081/6316/1310 5116/6315/1309 5117/6312/1306 5080/6255/1249
f 5084/6238/1233 5113/6314/1308 5114/6310/1304 5083/6253/1247
f 5077/6196/1215 5120/6313/1307 5122/6308/1302 5075/6249/1243
f 5076/6250/1244 5121/6309/1303 5111/6306/1300 5086/6247/1241
f 5080/6255/1249 5117/6312/1306 5118/6304/1298 5079/6245/1239
f 5083/6253/1247 5114/6310/1304 5115/6311/1305 5082/6241/1236
f 5075/6249/1243 5122/6308/1302 5121/6309/1303 5076/6250/1244
f 5086/6247/1241 5111/6306/1300 5112/6307/1301 5085/6237/1232
f 5079/6245/1239 5118/6304/1298 5119/6305/1299 5078/6195/1214
f 5115/6311/1305 5106/6301/1295 5105/6292/1286 5116/6315/1309
f 5082/6241/1236 5115/6311/1305 5116/6315/1309 5081/6316/1310
f 5124/6285/1279 5197/6317/1311 5196/6318/1312 5127/6286/1280
f 5125/6319/1313 5123/6264/1258 5126/6275/1269 5128/6320/1314
f 5130/6282/1276 5198/6321/1315 5197/6317/1311 5124/6285/1279
f 5131/6322/1316 5129/6265/1259 5123/6264/1258 5125/6319/1313
f 5133/6281/1275 5199/6323/1317 5198/6321/1315 5130/6282/1276
f 5134/6324/1318 5132/6266/1260 5129/6265/1259 5131/6322/1316
f 5136/6262/1256 5200/6325/1319 5199/6323/1317 5133/6281/1275
f 5137/6326/1320 5135/6267/1261 5132/6266/1260 5134/6324/1318
f 5139/6261/1255 5201/6327/1321 5200/6325/1319 5136/6262/1256
f 5140/6328/1322 5138/6268/1262 5135/6267/1261 5137/6326/1320
f 5142/6279/1273 5202/6329/1323 5201/6327/1321 5139/6261/1255
f 5143/6330/1324 5141/6269/1263 5138/6268/1262 5140/6328/1322
f 5145/6258/1252 5203/6331/1325 5202/6329/1323 5142/6279/1273
f 5146/6332/1326 5144/6270/1264 5141/6269/1263 5143/6330/1324
f 5148/6257/1251 5204/6333/1327 5203/6331/1325 5145/6258/1252
f 5149/6334/1328 5147/6271/1265 5144/6270/1264 5146/6332/1326
f 5151/6277/1271 5205/6335/1329 5204/6333/1327 5148/6257/1251
f 5152/6336/1330 5150/6272/1266 5147/6271/1265 5149/6334/1328
f 5154/6289/1283 5206/6337/1331 5205/6335/1329 5151/6277/1271
f 5155/6338/1332 5153/6273/1267 5150/6272/1266 5152/6336/1330
f 5157/6290/1284 5207/6339/1333 5206/6337/1331 5154/6289/1283
f 5158/6340/1334 5156/6274/1268 5153/6273/1267 5155/6338/1332
f 5127/6286/1280 5196/6318/1312 5207/6339/1333 5157/6290/1284
f 5128/6320/1314 5126/6275/1269 5156/6274/1268 5158/6340/1334
f 5096/6283/1277 5130/6282/1276 5124/6285/1279 5098/6284/1278
f 5457/6341/120 5433/6342/120 5437/6343/1335 5488/6344/1335
f 5476/6345/119 5431/6346/119 5450/6347/119 5472/6348/119
f 5506/6349/1336 5330/6350/1337 5395/6351/1337 5532/6352/1336
f 5480/6353/1338 5423/6354/1338 5429/6355/118 5461/6356/118
f 5488/6344/1335 5437/6343/1335 5438/6357/1339 5486/6358/1339
f 5486/6358/1339 5438/6357/1339 5440/6359/1340 5484/6360/1340
f 5484/6360/1340 5440/6359/1340 5442/6361/1341 5352/6362/1341
f 5352/6362/1341 5442/6361/1341 5422/6363/1342 5354/6364/1343
f 5354/6364/1343 5422/6363/1342 5423/6354/1338 5480/6353/1338
f 5511/6365/120 5513/6366/120 5539/6367/120 5537/6368/120
f 5473/6369/122 5449/6370/122 5447/6371/122 5451/6372/122
f 5424/6373/119 5427/6374/119 5431/6346/119 5476/6345/119
f 5491/6375/119 5363/6376/1344 5383/6377/1344 5517/6378/119
f 5503/6379/1337 5505/6380/1336 5531/6381/1336 5529/6382/1337
f 5432/6383/119 5459/6384/119 5475/6385/119 5434/6386/119
f 5460/6387/1345 5455/6388/1345 5548/6389/1345 5463/6390/1345
f 5445/6391/122 5454/6392/122 5462/6393/122 5430/6394/122
f 5350/6395/1346 5482/6396/1347 5557/6397/1348 5410/6398/1349
f 5443/6399/1342 5477/6400/1342 5478/6401/1338 5444/6402/1338
f 5456/6403/590 5359/6404/590 5550/6405/590 5549/6406/590
f 5441/6407/1341 5481/6408/1341 5477/6400/1342 5443/6399/1342
f 5426/6409/589 5358/6410/589 5418/6411/589 5542/6412/589
f 5439/6413/1340 5483/6414/1340 5481/6408/1341 5441/6407/1341
f 5353/6415/1350 5351/6416/1351 5411/6417/1352 5556/6418/1353
f 5435/6419/1339 5485/6420/1339 5483/6414/1340 5439/6413/1340
f 5342/6421/1354 5356/6422/600 5465/6423/600 5555/6424/1355
f 5436/6425/1335 5487/6426/1335 5485/6420/1339 5435/6419/1339
f 5359/6404/590 5458/6427/590 5466/6428/590 5550/6405/590
f 5444/6402/1338 5478/6401/1338 5453/6429/118 5448/6430/118
f 5482/6396/1347 5479/6431/1356 5554/6432/1357 5557/6397/1348
f 5434/6386/119 5475/6385/119 5361/6433/119 5446/6434/119
f 5452/6435/596 5343/6436/1358 5553/6437/1359 5469/6438/596
f 5428/6439/120 5425/6440/120 5487/6426/1335 5436/6425/1335
f 5355/6441/1360 5353/6415/1350 5556/6418/1353 5552/6442/1361
f 5489/6443/121 5490/6444/121 5322/6445/121 5362/6446/121
f 5490/6444/121 5492/6447/121 5364/6448/121 5322/6445/121
f 5493/6449/127 5495/6450/127 5325/6451/127 5365/6452/127
f 5498/6453/121 5496/6454/121 5367/6455/121 5323/6456/121
f 5499/6457/127 5500/6458/127 5370/6459/127 5369/6460/127
f 5501/6461/121 5502/6462/121 5372/6463/121 5371/6464/121
f 5335/6465/127 5499/6457/127 5369/6460/127 5373/6466/127
f 5502/6462/121 5504/6467/121 5374/6468/121 5372/6463/121
f 5336/6469/127 5335/6465/127 5373/6466/127 5375/6470/127
f 5504/6467/121 5329/6471/121 5376/6472/121 5374/6468/121
f 5507/6473/127 5336/6469/127 5375/6470/127 5377/6474/127
f 5329/6471/121 5489/6443/121 5362/6446/121 5376/6472/121
f 5508/6475/127 5507/6473/127 5377/6474/127 5333/6476/127
f 5496/6454/121 5501/6461/121 5371/6464/121 5367/6455/121
f 5500/6458/127 5493/6449/127 5365/6452/127 5370/6459/127
f 5492/6447/121 5509/6477/121 5379/6478/121 5364/6448/121
f 5514/6479/127 5512/6480/127 5380/6481/127 5381/6482/127
f 5512/6480/127 5508/6475/127 5333/6476/127 5380/6481/127
f 5495/6450/127 5514/6479/127 5381/6482/127 5325/6451/127
f 5509/6477/121 5498/6453/121 5323/6456/121 5379/6478/121
f 5521/6483/127 5519/6484/127 5526/6485/127 5525/6486/127 5394/6487/127 5396/6488/127 5533/6489/127 5534/6490/127
f 5516/6491/121 5515/6492/121 5397/6493/121 5530/6494/121 5528/6495/121 5527/6496/121 5522/6497/121 5524/6498/121
f 5516/6491/121 5524/6498/121 5535/6499/121 5518/6500/121
f 5521/6483/127 5534/6490/127 5538/6501/127 5540/6502/127
f 5366/6503/118 5494/6504/118 5520/6505/118 5385/6506/118
f 5378/6507/1344 5341/6508/119 5400/6509/119 5384/6510/1344
f 5505/6380/1336 5337/6511/1362 5398/6512/1362 5531/6381/1336
f 5497/6513/118 5368/6514/118 5382/6515/118 5523/6516/118
f 5340/6517/118 5366/6503/118 5385/6506/118 5401/6518/118
f 5328/6519/1362 5506/6349/1336 5532/6352/1336 5386/6520/1362
f 5332/6521/1363 5334/6522/1364 5390/6523/1364 5391/6524/1363
f 5368/6514/118 5510/6525/118 5536/6526/118 5382/6515/118
f 5337/6511/1362 5378/6507/1344 5384/6510/1344 5398/6512/1362
f 5331/6527/1364 5327/6528/1363 5392/6529/1363 5393/6530/1364
f 5327/6528/1363 5324/6531/122 5389/6532/122 5392/6529/1363
f 5334/6522/1364 5503/6379/1337 5529/6382/1337 5390/6523/1364
f 5326/6533/122 5332/6521/1363 5391/6524/1363 5388/6534/122
f 5330/6350/1337 5331/6527/1364 5393/6530/1364 5395/6351/1337
f 5363/6376/1344 5328/6519/1362 5386/6520/1362 5383/6377/1344
f 5338/6535/120 5339/6536/120 5387/6537/120 5399/6538/120
f 5467/6539/119 5541/6540/119 5551/6541/119 5419/6542/119
f 5547/6543/122 5544/6544/122 5470/6545/122 5464/6546/122
f 5415/6547/1365 5414/6548/1365 5402/6549/1366 5403/6550/1366
f 5413/6551/1367 5412/6552/1367 5414/6548/1365 5415/6547/1365
f 5558/6553/1368 5559/6554/1368 5412/6552/1367 5413/6551/1367
f 5560/6555/1369 5561/6556/1369 5559/6554/1368 5558/6553/1368
f 5562/6557/1370 5563/6558/1370 5561/6556/1369 5560/6555/1369
f 5403/6550/1366 5402/6549/1366 5416/6559/118 5417/6560/118
f 5419/6542/119 5551/6541/119 5545/6561/119 5421/6562/119
f 5543/6563/120 5468/6564/120 5563/6558/1370 5562/6557/1370
f 5358/6410/589 5474/6565/589 5546/6566/589 5418/6411/589
f 5351/6416/1351 5349/6567/1371 5409/6568/1372 5411/6417/1352
f 5360/6569/1373 5357/6570/1373 5471/6571/1373 5420/6572/1373
f 5346/6573/1374 5345/6574/1375 5405/6575/1375 5406/6576/1376
f 5348/6577/1377 5350/6395/1346 5410/6398/1349 5408/6578/1378
f 5343/6436/1358 5355/6441/1360 5552/6442/1361 5553/6437/1359
f 5344/6579/1379 5347/6580/1380 5407/6581/1381 5404/6582/1379
f 5349/6567/1371 5346/6573/1374 5406/6576/1376 5409/6568/1372
f 5479/6431/1356 5342/6421/1354 5555/6424/1355 5554/6432/1357
f 5347/6580/1380 5348/6577/1377 5408/6578/1378 5407/6581/1381
f 5699/6583/120 5675/6584/120 5679/6585/1335 5730/6586/1335
f 5718/6587/119 5673/6588/119 5692/6589/119 5714/6590/119
f 5748/6591/1336 5572/6592/1337 5637/6593/1337 5774/6594/1336
f 5722/6595/1338 5665/6596/1338 5671/6597/118 5703/6598/118
f 5730/6586/1335 5679/6585/1335 5680/6599/1339 5728/6600/1339
f 5728/6600/1339 5680/6599/1339 5682/6601/1340 5726/6602/1340
f 5726/6602/1340 5682/6601/1340 5684/6603/1341 5594/6604/1341
f 5594/6604/1341 5684/6603/1341 5664/6605/1342 5596/6606/1343
f 5596/6606/1343 5664/6605/1342 5665/6596/1338 5722/6595/1338
f 5753/6607/120 5755/6608/120 5781/6609/120 5779/6610/120
f 5715/6611/122 5691/6612/122 5689/6613/122 5693/6614/122
f 5666/6615/119 5669/6616/119 5673/6588/119 5718/6587/119
f 5733/6617/119 5605/6618/1344 5625/6619/1344 5759/6620/119
f 5745/6621/1337 5747/6622/1336 5773/6623/1336 5771/6624/1337
f 5674/6625/119 5701/6626/119 5717/6627/119 5676/6628/119
f 5702/6629/1345 5697/6630/1345 5790/6631/1345 5705/6632/1345
f 5687/6633/122 5696/6634/122 5704/6635/122 5672/6636/122
f 5592/6637/1346 5724/6638/1347 5799/6639/1348 5652/6640/1349
f 5685/6641/1343 5719/6642/1342 5720/6643/1338 5686/6644/1338
f 5698/6645/590 5601/6646/590 5792/6647/590 5791/6648/590
f 5683/6649/1341 5723/6650/1341 5719/6642/1342 5685/6641/1343
f 5668/6651/589 5600/6652/589 5660/6653/589 5784/6654/589
f 5681/6655/1340 5725/6656/1340 5723/6650/1341 5683/6649/1341
f 5595/6657/1350 5593/6658/1351 5653/6659/1352 5798/6660/1353
f 5677/6661/1339 5727/6662/1339 5725/6656/1340 5681/6655/1340
f 5584/6663/1354 5598/6664/600 5707/6665/600 5797/6666/1355
f 5678/6667/1335 5729/6668/1335 5727/6662/1339 5677/6661/1339
f 5601/6646/590 5700/6669/590 5708/6670/590 5792/6647/590
f 5686/6644/1338 5720/6643/1338 5695/6671/118 5690/6672/118
f 5724/6638/1347 5721/6673/1356 5796/6674/1357 5799/6639/1348
f 5676/6628/119 5717/6627/119 5603/6675/119 5688/6676/119
f 5694/6677/596 5585/6678/1382 5795/6679/1359 5711/6680/596
f 5670/6681/120 5667/6682/120 5729/6668/1335 5678/6667/1335
f 5597/6683/1360 5595/6657/1350 5798/6660/1353 5794/6684/1361
f 5731/6685/121 5732/6686/121 5564/6687/121 5604/6688/121
f 5732/6686/121 5734/6689/121 5606/6690/121 5564/6687/121
f 5735/6691/127 5737/6692/127 5567/6693/127 5607/6694/127
f 5740/6695/121 5738/6696/121 5609/6697/121 5565/6698/121
f 5741/6699/127 5742/6700/127 5612/6701/127 5611/6702/127
f 5743/6703/121 5744/6704/121 5614/6705/121 5613/6706/121
f 5577/6707/127 5741/6699/127 5611/6702/127 5615/6708/127
f 5744/6704/121 5746/6709/121 5616/6710/121 5614/6705/121
f 5578/6711/127 5577/6707/127 5615/6708/127 5617/6712/127
f 5746/6709/121 5571/6713/121 5618/6714/121 5616/6710/121
f 5749/6715/127 5578/6711/127 5617/6712/127 5619/6716/127
f 5571/6713/121 5731/6685/121 5604/6688/121 5618/6714/121
f 5750/6717/127 5749/6715/127 5619/6716/127 5575/6718/127
f 5738/6696/121 5743/6703/121 5613/6706/121 5609/6697/121
f 5742/6700/127 5735/6691/127 5607/6694/127 5612/6701/127
f 5734/6689/121 5751/6719/121 5621/6720/121 5606/6690/121
f 5756/6721/127 5754/6722/127 5622/6723/127 5623/6724/127
f 5754/6722/127 5750/6717/127 5575/6718/127 5622/6723/127
f 5737/6692/127 5756/6721/127 5623/6724/127 5567/6693/127
f 5751/6719/121 5740/6695/121 5565/6698/121 5621/6720/121
f 5763/6725/127 5761/6726/127 5768/6727/127 5767/6728/127 5636/6729/127 5638/6730/127 5775/6731/127 5776/6732/127
f 5758/6733/121 5757/6734/121 5639/6735/121 5772/6736/121 5770/6737/121 5769/6738/121 5764/6739/121 5766/6740/121
f 5758/6733/121 5766/6740/121 5777/6741/121 5760/6742/121
f 5763/6725/127 5776/6732/127 5780/6743/127 5782/6744/127
f 5608/6745/118 5736/6746/118 5762/6747/118 5627/6748/118
f 5620/6749/1344 5583/6750/119 5642/6751/119 5626/6752/1344
f 5747/6622/1336 5579/6753/1362 5640/6754/1362 5773/6623/1336
f 5739/6755/118 5610/6756/118 5624/6757/118 5765/6758/118
f 5582/6759/118 5608/6745/118 5627/6748/118 5643/6760/118
f 5570/6761/1362 5748/6591/1336 5774/6594/1336 5628/6762/1362
f 5574/6763/1363 5576/6764/1364 5632/6765/1364 5633/6766/1363
f 5610/6756/118 5752/6767/118 5778/6768/118 5624/6757/118
f 5579/6753/1362 5620/6749/1344 5626/6752/1344 5640/6754/1362
f 5573/6769/1364 5569/6770/1363 5634/6771/1363 5635/6772/1364
f 5569/6770/1363 5566/6773/122 5631/6774/122 5634/6771/1363
f 5576/6764/1364 5745/6621/1337 5771/6624/1337 5632/6765/1364
f 5568/6775/122 5574/6763/1363 5633/6766/1363 5630/6776/122
f 5572/6592/1337 5573/6769/1364 5635/6772/1364 5637/6593/1337
f 5605/6618/1344 5570/6761/1362 5628/6762/1362 5625/6619/1344
f 5580/6777/120 5581/6778/120 5629/6779/120 5641/6780/120
f 5709/6781/119 5783/6782/119 5793/6783/119 5661/6784/119
f 5789/6785/122 5786/6786/122 5712/6787/122 5706/6788/122
f 5657/6789/1365 5656/6790/1365 5644/6791/1366 5645/6792/1366
f 5655/6793/1367 5654/6794/1367 5656/6790/1365 5657/6789/1365
f 5800/6795/1368 5801/6796/1368 5654/6794/1367 5655/6793/1367
f 5802/6797/1369 5803/6798/1369 5801/6796/1368 5800/6795/1368
f 5804/6799/1370 5805/6800/1370 5803/6798/1369 5802/6797/1369
f 5645/6792/1366 5644/6791/1366 5658/6801/118 5659/6802/118
f 5661/6784/119 5793/6783/119 5787/6803/119 5663/6804/119
f 5785/6805/120 5710/6806/120 5805/6800/1370 5804/6799/1370
f 5600/6652/589 5716/6807/589 5788/6808/589 5660/6653/589
f 5593/6658/1351 5591/6809/1371 5651/6810/1372 5653/6659/1352
f 5602/6811/1373 5599/6812/1373 5713/6813/1373 5662/6814/1373
f 5588/6815/1374 5587/6816/1375 5647/6817/1375 5648/6818/1376
f 5590/6819/1377 5592/6637/1346 5652/6640/1349 5650/6820/1378
f 5585/6678/1382 5597/6683/1360 5794/6684/1361 5795/6679/1359
f 5586/6821/1379 5589/6822/1380 5649/6823/1381 5646/6824/1379
f 5591/6809/1371 5588/6815/1374 5648/6818/1376 5651/6810/1372
f 5721/6673/1356 5584/6663/1354 5797/6666/1355 5796/6674/1357
f 5589/6822/1380 5590/6819/1377 5650/6820/1378 5649/6823/1381
f 6178/6825/118 6180/6826/118 6029/6827/118 6192/6828/118
f 5953/6829/119 5954/6830/1383 6036/6831/1383 6028/6832/119
f 6126/6833/1384 6143/6834/1385 6118/6835/1386 6116/6836/1386
f 6124/6837/1387 6132/6838/1387 6133/6839/1388 6125/6840/1388
f 6123/6841/1389 6134/6842/1389 6132/6838/1387 6124/6837/1387
f 5964/6843/127 5963/6844/127 5974/6845/127 6148/6846/127
f 6121/6847/1390 6135/6848/1390 6134/6842/1389 6123/6841/1389
f 6122/6849/1391 6136/6850/1391 6135/6848/1390 6121/6847/1390
f 6119/6851/118 6129/6852/118 6137/6853/118 6120/6854/118
f 6120/6854/118 6137/6853/118 6136/6850/1391 6122/6849/1391
f 5961/6855/127 6128/6856/127 6130/6857/127 6151/6858/127
f 6111/6859/118 6129/6852/118 6119/6851/118
f 6177/6860/118 6139/6861/118 6141/6862/118 6191/6863/118
f 5965/6864/127 5964/6843/127 6148/6846/127 6146/6865/127
f 6125/6840/1388 6133/6839/1388 6143/6834/1385 6126/6833/1384
f 5963/6844/127 5962/6866/127 6150/6867/127 5974/6845/127
f 5971/6868/127 5966/6869/127 5977/6870/127 6153/6871/127
f 5962/6866/127 5961/6855/127 6151/6858/127 6150/6867/127
f 5966/6869/127 5965/6864/127 6146/6865/127 5977/6870/127
f 6145/6872/1392 6144/6873/1392 6154/6874/1392 6155/6875/1392
f 6163/6876/1393 6161/6877/1394 6171/6878/1394 6170/6879/1394 6169/6880/1394 6168/6881/1394 6166/6882/1394 6167/6883/1394 6165/6884/1393
f 6160/6885/127 6163/6876/1393 6165/6884/1393 6164/6886/127
f 6158/6887/127 6160/6885/127 6164/6886/127 6156/6888/127
f 6110/6889/122 6112/6890/122 6159/6891/122 6157/6892/122
f 6113/6893/119 6114/6894/119 5990/6895/119 5980/6896/119
f 6117/6897/119 6115/6898/119 6162/6899/119 5982/6900/119
f 6115/6898/119 5960/6901/119 6162/6899/119
f 6174/6902/122 6110/6889/122 6157/6892/122 6173/6903/122
f 6114/6894/119 6117/6897/119 5982/6900/119 5990/6895/119
f 5960/6901/119 6127/6904/119 6172/6905/119 6162/6899/119
f 5989/6906/1395 5992/6907/1396 6014/6908/1397 6013/6909/1398
f 5983/6910/1399 5984/6911/1400 6009/6912/1401 6008/6913/1399
f 5991/6914/1402 5983/6910/1399 6008/6913/1399 6007/6915/1403
f 5984/6911/1400 5986/6916/1404 6010/6917/1405 6009/6912/1401
f 5986/6916/1404 5987/6918/1406 6011/6919/1407 6010/6917/1405
f 5987/6918/1406 5988/6920/1408 6012/6921/1409 6011/6919/1407
f 5988/6920/1408 5989/6906/1395 6013/6909/1398 6012/6921/1409
f 5981/6922/119 5991/6923/1402 6007/6924/1403 6005/6925/119
f 5992/6926/1396 5985/6927/1410 6006/6928/1411 6014/6929/1397
f 6147/6930/1412 6002/6931/1412 6004/6932/1413 5979/6933/1413
f 5972/6934/118 5997/6935/118 5998/6936/1391 5973/6937/1391
f 6131/6938/118 6152/6939/118 5997/6935/118 5972/6934/118
f 5973/6937/1391 5998/6936/1391 5999/6940/1390 6149/6941/1390
f 6149/6941/1390 5999/6940/1390 6000/6942/1389 5975/6943/1389
f 5975/6943/1389 6000/6942/1389 6001/6944/1387 5976/6945/1387
f 5976/6945/1387 6001/6944/1387 6002/6931/1412 6147/6930/1412
f 6111/6859/118 5993/6946/118 6138/6947/118 6129/6852/118
f 5969/6948/1414 5995/6949/1414 6003/6950/1414 5978/6951/1414
f 6143/6834/1385 5996/6952/1386 5994/6953/1386 6118/6835/1386
f 6175/6954/121 6140/6955/121 6016/6956/121 6015/6957/121
f 6140/6955/121 5967/6958/121 6017/6959/121 6016/6956/121
f 5952/6960/121 6179/6961/121 6018/6962/121 6019/6963/121
f 6182/6964/121 6181/6965/121 6020/6966/121 6021/6967/121
f 6183/6968/121 6184/6969/121 6023/6970/121 6022/6971/121
f 6185/6972/121 6183/6968/121 6022/6971/121 6024/6973/121
f 6186/6974/121 6185/6972/121 6024/6973/121 6025/6975/121
f 6187/6976/121 6186/6974/121 6025/6975/121 6026/6977/121
f 6188/6978/121 6187/6976/121 6026/6977/121 6027/6979/121
f 6184/6969/121 6182/6964/121 6021/6967/121 6023/6970/121
f 5967/6958/121 5952/6960/121 6019/6963/121 6017/6959/121
f 6181/6965/121 6175/6954/121 6015/6957/121 6020/6966/121
f 6179/6961/121 6188/6978/121 6027/6979/121 6018/6962/121
f 6194/6980/121 6196/6981/121 6198/6982/121 6197/6983/121 6199/6984/121 6200/6985/121 6201/6986/121 6202/6987/121 6193/6988/121
f 6031/6989/121 6195/6990/121 6196/6981/121 6194/6980/121
f 6142/6991/121 6189/6992/121 6195/6993/121 6031/6994/121
f 6180/6826/118 6177/6860/118 6191/6863/118 6029/6827/118
f 5968/6995/119 5953/6829/119 6028/6832/119 6030/6996/119
f 6176/6997/119 5968/6995/119 6030/6996/119 6190/6998/119
f 5954/6830/1383 5956/6999/1415 6035/7000/1415 6036/6831/1383
f 5970/7001/1416 5955/7002/1417 6034/7003/1417 6040/7004/1416
f 5956/6999/1415 5957/7005/1418 6037/7006/1418 6035/7000/1415
f 5957/7005/1418 5958/7007/1419 6038/7008/1419 6037/7006/1418
f 5958/7007/1419 5959/7009/1420 6039/7010/1420 6038/7008/1419
f 5950/7011/120 5951/7012/120 6032/7013/120 6033/7014/120
f 5959/7009/1420 5970/7001/1416 6040/7004/1416 6039/7010/1420
f 6263/7015/118 6277/7016/118 6098/7017/118 6265/7018/118
f 6044/7019/119 6097/7020/119 6105/7021/1383 6045/7022/1383
f 6219/7023/1384 6209/7024/1386 6211/7025/1386 6234/7026/1385
f 6217/7027/1387 6218/7028/1388 6225/7029/1388 6224/7030/1387
f 6216/7031/1389 6217/7027/1387 6224/7030/1387 6226/7032/1389
f 6055/7033/121 6238/7034/121 6065/7035/121 6054/7036/121
f 6214/7037/1390 6216/7031/1389 6226/7032/1389 6227/7038/1390
f 6215/7039/1391 6214/7037/1390 6227/7038/1390 6228/7040/1391
f 6212/7041/118 6213/7042/118 6229/7043/118 6221/7044/118
f 6213/7042/118 6215/7039/1391 6228/7040/1391 6229/7043/118
f 6052/7045/121 6241/7046/121 6222/7047/121 6220/7048/121
f 6204/7049/118 6212/7041/118 6221/7044/118
f 6262/7050/118 6276/7051/118 6232/7052/118 6230/7053/118
f 6056/7054/121 6236/7055/121 6238/7034/121 6055/7033/121
f 6218/7028/1388 6219/7023/1384 6234/7026/1385 6225/7029/1388
f 6054/7036/121 6065/7035/121 6240/7056/121 6053/7057/121
f 6062/7058/121 6242/7059/121 6068/7060/121 6057/7061/121
f 6053/7057/121 6240/7056/121 6241/7046/121 6052/7045/121
f 6057/7061/121 6068/7060/121 6236/7055/121 6056/7054/121
f 6145/6872/1392 6155/6875/1392 6243/7062/1392 6235/7063/1392
f 6251/7064/1421 6253/7065/1421 6255/7066/1422 6254/7067/1422 6256/7068/1422 6257/7069/1422 6258/7070/1422 6259/7071/1422 6249/7072/1422
f 6248/7073/121 6252/7074/121 6253/7065/1421 6251/7064/1421
f 6246/7075/121 6244/7076/121 6252/7074/121 6248/7073/121
f 6203/7077/122 6245/7078/122 6247/7079/122 6205/7080/122
f 6206/7081/119 6071/7082/119 6081/7083/119 6207/7084/119
f 6210/7085/119 6073/7086/119 6250/7087/119 6208/7088/119
f 6208/7088/119 6250/7087/119 6051/7089/119
f 6174/6902/122 6173/6903/122 6245/7078/122 6203/7077/122
f 6207/7084/119 6081/7083/119 6073/7086/119 6210/7085/119
f 6051/7089/119 6250/7087/119 6172/6905/119 6127/6904/119
f 6080/7090/1423 6013/6909/1398 6014/6908/1397 6083/7091/1424
f 6074/7092/1399 6008/6913/1399 6009/6912/1401 6075/7093/1425
f 6082/7094/1402 6007/6915/1403 6008/6913/1399 6074/7092/1399
f 6075/7093/1425 6009/6912/1401 6010/6917/1405 6077/7095/1426
f 6077/7095/1426 6010/6917/1405 6011/6919/1407 6078/7096/1427
f 6078/7096/1427 6011/6919/1407 6012/6921/1409 6079/7097/1428
f 6079/7097/1428 6012/6921/1409 6013/6909/1398 6080/7090/1423
f 6072/7098/119 6005/6925/119 6007/6924/1403 6082/7099/1402
f 6083/7100/1424 6014/6929/1397 6006/6928/1411 6076/7101/1429
f 6237/7102/1412 6070/7103/1413 6004/6932/1413 6002/6931/1412
f 6063/7104/118 6064/7105/1391 5998/6936/1391 5997/6935/118
f 6223/7106/118 6063/7104/118 5997/6935/118 6152/6939/118
f 6064/7105/1391 6239/7107/1390 5999/6940/1390 5998/6936/1391
f 6239/7107/1390 6066/7108/1389 6000/6942/1389 5999/6940/1390
f 6066/7108/1389 6067/7109/1387 6001/6944/1387 6000/6942/1389
f 6067/7109/1387 6237/7102/1412 6002/6931/1412 6001/6944/1387
f 6204/7049/118 6221/7044/118 6138/6947/118 5993/6946/118
f 6060/7110/1414 6069/7111/1414 6003/6950/1414 5995/6949/1414
f 6234/7026/1385 6211/7025/1386 5994/6953/1386 5996/6952/1386
f 6260/7112/127 6084/7113/127 6085/7114/127 6231/7115/127
f 6231/7115/127 6085/7114/127 6086/7116/127 6058/7117/127
f 6043/7118/127 6088/7119/127 6087/7120/127 6264/7121/127
f 6267/7122/127 6090/7123/127 6089/7124/127 6266/7125/127
f 6268/7126/127 6091/7127/127 6092/7128/127 6269/7129/127
f 6270/7130/127 6093/7131/127 6091/7127/127 6268/7126/127
f 6271/7132/127 6094/7133/127 6093/7131/127 6270/7130/127
f 6272/7134/127 6095/7135/127 6094/7133/127 6271/7132/127
f 6273/7136/127 6096/7137/127 6095/7135/127 6272/7134/127
f 6269/7129/127 6092/7128/127 6090/7123/127 6267/7122/127
f 6058/7117/127 6086/7116/127 6088/7119/127 6043/7118/127
f 6266/7125/127 6089/7124/127 6084/7113/127 6260/7112/127
f 6264/7121/127 6087/7120/127 6096/7137/127 6273/7136/127
f 6279/7138/127 6278/7139/127 6287/7140/127 6286/7141/127 6285/7142/127 6284/7143/127 6282/7144/127 6283/7145/127 6281/7146/127
f 6100/7147/127 6279/7138/127 6281/7146/127 6280/7148/127
f 6233/7149/127 6100/7150/127 6280/7151/127 6274/7152/127
f 6265/7018/118 6098/7017/118 6276/7051/118 6262/7050/118
f 6059/7153/119 6099/7154/119 6097/7020/119 6044/7019/119
f 6261/7155/119 6275/7156/119 6099/7154/119 6059/7153/119
f 6045/7022/1383 6105/7021/1383 6104/7157/1415 6047/7158/1415
f 6061/7159/1416 6109/7160/1416 6103/7161/1417 6046/7162/1417
f 6047/7158/1415 6104/7157/1415 6106/7163/1418 6048/7164/1418
f 6048/7164/1418 6106/7163/1418 6107/7165/1419 6049/7166/1419
f 6049/7166/1419 6107/7165/1419 6108/7167/1420 6050/7168/1420
f 6041/7169/120 6102/7170/120 6101/7171/120 6042/7172/120
f 6050/7168/1420 6108/7167/1420 6109/7160/1416 6061/7159/1416
f 6431/7173/118 6429/7174/118 6435/7175/118
f 6423/7176/121 6418/7177/121 6417/7178/121 6421/7179/121
f 6439/7180/121 6433/7181/121 6414/7182/121 6415/7183/121
f 6433/7181/121 6432/7184/121 6416/7185/121 6414/7182/121
f 6426/7186/1430 6420/7187/1430 6434/7188/1430 6430/7189/1430
f 6428/7190/1431 6422/7191/1431 6437/7192/1431 6436/7193/1431
f 6420/7187/1430 6424/7194/1430 6440/7195/1430 6434/7188/1430
f 6422/7191/1431 6441/7196/1431 6443/7197/1431 6437/7192/1431
f 6421/7179/121 6417/7178/121 6419/7198/121 6427/7199/121
f 6442/7200/119 6425/7201/119 6438/7202/119
f 6461/7203/118 6465/7204/118 6459/7205/118
f 6453/7206/127 6451/7207/127 6447/7208/127 6448/7209/127
f 6469/7210/127 6445/7211/127 6444/7212/127 6463/7213/127
f 6463/7213/127 6444/7212/127 6446/7214/127 6462/7215/127
f 6456/7216/1432 6460/7217/1432 6464/7218/1432 6450/7219/1432
f 6458/7220/1433 6466/7221/1433 6467/7222/1433 6452/7223/1433
f 6450/7219/1432 6464/7218/1432 6470/7224/1432 6454/7225/1432
f 6452/7223/1433 6467/7222/1433 6473/7226/1433 6471/7227/1433
f 6451/7207/127 6457/7228/127 6449/7229/127 6447/7208/127
f 6472/7230/119 6468/7231/119 6455/7232/119
