# This file uses centimeters as units for non-parametric coordinates.

mtllib Agua_Model.mtl
g default
v 27.434183 9.441700 -1.367555
v 27.691677 9.441700 -1.168829
v 27.616259 9.441700 -1.309350
v 25.138708 9.441700 -1.168829
v 25.396202 9.441700 -1.367554
v 25.214126 9.441700 -1.309349
v 27.691678 9.441700 1.168829
v 27.434184 9.441700 1.367554
v 27.616260 9.441700 1.309349
v 25.396203 9.441700 1.367555
v 25.138709 9.441700 1.168829
v 25.214127 9.441700 1.309350
v 27.918150 0.280686 -1.284557
v 27.671078 0.280686 -1.502958
v 27.845785 0.280686 -1.438990
v 25.159307 0.280686 -1.502958
v 24.912235 0.280686 -1.284556
v 24.984600 0.280686 -1.438989
v 27.671079 0.280686 1.502958
v 27.918151 0.280686 1.284556
v 27.845786 0.280686 1.438989
v 24.912236 0.280686 1.284557
v 25.159308 0.280686 1.502958
v 24.984601 0.280686 1.438990
v 27.669933 9.188313 1.502958
v 27.918151 9.188313 1.284556
v 27.845450 9.188313 1.438989
v 24.912236 9.188313 1.284557
v 25.160454 9.188313 1.502958
v 24.984937 9.188313 1.438990
v 25.160453 9.188313 -1.502958
v 24.912235 9.188313 -1.284556
v 24.984936 9.188313 -1.438989
v 27.918150 9.188313 -1.284557
v 27.669932 9.188313 -1.502958
v 27.845449 9.188313 -1.438990
v 25.252355 9.331399 1.434013
v 25.008271 9.331399 1.225630
v 25.079762 9.331399 1.372979
v 27.578031 9.331399 -1.434013
v 27.822115 9.331399 -1.225630
v 27.750624 9.331399 -1.372979
v 27.578032 9.331399 1.434012
v 27.822116 9.331399 1.225629
v 27.750625 9.331399 1.372978
v 25.252354 9.331399 -1.434012
v 25.008270 9.331399 -1.225629
v 25.079761 9.331399 -1.372978
v 27.819706 0.141743 1.200416
v 25.010680 0.141743 -1.200416
v 25.078305 0.141743 -1.344734
v 25.078306 0.141743 1.344735
v 25.010680 0.141743 1.200417
v 27.752080 0.141743 -1.344735
v 27.819706 0.141743 -1.200417
v 26.075529 9.441700 -1.566665
v 26.754856 9.441700 -1.566665
v 26.027580 9.331399 -1.633123
v 26.802805 9.331399 -1.633123
v 26.833821 0.280686 -1.702069
v 25.996564 0.280686 -1.702068
v 26.833439 9.188313 -1.702069
v 25.996946 9.188313 -1.702068
v 26.806401 0.141743 -1.603624
v 26.023984 0.141743 -1.603624
v 26.754857 9.441700 1.367555
v 26.075530 9.441700 1.367555
v 26.802806 9.331399 1.434012
v 26.027581 9.331399 1.434013
v 25.996565 0.280686 1.502958
v 26.833822 0.280686 1.502958
v 25.996947 9.188313 1.502958
v 26.833440 9.188313 1.502958
v 26.023985 0.141743 1.404513
v 26.806402 0.141743 1.404513
v 24.912235 8.170110 -1.284556
v 24.984898 8.170110 -1.438989
v 27.918150 8.170110 -1.284557
v 27.845487 8.170110 -1.438990
v 24.984884 7.857877 -1.438989
v 26.833482 8.170110 -1.702069
v 27.918151 5.354334 1.284556
v 24.912235 5.354334 -1.284556
v 24.984793 5.354334 1.438990
v 25.159961 5.354334 1.502958
v 27.845593 5.354334 -1.438990
v 25.996782 5.354463 -1.702068
v 25.996783 5.354334 1.502958
v 26.833604 5.354334 1.502958
v 27.845594 5.354334 1.438989
v 27.670426 5.354334 1.502958
v 24.984792 5.354334 -1.438989
v 25.159960 5.354463 -1.502958
v 24.912236 5.354334 1.284557
v 27.918150 5.354334 -1.284557
v 25.160322 8.164497 -1.502958
v 27.670063 8.164833 -1.502958
v 25.160281 7.852755 -1.502958
v 25.477677 8.170110 -1.578490
v 25.253262 8.077159 -1.525080
v 27.670104 7.852755 -1.502958
v 27.918150 7.857877 -1.284557
v 24.912235 7.857877 -1.284556
v 27.845501 7.857877 -1.438990
v 27.752080 0.141743 -1.188478
v 25.078306 0.141743 1.171783
v 27.197609 0.141743 -1.504069
v 27.197609 0.141743 -1.354106
v 25.632776 0.141743 -1.504068
v 25.632777 0.141743 1.404513
v 25.632777 0.141743 1.236313
v 27.077696 9.441700 0.662502
v 27.352113 9.441700 0.000000
v 25.752690 9.441700 -0.662502
v 25.752691 9.441700 0.662503
v 26.415193 9.674164 0.683335
v 26.756861 9.674164 0.591785
v 27.006978 9.674164 0.341667
v 27.098528 9.674164 0.000000
v 27.006978 9.674164 -0.341668
v 26.756860 9.674164 -0.591785
v 26.415193 9.674164 -0.683335
v 26.073525 9.674164 -0.591785
v 25.823408 9.674164 -0.341667
v 25.731858 9.674164 0.000000
v 25.823408 9.674164 0.341668
v 26.073526 9.674164 0.591785
v 26.415193 9.791269 1.133888
v 26.982137 9.791269 0.981976
v 27.397169 9.791269 0.566944
v 27.549081 9.791269 0.000000
v 27.397169 9.791269 -0.566944
v 26.982137 9.791269 -0.981976
v 26.415193 9.791269 -1.133888
v 25.848249 9.791269 -0.981976
v 25.433217 9.791269 -0.566944
v 25.281305 9.791269 0.000000
v 25.433217 9.791269 0.566944
v 25.848249 9.791269 0.981976
v 26.415193 9.867229 1.297284
v 27.063836 9.867229 1.123481
v 27.538674 9.867229 0.648642
v 27.712477 9.867229 0.000000
v 27.538674 9.867229 -0.648643
v 27.063835 9.867229 -1.123481
v 26.415193 9.867229 -1.297284
v 25.766550 9.867229 -1.123481
v 25.291712 9.867229 -0.648642
v 25.117909 9.867229 0.000000
v 25.291712 9.867229 0.648643
v 25.766551 9.867229 1.123481
v 26.415193 10.091946 1.415261
v 27.122824 10.091946 1.225652
v 27.640845 10.091946 0.707630
v 27.830454 10.091946 0.000000
v 27.640845 10.091946 -0.707631
v 27.122823 10.091946 -1.225652
v 26.415193 10.091946 -1.415261
v 25.707562 10.091946 -1.225652
v 25.189541 10.091946 -0.707630
v 24.999932 10.091946 0.000000
v 25.189541 10.091946 0.707631
v 25.707563 10.091946 1.225652
v 26.415193 13.494251 1.415261
v 27.122824 13.494251 1.225652
v 27.640845 13.494251 0.707630
v 27.830454 13.494251 0.000000
v 27.640845 13.494251 -0.707631
v 27.122823 13.494251 -1.225652
v 26.415193 13.494251 -1.415261
v 25.707562 13.494251 -1.225652
v 25.189541 13.494251 -0.707630
v 24.999932 13.494251 0.000000
v 25.189541 13.494251 0.707631
v 25.707563 13.494251 1.225652
v 26.415193 13.620008 1.278541
v 27.054464 13.620008 1.107249
v 27.522442 13.620008 0.639270
v 27.693734 13.620008 0.000000
v 27.522442 13.620008 -0.639271
v 27.054463 13.620008 -1.107249
v 26.415193 13.620008 -1.278541
v 25.775922 13.620008 -1.107249
v 25.307944 13.620008 -0.639270
v 25.136652 13.620008 0.000000
v 25.307944 13.620008 0.639271
v 25.775923 13.620008 1.107249
v 26.415193 13.705685 0.821263
v 26.825825 13.705685 0.711234
v 27.126428 13.705685 0.410631
v 27.236456 13.705685 0.000000
v 27.126427 13.705685 -0.410632
v 26.825824 13.705685 -0.711235
v 26.415193 13.705685 -0.821263
v 26.004561 13.705685 -0.711234
v 25.703958 13.705685 -0.410631
v 25.593930 13.705685 0.000000
v 25.703959 13.705685 0.410632
v 26.004562 13.705685 0.711235
v 26.660871 13.521922 0.425526
v 26.415193 13.521922 0.491355
v 26.840719 13.521922 0.245678
v 26.906548 13.521922 0.000000
v 26.840719 13.521922 -0.245678
v 26.660871 13.521922 -0.425526
v 26.415193 13.521922 -0.491355
v 26.169515 13.521922 -0.425526
v 25.989667 13.521922 -0.245678
v 25.923838 13.521922 0.000000
v 25.989667 13.521922 0.245678
v 26.169515 13.521922 0.425526
v 26.415193 9.441700 0.936920
v 27.077695 9.441700 -0.662503
v 26.415193 9.441700 -0.936920
v 25.478273 9.441700 0.000000
v 25.752691 9.605226 0.662503
v 25.478273 9.605226 0.000000
v 25.752690 9.605226 -0.662502
v 26.415193 9.605226 -0.936920
v 27.077695 9.605226 -0.662503
v 27.352113 9.605226 0.000000
v 27.077696 9.605226 0.662502
v 26.415193 9.605226 0.936920
v 25.820553 9.673911 0.594640
v 25.574245 9.673911 0.000000
v 25.820553 9.673911 -0.594640
v 26.415193 9.673911 -0.840948
v 27.009833 9.673911 -0.594640
v 27.256141 9.673911 0.000000
v 27.009833 9.673911 0.594640
v 26.415193 9.673911 0.840948
v 25.961559 7.481120 -0.959171
v 26.143296 7.376194 -0.959171
v 26.143296 7.166341 -0.959171
v 25.961559 7.061414 -0.959171
v 25.779821 7.166341 -0.959171
v 25.779821 7.376194 -0.959171
v 25.961559 7.481120 -1.013926
v 26.143296 7.376194 -1.013926
v 26.143296 7.166341 -1.013926
v 25.961559 7.061414 -1.013926
v 25.779821 7.166341 -1.013926
v 25.779821 7.376194 -1.013926
v 25.961559 7.349907 -1.330193
v 26.029663 7.310587 -1.330193
v 26.029663 7.231946 -1.330193
v 25.961559 7.192626 -1.330193
v 25.893454 7.231946 -1.330193
v 25.893454 7.310587 -1.330193
v 25.961559 7.348931 -1.342667
v 26.028297 7.310319 -1.386983
v 26.029603 7.232209 -1.399438
v 25.961559 7.193603 -1.365936
v 25.893274 7.232209 -1.399576
v 25.893646 7.310319 -1.387661
v 25.961559 7.069026 -1.565425
v 26.039859 7.069026 -1.520218
v 26.039859 7.069026 -1.429804
v 25.961559 7.069026 -1.384597
v 25.883258 7.069026 -1.429804
v 25.883258 7.069026 -1.520218
v 25.961559 7.486227 -1.627921
v 26.093983 7.486227 -1.551466
v 25.961559 7.486227 -1.322101
v 25.829135 7.486227 -1.398556
v 25.829135 7.486227 -1.551466
v 25.961559 7.564381 -1.627921
v 26.093983 7.564381 -1.551466
v 26.093983 7.564381 -1.398556
v 25.961559 7.564381 -1.322101
v 25.829135 7.564381 -1.398556
v 25.829135 7.564381 -1.551466
v 25.961559 7.564381 -1.582990
v 26.055071 7.564381 -1.529001
v 26.055071 7.564381 -1.421021
v 25.961559 7.622683 -1.367032
v 25.868046 7.564381 -1.421021
v 25.868046 7.564381 -1.529001
v 25.961559 7.622683 -1.582990
v 26.055071 7.622683 -1.529001
v 25.868046 7.622683 -1.529001
v 25.961559 7.555176 -1.170845
v 25.841902 7.555176 -1.224834
v 26.081216 7.555176 -1.224834
v 25.961559 7.613477 -1.170845
v 25.841902 7.613477 -1.224834
v 26.081216 7.613477 -1.224834
v 25.961559 7.618566 -1.025138
v 25.841902 7.601620 -1.076399
v 26.081216 7.601620 -1.076400
v 25.961559 7.673921 -1.043437
v 25.841902 7.656976 -1.094698
v 26.081216 7.656976 -1.094698
v 26.055071 7.622683 -1.421021
v 25.862392 7.564381 -1.378595
v 25.868046 7.622683 -1.421021
v 26.060725 7.564381 -1.378595
v 26.093983 7.486227 -1.398556
v 26.868827 7.481120 -0.959171
v 26.687089 7.376194 -0.959171
v 26.687089 7.166341 -0.959171
v 26.868827 7.061414 -0.959171
v 27.050564 7.166341 -0.959171
v 27.050564 7.376194 -0.959171
v 26.868827 7.481120 -1.013926
v 26.687089 7.376194 -1.013926
v 26.687089 7.166341 -1.013926
v 26.868827 7.061414 -1.013926
v 27.050564 7.166341 -1.013926
v 27.050564 7.376194 -1.013926
v 26.868826 7.349907 -1.330193
v 26.800722 7.310587 -1.330193
v 26.800722 7.231946 -1.330193
v 26.868826 7.192626 -1.330193
v 26.936931 7.231946 -1.330193
v 26.936931 7.310587 -1.330193
v 26.868826 7.348931 -1.342668
v 26.802088 7.310319 -1.386984
v 26.800782 7.232209 -1.399438
v 26.868826 7.193603 -1.365936
v 26.937111 7.232209 -1.399577
v 26.936739 7.310319 -1.387661
v 26.868826 7.069026 -1.565425
v 26.790526 7.069026 -1.520218
v 26.790526 7.069026 -1.429804
v 26.868826 7.069026 -1.384598
v 26.947127 7.069026 -1.429804
v 26.947127 7.069026 -1.520218
v 26.868826 7.486227 -1.627921
v 26.736402 7.486227 -1.551466
v 26.868826 7.486227 -1.322101
v 27.001251 7.486227 -1.398556
v 27.001251 7.486227 -1.551466
v 26.868826 7.564381 -1.627921
v 26.736402 7.564381 -1.551466
v 26.736402 7.564381 -1.398556
v 26.868826 7.564381 -1.322101
v 27.001251 7.564381 -1.398556
v 27.001251 7.564381 -1.551466
v 26.868826 7.564381 -1.582990
v 26.775314 7.564381 -1.529001
v 26.775314 7.564381 -1.421021
v 26.868826 7.622683 -1.367032
v 26.962339 7.564381 -1.421021
v 26.962339 7.564381 -1.529001
v 26.868826 7.622683 -1.582990
v 26.775314 7.622683 -1.529001
v 26.962339 7.622683 -1.529001
v 26.868827 7.555176 -1.170845
v 26.988484 7.555176 -1.224834
v 26.749170 7.555176 -1.224834
v 26.868827 7.613477 -1.170845
v 26.988484 7.613477 -1.224834
v 26.749170 7.613477 -1.224834
v 26.868827 7.618566 -1.025138
v 26.988484 7.601620 -1.076400
v 26.749170 7.601620 -1.076400
v 26.868827 7.673921 -1.043437
v 26.988484 7.656976 -1.094699
v 26.749170 7.656976 -1.094698
v 26.775314 7.622683 -1.421021
v 26.967993 7.564381 -1.378596
v 26.962339 7.622683 -1.421021
v 26.769660 7.564381 -1.378596
v 26.736402 7.486227 -1.398556
v 27.670425 5.354463 -1.502958
v 26.833603 5.354463 -1.702069
v 25.206145 5.354463 -0.973977
v 27.624240 5.354463 -0.973978
v 27.670425 5.354463 -1.306612
v 25.996902 8.170110 -1.702068
v 27.352708 8.170110 -1.578490
v 27.577123 8.077159 -1.525081
v 25.159960 5.354463 -1.306611
v 25.996903 8.170106 -1.306611
v 25.996897 8.035107 -0.973977
v 26.833488 8.035107 -0.973978
v 26.833483 8.170106 -1.306611
v 25.502798 8.033846 -0.973977
v 25.477677 8.170106 -1.306611
v 25.160281 7.852752 -1.306611
v 25.203512 7.723629 -0.973977
v 25.289933 7.942861 -0.973977
v 25.253262 8.077155 -1.306611
v 27.626873 7.723629 -0.973978
v 27.670104 7.852752 -1.306612
v 27.352708 8.170106 -1.306612
v 27.327588 8.033846 -0.973978
v 27.577123 8.077155 -1.306612
v 27.540452 7.942861 -0.973978
v 27.752081 0.141743 1.344734
v 27.588818 0.141743 1.404513
v 25.241568 0.141743 -1.404513
v 25.241569 0.141743 1.404513
v 27.588817 0.141743 -1.404513
v 25.078305 0.141743 -1.188477
v 27.752081 0.141743 1.171782
v 27.197610 0.141743 1.404513
v 27.197610 0.141743 1.236312
v 25.632776 0.141743 -1.354105
v 27.752081 0.000517 1.344734
v 25.078305 0.000517 -1.344734
v 25.078306 0.000517 1.344735
v 27.752080 0.000517 -1.344735
v 25.632776 0.000517 -1.504068
v 27.197610 0.000517 1.404513
v 25.078306 0.000517 1.171783
v 27.752081 0.000517 1.171782
v 25.078305 0.000517 -1.188477
v 27.752080 0.000517 -1.188478
v 27.197609 0.000517 -1.354106
v 25.632776 0.000517 -1.354105
v 25.632777 0.000517 1.236313
v 27.197610 0.000517 1.236312
v 27.197609 0.000517 -1.504069
v 25.632777 0.000517 1.404513
vt 0.341706 0.295846
vt 0.374945 0.313856
vt 0.338636 0.302702
vt 0.106003 0.824391
vt 0.058062 0.557294
vt 0.105002 0.557030
vt 0.297033 0.476037
vt 0.257264 0.462621
vt 0.299208 0.467160
vt 0.699363 0.668780
vt 0.427707 0.806337
vt 0.427707 0.668780
vt 0.696704 0.595730
vt 0.431379 0.640802
vt 0.431131 0.595794
vt 0.206673 0.834992
vt 0.196163 0.824391
vt 0.206673 0.824391
vt 0.406450 0.316198
vt 0.397468 0.449715
vt 0.396961 0.320969
vt 0.344189 0.287080
vt 0.383925 0.308191
vt 0.234554 0.454914
vt 0.244124 0.321050
vt 0.244105 0.450054
vt 0.516808 0.814129
vt 0.245152 0.951686
vt 0.245152 0.814129
vt 0.388625 0.446082
vt 0.388067 0.324587
vt 0.265881 0.456840
vt 0.302174 0.460077
vt 0.285551 0.350848
vt 0.256877 0.317454
vt 0.266171 0.313975
vt 0.431479 0.660418
vt 0.696704 0.649630
vt 0.696704 0.658462
vt 0.431429 0.650913
vt 0.696704 0.640415
vt 0.393475 0.457740
vt 0.384413 0.462200
vt 0.384849 0.453190
vt 0.039868 0.557450
vt 0.049187 0.824391
vt 0.039868 0.824391
vt 0.049187 0.557365
vt 0.059998 0.824391
vt 0.248099 0.312964
vt 0.253006 0.324707
vt 0.257178 0.308300
vt 0.248122 0.458152
vt 0.249754 0.470510
vt 0.239408 0.464526
vt 0.393005 0.312857
vt 0.391682 0.300611
vt 0.401742 0.306670
vt 0.206673 0.398509
vt 0.215880 0.341317
vt 0.215880 0.398509
vt 0.180183 0.398509
vt 0.198063 0.398509
vt 0.193040 0.405681
vt 0.406864 0.454526
vt 0.391899 0.469999
vt 0.402108 0.464023
vt 0.234733 0.316283
vt 0.249412 0.300720
vt 0.239390 0.306802
vt 0.253006 0.446426
vt 0.256803 0.453560
vt 0.384214 0.317334
vt 0.672393 0.829814
vt 0.668773 0.829175
vt 0.672393 0.821448
vt 0.706419 0.648073
vt 0.706419 0.616284
vt 0.049187 0.834992
vt 0.696704 0.488186
vt 0.706419 0.498576
vt 0.696704 0.497020
vt 0.696704 0.506240
vt 0.084688 0.834992
vt 0.215880 0.824391
vt 0.149806 0.824391
vt 0.171397 0.834992
vt 0.149022 0.834992
vt 0.297087 0.287076
vt 0.299555 0.295934
vt 0.197517 0.557126
vt 0.150545 0.556923
vt 0.302604 0.302883
vt 0.819176 0.957723
vt 0.815555 0.965450
vt 0.815555 0.956190
vt 0.696704 0.551016
vt 0.706419 0.530385
vt 0.706419 0.552075
vt 0.375817 0.456482
vt 0.342625 0.466929
vt 0.339642 0.459858
vt 0.431340 0.505758
vt 0.431079 0.550766
vt 0.344836 0.475810
vt 0.785868 0.959645
vt 0.785868 0.968651
vt 0.764921 0.968651
vt 0.320666 0.336190
vt 0.355721 0.350700
vt 0.370354 0.385804
vt 0.150371 0.395193
vt 0.106053 0.341317
vt 0.152302 0.341317
vt 0.206673 0.418489
vt 0.215880 0.418489
vt 0.222453 0.494773
vt 0.431394 0.495648
vt 0.222480 0.485470
vt 0.431446 0.486144
vt 0.039868 0.341317
vt 0.049187 0.398509
vt 0.039868 0.398509
vt 0.039871 0.814129
vt 0.094388 0.951686
vt 0.039871 0.951686
vt 0.222427 0.668780
vt 0.276943 0.668780
vt 0.222427 0.806337
vt 0.215880 0.557262
vt 0.206673 0.557190
vt 0.057903 0.416813
vt 0.049187 0.416813
vt 0.039868 0.416813
vt 0.111106 0.951686
vt 0.293662 0.668780
vt 0.058045 0.341317
vt 0.049187 0.341317
vt 0.198063 0.341317
vt 0.206673 0.341317
vt 0.222478 0.661063
vt 0.058045 0.398509
vt 0.062838 0.403339
vt 0.075707 0.398509
vt 0.198047 0.418489
vt 0.222422 0.641575
vt 0.222425 0.596018
vt 0.222451 0.651758
vt 0.222422 0.504954
vt 0.222423 0.550505
vt 0.105464 0.395356
vt 0.785868 0.812917
vt 0.785868 0.820946
vt 0.764921 0.807586
vt 0.702082 0.959645
vt 0.702082 0.820946
vt 0.819176 0.829175
vt 0.815555 0.829814
vt 0.815555 0.821448
vt 0.525925 0.818635
vt 0.516808 0.951686
vt 0.672393 0.956190
vt 0.672393 0.965450
vt 0.668773 0.957723
vt 0.723028 0.807586
vt 0.708481 0.673285
vt 0.699363 0.806337
vt 0.706419 0.594658
vt 0.723028 0.968651
vt 0.702082 0.968651
vt 0.702082 0.812917
vt 0.106767 0.834992
vt 0.270975 0.385977
vt 0.285320 0.421207
vt 0.320842 0.436104
vt 0.356300 0.421013
vt 0.817684 0.492855
vt 0.808961 0.455905
vt 0.817684 0.455905
vt 0.817684 0.566754
vt 0.808961 0.529804
vt 0.817684 0.529804
vt 0.817685 0.640653
vt 0.808961 0.603703
vt 0.817684 0.603703
vt 0.808961 0.418956
vt 0.817684 0.418956
vt 0.808961 0.492855
vt 0.808961 0.566754
vt 0.817685 0.677602
vt 0.808961 0.640653
vt 0.808961 0.382006
vt 0.817684 0.382006
vt 0.802664 0.418956
vt 0.802664 0.492855
vt 0.802664 0.566754
vt 0.808961 0.677602
vt 0.802664 0.640653
vt 0.802664 0.382006
vt 0.802664 0.455905
vt 0.802664 0.529804
vt 0.802664 0.603703
vt 0.487428 0.466655
vt 0.428600 0.442288
vt 0.428600 0.407826
vt 0.511796 0.407826
vt 0.452967 0.383459
vt 0.487428 0.383459
vt 0.085711 0.095554
vt 0.089442 0.081255
vt 0.089442 0.095554
vt 0.089442 0.152747
vt 0.085711 0.138449
vt 0.089442 0.138449
vt 0.085711 0.124150
vt 0.089442 0.109852
vt 0.089442 0.124150
vt 0.085711 0.109852
vt 0.085711 0.066957
vt 0.089442 0.066957
vt 0.154001 0.162548
vt 0.144265 0.185659
vt 0.144265 0.162548
vt 0.134528 0.162548
vt 0.124792 0.185659
vt 0.124792 0.162548
vt 0.115056 0.162548
vt 0.115056 0.185659
vt 0.095583 0.162548
vt 0.105319 0.185659
vt 0.095583 0.185659
vt 0.134528 0.185659
vt 0.105319 0.162548
vt 0.191449 0.190672
vt 0.186101 0.194342
vt 0.186101 0.190672
vt 0.170143 0.190672
vt 0.175499 0.194432
vt 0.170143 0.195506
vt 0.196895 0.193535
vt 0.191449 0.195506
vt 0.180812 0.191117
vt 0.180809 0.190672
vt 0.175499 0.190672
vt 0.164702 0.193455
vt 0.164702 0.190672
vt 0.104640 0.127555
vt 0.095583 0.132959
vt 0.095583 0.127555
vt 0.152179 0.127555
vt 0.152179 0.132959
vt 0.143121 0.127555
vt 0.152179 0.145085
vt 0.143121 0.153372
vt 0.145807 0.142843
vt 0.104640 0.153372
vt 0.101899 0.135854
vt 0.133608 0.153372
vt 0.133608 0.127555
vt 0.123881 0.153372
vt 0.114154 0.127555
vt 0.123881 0.127555
vt 0.145807 0.135864
vt 0.114154 0.153372
vt 0.074273 0.124666
vt 0.068948 0.114248
vt 0.074273 0.114248
vt 0.074274 0.135084
vt 0.068948 0.127309
vt 0.074273 0.103830
vt 0.068948 0.093412
vt 0.074273 0.093412
vt 0.068948 0.103830
vt 0.068948 0.082994
vt 0.074273 0.082994
vt 0.068948 0.080351
vt 0.191931 0.163608
vt 0.192528 0.167597
vt 0.189683 0.168069
vt 0.195439 0.139971
vt 0.189067 0.133231
vt 0.195439 0.136909
vt 0.204462 0.124342
vt 0.201811 0.133231
vt 0.201811 0.125873
vt 0.186416 0.134761
vt 0.189067 0.125873
vt 0.204462 0.134761
vt 0.199331 0.162755
vt 0.199820 0.166691
vt 0.205540 0.155505
vt 0.198101 0.150173
vt 0.201917 0.148229
vt 0.187502 0.157308
vt 0.176620 0.150029
vt 0.190697 0.150757
vt 0.204224 0.163912
vt 0.201612 0.155897
vt 0.197830 0.146267
vt 0.190553 0.146724
vt 0.178212 0.166955
vt 0.168461 0.170950
vt 0.168482 0.167006
vt 0.166336 0.147953
vt 0.176916 0.145917
vt 0.187664 0.146789
vt 0.174145 0.158642
vt 0.164446 0.168167
vt 0.165924 0.159464
vt 0.163417 0.151343
vt 0.162393 0.159817
vt 0.165045 0.065017
vt 0.156860 0.072076
vt 0.156891 0.061445
vt 0.167099 0.151806
vt 0.173231 0.072076
vt 0.165045 0.075795
vt 0.074274 0.072576
vt 0.068949 0.072575
vt 0.068948 0.124666
vt 0.173199 0.061445
vt 0.165045 0.054740
vt 0.171841 0.050913
vt 0.202196 0.122982
vt 0.186416 0.124342
vt 0.188682 0.122982
vt 0.095583 0.145085
vt 0.101899 0.142795
vt 0.174714 0.111491
vt 0.169379 0.120731
vt 0.169379 0.108411
vt 0.164044 0.117651
vt 0.164044 0.111491
vt 0.212754 0.094197
vt 0.209023 0.108496
vt 0.212754 0.108496
vt 0.212754 0.151390
vt 0.209023 0.165689
vt 0.212754 0.165689
vt 0.212754 0.137092
vt 0.209023 0.122794
vt 0.209023 0.137092
vt 0.212754 0.122794
vt 0.212754 0.079899
vt 0.209023 0.094197
vt 0.209023 0.151390
vt 0.142653 0.120870
vt 0.152389 0.097759
vt 0.142653 0.097759
vt 0.123180 0.120870
vt 0.132916 0.097759
vt 0.123180 0.097759
vt 0.113444 0.097759
vt 0.093971 0.120870
vt 0.103707 0.097759
vt 0.093971 0.097759
vt 0.132916 0.120870
vt 0.113444 0.120870
vt 0.186434 0.184285
vt 0.191782 0.180615
vt 0.186434 0.180615
vt 0.170476 0.180615
vt 0.175832 0.184375
vt 0.175832 0.180615
vt 0.197228 0.183478
vt 0.197228 0.180615
vt 0.181145 0.181060
vt 0.181142 0.180615
vt 0.165035 0.183398
vt 0.165035 0.180615
vt 0.103028 0.062766
vt 0.093971 0.062766
vt 0.093971 0.068170
vt 0.150567 0.062766
vt 0.141509 0.062766
vt 0.150567 0.068170
vt 0.150567 0.080296
vt 0.141509 0.088583
vt 0.150567 0.088583
vt 0.100287 0.071065
vt 0.103028 0.088583
vt 0.131996 0.062766
vt 0.112542 0.062766
vt 0.122269 0.088583
vt 0.122269 0.062766
vt 0.131996 0.088583
vt 0.144195 0.071075
vt 0.144195 0.078054
vt 0.112542 0.088583
vt 0.077386 0.115695
vt 0.082711 0.126113
vt 0.082711 0.115695
vt 0.077386 0.128755
vt 0.082712 0.136531
vt 0.077386 0.094859
vt 0.082711 0.105277
vt 0.082711 0.094859
vt 0.077386 0.105277
vt 0.077386 0.084440
vt 0.082711 0.084440
vt 0.077386 0.081798
vt 0.190319 0.098819
vt 0.188071 0.103280
vt 0.190916 0.102808
vt 0.169937 0.135888
vt 0.160914 0.133740
vt 0.169937 0.138950
vt 0.176309 0.124852
vt 0.178961 0.133740
vt 0.178961 0.123321
vt 0.163566 0.132210
vt 0.160914 0.123321
vt 0.176309 0.132210
vt 0.197719 0.097966
vt 0.198208 0.101902
vt 0.196489 0.085384
vt 0.203928 0.090716
vt 0.200305 0.083440
vt 0.175008 0.085240
vt 0.185890 0.092519
vt 0.189085 0.085968
vt 0.200000 0.091108
vt 0.202612 0.099123
vt 0.196218 0.081478
vt 0.188941 0.081935
vt 0.176600 0.102166
vt 0.166849 0.106161
vt 0.177667 0.106161
vt 0.164724 0.083164
vt 0.175304 0.081128
vt 0.186052 0.082000
vt 0.162834 0.103378
vt 0.164312 0.094675
vt 0.160781 0.095028
vt 0.161805 0.086554
vt 0.172533 0.093853
vt 0.166870 0.102217
vt 0.179117 0.071687
vt 0.187301 0.064628
vt 0.179148 0.061056
vt 0.165487 0.087017
vt 0.195488 0.071687
vt 0.195456 0.061056
vt 0.082712 0.074022
vt 0.077386 0.126113
vt 0.187301 0.054351
vt 0.180506 0.050524
vt 0.176694 0.121961
vt 0.163566 0.124852
vt 0.163180 0.121961
vt 0.093971 0.080296
vt 0.093971 0.088583
vt 0.195906 0.109125
vt 0.201241 0.118365
vt 0.201241 0.112205
vt 0.190571 0.118365
vt 0.190571 0.112205
vt 0.754370 0.710321
vt 0.754370 0.666617
vt 0.743971 0.754024
vt 0.733717 0.754024
vt 0.733717 0.622914
vt 0.743971 0.622914
vt 0.716345 0.751612
vt 0.773249 0.569085
vt 0.749986 0.613449
vt 0.749995 0.569085
vt 0.533918 0.816235
vt 0.575215 0.956233
vt 0.549411 0.956168
vt 0.618907 0.956233
vt 0.660205 0.816235
vt 0.644712 0.956168
vt 0.756804 0.542099
vt 0.533781 0.939966
vt 0.538294 0.951416
vt 0.773249 0.665365
vt 0.765347 0.792183
vt 0.764585 0.665365
vt 0.765339 0.390302
vt 0.773249 0.517156
vt 0.764586 0.517156
vt 0.773249 0.529542
vt 0.773249 0.652982
vt 0.773249 0.542099
vt 0.760811 0.529542
vt 0.773249 0.613449
vt 0.756801 0.640427
vt 0.760810 0.652982
vt 0.773249 0.640427
vt 0.655829 0.951416
vt 0.660343 0.939966
vt 0.791850 0.569085
vt 0.791850 0.613449
vt 0.791850 0.652982
vt 0.791850 0.665365
vt 0.791850 0.640427
vt 0.791850 0.529542
vt 0.791850 0.517156
vt 0.791850 0.542099
vt 0.773249 0.792183
vt 0.791850 0.792183
vt 0.773249 0.390302
vt 0.791850 0.390302
vt 0.130915 0.509775
vt 0.138822 0.517096
vt 0.130915 0.517096
vt 0.080333 0.526364
vt 0.087870 0.495226
vt 0.087870 0.526364
vt 0.072431 0.526364
vt 0.080333 0.533681
vt 0.072431 0.533681
vt 0.146353 0.499170
vt 0.138822 0.478615
vt 0.146353 0.478615
vt 0.072431 0.495226
vt 0.064661 0.515767
vt 0.064918 0.495226
vt 0.162406 0.465372
vt 0.154918 0.495335
vt 0.154918 0.465372
vt 0.179235 0.475007
vt 0.171535 0.465372
vt 0.179235 0.465372
vt 0.174439 0.412908
vt 0.165363 0.405485
vt 0.174439 0.405485
vt 0.080333 0.495226
vt 0.174439 0.442886
vt 0.165363 0.412908
vt 0.138822 0.509775
vt 0.130915 0.478615
vt 0.162406 0.495335
vt 0.064592 0.526364
vt 0.171535 0.495335
vt 0.072431 0.487982
vt 0.080333 0.487982
vt 0.182054 0.442886
vt 0.182054 0.433246
vt 0.165363 0.442886
vt 0.174439 0.450400
vt 0.165363 0.450400
vt 0.182054 0.412908
vt 0.130915 0.471367
vt 0.138822 0.471367
vt 0.162406 0.457862
vt 0.171535 0.457862
vt 0.171535 0.502755
vt 0.162406 0.502755
vt 0.146353 0.509775
vt 0.157725 0.442886
vt 0.157725 0.412908
vt 0.123223 0.509775
vt 0.123223 0.478615
vt 0.194096 0.834992
vt 0.706419 0.637851
vt 0.706419 0.656932
vt 0.062085 0.834992
vt 0.039868 0.834992
vt 0.706419 0.489715
vt 0.706419 0.508800
vt 0.215880 0.834992
vt 0.525925 0.947181
vt 0.708481 0.801832
vt 0.802664 0.677602
vt 0.452967 0.466655
vt 0.511796 0.442288
vt 0.085711 0.081255
vt 0.085711 0.152747
vt 0.154001 0.185659
vt 0.196895 0.190672
vt 0.152179 0.153372
vt 0.068949 0.135084
vt 0.179279 0.170950
vt 0.158249 0.050913
vt 0.095583 0.153372
vt 0.174714 0.117651
vt 0.209023 0.079899
vt 0.152389 0.120870
vt 0.103707 0.120870
vt 0.191782 0.185449
vt 0.170476 0.185449
vt 0.100287 0.078006
vt 0.077387 0.136531
vt 0.187301 0.075406
vt 0.077387 0.074022
vt 0.194098 0.050524
vt 0.195906 0.121445
vt 0.716345 0.625326
vt 0.640837 0.289020
vt 0.666169 0.265699
vt 0.659425 0.289384
vt 0.674739 0.349376
vt 0.664574 0.382310
vt 0.658513 0.358430
vt 0.684493 0.315068
vt 0.707788 0.340278
vt 0.684210 0.333545
vt 0.623848 0.348558
vt 0.591066 0.338312
vt 0.614833 0.332304
vt 0.624626 0.298003
vt 0.634693 0.265167
vt 0.675434 0.298877
vt 0.708283 0.309194
vt 0.639890 0.358063
vt 0.606134 0.365671
vt 0.615124 0.313831
vt 0.607450 0.280531
vt 0.693205 0.281817
vt 0.633142 0.381754
vt 0.691784 0.366979
vt 0.591488 0.307229
vt 0.599029 0.372610
vt 0.600531 0.273537
vt 0.700322 0.274870
vt 0.630483 0.391308
vt 0.698696 0.373974
vt 0.581990 0.304594
vt 0.668829 0.256132
vt 0.667081 0.391919
vt 0.717285 0.342932
vt 0.581536 0.340737
vt 0.632176 0.255545
vt 0.717817 0.306778
vt 0.732365 0.303581
vt 0.626165 0.406527
vt 0.587820 0.382856
vt 0.589823 0.263177
vt 0.673153 0.240887
vt 0.711551 0.264615
vt 0.731128 0.346871
vt 0.709386 0.384338
vt 0.568145 0.300681
vt 0.671239 0.406527
vt 0.567004 0.343951
vt 0.628000 0.240918
vt 0.745781 0.212197
vt 0.785626 0.027147
vt 0.785626 0.212197
vt 0.945008 0.212197
vt 0.984853 0.027147
vt 0.984853 0.212197
vt 0.586399 0.212197
vt 0.626245 0.027147
vt 0.626245 0.212197
vt 0.705936 0.212197
vt 0.745781 0.027147
vt 0.905162 0.212197
vt 0.945008 0.027147
vt 0.825472 0.212197
vt 0.865317 0.027147
vt 0.865317 0.212197
vt 0.546554 0.212197
vt 0.586399 0.027147
vt 0.666090 0.212197
vt 0.705936 0.027147
vt 0.905162 0.027147
vt 0.825472 0.027147
vt 0.506709 0.212197
vt 0.546554 0.027147
vt 0.666090 0.027147
vt 0.381898 0.196210
vt 0.353168 0.167515
vt 0.384583 0.185932
vt 0.481850 0.139396
vt 0.452661 0.168098
vt 0.471457 0.136652
vt 0.382941 0.039698
vt 0.353907 0.067797
vt 0.346313 0.060032
vt 0.324814 0.138572
vt 0.345657 0.175092
vt 0.423556 0.196238
vt 0.460263 0.175882
vt 0.421882 0.049983
vt 0.385581 0.049837
vt 0.481872 0.097189
vt 0.453472 0.068168
vt 0.460970 0.060544
vt 0.335166 0.099199
vt 0.335124 0.135737
vt 0.420918 0.186079
vt 0.424531 0.039698
vt 0.471531 0.100027
vt 0.324794 0.096468
vt 0.434783 0.149965
vt 0.446649 0.129826
vt 0.371757 0.085880
vt 0.371230 0.149569
vt 0.414509 0.161425
vt 0.391994 0.074415
vt 0.435281 0.086191
vt 0.359689 0.129309
vt 0.415148 0.074499
vt 0.446885 0.106487
vt 0.359920 0.105997
vt 0.391320 0.161296
vt 0.409449 0.142213
vt 0.378982 0.124268
vt 0.421252 0.100309
vt 0.397063 0.093602
vt 0.420727 0.135642
vt 0.396413 0.142076
vt 0.379064 0.111277
vt 0.427471 0.124523
vt 0.427593 0.111549
vt 0.385800 0.100172
vt 0.410083 0.093727
vt 0.385260 0.135493
vt 0.506709 0.027147
vn -0.197202 0.673806 -0.712107
vn -0.096496 0.544078 -0.833467
vn -0.118104 0.504616 -0.855228
vn -0.224392 0.611979 -0.758374
vn 0.137598 0.568793 0.810890
vn 0.000000 0.475584 0.879670
vn 0.000000 0.434086 0.900871
vn 0.184393 0.517680 0.835468
vn -1.000000 0.000000 0.000000
vn -1.000000 0.000000 0.000000
vn -1.000000 0.000000 0.000000
vn -1.000000 0.000000 0.000000
vn 0.174202 -0.000000 0.984710
vn 0.000000 0.000000 1.000000
vn 0.000000 0.000000 1.000000
vn -0.174202 0.000000 0.984710
vn -0.174607 0.000000 0.984638
vn 0.000000 0.000000 1.000000
vn 0.000000 0.000000 1.000000
vn 0.174607 -0.000000 0.984638
vn 0.230090 -0.646973 -0.726969
vn 0.491308 -0.691011 -0.530208
vn 0.483605 -0.690807 -0.537505
vn 0.218901 -0.647102 -0.730302
vn -0.710416 0.686815 0.153603
vn -0.710416 0.686815 -0.153603
vn -0.773481 0.602885 -0.195595
vn -0.773481 0.602885 0.195595
vn -0.224392 0.611979 -0.758374
vn -0.118104 0.504616 -0.855228
vn -0.119507 0.456326 -0.881751
vn -0.250003 0.543507 -0.801310
vn 0.710416 0.686815 -0.153603
vn 0.710416 0.686815 0.153603
vn 0.773481 0.602885 0.195595
vn 0.773481 0.602885 -0.195595
vn 1.000000 0.000000 0.000000
vn 1.000000 0.000000 0.000000
vn 1.000000 0.000000 0.000000
vn 1.000000 0.000000 0.000000
vn -0.602218 0.787823 0.129104
vn -0.602218 0.787823 -0.129104
vn -0.710416 0.686815 -0.153603
vn -0.710416 0.686815 0.153603
vn 0.061103 0.572330 0.817743
vn 0.000000 0.516113 0.856521
vn 0.000000 0.475584 0.879670
vn 0.137598 0.568793 0.810890
vn -0.000000 1.000000 -0.000000
vn -0.000000 1.000000 -0.000000
vn -0.000000 1.000000 -0.000000
vn 0.675584 -0.000000 0.737283
vn 0.905518 -0.000000 0.424308
vn 0.905100 -0.000000 0.425200
vn 0.674905 -0.000000 0.737905
vn 0.174607 -0.000000 0.984638
vn 0.675584 -0.000000 0.737283
vn 0.674905 -0.000000 0.737905
vn 0.174202 -0.000000 0.984710
vn -0.602218 0.787823 0.129104
vn -0.710416 0.686815 0.153603
vn -0.480486 0.688380 0.543384
vn -0.362788 0.762375 0.535882
vn -0.362788 0.762375 0.535882
vn -0.480486 0.688380 0.543384
vn -0.137598 0.568793 0.810890
vn -0.061103 0.572330 0.817743
vn -0.675584 0.000000 -0.737283
vn -0.905518 0.000000 -0.424308
vn -0.905100 0.000000 -0.425200
vn -0.674905 0.000000 -0.737905
vn 0.602218 0.787823 -0.129104
vn 0.710416 0.686815 -0.153603
vn 0.480486 0.688380 -0.543384
vn 0.362788 0.762375 -0.535882
vn 0.362788 0.762375 -0.535882
vn 0.480486 0.688380 -0.543384
vn 0.224392 0.611979 -0.758374
vn 0.197202 0.673806 -0.712107
vn 0.773481 0.602885 0.195595
vn 0.710416 0.686815 0.153603
vn 0.480486 0.688380 0.543384
vn 0.544401 0.621001 0.563901
vn 0.184393 0.517680 0.835468
vn 0.544401 0.621001 0.563901
vn 0.480486 0.688380 0.543384
vn 0.137598 0.568793 0.810890
vn -0.773481 0.602885 -0.195595
vn -0.710416 0.686815 -0.153603
vn -0.480486 0.688380 -0.543384
vn -0.544401 0.621001 -0.563901
vn -0.250003 0.543507 -0.801310
vn -0.544401 0.621001 -0.563901
vn -0.480486 0.688380 -0.543384
vn -0.224392 0.611979 -0.758374
vn 0.904776 0.000000 -0.425889
vn 0.904853 0.000000 -0.425725
vn 0.674537 0.000000 -0.738241
vn 0.674383 0.000000 -0.738382
vn 0.231508 0.000000 -0.972833
vn 0.231508 0.000000 -0.972833
vn 0.287495 0.000000 -0.957782
vn 0.330203 0.000000 -0.943910
vn -0.480486 0.688380 0.543384
vn -0.710416 0.686815 0.153603
vn -0.773481 0.602885 0.195595
vn -0.544401 0.621001 0.563901
vn -0.480486 0.688380 0.543384
vn -0.544401 0.621001 0.563901
vn -0.184393 0.517680 0.835468
vn -0.137598 0.568793 0.810890
vn 0.480486 0.688380 -0.543384
vn 0.710416 0.686815 -0.153603
vn 0.773481 0.602885 -0.195595
vn 0.544401 0.621001 -0.563901
vn 0.480486 0.688380 -0.543384
vn 0.544401 0.621001 -0.563901
vn 0.250003 0.543507 -0.801310
vn 0.224392 0.611979 -0.758374
vn 0.480486 0.688380 0.543384
vn 0.710416 0.686815 0.153603
vn 0.602218 0.787823 0.129104
vn 0.362788 0.762375 0.535882
vn 0.137598 0.568793 0.810890
vn 0.480486 0.688380 0.543384
vn 0.362788 0.762375 0.535882
vn 0.061103 0.572330 0.817743
vn -0.480486 0.688380 -0.543384
vn -0.710416 0.686815 -0.153603
vn -0.602218 0.787823 -0.129104
vn -0.362788 0.762375 -0.535882
vn -0.224392 0.611979 -0.758374
vn -0.480486 0.688380 -0.543384
vn -0.362788 0.762375 -0.535882
vn -0.197202 0.673806 -0.712107
vn 0.602218 0.787823 -0.129104
vn 0.602218 0.787823 0.129104
vn 0.710416 0.686815 0.153603
vn 0.710416 0.686815 -0.153603
vn 0.000000 -1.000000 0.000000
vn 0.000000 -1.000000 0.000000
vn 0.000000 -1.000000 0.000000
vn 0.483605 -0.690807 0.537505
vn 0.491308 -0.691011 0.530208
vn 0.161699 -0.632497 0.757496
vn 0.104505 -0.615427 0.781235
vn 0.161699 -0.632497 0.757496
vn 0.000000 -0.578131 0.815944
vn 0.000000 -0.578131 0.815944
vn 0.000000 -0.578131 0.815944
vn 0.104505 -0.615427 0.781235
vn 0.740179 -0.643182 0.196094
vn 0.491308 -0.691011 0.530208
vn 0.483605 -0.690807 0.537505
vn 0.770098 -0.624498 0.130200
vn -0.483605 -0.690807 -0.537505
vn -0.491308 -0.691011 -0.530208
vn -0.230090 -0.646973 -0.726969
vn -0.218901 -0.647102 -0.730302
vn -0.740179 -0.643182 -0.196094
vn -0.491308 -0.691011 -0.530208
vn -0.483605 -0.690807 -0.537505
vn -0.770098 -0.624498 -0.130200
vn -0.483605 -0.690807 0.537505
vn -0.491308 -0.691011 0.530208
vn -0.740179 -0.643182 0.196094
vn -0.770098 -0.624498 0.130200
vn -0.161699 -0.632497 0.757496
vn -0.491308 -0.691011 0.530208
vn -0.483605 -0.690807 0.537505
vn -0.104505 -0.615427 0.781235
vn -0.230090 -0.646973 -0.726969
vn -0.103600 -0.591800 -0.799400
vn -0.094599 -0.587892 -0.803389
vn -0.185400 -0.615400 -0.766100
vn -0.218901 -0.647102 -0.730302
vn 0.483605 -0.690807 -0.537505
vn 0.491308 -0.691011 -0.530208
vn 0.740179 -0.643182 -0.196094
vn 0.770098 -0.624498 -0.130200
vn 0.185400 -0.615400 -0.766100
vn 0.094599 -0.587892 -0.803389
vn 0.103600 -0.591800 -0.799400
vn 0.230090 -0.646973 -0.726969
vn 0.218901 -0.647102 -0.730302
vn -0.103600 -0.591800 -0.799400
vn 0.103600 -0.591800 -0.799400
vn 0.094599 -0.587892 -0.803389
vn -0.094599 -0.587892 -0.803389
vn 0.119507 0.456326 -0.881751
vn 0.118104 0.504616 -0.855228
vn 0.224392 0.611979 -0.758374
vn 0.250003 0.543507 -0.801310
vn -0.118104 0.504616 -0.855228
vn 0.118104 0.504616 -0.855228
vn 0.119507 0.456326 -0.881751
vn -0.119507 0.456326 -0.881751
vn 0.118104 0.504616 -0.855228
vn 0.096496 0.544078 -0.833467
vn 0.197202 0.673806 -0.712107
vn 0.224392 0.611979 -0.758374
vn -0.096496 0.544078 -0.833467
vn 0.096496 0.544078 -0.833467
vn 0.118104 0.504616 -0.855228
vn -0.118104 0.504616 -0.855228
vn 0.000000 -1.000000 0.000000
vn 0.000000 -1.000000 0.000000
vn 0.000000 -1.000000 0.000000
vn 0.000000 -0.578131 0.815944
vn 0.000000 -0.578131 0.815944
vn 0.000000 -0.578131 0.815944
vn -0.161699 -0.632497 0.757496
vn -0.104505 -0.615427 0.781235
vn 0.000000 -0.578131 0.815944
vn 0.000000 -0.578131 0.815944
vn 0.000000 -0.578131 0.815944
vn 0.000000 -0.578131 0.815944
vn 0.000000 0.475584 0.879670
vn 0.000000 0.516113 0.856521
vn -0.061103 0.572330 0.817743
vn -0.137598 0.568793 0.810890
vn 0.000000 0.516113 0.856521
vn 0.000000 0.516113 0.856521
vn 0.000000 0.475584 0.879670
vn 0.000000 0.475584 0.879670
vn 0.000000 0.434086 0.900871
vn 0.000000 0.475584 0.879670
vn -0.137598 0.568793 0.810890
vn -0.184393 0.517680 0.835468
vn 0.000000 0.434086 0.900871
vn 0.000000 0.475584 0.879670
vn 0.000000 0.475584 0.879670
vn 0.000000 0.434086 0.900871
vn -0.000000 1.000000 -0.000000
vn -0.000000 1.000000 -0.000000
vn -0.000000 1.000000 -0.000000
vn -0.000000 1.000000 -0.000000
vn -0.000000 1.000000 -0.000000
vn -0.000000 1.000000 -0.000000
vn -0.000000 1.000000 -0.000000
vn -0.000000 1.000000 -0.000000
vn -0.000000 1.000000 -0.000000
vn -0.000000 1.000000 -0.000000
vn -0.000000 1.000000 -0.000000
vn -0.000000 1.000000 -0.000000
vn -0.000000 1.000000 -0.000000
vn -0.000000 1.000000 -0.000000
vn -0.000000 1.000000 -0.000000
vn -0.000000 1.000000 -0.000000
vn -0.000000 1.000000 -0.000000
vn -0.000000 1.000000 -0.000000
vn -0.000000 1.000000 -0.000000
vn -0.000000 1.000000 -0.000000
vn -0.116598 0.000000 -0.993179
vn 0.116598 0.000000 -0.993179
vn 0.116598 0.000000 -0.993179
vn -0.116598 0.000000 -0.993179
vn 0.904853 0.000000 -0.425725
vn 0.904871 0.000000 -0.425686
vn 0.674592 0.000000 -0.738191
vn 0.674537 0.000000 -0.738241
vn -0.674383 0.000000 0.738382
vn -0.674905 0.000000 0.737905
vn -0.174202 0.000000 0.984710
vn -0.173797 0.000000 0.984782
vn -0.904776 0.000000 0.425889
vn -0.905100 0.000000 0.425200
vn -0.674905 0.000000 0.737905
vn -0.674383 0.000000 0.738382
vn -0.674537 0.000000 -0.738241
vn -0.904853 0.000000 -0.425725
vn -0.904776 0.000000 -0.425889
vn -0.674383 0.000000 -0.738382
vn 1.000000 0.000000 0.000000
vn 1.000000 0.000000 0.000000
vn 1.000000 0.000000 0.000000
vn 1.000000 0.000000 0.000000
vn 1.000000 0.000000 0.000000
vn 1.000000 0.000000 0.000000
vn -1.000000 0.000000 0.000000
vn -1.000000 0.000000 0.000000
vn -1.000000 0.000000 0.000000
vn -1.000000 0.000000 0.000000
vn -1.000000 0.000000 0.000000
vn -1.000000 0.000000 0.000000
vn -0.905100 0.000000 0.425200
vn -0.905518 0.000000 0.424308
vn -0.675584 0.000000 0.737283
vn -0.674905 0.000000 0.737905
vn -0.674905 0.000000 0.737905
vn -0.675584 0.000000 0.737283
vn -0.174607 0.000000 0.984638
vn -0.174202 0.000000 0.984710
vn 0.675584 0.000000 -0.737283
vn 0.905100 0.000000 -0.425200
vn 0.905518 0.000000 -0.424308
vn 0.674905 0.000000 -0.737905
vn 0.675584 0.000000 -0.737283
vn 0.288100 0.000000 -0.957600
vn 0.116499 0.000000 -0.993191
vn -0.116499 0.000000 -0.993191
vn -0.288100 0.000000 -0.957600
vn -0.675584 0.000000 -0.737283
vn -0.674905 0.000000 -0.737905
vn -0.306310 0.000000 -0.951932
vn -0.116499 0.000000 -0.993191
vn 0.116499 0.000000 -0.993191
vn 0.306310 0.000000 -0.951932
vn -0.674905 0.000000 -0.737905
vn -0.674592 0.000000 -0.738191
vn -0.330203 0.000000 -0.943910
vn -0.306310 0.000000 -0.951932
vn 0.231508 0.000000 -0.972833
vn 0.116598 0.000000 -0.993179
vn 0.116598 0.000000 -0.993179
vn 0.287495 0.000000 -0.957782
vn 0.287495 0.000000 -0.957782
vn -0.674905 0.000000 -0.737905
vn -0.905100 0.000000 -0.425200
vn -0.904871 0.000000 -0.425686
vn -0.674592 0.000000 -0.738191
vn -0.674537 0.000000 -0.738241
vn -0.674383 0.000000 -0.738382
vn -0.287495 0.000000 -0.957782
vn -0.287495 0.000000 -0.957782
vn 0.287495 0.000000 -0.957782
vn 0.674537 0.000000 -0.738241
vn 0.674592 0.000000 -0.738191
vn 0.330203 0.000000 -0.943910
vn 0.287495 0.000000 -0.957782
vn 0.674383 0.000000 -0.738382
vn 0.674537 0.000000 -0.738241
vn 0.287495 0.000000 -0.957782
vn 0.674905 -0.000000 0.737905
vn 0.905100 -0.000000 0.425200
vn 0.904776 -0.000000 0.425889
vn 0.674383 -0.000000 0.738382
vn -0.231508 0.000000 -0.972833
vn -0.330203 0.000000 -0.943910
vn -0.287495 0.000000 -0.957782
vn -0.231508 0.000000 -0.972833
vn -0.287495 0.000000 -0.957782
vn -0.116598 0.000000 -0.993179
vn -0.116598 0.000000 -0.993179
vn -0.231508 0.000000 -0.972833
vn -0.287495 0.000000 -0.957782
vn 0.174202 -0.000000 0.984710
vn 0.674905 -0.000000 0.737905
vn 0.674383 -0.000000 0.738382
vn 0.173797 -0.000000 0.984782
vn -0.674592 0.000000 -0.738191
vn -0.904871 0.000000 -0.425686
vn -0.904853 0.000000 -0.425725
vn -0.674537 0.000000 -0.738241
vn 0.173797 -0.000000 0.984782
vn 0.000000 0.000000 1.000000
vn 0.000000 0.000000 1.000000
vn -0.173797 0.000000 0.984782
vn -0.174202 0.000000 0.984710
vn 0.000000 0.000000 1.000000
vn 0.000000 0.000000 1.000000
vn 0.174202 -0.000000 0.984710
vn 0.904871 0.000000 -0.425686
vn 0.905100 0.000000 -0.425200
vn 0.674905 0.000000 -0.737905
vn 0.674592 0.000000 -0.738191
vn 0.330203 0.000000 -0.943910
vn 0.674592 0.000000 -0.738191
vn 0.674905 0.000000 -0.737905
vn 0.306310 0.000000 -0.951932
vn -0.287495 0.000000 -0.957782
vn -0.330203 0.000000 -0.943910
vn -0.674592 0.000000 -0.738191
vn -0.674537 0.000000 -0.738241
vn 0.000000 -1.000000 0.000000
vn 0.000000 -1.000000 0.000000
vn 0.000000 -1.000000 0.000000
vn 0.000000 -1.000000 0.000000
vn 0.000000 -1.000000 0.000000
vn 0.000000 -1.000000 0.000000
vn 0.000000 -1.000000 0.000000
vn 0.740179 -0.643182 -0.196094
vn 0.740179 -0.643182 0.196094
vn 0.770098 -0.624498 0.130200
vn 0.770098 -0.624498 -0.130200
vn 0.000000 -1.000000 0.000000
vn 0.000000 -1.000000 0.000000
vn 0.000000 -1.000000 0.000000
vn 0.000000 -1.000000 0.000000
vn 0.000000 -1.000000 0.000000
vn 0.000000 -1.000000 0.000000
vn 0.000000 -1.000000 0.000000
vn 0.000000 -1.000000 0.000000
vn 0.000000 -1.000000 0.000000
vn 0.000000 -1.000000 0.000000
vn 0.000000 -1.000000 0.000000
vn -0.740179 -0.643182 0.196094
vn -0.740179 -0.643182 -0.196094
vn -0.770098 -0.624498 -0.130200
vn -0.770098 -0.624498 0.130200
vn 0.000000 -1.000000 0.000000
vn 0.000000 -1.000000 0.000000
vn 0.000000 -1.000000 0.000000
vn 0.000000 -1.000000 0.000000
vn 0.000000 -1.000000 0.000000
vn 0.000000 -1.000000 0.000000
vn 0.000000 -1.000000 0.000000
vn 0.000000 -1.000000 0.000000
vn 0.000000 -1.000000 0.000000
vn 0.000000 -1.000000 0.000000
vn 0.000000 -1.000000 0.000000
vn 0.000000 -1.000000 0.000000
vn 0.000000 -1.000000 0.000000
vn 0.000000 -1.000000 0.000000
vn 0.000000 -1.000000 0.000000
vn 0.000000 -1.000000 0.000000
vn -0.000000 1.000000 -0.000000
vn -0.000000 1.000000 -0.000000
vn -0.000000 1.000000 -0.000000
vn -0.000000 1.000000 -0.000000
vn -0.000000 1.000000 -0.000000
vn -0.000000 1.000000 -0.000000
vn -0.000000 1.000000 -0.000000
vn -0.000000 1.000000 -0.000000
vn -0.000000 1.000000 -0.000000
vn -0.000000 1.000000 -0.000000
vn -0.000000 1.000000 -0.000000
vn -0.000000 1.000000 -0.000000
vn -0.000000 1.000000 -0.000000
vn -0.000000 1.000000 -0.000000
vn -0.000000 1.000000 -0.000000
vn -0.000000 1.000000 -0.000000
vn -0.000000 1.000000 -0.000000
vn -0.000000 1.000000 -0.000000
vn -0.000000 1.000000 -0.000000
vn -0.000000 1.000000 -0.000000
vn -0.000000 1.000000 -0.000000
vn -0.000000 1.000000 -0.000000
vn -0.000000 1.000000 -0.000000
vn -0.000000 1.000000 -0.000000
vn -0.000000 1.000000 -0.000000
vn -0.000000 1.000000 -0.000000
vn -0.000000 1.000000 -0.000000
vn -0.000000 1.000000 -0.000000
vn -0.000000 1.000000 -0.000000
vn -0.000000 1.000000 -0.000000
vn -0.000000 1.000000 -0.000000
vn -0.000000 1.000000 -0.000000
vn -0.000000 1.000000 -0.000000
vn -0.000000 1.000000 -0.000000
vn -0.000000 1.000000 -0.000000
vn -0.000000 1.000000 -0.000000
vn -0.000000 1.000000 -0.000000
vn -0.000000 1.000000 -0.000000
vn -0.000000 1.000000 -0.000000
vn -0.000000 1.000000 -0.000000
vn -0.000000 1.000000 -0.000000
vn -0.000000 1.000000 -0.000000
vn -0.000000 1.000000 -0.000000
vn -0.000000 1.000000 -0.000000
vn -0.000000 1.000000 -0.000000
vn 1.000000 0.000000 0.000000
vn 1.000000 0.000000 0.000000
vn 0.707107 0.000000 -0.707107
vn 0.707107 0.000000 -0.707107
vn 0.000000 0.000000 -1.000000
vn 0.000000 0.000000 -1.000000
vn -0.707107 0.000000 -0.707107
vn -0.707107 0.000000 -0.707107
vn -1.000000 0.000000 0.000000
vn -1.000000 0.000000 0.000000
vn -0.707107 0.000000 0.707107
vn -0.707107 0.000000 0.707107
vn 0.707107 -0.000000 0.707107
vn 0.707107 -0.000000 0.707107
vn 1.000000 0.000000 0.000000
vn 1.000000 0.000000 0.000000
vn 0.707107 0.000000 -0.707107
vn 0.707107 0.000000 -0.707107
vn 0.000000 0.000000 -1.000000
vn 0.000000 0.000000 -1.000000
vn -0.707107 0.000000 -0.707107
vn -0.707107 0.000000 -0.707107
vn -1.000000 0.000000 0.000000
vn -1.000000 0.000000 0.000000
vn -0.707107 0.000000 0.707107
vn -0.707107 0.000000 0.707107
vn 0.000000 0.000000 1.000000
vn 0.000000 0.000000 1.000000
vn 0.000000 0.000000 1.000000
vn 0.000000 0.000000 1.000000
vn 0.707107 -0.000000 0.707107
vn 0.707107 -0.000000 0.707107
vn 0.411509 0.813217 0.411509
vn 0.411509 0.813217 0.411509
vn 0.581995 0.813193 0.000000
vn 0.581995 0.813193 0.000000
vn 0.411509 0.813217 -0.411509
vn 0.411509 0.813217 -0.411509
vn -0.000000 0.813193 -0.581995
vn -0.000000 0.813193 -0.581995
vn -0.411509 0.813217 -0.411509
vn -0.411509 0.813217 -0.411509
vn -0.581995 0.813193 -0.000000
vn -0.581995 0.813193 -0.000000
vn -0.411509 0.813217 0.411509
vn -0.411509 0.813217 0.411509
vn 0.000000 0.813193 0.581995
vn 0.000000 0.813193 0.581995
vn 0.000000 0.813193 0.581995
vn 0.000000 0.813193 0.581995
vn 0.411509 0.813217 0.411509
vn 0.411509 0.813217 0.411509
vn 0.581995 0.813193 0.000000
vn 0.581995 0.813193 0.000000
vn 0.411509 0.813217 -0.411509
vn 0.411509 0.813217 -0.411509
vn -0.000000 0.813193 -0.581995
vn -0.000000 0.813193 -0.581995
vn -0.411509 0.813217 -0.411509
vn -0.411509 0.813217 -0.411509
vn -0.581995 0.813193 -0.000000
vn -0.581995 0.813193 -0.000000
vn -0.411509 0.813217 0.411509
vn -0.411509 0.813217 0.411509
vn -0.000000 1.000000 -0.000000
vn -0.000000 1.000000 -0.000000
vn -0.000000 1.000000 -0.000000
vn -0.000000 1.000000 -0.000000
vn -0.000000 1.000000 -0.000000
vn -0.000000 1.000000 -0.000000
vn -0.000000 1.000000 -0.000000
vn -0.000000 1.000000 -0.000000
vn -0.000000 1.000000 -0.000000
vn -0.866019 0.500011 -0.000000
vn -0.866019 -0.500011 0.000000
vn -0.866019 0.500011 -0.000000
vn 0.000000 -1.000000 0.000000
vn 0.866019 -0.500011 0.000000
vn 0.866019 -0.500011 0.000000
vn 0.866019 0.500011 0.000000
vn -0.000000 1.000000 -0.000000
vn 0.866019 0.500011 0.000000
vn -0.000000 1.000000 -0.000000
vn -0.866019 0.500011 -0.000000
vn -0.000000 1.000000 -0.000000
vn -0.866019 -0.500011 0.000000
vn 0.000000 -1.000000 0.000000
vn 0.000000 -1.000000 0.000000
vn 0.866019 -0.500011 0.000000
vn 0.866019 0.500011 0.000000
vn 0.866019 -0.500011 0.000000
vn 0.000000 -0.923671 -0.383188
vn 0.799923 -0.461814 -0.383211
vn 0.799923 -0.461814 -0.383211
vn 0.799923 0.461814 -0.383211
vn -0.000000 0.923671 -0.383188
vn -0.000000 0.923671 -0.383188
vn -0.799923 0.461814 -0.383211
vn -0.000000 0.923671 -0.383188
vn -0.799923 0.461814 -0.383211
vn 0.000000 -0.923671 -0.383188
vn -0.799923 -0.461814 -0.383211
vn 0.000000 -0.923671 -0.383188
vn 0.799923 -0.461814 -0.383211
vn 0.799923 0.461814 -0.383211
vn 0.799923 0.461814 -0.383211
vn -0.799923 0.461814 -0.383211
vn -0.799923 -0.461814 -0.383211
vn -0.799923 -0.461814 -0.383211
vn 0.866368 -0.499281 -0.011200
vn 0.922845 0.384819 -0.016501
vn 0.865150 0.500829 -0.026202
vn -0.864144 -0.503225 -0.004500
vn -0.925597 0.378499 -0.002900
vn -0.892922 -0.450211 0.000600
vn 0.866368 -0.499281 -0.011200
vn 0.000100 -0.999852 -0.017199
vn 0.895223 -0.445611 -0.002500
vn 0.865150 0.500829 -0.026202
vn 0.000100 0.998374 -0.056999
vn -0.000000 0.996954 -0.077996
vn -0.863375 0.504485 -0.008900
vn 0.000100 0.998374 -0.056999
vn -0.925597 0.378499 -0.002900
vn -0.864144 -0.503225 -0.004500
vn 0.000100 -0.999852 -0.017199
vn 0.000000 -0.999627 -0.027301
vn 0.856476 -0.148096 0.494486
vn 0.000200 -0.148096 0.988973
vn 0.000000 -0.148096 0.988973
vn 0.000000 -0.148096 0.988973
vn 0.000200 -0.148096 0.988973
vn -0.856476 -0.148096 0.494486
vn 0.000900 -0.148096 0.988973
vn -0.856476 -0.148096 0.494486
vn -0.495820 -0.128705 0.858835
vn 0.856476 -0.148096 0.494486
vn 0.495820 -0.128705 0.858835
vn 0.856476 -0.148096 0.494486
vn -0.856476 -0.148096 0.494486
vn -0.856476 -0.148096 -0.494486
vn -0.856476 -0.148096 -0.494486
vn 0.000000 -0.148096 -0.988973
vn 0.856476 -0.148096 -0.494486
vn 0.000000 -0.148096 -0.988973
vn -0.856476 -0.148096 -0.494486
vn 0.000000 -0.148096 -0.988973
vn 0.000000 -0.148096 -0.988973
vn -0.495820 -0.128705 0.858835
vn -0.856476 -0.148096 0.494486
vn -0.856476 -0.148096 0.494486
vn 0.856476 -0.148096 -0.494486
vn 0.856476 -0.148096 0.494486
vn 0.856476 -0.148096 -0.494486
vn 0.000200 -0.148096 0.988973
vn -0.495820 -0.128705 0.858835
vn -0.856476 -0.148096 0.494486
vn 0.856476 -0.148096 0.494486
vn 0.495820 -0.128705 0.858835
vn 0.000200 -0.148096 0.988973
vn -0.867289 -0.003400 0.497794
vn -0.866019 0.000000 -0.500011
vn -0.866019 0.000000 -0.500011
vn 0.000000 -0.003700 0.999993
vn -0.881725 -0.223406 0.415512
vn -0.867289 -0.003400 0.497794
vn 0.000000 0.000000 -1.000000
vn 0.866019 0.000000 -0.500011
vn 0.866019 0.000000 -0.500011
vn -0.866019 0.000000 -0.500011
vn 0.000000 0.000000 -1.000000
vn 0.000000 0.000000 -1.000000
vn 0.866019 0.000000 -0.500011
vn 0.870242 -0.000000 0.492624
vn 0.867289 -0.003400 0.497794
vn 0.867289 -0.003400 0.497794
vn 0.870242 -0.000000 0.492624
vn 0.881725 -0.223406 0.415512
vn -0.688591 0.724390 -0.033200
vn -0.997806 0.000000 -0.066200
vn -0.881725 -0.223406 0.415512
vn -0.000000 1.000000 -0.000000
vn -0.000000 1.000000 -0.000000
vn -0.000000 1.000000 -0.000000
vn -0.000000 1.000000 -0.000000
vn -0.000000 1.000000 -0.000000
vn -0.000000 1.000000 -0.000000
vn -0.000000 1.000000 -0.000000
vn -0.000000 1.000000 -0.000000
vn -0.000000 1.000000 -0.000000
vn -0.000000 1.000000 -0.000000
vn -0.000000 1.000000 -0.000000
vn -0.000000 1.000000 -0.000000
vn -0.997806 0.000000 -0.066200
vn -0.686219 0.610017 -0.396211
vn -0.866019 0.000000 -0.500011
vn 0.000000 0.000000 -1.000000
vn 0.686219 0.610017 -0.396211
vn 0.866019 0.000000 -0.500011
vn 0.000000 0.999556 0.029799
vn 0.747233 0.655429 -0.109805
vn 0.688591 0.724390 -0.033200
vn -0.866019 0.000000 -0.500011
vn -0.000000 0.610001 -0.792401
vn 0.000000 0.000000 -1.000000
vn 0.866019 0.000000 -0.500011
vn 0.688591 0.724390 -0.033200
vn 0.997806 0.000000 -0.066200
vn -0.686219 0.610017 -0.396211
vn 0.000000 0.999556 0.029799
vn 0.686219 0.610017 -0.396211
vn -0.747233 0.655429 -0.109805
vn -0.686226 -0.409715 0.601022
vn -0.648511 0.735512 0.196103
vn 0.747233 0.655429 -0.109805
vn 0.686226 -0.409715 0.601022
vn 0.695535 -0.718437 0.008900
vn -0.881725 -0.223406 0.415512
vn -0.747233 0.655429 -0.109805
vn -0.688591 0.724390 -0.033200
vn 0.997806 0.000000 -0.066200
vn 0.688591 0.724390 -0.033200
vn 0.881725 -0.223406 0.415512
vn 0.000000 0.999556 0.029799
vn -0.747233 0.655429 -0.109805
vn -0.000000 0.975297 -0.220899
vn 0.881725 -0.223406 0.415512
vn 0.747233 0.655429 -0.109805
vn 0.695535 -0.718437 0.008900
vn -0.686226 -0.409715 0.601022
vn 0.000000 0.863884 0.503691
vn -0.648511 0.735512 0.196103
vn 0.686226 -0.409715 0.601022
vn 0.000000 0.863884 0.503691
vn 0.000000 -0.314998 0.949093
vn -0.000000 0.975297 -0.220899
vn -0.648511 0.735512 0.196103
vn 0.000000 0.863884 0.503691
vn 0.000000 -0.980365 0.197193
vn -0.686226 -0.409715 0.601022
vn -0.695535 -0.718437 0.008900
vn -0.000000 0.975297 -0.220899
vn 0.648511 0.735512 0.196103
vn 0.747233 0.655429 -0.109805
vn 0.000000 -0.980365 0.197193
vn 0.686226 -0.409715 0.601022
vn 0.000000 -0.314998 0.949093
vn 0.000000 -0.003700 0.999993
vn 0.881725 -0.223406 0.415512
vn 0.000000 -0.858506 0.512804
vn -0.867289 -0.003400 0.497794
vn -0.881725 -0.223406 0.415512
vn -0.870242 0.000000 0.492624
vn 0.695535 -0.718437 0.008900
vn 0.000000 -0.858506 0.512804
vn 0.881725 -0.223406 0.415512
vn -0.695535 -0.718437 0.008900
vn 0.000000 -0.858506 0.512804
vn 0.000000 -0.980365 0.197193
vn -0.000000 1.000000 -0.000000
vn -0.000000 1.000000 -0.000000
vn -0.000000 1.000000 -0.000000
vn -0.000000 1.000000 -0.000000
vn -0.000000 1.000000 -0.000000
vn -0.000000 1.000000 -0.000000
vn 0.856476 -0.148096 0.494486
vn 0.000900 -0.148096 0.988973
vn 0.495820 -0.128705 0.858835
vn 0.000000 -1.000000 0.000000
vn 0.000000 -1.000000 0.000000
vn 0.000000 -1.000000 0.000000
vn 0.000000 -1.000000 0.000000
vn 0.000000 -1.000000 0.000000
vn 0.000000 -1.000000 0.000000
vn 0.866019 -0.500011 0.000000
vn 0.866019 0.500011 0.000000
vn 0.866019 0.500011 0.000000
vn -0.866019 -0.500011 0.000000
vn 0.000000 -1.000000 0.000000
vn 0.000000 -1.000000 0.000000
vn -0.866019 0.500011 -0.000000
vn -0.000000 1.000000 -0.000000
vn -0.866019 0.500011 -0.000000
vn 0.866019 0.500011 0.000000
vn -0.000000 1.000000 -0.000000
vn -0.000000 1.000000 -0.000000
vn 0.000000 -1.000000 0.000000
vn 0.866019 -0.500011 0.000000
vn 0.866019 -0.500011 0.000000
vn -0.866019 0.500011 -0.000000
vn -0.866019 -0.500011 0.000000
vn -0.866019 -0.500011 0.000000
vn -0.799923 -0.461814 -0.383211
vn 0.000000 -0.923671 -0.383188
vn -0.799923 -0.461814 -0.383211
vn -0.000000 0.923671 -0.383188
vn -0.799923 0.461814 -0.383211
vn -0.000000 0.923671 -0.383188
vn 0.799923 0.461814 -0.383211
vn -0.000000 0.923671 -0.383188
vn -0.000000 0.923671 -0.383188
vn 0.000000 -0.923671 -0.383188
vn 0.799923 -0.461814 -0.383211
vn 0.000000 -0.923671 -0.383188
vn -0.799923 0.461814 -0.383211
vn -0.799923 -0.461814 -0.383211
vn -0.799923 0.461814 -0.383211
vn 0.799923 -0.461814 -0.383211
vn 0.799923 0.461814 -0.383211
vn 0.799923 0.461814 -0.383211
vn -0.922845 0.384819 -0.016501
vn -0.866368 -0.499281 -0.011200
vn -0.865150 0.500829 -0.026202
vn 0.864100 -0.503300 -0.004500
vn 0.925597 0.378499 -0.002900
vn 0.863375 0.504485 -0.008900
vn -0.866368 -0.499281 -0.011200
vn -0.000100 -0.999852 -0.017199
vn 0.000000 -0.999627 -0.027301
vn -0.000200 0.998374 -0.056999
vn -0.865150 0.500829 -0.026202
vn -0.000000 0.996954 -0.077996
vn 0.863375 0.504485 -0.008900
vn -0.000200 0.998374 -0.056999
vn -0.000000 0.996954 -0.077996
vn -0.000100 -0.999852 -0.017199
vn 0.864100 -0.503300 -0.004500
vn 0.000000 -0.999627 -0.027301
vn -0.856476 -0.148096 0.494486
vn 0.000000 -0.148096 0.988973
vn -0.000200 -0.148096 0.988973
vn 0.000000 -0.148096 0.988973
vn 0.856476 -0.148096 0.494486
vn -0.000200 -0.148096 0.988973
vn -0.000900 -0.148096 0.988973
vn 0.856476 -0.148096 0.494486
vn 0.000000 -0.148096 0.988973
vn -0.495820 -0.128705 0.858835
vn -0.856476 -0.148096 0.494486
vn -0.856476 -0.148096 0.494486
vn 0.856476 -0.148096 -0.494486
vn 0.856476 -0.148096 0.494486
vn 0.856476 -0.148096 0.494486
vn -0.856476 -0.148096 -0.494486
vn 0.000000 -0.148096 -0.988973
vn 0.000000 -0.148096 -0.988973
vn 0.000000 -0.148096 -0.988973
vn 0.856476 -0.148096 -0.494486
vn 0.856476 -0.148096 -0.494486
vn 0.495820 -0.128705 0.858835
vn 0.856476 -0.148096 0.494486
vn 0.495820 -0.128705 0.858835
vn -0.856476 -0.148096 0.494486
vn -0.856476 -0.148096 -0.494486
vn -0.856476 -0.148096 -0.494486
vn -0.000200 -0.148096 0.988973
vn 0.856476 -0.148096 0.494486
vn 0.495820 -0.128705 0.858835
vn -0.856476 -0.148096 0.494486
vn -0.000200 -0.148096 0.988973
vn -0.495820 -0.128705 0.858835
vn 0.866019 0.000000 -0.500011
vn 0.867289 -0.003400 0.497794
vn 0.866019 0.000000 -0.500011
vn 0.881725 -0.223406 0.415512
vn 0.000000 -0.003700 0.999993
vn 0.867289 -0.003400 0.497794
vn -0.866019 0.000000 -0.500011
vn 0.000000 0.000000 -1.000000
vn -0.866019 0.000000 -0.500011
vn 0.000000 0.000000 -1.000000
vn 0.866019 0.000000 -0.500011
vn 0.000000 0.000000 -1.000000
vn -0.870242 0.000000 0.492624
vn -0.866019 0.000000 -0.500011
vn -0.867289 -0.003400 0.497794
vn -0.867289 -0.003400 0.497794
vn -0.881725 -0.223406 0.415512
vn -0.870242 0.000000 0.492624
vn 0.688591 0.724390 -0.033200
vn 0.881725 -0.223406 0.415512
vn 0.997806 0.000000 -0.066200
vn -0.000000 1.000000 -0.000000
vn -0.000000 1.000000 -0.000000
vn -0.000000 1.000000 -0.000000
vn -0.000000 1.000000 -0.000000
vn -0.000000 1.000000 -0.000000
vn -0.000000 1.000000 -0.000000
vn -0.000000 1.000000 -0.000000
vn -0.000000 1.000000 -0.000000
vn -0.000000 1.000000 -0.000000
vn -0.000000 1.000000 -0.000000
vn -0.000000 1.000000 -0.000000
vn -0.000000 1.000000 -0.000000
vn 0.686219 0.610017 -0.396211
vn 0.997806 0.000000 -0.066200
vn 0.866019 0.000000 -0.500011
vn -0.686219 0.610017 -0.396211
vn 0.000000 0.000000 -1.000000
vn -0.866019 0.000000 -0.500011
vn -0.747233 0.655429 -0.109805
vn 0.000000 0.999556 0.029799
vn -0.688591 0.724390 -0.033200
vn -0.000000 0.610001 -0.792401
vn 0.866019 0.000000 -0.500011
vn 0.000000 0.000000 -1.000000
vn -0.688591 0.724390 -0.033200
vn -0.866019 0.000000 -0.500011
vn -0.997806 0.000000 -0.066200
vn -0.686219 0.610017 -0.396211
vn 0.000000 0.999556 0.029799
vn 0.686219 0.610017 -0.396211
vn 0.747233 0.655429 -0.109805
vn 0.686226 -0.409715 0.601022
vn 0.695535 -0.718437 0.008900
vn -0.686226 -0.409715 0.601022
vn -0.747233 0.655429 -0.109805
vn -0.695535 -0.718437 0.008900
vn 0.747233 0.655429 -0.109805
vn 0.881725 -0.223406 0.415512
vn 0.688591 0.724390 -0.033200
vn -0.997806 0.000000 -0.066200
vn -0.881725 -0.223406 0.415512
vn -0.688591 0.724390 -0.033200
vn 0.000000 0.999556 0.029799
vn 0.747233 0.655429 -0.109805
vn 0.688591 0.724390 -0.033200
vn -0.881725 -0.223406 0.415512
vn -0.747233 0.655429 -0.109805
vn -0.688591 0.724390 -0.033200
vn 0.686226 -0.409715 0.601022
vn 0.000000 0.863884 0.503691
vn 0.000000 -0.314998 0.949093
vn 0.000000 0.863884 0.503691
vn -0.686226 -0.409715 0.601022
vn 0.000000 -0.314998 0.949093
vn -0.000000 0.975297 -0.220899
vn 0.648511 0.735512 0.196103
vn 0.747233 0.655429 -0.109805
vn 0.686226 -0.409715 0.601022
vn 0.000000 -0.980365 0.197193
vn 0.695535 -0.718437 0.008900
vn -0.648511 0.735512 0.196103
vn -0.000000 0.975297 -0.220899
vn -0.747233 0.655429 -0.109805
vn 0.000000 -0.980365 0.197193
vn -0.686226 -0.409715 0.601022
vn -0.695535 -0.718437 0.008900
vn 0.000000 -0.003700 0.999993
vn -0.881725 -0.223406 0.415512
vn -0.867289 -0.003400 0.497794
vn 0.867289 -0.003400 0.497794
vn 0.870242 -0.000000 0.492624
vn 0.881725 -0.223406 0.415512
vn -0.695535 -0.718437 0.008900
vn 0.000000 -0.858506 0.512804
vn 0.000000 -0.980365 0.197193
vn 0.695535 -0.718437 0.008900
vn 0.000000 -0.858506 0.512804
vn 0.881725 -0.223406 0.415512
vn -0.000000 1.000000 -0.000000
vn -0.000000 1.000000 -0.000000
vn -0.000000 1.000000 -0.000000
vn -0.000000 1.000000 -0.000000
vn -0.000000 1.000000 -0.000000
vn -0.000000 1.000000 -0.000000
vn -0.856476 -0.148096 0.494486
vn -0.000900 -0.148096 0.988973
vn 0.000000 -0.148096 0.988973
vn 0.000000 -1.000000 0.000000
vn 0.000000 -1.000000 0.000000
vn 0.000000 -1.000000 0.000000
vn 0.000000 -1.000000 0.000000
vn 0.000000 -1.000000 0.000000
vn 0.000000 -1.000000 0.000000
vn -0.000000 1.000000 -0.000000
vn -0.000000 1.000000 -0.000000
vn -0.000000 1.000000 -0.000000
vn -0.000000 1.000000 -0.000000
vn -0.000000 1.000000 -0.000000
vn -0.000000 1.000000 -0.000000
vn -0.000000 1.000000 -0.000000
vn -0.000000 1.000000 -0.000000
vn 0.000000 -1.000000 0.000000
vn 0.000000 -1.000000 0.000000
vn -0.000400 -0.981414 -0.191903
vn 0.000400 -0.981414 -0.191903
vn -0.656406 0.000700 -0.754407
vn -0.000700 -0.558870 -0.829255
vn -0.119805 -0.587325 -0.800435
vn 0.000700 -0.558870 -0.829255
vn -0.000700 -0.558870 -0.829255
vn -0.656406 0.000700 -0.754407
vn 0.656406 0.000700 -0.754407
vn 0.000700 -0.558870 -0.829255
vn 0.656406 0.000700 -0.754407
vn 0.119805 -0.587325 -0.800435
vn -0.000400 -0.981414 -0.191903
vn 0.000000 -1.000000 0.000000
vn -0.167204 -0.985922 0.000000
vn -0.191198 -0.962690 -0.191498
vn -0.673286 -0.099298 -0.732684
vn -0.656406 0.000700 -0.754407
vn -0.495336 -0.434632 -0.752155
vn 1.000000 -0.000100 0.000000
vn 0.979655 -0.200691 0.000000
vn 0.971943 -0.211609 -0.102705
vn 0.673286 -0.099298 -0.732684
vn 0.656406 0.000700 -0.754407
vn 0.997651 0.000400 -0.068503
vn -0.979655 -0.200691 0.000000
vn -0.971943 -0.211609 -0.102705
vn -0.683902 -0.709802 -0.168700
vn -0.679019 -0.734121 0.000000
vn 0.683902 -0.709802 -0.168700
vn 0.971943 -0.211609 -0.102705
vn 0.979655 -0.200691 0.000000
vn 0.679019 -0.734121 0.000000
vn -0.679019 -0.734121 0.000000
vn -0.683902 -0.709802 -0.168700
vn -0.191198 -0.962690 -0.191498
vn -0.167204 -0.985922 0.000000
vn 0.167204 -0.985922 0.000000
vn 0.000000 -1.000000 0.000000
vn 0.000400 -0.981414 -0.191903
vn 0.191198 -0.962690 -0.191498
vn 0.191198 -0.962690 -0.191498
vn 0.683902 -0.709802 -0.168700
vn 0.679019 -0.734121 0.000000
vn 0.167204 -0.985922 0.000000
vn 0.495336 -0.434632 -0.752155
vn 0.656406 0.000700 -0.754407
vn 0.673286 -0.099298 -0.732684
vn 0.119805 -0.587325 -0.800435
vn 0.656406 0.000700 -0.754407
vn 0.495336 -0.434632 -0.752155
vn -0.495336 -0.434632 -0.752155
vn -0.656406 0.000700 -0.754407
vn -0.119805 -0.587325 -0.800435
vn -0.000700 -0.558870 -0.829255
vn 0.000700 -0.558870 -0.829255
vn 0.000400 -0.981414 -0.191903
vn -0.000400 -0.981414 -0.191903
vn 0.495336 -0.434632 -0.752155
vn 0.673286 -0.099298 -0.732684
vn 0.971943 -0.211609 -0.102705
vn 0.683902 -0.709802 -0.168700
vn 0.119805 -0.587325 -0.800435
vn 0.495336 -0.434632 -0.752155
vn 0.683902 -0.709802 -0.168700
vn 0.191198 -0.962690 -0.191498
vn -0.971943 -0.211609 -0.102705
vn -0.673286 -0.099298 -0.732684
vn -0.495336 -0.434632 -0.752155
vn -0.683902 -0.709802 -0.168700
vn -0.683902 -0.709802 -0.168700
vn -0.495336 -0.434632 -0.752155
vn -0.119805 -0.587325 -0.800435
vn -0.191198 -0.962690 -0.191498
vn 0.000400 -0.981414 -0.191903
vn 0.000700 -0.558870 -0.829255
vn 0.119805 -0.587325 -0.800435
vn 0.191198 -0.962690 -0.191498
vn -0.119805 -0.587325 -0.800435
vn -0.000700 -0.558870 -0.829255
vn -0.000400 -0.981414 -0.191903
vn -0.191198 -0.962690 -0.191498
vn -0.997651 0.000400 -0.068503
vn -0.656406 0.000700 -0.754407
vn -0.673286 -0.099298 -0.732684
vn -0.971943 -0.211609 -0.102705
vn -0.979655 -0.200691 0.000000
vn -1.000000 -0.000100 0.000000
vn 1.000000 0.000000 0.000000
vn 1.000000 0.000000 0.000000
vn 1.000000 0.000000 0.000000
vn 1.000000 0.000000 0.000000
vn 0.286192 -0.000000 0.958172
vn 0.286192 -0.000000 0.958172
vn 0.286192 -0.000000 0.958172
vn 0.286192 -0.000000 0.958172
vn -1.000000 0.000000 0.000000
vn -1.000000 0.000000 0.000000
vn -1.000000 0.000000 0.000000
vn -1.000000 0.000000 0.000000
vn -0.115600 0.000000 -0.993296
vn -0.115600 0.000000 -0.993296
vn -0.115600 0.000000 -0.993296
vn -0.115600 0.000000 -0.993296
vn 1.000000 0.000000 0.000000
vn 1.000000 0.000000 0.000000
vn 1.000000 0.000000 0.000000
vn 1.000000 0.000000 0.000000
vn 0.000000 -1.000000 0.000000
vn 0.000000 -1.000000 0.000000
vn 0.000000 -1.000000 0.000000
vn 0.000000 -1.000000 0.000000
vn 0.000000 -1.000000 0.000000
vn 0.000000 -1.000000 0.000000
vn 0.000000 -1.000000 0.000000
vn 0.000000 -1.000000 0.000000
vn 0.000000 -1.000000 0.000000
vn 0.000000 -1.000000 0.000000
vn 0.000000 -1.000000 0.000000
vn 0.000000 -1.000000 0.000000
vn 0.000000 -1.000000 0.000000
vn 0.000000 -1.000000 0.000000
vn 0.000000 -1.000000 0.000000
vn 0.000000 -1.000000 0.000000
vn -0.314409 -0.038001 -0.948527
vn -0.343814 0.000000 -0.939038
vn -0.287398 -0.059000 -0.955992
vn -0.246604 0.000000 -0.969116
vn -0.252902 -0.018800 -0.967309
vn 1.000000 0.000000 0.000000
vn 1.000000 0.000000 0.000000
vn 1.000000 0.000000 0.000000
vn 1.000000 0.000000 0.000000
vn -0.146699 -0.192898 0.970191
vn -0.343814 0.000000 0.939038
vn -0.240308 -0.129404 0.962033
vn -0.023599 -0.065498 0.997574
vn 0.000000 0.000000 1.000000
vn -1.000000 0.000000 0.000000
vn -1.000000 0.000000 0.000000
vn -1.000000 0.000000 0.000000
vn -1.000000 0.000000 0.000000
vn -1.000000 0.000000 0.000000
vn -1.000000 0.000000 0.000000
vn -1.000000 0.000000 0.000000
vn -1.000000 0.000000 0.000000
vn 1.000000 0.000000 0.000000
vn 1.000000 0.000000 0.000000
vn 1.000000 0.000000 0.000000
vn 1.000000 0.000000 0.000000
vn 0.146699 -0.192898 0.970191
vn -1.000000 0.000000 0.000000
vn -1.000000 0.000000 0.000000
vn -1.000000 0.000000 0.000000
vn 0.023599 -0.065498 0.997574
vn 0.240308 -0.129404 0.962033
vn 0.343814 -0.000000 0.939038
vn 0.287398 -0.059000 -0.955992
vn 0.343814 0.000000 -0.939038
vn 0.314409 -0.038001 -0.948527
vn 0.252902 -0.018800 -0.967309
vn 0.246604 0.000000 -0.969116
vn 0.115600 0.000000 -0.993296
vn 0.115600 0.000000 -0.993296
vn 0.115600 0.000000 -0.993296
vn 0.115600 0.000000 -0.993296
vn -0.286192 0.000000 0.958172
vn -0.286192 0.000000 0.958172
vn -0.286192 0.000000 0.958172
vn -0.286192 0.000000 0.958172
vn 0.675584 0.000000 -0.737283
vn 0.674905 0.000000 -0.737905
vn 0.905100 0.000000 -0.425200
vn -0.000000 1.000000 -0.000000
vn -0.000000 1.000000 -0.000000
vn -0.000000 1.000000 -0.000000
vn -0.000000 1.000000 -0.000000
vn -0.000000 1.000000 -0.000000
vn -0.000000 1.000000 -0.000000
vn -0.000000 1.000000 -0.000000
vn -0.000000 1.000000 -0.000000
vn -0.000000 1.000000 -0.000000
vn -0.866019 0.500011 -0.000000
vn -0.866019 -0.500011 0.000000
vn -0.866019 -0.500011 0.000000
vn 0.000000 -1.000000 0.000000
vn 0.000000 -1.000000 0.000000
vn 0.866019 -0.500011 0.000000
vn 0.866019 0.500011 0.000000
vn -0.000000 1.000000 -0.000000
vn -0.000000 1.000000 -0.000000
vn -0.000000 1.000000 -0.000000
vn -0.866019 0.500011 -0.000000
vn -0.866019 0.500011 -0.000000
vn -0.866019 -0.500011 0.000000
vn -0.866019 -0.500011 0.000000
vn 0.000000 -1.000000 0.000000
vn 0.866019 -0.500011 0.000000
vn 0.866019 0.500011 0.000000
vn 0.866019 0.500011 0.000000
vn 0.000000 -0.923671 -0.383188
vn 0.000000 -0.923671 -0.383188
vn 0.799923 -0.461814 -0.383211
vn 0.799923 0.461814 -0.383211
vn 0.799923 0.461814 -0.383211
vn -0.000000 0.923671 -0.383188
vn -0.799923 0.461814 -0.383211
vn -0.000000 0.923671 -0.383188
vn -0.000000 0.923671 -0.383188
vn 0.000000 -0.923671 -0.383188
vn -0.799923 -0.461814 -0.383211
vn -0.799923 -0.461814 -0.383211
vn 0.799923 -0.461814 -0.383211
vn 0.799923 -0.461814 -0.383211
vn 0.799923 0.461814 -0.383211
vn -0.799923 0.461814 -0.383211
vn -0.799923 0.461814 -0.383211
vn -0.799923 -0.461814 -0.383211
vn 0.866368 -0.499281 -0.011200
vn 0.895223 -0.445611 -0.002500
vn 0.922845 0.384819 -0.016501
vn -0.864144 -0.503225 -0.004500
vn -0.863375 0.504485 -0.008900
vn -0.925597 0.378499 -0.002900
vn 0.866368 -0.499281 -0.011200
vn 0.000000 -0.999627 -0.027301
vn 0.000100 -0.999852 -0.017199
vn 0.865150 0.500829 -0.026202
vn 0.922845 0.384819 -0.016501
vn 0.000100 0.998374 -0.056999
vn -0.863375 0.504485 -0.008900
vn -0.000000 0.996954 -0.077996
vn 0.000100 0.998374 -0.056999
vn -0.864144 -0.503225 -0.004500
vn -0.892922 -0.450211 0.000600
vn 0.000100 -0.999852 -0.017199
vn 0.000900 -0.148096 0.988973
vn 0.000000 -0.148096 0.988973
vn -0.856476 -0.148096 0.494486
vn 0.856476 -0.148096 0.494486
vn 0.495820 -0.128705 0.858835
vn 0.495820 -0.128705 0.858835
vn -0.856476 -0.148096 0.494486
vn -0.856476 -0.148096 0.494486
vn -0.856476 -0.148096 -0.494486
vn 0.000000 -0.148096 -0.988973
vn 0.856476 -0.148096 -0.494486
vn 0.856476 -0.148096 -0.494486
vn -0.856476 -0.148096 -0.494486
vn -0.856476 -0.148096 -0.494486
vn 0.000000 -0.148096 -0.988973
vn -0.495820 -0.128705 0.858835
vn -0.495820 -0.128705 0.858835
vn -0.856476 -0.148096 0.494486
vn 0.856476 -0.148096 -0.494486
vn 0.856476 -0.148096 0.494486
vn 0.856476 -0.148096 0.494486
vn -0.867289 -0.003400 0.497794
vn -0.870242 0.000000 0.492624
vn -0.866019 0.000000 -0.500011
vn 0.000000 -0.003700 0.999993
vn 0.000000 -0.858506 0.512804
vn -0.881725 -0.223406 0.415512
vn 0.000000 0.000000 -1.000000
vn 0.000000 0.000000 -1.000000
vn 0.866019 0.000000 -0.500011
vn -0.866019 0.000000 -0.500011
vn -0.866019 0.000000 -0.500011
vn 0.000000 0.000000 -1.000000
vn 0.866019 0.000000 -0.500011
vn 0.866019 0.000000 -0.500011
vn 0.870242 -0.000000 0.492624
vn -0.000000 1.000000 -0.000000
vn -0.000000 1.000000 -0.000000
vn -0.000000 1.000000 -0.000000
vn -0.000000 1.000000 -0.000000
vn -0.000000 1.000000 -0.000000
vn -0.000000 1.000000 -0.000000
vn -0.000000 1.000000 -0.000000
vn -0.000000 1.000000 -0.000000
vn -0.000000 1.000000 -0.000000
vn -0.000000 1.000000 -0.000000
vn -0.000000 1.000000 -0.000000
vn -0.000000 1.000000 -0.000000
vn -0.997806 0.000000 -0.066200
vn -0.688591 0.724390 -0.033200
vn -0.686219 0.610017 -0.396211
vn 0.000000 0.000000 -1.000000
vn -0.000000 0.610001 -0.792401
vn 0.686219 0.610017 -0.396211
vn 0.000000 0.999556 0.029799
vn -0.000000 0.975297 -0.220899
vn 0.747233 0.655429 -0.109805
vn -0.866019 0.000000 -0.500011
vn -0.686219 0.610017 -0.396211
vn -0.000000 0.610001 -0.792401
vn 0.866019 0.000000 -0.500011
vn 0.686219 0.610017 -0.396211
vn 0.688591 0.724390 -0.033200
vn 0.686219 0.610017 -0.396211
vn -0.000000 0.610001 -0.792401
vn -0.686219 0.610017 -0.396211
vn -0.686219 0.610017 -0.396211
vn -0.688591 0.724390 -0.033200
vn 0.000000 0.999556 0.029799
vn 0.000000 0.999556 0.029799
vn 0.688591 0.724390 -0.033200
vn 0.686219 0.610017 -0.396211
vn -0.747233 0.655429 -0.109805
vn -0.695535 -0.718437 0.008900
vn -0.686226 -0.409715 0.601022
vn 0.747233 0.655429 -0.109805
vn 0.648511 0.735512 0.196103
vn 0.686226 -0.409715 0.601022
vn -0.881725 -0.223406 0.415512
vn -0.695535 -0.718437 0.008900
vn -0.747233 0.655429 -0.109805
vn 0.000000 0.999556 0.029799
vn -0.688591 0.724390 -0.033200
vn -0.747233 0.655429 -0.109805
vn 0.881725 -0.223406 0.415512
vn 0.688591 0.724390 -0.033200
vn 0.747233 0.655429 -0.109805
vn -0.686226 -0.409715 0.601022
vn 0.000000 -0.314998 0.949093
vn 0.000000 0.863884 0.503691
vn 0.686226 -0.409715 0.601022
vn 0.648511 0.735512 0.196103
vn 0.000000 0.863884 0.503691
vn -0.000000 0.975297 -0.220899
vn -0.747233 0.655429 -0.109805
vn -0.648511 0.735512 0.196103
vn 0.000000 -0.980365 0.197193
vn 0.000000 -0.314998 0.949093
vn -0.686226 -0.409715 0.601022
vn -0.000000 0.975297 -0.220899
vn 0.000000 0.863884 0.503691
vn 0.648511 0.735512 0.196103
vn 0.000000 -0.980365 0.197193
vn 0.695535 -0.718437 0.008900
vn 0.686226 -0.409715 0.601022
vn 0.000000 -0.003700 0.999993
vn 0.867289 -0.003400 0.497794
vn 0.881725 -0.223406 0.415512
vn 0.695535 -0.718437 0.008900
vn 0.000000 -0.980365 0.197193
vn 0.000000 -0.858506 0.512804
vn -0.695535 -0.718437 0.008900
vn -0.881725 -0.223406 0.415512
vn 0.000000 -0.858506 0.512804
vn 0.856476 -0.148096 0.494486
vn 0.000000 -0.148096 0.988973
vn 0.000900 -0.148096 0.988973
vn 0.000000 -1.000000 0.000000
vn 0.000000 -1.000000 0.000000
vn 0.000000 -1.000000 0.000000
vn 0.000000 -1.000000 0.000000
vn 0.000000 -1.000000 0.000000
vn 0.000000 -1.000000 0.000000
vn 0.866019 -0.500011 0.000000
vn 0.866019 -0.500011 0.000000
vn 0.866019 0.500011 0.000000
vn -0.866019 -0.500011 0.000000
vn -0.866019 -0.500011 0.000000
vn 0.000000 -1.000000 0.000000
vn -0.866019 0.500011 -0.000000
vn -0.000000 1.000000 -0.000000
vn -0.000000 1.000000 -0.000000
vn 0.866019 0.500011 0.000000
vn 0.866019 0.500011 0.000000
vn -0.000000 1.000000 -0.000000
vn 0.000000 -1.000000 0.000000
vn 0.000000 -1.000000 0.000000
vn 0.866019 -0.500011 0.000000
vn -0.866019 0.500011 -0.000000
vn -0.866019 0.500011 -0.000000
vn -0.866019 -0.500011 0.000000
vn -0.799923 -0.461814 -0.383211
vn 0.000000 -0.923671 -0.383188
vn 0.000000 -0.923671 -0.383188
vn -0.000000 0.923671 -0.383188
vn -0.799923 0.461814 -0.383211
vn -0.799923 0.461814 -0.383211
vn 0.799923 0.461814 -0.383211
vn 0.799923 0.461814 -0.383211
vn -0.000000 0.923671 -0.383188
vn 0.000000 -0.923671 -0.383188
vn 0.799923 -0.461814 -0.383211
vn 0.799923 -0.461814 -0.383211
vn -0.799923 0.461814 -0.383211
vn -0.799923 -0.461814 -0.383211
vn -0.799923 -0.461814 -0.383211
vn 0.799923 -0.461814 -0.383211
vn 0.799923 -0.461814 -0.383211
vn 0.799923 0.461814 -0.383211
vn -0.922845 0.384819 -0.016501
vn -0.895223 -0.445611 -0.002500
vn -0.866368 -0.499281 -0.011200
vn 0.864100 -0.503300 -0.004500
vn 0.892922 -0.450211 0.000600
vn 0.925597 0.378499 -0.002900
vn -0.866368 -0.499281 -0.011200
vn -0.895223 -0.445611 -0.002500
vn -0.000100 -0.999852 -0.017199
vn -0.000200 0.998374 -0.056999
vn -0.922845 0.384819 -0.016501
vn -0.865150 0.500829 -0.026202
vn 0.863375 0.504485 -0.008900
vn 0.925597 0.378499 -0.002900
vn -0.000200 0.998374 -0.056999
vn -0.000100 -0.999852 -0.017199
vn 0.892922 -0.450211 0.000600
vn 0.864100 -0.503300 -0.004500
vn -0.000900 -0.148096 0.988973
vn 0.495820 -0.128705 0.858835
vn 0.856476 -0.148096 0.494486
vn -0.495820 -0.128705 0.858835
vn -0.495820 -0.128705 0.858835
vn -0.856476 -0.148096 0.494486
vn 0.856476 -0.148096 -0.494486
vn 0.856476 -0.148096 -0.494486
vn 0.856476 -0.148096 0.494486
vn -0.856476 -0.148096 -0.494486
vn -0.856476 -0.148096 -0.494486
vn 0.000000 -0.148096 -0.988973
vn 0.000000 -0.148096 -0.988973
vn 0.000000 -0.148096 -0.988973
vn 0.856476 -0.148096 -0.494486
vn 0.495820 -0.128705 0.858835
vn 0.856476 -0.148096 0.494486
vn 0.856476 -0.148096 0.494486
vn -0.856476 -0.148096 0.494486
vn -0.856476 -0.148096 0.494486
vn -0.856476 -0.148096 -0.494486
vn 0.866019 0.000000 -0.500011
vn 0.870242 -0.000000 0.492624
vn 0.867289 -0.003400 0.497794
vn 0.881725 -0.223406 0.415512
vn 0.000000 -0.858506 0.512804
vn 0.000000 -0.003700 0.999993
vn -0.866019 0.000000 -0.500011
vn 0.000000 0.000000 -1.000000
vn 0.000000 0.000000 -1.000000
vn 0.000000 0.000000 -1.000000
vn 0.866019 0.000000 -0.500011
vn 0.866019 0.000000 -0.500011
vn -0.870242 0.000000 0.492624
vn -0.866019 0.000000 -0.500011
vn -0.866019 0.000000 -0.500011
vn -0.000000 1.000000 -0.000000
vn -0.000000 1.000000 -0.000000
vn -0.000000 1.000000 -0.000000
vn -0.000000 1.000000 -0.000000
vn -0.000000 1.000000 -0.000000
vn -0.000000 1.000000 -0.000000
vn -0.000000 1.000000 -0.000000
vn -0.000000 1.000000 -0.000000
vn -0.000000 1.000000 -0.000000
vn -0.000000 1.000000 -0.000000
vn -0.000000 1.000000 -0.000000
vn -0.000000 1.000000 -0.000000
vn 0.686219 0.610017 -0.396211
vn 0.688591 0.724390 -0.033200
vn 0.997806 0.000000 -0.066200
vn -0.686219 0.610017 -0.396211
vn -0.000000 0.610001 -0.792401
vn 0.000000 0.000000 -1.000000
vn -0.747233 0.655429 -0.109805
vn -0.000000 0.975297 -0.220899
vn 0.000000 0.999556 0.029799
vn -0.000000 0.610001 -0.792401
vn 0.686219 0.610017 -0.396211
vn 0.866019 0.000000 -0.500011
vn -0.688591 0.724390 -0.033200
vn -0.686219 0.610017 -0.396211
vn -0.866019 0.000000 -0.500011
vn 0.686219 0.610017 -0.396211
vn -0.000000 0.610001 -0.792401
vn -0.686219 0.610017 -0.396211
vn -0.686219 0.610017 -0.396211
vn -0.688591 0.724390 -0.033200
vn 0.000000 0.999556 0.029799
vn 0.000000 0.999556 0.029799
vn 0.688591 0.724390 -0.033200
vn 0.686219 0.610017 -0.396211
vn 0.747233 0.655429 -0.109805
vn 0.648511 0.735512 0.196103
vn 0.686226 -0.409715 0.601022
vn -0.686226 -0.409715 0.601022
vn -0.648511 0.735512 0.196103
vn -0.747233 0.655429 -0.109805
vn 0.747233 0.655429 -0.109805
vn 0.695535 -0.718437 0.008900
vn 0.881725 -0.223406 0.415512
vn 0.000000 0.999556 0.029799
vn -0.000000 0.975297 -0.220899
vn 0.747233 0.655429 -0.109805
vn -0.881725 -0.223406 0.415512
vn -0.695535 -0.718437 0.008900
vn -0.747233 0.655429 -0.109805
vn 0.686226 -0.409715 0.601022
vn 0.648511 0.735512 0.196103
vn 0.000000 0.863884 0.503691
vn 0.000000 0.863884 0.503691
vn -0.648511 0.735512 0.196103
vn -0.686226 -0.409715 0.601022
vn -0.000000 0.975297 -0.220899
vn 0.000000 0.863884 0.503691
vn 0.648511 0.735512 0.196103
vn 0.686226 -0.409715 0.601022
vn 0.000000 -0.314998 0.949093
vn 0.000000 -0.980365 0.197193
vn -0.648511 0.735512 0.196103
vn 0.000000 0.863884 0.503691
vn -0.000000 0.975297 -0.220899
vn 0.000000 -0.980365 0.197193
vn 0.000000 -0.314998 0.949093
vn -0.686226 -0.409715 0.601022
vn 0.000000 -0.003700 0.999993
vn 0.000000 -0.858506 0.512804
vn -0.881725 -0.223406 0.415512
vn -0.695535 -0.718437 0.008900
vn -0.881725 -0.223406 0.415512
vn 0.000000 -0.858506 0.512804
vn 0.695535 -0.718437 0.008900
vn 0.000000 -0.980365 0.197193
vn 0.000000 -0.858506 0.512804
vn -0.856476 -0.148096 0.494486
vn -0.495820 -0.128705 0.858835
vn -0.000900 -0.148096 0.988973
vn 0.000000 -1.000000 0.000000
vn 0.000000 -1.000000 0.000000
vn 0.000000 -1.000000 0.000000
vn 0.000000 -1.000000 0.000000
vn 0.000000 -1.000000 0.000000
vn 0.000000 -1.000000 0.000000
vn 0.304105 -0.936314 -0.175603
vn 0.127696 -0.989071 -0.073698
vn 0.073698 -0.989071 -0.127696
vn 0.175603 -0.936314 -0.304105
vn -0.175603 -0.936314 0.304105
vn -0.073698 -0.989071 0.127696
vn 0.000000 -0.989063 0.147494
vn 0.000000 -0.936333 0.351113
vn 0.175603 -0.936314 0.304105
vn 0.073698 -0.989071 0.127696
vn 0.127696 -0.989071 0.073698
vn 0.304105 -0.936314 0.175603
vn -0.304105 -0.936314 -0.175603
vn -0.127696 -0.989071 -0.073698
vn -0.147494 -0.989063 0.000000
vn -0.351113 -0.936333 0.000000
vn 0.175603 -0.936314 -0.304105
vn 0.073698 -0.989071 -0.127696
vn 0.000000 -0.989063 -0.147494
vn 0.000000 -0.936333 -0.351113
vn 0.304105 -0.936314 0.175603
vn 0.127696 -0.989071 0.073698
vn 0.147494 -0.989063 0.000000
vn 0.351113 -0.936333 0.000000
vn -0.351113 -0.936333 0.000000
vn -0.147494 -0.989063 0.000000
vn -0.127696 -0.989071 0.073698
vn -0.304105 -0.936314 0.175603
vn 0.000000 -0.936333 -0.351113
vn 0.000000 -0.989063 -0.147494
vn -0.073698 -0.989071 -0.127696
vn -0.175603 -0.936314 -0.304105
vn 0.304105 -0.936314 -0.175603
vn 0.351113 -0.936333 0.000000
vn 0.147494 -0.989063 0.000000
vn 0.127696 -0.989071 -0.073698
vn -0.304105 -0.936314 0.175603
vn -0.127696 -0.989071 0.073698
vn -0.073698 -0.989071 0.127696
vn -0.175603 -0.936314 0.304105
vn 0.175603 -0.936314 0.304105
vn 0.000000 -0.936333 0.351113
vn 0.000000 -0.989063 0.147494
vn 0.073698 -0.989071 0.127696
vn -0.175603 -0.936314 -0.304105
vn -0.073698 -0.989071 -0.127696
vn -0.127696 -0.989071 -0.073698
vn -0.304105 -0.936314 -0.175603
vn -0.715704 -0.698404 0.000000
vn -0.351113 -0.936333 0.000000
vn -0.304105 -0.936314 0.175603
vn -0.619859 -0.698354 0.357877
vn 0.000000 -0.698404 -0.715704
vn 0.000000 -0.936333 -0.351113
vn -0.175603 -0.936314 -0.304105
vn -0.357877 -0.698354 -0.619859
vn 0.715704 -0.698404 0.000000
vn 0.351113 -0.936333 0.000000
vn 0.304105 -0.936314 -0.175603
vn 0.619859 -0.698354 -0.357877
vn -0.619859 -0.698354 0.357877
vn -0.304105 -0.936314 0.175603
vn -0.175603 -0.936314 0.304105
vn -0.357877 -0.698354 0.619859
vn 0.000000 -0.698404 0.715704
vn 0.000000 -0.936333 0.351113
vn 0.175603 -0.936314 0.304105
vn 0.357877 -0.698354 0.619859
vn -0.357877 -0.698354 -0.619859
vn -0.175603 -0.936314 -0.304105
vn -0.304105 -0.936314 -0.175603
vn -0.619859 -0.698354 -0.357877
vn 0.619859 -0.698354 -0.357877
vn 0.304105 -0.936314 -0.175603
vn 0.175603 -0.936314 -0.304105
vn 0.357877 -0.698354 -0.619859
vn -0.357877 -0.698354 0.619859
vn -0.175603 -0.936314 0.304105
vn 0.000000 -0.936333 0.351113
vn 0.000000 -0.698404 0.715704
vn 0.357877 -0.698354 0.619859
vn 0.175603 -0.936314 0.304105
vn 0.304105 -0.936314 0.175603
vn 0.619859 -0.698354 0.357877
vn -0.619859 -0.698354 -0.357877
vn -0.304105 -0.936314 -0.175603
vn -0.351113 -0.936333 0.000000
vn -0.715704 -0.698404 0.000000
vn 0.357877 -0.698354 -0.619859
vn 0.175603 -0.936314 -0.304105
vn 0.000000 -0.936333 -0.351113
vn 0.000000 -0.698404 -0.715704
vn 0.619859 -0.698354 0.357877
vn 0.304105 -0.936314 0.175603
vn 0.351113 -0.936333 0.000000
vn 0.715704 -0.698404 0.000000
vn 0.842680 -0.230694 0.486488
vn 0.619859 -0.698354 0.357877
vn 0.715704 -0.698404 0.000000
vn 0.973024 -0.230706 0.000000
vn -0.715704 -0.698404 0.000000
vn -0.619859 -0.698354 0.357877
vn -0.842680 -0.230694 0.486488
vn -0.973024 -0.230706 0.000000
vn -0.842680 -0.230694 -0.486488
vn -0.619859 -0.698354 -0.357877
vn 0.000000 -0.230706 -0.973024
vn 0.000000 -0.698404 -0.715704
vn -0.357877 -0.698354 -0.619859
vn -0.486488 -0.230694 -0.842680
vn 0.842680 -0.230694 -0.486488
vn 0.973024 -0.230706 0.000000
vn 0.715704 -0.698404 0.000000
vn 0.619859 -0.698354 -0.357877
vn -0.842680 -0.230694 0.486488
vn -0.619859 -0.698354 0.357877
vn -0.357877 -0.698354 0.619859
vn -0.486488 -0.230694 0.842680
vn 0.486488 -0.230694 0.842680
vn 0.000000 -0.230706 0.973024
vn 0.000000 -0.698404 0.715704
vn 0.357877 -0.698354 0.619859
vn -0.486488 -0.230694 -0.842680
vn -0.357877 -0.698354 -0.619859
vn -0.619859 -0.698354 -0.357877
vn -0.842680 -0.230694 -0.486488
vn 0.842680 -0.230694 -0.486488
vn 0.619859 -0.698354 -0.357877
vn 0.357877 -0.698354 -0.619859
vn 0.486488 -0.230694 -0.842680
vn -0.486488 -0.230694 0.842680
vn -0.357877 -0.698354 0.619859
vn 0.000000 -0.698404 0.715704
vn 0.000000 -0.230706 0.973024
vn 0.486488 -0.230694 0.842680
vn 0.357877 -0.698354 0.619859
vn 0.619859 -0.698354 0.357877
vn 0.842680 -0.230694 0.486488
vn 0.486488 -0.230694 -0.842680
vn 0.357877 -0.698354 -0.619859
vn 0.000000 -0.698404 -0.715704
vn 0.000000 -0.230706 -0.973024
vn 0.801290 0.379395 0.462594
vn 0.842680 -0.230694 0.486488
vn 0.973024 -0.230706 0.000000
vn 0.925228 0.379411 0.000000
vn -0.925228 0.379411 -0.000000
vn -0.973024 -0.230706 0.000000
vn -0.842680 -0.230694 0.486488
vn -0.801290 0.379395 0.462594
vn -0.000000 0.379376 -0.925242
vn 0.000000 -0.230706 -0.973024
vn -0.486488 -0.230694 -0.842680
vn -0.462594 0.379395 -0.801290
vn 0.925228 0.379411 0.000000
vn 0.973024 -0.230706 0.000000
vn 0.842680 -0.230694 -0.486488
vn 0.801290 0.379395 -0.462594
vn -0.801290 0.379395 0.462594
vn -0.842680 -0.230694 0.486488
vn -0.486488 -0.230694 0.842680
vn -0.462594 0.379395 0.801290
vn 0.000000 0.379376 0.925242
vn 0.000000 -0.230706 0.973024
vn 0.486488 -0.230694 0.842680
vn 0.462594 0.379395 0.801290
vn -0.462594 0.379395 -0.801290
vn -0.486488 -0.230694 -0.842680
vn -0.842680 -0.230694 -0.486488
vn -0.801290 0.379395 -0.462594
vn 0.801290 0.379395 -0.462594
vn 0.842680 -0.230694 -0.486488
vn 0.486488 -0.230694 -0.842680
vn 0.462594 0.379395 -0.801290
vn -0.462594 0.379395 0.801290
vn -0.486488 -0.230694 0.842680
vn 0.000000 -0.230706 0.973024
vn 0.000000 0.379376 0.925242
vn 0.462594 0.379395 0.801290
vn 0.486488 -0.230694 0.842680
vn 0.842680 -0.230694 0.486488
vn 0.801290 0.379395 0.462594
vn -0.801290 0.379395 -0.462594
vn -0.842680 -0.230694 -0.486488
vn -0.973024 -0.230706 0.000000
vn -0.925228 0.379411 -0.000000
vn 0.462594 0.379395 -0.801290
vn 0.486488 -0.230694 -0.842680
vn 0.000000 -0.230706 -0.973024
vn -0.000000 0.379376 -0.925242
vn -0.000000 0.875573 -0.483085
vn 0.241503 0.875612 -0.418306
vn 0.462594 0.379395 -0.801290
vn -0.000000 0.379376 -0.925242
vn 0.483085 0.875573 0.000000
vn 0.418306 0.875612 0.241503
vn 0.801290 0.379395 0.462594
vn 0.925228 0.379411 0.000000
vn -0.483085 0.875573 -0.000000
vn -0.925228 0.379411 -0.000000
vn -0.801290 0.379395 0.462594
vn -0.418388 0.875575 0.241493
vn -0.000000 0.875573 -0.483085
vn -0.000000 0.379376 -0.925242
vn -0.462594 0.379395 -0.801290
vn -0.241503 0.875612 -0.418306
vn 0.483085 0.875573 0.000000
vn 0.925228 0.379411 0.000000
vn 0.801290 0.379395 -0.462594
vn 0.418306 0.875612 -0.241503
vn -0.241503 0.875612 0.418306
vn -0.418388 0.875575 0.241493
vn -0.801290 0.379395 0.462594
vn -0.462594 0.379395 0.801290
vn 0.000000 0.875573 0.483085
vn 0.000000 0.379376 0.925242
vn 0.462594 0.379395 0.801290
vn 0.241503 0.875612 0.418306
vn -0.418306 0.875612 -0.241503
vn -0.241503 0.875612 -0.418306
vn -0.462594 0.379395 -0.801290
vn -0.801290 0.379395 -0.462594
vn 0.241503 0.875612 -0.418306
vn 0.418306 0.875612 -0.241503
vn 0.801290 0.379395 -0.462594
vn 0.462594 0.379395 -0.801290
vn -0.241503 0.875612 0.418306
vn -0.462594 0.379395 0.801290
vn 0.000000 0.379376 0.925242
vn 0.000000 0.875573 0.483085
vn 0.418306 0.875612 0.241503
vn 0.241503 0.875612 0.418306
vn 0.462594 0.379395 0.801290
vn 0.801290 0.379395 0.462594
vn -0.418306 0.875612 -0.241503
vn -0.801290 0.379395 -0.462594
vn -0.925228 0.379411 -0.000000
vn -0.483085 0.875573 -0.000000
vn -0.104799 0.994493 -0.000000
vn -0.090799 0.994490 -0.052399
vn 0.418306 0.875612 0.241503
vn 0.483085 0.875573 0.000000
vn 0.104799 0.994493 0.000000
vn -0.483085 0.875573 -0.000000
vn -0.418388 0.875575 0.241493
vn 0.090799 0.994490 -0.052399
vn 0.000000 0.994493 0.104799
vn -0.000000 0.875573 -0.483085
vn -0.241503 0.875612 -0.418306
vn 0.052399 0.994490 0.090799
vn -0.090799 0.994490 0.052399
vn -0.104799 0.994493 -0.000000
vn 0.483085 0.875573 0.000000
vn 0.418306 0.875612 -0.241503
vn 0.090799 0.994490 -0.052399
vn -0.418388 0.875575 0.241493
vn -0.241503 0.875612 0.418306
vn 0.052399 0.994490 -0.090799
vn -0.000000 0.994493 -0.104799
vn 0.000000 0.875573 0.483085
vn 0.241503 0.875612 0.418306
vn -0.052399 0.994490 -0.090799
vn 0.052399 0.994490 0.090799
vn -0.241503 0.875612 -0.418306
vn -0.418306 0.875612 -0.241503
vn 0.090799 0.994490 0.052399
vn -0.090799 0.994490 0.052399
vn 0.418306 0.875612 -0.241503
vn 0.241503 0.875612 -0.418306
vn -0.052399 0.994490 0.090799
vn -0.000000 0.994493 -0.104799
vn 0.052399 0.994490 -0.090799
vn -0.241503 0.875612 0.418306
vn 0.000000 0.875573 0.483085
vn -0.052399 0.994490 -0.090799
vn 0.241503 0.875612 0.418306
vn 0.418306 0.875612 0.241503
vn -0.090799 0.994490 -0.052399
vn 0.090799 0.994490 0.052399
vn -0.418306 0.875612 -0.241503
vn -0.483085 0.875573 -0.000000
vn 0.104799 0.994493 0.000000
vn -0.052399 0.994490 0.090799
vn 0.241503 0.875612 -0.418306
vn -0.000000 0.875573 -0.483085
vn 0.000000 0.994493 0.104799
vn -0.250902 0.957106 0.144901
vn -0.090799 0.994490 0.052399
vn -0.052399 0.994490 0.090799
vn -0.144901 0.957106 0.250902
vn 0.144901 0.957106 0.250902
vn 0.052399 0.994490 0.090799
vn 0.090799 0.994490 0.052399
vn 0.250902 0.957106 0.144901
vn -0.000000 0.957116 -0.289705
vn -0.000000 0.994493 -0.104799
vn -0.052399 0.994490 -0.090799
vn -0.144901 0.957106 -0.250902
vn 0.250902 0.957106 -0.144901
vn 0.090799 0.994490 -0.052399
vn 0.052399 0.994490 -0.090799
vn 0.144901 0.957106 -0.250902
vn -0.289705 0.957116 -0.000000
vn -0.104799 0.994493 -0.000000
vn -0.090799 0.994490 0.052399
vn -0.250902 0.957106 0.144901
vn -0.127696 -0.989071 -0.073698
vn 0.000000 -0.989063 -0.147494
vn 0.073698 -0.989071 -0.127696
vn -0.147494 -0.989063 0.000000
vn 0.073698 -0.989071 -0.127696
vn 0.127696 -0.989071 -0.073698
vn 0.000000 -0.989063 0.147494
vn 0.127696 -0.989071 0.073698
vn 0.073698 -0.989071 0.127696
vn -0.073698 -0.989071 0.127696
vn 0.147494 -0.989063 0.000000
vn 0.127696 -0.989071 0.073698
vn 0.147494 -0.989063 0.000000
vn -0.147494 -0.989063 0.000000
vn 0.127696 -0.989071 -0.073698
vn -0.000000 0.957116 -0.289705
vn -0.144901 0.957106 -0.250902
vn -0.250902 0.957106 -0.144901
vn -0.289705 0.957116 -0.000000
vn -0.250902 0.957106 0.144901
vn -0.144901 0.957106 0.250902
vn 0.000000 0.957116 0.289705
vn 0.144901 0.957106 0.250902
vn 0.250902 0.957106 0.144901
vn 0.289705 0.957116 0.000000
vn 0.250902 0.957106 -0.144901
vn 0.144901 0.957106 -0.250902
vn 0.144901 0.957106 -0.250902
vn 0.052399 0.994490 -0.090799
vn -0.000000 0.994493 -0.104799
vn -0.000000 0.957116 -0.289705
vn -0.144901 0.957106 -0.250902
vn -0.052399 0.994490 -0.090799
vn -0.090799 0.994490 -0.052399
vn -0.250902 0.957106 -0.144901
vn 0.250902 0.957106 0.144901
vn 0.090799 0.994490 0.052399
vn 0.104799 0.994493 0.000000
vn 0.289705 0.957116 0.000000
vn -0.144901 0.957106 0.250902
vn -0.052399 0.994490 0.090799
vn 0.000000 0.994493 0.104799
vn 0.000000 0.957116 0.289705
vn -0.250902 0.957106 -0.144901
vn -0.090799 0.994490 -0.052399
vn -0.104799 0.994493 -0.000000
vn -0.289705 0.957116 -0.000000
vn 0.289705 0.957116 0.000000
vn 0.104799 0.994493 0.000000
vn 0.090799 0.994490 -0.052399
vn 0.250902 0.957106 -0.144901
vn 0.000000 0.957116 0.289705
vn 0.000000 0.994493 0.104799
vn 0.052399 0.994490 0.090799
vn 0.144901 0.957106 0.250902
vn -0.127696 -0.989071 -0.073698
vn -0.073698 -0.989071 -0.127696
vn 0.000000 -0.989063 -0.147494
vn -0.147494 -0.989063 0.000000
vn -0.127696 -0.989071 -0.073698
vn 0.073698 -0.989071 -0.127696
vn 0.000000 -0.989063 0.147494
vn -0.073698 -0.989071 0.127696
vn 0.127696 -0.989071 0.073698
vn -0.073698 -0.989071 0.127696
vn -0.127696 -0.989071 0.073698
vn 0.147494 -0.989063 0.000000
vn 0.147494 -0.989063 0.000000
vn -0.127696 -0.989071 0.073698
vn -0.147494 -0.989063 0.000000
s off
g WaterCooler:Mesh
usemtl initialShadingGroup
f 5/2/1 56/3/2 58/1/3 46/23/4
f 43/8/5 68/9/6 73/7/7 25/54/8
f 94/11/9 83/12/10 17/10/11 22/167/12
f 91/14/13 89/15/14 88/104/15 85/103/16 23/83/17 70/97/18 71/13/19 19/41/20
f 14/17/21 15/18/22 54/16/23 395/556/24
f 38/20/25 47/21/26 32/19/27 28/65/28
f 46/23/29 58/1/30 63/22/31 31/57/32
f 41/25/33 44/26/34 26/24/35 34/68/36
f 95/28/37 82/29/38 20/27/39 13/161/40
f 11/30/41 4/31/42 47/21/43 38/20/44
f 8/32/45 66/33/46 68/9/47 43/8/48
f 213/34/49 3/35/50 1/36/51
f 21/38/52 20/39/53 82/37/54 90/40/55
f 19/41/56 21/38/57 90/40/58 91/14/59
f 11/30/60 38/20/61 39/42/62 12/44/63
f 12/44/64 39/42/65 37/43/66 10/100/67
f 18/46/68 17/47/69 83/45/70 92/48/71
f 2/51/72 41/25/73 42/50/74 3/35/75
f 3/35/76 42/50/77 40/52/78 1/36/79
f 26/24/80 44/26/81 45/53/82 27/55/83
f 25/54/84 27/55/85 45/53/86 43/8/87
f 32/19/88 47/21/89 48/56/90 33/58/91
f 31/57/92 33/58/93 48/56/94 46/23/95
f 34/60/96 78/61/97 79/59/98 36/140/99
f 373/64/100 372/62/101 97/63/102 101/145/103
f 39/42/104 38/20/105 28/65/106 30/67/107
f 39/42/108 30/67/109 29/66/110 37/43/111
f 42/50/112 41/25/113 34/68/114 36/70/115
f 42/50/116 36/70/117 35/69/118 40/52/119
f 45/53/120 44/26/121 7/71/122 9/72/123
f 43/8/124 45/53/125 9/72/126 8/32/127
f 48/56/128 47/21/129 4/31/130 6/73/131
f 46/23/132 48/56/133 6/73/134 5/2/135
f 2/51/136 7/71/137 44/26/138 41/25/139
f 396/74/140 50/75/141 51/76/142
f 391/77/143 21/38/144 19/41/145 392/557/146
f 19/41/147 71/13/148 75/168/149 398/78/150 392/557/151
f 20/39/152 21/38/153 391/77/154 49/558/155
f 51/79/156 18/46/157 16/49/158 393/559/159
f 17/47/160 18/46/161 51/79/162 50/560/163
f 52/81/164 24/82/165 22/80/166 53/561/167
f 23/83/168 24/82/169 52/81/170 394/562/171
f 16/49/172 61/4/173 65/172/174 109/84/175 393/559/176
f 54/16/177 15/18/178 13/85/179 55/563/180
f 107/87/181 64/88/182 60/86/183 14/17/184 395/556/185
f 61/4/186 60/86/187 64/88/188 65/172/189
f 62/89/190 59/90/191 40/52/192 35/69/193
f 58/1/194 59/90/195 62/89/196 63/22/197
f 59/90/198 57/93/199 1/36/200 40/52/201
f 56/3/202 57/93/203 59/90/204 58/1/205
f 49/94/206 391/95/207 397/96/208
f 110/98/209 74/99/210 70/97/211 23/83/212 394/562/213
f 71/13/214 70/97/215 74/99/216 75/168/217
f 69/101/218 67/102/219 10/100/220 37/43/221
f 66/33/222 67/102/223 69/101/224 68/9/225
f 72/105/226 69/101/227 37/43/228 29/66/229
f 73/7/230 68/9/231 69/101/232 72/105/233
f 57/93/234 214/109/235 213/34/236 1/36/237
f 214/109/238 57/93/239 56/3/240
f 56/3/241 5/2/242 114/110/243 214/109/244
f 114/110/245 5/2/246 6/73/247
f 114/110/248 4/31/249 215/111/250
f 215/111/251 4/31/252 11/30/253
f 63/113/254 62/114/255 81/112/256 371/151/257
f 78/61/258 102/116/259 104/115/260 79/59/261
f 30/117/262 84/118/263 85/103/264 29/149/265
f 28/119/266 94/120/267 84/118/268 30/117/269
f 77/122/270 76/123/271 32/121/272 33/138/273
f 78/125/274 34/126/275 26/124/276 82/29/277 95/28/278 102/135/279
f 28/129/280 32/127/281 76/128/282 103/136/283 83/12/284 94/11/285
f 94/120/286 22/80/287 24/82/288 84/118/289
f 84/118/290 24/82/291 23/83/292 85/103/293
f 15/18/294 95/130/295 13/85/296
f 86/131/297 15/18/298 14/17/299 60/86/300 61/4/301 16/49/302 18/46/303 92/48/304 93/5/305 87/6/306 367/92/307 366/91/308
f 92/48/309 80/133/310 98/132/311 93/5/312
f 372/62/313 81/112/314 62/114/315 35/139/316 97/63/317
f 92/48/318 83/45/319 103/134/320 80/133/321
f 77/122/322 33/138/323 31/137/324 96/142/325
f 97/63/326 79/59/327 104/115/328 101/145/329
f 35/139/330 36/140/331 79/59/332 97/63/333
f 90/40/334 82/37/335 26/141/336 27/148/337
f 100/143/338 98/132/339 96/142/340 99/144/341
f 31/137/342 63/113/343 371/151/344 99/144/345 96/142/346
f 91/14/347 90/40/348 27/148/349 25/146/350
f 80/133/351 103/134/352 76/123/353 77/122/354
f 25/146/355 73/147/356 72/150/357 29/149/358 85/103/359 88/104/360 89/15/361 91/14/362
f 102/116/363 95/130/364 86/131/365 104/115/366
f 101/145/367 104/115/368 86/131/369 366/91/370
f 96/142/371 98/132/372 80/133/373 77/122/374
f 396/74/375 400/156/376 111/155/377 106/162/378
f 55/157/379 105/158/380 54/159/381
f 13/161/382 20/27/383 49/160/384 55/564/385
f 50/75/386 396/74/387 106/162/388 53/164/389
f 52/163/390 53/164/391 106/162/392
f 397/96/393 105/158/394 55/157/395 49/94/396
f 22/167/397 17/10/398 50/166/399 53/565/400
f 399/106/401 108/153/402 105/158/403 397/96/404
f 74/169/405 110/170/406 111/155/407 400/156/408 109/171/409 65/165/410 64/154/411 107/152/412 108/153/413 399/106/414 398/107/415 75/108/416
f 213/34/417 2/51/418 3/35/419
f 113/173/420 7/71/421 2/51/422
f 112/174/423 7/71/424 113/173/425
f 112/174/426 8/32/427 9/72/428
f 112/174/429 66/33/430 8/32/431
f 212/175/432 67/102/433 66/33/434
f 115/176/435 67/102/436 212/175/437
f 115/176/438 12/44/439 10/100/440
f 115/176/441 11/30/442 12/44/443
f 114/110/444 6/73/445 4/31/446
f 213/34/447 113/173/448 2/51/449
f 112/174/450 9/72/451 7/71/452
f 112/174/453 212/175/454 66/33/455
f 115/176/456 10/100/457 67/102/458
f 115/176/459 215/111/460 11/30/461
f 221/178/462 113/179/463 213/177/464 220/188/465
f 219/181/466 214/182/467 114/180/468 218/189/469
f 217/184/470 215/185/471 115/183/472 216/191/473
f 222/186/474 112/187/475 113/179/476 221/178/477
f 220/188/478 213/177/479 214/182/480 219/181/481
f 218/189/482 114/180/483 215/185/484 217/184/485
f 216/191/486 115/183/487 212/190/488 223/197/489
f 223/192/490 212/193/491 112/187/492 222/186/493
f 230/194/494 222/186/495 221/178/496 229/200/497
f 228/195/498 220/188/499 219/181/500 227/201/501
f 226/196/502 218/189/503 217/184/504 225/202/505
f 224/198/506 216/191/507 223/197/508 231/566/509
f 231/199/510 223/192/511 222/186/512 230/194/513
f 229/200/514 221/178/515 220/188/516 228/195/517
f 227/201/518 219/181/519 218/189/520 226/196/521
f 225/202/522 217/184/523 216/191/524 224/198/525
f 228/203/526 226/204/527 225/205/528
f 230/206/529 224/207/530 231/208/531
f 224/207/532 228/203/533 225/205/534
f 243/209/535 236/210/536 237/211/537
f 235/212/538 240/213/539 234/214/540
f 239/215/541 232/216/542 233/217/543
f 238/218/544 237/211/545 232/216/546
f 236/210/547 241/219/548 235/220/549
f 240/213/550 233/217/551 234/214/552
f 241/221/553 246/222/554 240/223/555
f 239/224/556 244/225/557 238/226/558
f 243/227/559 244/225/560 249/228/561
f 241/229/562 248/230/563 247/231/564
f 240/223/565 245/232/566 239/224/567
f 243/227/568 248/230/569 242/233/570
f 246/234/571 251/235/572 245/236/573
f 248/237/574 255/238/575 254/239/576
f 246/234/577 253/240/578 252/241/579
f 245/236/580 250/242/581 244/243/582
f 249/244/583 250/242/584 255/238/585
f 248/237/586 253/245/587 247/246/588
f 258/247/589 253/248/590 259/249/591
f 259/250/592 253/251/593 260/252/594
f 250/253/595 265/254/596 255/255/597
f 298/256/598 252/257/599 258/247/600
f 260/252/601 266/258/602 261/259/603
f 262/260/604 257/261/605 256/262/606
f 261/259/607 262/260/608 256/262/609
f 254/263/610 265/254/611 260/252/612
f 263/264/613 258/247/614 257/261/615
f 253/251/616 254/263/617 260/252/618
f 258/247/619 252/257/620 253/248/621
f 265/265/622 272/266/623 266/267/624
f 264/268/625 295/269/626 265/265/627
f 262/270/628 268/271/629 263/272/630
f 266/267/631 267/273/632 262/270/633
f 263/272/634 269/274/635 298/275/636
f 298/275/637 269/274/638 297/276/639
f 296/277/640 277/278/641 295/279/642
f 267/280/643 278/281/644 273/282/645
f 269/283/646 274/284/647 275/285/648
f 272/286/649 277/287/650 278/281/651
f 268/288/652 273/282/653 274/284/654
f 277/278/655 281/289/656 278/290/657
f 273/291/658 280/292/659 274/293/660
f 276/294/661 287/295/662 294/296/663
f 278/297/664 279/298/665 273/291/666
f 274/299/667 294/296/668 275/300/669
f 281/289/670 276/294/671 280/292/672
f 286/301/673 289/302/674 292/303/675
f 287/295/676 290/304/677 284/305/678
f 295/279/679 286/301/680 296/277/681
f 275/300/682 294/296/683 297/306/684
f 276/294/685 286/301/686 285/307/687
f 297/306/688 287/295/689 284/305/690
f 289/308/691 291/309/692 292/303/693
f 290/310/694 291/309/695 288/311/696
f 285/307/697 292/303/698 291/309/699
f 282/312/700 289/313/701 283/314/702
f 285/307/703 293/315/704 287/295/705
f 282/312/706 290/316/707 288/317/708
f 264/318/709 297/276/710 270/319/711
f 265/265/712 295/269/713 271/320/714
f 284/321/715 270/322/716 297/323/717
f 283/314/718 270/322/719 282/312/720
f 275/285/721 297/324/722 269/283/723
f 277/287/724 271/325/725 295/326/726
f 298/256/727 250/327/728 251/328/729
f 257/329/730 259/330/731 256/331/732
f 256/331/733 260/332/734 261/333/735
f 303/334/736 310/335/737 304/336/738
f 301/337/739 308/338/740 302/339/741
f 300/340/742 305/341/743 306/342/744
f 304/336/745 305/341/746 299/343/747
f 302/344/748 309/345/749 303/334/750
f 300/340/751 307/346/752 301/337/753
f 313/347/754 308/348/755 307/349/756
f 311/350/757 306/351/758 305/352/759
f 310/353/760 311/350/761 305/352/762
f 314/354/763 309/355/764 308/356/765
f 312/357/766 307/349/767 306/351/768
f 309/355/769 316/358/770 310/353/771
f 318/359/772 313/360/773 312/361/774
f 315/362/775 322/363/776 316/364/777
f 313/360/778 320/365/779 314/366/780
f 317/367/781 312/361/782 311/368/783
f 316/364/784 317/367/785 311/368/786
f 320/369/787 315/362/788 314/370/789
f 325/371/790 326/372/791 320/373/792
f 326/374/793 327/375/794 320/376/795
f 317/377/796 332/378/797 331/379/798
f 319/380/799 365/381/800 325/371/801
f 328/382/802 332/378/803 327/375/804
f 324/383/805 329/384/806 323/385/807
f 323/385/808 333/386/809 328/382/810
f 321/387/811 332/378/812 322/388/813
f 325/371/814 330/389/815 324/383/816
f 320/376/817 327/375/818 321/387/819
f 325/371/820 320/373/821 319/380/822
f 339/390/823 332/391/824 333/392/825
f 362/393/826 331/394/827 332/391/828
f 335/395/829 329/396/830 330/397/831
f 334/398/832 333/392/833 329/396/834
f 336/399/835 330/397/836 365/400/837
f 365/400/838 364/401/839 336/399/840
f 363/402/841 362/403/842 344/404/843
f 340/405/844 339/406/845 334/407/846
f 342/408/847 335/409/848 336/410/849
f 345/411/850 338/412/851 339/406/852
f 341/413/853 334/407/854 335/409/855
f 348/414/856 344/404/857 345/415/858
f 347/416/859 340/417/860 341/418/861
f 354/419/862 343/420/863 361/421/864
f 346/422/865 345/423/866 340/417/867
f 361/421/868 341/424/869 342/425/870
f 347/416/871 343/420/872 348/414/873
f 353/426/874 356/427/875 350/428/876
f 357/429/877 354/419/878 351/430/879
f 353/426/880 362/403/881 363/402/882
f 342/425/883 364/431/884 361/421/885
f 343/420/886 353/426/887 363/402/888
f 364/431/889 354/419/890 361/421/891
f 356/432/892 358/433/893 355/434/894
f 358/433/895 357/435/896 355/434/897
f 352/436/898 359/437/899 353/426/900
f 356/438/901 349/439/902 350/440/903
f 360/441/904 352/436/905 354/419/906
f 349/439/907 357/442/908 351/443/909
f 331/444/910 364/401/911 365/400/912
f 332/391/913 338/445/914 362/393/915
f 351/443/916 337/446/917 349/439/918
f 350/440/919 337/446/920 362/447/921
f 342/408/922 336/410/923 364/448/924
f 344/449/925 362/450/926 338/412/927
f 365/381/928 317/451/929 331/452/930
f 323/453/931 325/454/932 324/455/933
f 327/456/934 323/453/935 328/457/936
f 87/458/937 93/460/938 374/461/939 368/464/940 369/590/941 370/462/942 366/463/943 367/459/944
f 371/466/945 81/467/946 378/465/947 375/487/948
f 369/468/949 377/469/950 388/470/951
f 376/471/952 377/469/953 369/468/954 368/472/955
f 376/471/956 368/472/957 379/473/958
f 378/465/959 81/467/960 372/474/961 387/485/962
f 385/475/963 369/468/964 390/476/965
f 93/478/966 98/479/967 381/477/968 382/496/969 368/502/970 374/501/971
f 101/482/972 386/481/973 389/483/974 373/486/975
f 384/484/976 381/477/977 98/479/978 100/489/979
f 373/486/980 389/483/981 387/485/982 372/474/983
f 99/488/984 371/466/985 375/487/986 380/490/987
f 380/490/988 384/484/989 100/489/990 99/488/991
f 383/491/992 368/472/993 382/492/994
f 379/473/995 368/472/996 383/491/997
f 390/476/998 369/468/999 388/470/1000
f 377/493/1001 376/494/1002 375/487/1003 378/465/1004
f 383/495/1005 382/496/1006 381/477/1007 384/484/1008
f 379/497/1009 383/495/1010 384/484/1011 380/490/1012
f 386/481/1013 385/499/1014 390/498/1015 389/483/1016
f 389/483/1017 390/498/1018 388/500/1019 387/485/1020
f 375/487/1021 376/494/1022 379/497/1023 380/490/1024
f 388/500/1025 377/493/1026 378/465/1027 387/485/1028
f 370/503/1029 369/504/1030 385/499/1031 386/481/1032 101/482/1033 366/480/1034
f 54/506/1035 105/507/1036 410/505/1037 404/532/1038
f 400/509/1039 396/510/1040 409/508/1041 412/529/1042
f 396/512/1043 51/513/1044 402/511/1045 409/508/1046
f 399/521/1047 397/522/1048 408/520/1049 414/534/1050
f 111/527/1051 110/528/1052 416/526/1053 413/531/1054
f 402/511/1055 405/517/1056 412/529/1057 409/508/1058
f 413/531/1059 416/526/1060 403/530/1061 407/541/1062
f 411/533/1063 415/515/1064 404/532/1065 410/505/1066
f 414/534/1067 408/520/1068 401/524/1069 406/536/1070
f 402/511/1071 51/535/1072 393/518/1073 109/519/1074 405/517/1075
f 109/537/1076 400/538/1077 412/529/1078 405/517/1079
f 394/540/1080 52/539/1081 403/530/1082 416/526/1083 110/544/1084
f 52/542/1085 106/543/1086 407/541/1087 403/530/1088
f 108/545/1089 107/546/1090 415/515/1091 411/533/1092
f 397/547/1093 391/548/1094 401/524/1095 408/520/1096
f 392/523/1097 398/549/1098 399/550/1099 414/534/1100 406/536/1101 401/524/1102 391/525/1103
f 395/514/1104 54/551/1105 404/532/1106 415/515/1107 107/516/1108
f 106/552/1109 111/553/1110 413/531/1111 407/541/1112
f 105/554/1113 108/555/1114 411/533/1115 410/505/1116
f 15/18/1117 86/131/1118 95/130/1119
f 228/203/1120 227/567/1121 226/204/1122
f 230/206/1123 229/568/1124 224/207/1125
f 224/207/1126 229/568/1127 228/203/1128
f 243/209/1129 242/569/1130 236/210/1131
f 235/212/1132 241/570/1133 240/213/1134
f 239/215/1135 238/218/1136 232/216/1137
f 238/218/1138 243/209/1139 237/211/1140
f 236/210/1141 242/569/1142 241/219/1143
f 240/213/1144 239/215/1145 233/217/1146
f 241/221/1147 247/571/1148 246/222/1149
f 239/224/1150 245/232/1151 244/225/1152
f 243/227/1153 238/226/1154 244/225/1155
f 241/229/1156 242/233/1157 248/230/1158
f 240/223/1159 246/222/1160 245/232/1161
f 243/227/1162 249/228/1163 248/230/1164
f 246/234/1165 252/241/1166 251/235/1167
f 248/237/1168 249/244/1169 255/238/1170
f 246/234/1171 247/572/1172 253/240/1173
f 245/236/1174 251/235/1175 250/242/1176
f 249/244/1177 244/243/1178 250/242/1179
f 248/237/1180 254/239/1181 253/245/1182
f 250/253/1183 264/573/1184 265/254/1185
f 298/256/1186 251/328/1187 252/257/1188
f 260/252/1189 265/254/1190 266/258/1191
f 262/260/1192 263/264/1193 257/261/1194
f 261/259/1195 266/258/1196 262/260/1197
f 254/263/1198 255/255/1199 265/254/1200
f 263/264/1201 298/256/1202 258/247/1203
f 265/265/1204 271/320/1205 272/266/1206
f 264/268/1207 270/574/1208 295/269/1209
f 262/270/1210 267/273/1211 268/271/1212
f 266/267/1213 272/266/1214 267/273/1215
f 263/272/1216 268/271/1217 269/274/1218
f 267/280/1219 272/286/1220 278/281/1221
f 269/283/1222 268/288/1223 274/284/1224
f 272/286/1225 271/325/1226 277/287/1227
f 268/288/1228 267/280/1229 273/282/1230
f 277/278/1231 296/277/1232 281/289/1233
f 273/291/1234 279/298/1235 280/292/1236
f 276/294/1237 285/307/1238 287/295/1239
f 278/297/1240 281/289/1241 279/298/1242
f 274/299/1243 280/292/1244 294/296/1245
f 280/292/1246 279/298/1247 281/289/1248
f 281/289/1249 296/277/1250 276/294/1251
f 276/294/1252 294/296/1253 280/292/1254
f 286/301/1255 283/575/1256 289/302/1257
f 287/295/1258 293/315/1259 290/304/1260
f 295/279/1261 283/575/1262 286/301/1263
f 276/294/1264 296/277/1265 286/301/1266
f 297/306/1267 294/296/1268 287/295/1269
f 289/308/1270 288/311/1271 291/309/1272
f 290/310/1273 293/315/1274 291/309/1275
f 285/307/1276 286/301/1277 292/303/1278
f 282/312/1279 288/317/1280 289/313/1281
f 285/307/1282 291/309/1283 293/315/1284
f 282/312/1285 284/321/1286 290/316/1287
f 264/318/1288 298/275/1289 297/276/1290
f 284/321/1291 282/312/1292 270/322/1293
f 283/314/1294 295/576/1295 270/322/1296
f 298/256/1297 264/577/1298 250/327/1299
f 257/329/1300 258/578/1301 259/330/1302
f 256/331/1303 259/330/1304 260/332/1305
f 303/334/1306 309/345/1307 310/335/1308
f 301/337/1309 307/346/1310 308/338/1311
f 300/340/1312 299/343/1313 305/341/1314
f 304/336/1315 310/335/1316 305/341/1317
f 302/344/1318 308/579/1319 309/345/1320
f 300/340/1321 306/342/1322 307/346/1323
f 313/347/1324 314/580/1325 308/348/1326
f 311/350/1327 312/357/1328 306/351/1329
f 310/353/1330 316/358/1331 311/350/1332
f 314/354/1333 315/581/1334 309/355/1335
f 312/357/1336 313/347/1337 307/349/1338
f 309/355/1339 315/581/1340 316/358/1341
f 318/359/1342 319/582/1343 313/360/1344
f 315/362/1345 321/583/1346 322/363/1347
f 313/360/1348 319/582/1349 320/365/1350
f 317/367/1351 318/359/1352 312/361/1353
f 316/364/1354 322/363/1355 317/367/1356
f 320/369/1357 321/583/1358 315/362/1359
f 317/377/1360 322/388/1361 332/378/1362
f 319/380/1363 318/584/1364 365/381/1365
f 328/382/1366 333/386/1367 332/378/1368
f 324/383/1369 330/389/1370 329/384/1371
f 323/385/1372 329/384/1373 333/386/1374
f 321/387/1375 327/375/1376 332/378/1377
f 325/371/1378 365/381/1379 330/389/1380
f 339/390/1381 338/445/1382 332/391/1383
f 362/393/1384 337/585/1385 331/394/1386
f 335/395/1387 334/398/1388 329/396/1389
f 334/398/1390 339/390/1391 333/392/1392
f 336/399/1393 335/395/1394 330/397/1395
f 340/405/1396 345/411/1397 339/406/1398
f 342/408/1399 341/413/1400 335/409/1401
f 345/411/1402 344/449/1403 338/412/1404
f 341/413/1405 340/405/1406 334/407/1407
f 348/414/1408 363/402/1409 344/404/1410
f 347/416/1411 346/422/1412 340/417/1413
f 354/419/1414 352/436/1415 343/420/1416
f 346/422/1417 348/414/1418 345/423/1419
f 361/421/1420 347/416/1421 341/424/1422
f 348/414/1423 346/422/1424 347/416/1425
f 347/416/1426 361/421/1427 343/420/1428
f 343/420/1429 363/402/1430 348/414/1431
f 353/426/1432 359/437/1433 356/427/1434
f 357/429/1435 360/441/1436 354/419/1437
f 353/426/1438 350/428/1439 362/403/1440
f 343/420/1441 352/436/1442 353/426/1443
f 364/431/1444 351/430/1445 354/419/1446
f 356/432/1447 359/437/1448 358/433/1449
f 358/433/1450 360/441/1451 357/435/1452
f 352/436/1453 358/433/1454 359/437/1455
f 356/438/1456 355/586/1457 349/439/1458
f 360/441/1459 358/433/1460 352/436/1461
f 349/439/1462 355/586/1463 357/442/1464
f 331/444/1465 337/587/1466 364/401/1467
f 351/443/1468 364/588/1469 337/446/1470
f 350/440/1471 349/439/1472 337/446/1473
f 365/381/1474 318/584/1475 317/451/1476
f 323/453/1477 326/589/1478 325/454/1479
f 327/456/1480 326/589/1481 323/453/1482
f 132/592/1483 120/593/1484 121/591/1485 133/604/1486
f 139/595/1487 127/596/1488 116/594/1489 128/613/1490
f 129/598/1491 117/599/1492 118/597/1493 130/606/1494
f 136/601/1495 124/602/1496 125/600/1497 137/608/1498
f 133/604/1499 121/591/1500 122/603/1501 134/610/1502
f 130/606/1503 118/597/1504 119/605/1505 131/611/1506
f 137/608/1507 125/600/1508 126/607/1509 138/612/1510
f 134/610/1511 122/603/1512 123/609/1513 135/614/1514
f 132/592/1515 131/611/1516 119/605/1517 120/593/1518
f 138/612/1519 126/607/1520 127/596/1521 139/595/1522
f 129/598/1523 128/613/1524 116/594/1525 117/599/1526
f 135/614/1527 123/609/1528 124/602/1529 136/601/1530
f 149/615/1531 137/608/1532 138/612/1533 150/618/1534
f 146/616/1535 134/610/1536 135/614/1537 147/620/1538
f 143/617/1539 131/611/1540 132/592/1541 144/621/1542
f 150/618/1543 138/612/1544 139/595/1545 151/622/1546
f 140/619/1547 128/613/1548 129/598/1549 141/623/1550
f 147/620/1551 135/614/1552 136/601/1553 148/624/1554
f 144/621/1555 132/592/1556 133/604/1557 145/625/1558
f 151/622/1559 139/595/1560 128/613/1561 140/619/1562
f 141/623/1563 129/598/1564 130/606/1565 142/626/1566
f 148/624/1567 136/601/1568 137/608/1569 149/615/1570
f 145/625/1571 133/604/1572 134/610/1573 146/616/1574
f 142/626/1575 130/606/1576 131/611/1577 143/617/1578
f 154/627/1579 142/626/1580 143/617/1581 155/632/1582
f 149/615/1583 150/618/1584 162/628/1585 161/629/1586 160/637/1587 148/624/1588
f 158/630/1589 146/616/1590 147/620/1591 159/635/1592
f 156/631/1593 155/632/1594 143/617/1595 144/621/1596
f 162/628/1597 150/618/1598 151/622/1599 163/636/1600
f 153/633/1601 152/634/1602 140/619/1603 141/623/1604
f 159/635/1605 147/620/1606 148/624/1607 160/637/1608
f 156/631/1609 144/621/1610 145/625/1611 157/638/1612
f 163/636/1613 151/622/1614 140/619/1615 152/634/1616
f 153/633/1617 141/623/1618 142/626/1619 154/627/1620
f 157/638/1621 145/625/1622 146/616/1623 158/630/1624
f 166/640/1625 154/641/1626 155/639/1627 167/649/1628
f 173/643/1629 161/644/1630 162/642/1631 174/651/1632
f 170/646/1633 158/647/1634 159/645/1635 171/656/1636
f 167/649/1637 155/639/1638 156/648/1639 168/658/1640
f 174/651/1641 162/642/1642 163/650/1643 175/659/1644
f 164/653/1645 152/654/1646 153/652/1647 165/660/1648
f 171/656/1649 159/645/1650 160/655/1651 172/662/1652
f 168/658/1653 156/648/1654 157/657/1655 169/663/1656
f 175/659/1657 163/650/1658 152/654/1659 164/653/1660
f 165/660/1661 153/652/1662 154/641/1663 166/640/1664
f 172/662/1665 160/655/1666 161/661/1667 173/712/1668
f 169/663/1669 157/657/1670 158/647/1671 170/646/1672
f 182/665/1673 181/666/1674 169/664/1675 170/674/1676
f 179/668/1677 178/669/1678 166/667/1679 167/676/1680
f 185/671/1681 173/672/1682 174/670/1683 186/678/1684
f 182/665/1685 170/674/1686 171/673/1687 183/683/1688
f 179/668/1689 167/676/1690 168/675/1691 180/684/1692
f 187/677/1693 186/678/1694 174/670/1695 175/685/1696
f 176/680/1697 164/681/1698 165/679/1699 177/686/1700
f 184/682/1701 183/683/1702 171/673/1703 172/687/1704
f 181/666/1705 180/684/1706 168/675/1707 169/664/1708
f 187/677/1709 175/685/1710 164/681/1711 176/680/1712
f 178/669/1713 177/686/1714 165/679/1715 166/667/1716
f 184/682/1717 172/687/1718 173/672/1719 185/671/1720
f 191/688/1721 190/689/1722 178/669/1723 179/668/1724
f 197/690/1725 185/671/1726 186/678/1727 198/693/1728
f 194/691/1729 182/665/1730 183/683/1731 195/695/1732
f 192/692/1733 191/688/1734 179/668/1735 180/684/1736
f 198/693/1737 186/678/1738 187/677/1739 199/696/1740
f 188/694/1741 176/680/1742 177/686/1743 189/697/1744
f 195/695/1745 183/683/1746 184/682/1747 196/698/1748
f 192/692/1749 180/684/1750 181/666/1751 193/699/1752
f 188/694/1753 199/696/1754 187/677/1755 176/680/1756
f 189/697/1757 177/686/1758 178/669/1759 190/689/1760
f 196/698/1761 184/682/1762 185/671/1763 197/690/1764
f 193/699/1765 181/666/1766 182/665/1767 194/691/1768
f 204/700/1769 192/692/1770 193/699/1771 205/705/1772
f 207/701/1773 195/695/1774 196/698/1775 208/706/1776
f 201/702/1777 188/694/1778 189/697/1779 200/708/1780
f 210/703/1781 198/693/1782 199/696/1783 211/710/1784
f 203/704/1785 191/688/1786 192/692/1787 204/700/1788
f 124/602/1789 122/603/1790 121/591/1791
f 125/600/1792 121/591/1793 120/593/1794
f 116/594/1795 118/597/1796 117/599/1797
f 127/596/1798 119/605/1799 118/597/1800
f 119/605/1801 125/600/1802 120/593/1803
f 201/702/1804 200/708/1805 202/707/1806 203/704/1807 204/700/1808 205/705/1809 206/711/1810 207/701/1811 208/706/1812 209/709/1813 210/703/1814 211/710/1815
f 211/710/1816 199/696/1817 188/694/1818 201/702/1819
f 200/708/1820 189/697/1821 190/689/1822 202/707/1823
f 208/706/1824 196/698/1825 197/690/1826 209/709/1827
f 205/705/1828 193/699/1829 194/691/1830 206/711/1831
f 202/707/1832 190/689/1833 191/688/1834 203/704/1835
f 209/709/1836 197/690/1837 198/693/1838 210/703/1839
f 206/711/1840 194/691/1841 195/695/1842 207/701/1843
f 124/602/1844 123/609/1845 122/603/1846
f 125/600/1847 124/602/1848 121/591/1849
f 116/594/1850 127/596/1851 118/597/1852
f 127/596/1853 126/607/1854 119/605/1855
f 119/605/1856 126/607/1857 125/600/1858
